1617235200000,58810.99,59180.00,58799.23,59044.53,2589.573,1617236099999,152935850.86114,30207,1450.817,85671823.35779,0
1617236100000,59046.64,59109.27,58950.01,58990.93,1287.969,1617236999999,76025144.37282,15178,540.808,31923649.02163,0
1617237000000,58990.93,59143.89,58990.93,59115.18,918.481,1617237899999,54273954.64091,12498,438.944,25938852.76880,0
1617237900000,59115.18,59320.40,59084.89,59304.39,1975.311,1617238799999,116957479.32313,19304,1152.768,68258245.91842,0
1617238800000,59304.39,59409.96,59214.87,59318.38,1602.899,1617239699999,95068268.63287,18202,794.709,47136634.94174,0
1617239700000,59318.39,59406.91,59153.18,59232.24,1450.925,1617240599999,86023415.40134,15880,614.499,36445488.65430,0
1617240600000,59232.23,59277.72,59032.33,59093.19,1530.422,1617241499999,90513486.36703,16572,688.076,40699706.76948,0
1617241500000,59093.19,59320.85,59065.76,59237.53,1095.054,1617242399999,64865090.68436,14037,524.217,31051558.07630,0
1617242400000,59237.53,59399.00,59226.31,59255.33,1329.738,1617243299999,78875669.46086,14978,671.360,39823550.77545,0
1617243300000,59258.76,59427.21,59150.00,59175.00,1363.305,1617244199999,80821682.31620,16641,703.725,41727042.91316,0
1617244200000,59175.01,59307.84,59130.00,59197.37,983.199,1617245099999,58229508.20885,12579,472.042,27957378.96920,0
1617245100000,59197.38,59262.37,59151.99,59192.38,655.932,1617245999999,38842337.66805,9796,313.744,18579622.19867,0
1617246000000,59192.38,59199.99,59065.00,59155.62,1026.558,1617246899999,60702825.55948,13676,504.283,29819817.02057,0
1617246900000,59155.61,59270.33,59055.00,59094.26,974.981,1617247799999,57678002.77520,13044,471.533,27898789.47566,0
1617247800000,59094.27,59188.20,59072.34,59160.31,557.010,1617248699999,32934387.15336,9050,275.200,16272133.63313,0
1617248700000,59161.59,59231.36,59030.93,59219.99,1185.908,1617249599999,70108726.21605,13262,576.598,34095454.03232,0
1617249600000,59220.00,59273.49,59086.59,59215.38,1228.572,1617250499999,72723095.27160,14432,631.723,37399891.63007,0
1617250500000,59215.38,59325.00,59145.26,59179.71,1364.255,1617251399999,80826208.70033,15842,657.375,38948531.41088,0
1617251400000,59179.71,59234.93,59110.00,59130.07,977.695,1617252299999,57853680.41242,11802,427.263,25282801.00297,0
1617252300000,59130.07,59130.08,58700.00,58936.50,4193.551,1617253199999,246898825.98256,40560,1853.723,109124106.87670,0
1617253200000,58936.50,59046.05,58842.00,58876.01,1746.765,1617254099999,102948456.64086,19590,896.207,52824288.81904,0
1617254100000,58876.01,58960.48,58764.67,58939.97,1476.881,1617254999999,86927831.38586,17147,710.094,41800444.49103,0
1617255000000,58934.98,59070.00,58901.38,58961.26,1276.792,1617255899999,75305866.22369,15267,644.223,37997228.99398,0
1617255900000,58961.25,59027.48,58843.13,58867.56,1042.157,1617256799999,61387201.15251,13344,495.139,29167113.72700,0
1617256800000,58864.62,59050.00,58861.87,59035.02,920.657,1617257699999,54288357.67324,12653,513.215,30262948.51903,0
1617257700000,59033.01,59134.76,58938.68,59005.00,1316.704,1617258599999,77723842.93002,15763,639.951,37779311.27904,0
1617258600000,59005.01,59112.38,58942.26,59016.08,964.903,1617259499999,56954132.14862,11896,446.301,26346577.71973,0
1617259500000,59016.08,59079.68,58725.00,58824.92,1863.746,1617260399999,109742858.99021,20883,720.916,42454056.74369,0
1617260400000,58824.92,58834.61,58552.86,58745.01,3107.065,1617261299999,182365168.51886,31808,1401.340,82259236.10308,0
1617261300000,58745.01,59000.00,58744.43,58928.01,1995.527,1617262199999,117475552.05403,21155,1012.605,59615078.85593,0
1617262200000,58928.02,58982.15,58816.37,58840.82,1231.950,1617263099999,72557214.12158,13552,519.467,30597298.35673,0
1617263100000,58840.82,59000.00,58710.00,58880.94,2158.042,1617263999999,127030989.87634,22041,1029.988,60637035.91067,0
1617264000000,58880.95,59196.14,58874.86,59128.38,2751.086,1617264899999,162416823.94092,28928,1580.297,93308182.39703,0
1617264900000,59128.37,59592.22,59075.53,59420.29,5341.309,1617265799999,317186412.25861,54501,2929.885,174006441.05151,0
1617265800000,59420.28,59457.09,59230.00,59294.96,3113.431,1617266699999,184771851.54607,29400,1220.956,72480350.34258,0
1617266700000,59294.96,59350.00,58650.00,58923.91,6989.184,1617267599999,411690553.16717,65356,3365.105,198193633.90167,0
1617267600000,58923.90,59350.00,58894.34,59222.92,3543.661,1617268499999,209472998.91739,35629,1863.527,110158052.94154,0
1617268500000,59222.93,59259.54,59018.99,59085.15,2279.766,1617269399999,134798154.96679,22024,1055.708,62425910.15852,0
1617269400000,59085.16,59087.46,58858.67,58980.99,1973.342,1617270299999,116371005.79122,21450,905.477,53399932.09441,0
1617270300000,58980.99,59040.00,58800.00,58899.91,2125.008,1617271199999,125174770.66983,22764,1061.110,62511068.86944,0
1617271200000,58899.67,59063.67,58794.04,58875.92,1974.375,1617272099999,116343869.50554,21990,934.571,55087567.17638,0
1617272100000,58875.93,58875.94,58743.00,58795.71,2350.446,1617272999999,138220378.52718,25018,973.242,57240513.63196,0
1617273000000,58794.40,58895.38,58556.06,58813.47,3878.783,1617273899999,227754799.51118,40126,1644.016,96555221.60800,0
1617273900000,58813.51,58883.10,58588.66,58706.80,2624.841,1617274799999,154057002.26034,26438,1113.362,65356013.72116,0
1617274800000,58706.81,58709.26,58150.00,58484.03,7723.996,1617275699999,451313682.54914,72942,3065.021,179116477.68089,0
1617275700000,58484.03,58484.03,58200.00,58447.64,3326.434,1617276599999,194119963.64340,35711,1635.441,95449837.63457,0
1617276600000,58447.64,58647.88,58368.39,58637.00,2263.435,1617277499999,132489258.27931,25380,1253.322,73367090.51675,0
1617277500000,58637.00,58751.96,58530.00,58640.77,2272.732,1617278399999,133290197.21885,25610,1074.588,63031566.25032,0
1617278400000,58640.68,58796.38,58420.02,58670.00,2306.109,1617279299999,135261349.94273,26784,1124.691,65982573.67931,0
1617279300000,58670.00,58765.00,58601.45,58744.24,1097.914,1617280199999,64441702.38976,14855,551.593,32378963.99633,0
1617280200000,58744.23,58748.00,58529.77,58556.10,1344.243,1617281099999,78835772.75076,18064,599.850,35182988.34075,0
1617281100000,58556.10,58809.00,58530.03,58793.82,1532.630,1617281999999,89985667.65739,18875,869.436,51050111.56537,0
1617282000000,58793.81,59180.00,58765.81,58955.00,4286.689,1617282899999,252858984.78099,47006,2304.682,135948212.98999,0
1617282900000,58955.00,59040.20,58860.00,58991.73,1820.366,1617283799999,107300881.41073,21279,893.375,52662543.86898,0
1617283800000,58991.74,59181.41,58900.00,59026.00,2212.875,1617284699999,130732845.75131,25335,1028.853,60791224.52934,0
1617284700000,59026.01,59140.86,58937.76,58989.33,1681.430,1617285599999,99264530.85070,17512,745.251,44002367.95887,0
1617285600000,58989.33,59039.64,58820.00,58928.98,1979.925,1617286499999,116676741.58174,21560,850.410,50122998.43070,0
1617286500000,58928.98,59130.00,58923.95,59043.26,1623.048,1617287399999,95817668.63559,18200,869.540,51329916.14953,0
1617287400000,59043.26,59081.11,58931.00,59031.95,1267.742,1617288299999,74802085.12500,15302,664.862,39230094.67459,0
1617288300000,59031.95,59097.25,58905.00,59051.91,1356.741,1617289199999,80041477.96212,15892,603.918,35631467.89142,0
1617289200000,59051.91,59157.86,58988.59,59048.90,2203.944,1617290099999,130219914.03047,22171,1136.057,67127665.80447,0
1617290100000,59048.90,59342.89,59025.79,59128.14,3958.873,1617290999999,234442095.27768,39192,2126.921,125959244.32012,0
1617291000000,59128.14,59230.00,59014.33,59070.00,1781.796,1617291899999,105339782.43799,20119,905.125,53517615.03723,0
1617291900000,59070.01,59130.99,59000.00,59040.89,1272.308,1617292799999,75163257.20351,13939,655.118,38706834.60821,0
1617292800000,59040.90,59221.35,58800.00,59023.20,4227.136,1617293699999,249366785.05352,40242,2118.701,125008249.81865,0
1617293700000,59023.19,59079.99,58824.64,58887.98,1986.554,1617294599999,117062287.22626,22452,958.897,56502483.51571,0
1617294600000,58887.98,58923.79,58672.91,58739.55,2470.356,1617295499999,145196211.79031,24340,962.120,56560296.39596,0
1617295500000,58739.56,58849.02,58730.01,58809.37,1098.881,1617296399999,64619120.43264,13271,585.556,34434017.18703,0
1617296400000,58809.37,58888.00,58670.04,58786.04,1625.664,1617297299999,95579014.57613,17290,768.082,45164091.57538,0
1617297300000,58786.04,58885.37,58669.00,58779.86,1284.369,1617298199999,75475108.05349,15255,599.121,35211159.33393,0
1617298200000,58779.87,58809.63,58578.25,58655.86,1689.638,1617299099999,99161356.70179,21531,669.900,39321394.31580,0
1617299100000,58656.13,58694.55,58375.00,58573.61,3638.418,1617299999999,212925383.30151,37605,1625.345,95124090.86938,0
1617300000000,58573.61,58609.35,58371.77,58378.74,2449.340,1617300899999,143298526.63482,26205,1129.279,66080273.45386,0
1617300900000,58378.04,58768.69,58002.00,58700.00,9344.667,1617301799999,545032985.39651,82374,4560.110,266095754.48684,0
1617301800000,58697.53,58868.00,58580.00,58680.84,3350.221,1617302699999,196793051.56661,33555,1700.033,99870940.76288,0
1617302700000,58679.44,58888.00,58630.00,58784.76,2773.677,1617303599999,163086772.44014,25798,1370.855,80599856.32528,0
1617303600000,58784.77,58960.79,58665.67,58931.24,2319.126,1617304499999,136419313.41032,23536,1221.724,71880437.15073,0
1617304500000,58931.25,59000.00,58737.00,58787.97,2264.692,1617305399999,133243849.89219,24857,1061.724,62481433.74269,0
1617305400000,58791.07,58983.15,58772.03,58909.74,1383.577,1617306299999,81441056.56670,16480,712.393,41933045.65894,0
1617306300000,58909.75,59037.67,58874.64,58991.90,1943.629,1617307199999,114613945.45175,19534,940.650,55473286.36618,0
1617307200000,58993.28,59041.99,58935.57,59037.04,1199.867,1617308099999,70789151.30033,14505,629.445,37138552.03383,0
1617308100000,59037.03,59141.88,58812.35,58998.99,2120.549,1617308999999,125078532.32013,23473,1006.372,59363630.55524,0
1617309000000,58999.00,59100.00,58951.35,59009.62,1372.115,1617309899999,81010541.69892,16192,629.218,37151026.68234,0
1617309900000,59009.62,59100.00,58867.81,58936.53,1088.689,1617310799999,64195206.67148,13327,513.459,30277612.65386,0
1617310800000,58936.55,59004.99,58831.14,58920.13,823.417,1617311699999,48522238.60895,12797,374.886,22092927.36439,0
1617311700000,58920.44,58925.09,58754.20,58783.89,846.402,1617312599999,49796127.38586,13489,364.210,21429806.15063,0
1617312600000,58784.14,58859.12,58610.58,58633.54,1548.048,1617313499999,90895974.08550,19114,690.343,40534534.15020,0
1617313500000,58633.54,58859.58,58630.23,58818.64,1024.134,1617314399999,60202735.96305,14149,569.063,33451532.86730,0
1617314400000,58818.66,58989.00,58673.20,58929.55,1506.311,1617315299999,88688960.61754,16752,795.968,46873494.71744,0
1617315300000,58929.56,59070.22,58881.18,58944.18,1099.552,1617316199999,64833483.80275,13515,580.354,34224807.24906,0
1617316200000,58944.18,59094.00,58944.17,59056.89,1231.936,1617317099999,72716525.78833,13789,665.272,39269745.49748,0
1617317100000,59056.89,59111.00,58955.44,59089.45,1089.497,1617317999999,64331619.35657,13648,593.644,35057288.89298,0
1617318000000,59089.45,59168.26,58967.36,58975.90,1333.726,1617318899999,78766808.26821,17233,658.841,38915131.51310,0
1617318900000,58975.91,59021.70,58921.00,58972.38,828.499,1617319799999,48852016.10554,11520,371.196,21889624.52487,0
1617319800000,58972.38,58988.26,58888.04,58973.24,660.981,1617320699999,38953972.44266,9596,331.525,19538694.21912,0
1617320700000,58973.25,58973.25,58777.00,58794.01,1057.457,1617321599999,62224667.42822,14013,524.286,30852647.80678,0
1617321600000,58797.56,58963.00,58690.00,58877.72,2556.828,1617322499999,150405883.32678,26644,1330.964,78312512.20100,0
1617322500000,58877.72,58941.31,58659.00,58744.31,1651.413,1617323399999,97048105.51535,18070,777.152,45672563.83461,0
1617323400000,58744.31,58827.99,58637.50,58677.28,1288.648,1617324299999,75696451.56363,15387,595.306,34973986.27623,0
1617324300000,58677.28,58735.94,58520.00,58710.30,2003.807,1617325199999,117499928.31557,21337,872.184,51149305.71410,0
1617325200000,58710.29,58885.40,58700.71,58882.71,1334.817,1617326099999,78479251.04620,17404,720.740,42374351.87758,0
1617326100000,58882.71,58911.98,58789.98,58892.37,910.539,1617326999999,53589709.20935,12208,467.020,27486021.25231,0
1617327000000,58891.50,59080.00,58888.00,59039.99,1879.456,1617327899999,110886138.71665,19627,1029.109,60718557.11086,0
1617327900000,59039.99,59100.00,58916.93,58976.60,1621.139,1617328799999,95660142.91249,17680,725.108,42789804.13440,0
1617328800000,58976.58,59329.65,58953.91,59303.26,2983.321,1617329699999,176529290.98188,33347,1781.206,105398023.65215,0
1617329700000,59302.20,59678.39,59188.86,59580.48,5068.130,1617330599999,301298137.92540,51710,2960.565,176021427.13662,0
1617330600000,59580.00,60397.85,59577.12,60152.23,13183.985,1617331499999,792517235.51443,121592,7219.617,433922424.75172,0
1617331500000,60150.33,60289.18,59319.22,59833.18,10221.516,1617332399999,611169922.52344,89344,4950.038,295978556.32751,0
1617332400000,59831.21,60148.00,59713.33,59840.42,5576.060,1617333299999,334498721.64611,55853,2726.880,163584138.18589,0
1617333300000,59840.41,59979.54,59720.00,59920.53,2430.850,1617334199999,145500971.88422,26050,1235.497,73963926.91161,0
1617334200000,59920.52,59978.61,59750.78,59884.56,1678.116,1617335099999,100442213.18908,18290,768.829,46028551.02527,0
1617335100000,59884.57,59980.00,59723.18,59979.99,1732.522,1617335999999,103716937.89052,18259,928.837,55609845.06581,0
1617336000000,59980.00,60120.00,59752.58,59807.31,2312.000,1617336899999,138554020.15313,28415,1106.616,66319049.80710,0
1617336900000,59807.31,59885.51,59642.60,59719.00,1738.466,1617337799999,103903019.58910,19501,717.302,42881437.82159,0
1617337800000,59718.99,59814.64,59700.00,59718.72,1009.442,1617338699999,60316352.04694,13044,515.464,30802852.93001,0
1617338700000,59718.73,59777.59,59515.00,59655.89,2089.112,1617339599999,124581160.24762,22593,880.816,52531339.86825,0
1617339600000,59655.89,59775.21,59465.75,59566.84,1848.647,1617340499999,110188062.24271,22907,881.875,52566950.32744,0
1617340500000,59566.84,59700.00,59489.01,59637.59,1452.321,1617341399999,86568748.84604,16440,741.030,44174868.46279,0
1617341400000,59637.58,59709.66,59558.00,59596.14,912.316,1617342299999,54407329.74687,14316,409.522,24422657.84396,0
1617342300000,59596.14,59736.89,59585.78,59658.79,1224.211,1617343199999,73048365.47743,14696,692.278,41308631.28765,0
1617343200000,59658.79,59754.84,59530.00,59605.01,1175.177,1617344099999,70063515.98021,15893,558.415,33296046.26314,0
1617344100000,59605.01,59666.04,59519.56,59609.99,724.169,1617344999999,43173102.31170,11968,402.318,23986494.57987,0
1617345000000,59609.99,59614.28,59407.00,59539.03,1881.122,1617345899999,111951272.42277,20937,916.206,54529074.18564,0
1617345900000,59539.02,59730.00,59533.09,59618.63,1452.377,1617346799999,86652216.76794,18134,723.006,43136610.60304,0
1617346800000,59619.44,59824.70,59615.73,59717.53,1727.822,1617347699999,103239688.82372,19803,1011.966,60471352.83673,0
1617347700000,59717.53,59825.36,59662.82,59800.01,1792.870,1617348599999,107137046.21536,16744,932.960,55755179.34286,0
1617348600000,59800.00,59826.74,59570.11,59614.39,1433.892,1617349499999,85604628.46254,17422,629.068,37561702.62302,0
1617349500000,59614.39,59679.87,59515.91,59515.91,1261.335,1617350399999,75193401.41259,14616,601.092,35839144.69837,0
1617350400000,59515.91,59754.93,59500.00,59560.59,2040.174,1617351299999,121632286.07329,22270,885.219,52784967.32330,0
1617351300000,59560.58,59707.61,59533.00,59636.85,963.967,1617352199999,57457995.58275,13208,429.736,25618256.89988,0
1617352200000,59637.26,59717.00,59555.00,59611.00,1026.774,1617353099999,61219905.81892,13028,446.907,26649391.85079,0
1617353100000,59608.56,59655.00,59533.00,59582.62,952.050,1617353999999,56731711.03495,12575,491.541,29292472.33050,0
1617354000000,59582.23,59626.04,59425.67,59463.28,1879.615,1617354899999,111872986.38113,19850,721.389,42944686.60839,0
1617354900000,59467.45,59600.00,59250.00,59544.04,3002.854,1617355799999,178497193.87794,30056,1333.619,79318565.43976,0
1617355800000,59546.54,59721.90,59510.00,59677.12,1537.392,1617356699999,91683535.89283,19054,894.619,53351941.80267,0
1617356700000,59678.90,59774.00,59652.44,59705.28,980.786,1617357599999,58574487.59371,15585,498.424,29768074.97415,0
1617357600000,59705.29,59705.29,59555.36,59584.95,1105.742,1617358499999,65930841.94193,15633,453.442,27038449.25588,0
1617358500000,59586.07,59758.00,59575.54,59720.52,1009.465,1617359399999,60259837.43293,13867,603.673,36035246.19247,0
1617359400000,59720.52,59780.00,59626.65,59720.93,1143.305,1617360299999,68261289.90255,13245,565.601,33774147.34203,0
1617360300000,59720.94,59752.96,59595.00,59703.18,1024.712,1617361199999,61146776.72037,13248,519.861,31021925.39381,0
1617361200000,59703.18,59760.00,59627.27,59671.34,817.601,1617362099999,48799854.33501,12153,404.885,24167394.51765,0
1617362100000,59670.00,59744.25,59550.00,59626.99,1087.156,1617362999999,64819441.33094,14753,499.833,29802906.23855,0
1617363000000,59627.00,59677.37,59511.00,59627.99,1099.551,1617363899999,65527960.51750,13947,574.226,34227464.56587,0
1617363900000,59628.00,59690.00,59580.00,59654.52,673.837,1617364799999,40185488.26083,9984,361.471,21557716.94631,0
1617364800000,59654.53,59715.86,59303.05,59405.44,3195.613,1617365699999,190078615.05313,34191,1385.101,82401218.73831,0
1617365700000,59405.43,59540.00,59375.22,59482.89,1681.592,1617366599999,99997751.32655,21050,900.768,53567545.53811,0
1617366600000,59482.89,59593.39,59451.85,59500.52,1011.868,1617367499999,60248026.84001,14284,446.371,26579260.69870,0
1617367500000,59504.47,59600.00,59448.06,59573.93,936.162,1617368399999,55736270.36579,11516,559.959,33340529.49083,0
1617368400000,59573.93,59599.00,59333.00,59444.08,1839.529,1617369299999,109347028.60197,21970,741.980,44102800.09154,0
1617369300000,59444.07,59471.91,59310.00,59376.16,1539.330,1617370199999,91401992.46805,19934,714.632,42436394.47267,0
1617370200000,59377.44,59380.74,59050.00,59234.84,5537.359,1617371099999,327790204.43720,56645,2130.704,126134414.45643,0
1617371100000,59237.57,59300.00,59120.00,59298.00,1571.308,1617371999999,93064730.99703,20912,748.576,44340546.42094,0
1617372000000,59297.99,59448.58,59229.24,59350.90,2574.430,1617372899999,152764720.83370,26584,1403.620,83304056.46334,0
1617372900000,59350.91,59363.33,59212.10,59227.72,1277.854,1617373799999,75768810.58209,16200,485.222,28773171.13501,0
1617373800000,59227.71,59430.00,59135.13,59380.00,2293.037,1617374699999,135886437.61236,26691,1214.793,72004701.23832,0
1617374700000,59380.00,59485.41,59260.00,59439.38,2261.784,1617375599999,134349330.09700,23496,1040.069,61797866.36503,0
1617375600000,59437.82,59700.00,59420.38,59606.56,3573.868,1617376499999,213004946.88831,37555,1941.107,115686175.25740,0
1617376500000,59606.55,59680.00,59550.00,59618.38,1627.993,1617377399999,97049746.18597,19928,728.896,43456002.88264,0
1617377400000,59618.38,59681.00,59443.56,59530.99,1587.842,1617378299999,94548979.92895,19534,590.675,35179543.17511,0
1617378300000,59530.99,59578.00,59404.33,59547.65,1606.632,1617379199999,95594908.76313,18861,649.435,38647014.61988,0
1617379200000,59548.71,59689.89,59455.05,59476.69,2149.278,1617380099999,128018634.68562,24119,1071.088,63803764.67691,0
1617380100000,59479.05,59522.19,59325.00,59423.98,1658.912,1617380999999,98563827.85463,21067,726.169,43147194.65833,0
1617381000000,59423.97,59500.00,59340.04,59445.00,1052.500,1617381899999,62543829.15606,13960,578.943,34405725.98572,0
1617381900000,59445.00,59446.93,59237.00,59349.99,1620.875,1617382799999,96169228.22633,18493,717.115,42547190.57140,0
1617382800000,59350.00,59355.28,59165.75,59173.01,1860.787,1617383699999,110256533.49214,20101,923.755,54741919.18225,0
1617383700000,59173.00,59290.00,59164.09,59205.17,1405.972,1617384599999,83256474.22126,16677,838.066,49629430.61300,0
1617384600000,59205.17,59285.72,59154.72,59222.86,1223.626,1617385499999,72460876.33815,14465,666.155,39450339.13110,0
1617385500000,59222.86,59313.90,59160.20,59243.45,1349.762,1617386399999,79942285.83678,15620,666.759,39492131.65390,0
1617386400000,59243.45,59360.00,59154.75,59345.51,1199.494,1617387299999,71061382.85638,16324,638.696,37842569.05792,0
1617387300000,59344.88,59359.63,59212.38,59235.37,585.937,1617388199999,34727724.97014,10429,244.109,14467992.10623,0
1617388200000,59235.38,59270.00,59150.00,59205.99,915.209,1617389099999,54190785.04649,11605,408.570,24193412.84262,0
1617389100000,59206.00,59214.43,59064.11,59161.14,1440.579,1617389999999,85196081.59841,17759,592.776,35060031.39636,0
1617390000000,59161.15,59161.15,58542.42,58859.82,6920.218,1617390899999,407112479.71025,70233,2821.805,165985972.34106,0
1617390900000,58859.83,58967.57,58800.00,58901.33,5496.381,1617391799999,323729146.88889,45953,2806.630,165315655.67642,0
1617391800000,58901.33,59041.20,58800.81,59008.74,4468.419,1617392699999,263229571.63162,35720,2212.628,130354721.43482,0
1617392700000,59008.74,59050.00,58865.06,58944.81,2434.377,1617393599999,143518539.60551,22437,1165.496,68719152.04951,0
1617393600000,58942.64,59015.00,58832.00,58991.47,1329.472,1617394499999,78347366.39305,16999,699.145,41207237.56634,0
1617394500000,58991.47,59020.09,58836.00,58838.82,792.949,1617395399999,46705614.41839,13844,353.136,20802593.04016,0
1617395400000,58838.83,58998.00,58728.00,58860.09,1483.310,1617396299999,87339001.41579,18345,664.918,39159069.56967,0
1617396300000,58860.10,58900.00,58655.00,58754.10,1707.383,1617397199999,100313533.14002,21899,783.790,46056429.26649,0
1617397200000,58754.09,58757.68,58490.03,58660.19,2027.828,1617398099999,118895553.49897,27138,873.906,51249361.79248,0
1617398100000,58660.20,58841.71,58533.73,58799.55,1286.677,1617398999999,75541118.61868,21248,668.798,39271248.62109,0
1617399000000,58798.68,58948.13,58739.52,58937.40,902.375,1617399899999,53095686.73166,15089,523.700,30818366.16319,0
1617399900000,58937.39,58946.83,58795.14,58809.05,1026.182,1617400799999,60394423.86655,15263,433.577,25518408.97231,0
1617400800000,58809.06,58950.00,58705.53,58948.60,941.868,1617401699999,55422857.94381,15472,486.143,28610629.68453,0
1617401700000,58942.17,58958.00,58876.27,58905.01,573.051,1617402599999,33758903.26645,9748,349.792,20606960.47736,0
1617402600000,58905.01,58922.11,58830.01,58906.20,690.481,1617403499999,40649275.52801,10859,273.100,16078221.87640,0
1617403500000,58906.19,58996.20,58866.26,58875.02,928.604,1617404399999,54717442.62005,13141,402.444,23715782.15295,0
1617404400000,58875.02,58960.00,58830.00,58831.60,668.160,1617405299999,39359509.13075,11265,281.697,16595642.35875,0
1617405300000,58831.61,59200.00,58800.25,59196.24,1973.002,1617406199999,116537925.46274,22563,1281.280,75681931.14533,0
1617406200000,59190.04,59287.00,59065.05,59086.66,1706.506,1617407099999,100989885.52186,18483,877.127,51920242.23287,0
1617407100000,59086.66,59125.50,59020.57,59031.36,954.176,1617407999999,56365748.51698,11708,383.192,22637653.30458,0
1617408000000,59028.99,59318.97,59008.38,59295.89,1825.494,1617408899999,108058629.92337,21491,1056.188,62524541.04040,0
1617408900000,59295.89,59538.28,59256.03,59302.70,2520.425,1617409799999,149702347.27582,30105,1233.371,73265839.43313,0
1617409800000,59302.71,59367.34,59208.12,59312.51,1068.944,1617410699999,63380100.70952,14550,490.814,29107397.81247,0
1617410700000,59312.50,59500.00,59270.00,59466.47,1086.053,1617411599999,64504012.58830,15004,612.764,36393576.36400,0
1617411600000,59468.71,59474.96,59330.00,59416.74,1005.529,1617412499999,59736336.03376,14024,378.063,22459058.97004,0
1617412500000,59416.73,59454.06,59312.32,59329.44,762.097,1617413399999,45259737.67624,11973,368.022,21857635.65885,0
1617413400000,59329.44,59376.78,59139.01,59226.29,1227.581,1617414299999,72748274.62341,16458,456.538,27056543.03266,0
1617414300000,59226.29,59368.93,59088.67,59360.61,1649.606,1617415199999,97699472.35552,17491,864.442,51196843.21959,0
1617415200000,59360.62,59400.00,59208.39,59299.22,1091.717,1617416099999,64761942.21452,13855,462.874,27461951.02049,0
1617416100000,59299.22,59396.81,59242.62,59326.39,852.305,1617416999999,50561451.37119,11557,397.310,23570884.04364,0
1617417000000,59326.39,59379.00,59252.83,59364.00,669.069,1617417899999,39695240.41143,9864,302.626,17956848.04427,0
1617417900000,59364.00,59508.55,59328.59,59491.39,1231.905,1617418799999,73225043.27340,14233,757.201,45012284.25487,0
1617418800000,59491.39,59528.46,59382.52,59456.84,888.762,1617419699999,52843077.41490,11855,354.937,21106701.97210,0
1617419700000,59456.83,59461.74,59330.10,59370.33,776.685,1617420599999,46133748.80159,10228,315.183,18721940.29825,0
1617420600000,59370.34,59390.37,59258.21,59284.53,1166.447,1617421499999,69171818.41868,12833,554.510,32882481.62158,0
1617421500000,59284.53,59374.10,59266.00,59322.99,945.134,1617422399999,56062244.61811,10561,507.072,30081541.65578,0
1617422400000,59322.99,59383.97,59289.00,59359.23,572.177,1617423299999,33955220.33517,8744,272.639,16179792.15794,0
1617423300000,59359.24,59450.00,59359.23,59410.31,603.630,1617424199999,35860445.42107,9529,297.441,17671085.06816,0
1617424200000,59410.32,59509.57,59376.92,59452.05,773.216,1617425099999,45970095.21301,10947,402.084,23907458.24875,0
1617425100000,59452.06,59580.00,59452.05,59502.66,1235.367,1617425999999,73522745.96586,14340,637.741,37956917.61346,0
1617426000000,59502.67,59530.89,59418.21,59529.98,929.649,1617426899999,55290142.98056,11944,415.708,24726961.17346,0
1617426900000,59529.99,59650.00,59452.49,59468.95,1755.322,1617427799999,104593191.71442,19673,865.252,51570368.59944,0
1617427800000,59469.55,59636.41,59420.66,59546.45,971.116,1617428699999,57822244.32565,12801,518.771,30889728.83830,0
1617428700000,59546.44,59597.97,59510.97,59568.57,573.949,1617429599999,34181068.00015,9166,308.805,18390901.04079,0
1617429600000,59568.57,59638.60,59447.99,59489.29,1051.863,1617430499999,62619325.68210,13772,446.143,26564104.56519,0
1617430500000,59489.29,59519.94,59418.24,59428.00,1011.276,1617431399999,60139344.82084,12308,415.501,24710374.21814,0
1617431400000,59428.01,59450.00,59270.68,59399.82,1443.689,1617432299999,85717209.52711,19063,615.413,36543267.43142,0
1617432300000,59399.83,59500.00,59380.26,59488.01,939.107,1617433199999,55834136.79619,15612,524.657,31193683.63254,0
1617433200000,59488.02,59518.40,59408.40,59417.61,765.749,1617434099999,45533637.60278,12292,362.659,21566539.03553,0
1617434100000,59417.62,59478.03,59351.58,59461.01,952.894,1617434999999,56622800.84921,12426,493.245,29313199.20762,0
1617435000000,59460.23,59500.00,59432.06,59476.11,533.216,1617435899999,31714769.88739,10323,268.921,15995665.76850,0
1617435900000,59476.12,59476.13,59357.60,59372.99,806.583,1617436799999,47912446.76300,12531,341.712,20300155.75854,0
1617436800000,59372.99,59925.00,59372.99,59797.22,4921.724,1617437699999,293858176.69468,52329,2797.182,167016468.08811,0
1617437700000,59797.23,59860.00,59544.37,59605.90,3130.267,1617438599999,186860783.52469,31759,1175.378,70181785.25424,0
1617438600000,59605.89,59639.67,58807.02,59052.08,6619.653,1617439499999,391959420.62160,66613,2678.826,158633447.98610,0
1617439500000,59052.88,59217.73,58929.83,59113.87,3309.008,1617440399999,195634276.69897,34648,1798.713,106344562.74390,0
1617440400000,59113.24,59202.97,58900.00,59200.00,2900.027,1617441299999,171251033.15840,32033,1535.902,90704931.12346,0
1617441300000,59200.00,59299.49,59151.82,59269.09,1230.757,1617442199999,72910533.48091,17179,674.537,39964767.44846,0
1617442200000,59269.08,59335.31,59226.52,59279.67,930.954,1617443099999,55187399.96247,13412,466.356,27647803.01308,0
1617443100000,59277.10,59520.00,59214.16,59507.08,2062.129,1617443999999,122480590.28577,24345,1055.117,62677084.72615,0
1617444000000,59507.08,59624.33,59482.05,59561.74,2253.338,1617444899999,134193845.05226,23523,1186.675,70676700.51930,0
1617444900000,59561.75,59800.46,59559.76,59664.03,3436.053,1617445799999,205116623.72282,36356,1676.315,100073193.24916,0
1617445800000,59664.04,59722.19,59586.53,59633.00,1626.787,1617446699999,97025394.17498,17040,711.427,42434342.20518,0
1617446700000,59633.01,59687.00,59436.10,59443.97,1840.171,1617447599999,109596192.40162,20758,804.017,47892751.89292,0
1617447600000,59445.73,59569.99,59420.22,59529.99,1303.907,1617448499999,77592726.99681,16419,655.316,38998368.44197,0
1617448500000,59529.98,59549.00,59350.00,59400.97,1419.631,1617449399999,84381513.48594,18825,535.474,31828761.63811,0
1617449400000,59400.96,59562.05,59380.00,59479.98,1416.320,1617450299999,84232950.32416,16805,845.540,50288681.01511,0
1617450300000,59479.99,59500.00,59282.57,59353.45,1493.079,1617451199999,88659846.79273,17567,586.799,34847024.99078,0
1617451200000,59350.26,59481.00,59240.00,59479.99,1650.467,1617452099999,97973335.53028,23066,918.889,54555077.67435,0
1617452100000,59480.00,59497.50,59326.41,59387.70,933.084,1617452999999,55439645.38207,14069,384.044,22819107.47403,0
1617453000000,59387.71,59421.00,59288.00,59308.58,1166.054,1617453899999,69203058.87921,14583,483.631,28708413.77909,0
1617453900000,59308.58,59399.00,59281.19,59354.81,749.575,1617454799999,44488163.59077,13078,397.319,23582055.21519,0
1617454800000,59354.81,59413.21,59251.12,59391.50,1072.584,1617455699999,63649213.98685,14996,586.143,34785138.32774,0
1617455700000,59391.50,59500.00,59376.00,59497.20,1030.376,1617456599999,61244127.61667,14002,562.401,33429584.29543,0
1617456600000,59497.21,59577.69,59437.00,59449.99,1261.166,1617457499999,75039259.23075,15450,656.992,39093837.86022,0
1617457500000,59450.00,59537.13,59440.40,59522.23,686.505,1617458399999,40838939.75089,9792,425.252,25299388.89322,0
1617458400000,59522.23,59574.83,59390.00,59418.97,864.757,1617459299999,51433333.10603,13335,356.410,21202656.98921,0
1617459300000,59418.98,59466.00,59380.00,59422.99,821.137,1617460199999,48789248.94285,9919,312.490,18569059.46023,0
1617460200000,59422.99,59479.18,59353.31,59362.86,579.598,1617461099999,34434285.82788,9729,284.308,16891850.89441,0
1617461100000,59363.08,59401.90,59193.81,59241.92,2088.519,1617461999999,123830751.10228,23490,855.499,50733470.36491,0
1617462000000,59241.92,59332.78,59091.66,59173.67,2948.557,1617462899999,174586738.63881,31402,1418.000,83969554.45995,0
1617462900000,59173.66,59273.49,59100.00,59105.38,1739.068,1617463799999,102925035.19845,18058,764.882,45274170.88644,0
1617463800000,59105.37,59259.83,59050.00,59218.18,2053.876,1617464699999,121502040.04327,21780,1079.529,63875558.41337,0
1617464700000,59218.19,59255.64,58850.10,58888.74,4271.465,1617465599999,252003906.92912,41417,1341.985,79182348.16855,0
1617465600000,58888.74,59086.10,58646.73,59015.11,8210.606,1617466499999,483406439.78473,72007,3773.688,222289045.27032,0
1617466500000,59015.11,59202.16,58977.51,59101.68,2741.084,1617467399999,161978820.38149,26903,1513.398,89439386.59977,0
1617467400000,59101.67,59182.00,59023.32,59036.80,1030.197,1617468299999,60891251.59365,13869,486.421,28752956.65915,0
1617468300000,59039.63,59122.21,58750.00,58892.05,2236.005,1617469199999,131738170.07266,23037,888.031,52337026.92523,0
1617469200000,58892.04,58895.24,58600.00,58792.64,3806.385,1617470099999,223601343.68889,37545,1827.981,107395619.44514,0
1617470100000,58792.63,58792.64,58230.00,58574.59,7281.005,1617470999999,426147587.46699,67516,3026.149,177140384.18036,0
1617471000000,58574.60,58729.83,58420.00,58546.89,2938.979,1617471899999,172192270.08592,30240,1521.163,89127224.90276,0
1617471900000,58546.89,58633.00,58258.25,58295.31,3411.313,1617472799999,199267189.88182,34944,1587.082,92719092.70514,0
1617472800000,58295.32,58444.50,57800.00,58255.02,11208.050,1617473699999,651521885.41705,106978,5179.062,301143136.01247,0
1617473700000,58255.02,58486.49,58255.02,58486.49,2140.662,1617474599999,125036142.27637,24709,1196.316,69880061.08138,0
1617474600000,58486.36,58550.00,58333.00,58416.75,2418.846,1617475499999,141370950.35228,22437,1213.744,70950408.24711,0
1617475500000,58420.00,58530.00,58341.64,58514.08,1216.689,1617476399999,71109597.59253,14832,722.969,42256660.51934,0
1617476400000,58514.08,58794.00,58430.00,58640.00,3360.844,1617477299999,197064545.17131,33218,1834.605,107558454.59246,0
1617477300000,58640.00,58645.36,58521.30,58545.00,1132.357,1617478199999,66341905.65014,14331,497.665,29157157.14897,0
1617478200000,58545.00,58545.94,58205.00,58365.65,2214.436,1617479099999,129213613.68799,24869,949.927,55431726.03040,0
1617479100000,58365.65,58660.30,58310.30,58657.00,1330.880,1617479999999,77821212.80638,17216,787.875,46073491.61688,0
1617480000000,58657.01,58657.01,58349.49,58400.01,1399.512,1617480899999,81841256.00999,17219,655.183,38311823.47523,0
1617480900000,58400.01,58497.68,58260.00,58387.30,1335.102,1617481799999,77911050.72742,17105,682.270,39814885.46608,0
1617481800000,58387.30,58528.99,58237.11,58238.88,1085.640,1617482699999,63397819.09198,14825,429.122,25063248.86094,0
1617482700000,58237.38,58296.07,57904.00,58115.00,3333.754,1617483599999,193635850.86553,39236,1516.963,88120629.50961,0
1617483600000,58114.99,58284.78,57990.81,58004.57,1871.075,1617484499999,108779409.51272,25305,887.870,51630704.65906,0
1617484500000,58004.57,58201.90,57851.62,58143.20,1937.293,1617485399999,112424216.98055,28041,935.792,54306608.38209,0
1617485400000,58143.20,58328.52,58034.96,58050.28,1475.214,1617486299999,85852370.05073,20320,778.293,45300725.09465,0
1617486300000,58048.12,58149.62,57512.00,57686.00,5432.827,1617487199999,313683439.72332,58814,2289.968,132226508.59934,0
1617487200000,57685.65,57685.65,57311.00,57635.99,5165.320,1617488099999,296978207.80035,57528,2406.170,138383570.63003,0
1617488100000,57635.99,57842.10,57470.00,57470.01,2930.072,1617488999999,168989089.21339,31739,1392.554,80330690.61734,0
1617489000000,57470.01,57550.00,57122.00,57526.17,4756.684,1617489899999,272751275.45430,52990,2102.509,120591137.13739,0
1617489900000,57526.16,57698.00,57489.28,57617.89,1539.270,1617490799999,88704848.79586,19779,849.717,48968311.12802,0
1617490800000,57617.89,57762.06,57422.00,57668.14,2067.754,1617491699999,119134114.36801,24751,1019.407,58744963.89182,0
1617491700000,57668.14,57857.74,57623.29,57711.31,1663.964,1617492599999,96073098.57773,19211,913.756,52760359.93765,0
1617492600000,57711.32,57718.27,56900.00,57250.97,6129.326,1617493499999,350523017.67529,59589,2353.504,134613841.17164,0
1617493500000,57250.97,57257.50,57032.18,57134.65,2337.877,1617494399999,133604572.04287,26870,1157.946,66178786.23149,0
1617494400000,57134.65,57139.83,56555.00,56925.25,8849.417,1617495299999,502761995.01973,85678,4172.677,237104402.06613,0
1617495300000,56929.02,57200.07,56776.22,57191.60,3237.164,1617496199999,184693529.87486,31802,1703.538,97188642.80806,0
1617496200000,57191.60,57257.30,56957.00,57250.00,1950.708,1617497099999,111391098.42958,22555,1026.686,58636680.47205,0
1617497100000,57249.99,57315.21,56729.14,56752.44,3328.310,1617497999999,189854358.28142,31709,1360.613,77633142.62553,0
1617498000000,56753.79,56914.08,56517.23,56914.07,5339.650,1617498899999,302603069.59768,53633,2718.605,154108275.09213,0
1617498900000,56914.08,57093.69,56769.48,57058.68,3198.928,1617499799999,182181462.23671,30732,1652.925,94143388.89288,0
1617499800000,57058.68,57135.00,56862.39,57007.31,1788.699,1617500699999,101996459.00017,20303,961.499,54830493.22681,0
1617500700000,57007.31,57200.00,56979.19,57003.77,2024.154,1617501599999,115576303.90580,24992,990.731,56572385.90505,0
1617501600000,57003.78,57221.08,57003.77,57193.72,1318.161,1617502499999,75323215.86678,18816,774.139,44236347.46915,0
1617502500000,57193.72,57480.00,57173.01,57386.17,3116.940,1617503399999,178817880.09096,29249,1840.734,105598005.86342,0
1617503400000,57386.17,57447.05,57304.48,57421.89,1644.691,1617504299999,94348074.78665,15772,827.238,47456950.79530,0
1617504300000,57421.56,57450.00,57300.67,57413.01,1058.687,1617505199999,60762767.04994,12985,454.272,26073995.93014,0
1617505200000,57413.02,57528.00,57325.16,57437.87,2302.353,1617506099999,132233741.25696,19457,1327.738,76271892.85883,0
1617506100000,57437.88,57437.88,57261.53,57331.91,1223.779,1617506999999,70153757.33554,14752,465.082,26661513.06883,0
1617507000000,57331.90,57464.39,57301.73,57377.52,777.232,1617507899999,44602625.99557,10424,402.956,23125897.81479,0
1617507900000,57377.53,57656.17,57352.21,57545.11,1767.677,1617508799999,101684355.43361,17241,1117.967,64311051.92324,0
1617508800000,57545.12,57735.15,57508.77,57526.52,2042.752,1617509699999,117685475.13616,21679,1078.417,62132972.08621,0
1617509700000,57526.53,57657.53,57477.00,57545.09,1215.933,1617510599999,69990059.57325,13089,563.171,32418526.53412,0
1617510600000,57545.58,57565.00,57438.48,57503.39,1065.543,1617511499999,61269681.22881,11920,549.440,31594426.89803,0
1617511500000,57503.10,57653.21,57487.10,57600.00,829.809,1617512399999,47768635.71277,10983,430.152,24762643.66121,0
1617512400000,57600.01,57699.00,57550.54,57600.25,1193.946,1617513299999,68806965.92182,14275,595.111,34297534.95657,0
1617513300000,57599.32,57649.00,57513.52,57522.56,788.533,1617514199999,45394809.35449,11031,396.991,22854416.04428,0
1617514200000,57522.57,57539.39,57350.00,57526.00,1438.531,1617515099999,82621025.30841,16773,646.272,37119033.67066,0
1617515100000,57525.99,57638.86,57468.89,57536.12,988.263,1617515999999,56877079.07327,13266,439.219,25278159.32427,0
1617516000000,57536.13,57600.00,57320.88,57364.17,1395.184,1617516899999,80134400.94403,16477,605.659,34788853.74746,0
1617516900000,57364.16,57392.70,57209.00,57390.79,1594.668,1617517799999,91383573.35044,18734,682.614,39121677.67427,0
1617517800000,57390.78,57500.00,57322.05,57343.69,1192.695,1617518699999,68491404.80628,14530,531.857,30543616.05534,0
1617518700000,57343.69,57498.00,57283.27,57496.56,975.582,1617519599999,56009244.91109,12838,517.748,29729679.46819,0
1617519600000,57497.99,57590.34,57395.00,57511.02,1032.215,1617520499999,59357731.64576,15027,560.415,32229748.08949,0
1617520500000,57511.02,57573.34,57435.23,57465.21,923.753,1617521399999,53116881.24965,12184,437.983,25186061.35813,0
1617521400000,57465.21,57524.46,57350.00,57356.60,971.828,1617522299999,55806092.41906,13794,388.397,22304525.73377,0
1617522300000,57356.61,57674.33,57307.00,57674.33,1703.681,1617523199999,98005948.06349,22230,909.797,52342714.44542,0
1617523200000,57674.33,57765.98,57479.98,57546.46,2041.994,1617524099999,117677974.28083,23291,990.815,57116791.49441,0
1617524100000,57546.46,57630.00,57530.00,57613.16,819.597,1617524999999,47192172.76339,11622,482.622,27789811.67645,0
1617525000000,57613.16,57690.42,57552.38,57585.79,756.099,1617525899999,43565824.23374,10580,419.832,24192298.80782,0
1617525900000,57585.78,57614.10,57480.00,57490.00,930.806,1617526799999,53555947.25734,12229,395.922,22781233.03007,0
1617526800000,57490.01,57670.00,57490.00,57643.62,859.719,1617527699999,49502863.76127,12345,418.574,24102857.90024,0
1617527700000,57643.00,57750.54,57522.20,57536.57,1661.558,1617528599999,95779288.80935,17304,677.664,39074113.82398,0
1617528600000,57541.83,57719.41,57541.83,57718.82,858.466,1617529499999,49472526.37968,11120,495.453,28555392.19793,0
1617529500000,57718.82,57749.00,57650.71,57735.70,1069.162,1617530399999,61705389.72648,14389,569.383,32861889.24240,0
1617530400000,57735.70,57839.59,57610.41,57615.62,1687.882,1617531299999,97449125.70485,20402,907.867,52427280.74132,0
1617531300000,57615.63,57683.19,57605.60,57683.18,764.175,1617532199999,44053866.04205,9922,378.310,21809132.17046,0
1617532200000,57681.30,57725.73,57572.01,57632.34,941.667,1617533099999,54284639.40427,12195,363.739,20968987.73238,0
1617533100000,57632.34,57800.00,57620.00,57761.47,1117.536,1617533999999,64518963.77372,14569,584.328,33734357.73374,0
1617534000000,57761.47,57821.16,57647.63,57715.63,1282.824,1617534899999,74047074.40189,14685,610.863,35262715.15140,0
1617534900000,57715.62,57790.98,57671.34,57685.63,945.128,1617535799999,54563832.91708,11941,495.011,28577426.41031,0
1617535800000,57685.62,57757.89,57411.00,57415.77,1736.486,1617536699999,99975798.45067,20138,612.522,35265203.66061,0
1617536700000,57415.56,57547.97,57220.00,57343.88,2865.133,1617537599999,164438845.70445,30031,1254.740,72022817.53691,0
1617537600000,57343.88,57780.00,57024.00,57697.40,5225.358,1617538499999,299807683.71898,55385,2668.835,153199110.87859,0
1617538500000,57696.39,57970.00,57618.47,57784.50,4090.579,1617539399999,236619394.40640,41889,2145.423,124117110.55216,0
1617539400000,57784.49,57943.54,57765.67,57914.99,1678.933,1617540299999,97143646.28327,18972,937.851,54264543.39371,0
1617540300000,57915.00,58000.00,57787.73,57810.01,1648.673,1617541199999,95436556.40216,21539,777.342,45003370.09524,0
1617541200000,57810.00,57965.00,57810.00,57923.28,1077.801,1617542099999,62406379.65796,15235,582.090,33702455.04347,0
1617542100000,57923.29,58222.00,57923.29,58108.87,3395.352,1617542999999,197285099.10442,35599,1997.094,116036605.60720,0
1617543000000,58108.86,58186.86,57990.19,58003.36,1440.537,1617543899999,83679650.35582,16880,601.314,34934124.73407,0
1617543900000,58003.35,58200.00,58003.35,58160.01,1085.126,1617544799999,63071038.35588,15057,577.819,33585544.56611,0
1617544800000,58160.01,58352.00,58160.00,58186.90,2428.703,1617545699999,141480020.88061,27904,1297.515,75593326.39068,0
1617545700000,58186.90,58224.82,58104.83,58177.48,1207.057,1617546599999,70202819.30016,15693,544.649,31678788.74084,0
1617546600000,58177.49,58228.01,58060.77,58101.54,1197.453,1617547499999,69610247.32314,15171,441.991,25694276.20243,0
1617547500000,58091.89,58180.00,58081.12,58167.78,835.128,1617548399999,48543505.82675,11865,405.203,23555194.43131,0
1617548400000,58167.78,58280.00,58100.64,58218.24,1300.687,1617549299999,75677728.48177,17331,613.907,35722756.79648,0
1617549300000,58218.24,58553.00,58215.60,58418.09,3045.799,1617550199999,177887548.46043,35989,1707.009,99697526.57446,0
1617550200000,58418.10,58495.00,57638.72,58021.28,7434.897,1617551099999,431534782.60129,67380,2619.042,152043485.39608,0
1617551100000,58018.66,58162.80,57861.50,57957.58,2813.417,1617551999999,163235844.73177,32069,1298.001,75327820.53478,0
1617552000000,57960.37,58076.86,57716.68,58045.60,3146.371,1617552899999,182284498.29652,34328,1627.222,94298291.60572,0
1617552900000,58045.60,58057.98,57869.76,57927.19,1367.940,1617553799999,79270082.29355,15311,567.357,32876394.51455,0
1617553800000,57927.18,58063.00,57914.61,57980.25,1100.293,1617554699999,63810452.43087,13436,564.559,32741607.42064,0
1617554700000,57986.10,58149.31,57986.09,58082.82,1055.299,1617555599999,61305048.83205,13891,561.547,32621385.10416,0
1617555600000,58082.82,58227.24,58082.81,58156.20,943.955,1617556499999,54905646.57347,14101,516.588,30049437.57859,0
1617556500000,58156.20,58276.00,58112.73,58256.47,950.553,1617557399999,55315212.66190,12772,484.984,28225580.15902,0
1617557400000,58256.48,58325.91,58151.42,58218.31,1042.363,1617558299999,60720730.51853,14730,446.782,26029221.88438,0
1617558300000,58216.56,58263.64,58128.02,58230.35,717.487,1617559199999,41749630.79113,9695,299.936,17454185.01070,0
1617559200000,58230.35,58306.44,58170.51,58209.98,822.578,1617560099999,47923559.80008,12722,379.970,22138532.03843,0
1617560100000,58209.98,58282.29,58171.51,58200.43,545.858,1617560999999,31782621.60960,9522,269.984,15720639.24175,0
1617561000000,58200.43,58230.22,58027.34,58047.19,935.643,1617561899999,54401636.22117,12843,342.553,19921578.36465,0
1617561900000,58047.19,58179.99,58047.00,58160.66,693.691,1617562799999,40310907.60651,10330,347.514,20195239.04346,0
1617562800000,58160.65,58249.98,58112.28,58124.75,810.495,1617563699999,47162709.90896,10780,451.968,26303060.06354,0
1617563700000,58124.75,58187.95,57889.70,57902.20,1701.946,1617564599999,98718043.83116,20274,745.476,43244764.53386,0
1617564600000,57902.21,57956.62,57814.45,57943.42,1333.148,1617565499999,77175716.57283,16079,598.559,34656374.23008,0
1617565500000,57943.43,58033.00,57924.34,58027.77,782.543,1617566399999,45367433.16141,10842,446.464,25883969.92046,0
1617566400000,58027.77,58090.02,57940.26,58037.90,843.832,1617567299999,48966316.66216,12403,386.504,22430105.45094,0
1617567300000,58037.90,58124.28,57906.16,57906.16,737.915,1617568199999,42817532.86006,11728,327.380,19000235.26988,0
1617568200000,57906.16,58061.42,57901.00,58017.95,936.546,1617569099999,54292208.77602,10780,497.774,28856247.36619,0
1617569100000,58017.95,58126.73,57970.78,58098.24,757.250,1617569999999,43961297.90286,10181,370.664,21519700.38690,0
1617570000000,58098.24,58147.11,58038.66,58140.77,542.351,1617570899999,31502219.14570,9414,289.413,16813209.20215,0
1617570900000,58140.78,58230.87,58040.44,58080.00,790.807,1617571799999,45976607.71404,12696,389.574,22652283.65393,0
1617571800000,58080.00,58146.60,58049.97,58140.00,381.550,1617572699999,22167490.18257,7636,223.456,12982504.98464,0
1617572700000,58140.20,58253.99,58116.81,58163.18,700.031,1617573599999,40728940.58433,12067,365.992,21294961.99985,0
1617573600000,58163.19,58163.19,57930.91,57939.95,989.032,1617574499999,57397020.64930,14848,445.851,25875020.43325,0
1617574500000,57939.96,58235.00,57939.95,58216.69,1215.442,1617575399999,70616955.31612,14342,650.242,37771845.44914,0
1617575400000,58216.70,58245.99,58144.50,58180.04,792.772,1617576299999,46139328.94808,11330,346.333,20157666.36593,0
1617576300000,58180.04,58219.12,58116.72,58168.17,509.734,1617577199999,29643445.07075,8801,248.513,14452496.45149,0
1617577200000,58168.18,58238.80,58142.81,58210.17,663.929,1617578099999,38642580.27586,9662,348.765,20298390.49386,0
1617578100000,58205.67,58300.00,58145.97,58217.01,643.729,1617578999999,37478981.80121,10270,351.654,20475043.46672,0
1617579000000,58217.01,58254.56,58171.33,58191.45,519.483,1617579899999,30236668.25388,8188,241.842,14076760.48831,0
1617579900000,58191.46,58345.00,58168.66,58234.61,956.358,1617580799999,55712473.83341,13061,455.834,26557618.93556,0
1617580800000,58234.61,58450.26,58050.00,58086.63,2336.510,1617581699999,136094110.26314,27095,1249.374,72783060.70843,0
1617581700000,58086.63,58277.00,58086.63,58233.68,932.962,1617582599999,54293919.77795,12534,511.156,29746057.15829,0
1617582600000,58233.68,58233.68,58000.00,58027.90,1192.632,1617583499999,69285280.47818,14111,487.749,28338552.59465,0
1617583500000,58027.91,58131.49,57962.93,57978.12,1565.942,1617584399999,90855834.58401,14519,677.862,39333565.91294,0
1617584400000,57978.11,57986.28,57700.00,57846.68,2464.528,1617585299999,142541995.97131,26115,1050.519,60759472.02211,0
1617585300000,57846.68,57900.00,57777.00,57879.71,1017.358,1617586199999,58850126.67670,12689,523.535,30285852.70246,0
1617586200000,57879.72,57963.99,57780.00,57882.87,1042.003,1617587099999,60306904.08215,12531,597.649,34592541.08270,0
1617587100000,57882.86,57888.99,57751.67,57863.97,877.073,1617587999999,50707561.38695,11840,400.751,23170785.52446,0
1617588000000,57863.96,57863.97,57500.00,57763.56,2719.787,1617588899999,156819095.01742,29239,1128.097,65049864.52515,0
1617588900000,57763.56,57792.70,57622.32,57713.02,1021.151,1617589799999,58928654.50028,13055,491.025,28336287.71807,0
1617589800000,57719.74,57881.41,57674.28,57766.26,1041.694,1617590699999,60204343.62012,13116,648.570,37484441.25123,0
1617590700000,57766.26,57777.01,57600.62,57669.91,995.575,1617591599999,57430594.32938,11339,438.457,25297721.02807,0
1617591600000,57669.90,57781.51,57560.03,57711.70,1305.791,1617592499999,75324952.49120,15657,755.815,43604863.43037,0
1617592500000,57711.69,57778.55,57650.00,57775.42,721.801,1617593399999,41669185.96879,11188,426.014,24594390.46824,0
1617593400000,57775.43,57783.74,57683.70,57726.95,761.046,1617594299999,43941786.25193,11048,443.535,25609148.24417,0
1617594300000,57726.95,57729.77,57367.41,57540.01,2811.640,1617595199999,161746756.38375,26544,1161.032,66799572.89258,0
1617595200000,57540.00,57675.00,57350.00,57520.00,1856.328,1617596099999,106832109.35680,22305,852.926,49092875.26060,0
1617596100000,57520.00,57678.72,57411.57,57669.01,1420.806,1617596999999,81765435.71301,16277,743.251,42777744.00456,0
1617597000000,57669.00,57672.92,57519.75,57651.61,779.077,1617597899999,44868027.98669,11032,410.119,23621165.49384,0
1617597900000,57651.44,57678.25,57355.55,57359.29,1484.150,1617598799999,85272817.17113,16954,697.418,40069619.49807,0
1617598800000,57361.57,57427.98,57223.00,57262.44,2145.308,1617599699999,122982374.28139,24125,954.097,54701188.27605,0
1617599700000,57262.44,57300.00,57038.00,57212.74,2866.394,1617600599999,163840903.09931,33648,1330.521,76062219.76344,0
1617600600000,57212.73,57316.57,57185.62,57299.18,1099.508,1617601499999,62951563.39445,14825,558.446,31977445.12658,0
1617601500000,57299.05,57299.05,56881.86,56949.20,3229.857,1617602399999,184286065.46225,31482,1117.352,63778829.72179,0
1617602400000,56949.21,57187.93,56852.23,57076.45,2505.186,1617603299999,142885008.30698,28048,1355.342,77307710.75077,0
1617603300000,57076.44,57191.17,56852.10,57190.00,2888.253,1617604199999,164695299.14695,28681,1583.694,90330931.58968,0
1617604200000,57190.00,57365.72,57128.52,57360.08,2525.775,1617605099999,144594361.55621,23762,1367.236,78270552.53976,0
1617605100000,57356.25,57356.31,57182.00,57194.13,1228.104,1617605999999,70330282.73233,14264,536.704,30737097.72360,0
1617606000000,57194.13,57420.74,57057.43,57328.20,2070.397,1617606899999,118549309.20454,22806,1134.217,64954321.83591,0
1617606900000,57328.19,57333.89,57200.00,57200.00,931.732,1617607799999,53340792.50008,12774,456.068,26109045.49985,0
1617607800000,57200.01,57251.36,57003.37,57187.99,2183.169,1617608699999,124712773.59283,19298,1013.857,57921274.65247,0
1617608700000,57187.99,57350.00,57158.11,57290.53,1670.802,1617609599999,95664490.95798,18291,956.122,54745520.12356,0
1617609600000,57290.53,57395.51,57140.01,57183.62,1698.421,1617610499999,97230359.98228,19350,778.328,44562507.14936,0
1617610500000,57183.62,57215.29,56808.94,57014.60,2469.383,1617611399999,140790245.19154,28455,980.485,55908714.86708,0
1617611400000,57014.59,57179.02,57013.29,57122.63,1273.927,1617612299999,72735946.85032,16192,665.028,37970520.03933,0
1617612300000,57122.63,57250.00,57095.21,57200.70,1153.201,1617613199999,65944803.82606,14224,547.026,31284168.95407,0
1617613200000,57200.70,57300.00,57014.24,57284.42,1730.167,1617614099999,98953416.24530,19917,928.937,53140268.23714,0
1617614100000,57284.41,57543.57,57226.00,57478.84,2439.016,1617614999999,140010117.19012,26946,1502.090,86232236.18734,0
1617615000000,57478.85,57487.36,57387.67,57417.73,1280.762,1617615899999,73559148.15412,14735,689.728,39614361.17647,0
1617615900000,57417.73,57600.00,57390.00,57580.11,1607.742,1617616799999,92454152.03826,17762,949.488,54606577.01215,0
1617616800000,57580.11,57589.21,57470.57,57501.72,1152.646,1617617699999,66312520.18957,13979,530.456,30518763.21488,0
1617617700000,57501.72,57507.02,57438.67,57479.01,860.934,1617618599999,49476928.05974,10598,348.878,20050652.99186,0
1617618600000,57479.00,57510.97,57372.92,57431.63,1065.562,1617619499999,61202473.23453,13145,435.277,25001205.98860,0
1617619500000,57431.64,57768.41,57429.26,57699.90,2271.836,1617620399999,130920078.31138,25351,1329.665,76625241.95449,0
1617620400000,57699.90,57769.26,57604.40,57637.53,1464.377,1617621299999,84447896.71606,17844,713.772,41164131.11675,0
1617621300000,57637.52,57777.00,57603.38,57704.01,1366.660,1617622199999,78836842.29729,15467,659.140,38021510.11590,0
1617622200000,57704.00,57767.50,57628.51,57718.16,1020.248,1617623099999,58858337.17220,13697,478.428,27602344.58502,0
1617623100000,57716.87,57800.00,57638.26,57799.92,963.572,1617623999999,55594065.95628,14848,437.408,25240359.16546,0
1617624000000,57799.92,58082.41,57795.14,58023.77,3826.021,1617624899999,221658081.36123,42605,1941.225,112469785.28631,0
1617624900000,58023.77,58113.51,57893.00,57893.01,2254.446,1617625799999,130747037.47036,24788,962.681,55837866.86814,0
1617625800000,57893.00,58023.66,57815.36,57986.05,1713.532,1617626699999,99256855.44243,22261,824.229,47747900.23866,0
1617626700000,57986.05,58186.12,57971.88,58002.51,1887.990,1617627599999,109629075.47905,26168,992.119,57612043.24419,0
1617627600000,58002.52,58113.00,57900.00,58042.62,1712.811,1617628499999,99340114.79780,20450,697.187,40442834.82589,0
1617628500000,58042.62,58094.66,57826.19,57939.19,1606.739,1617629399999,93124189.99596,20878,660.298,38273315.86762,0
1617629400000,57938.70,58080.00,57935.01,57996.66,1097.150,1617630299999,63650829.75276,16756,596.516,34607933.71361,0
1617630300000,57996.65,58185.00,57984.03,58178.48,1494.955,1617631199999,86855491.70061,19215,864.642,50237513.44065,0
1617631200000,58178.48,58389.73,58173.83,58260.00,3643.093,1617632099999,212366677.88332,40536,1870.222,109019414.10854,0
1617632100000,58260.00,58800.00,58257.17,58689.60,5273.231,1617632999999,308845762.54823,58316,3042.040,178171189.20601,0
1617633000000,58687.27,59038.42,58687.19,58909.59,6406.814,1617633899999,377216328.08938,62979,3285.410,193471578.73104,0
1617633900000,58909.58,59273.21,58800.00,59263.37,4662.591,1617634799999,275054636.20774,51253,2559.085,151025306.39113,0
1617634800000,59262.58,59385.00,58910.00,59082.30,5216.883,1617635699999,308368860.23770,53479,2236.338,132224990.44864,0
1617635700000,59082.31,59237.49,58962.88,59014.71,2936.989,1617636599999,173552203.02338,31126,1397.886,82623117.34990,0
1617636600000,59019.95,59215.20,59000.00,59021.54,2347.931,1617637499999,138782525.22926,25047,1098.106,64911508.53047,0
1617637500000,59021.55,59118.37,58959.90,59098.01,1903.021,1617638399999,112366605.42480,20842,988.672,58381738.13698,0
1617638400000,59098.00,59324.63,58978.86,59090.14,4503.437,1617639299999,266445777.77269,42836,2118.375,125347336.10400,0
1617639300000,59090.14,59200.85,58922.00,59150.28,2321.964,1617640199999,137160841.79931,25771,1074.017,63452206.64473,0
1617640200000,59150.28,59250.00,59091.85,59144.96,1530.631,1617641099999,90588205.38378,20025,713.096,42206370.66924,0
1617641100000,59143.29,59166.38,59000.05,59085.30,1616.425,1617641999999,95487963.28457,19225,763.047,45080310.68282,0
1617642000000,59085.29,59170.00,58922.00,58993.29,2392.736,1617642899999,141212318.87709,23388,997.403,58868352.25748,0
1617642900000,58993.28,59040.15,58685.18,58861.94,3275.874,1617643799999,192919363.52061,31174,1297.400,76443350.31623,0
1617643800000,58861.96,59031.12,58703.35,59018.33,2685.002,1617644699999,157996567.22705,27253,1662.787,97866766.90612,0
1617644700000,59018.32,59100.74,58925.00,59043.71,1284.324,1617645599999,75766636.01500,16386,658.783,38869058.96433,0
1617645600000,59042.90,59125.00,58907.66,58909.78,1338.220,1617646499999,79013546.03776,15982,615.595,36360461.98279,0
1617646500000,58909.21,58998.71,58813.07,58938.90,1292.991,1617647399999,76173373.17791,15632,589.801,34755361.99841,0
1617647400000,58937.50,59000.00,58867.24,58880.72,768.977,1617648299999,45335185.43458,12416,401.845,23693018.46504,0
1617648300000,58880.72,58995.00,58870.37,58963.44,743.240,1617649199999,43808988.92791,11198,417.566,24612121.90003,0
1617649200000,58963.44,59086.66,58928.39,59051.17,1040.076,1617650099999,61389349.99088,14187,602.711,35573256.08948,0
1617650100000,59051.17,59185.01,58950.31,58967.29,1853.423,1617650999999,109486347.74635,20154,1091.479,64483337.16119,0
1617651000000,58967.51,59039.06,58858.53,59029.48,1311.674,1617651899999,77329280.06213,15555,631.043,37210861.44082,0
1617651900000,59029.47,59119.77,59011.80,59082.46,751.495,1617652799999,44388009.02366,11748,396.168,23401819.69626,0
1617652800000,59082.45,59186.75,59012.00,59036.89,1332.671,1617653699999,78782738.20592,15983,773.959,45761194.73426,0
1617653700000,59036.90,59109.26,59012.00,59017.01,776.768,1617654599999,45877288.80957,11559,375.021,22150797.96022,0
1617654600000,59017.01,59150.00,58936.01,58991.10,1270.486,1617655499999,74999956.91673,16187,611.285,36088219.54831,0
1617655500000,58991.10,58993.05,58825.07,58871.85,1244.760,1617656399999,73315548.37381,17810,521.777,30732751.03047,0
1617656400000,58871.86,58985.12,58871.85,58910.69,696.110,1617657299999,41025447.03039,13758,365.208,21522948.31756,0
1617657300000,58909.85,58923.94,58750.00,58816.29,1433.671,1617658199999,84342922.07444,17865,597.601,35159310.66028,0
1617658200000,58816.28,58820.91,58569.72,58734.36,2451.016,1617659099999,143818017.04288,29569,959.475,56295667.36563,0
1617659100000,58734.37,58849.00,58700.27,58754.60,798.309,1617659999999,46921833.49315,13118,456.373,26825459.56920,0
1617660000000,58754.60,58946.74,58754.60,58882.12,1757.112,1617660899999,103440770.81507,17386,1055.184,62118259.19290,0
1617660900000,58882.12,58959.63,58773.06,58947.96,861.394,1617661799999,50709462.89770,12654,475.768,28010222.74175,0
1617661800000,58947.95,58975.39,58826.47,58928.86,789.323,1617662699999,46495041.70991,13097,327.938,19318436.61296,0
1617662700000,58928.86,59050.00,58904.04,58945.43,1215.755,1617663599999,71700609.09039,15221,730.693,43092432.61273,0
1617663600000,58945.44,58955.45,58620.00,58630.00,1875.915,1617664499999,110272909.03496,22832,699.651,41124986.63913,0
1617664500000,58630.01,58854.86,58630.00,58821.82,877.451,1617665399999,51555045.69067,13965,481.960,28317317.27554,0
1617665400000,58821.82,58900.00,58713.88,58761.44,711.422,1617666299999,41835525.27598,12239,348.961,20521819.16282,0
1617666300000,58761.45,59250.00,58750.00,59243.39,2041.004,1617667199999,120441699.10462,24834,1399.937,82624568.81391,0
1617667200000,59243.40,59626.18,59195.06,59376.32,6784.958,1617668099999,403112957.69577,69600,3770.737,224053170.52920,0
1617668100000,59378.20,59468.27,59160.09,59293.76,2565.322,1617668999999,152114795.58112,26817,1236.324,73299512.48172,0
1617669000000,59295.28,59370.68,59216.68,59300.93,1216.710,1617669899999,72148745.28403,16481,594.996,35283547.95950,0
1617669900000,59300.93,59450.00,59265.01,59436.87,1007.311,1617670799999,59805052.24587,15555,552.130,32780953.29213,0
1617670800000,59436.86,59600.00,59286.72,59286.73,1883.267,1617671699999,111896881.01010,23774,866.290,51486510.99343,0
1617671700000,59286.72,59350.86,58985.39,59124.69,3016.038,1617672599999,178335087.89852,30671,1176.923,69598444.20311,0
1617672600000,59124.69,59197.10,59029.00,59112.18,1358.393,1617673499999,80315033.48262,17311,655.541,38761702.83736,0
1617673500000,59112.17,59112.18,58800.00,58879.99,1980.571,1617674399999,116742863.96019,24258,776.558,45776996.73140,0
1617674400000,58880.00,58943.17,58710.00,58824.51,1937.621,1617675299999,113944549.52214,23548,921.086,54168049.80837,0
1617675300000,58824.51,58920.39,58791.77,58834.52,1024.222,1617676199999,60275845.57081,15556,548.810,32300415.76895,0
1617676200000,58834.52,58929.54,58810.00,58860.01,843.580,1617677099999,49680059.55671,12579,471.439,27764880.87754,0
1617677100000,58860.00,58905.86,58810.00,58823.36,842.149,1617677999999,49559076.00935,13207,356.557,20985013.62305,0
1617678000000,58821.03,58929.20,58790.58,58841.40,735.075,1617678899999,43263496.92025,12173,310.621,18285757.22986,0
1617678900000,58841.41,59018.44,58800.00,58994.85,1073.777,1617679799999,63240283.89394,14109,593.594,34965901.36789,0
1617679800000,58994.84,58994.85,58888.99,58896.32,666.547,1617680699999,39277194.06729,10441,256.840,15134928.61568,0
1617680700000,58896.32,58900.00,58669.09,58681.45,1403.913,1617681599999,82502620.41191,17155,506.896,29788555.86951,0
1617681600000,58681.44,58860.38,58668.68,58850.60,883.806,1617682499999,51960664.45006,12566,486.843,28623654.60879,0
1617682500000,58850.61,58931.93,58755.28,58844.35,723.779,1617683399999,42595942.37750,12334,340.662,20050456.10538,0
1617683400000,58844.35,58964.99,58820.00,58830.58,877.812,1617684299999,51696693.49953,13360,380.298,22395241.38026,0
1617684300000,58830.57,58899.43,58790.00,58850.00,632.775,1617685199999,37236722.68707,9526,326.133,19192484.12874,0
1617685200000,58849.99,58936.00,58834.35,58925.02,559.261,1617686099999,32934681.75929,10421,286.587,16878005.36645,0
1617686100000,58925.01,58950.98,58818.83,58946.96,665.631,1617686999999,39193419.39137,10667,313.141,18439801.69955,0
1617687000000,58947.21,59092.28,58885.00,59033.79,1142.222,1617687899999,67399951.10141,16463,632.498,37325553.75147,0
1617687900000,59033.78,59057.77,58907.05,58935.30,907.859,1617688799999,53536488.41965,12947,382.060,22531362.36265,0
1617688800000,58935.30,58935.30,58801.00,58808.42,819.404,1617689699999,48218067.56614,13752,313.400,18441375.84369,0
1617689700000,58808.43,58855.09,58666.00,58853.27,1518.274,1617690599999,89219977.56410,17811,768.442,45163834.31293,0
1617690600000,58855.07,59021.00,58836.86,58960.91,1113.972,1617691499999,65668157.34312,16056,560.264,33025955.81409,0
1617691500000,58960.92,58988.41,58856.76,58909.83,773.436,1617692399999,45571722.29098,11203,346.643,20425165.48686,0
1617692400000,58909.83,58912.00,58753.00,58881.63,1030.544,1617693299999,60620670.41483,14072,495.332,29138772.08437,0
1617693300000,58881.63,58969.00,58808.64,58896.81,821.184,1617694199999,48361580.52094,12542,369.992,21791415.27365,0
1617694200000,58896.81,58896.82,58680.00,58774.16,1295.454,1617695099999,76114256.99071,17331,593.036,34844439.53482,0
1617695100000,58774.16,58774.16,58401.40,58638.34,4914.657,1617695999999,287751186.95362,49693,1999.439,117072659.75240,0
1617696000000,58643.09,59017.09,58340.48,58764.88,6314.487,1617696899999,370449367.61315,66771,3159.287,185396086.65041,0
1617696900000,58764.32,59029.00,58700.00,58900.25,2409.386,1617697799999,141912539.30810,28100,1195.188,70404064.71129,0
1617697800000,58900.25,58929.99,58687.00,58721.43,1321.558,1617698699999,77712148.95534,16390,569.968,33521206.32636,0
1617698700000,58720.31,58726.58,58487.74,58581.87,2376.135,1617699599999,139243533.27043,23668,1006.392,58984835.19752,0
1617699600000,58581.87,58798.14,58486.85,58752.75,1760.790,1617700499999,103218512.99284,21088,914.483,53620473.58354,0
1617700500000,58752.75,58821.46,58644.76,58664.85,1016.516,1617701399999,59707194.72537,14910,478.066,28080830.17931,0
1617701400000,58666.45,58843.82,58620.00,58785.72,891.802,1617702299999,52387423.93296,13696,524.228,30798194.24891,0
1617702300000,58785.71,58841.00,58715.81,58767.72,715.682,1617703199999,42057626.04031,10426,370.189,21755287.86888,0
1617703200000,58767.71,58767.72,58605.34,58700.22,1107.186,1617704099999,64974787.62667,15516,504.729,29619499.79687,0
1617704100000,58700.21,58776.00,58550.00,58762.24,1133.235,1617704999999,66459930.25933,16373,590.021,34609538.96707,0
1617705000000,58761.36,58852.10,58629.70,58629.70,1422.893,1617705899999,83607500.46773,19076,616.200,36213282.56152,0
1617705900000,58629.70,58688.78,58455.00,58463.44,2067.990,1617706799999,121131580.92825,22429,853.364,49999261.66438,0
1617706800000,58469.99,58650.00,58433.02,58449.31,1635.329,1617707699999,95726672.95296,20523,768.696,45005118.90021,0
1617707700000,58449.30,58612.00,58399.00,58608.31,1970.331,1617708599999,115268731.32031,22160,920.801,53882334.95707,0
1617708600000,58608.30,58608.30,58457.94,58565.93,800.120,1617709499999,46844216.88423,11758,402.084,23541899.01329,0
1617709500000,58565.93,58630.00,58468.00,58624.08,1197.586,1617710399999,70139837.01312,13875,672.050,39365406.39290,0
1617710400000,58624.07,58850.00,58559.39,58715.73,2496.345,1617711299999,146606873.91167,28876,1340.715,78745574.19574,0
1617711300000,58715.74,59116.71,58691.03,58981.71,3030.807,1617712199999,178650007.92468,34228,1682.374,99166935.69565,0
1617712200000,58981.36,59022.83,58837.00,58895.84,1807.997,1617713099999,106565339.62446,20074,746.033,43977162.64621,0
1617713100000,58895.84,58956.47,58521.08,58560.01,3251.791,1617713999999,190997553.40326,32081,1613.204,94775711.05286,0
1617714000000,58560.01,58734.18,58550.99,58732.58,1345.205,1617714899999,78892784.65625,17825,705.985,41405249.50777,0
1617714900000,58732.58,58732.59,58585.76,58664.99,1177.573,1617715799999,69076393.07226,14569,522.656,30660628.17571,0
1617715800000,58664.99,58717.68,58465.68,58645.69,1771.452,1617716699999,103779579.31173,20594,797.203,46716254.89507,0
1617716700000,58642.06,58647.72,58413.00,58509.01,1899.153,1617717599999,111135625.74767,21738,911.212,53323375.63666,0
1617717600000,58509.00,58509.01,57727.09,58120.95,10316.332,1617718499999,599384932.85625,93595,4102.860,238372082.87552,0
1617718500000,58120.03,58127.99,57512.59,57789.80,7765.543,1617719399999,448628876.40429,75179,3635.755,210060085.56237,0
1617719400000,57783.81,57928.68,57500.00,57800.68,5569.530,1617720299999,321521569.26083,56272,2761.221,159418915.78585,0
1617720300000,57800.68,58047.10,57630.00,58014.64,3632.763,1617721199999,210353518.66636,36691,1845.639,106886176.96894,0
1617721200000,58013.79,58089.19,57850.00,57955.30,2582.579,1617722099999,149700691.77402,27881,1222.447,70861643.50806,0
1617722100000,57952.68,57993.55,57713.01,57891.23,1853.232,1617722999999,107157712.96769,21944,814.748,47117770.64090,0
1617723000000,57890.89,57979.57,57675.99,57950.77,1868.006,1617723899999,108081899.10412,22672,858.104,49652758.53122,0
1617723900000,57950.78,58100.00,57850.69,57876.95,2251.434,1617724799999,130577932.56666,23999,1025.900,59511181.84985,0
1617724800000,57876.55,58149.64,57800.00,58050.00,2663.128,1617725699999,154398389.64594,30976,1375.343,79746284.18643,0
1617725700000,58050.00,58110.00,58000.00,58078.08,1237.859,1617726599999,71853002.07839,16121,619.698,35971305.03954,0
1617726600000,58078.08,58248.48,58062.51,58147.00,2003.542,1617727499999,116550226.71870,20171,1112.104,64694709.81482,0
1617727500000,58147.00,58249.70,58107.72,58136.90,1553.845,1617728399999,90397848.40347,16816,802.879,46713257.79714,0
1617728400000,58136.41,58243.16,58051.00,58089.86,1061.042,1617729299999,61702927.12317,15450,470.650,27373813.96442,0
1617729300000,58089.86,58239.32,58084.40,58163.17,1078.701,1617730199999,62755229.47379,13343,447.690,26047225.19635,0
1617730200000,58163.17,58307.00,58163.17,58277.16,1277.175,1617731099999,74406219.52031,15548,707.187,41200232.06585,0
1617731100000,58277.16,58334.00,58258.79,58308.68,741.656,1617731999999,43237576.30229,10383,379.134,22104420.32714,0
1617732000000,58308.67,58328.60,58072.40,58195.48,1841.856,1617732899999,107151968.33480,19594,786.763,45775517.83666,0
1617732900000,58195.48,58291.31,58186.51,58265.17,729.567,1617733799999,42495419.88836,10400,345.264,20111874.41111,0
1617733800000,58265.58,58316.95,58081.12,58247.89,1013.622,1617734699999,59015766.62672,13479,446.548,26003945.17006,0
1617734700000,58248.67,58339.98,58195.88,58313.45,861.015,1617735599999,50180516.61781,12001,466.128,27165454.71526,0
1617735600000,58313.44,58340.00,58109.00,58254.73,983.210,1617736499999,57262826.26404,14891,457.730,26658308.42509,0
1617736500000,58254.73,58280.00,58102.85,58129.82,963.214,1617737399999,56045233.37973,9970,370.667,21570781.96566,0
1617737400000,58129.81,58240.00,58103.41,58196.13,798.935,1617738299999,46478952.70140,10569,428.016,24899999.37293,0
1617738300000,58196.12,58316.00,58140.00,58301.21,850.030,1617739199999,49513624.74114,11692,457.472,26648768.33984,0
1617739200000,58296.91,58384.93,58255.04,58338.79,1502.874,1617740099999,87673633.63852,18925,850.179,49601031.54791,0
1617740100000,58338.79,58358.47,58293.21,58329.57,605.847,1617740999999,35337446.15544,10346,248.867,14516172.23053,0
1617741000000,58329.58,58345.00,58214.62,58271.99,698.963,1617741899999,40731823.41014,9291,274.338,15988861.57917,0
1617741900000,58271.99,58307.00,58215.35,58273.79,480.872,1617742799999,28017429.13760,7645,219.938,12814593.62975,0
1617742800000,58273.78,58285.60,58188.79,58188.79,553.683,1617743699999,32237418.60091,9011,199.245,11600325.44933,0
1617743700000,58188.79,58189.97,57800.00,57953.93,2632.169,1617744599999,152566625.57230,30466,1053.185,61027255.07261,0
1617744600000,57953.92,57973.41,57637.72,57968.69,2394.493,1617745499999,138427327.54130,28486,972.752,56254910.93637,0
1617745500000,57971.54,58120.33,57891.00,57925.85,1260.659,1617746399999,73145652.50844,18740,625.947,36322555.80901,0
1617746400000,57925.85,57925.86,57700.00,57885.00,1345.622,1617747299999,77794292.58856,18696,672.090,38860913.87775,0
1617747300000,57885.00,58022.23,57803.19,57926.09,1556.983,1617748199999,90206435.22344,16282,861.894,49937738.04906,0
1617748200000,57928.00,58093.54,57876.43,58015.42,920.006,1617749099999,53389647.33516,11536,457.643,26560492.87945,0
1617749100000,58015.41,58060.10,57920.00,57947.66,658.960,1617749999999,38219086.48033,8990,307.993,17865753.03160,0
1617750000000,57947.65,58100.00,57882.69,58100.00,916.395,1617750899999,53142150.32452,10206,560.355,32499076.24025,0
1617750900000,58099.99,58200.00,58017.32,58191.85,1051.924,1617751799999,61153642.49969,11670,587.956,34184944.30929,0
1617751800000,58187.17,58232.45,58108.72,58115.24,817.516,1617752699999,47558950.24333,9001,418.189,24330613.59991,0
1617752700000,58115.24,58179.49,58042.00,58059.99,726.374,1617753599999,42206105.73938,9467,330.667,19214897.40382,0
1617753600000,58060.00,58301.41,58000.00,58270.55,1653.067,1617754499999,96116345.07785,19467,1025.640,59652162.37730,0
1617754500000,58270.54,58276.12,58133.33,58193.65,685.724,1617755399999,39908876.15127,10677,331.917,19317669.27796,0
1617755400000,58193.65,58197.69,57900.00,57922.02,1296.256,1617756299999,75184038.05916,16696,536.014,31087989.68577,0
1617756300000,57922.02,57926.25,57550.00,57723.21,3426.187,1617757199999,197805128.69796,35092,1355.804,78284358.09379,0
1617757200000,57723.52,57764.51,57500.00,57742.82,2643.060,1617758099999,152322315.24162,26565,1204.972,69460933.61877,0
1617758100000,57742.81,57748.25,57245.46,57493.61,4343.356,1617758999999,249475959.54723,43595,1614.208,92730013.79964,0
1617759000000,57493.61,57610.34,57388.75,57548.04,2307.815,1617759899999,132721626.38303,20135,1001.422,57592858.15480,0
1617759900000,57548.03,57706.53,57504.61,57594.99,1075.165,1617760799999,61915804.71564,13100,540.259,31114127.97262,0
1617760800000,57595.00,57725.00,57556.04,57682.16,1251.815,1617761699999,72166589.65908,14152,792.298,45671460.03174,0
1617761700000,57682.16,57893.73,57663.74,57789.45,1134.526,1617762599999,65559410.15907,14121,682.315,39425533.28822,0
1617762600000,57786.68,57924.86,57742.25,57918.64,1072.754,1617763499999,62061505.92806,12695,632.243,36578196.31745,0
1617763500000,57918.66,58000.00,57810.99,57864.09,1534.198,1617764399999,88825877.48463,14955,709.250,41073013.43724,0
1617764400000,57865.60,57890.38,57762.10,57800.01,828.661,1617765299999,47912838.79579,11219,346.983,20063515.02946,0
1617765300000,57800.01,58194.99,57768.07,58072.31,2092.516,1617766199999,121445009.57201,22161,1186.097,68832265.13452,0
1617766200000,58072.31,58137.81,58008.00,58072.03,973.953,1617767099999,56558387.07336,12402,458.805,26645374.54458,0
1617767100000,58072.03,58081.20,57918.43,58004.37,1008.110,1617767999999,58447172.62288,12734,438.268,25408541.10817,0
1617768000000,58004.36,58056.00,57669.04,57760.72,2785.383,1617768899999,161059893.96281,25333,1168.820,67575118.18217,0
1617768900000,57760.72,57764.69,57323.21,57420.86,3120.311,1617769799999,179385176.02624,34508,1405.231,80784766.47680,0
1617769800000,57420.85,57591.67,57387.02,57460.11,1853.576,1617770699999,106612462.20603,18582,988.061,56826369.71163,0
1617770700000,57460.10,57700.00,57426.73,57698.39,1339.082,1617771599999,77147102.14888,14446,775.536,44677353.71687,0
1617771600000,57698.52,57861.08,57686.82,57818.47,1306.376,1617772499999,75465456.11759,16025,692.371,39997087.90249,0
1617772500000,57817.66,57896.26,57706.65,57759.50,1021.301,1617773399999,59035416.80082,13776,448.426,25921951.98346,0
1617773400000,57759.50,58217.60,57603.17,58195.08,2825.816,1617774299999,163723869.67892,29665,1560.848,90477137.64661,0
1617774300000,58195.08,58360.74,58169.54,58332.31,4276.792,1617775199999,249315624.95696,36262,2128.201,124069525.00210,0
1617775200000,58332.31,58720.00,58307.20,58319.47,5483.597,1617776099999,320837946.98754,53711,2849.501,166718654.37486,0
1617776100000,58321.99,58401.72,57930.00,58126.00,4423.305,1617776999999,257116841.80221,41304,2062.137,119853281.83915,0
1617777000000,58126.01,58328.00,58014.43,58147.03,2058.326,1617777899999,119752481.76537,20875,916.817,53342132.36931,0
1617777900000,58147.03,58434.91,58020.00,58120.96,2951.089,1617778799999,171922879.02552,28003,1531.757,89268928.46473,0
1617778800000,58120.97,58151.99,57500.00,57850.78,5434.514,1617779699999,313933973.50900,58087,2404.630,138894741.95396,0
1617779700000,57850.00,58096.12,57680.48,57960.85,3080.958,1617780599999,178408282.54786,30277,1562.640,90499027.26345,0
1617780600000,57960.86,58016.00,57825.40,57952.76,1350.314,1617781499999,78216228.02224,16340,616.986,35740602.34823,0
1617781500000,57952.75,58043.00,57776.86,57887.07,1499.278,1617782399999,86847892.07439,16705,621.116,35975169.12044,0
1617782400000,57887.08,57992.99,57636.98,57694.16,2520.375,1617783299999,145696097.06755,29298,1229.413,71078804.71278,0
1617783300000,57692.79,57830.00,57560.00,57596.61,2230.523,1617784199999,128645370.07339,25004,990.589,57143431.49235,0
1617784200000,57596.61,57770.00,57515.70,57683.96,1730.459,1617785099999,99772631.11830,20705,920.824,53094274.49651,0
1617785100000,57683.96,57924.73,57658.76,57795.58,1703.211,1617785999999,98491457.02776,19324,914.828,52902044.05603,0
1617786000000,57795.58,57870.87,57050.00,57071.71,7354.368,1617786899999,422124676.98880,73618,2704.228,155290045.78081,0
1617786900000,57075.15,57926.78,57000.00,57350.93,7137.552,1617787799999,409643845.47379,73103,4020.650,230870997.31677,0
1617787800000,57350.94,57945.83,57290.00,57483.92,4827.493,1617788699999,277917220.28006,47601,2903.407,167190090.35408,0
1617788700000,57483.92,57685.15,57426.73,57540.47,2333.275,1617789599999,134363114.72938,23512,1125.259,64797378.46874,0
1617789600000,57540.48,57675.67,57355.87,57630.34,2070.188,1617790499999,119039080.97001,25214,1021.723,58751276.85652,0
1617790500000,57630.33,57683.72,57417.00,57467.83,1204.725,1617791399999,69302590.95907,17966,570.012,32793046.90442,0
1617791400000,57468.85,57507.91,57137.00,57153.00,2544.653,1617792299999,145843726.71945,30821,1007.947,57765851.36184,0
1617792300000,57144.81,57324.58,56654.00,56857.17,8396.213,1617793199999,478046706.94907,85901,3311.867,188616386.21014,0
1617793200000,56857.16,57106.00,56675.27,56974.74,4900.027,1617794099999,279015132.36887,52748,2428.635,138304734.81595,0
1617794100000,56971.40,57289.12,56055.03,56350.02,11765.588,1617794999999,665425669.80790,114720,4997.042,282944456.61549,0
1617795000000,56350.01,56361.00,55831.36,56067.12,12763.740,1617795899999,715735441.49366,126562,6148.767,344878650.26200,0
1617795900000,56067.12,56388.00,55909.19,56376.70,4925.800,1617796799999,276702729.91161,59010,2560.872,143881217.47908,0
1617796800000,56374.04,56374.04,55800.00,55940.08,5921.235,1617797699999,331910234.03080,62627,2609.148,146283266.98758,0
1617797700000,55940.08,56370.00,55669.32,56199.59,6524.126,1617798599999,366010380.24531,69143,3343.246,187648152.89704,0
1617798600000,56194.95,56528.27,56165.00,56427.29,3963.660,1617799499999,223461972.59406,41818,2176.628,122722244.98991,0
1617799500000,56429.58,56624.90,56301.70,56513.02,3368.886,1617800399999,190311827.88881,36228,1820.420,102841841.11601,0
1617800400000,56513.01,56720.49,56400.00,56636.06,2802.759,1617801299999,158614760.20702,32557,1513.355,85657482.44635,0
1617801300000,56636.06,56718.72,56476.04,56603.08,2603.078,1617802199999,147309979.07303,27384,1276.024,72220933.75570,0
1617802200000,56603.07,56866.10,56533.05,56862.61,3366.702,1617803099999,191060111.19044,35011,1777.480,100878369.61464,0
1617803100000,56862.62,56870.65,56685.48,56794.84,1907.781,1617803999999,108313594.87714,22650,882.818,50123868.28832,0
1617804000000,56794.85,56859.68,56646.50,56834.58,1784.737,1617804899999,101279176.46039,21933,885.411,50250574.94583,0
1617804900000,56834.57,56941.91,56723.36,56887.57,2213.153,1617805799999,125789022.52860,24088,1032.779,58711465.84638,0
1617805800000,56888.00,56987.85,56807.09,56830.00,2108.785,1617806699999,119966310.47777,22525,1068.353,60783432.49918,0
1617806700000,56829.99,56884.53,56648.74,56713.82,2073.509,1617807599999,117663802.64544,22658,977.163,55457463.40804,0
1617807600000,56713.83,56921.92,56700.40,56888.01,1842.966,1617808499999,104748484.04667,18917,930.147,52869535.49505,0
1617808500000,56888.01,56899.99,56693.00,56705.72,1174.924,1617809399999,66736159.44162,15266,515.178,29264158.49233,0
1617809400000,56705.73,56775.52,56339.91,56485.34,4081.013,1617810299999,230673506.82665,41162,1728.508,97710209.00172,0
1617810300000,56485.35,56590.77,56350.00,56527.38,2323.601,1617811199999,131215425.36552,24322,1207.834,68211641.41629,0
1617811200000,56524.25,56818.00,56250.51,56533.60,4837.191,1617812099999,273403056.73101,48453,2351.511,132944527.65160,0
1617812100000,56533.59,56665.57,56416.26,56521.72,2127.192,1617812999999,120260751.05253,23494,1175.277,66446420.81499,0
1617813000000,56521.72,56850.00,56406.04,56739.59,2280.034,1617813899999,129129751.95407,25492,1206.055,68307657.47296,0
1617813900000,56739.59,56901.89,56600.00,56647.92,3710.905,1617814799999,210565312.77051,39808,1848.134,104887477.97399,0
1617814800000,56647.94,56700.00,56476.12,56526.62,1605.306,1617815699999,90821629.87281,22370,744.418,42117787.07800,0
1617815700000,56526.63,56533.38,56173.65,56304.39,2785.103,1617816599999,156959812.86561,31576,1110.540,62587737.78420,0
1617816600000,56304.39,56436.26,56090.61,56149.00,2196.760,1617817499999,123628467.72955,25761,1006.648,56673121.47533,0
1617817500000,56148.99,56270.00,56062.77,56120.44,2373.452,1617818399999,133281001.30446,26716,1130.272,63473607.69315,0
1617818400000,56120.43,56525.60,56060.10,56415.99,2762.338,1617819299999,155643280.36552,30732,1402.688,79044677.43966,0
1617819300000,56415.98,56466.01,55871.69,55907.08,3129.178,1617820199999,175532599.71339,36858,1212.847,68077833.11917,0
1617820200000,55907.08,56310.00,55857.58,56220.26,2406.644,1617821099999,135035061.23942,29141,1327.634,74496429.11037,0
1617821100000,56220.27,56297.44,55925.11,55929.00,1763.312,1617821999999,98918563.67170,22610,777.628,43629123.21155,0
1617822000000,55928.99,55999.45,55602.00,55746.31,4313.030,1617822899999,240584163.91954,48661,1965.568,109666033.33590,0
1617822900000,55746.32,56102.03,55536.07,55931.84,4861.145,1617823799999,271222926.50523,49047,2546.803,142143939.26053,0
1617823800000,55931.85,56099.99,55650.00,55987.15,3022.737,1617824699999,168813047.57547,34279,1473.333,82280327.77739,0
1617824700000,55987.05,56216.42,55950.64,56216.31,2483.016,1617825599999,139276835.48701,27837,1343.419,75357380.17792,0
1617825600000,56216.32,56260.00,56031.10,56084.84,1427.334,1617826499999,80144137.91541,20786,685.556,38496027.76273,0
1617826500000,56084.85,56091.23,55795.00,55885.20,1634.536,1617827399999,91407323.99575,21328,708.562,39626400.06482,0
1617827400000,55881.15,56206.85,55877.55,56179.43,1811.907,1617828299999,101572407.17979,24271,976.060,54709947.72357,0
1617828300000,56179.43,56300.00,56055.67,56299.99,1763.170,1617829199999,99057035.95981,21580,967.184,54338633.52238,0
1617829200000,56300.00,56338.68,56126.52,56206.58,932.184,1617830099999,52416834.93073,15960,515.366,28981206.29064,0
1617830100000,56206.58,56386.31,56206.58,56355.00,904.499,1617830999999,50948193.74317,17291,452.924,25509672.21605,0
1617831000000,56355.01,56400.00,56232.72,56399.66,1249.712,1617831899999,70406660.03228,16028,628.492,35416289.74728,0
1617831900000,56399.66,56400.00,56223.55,56266.41,978.116,1617832799999,55092553.60054,13565,437.977,24674295.81336,0
1617832800000,56266.40,56355.00,56170.53,56314.99,1032.688,1617833699999,58106440.94956,14440,513.616,28900169.52455,0
1617833700000,56315.00,56436.97,56306.21,56374.28,1086.143,1617834599999,61234661.33768,12453,572.894,32299091.02546,0
1617834600000,56374.29,56611.54,56372.25,56600.40,1203.877,1617835499999,68010382.97350,17175,772.731,43656961.98415,0
1617835500000,56600.41,56623.34,56466.55,56496.28,876.313,1617836399999,49536820.88975,12338,360.594,20383602.65872,0
1617836400000,56496.29,56579.78,56447.44,56529.40,744.034,1617837299999,42049257.04368,10638,323.899,18304944.19927,0
1617837300000,56529.39,56604.08,56428.30,56455.65,1062.223,1617838199999,60025931.45490,12370,486.509,27493468.46659,0
1617838200000,56455.65,56487.99,56300.47,56306.27,1062.251,1617839099999,59927326.24331,12935,366.912,20700866.93547,0
1617839100000,56304.14,56382.53,55908.54,56018.18,2239.091,1617839999999,125663116.87252,25615,979.051,54949348.98675,0
1617840000000,56018.17,56176.03,55759.13,56176.03,3444.809,1617840899999,192736551.62118,36227,1718.437,96157266.30588,0
1617840900000,56176.03,56400.00,56017.87,56188.14,2243.181,1617841799999,126081150.73624,27095,1153.345,64829783.84592,0
1617841800000,56188.15,56410.19,56062.38,56404.39,1177.410,1617842699999,66226311.80416,16999,628.134,35333915.84161,0
1617842700000,56404.41,56585.16,56329.94,56482.80,1340.665,1617843599999,75714176.67304,19188,677.478,38261854.12163,0
1617843600000,56483.29,56516.55,56292.80,56448.95,1332.209,1617844499999,75140017.89763,16461,699.913,39474684.69423,0
1617844500000,56448.95,56710.00,56443.15,56607.98,1733.328,1617845399999,98137619.66087,21165,997.756,56487324.22054,0
1617845400000,56607.98,56653.81,56526.25,56649.20,990.235,1617846299999,56044880.22069,14687,469.247,26560077.48125,0
1617846300000,56649.21,56750.00,56553.48,56562.91,1086.493,1617847199999,61552985.96479,13636,521.275,29536107.52126,0
1617847200000,56562.91,56590.00,56360.40,56434.44,1219.491,1617848099999,68850434.98452,17220,531.774,30020852.04243,0
1617848100000,56433.25,56475.62,56310.05,56350.01,642.392,1617848999999,36223161.05817,11124,293.429,16546789.19703,0
1617849000000,56350.01,56400.00,56274.00,56342.15,773.634,1617849899999,43582278.32389,11634,389.357,21936763.95834,0
1617849900000,56342.15,56555.99,56289.19,56547.93,1269.341,1617850799999,71657842.49357,14350,756.740,42720565.70331,0
1617850800000,56547.93,56589.97,56310.54,56432.83,991.051,1617851699999,55918996.52870,14484,442.498,24965821.89867,0
1617851700000,56432.82,56671.55,56337.10,56541.25,1486.587,1617852599999,84002574.38978,16198,828.340,46821067.27040,0
1617852600000,56541.26,56688.00,56508.15,56665.67,835.985,1617853499999,47328567.47234,11887,426.881,24168184.55703,0
1617853500000,56665.67,56689.00,56567.60,56590.00,846.784,1617854399999,47948963.16858,11559,373.422,21145590.89910,0
1617854400000,56590.01,56718.93,56570.00,56625.88,940.451,1617855299999,53273792.86644,13736,511.399,28969625.18332,0
1617855300000,56625.89,56832.11,56625.89,56740.45,1297.290,1617856199999,73621026.85317,18428,692.776,39316378.78907,0
1617856200000,56740.46,57123.00,56740.45,56929.31,3492.865,1617857099999,198961627.31989,37856,1960.291,111655862.73704,0
1617857100000,56929.31,57129.49,56877.61,56961.02,1838.538,1617857999999,104757443.16727,22378,846.543,48240866.71832,0
1617858000000,56961.03,57046.54,56889.20,56929.68,1334.812,1617858899999,76036042.54156,16312,541.889,30874019.87580,0
1617858900000,56928.21,57080.00,56919.15,56976.30,1020.480,1617859799999,58159623.91959,13844,511.939,29178293.27671,0
1617859800000,56976.30,57098.15,56968.92,57006.09,1024.550,1617860699999,58435262.99616,14043,464.781,26508402.43769,0
1617860700000,57006.09,57046.70,56835.59,56908.78,1559.133,1617861599999,88755016.44578,15197,593.781,33799401.03979,0
1617861600000,56909.99,57344.28,56882.95,57294.11,2965.488,1617862499999,169571535.86111,30594,1849.193,105733117.98105,0
1617862500000,57293.33,57294.10,57058.15,57137.39,1862.265,1617863399999,106444687.64140,17546,704.455,40272316.68097,0
1617863400000,57137.39,57204.42,57070.03,57131.37,848.612,1617864299999,48491556.30756,11805,450.682,25753821.19264,0
1617864300000,57125.00,57201.52,57060.00,57165.38,921.271,1617865199999,52619380.63854,12964,436.068,24908565.51841,0
1617865200000,57164.88,57415.03,57111.44,57214.99,2052.219,1617866099999,117528616.10292,22903,1246.757,71418333.81345,0
1617866100000,57214.99,57249.25,57054.22,57120.01,1095.377,1617866999999,62587308.84173,13623,467.593,26720364.05970,0
1617867000000,57120.00,57221.19,57040.37,57216.46,966.337,1617867899999,55205050.47293,13761,478.109,27317928.39803,0
1617867900000,57216.47,57256.15,57050.00,57067.40,1267.810,1617868799999,72458623.14600,15514,516.699,29534979.51507,0
1617868800000,57065.97,57205.96,57062.44,57150.43,920.685,1617869699999,52625645.65778,13652,481.179,27501782.16228,0
1617869700000,57150.44,57306.02,57113.23,57150.31,1461.112,1617870599999,83603058.48281,17043,628.272,35954293.97632,0
1617870600000,57150.30,57192.68,56818.31,56882.38,2589.280,1617871499999,147533297.17620,28834,924.455,52682686.83392,0
1617871500000,56882.38,57039.00,56879.61,56953.21,1215.782,1617872399999,69250848.56831,17490,611.672,34838990.67883,0
1617872400000,56953.21,57096.86,56920.00,57010.00,1322.813,1617873299999,75426095.83351,15580,693.469,39545309.34805,0
1617873300000,57010.00,57039.00,56811.11,56874.99,1555.046,1617874199999,88462694.72900,20946,734.985,41807391.95724,0
1617874200000,56873.60,56948.19,56788.64,56928.46,1194.662,1617875099999,67962585.40256,18337,591.845,33672415.30259,0
1617875100000,56925.77,56940.00,56665.58,56745.26,1957.708,1617875999999,111162657.12504,23809,768.111,43626153.16723,0
1617876000000,56745.26,56827.17,56582.89,56606.49,2548.164,1617876899999,144421747.17821,27064,1018.865,57746048.66692,0
1617876900000,56603.09,56759.93,56500.00,56662.59,2540.938,1617877799999,143913354.56270,27203,1298.279,73546570.70138,0
1617877800000,56663.21,56819.11,56600.00,56819.11,1348.882,1617878699999,76536551.17783,16656,834.389,47350400.56536,0
1617878700000,56819.11,56923.13,56776.00,56796.01,1554.124,1617879599999,88350725.39640,18473,813.204,46233268.56408,0
1617879600000,56798.28,56819.80,56676.43,56770.03,1235.223,1617880499999,70083787.26218,15767,507.324,28787144.00504,0
1617880500000,56770.03,56838.21,56600.00,56623.51,1537.912,1617881399999,87194161.21149,16834,737.081,41793872.01983,0
1617881400000,56623.50,56681.98,56411.11,56611.04,2632.049,1617882299999,148830495.28573,28192,1252.637,70831493.30318,0
1617882300000,56611.04,56681.98,56401.39,56490.15,1772.397,1617883199999,100176260.05618,19728,771.272,43593094.90599,0
1617883200000,56490.16,56641.30,56401.00,56600.00,1603.291,1617884099999,90657580.60296,20075,828.302,46845812.22428,0
1617884100000,56600.00,56991.03,56594.69,56955.39,2705.189,1617884999999,153587100.00119,28906,1604.057,91071837.98424,0
1617885000000,56952.00,57305.85,56950.97,57177.20,4907.735,1617885899999,280471652.71068,48823,2668.306,152503943.26159,0
1617885900000,57177.19,57632.90,57170.79,57530.08,7371.510,1617886799999,423651515.20684,67977,3894.589,223815828.93690,0
1617886800000,57530.07,57582.00,57371.36,57446.30,2483.016,1617887699999,142616808.22738,26627,1097.647,63047198.44797,0
1617887700000,57446.30,57500.00,57335.11,57480.89,2116.178,1617888599999,121501779.37380,21545,1045.940,60064656.75686,0
1617888600000,57480.88,57796.53,57423.81,57456.96,4374.262,1617889499999,251984948.54217,49294,2183.367,125821163.84780,0
1617889500000,57456.95,57577.81,57297.96,57476.26,2870.494,1617890399999,164807740.67335,28700,1431.377,82203078.26886,0
1617890400000,57476.26,57600.00,57394.14,57539.56,2026.910,1617891299999,116595829.21088,22807,1057.106,60819852.43603,0
1617891300000,57539.57,57966.66,57539.56,57839.22,4748.827,1617892199999,274411726.17371,49462,2600.492,150257383.34299,0
1617892200000,57839.23,57950.23,57719.85,57744.01,2282.257,1617893099999,131921038.91217,25010,1032.100,59664668.26058,0
1617893100000,57744.01,57833.02,57638.00,57728.76,1770.175,1617893999999,102196813.98166,19626,747.105,43138134.19238,0
1617894000000,57728.76,57825.72,57670.00,57783.47,1494.235,1617894899999,86279739.55084,18663,796.956,46021321.68828,0
1617894900000,57783.48,57950.00,57687.05,57710.01,2424.452,1617895799999,140183548.01461,25170,1136.674,65730334.70350,0
1617895800000,57710.01,57769.39,57573.00,57639.95,1955.284,1617896699999,112745932.21221,20964,713.008,41119547.49023,0
1617896700000,57638.13,57807.51,57636.20,57795.24,1374.661,1617897599999,79375281.53806,16392,751.332,43380480.52440,0
1617897600000,57795.23,58050.00,57777.27,57851.04,3870.759,1617898499999,224191630.92509,42733,2049.500,118719534.95121,0
1617898500000,57851.04,57909.13,57705.00,57747.82,1295.028,1617899399999,74811100.81553,17162,601.783,34765096.63123,0
1617899400000,57747.83,57945.00,57727.00,57836.89,1662.585,1617900299999,96149923.60103,20207,860.614,49773432.40554,0
1617900300000,57836.90,57868.82,57670.64,57763.84,1566.042,1617901199999,90413267.62934,18586,666.451,38476736.70194,0
1617901200000,57763.83,57845.37,57701.00,57753.24,940.843,1617902099999,54372708.11205,13123,458.748,26512558.19164,0
1617902100000,57753.23,57825.85,57655.00,57728.04,916.683,1617902999999,52937560.54919,12134,393.436,22722091.62680,0
1617903000000,57728.03,57750.00,57570.31,57669.86,1608.092,1617903899999,92717003.85300,16717,721.881,41625197.95837,0
1617903900000,57669.85,57790.00,57659.89,57780.43,793.835,1617904799999,45827684.45527,11029,385.995,22285174.10641,0
1617904800000,57780.43,57828.80,57714.30,57815.43,981.904,1617905699999,56733397.50223,12181,492.299,28447592.60498,0
1617905700000,57815.42,58018.00,57801.57,57975.64,2598.601,1617906599999,150527773.62062,22742,1517.993,87938024.11176,0
1617906600000,57975.64,58200.00,57945.03,58052.11,3325.693,1617907499999,193191928.62848,34827,1679.565,97583140.52957,0
1617907500000,58052.10,58100.12,57934.67,57936.25,977.097,1617908399999,56681159.14387,13118,419.353,24328617.56688,0
1617908400000,57936.24,58032.80,57829.16,57852.88,1182.279,1617909299999,68482321.03965,15123,538.005,31165471.69955,0
1617909300000,57852.88,57876.45,57744.58,57826.90,1157.089,1617910199999,66892487.06829,14574,534.739,30917017.19720,0
1617910200000,57826.89,57944.71,57812.01,57812.01,968.181,1617911099999,56043158.26734,11979,485.050,28079269.36289,0
1617911100000,57812.02,57819.34,57650.00,57778.71,1382.031,1617911999999,79804735.31137,15642,528.708,30531110.03519,0
1617912000000,57778.71,57853.20,57730.11,57767.27,812.223,1617912899999,46935909.88649,11294,395.504,22856703.33523,0
1617912900000,57762.78,57869.40,57700.39,57750.83,862.344,1617913799999,49821146.16650,10771,488.816,28244502.02585,0
1617913800000,57750.71,57793.72,57650.10,57719.97,1164.165,1617914699999,67172402.39032,12743,486.868,28096165.52145,0
1617914700000,57719.97,57798.83,57624.00,57725.10,975.194,1617915599999,56293270.66986,11660,458.538,26473040.34738,0
1617915600000,57727.64,57732.08,57501.99,57578.58,1523.296,1617916499999,87683626.51649,20322,584.546,33650175.52137,0
1617916500000,57578.49,57639.74,57529.89,57553.00,747.910,1617917399999,43074938.22266,12065,339.162,19535319.44686,0
1617917400000,57553.00,57670.02,57549.70,57646.01,535.568,1617918299999,30864664.50113,10465,323.779,18658204.57525,0
1617918300000,57646.00,57800.00,57641.13,57708.45,936.212,1617919199999,54048156.41803,12124,570.545,32939021.12718,0
1617919200000,57712.04,57815.88,57603.38,57722.49,1032.786,1617920099999,59599716.81841,13198,486.684,28092965.23294,0
1617920100000,57722.49,57952.47,57708.17,57896.98,1181.382,1617920999999,68371149.24579,15874,671.311,38849394.17920,0
1617921000000,57894.01,58162.00,57830.69,57895.89,1770.680,1617921899999,102672386.84950,22092,898.887,52122493.23774,0
1617921900000,57895.89,57973.09,57850.00,57973.08,721.651,1617922799999,41785470.14943,9189,390.461,22610254.50474,0
1617922800000,57973.09,58121.99,57950.69,57990.02,1073.041,1617923699999,62268242.70794,14311,551.438,31999982.56368,0
1617923700000,57990.03,58045.87,57880.01,57914.56,711.944,1617924599999,41243974.69672,10475,288.120,16693142.18088,0
1617924600000,57915.35,58099.84,57800.00,58079.80,1223.698,1617925499999,70930344.77501,14962,621.237,36022423.62406,0
1617925500000,58078.13,58155.51,57984.60,58122.26,1094.676,1617926399999,63577528.30679,12918,602.842,35016437.44021,0
1617926400000,58122.93,58300.11,58082.93,58282.45,2767.791,1617927299999,161129272.84963,29851,1545.963,90003447.68596,0
1617927300000,58282.45,58290.00,58124.25,58229.05,1124.128,1617928199999,65433334.02206,14695,508.829,29618141.44098,0
1617928200000,58229.05,58450.00,58200.30,58310.00,2010.609,1617929099999,117345843.54205,25546,1117.189,65205230.41779,0
1617929100000,58310.00,58365.91,58255.97,58341.09,786.264,1617929999999,45850989.88339,10663,372.329,21714028.48130,0
1617930000000,58341.09,58466.00,58191.02,58281.71,1746.081,1617930899999,101858098.89719,18070,849.173,49553139.28984,0
1617930900000,58281.71,58305.77,58072.34,58182.69,1388.847,1617931799999,80790466.35339,15203,490.043,28507575.65864,0
1617931800000,58182.69,58225.79,58080.81,58144.50,1035.847,1617932699999,60247903.53786,11168,467.958,27222029.79630,0
1617932700000,58145.37,58157.60,57946.40,58020.01,1339.665,1617933599999,77754125.60647,15339,545.638,31672837.36917,0
1617933600000,58020.02,58131.00,57976.23,58067.77,1051.436,1617934499999,61042506.79243,12396,542.983,31524301.02339,0
1617934500000,58067.77,58178.37,58043.88,58091.45,741.589,1617935399999,43102055.68544,9910,394.581,22933955.74295,0
1617935400000,58091.46,58220.00,58032.89,58140.99,812.504,1617936299999,47233918.81932,10789,463.105,26924552.22205,0
1617936300000,58138.91,58138.91,57875.43,57944.00,1386.009,1617937199999,80370802.76661,14595,454.186,26335465.63374,0
1617937200000,57944.00,58045.97,57860.00,58030.00,1095.726,1617938099999,63499619.22665,12498,598.143,34665457.44479,0
1617938100000,58029.99,58121.99,57984.72,58083.33,656.946,1617938999999,38146360.88206,9279,314.471,18261936.91873,0
1617939000000,58083.34,58200.00,57946.50,58194.58,1057.796,1617939899999,61438978.51605,13262,493.042,28645274.81095,0
1617939900000,58194.57,58200.00,58015.00,58023.98,827.466,1617940799999,48066973.34053,10358,389.570,22628709.14703,0
1617940800000,58023.98,58150.00,58016.00,58140.02,783.198,1617941699999,45491033.86924,9268,445.406,25873387.79419,0
1617941700000,58140.02,58244.42,58100.00,58169.67,805.733,1617942599999,46881304.83656,10284,403.134,23457474.15481,0
1617942600000,58171.20,58189.98,58100.01,58114.71,473.706,1617943499999,27546668.93409,6949,211.447,12297305.80799,0
1617943500000,58114.71,58235.99,58067.20,58233.67,838.848,1617944399999,48791229.29471,9787,455.181,26477521.90779,0
1617944400000,58228.48,58350.00,58182.85,58241.28,1311.158,1617945299999,76397382.17774,15318,682.370,39760890.45742,0
1617945300000,58241.28,58277.77,58157.25,58190.25,655.478,1617946199999,38154460.00133,8865,289.398,16846081.99030,0
1617946200000,58190.26,58244.98,58085.00,58149.51,787.855,1617947099999,45809766.40113,10651,357.536,20788878.47914,0
1617947100000,58149.87,58163.76,58000.00,58002.85,1100.837,1617947999999,63925946.94180,12893,392.827,22814343.01784,0
1617948000000,58002.84,58087.55,57923.86,58018.55,1357.734,1617948899999,78731765.01379,16426,609.490,35345011.15965,0
1617948900000,58017.68,58084.08,58006.24,58053.41,750.550,1617949799999,43564717.81367,10680,437.194,25377179.98245,0
1617949800000,58053.40,58161.44,57935.60,58125.42,1102.006,1617950699999,63988815.92020,13925,552.374,32078622.62900,0
1617950700000,58125.42,58157.99,57870.00,57899.55,1323.212,1617951599999,76737742.95766,16659,563.960,32707741.87926,0
1617951600000,57899.55,57901.02,57700.00,57811.72,2567.181,1617952499999,148403698.10185,27908,1160.216,67078510.49056,0
1617952500000,57811.73,57957.14,57811.72,57950.00,898.580,1617953399999,52027920.25105,12615,523.012,30282828.03053,0
1617953400000,57956.76,58034.02,57867.62,58018.79,1288.742,1617954299999,74692307.72752,13967,639.095,37046366.98104,0
1617954300000,58018.80,58120.00,57943.38,58109.80,1284.379,1617955199999,74535984.10177,14053,709.844,41198700.88461,0
1617955200000,58110.09,58111.84,57901.98,57995.69,1129.268,1617956099999,65496664.19398,13197,500.682,29040376.81778,0
1617956100000,57995.69,58006.34,57829.00,57900.00,1075.122,1617956999999,62250322.11813,13790,460.421,26660151.10957,0
1617957000000,57899.99,57997.45,57711.34,57985.13,1668.222,1617957899999,96491228.28545,20294,896.461,51863647.02531,0
1617957900000,57986.10,58049.00,57790.00,57790.01,1599.703,1617958799999,92633559.87608,16918,660.074,38220821.67139,0
1617958800000,57790.00,57940.16,57787.45,57824.01,1118.963,1617959699999,64749525.73410,13939,605.164,35024644.38227,0
1617959700000,57821.74,57955.64,57803.21,57949.28,792.528,1617960599999,45885658.36827,11152,499.960,28948297.98790,0
1617960600000,57949.28,57949.29,57868.50,57923.45,638.720,1617961499999,36986616.42809,9895,302.813,17535032.91529,0
1617961500000,57923.45,57966.46,57832.57,57959.99,624.520,1617962399999,36167565.94379,10357,320.810,18580115.42356,0
1617962400000,57960.00,58400.00,57900.00,58393.18,3918.762,1617963299999,228001489.22524,40795,2320.335,135023609.76720,0
1617963300000,58393.18,58700.00,58378.52,58611.00,6953.620,1617964199999,407197154.61174,61580,4038.193,236493841.91289,0
1617964200000,58611.00,58680.00,58468.90,58529.43,1850.769,1617965099999,108377091.80230,22855,839.057,49137422.87746,0
1617965100000,58529.42,58709.00,58425.00,58700.01,2077.731,1617965999999,121691741.26995,21934,1240.724,72682993.33575,0
1617966000000,58700.01,58781.81,58510.00,58573.70,2767.500,1617966899999,162266097.73962,27284,1305.271,76547749.12919,0
1617966900000,58575.66,58870.00,58546.54,58821.59,1951.035,1617967799999,114589546.91062,23933,1065.709,62597639.46889,0
1617967800000,58821.60,58950.00,58754.71,58818.78,2633.641,1617968699999,155032518.71964,32171,1302.507,76681679.65183,0
1617968700000,58818.79,58860.00,58488.99,58590.11,3629.660,1617969599999,212883182.73109,32503,1506.186,88357622.71996,0
1617969600000,58590.10,58755.31,58447.05,58731.00,2870.032,1617970499999,168180208.92721,28404,1405.879,82395781.54101,0
1617970500000,58730.99,58750.96,58533.52,58533.65,1171.614,1617971399999,68702952.56239,15834,444.553,26075104.43388,0
1617971400000,58533.64,58612.03,58405.00,58493.96,2074.877,1617972299999,121412518.08848,23929,939.430,54975025.84669,0
1617972300000,58493.96,58591.72,58418.43,58547.95,1474.159,1617973199999,86257197.68110,17671,659.058,38565257.88222,0
1617973200000,58547.95,58632.00,58490.95,58587.99,965.300,1617974099999,56551928.66239,13934,531.429,31135072.52232,0
1617974100000,58587.99,58675.00,58468.11,58634.39,963.891,1617974999999,56458615.79174,14153,496.694,29097154.82390,0
1617975000000,58634.39,58818.05,58616.00,58722.14,1695.771,1617975899999,99591019.13623,21983,897.562,52713650.70377,0
1617975900000,58722.14,58764.00,58066.00,58418.26,6877.408,1617976799999,401968354.07228,60540,2349.068,137336396.66505,0
1617976800000,58418.27,58569.94,58328.41,58429.99,1774.485,1617977699999,103748495.19711,22034,804.025,47015229.55008,0
1617977700000,58429.99,58498.73,58187.38,58250.19,2601.625,1617978599999,151715258.18478,28658,1106.631,64544922.73350,0
1617978600000,58256.93,58393.51,58063.28,58369.99,3113.490,1617979499999,181291946.02649,32247,1490.691,86818486.66490,0
1617979500000,58369.99,58519.01,58320.02,58390.00,1747.528,1617980399999,102105432.76579,20616,861.073,50314316.43969,0
1617980400000,58390.00,58405.00,58270.90,58389.09,997.366,1617981299999,58184996.63261,13575,475.154,27722102.45226,0
1617981300000,58389.08,58392.23,58181.67,58247.89,1460.749,1617982199999,85115982.35881,16900,743.340,43314109.87807,0
1617982200000,58247.90,58256.60,58103.75,58243.22,1662.409,1617983099999,96729618.55958,20397,799.120,46500666.78048,0
1617983100000,58243.22,58347.79,58161.72,58301.32,1422.789,1617983999999,82907811.05431,16552,689.669,40194369.99490,0
1617984000000,58301.31,58350.00,57889.00,58033.90,3474.128,1617984899999,201856007.46369,34537,1417.292,82395027.41811,0
1617984900000,58034.14,58160.13,57947.66,58129.71,1834.644,1617985799999,106518605.73827,20500,950.557,55190082.04024,0
1617985800000,58131.87,58209.00,58002.69,58197.99,1599.473,1617986699999,92958972.66476,17796,805.805,46841891.66174,0
1617986700000,58197.99,58257.02,58132.08,58247.35,1701.653,1617987599999,99041431.88708,17166,791.646,46084887.79913,0
1617987600000,58251.09,58335.22,58200.81,58222.00,998.971,1617988499999,58208438.56474,14592,546.180,31827324.81343,0
1617988500000,58222.01,58258.19,58150.01,58205.61,686.821,1617989399999,39975017.25309,10431,312.910,18212240.91504,0
1617989400000,58205.61,58403.71,58123.37,58295.32,1590.573,1617990299999,92749378.34136,18526,848.113,49461884.91858,0
1617990300000,58294.82,58489.72,58280.00,58442.52,1460.988,1617991199999,85330391.37964,16593,854.371,49899569.65657,0
1617991200000,58442.52,58500.00,58343.00,58484.00,1104.182,1617992099999,64514321.92700,14591,475.429,27784330.17357,0
1617992100000,58484.98,58558.00,58355.00,58385.99,1445.767,1617992999999,84512502.81041,15492,559.373,32706056.41004,0
1617993000000,58386.00,58492.30,58362.04,58397.06,1019.721,1617993899999,59574146.89018,10532,613.660,35855839.42021,0
1617993900000,58397.05,58442.00,58276.00,58421.74,952.123,1617994799999,55578246.73205,11540,361.511,21105115.17424,0
1617994800000,58421.74,58538.29,58379.42,58396.22,1263.341,1617995699999,73852107.22482,15366,609.322,35621115.33174,0
1617995700000,58396.22,58451.90,58230.80,58346.20,1403.032,1617996599999,81823609.87648,15363,548.352,31979326.19371,0
1617996600000,58346.20,58408.33,58260.90,58323.48,591.356,1617997499999,34510493.87730,10157,293.118,17107153.20919,0
1617997500000,58323.48,58400.00,58275.00,58398.30,576.885,1617998399999,33666389.45385,9939,288.272,16824245.07380,0
1617998400000,58398.30,58650.00,58395.25,58619.99,1939.424,1617999299999,113508471.37496,21681,1268.055,74221233.19673,0
1617999300000,58620.00,58625.68,58431.14,58444.08,957.344,1618000199999,56029578.85477,12787,399.496,23378815.97378,0
1618000200000,58444.01,58526.56,58388.49,58388.92,798.323,1618001099999,46651747.98968,10196,357.579,20899107.92837,0
1618001100000,58388.93,58426.86,58313.10,58355.97,748.417,1618001999999,43679414.04504,9773,319.713,18659921.79329,0
1618002000000,58355.96,58450.95,58336.63,58379.15,620.643,1618002899999,36251029.52756,9060,282.450,16498062.87789,0
1618002900000,58379.14,58483.92,58370.00,58480.81,376.916,1618003799999,22027497.79854,6891,225.720,13191088.71925,0
1618003800000,58480.82,58550.00,58453.10,58457.29,584.368,1618004699999,34192544.42607,8965,278.281,16283223.44226,0
1618004700000,58457.29,58525.00,58370.46,58405.01,535.991,1618005599999,31319837.13503,8838,237.029,13851339.43020,0
1618005600000,58405.01,58405.01,58250.00,58292.56,1081.110,1618006499999,63022690.09063,13963,394.657,23004223.83588,0
1618006500000,58292.56,58292.56,58143.00,58224.46,1204.050,1618007399999,70084410.08168,13407,519.751,30256631.27176,0
1618007400000,58224.46,58315.00,58149.54,58227.65,1077.986,1618008299999,62769282.67457,10930,515.070,29992916.90931,0
1618008300000,58230.99,58239.56,58064.07,58134.99,1098.656,1618009199999,63869232.13681,12735,426.676,24806074.00165,0
1618009200000,58135.00,58137.70,57925.00,58071.87,1988.404,1618010099999,115368695.17967,22134,925.970,53726617.07033,0
1618010100000,58071.86,58132.03,57972.40,58038.74,1095.623,1618010999999,63616540.73591,13410,563.322,32709806.68579,0
1618011000000,58039.17,58161.72,58015.19,58113.02,707.443,1618011899999,41101383.07558,9632,403.728,23456110.14832,0
1618011900000,58116.03,58220.02,58110.04,58176.03,710.630,1618012799999,41335448.74961,10076,373.909,21749139.80999,0
1618012800000,58176.04,58357.81,58104.05,58322.71,1506.834,1618013699999,87754558.53035,16662,799.866,46586342.59749,0
1618013700000,58322.72,58326.00,58140.40,58151.97,769.981,1618014599999,44820266.42802,10786,350.517,20402978.19436,0
1618014600000,58151.97,58161.63,57943.95,58007.93,1387.711,1618015499999,80519436.01961,16211,629.453,36522763.94805,0
1618015500000,58008.94,58139.00,58001.82,58136.80,820.091,1618016399999,47633300.75963,10106,413.422,24013013.29286,0
1618016400000,58136.81,58270.54,58108.18,58221.70,1233.640,1618017299999,71792559.90312,12827,724.959,42194671.31106,0
1618017300000,58220.41,58288.00,58151.01,58182.03,1010.336,1618018199999,58832717.84413,11227,417.091,24286397.40400,0
1618018200000,58182.04,58350.25,58148.76,58300.00,1318.665,1618019099999,76821450.38113,11628,766.820,44683709.44081,0
1618019100000,58299.93,58466.29,58291.00,58444.01,1759.394,1618019999999,102712615.41633,16320,949.639,55446349.26054,0
1618020000000,58444.02,58566.00,58408.57,58426.84,1907.589,1618020899999,111586195.12958,19245,818.259,47870588.19414,0
1618020900000,58426.83,58430.38,58368.00,58384.61,915.018,1618021799999,53433986.15459,10208,391.010,22833216.17933,0
1618021800000,58384.62,58600.00,58384.62,58477.96,1527.584,1618022699999,89370339.38127,16669,803.609,47007864.04143,0
1618022700000,58477.95,58798.53,58430.01,58766.29,2241.272,1618023599999,131415568.04813,21707,1352.575,79314965.88511,0
1618023600000,58765.20,59280.74,58743.73,59000.00,6978.672,1618024499999,411961899.17559,63973,3833.287,226276849.57416,0
1618024500000,59000.00,59232.66,58974.00,59090.42,2480.102,1618025399999,146616006.59952,26523,1280.510,75707926.05527,0
1618025400000,59090.42,59191.00,59035.90,59090.90,1393.293,1618026299999,82361752.67746,17066,686.234,40568174.77732,0
1618026300000,59090.90,59290.00,59078.33,59286.01,1915.703,1618027199999,113409958.27947,22536,1020.680,60426159.82917,0
1618027200000,59286.01,60100.00,59286.01,59900.00,10213.509,1618028099999,609974534.18420,100536,5909.513,352929308.27469,0
1618028100000,59900.00,61800.00,59899.99,60997.48,21055.722,1618028999999,1282715479.23334,201088,11754.270,715920997.59441,0
1618029000000,60997.49,61010.00,60604.15,60745.28,6271.541,1618029899999,381181125.98284,55789,3133.415,190460535.92563,0
1618029900000,60745.28,61363.26,60701.32,61252.13,5247.097,1618030799999,320130139.30052,49875,3187.681,194504102.21004,0
1618030800000,61252.13,61555.00,60910.00,61338.55,7644.262,1618031699999,468360727.19668,80305,3719.819,227966243.24168,0
1618031700000,61338.55,61342.20,61021.17,61169.23,3613.360,1618032599999,220976977.82404,37122,1658.654,101432883.07492,0
1618032600000,61169.23,61175.79,60792.67,60963.71,4020.545,1618033499999,245015018.51244,37957,1853.581,112944172.90715,0
1618033500000,60963.71,61154.85,60950.90,60976.28,2080.629,1618034399999,127034723.46418,23145,1055.475,64447315.52928,0
1618034400000,60976.29,61199.00,60769.00,60812.40,2779.881,1618035299999,169489214.21080,31089,1350.004,82335641.04784,0
1618035300000,60812.40,60894.70,60652.02,60762.34,2707.377,1618036199999,164463662.49223,29656,1204.234,73167433.51823,0
1618036200000,60762.34,60888.00,60733.37,60743.99,1808.235,1618037099999,109973754.30501,21505,865.063,52611900.92231,0
1618037100000,60743.99,60816.00,60688.00,60697.41,1195.127,1618037999999,72627515.30042,16982,578.635,35168661.22544,0
1618038000000,60697.41,60836.27,60520.00,60811.96,2898.180,1618038899999,175860175.87658,32641,1425.657,86535038.93633,0
1618038900000,60813.21,60959.36,60650.00,60694.18,2293.043,1618039799999,139448537.98148,25497,1235.196,75131554.33224,0
1618039800000,60694.19,60770.07,60533.00,60600.00,1934.981,1618040699999,117291063.88171,23234,873.684,52967677.55901,0
1618040700000,60600.00,60694.75,60500.00,60614.65,1975.987,1618041599999,119759306.98020,21457,873.491,52947689.94264,0
1618041600000,60614.66,60938.00,60610.00,60877.86,4089.674,1618042499999,248674056.89579,42583,2080.658,126516882.04971,0
1618042500000,60877.87,60937.14,60770.00,60829.66,1470.083,1618043399999,89465775.68922,21353,626.584,38136564.00526,0
1618043400000,60829.91,60850.00,60630.88,60785.16,1707.388,1618044299999,103676834.15871,19958,744.692,45216430.65551,0
1618044300000,60784.11,60791.14,60555.40,60656.72,1642.698,1618045199999,99643534.44285,19287,734.030,44523897.06422,0
1618045200000,60656.71,60779.00,60572.65,60700.00,1182.807,1618046099999,71784914.62232,16149,584.658,35484432.82438,0
1618046100000,60700.01,60817.92,60663.25,60683.60,1018.515,1618046999999,61896975.85147,14614,502.427,30536796.70371,0
1618047000000,60683.99,60809.00,60672.17,60745.78,1287.812,1618047899999,78248528.32644,15305,725.598,44088468.80023,0
1618047900000,60745.78,60938.44,60708.99,60886.32,1565.143,1618048799999,95268546.75773,19500,905.080,55093253.86035,0
1618048800000,60886.33,60899.49,60775.69,60878.03,1002.291,1618049699999,60972977.69961,14584,413.078,25130573.41197,0
1618049700000,60878.03,61146.76,60801.00,61019.99,2343.920,1618050599999,142966139.28184,27541,1317.073,80336318.52103,0
1618050600000,61023.33,61028.01,60638.40,60747.99,2527.844,1618051499999,153670613.31787,28914,1052.929,64010514.28069,0
1618051500000,60747.98,60798.13,60613.88,60757.21,1343.096,1618052399999,81526870.82871,17867,683.736,41506758.39318,0
1618052400000,60757.21,60825.00,60641.00,60645.19,1350.945,1618053299999,82042634.83681,17419,646.294,39251011.61175,0
1618053300000,60645.19,60766.79,60637.57,60734.71,831.694,1618054199999,50489549.55750,11617,434.996,26406955.50232,0
1618054200000,60734.70,60829.42,60700.00,60745.90,750.479,1618055099999,45606069.69193,11880,385.294,23414786.94120,0
1618055100000,60746.87,60777.31,60602.92,60685.04,1165.362,1618055999999,70716660.66118,15062,470.237,28535849.75438,0
1618056000000,60685.03,60905.38,60560.00,60651.94,2622.313,1618056899999,159134335.47861,26119,1099.146,66711268.56694,0
1618056900000,60651.93,60710.52,60632.29,60693.39,872.402,1618057799999,52928831.61902,11584,463.351,28112020.82134,0
1618057800000,60689.62,60690.00,60177.00,60303.75,5502.976,1618058699999,332494080.66351,48659,1961.252,118529280.77290,0
1618058700000,60304.05,60465.32,60022.93,60219.99,5211.263,1618059599999,313773394.98048,49220,2547.907,153434253.32169,0
1618059600000,60219.98,60329.53,60109.15,60200.00,2393.102,1618060499999,144163327.59397,26455,1268.509,76422119.75351,0
1618060500000,60200.01,60349.38,60125.00,60210.36,1937.814,1618061399999,116779246.16173,21398,1018.918,61407996.40213,0
1618061400000,60210.36,60371.65,60200.00,60304.02,1353.622,1618062299999,81627632.76352,16421,729.474,43991073.84004,0
1618062300000,60304.03,60578.00,60293.26,60559.28,2560.557,1618063199999,154841678.29866,25032,1574.642,95218792.77806,0
1618063200000,60559.28,60564.40,60404.43,60496.32,1553.662,1618064099999,93976638.61032,18226,707.177,42773890.34308,0
1618064100000,60496.33,60600.00,60411.84,60588.31,1388.678,1618064999999,84027600.53488,17501,691.669,41857476.00617,0
1618065000000,60588.32,60600.00,60410.00,60447.30,1163.306,1618065899999,70373433.07191,14875,483.326,29237529.51707,0
1618065900000,60447.31,60521.00,60350.00,60506.45,1159.474,1618066799999,70075855.21406,15394,539.986,32640523.98687,0
1618066800000,60506.27,60567.29,60344.01,60378.00,1537.539,1618067699999,92987224.50336,16945,614.117,37147415.45245,0
1618067700000,60378.01,60436.46,60202.00,60322.99,1798.911,1618068599999,108455057.27959,20131,821.894,49554206.32571,0
1618068600000,60322.99,60444.08,60228.53,60432.36,1244.549,1618069499999,75099509.57128,15411,659.678,39808791.82179,0
1618069500000,60432.13,60435.83,60250.35,60348.46,1260.603,1618070399999,76082575.58092,14525,642.201,38755993.00623,0
1618070400000,60348.70,60685.82,60348.70,60506.24,3640.220,1618071299999,220387869.24575,37577,1890.559,114465110.62126,0
1618071300000,60506.24,60550.00,60221.00,60310.84,2230.087,1618072199999,134677526.92679,24624,1043.415,63013284.27371,0
1618072200000,60310.85,60456.11,60266.28,60433.39,1360.450,1618073099999,82103013.77493,16093,664.470,40105786.58941,0
1618073100000,60433.40,60457.06,60270.03,60353.68,1118.454,1618073999999,67491939.77238,13180,411.356,24823530.85248,0
1618074000000,60353.68,60358.31,60225.00,60231.16,1128.757,1618074899999,68037757.31532,14568,461.603,27825419.18443,0
1618074900000,60231.16,60302.33,60066.80,60259.93,2278.129,1618075799999,137100934.57195,25302,1043.560,62811624.67938,0
1618075800000,60259.92,60321.25,60181.94,60232.42,853.399,1618076699999,51427016.61177,12585,422.724,25475499.70181,0
1618076700000,60232.43,60232.43,60050.00,60230.00,1643.545,1618077599999,98848068.26260,19394,847.994,51003080.14897,0
1618077600000,60230.00,60232.42,59620.00,59920.01,6432.605,1618078499999,385071358.40579,59075,2437.093,145888136.42752,0
1618078500000,59920.00,60063.66,59914.45,59953.05,1797.917,1618079399999,107871603.21120,20630,937.852,56274664.54378,0
1618079400000,59953.06,60010.71,59845.53,59974.88,1214.529,1618080299999,72785073.98789,15431,540.514,32396674.45052,0
1618080300000,59974.88,60154.44,59855.00,60117.65,1267.876,1618081199999,76094546.44823,15190,702.170,42149226.62154,0
1618081200000,60117.59,60125.36,59781.57,59891.33,1926.361,1618082099999,115461323.27412,19373,686.715,41155807.28481,0
1618082100000,59891.32,59891.33,59750.00,59878.74,1013.537,1618082999999,60627200.39529,13975,496.591,29708592.79156,0
1618083000000,59878.75,59920.00,59773.49,59914.91,843.452,1618083899999,50486482.22017,11902,463.418,27740844.02891,0
1618083900000,59914.90,59959.87,59650.00,59674.69,2053.526,1618084799999,122819472.22901,17742,844.699,50544314.58832,0
1618084800000,59674.69,59905.46,59650.00,59756.77,1602.691,1618085699999,95820453.05309,19347,864.251,51674110.70077,0
1618085700000,59756.77,59756.77,59410.55,59620.58,4344.842,1618086599999,258768868.89757,40337,1899.915,113152388.45648,0
1618086600000,59620.57,59620.58,59304.48,59370.00,2345.479,1618087499999,139399257.76296,24891,1002.991,59622551.90821,0
1618087500000,59370.01,59389.23,58420.00,58709.41,13088.286,1618088399999,770059329.79490,125054,5603.697,329612051.33146,0
1618088400000,58709.41,59100.00,58563.91,59007.12,4035.368,1618089299999,237638483.65977,43320,2027.797,119429479.15689,0
1618089300000,59007.12,59200.68,58800.61,59143.21,2648.683,1618090199999,156340795.02344,29608,1354.471,79957519.76904,0
1618090200000,59140.92,59302.59,59071.98,59202.97,2372.489,1618091099999,140425788.87805,24644,1334.732,79010041.09439,0
1618091100000,59202.97,59262.66,59002.19,59262.66,1514.285,1618091999999,89517430.75960,17922,645.768,38182711.07884,0
1618092000000,59252.54,59484.82,59179.32,59344.51,2092.410,1618092899999,124208764.44839,23401,1065.336,63240624.01580,0
1618092900000,59344.99,59419.96,59257.53,59390.00,1341.483,1618093799999,79586118.53011,14344,721.160,42787338.92188,0
1618093800000,59389.99,59450.00,59285.55,59348.72,845.202,1618094699999,50175477.71912,10761,380.105,22564959.35001,0
1618094700000,59348.72,59419.00,59106.83,59125.52,1379.686,1618095599999,81744190.43554,15542,550.096,32596580.13789,0
1618095600000,59126.80,59545.95,59122.27,59441.88,1697.318,1618096499999,100808422.39008,20478,1039.416,61720302.91257,0
1618096500000,59441.87,59645.00,59424.78,59630.70,1107.983,1618097399999,65956941.41626,14997,610.073,36320782.97328,0
1618097400000,59630.69,59905.00,59560.00,59840.44,2260.335,1618098299999,135037043.57707,25425,1245.889,74442391.18387,0
1618098300000,59840.44,59882.00,59722.24,59832.43,1682.325,1618099199999,100597360.21575,18200,808.869,48368602.52184,0
1618099200000,59832.43,60268.96,59700.00,60261.57,4377.142,1618100099999,262460968.30258,49208,2524.042,151385483.19210,0
1618100100000,60264.69,60494.92,60122.69,60374.56,3799.480,1618100999999,229262721.72875,40060,1883.794,113682086.22693,0
1618101000000,60380.70,60494.52,60254.87,60422.09,1995.581,1618101899999,120473629.85021,24314,963.537,58168909.53415,0
1618101900000,60422.09,60460.95,60229.32,60237.05,1327.638,1618102799999,80088473.17033,16501,516.138,31136229.75309,0
1618102800000,60237.06,60322.53,60134.88,60219.35,1427.457,1618103699999,85946291.01402,16926,683.279,41142823.65422,0
1618103700000,60219.34,60385.59,60185.06,60299.94,1198.085,1618104599999,72232483.66480,14432,645.227,38898566.46673,0
1618104600000,60299.94,60406.71,60241.33,60325.57,1097.367,1618105499999,66194856.31950,12605,521.654,31468541.32827,0
1618105500000,60325.57,60715.67,60266.23,60693.19,1997.231,1618106399999,120883774.75641,24698,1218.541,73766200.72243,0
1618106400000,60690.01,60690.01,60461.00,60568.94,1196.170,1618107299999,72421841.80083,15110,549.385,33258785.54705,0
1618107300000,60568.93,60572.63,60351.50,60450.30,1025.052,1618108199999,61936291.35270,13421,449.878,27181761.92765,0
1618108200000,60450.30,60518.45,60352.29,60518.20,728.097,1618109099999,44005461.03423,9872,382.196,23102798.95229,0
1618109100000,60518.40,60649.74,60384.24,60595.37,1150.664,1618109999999,69650291.09803,14236,580.163,35119324.79852,0
1618110000000,60595.37,60816.88,60451.00,60470.01,2035.113,1618110899999,123382336.32862,25066,911.050,55257067.57749,0
1618110900000,60470.00,60568.99,60318.90,60332.05,1272.577,1618111799999,76901620.89690,15090,491.148,29683409.44938,0
1618111800000,60333.51,60499.00,60313.30,60497.91,757.998,1618112699999,45791854.16332,10094,457.635,27647999.81357,0
1618112700000,60497.90,60531.00,60302.56,60343.27,1058.611,1618113599999,63954023.47775,13001,435.581,26320134.56741,0
1618113600000,60343.27,60419.06,60121.21,60293.56,2113.066,1618114499999,127292783.59352,23765,1037.934,62541227.72584,0
1618114500000,60293.56,60361.09,60161.67,60196.65,1510.617,1618115399999,91028509.79173,14672,628.609,37879554.46344,0
1618115400000,60196.65,60324.70,59900.00,59901.40,2161.580,1618116299999,129898649.50691,22678,787.082,47325689.27656,0
1618116300000,59901.40,60126.79,59860.00,59992.72,2220.208,1618117199999,133226855.30113,21845,1089.537,65386696.48397,0
1618117200000,59992.73,60100.00,59780.00,59800.02,1888.717,1618118099999,113253132.43900,20031,732.689,43944150.17446,0
1618118100000,59800.03,59992.46,59727.88,59805.72,1931.395,1618118999999,115624839.29644,20557,1022.218,61203070.92378,0
1618119000000,59805.73,59922.80,59629.90,59868.68,2456.196,1618119899999,146812365.20439,25423,1159.450,69314330.27129,0
1618119900000,59868.69,60000.00,59710.00,59789.47,1712.422,1618120799999,102529781.59292,17054,852.885,51077350.16932,0
1618120800000,59789.47,59878.86,59445.09,59450.60,2711.534,1618121699999,161675177.05985,29430,1099.481,65590909.15327,0
1618121700000,59450.60,59691.00,59424.29,59542.82,1690.176,1618122599999,100727577.07556,17719,1006.034,59961522.69818,0
1618122600000,59542.82,59850.00,59512.91,59841.02,1836.033,1618123499999,109529877.98997,19077,1104.088,65884376.22439,0
1618123500000,59841.09,59979.00,59742.79,59802.99,2207.248,1618124399999,132133090.77731,20247,1141.399,68333955.64063,0
1618124400000,59801.29,59863.43,59480.00,59523.55,1954.476,1618125299999,116579857.72250,20797,775.924,46283875.47085,0
1618125300000,59524.62,59799.00,59522.00,59773.52,1168.133,1618126199999,69712851.57981,13916,693.174,41368574.13087,0
1618126200000,59773.52,59778.00,59622.39,59773.85,990.582,1618127099999,59134252.43446,12566,507.748,30311520.40964,0
1618127100000,59773.85,59831.92,59700.00,59725.50,910.104,1618127999999,54398940.34445,12995,444.688,26581667.56770,0
1618128000000,59726.05,59960.00,59726.05,59895.39,1936.368,1618128899999,115923206.68318,21648,970.934,58122040.16926,0
1618128900000,59895.83,60247.27,59860.52,60143.87,2304.111,1618129799999,138452289.25306,29140,1268.645,76225994.75068,0
1618129800000,60143.88,60145.52,59915.59,60080.54,1420.082,1618130699999,85253268.93758,16710,574.782,34510752.28347,0
1618130700000,60080.54,60158.88,60016.91,60052.81,972.368,1618131599999,58432585.46518,13045,462.198,27776748.91397,0
1618131600000,60052.80,60138.46,59800.07,59892.54,1495.306,1618132499999,89671850.63656,18968,609.790,36576544.44298,0
1618132500000,59892.54,59924.68,59667.21,59856.45,1864.512,1618133399999,111467558.98177,21971,936.902,56016620.12120,0
1618133400000,59855.51,59881.51,59557.86,59653.61,2175.135,1618134299999,129817787.94090,24413,992.676,59244696.57233,0
1618134300000,59652.14,59810.00,59631.58,59777.34,988.207,1618135199999,59032250.98334,13315,526.152,31433099.06344,0
1618135200000,59779.41,59920.00,59672.06,59916.65,1035.119,1618136099999,61900269.24760,15239,593.795,35513256.42157,0
1618136100000,59920.00,60060.86,59675.00,59724.47,1657.676,1618136999999,99287706.44563,21594,840.046,50327433.23668,0
1618137000000,59724.48,59830.00,59665.00,59706.15,835.256,1618137899999,49908283.82173,13716,404.254,24156702.31068,0
1618137900000,59706.15,59802.49,59600.00,59712.11,1183.488,1618138799999,70638469.10336,15923,506.338,30224765.90251,0
1618138800000,59712.10,59960.00,59640.02,59657.08,1748.792,1618139699999,104595051.85637,20432,836.339,50032605.59225,0
1618139700000,59657.08,59790.15,59542.00,59771.05,1484.559,1618140599999,88585008.43939,19748,727.698,43429431.90437,0
1618140600000,59771.04,59858.00,59695.91,59852.27,881.469,1618141499999,52712316.09952,13183,470.458,28136607.33239,0
1618141500000,59852.26,59944.00,59760.42,59821.66,1069.812,1618142399999,64026355.77348,14314,589.886,35309834.49025,0
1618142400000,59821.67,59944.37,59670.63,59691.97,1466.676,1618143299999,87722091.90156,18707,663.215,39675989.62876,0
1618143300000,59691.96,59752.75,59546.34,59652.34,1676.918,1618144199999,99981501.72787,19558,748.034,44606640.52472,0
1618144200000,59652.34,59842.03,59600.55,59758.49,1223.802,1618145099999,73095693.03837,16228,634.305,37887784.63622,0
1618145100000,59758.86,59852.00,59691.64,59834.98,940.597,1618145999999,56235392.70517,13676,453.346,27105145.31234,0
1618146000000,59830.69,59852.00,59649.70,59724.81,1400.210,1618146899999,83676987.13681,16432,681.296,40720685.91058,0
1618146900000,59724.80,59843.87,59600.00,59600.00,1198.990,1618147799999,71605373.70497,14058,432.864,25862080.37914,0
1618147800000,59600.00,59650.00,59305.00,59498.57,3824.620,1618148699999,227417463.67041,41329,1704.995,101389813.30214,0
1618148700000,59498.58,59575.51,59310.00,59421.44,1847.377,1618149599999,109807322.25253,20131,780.715,46418030.34455,0
1618149600000,59421.44,59590.96,59304.02,59444.25,2539.165,1618150499999,151058230.96441,22696,1280.696,76196365.55534,0
1618150500000,59442.97,59542.31,59375.23,59523.08,1128.577,1618151399999,67102599.22091,14302,605.426,35994438.74034,0
1618151400000,59523.09,59732.62,59523.08,59650.00,1641.566,1618152299999,97929381.17087,20441,901.737,53787424.96819,0
1618152300000,59649.99,59720.00,59590.00,59656.00,755.487,1618153199999,45062993.06388,11408,346.054,20641997.31469,0
1618153200000,59658.49,59838.00,59658.49,59781.70,1806.267,1618154099999,107977099.10020,21552,1108.269,66252201.98603,0
1618154100000,59778.01,59838.00,59740.33,59746.48,683.540,1618154999999,40869049.54866,12300,274.204,16395876.22803,0
1618155000000,59746.48,59796.51,59634.25,59727.20,934.263,1618155899999,55788990.29088,14179,478.384,28566397.47566,0
1618155900000,59727.20,59852.00,59665.24,59730.00,1263.031,1618156799999,75509604.12399,15583,594.800,35567101.47702,0
1618156800000,59730.01,59888.00,59602.61,59813.90,2325.240,1618157699999,138994530.58321,25868,1243.155,74322082.22679,0
1618157700000,59813.89,59857.90,59661.00,59718.40,1127.834,1618158599999,67394165.87099,13853,485.224,28996743.14209,0
1618158600000,59718.40,59755.00,59614.12,59650.00,918.485,1618159499999,54812532.49401,13209,456.784,27262065.55126,0
1618159500000,59650.00,59700.00,59564.00,59642.75,827.994,1618160399999,49375108.56850,12288,372.409,22209761.00825,0
1618160400000,59644.63,59706.48,59462.00,59613.25,1349.831,1618161299999,80425521.80331,17684,526.153,31356316.95023,0
1618161300000,59612.21,59836.11,59538.76,59823.26,1462.862,1618162199999,87336244.76966,16024,836.716,49952985.19220,0
1618162200000,59823.26,60081.70,59738.32,59923.21,3112.298,1618163099999,186520431.50989,32274,1667.147,99924898.38491,0
1618163100000,59923.21,59964.99,59850.03,59959.49,1014.812,1618163999999,60786835.58662,11789,563.299,33743059.47521,0
1618164000000,59961.96,60040.41,59884.61,59905.00,998.021,1618164899999,59851064.64787,14625,490.559,29421921.16265,0
1618164900000,59905.01,59944.32,59848.00,59907.15,990.141,1618165799999,59297269.94634,11046,458.489,27461036.82002,0
1618165800000,59908.75,60039.99,59869.18,59908.88,1296.713,1618166699999,77755768.89517,14786,702.702,42139485.45187,0
1618166700000,59908.88,59995.00,59880.00,59951.53,512.197,1618167599999,30694809.87059,8542,245.031,14684776.93425,0
1618167600000,59951.54,60150.00,59931.10,60100.42,1352.350,1618168499999,81233832.15775,18363,758.407,45558812.69774,0
1618168500000,60097.33,60328.72,59719.11,59896.96,3903.215,1618169399999,234359629.67516,42459,1783.484,107112895.77630,0
1618169400000,59897.07,59917.81,59652.81,59800.01,2706.725,1618170299999,161814513.09536,27312,1408.349,84197654.67269,0
1618170300000,59803.20,59846.75,59631.11,59785.85,1596.370,1618171199999,95365267.13412,17263,612.638,36604379.27472,0
1618171200000,59785.66,59846.25,59733.09,59749.47,803.970,1618172099999,48065986.06579,12794,361.742,21628957.04300,0
1618172100000,59749.46,59888.88,59701.44,59830.04,862.829,1618172999999,51616662.10099,11638,436.644,26123276.76243,0
1618173000000,59830.04,59856.47,59700.00,59712.56,676.764,1618173899999,40440726.51104,11608,315.934,18877597.40457,0
1618173900000,59712.57,59808.55,59564.96,59802.99,1666.197,1618174799999,99397448.04986,19762,865.986,51674206.20673,0
1618174800000,59803.00,59803.69,59603.79,59701.70,651.193,1618175699999,38864061.03976,11802,244.370,14585552.56013,0
1618175700000,59701.70,59701.71,59595.28,59617.77,665.305,1618176599999,39688918.93266,9846,241.264,14394995.19193,0
1618176600000,59618.13,59778.17,59560.26,59771.08,910.686,1618177499999,54335876.05208,12049,538.358,32128147.38012,0
1618177500000,59767.78,59773.71,59614.24,59700.00,635.115,1618178399999,37902608.62403,8708,273.182,16302461.19707,0
1618178400000,59700.00,59700.01,59535.77,59675.46,1121.450,1618179299999,66836321.96628,14332,523.345,31189952.59962,0
1618179300000,59675.45,60145.52,59630.44,60073.72,2616.551,1618180199999,156894603.37213,28256,1465.222,87852849.93181,0
1618180200000,60073.71,60158.55,59851.00,59938.28,1827.357,1618181099999,109600847.17125,19226,899.683,53964988.62443,0
1618181100000,59938.28,60211.00,59928.15,60196.51,1781.334,1618181999999,107076765.42149,19908,916.676,55105538.34359,0
1618182000000,60198.01,60211.96,59983.30,60028.72,1142.138,1618182899999,68627723.77381,14300,521.938,31363781.37930,0
1618182900000,60028.72,60154.02,59961.00,60032.00,1695.152,1618183799999,101808906.12373,14998,945.641,56807282.27630,0
1618183800000,60032.00,60127.59,59890.62,60033.44,1510.202,1618184699999,90627284.95492,14137,638.999,38355391.08404,0
1618184700000,60033.44,60150.00,60000.71,60090.20,1148.397,1618185599999,69005731.35945,12651,524.809,31533596.80441,0
1618185600000,60093.26,60489.32,59926.73,59971.02,4557.408,1618186499999,274406548.39839,46486,2309.980,139119775.23565,0
1618186500000,59971.02,60032.32,59687.00,59770.59,2534.993,1618187399999,151660248.11841,25387,1213.705,72614625.39673,0
1618187400000,59770.69,59938.76,59745.40,59836.54,1156.513,1618188299999,69203846.64698,13545,589.809,35292422.01743,0
1618188300000,59836.55,59938.27,59809.57,59905.22,702.788,1618189199999,42068637.06601,10318,323.025,19336921.62716,0
1618189200000,59905.22,60064.05,59874.05,60059.58,1103.435,1618190099999,66177634.06975,13598,625.044,37489036.73222,0
1618190100000,60059.57,60222.00,59934.05,59942.44,2006.384,1618190999999,120563130.35776,21216,835.703,50224863.67562,0
1618191000000,59942.44,60072.06,59924.57,59979.75,1014.970,1618191899999,60890125.16769,10922,470.436,28221627.12263,0
1618191900000,59979.88,60083.96,59900.00,59949.00,910.035,1618192799999,54603312.75601,11520,459.670,27582065.28890,0
1618192800000,59948.99,60006.42,59855.29,59906.03,976.888,1618193699999,58525249.23739,13509,460.391,27582237.32883,0
1618193700000,59906.03,59964.63,59876.00,59876.00,609.084,1618194599999,36496038.61290,8961,244.667,14660963.93440,0
1618194600000,59876.01,59953.00,59804.00,59804.00,1087.386,1618195499999,65090337.57066,11972,459.872,27529697.98924,0
1618195500000,59804.00,59861.10,59672.67,59786.89,1676.404,1618196399999,100184982.77080,17292,829.592,49578781.05759,0
1618196400000,59786.89,59916.73,59751.42,59874.24,819.011,1618197299999,49016051.06325,11316,451.522,27023608.19193,0
1618197300000,59874.24,60045.01,59853.00,60040.00,1070.999,1618198199999,64187613.98663,11781,589.304,35329542.73363,0
1618198200000,60040.00,60400.00,60015.00,60399.99,3537.058,1618199099999,212846750.39809,31956,1736.581,104522355.25430,0
1618199100000,60399.98,60555.00,60225.00,60449.93,3459.709,1618199999999,208929540.98263,33384,1703.561,102890570.39503,0
1618200000000,60449.94,60720.00,60360.26,60675.46,3731.304,1618200899999,225941626.53272,40862,1995.905,120881388.26848,0
1618200900000,60672.33,60730.00,60443.68,60487.56,2346.335,1618201799999,142138030.43779,23404,1105.905,67004408.07917,0
1618201800000,60487.57,60549.82,60258.28,60395.30,2918.140,1618202699999,176188200.54788,24458,1329.539,80280155.74113,0
1618202700000,60395.00,60406.18,60155.00,60229.99,2028.563,1618203599999,122316213.04425,17851,910.546,54919472.13039,0
1618203600000,60229.99,60375.50,60125.86,60328.47,2450.714,1618204499999,147618994.74632,22088,1572.206,94718956.69000,0
1618204500000,60328.47,60357.80,60218.96,60247.81,1062.834,1618205399999,64065108.17993,12710,477.029,28755868.83187,0
1618205400000,60247.81,60255.00,60120.00,60232.23,1067.258,1618206299999,64237728.69688,13647,392.939,23651487.11574,0
1618206300000,60232.23,60295.96,60191.37,60270.90,742.988,1618207199999,44757983.65284,9733,430.476,25934284.16152,0
1618207200000,60270.89,60333.13,60175.17,60232.96,1154.474,1618208099999,69551457.52869,13719,664.963,40062642.71451,0
1618208100000,60232.95,60419.00,60185.91,60388.56,1359.961,1618208999999,82048069.15174,15141,756.612,45655628.74457,0
1618209000000,60388.04,60600.00,60385.01,60506.00,2260.607,1618209899999,136746608.30596,23821,1189.933,71977144.61149,0
1618209900000,60504.76,60955.48,60407.62,60929.95,5168.633,1618210799999,313879544.64052,50294,3018.335,183328544.92766,0
1618210800000,60929.95,61114.95,60783.85,60937.76,5652.764,1618211699999,344425936.55520,51741,2764.305,168465891.96592,0
1618211700000,60937.76,61230.00,60914.23,61150.04,4417.056,1618212599999,269824147.67656,44007,2372.112,144919540.44392,0
1618212600000,61154.02,61449.91,61030.00,61098.61,5133.960,1618213499999,314351991.54145,50952,2545.063,155874606.43956,0
1618213500000,61098.61,61129.96,60773.00,60832.23,3892.515,1618214399999,237175692.83521,35752,1650.833,100586516.30962,0
1618214400000,60834.30,60988.24,60730.00,60821.08,3242.494,1618215299999,197306078.01389,31484,1567.300,95379390.21730,0
1618215300000,60821.08,60976.52,60781.43,60842.98,1583.367,1618216199999,96426531.22419,18005,850.856,51820728.60644,0
1618216200000,60843.52,60890.07,60666.00,60677.02,1815.301,1618217099999,110298690.67471,19625,785.280,47721120.80481,0
1618217100000,60677.02,60884.23,60672.61,60822.09,1309.751,1618217999999,79644309.36043,15957,698.097,42448667.15793,0
1618218000000,60822.10,61000.00,60682.41,60772.50,2155.347,1618218899999,131145309.42694,22269,893.620,54394354.32464,0
1618218900000,60772.49,60911.71,60747.82,60862.00,1204.800,1618219799999,73311810.95791,15143,686.105,41751292.15941,0
1618219800000,60862.00,60912.97,60174.88,60226.32,6769.471,1618220699999,409309778.74889,61682,2661.416,160919679.28336,0
1618220700000,60225.85,60418.41,59707.00,60114.99,7429.836,1618221599999,446522327.82398,70009,3309.765,198985302.97711,0
1618221600000,60114.98,60380.48,60016.51,60236.87,3385.271,1618222499999,203889701.09699,35418,1684.473,101459852.81976,0
1618222500000,60236.57,60274.30,59900.88,60139.79,3278.677,1618223399999,196940298.52256,33105,1431.437,85993890.16679,0
1618223400000,60139.02,60150.00,59500.00,59794.12,6913.497,1618224299999,413292406.48385,66724,2956.479,176767600.00422,0
1618224300000,59794.12,59910.00,59703.74,59879.03,3010.827,1618225199999,180115273.31781,28982,1532.468,91678534.25310,0
1618225200000,59879.02,60136.99,59830.00,60133.59,2448.906,1618226099999,146882798.83554,26101,1359.044,81518832.64151,0
1618226100000,60133.59,60135.81,59932.50,59983.49,1680.015,1618226999999,100870746.56265,19924,688.812,41358911.63280,0
1618227000000,59983.49,60300.00,59897.05,60300.00,2663.072,1618227899999,160216664.54196,31594,1527.452,91905499.24499,0
1618227900000,60300.00,60366.00,60198.17,60333.87,1498.556,1618228799999,90321520.87421,19801,663.221,39979480.64730,0
1618228800000,60335.08,60520.16,60255.17,60410.00,3159.858,1618229699999,190828730.73912,32853,1608.469,97147812.33365,0
1618229700000,60409.99,60437.99,60234.00,60369.70,1458.134,1618230599999,87973739.43558,17981,634.238,38267048.22023,0
1618230600000,60367.95,60649.00,60327.47,60566.40,1827.177,1618231499999,110502847.15204,23488,1047.621,63366319.11183,0
1618231500000,60566.41,60656.72,60409.68,60504.81,1745.434,1618232399999,105653391.63636,21181,863.492,52270013.16222,0
1618232400000,60504.99,60663.00,60417.96,60663.00,1512.951,1618233299999,91570346.32653,17549,902.265,54617166.22039,0
1618233300000,60662.99,60670.00,60352.00,60479.08,1610.018,1618234199999,97367556.94998,19736,652.593,39466189.55371,0
1618234200000,60479.08,60664.07,60407.77,60580.31,1623.281,1618235099999,98267858.70857,22788,841.607,50952016.35821,0
1618235100000,60580.31,60584.01,60380.00,60399.11,1581.306,1618235999999,95604510.69152,18195,783.672,47381361.50692,0
1618236000000,60399.12,60436.95,60114.01,60200.52,3287.516,1618236899999,198040139.68330,34453,1413.622,85152028.10917,0
1618236900000,60200.52,60389.63,60061.77,60366.51,1897.828,1618237799999,114315904.93310,22658,1058.290,63753492.83513,0
1618237800000,60366.51,60422.72,60155.27,60177.72,1675.340,1618238699999,100955729.74292,19260,880.147,53040244.81042,0
1618238700000,60177.72,60239.95,59950.00,59970.58,2298.814,1618239599999,138154515.99117,25559,998.520,60018796.06187,0
1618239600000,59970.82,60130.99,59650.00,59812.48,5338.784,1618240499999,319724821.36562,50891,2195.923,131559177.58519,0
1618240500000,59810.34,60025.47,59781.15,59953.59,2235.422,1618241399999,133926623.11684,25717,1204.533,72166704.18450,0
1618241400000,59955.49,60150.33,59760.38,60145.25,2320.499,1618242299999,139076544.87995,25230,1317.412,78983855.50237,0
1618242300000,60142.02,60232.55,59944.78,60075.19,2346.976,1618243199999,141033849.87496,26731,1229.925,73917422.65123,0
1618243200000,60075.19,60104.00,59800.00,60009.69,3335.295,1618244099999,199940927.83120,34938,1540.422,92350093.48734,0
1618244100000,60009.69,60200.00,59927.78,60034.93,2222.242,1618244999999,133511326.52176,25335,1062.971,63870276.47153,0
1618245000000,60034.92,60200.00,60022.32,60141.84,1833.050,1618245899999,110224677.39114,22133,907.944,54598177.29869,0
1618245900000,60138.58,60170.50,60016.54,60052.38,931.021,1618246799999,55941369.72510,13985,425.303,25553908.93472,0
1618246800000,60052.38,60060.00,59816.33,60057.19,2046.640,1618247699999,122664629.94905,22300,772.476,46311134.38047,0
1618247700000,60057.18,60072.09,59839.94,59878.02,1465.891,1618248599999,87895327.51913,16827,689.700,41366065.67372,0
1618248600000,59878.01,59956.20,59818.00,59883.32,836.108,1618249499999,50066118.46411,13281,383.784,22982230.81077,0
1618249500000,59883.32,59970.68,59800.00,59819.66,948.846,1618250399999,56816825.39055,13846,410.782,24601768.73785,0
1618250400000,59819.65,59986.35,59750.00,59940.48,1280.252,1618251299999,76628776.44559,18071,645.630,38649236.57697,0
1618251300000,59940.47,59995.70,59852.26,59931.66,768.117,1618252199999,46031825.46153,11771,405.268,24288532.97810,0
1618252200000,59931.66,60035.00,59900.54,60022.95,717.591,1618253099999,43048711.16858,10934,401.441,24083568.70654,0
1618253100000,60022.96,60099.69,59984.74,60069.47,900.940,1618253999999,54104139.79637,11280,464.963,27922929.60701,0
1618254000000,60069.47,60107.81,59951.15,59958.98,709.326,1618254899999,42581240.95171,12235,316.623,19009662.88793,0
1618254900000,59958.98,60322.00,59958.98,60163.04,2098.002,1618255799999,126260949.26990,22122,1323.532,79666124.71009,0
1618255800000,60163.05,60178.40,60036.02,60050.88,798.658,1618256699999,47995640.41688,12387,351.630,21131235.79138,0
1618256700000,60050.89,60190.55,60045.98,60168.55,607.031,1618257599999,36494998.46522,10204,316.272,19015196.68171,0
1618257600000,60168.56,60213.32,60007.05,60120.28,951.541,1618258499999,57178285.79657,14177,448.668,26963143.05899,0
1618258500000,60120.25,60346.92,60074.13,60208.00,1393.678,1618259399999,83950886.09064,18644,695.573,41898042.25830,0
1618259400000,60208.01,60267.55,60178.68,60213.00,957.498,1618260299999,57664484.96298,11997,430.920,25953197.03096,0
1618260300000,60213.00,60291.07,60145.00,60152.85,736.264,1618261199999,44345577.57867,11000,380.738,22935613.86314,0
1618261200000,60152.49,60169.42,60053.00,60081.04,983.833,1618262099999,59137971.85285,13817,443.352,26649546.36379,0
1618262100000,60081.03,60107.23,59836.10,59924.49,2724.677,1618262999999,163325830.22614,25863,990.515,59383047.96595,0
1618263000000,59924.42,60115.00,59880.01,60056.05,1154.059,1618263899999,69261131.99495,14681,721.576,43306526.67625,0
1618263900000,60055.36,60150.00,60030.65,60079.32,680.435,1618264799999,40886012.34388,10416,350.701,21074676.75727,0
1618264800000,60079.32,60088.71,59933.00,59954.00,735.677,1618265699999,44135927.08483,10035,327.586,19652544.19592,0
1618265700000,59954.00,60009.29,59909.70,59913.26,688.989,1618266599999,41314251.23901,8705,284.488,17060728.67987,0
1618266600000,59913.26,60038.11,59913.25,59976.68,635.719,1618267499999,38130983.54560,9340,315.360,18914576.90503,0
1618267500000,59976.42,60150.00,59943.89,60129.59,727.836,1618268399999,43730288.98890,10202,378.593,22744477.85699,0
1618268400000,60129.59,60190.00,60021.29,60167.19,803.465,1618269299999,48298945.92780,11854,431.354,25931488.26643,0
1618269300000,60166.23,60186.71,60020.00,60030.10,603.029,1618270199999,36236059.88290,9956,238.140,14310358.95187,0
1618270200000,60030.09,60063.43,59925.82,59948.24,842.566,1618271099999,50553417.00169,11022,396.614,23797926.01555,0
1618271100000,59948.24,60039.88,59906.46,59911.18,1109.588,1618271999999,66540919.29665,14383,447.525,26840700.33724,0
1618272000000,59911.19,60420.00,59873.01,60379.94,3681.697,1618272899999,221460572.13010,32448,2186.716,131555185.61196,0
1618272900000,60381.55,60469.66,60267.31,60407.46,2249.869,1618273799999,135769490.17881,21599,1025.478,61888347.13785,0
1618273800000,60407.46,60532.18,60294.66,60495.92,1908.703,1618274699999,115321969.01829,20482,1104.670,66744778.00781,0
1618274700000,60495.66,60550.00,60416.00,60516.81,1170.572,1618275599999,70800195.44676,14520,566.397,34259049.35953,0
1618275600000,60516.81,60544.00,60418.86,60453.84,1040.366,1618276499999,62923850.62140,13475,460.587,27857150.41970,0
1618276500000,60453.85,60459.50,60295.19,60359.66,1446.225,1618277399999,87315777.06113,15288,579.465,34986337.63393,0
1618277400000,60356.78,60650.00,60355.81,60593.60,1816.325,1618278299999,109977575.86259,18573,988.713,59869667.89865,0
1618278300000,60593.61,60847.12,60575.31,60706.19,2985.507,1618279199999,181310956.97404,33138,1331.370,80859461.23072,0
1618279200000,60706.19,60818.63,60621.56,60697.17,1830.615,1618280099999,111150195.84114,23330,725.926,44080122.65679,0
1618280100000,60697.17,60750.00,60606.25,60744.03,1400.876,1618280999999,84990265.88061,16343,615.594,37351930.13859,0
1618281000000,60745.22,61019.92,60745.22,60887.10,2910.032,1618281899999,177223290.85284,33247,1546.653,94201587.10359,0
1618281900000,60887.10,60957.84,60815.00,60899.97,1608.142,1618282799999,97909676.36234,17416,901.477,54890545.96679,0
1618282800000,60899.96,61200.00,60899.96,61019.96,3945.940,1618283699999,240969459.90166,41082,2076.388,126809365.96021,0
1618283700000,61019.96,61111.91,60712.34,60770.61,2909.759,1618284599999,177138578.02201,28046,1116.233,67963109.13072,0
1618284600000,60770.61,60842.94,60618.99,60700.01,1673.827,1618285499999,101622591.12212,19338,781.592,47459433.58746,0
1618285500000,60700.01,60777.68,60511.00,60593.59,2490.204,1618286399999,151003655.02831,23644,1203.150,72969565.22605,0
1618286400000,60592.91,60729.99,60591.65,60642.14,1133.272,1618287299999,68752042.03038,13358,564.776,34262367.08144,0
1618287300000,60642.14,60694.49,60507.27,60550.51,1445.556,1618288199999,87566361.76359,15947,671.433,40677669.04939,0
1618288200000,60550.50,60648.13,60420.01,60488.11,2202.335,1618289099999,133314922.92428,20177,1017.006,61567853.02309,0
1618289100000,60488.12,60724.36,60487.03,60670.19,1692.899,1618289999999,102625383.39131,16247,970.204,58809788.04415,0
1618290000000,60670.18,60691.61,60608.66,60640.32,618.299,1618290899999,37498179.18825,10299,303.873,18429718.67339,0
1618290900000,60640.31,60724.00,60561.25,60710.01,1013.252,1618291799999,61452514.96846,12497,563.862,34200214.38640,0
1618291800000,60710.01,60849.00,60710.00,60830.11,1765.416,1618292699999,107318599.99653,19358,987.660,60040080.94685,0
1618292700000,60830.10,60899.93,60700.00,60747.85,1440.706,1618293599999,87593973.27076,16866,696.980,42377280.18739,0
1618293600000,60750.00,60995.15,60750.00,60896.88,2290.557,1618294499999,139459282.69121,23044,1377.236,83857012.31429,0
1618294500000,60896.88,61550.00,60862.73,61444.73,6349.888,1618295399999,389149868.52881,65427,3689.167,226077553.31950,0
1618295400000,61446.01,61533.88,60750.00,60757.68,9226.686,1618296299999,563308328.82243,73982,4180.577,255179845.05316,0
1618296300000,60757.69,60820.00,60570.00,60815.98,4900.971,1618297199999,297465831.18597,40654,2338.828,141968276.41737,0
1618297200000,60815.99,61120.41,60726.00,60755.84,3531.089,1618298099999,215207339.19077,36831,1770.240,107897092.67211,0
1618298100000,60750.00,61082.40,60660.00,60909.07,2700.858,1618298999999,164386056.60948,29579,1388.412,84517167.90008,0
1618299000000,60909.06,61050.00,60745.46,61027.06,1889.593,1618299899999,115098971.26805,21008,980.940,59758617.55980,0
1618299900000,61027.05,61280.00,60924.52,61133.17,3229.815,1618300799999,197353878.36473,32882,1628.639,99527131.29908,0
1618300800000,61133.16,61747.22,61126.47,61668.20,7504.589,1618301699999,461019822.80371,69692,4378.782,269054697.69625,0
1618301700000,61670.07,62852.83,61668.90,62630.69,26077.953,1618302599999,1627786255.47939,237618,14004.561,874044299.40116,0
1618302600000,62630.68,62990.00,62508.19,62606.25,11709.534,1618303499999,734812981.95589,111574,5672.528,356060397.87979,0
1618303500000,62606.26,62880.00,62353.85,62826.12,6503.492,1618304399999,407318568.28441,66672,3316.174,207742745.72755,0
1618304400000,62826.12,62875.35,62624.12,62808.11,3462.228,1618305299999,217187587.84625,36644,1807.502,113398492.75979,0
1618305300000,62810.13,62825.70,62560.00,62620.00,3207.100,1618306199999,200988378.53576,31582,1490.753,93430936.70720,0
1618306200000,62620.00,62750.00,62428.11,62663.53,3652.372,1618307099999,228598057.77357,38589,1781.280,111498726.11164,0
1618307100000,62663.53,63478.00,62660.11,63050.43,11761.057,1618307999999,742854710.36021,115829,6514.524,411465465.24632,0
1618308000000,63050.42,63231.70,62877.00,62969.99,3867.900,1618308899999,243880119.79841,43479,1838.580,115939704.49259,0
1618308900000,62970.00,63039.00,62732.70,62865.12,3056.447,1618309799999,192193300.59667,34751,1498.383,94227292.34796,0
1618309800000,62868.60,62910.11,62602.78,62710.36,3056.537,1618310699999,191717378.51572,34701,1542.106,96738221.89611,0
1618310700000,62711.94,62928.74,62701.41,62896.92,2128.456,1618311599999,133698244.41346,24276,1218.763,76555267.67476,0
1618311600000,62896.93,62960.00,62717.42,62760.69,1920.198,1618312499999,120696507.25044,23727,888.198,55835253.17763,0
1618312500000,62761.83,62895.13,62657.13,62785.34,1907.848,1618313399999,119810144.09621,21669,934.234,58669486.92365,0
1618313400000,62785.34,63220.00,62782.33,63198.06,3827.721,1618314299999,241306038.98053,39520,2135.907,134652744.89973,0
1618314300000,63198.05,63200.00,62835.94,63068.31,2717.240,1618315199999,171152966.44858,29878,1321.325,83223010.09799,0
1618315200000,63069.52,63250.00,62880.01,63186.46,2568.307,1618316099999,161974819.81312,31804,1239.513,78188286.59023,0
1618316100000,63187.14,63385.38,62972.99,63113.84,3688.017,1618316999999,232945478.23545,37404,1774.686,112119156.87472,0
1618317000000,63113.83,63160.00,62950.00,62990.66,2084.387,1618317899999,131437170.76325,22407,884.852,55799765.24485,0
1618317900000,62990.98,63104.75,62875.00,63073.37,1961.446,1618318799999,123554902.15043,21402,926.729,58386835.95671,0
1618318800000,63073.37,63125.00,62902.78,62906.78,2066.133,1618319699999,130195935.74178,21376,934.739,58906482.84875,0
1618319700000,62906.78,62989.45,62704.11,62707.00,2330.602,1618320599999,146460736.71177,28159,1006.989,63294467.01408,0
1618320600000,62710.70,62848.00,62617.85,62817.82,2563.183,1618321499999,160791021.70410,29823,1358.946,85256381.70535,0
1618321500000,62816.93,62970.00,62816.93,62871.64,1571.397,1618322399999,98831026.19915,17045,815.825,51310287.38211,0
1618322400000,62871.65,62928.36,62695.00,62848.12,1521.227,1618323299999,95538498.51355,18203,789.704,49600982.17073,0
1618323300000,62848.11,63000.00,62791.51,62956.29,1527.139,1618324199999,96059657.79334,18124,780.890,49127584.73032,0
1618324200000,62956.30,63050.00,62862.90,63026.51,1518.886,1618325099999,95656224.25915,17399,824.673,51945761.66780,0
1618325100000,63025.95,63133.77,62935.00,63007.77,1654.164,1618325999999,104248755.42591,19418,826.023,52064611.21501,0
1618326000000,63007.76,63173.99,62950.00,63005.31,1801.036,1618326899999,113566947.35532,21964,894.357,56402270.11907,0
1618326900000,63005.31,63167.00,62816.39,63167.00,2293.166,1618327799999,144422471.95980,23815,1113.012,70117488.03731,0
1618327800000,63167.00,63799.00,63062.85,63622.25,7121.059,1618328699999,451761225.45783,70833,4115.882,261105088.07497,0
1618328700000,63619.80,63711.68,63261.11,63420.34,5371.231,1618329599999,340840521.38475,49845,2529.201,160507797.85297,0
1618329600000,63421.77,63850.00,63350.26,63592.76,6617.050,1618330499999,420807163.45952,63282,3211.656,204254424.33515,0
1618330500000,63589.17,63589.18,63300.00,63367.69,2902.053,1618331399999,184024631.52466,28422,1277.275,80995343.31833,0
1618331400000,63367.70,63431.98,63067.17,63289.52,2829.741,1618332299999,178983143.70492,29741,1308.475,82771710.56801,0
1618332300000,63289.52,63299.23,63088.87,63270.40,1624.780,1618333199999,102667279.16897,19232,799.057,50494348.63586,0
1618333200000,63270.40,63313.79,63131.51,63293.90,1461.024,1618334099999,92398617.23489,16943,803.834,50840294.63985,0
1618334100000,63293.90,63424.80,63274.84,63298.76,1348.654,1618334999999,85424432.00963,16625,737.918,46741023.48521,0
1618335000000,63298.75,63430.00,63220.00,63290.02,1057.431,1618335899999,66949604.22852,13299,454.285,28766499.09357,0
1618335900000,63290.02,63456.78,63290.01,63426.14,1005.875,1618336799999,63749713.61163,12764,522.079,33089950.90538,0
1618336800000,63425.86,63579.45,63402.00,63556.12,1912.121,1618337699999,121409775.46965,21354,940.680,59734183.30244,0
1618337700000,63553.93,63659.86,63416.85,63513.99,2011.443,1618338599999,127827618.03870,22989,1041.653,66207012.54110,0
1618338600000,63513.99,63581.41,63288.02,63348.25,1561.120,1618339499999,98993173.00945,18077,642.039,40716927.67546,0
1618339500000,63348.25,63348.25,62705.00,62768.56,6392.339,1618340399999,402473529.10110,55131,2622.202,165095153.63823,0
1618340400000,62771.02,63030.00,62771.02,62956.68,2739.151,1618341299999,172368343.10343,25839,1457.972,91747573.34061,0
1618341300000,62956.68,63005.82,62776.82,62776.82,1644.767,1618342199999,103433382.31560,18152,724.595,45573588.29458,0
1618342200000,62776.25,62950.00,62633.94,62906.19,2282.023,1618343099999,143286326.27513,23017,1067.193,67029475.42544,0
1618343100000,62906.18,63141.50,62900.00,63085.22,1746.187,1618343999999,110076174.54780,17153,1042.513,65711348.39499,0
1618344000000,63084.72,63288.00,63068.81,63252.54,1576.478,1618344899999,99630639.13942,20263,822.973,52013645.04860,0
1618344900000,63252.55,63286.11,63031.65,63084.43,1246.972,1618345799999,78746804.05185,14655,469.483,29646850.88710,0
1618345800000,63089.72,63192.88,62962.08,63168.81,1200.540,1618346699999,75718537.24831,15692,607.290,38307999.41079,0
1618346700000,63168.81,63334.66,63110.02,63262.42,1629.403,1618347599999,103028845.54221,17433,903.803,57147886.64637,0
1618347600000,63262.42,63298.00,63175.28,63227.31,778.456,1618348499999,49225408.99693,12066,366.051,23146874.06653,0
1618348500000,63225.93,63229.90,63100.00,63105.56,839.564,1618349399999,53011037.86726,12227,343.225,21670913.59494,0
1618349400000,63103.33,63232.79,62930.53,63163.16,1480.499,1618350299999,93389722.18993,18431,667.710,42130511.65778,0
1618350300000,63163.73,63433.41,63163.73,63219.74,1356.635,1618351199999,85875737.11221,18546,731.739,46325549.15139,0
1618351200000,63219.75,63315.05,62950.00,63000.00,1850.605,1618352099999,116770769.41074,21145,803.289,50694952.29071,0
1618352100000,63000.00,63175.50,62978.73,63170.00,1066.996,1618352999999,67328522.12136,13621,570.365,35989427.31285,0
1618353000000,63170.33,63317.70,63170.32,63270.87,1154.713,1618353899999,73044261.13571,13005,618.572,39128793.98654,0
1618353900000,63270.86,63389.00,63220.00,63309.14,1147.644,1618354799999,72650618.61704,12690,594.301,37624255.81283,0
1618354800000,63309.13,63397.64,63290.00,63316.02,1085.853,1618355699999,68785066.91634,12421,464.034,29397631.93069,0
1618355700000,63316.02,63400.00,63265.92,63335.01,848.553,1618356599999,53751916.45069,10176,420.150,26615453.03022,0
1618356600000,63339.55,63666.00,63335.37,63520.11,2200.247,1618357499999,139830500.69446,23955,1248.742,79354992.28792,0
1618357500000,63520.12,63769.58,63423.75,63649.71,2288.672,1618358399999,145578667.92056,24559,1138.116,72411329.14577,0
1618358400000,63645.05,63990.00,63419.17,63483.00,5515.244,1618359299999,351240738.17074,52127,2742.529,174719744.18891,0
1618359300000,63490.33,63500.00,63316.51,63429.87,1613.149,1618360199999,102289090.05753,19441,774.729,49128260.91118,0
1618360200000,63429.87,63567.22,63371.06,63530.42,1270.060,1618361099999,80624362.03947,14138,727.584,46189075.68609,0
1618361100000,63530.42,63531.28,63377.91,63434.55,878.944,1618361999999,55787098.42320,11638,370.648,23527555.63513,0
1618362000000,63434.54,63526.08,63338.76,63369.09,1668.632,1618362899999,105831291.28283,16524,861.209,54629904.79192,0
1618362900000,63369.09,63373.87,63159.80,63333.01,1670.154,1618363799999,105675458.14728,20090,686.982,43473194.06698,0
1618363800000,63333.00,63440.31,63238.67,63377.16,1268.007,1618364699999,80352378.05740,15688,661.609,41928875.08301,0
1618364700000,63377.16,63537.00,63350.01,63511.38,924.256,1618365599999,58667210.61781,13036,524.064,33264972.76304,0
1618365600000,63511.37,63528.92,63286.00,63373.85,1114.431,1618366499999,70659608.70931,14570,499.584,31677035.55968,0
1618366500000,63373.16,63395.99,63278.00,63317.61,872.979,1618367399999,55279803.83274,11565,388.390,24594764.10493,0
1618367400000,63317.61,63319.00,63192.05,63200.01,980.501,1618368299999,62015293.83327,12481,461.486,29189496.14066,0
1618368300000,63200.01,63309.38,63173.60,63299.42,672.249,1618369199999,42519751.42663,10519,349.928,22133754.14575,0
1618369200000,63299.41,63333.10,63131.11,63315.32,1277.536,1618370099999,80787355.20270,14420,606.200,38340689.95613,0
1618370100000,63315.32,63800.00,63267.71,63799.99,2217.579,1618370999999,140843014.26570,25086,1360.893,86455291.53787,0
1618371000000,63800.00,63857.59,63611.40,63662.88,2597.636,1618371899999,165551798.86263,27755,1182.281,75355462.30901,0
1618371900000,63662.88,64000.00,63661.63,63857.87,3534.870,1618372799999,225627358.39439,31510,1971.899,125884773.95447,0
1618372800000,63857.86,63950.95,63734.03,63792.76,2405.936,1618373699999,153602804.24429,24494,1063.489,67910253.87998,0
1618373700000,63792.76,63814.00,63701.00,63772.69,1469.100,1618374599999,93660770.22388,16806,710.780,45315761.65698,0
1618374600000,63772.70,64180.98,63711.00,64040.62,3625.923,1618375499999,232040245.57393,38033,2133.297,136537843.92279,0
1618375500000,64044.32,64444.44,63901.33,64401.09,4299.277,1618376399999,276049892.88650,43320,2528.247,162341081.44601,0
1618376400000,64400.00,64666.00,64276.61,64542.08,4461.169,1618377299999,287649129.26822,47933,2336.289,150668397.97410,0
1618377300000,64542.07,64733.09,64222.00,64410.00,4116.350,1618378199999,265446009.53915,42618,1908.656,123111898.07244,0
1618378200000,64409.99,64543.32,64238.85,64477.93,2010.816,1618379099999,129527875.41388,22349,1112.833,71689800.23897,0
1618379100000,64477.93,64518.80,64007.96,64157.81,2835.851,1618379999999,182138296.35835,27826,1275.744,81928032.06939,0
1618380000000,64157.81,64986.11,64024.90,64812.96,6947.711,1618380899999,448925274.64772,64909,3827.830,247344699.21762,0
1618380900000,64810.97,64870.24,64300.00,64504.90,5133.063,1618381799999,331076550.61072,45140,2450.068,158015905.32289,0
1618381800000,64504.91,64626.45,64333.00,64618.30,1915.984,1618382699999,123543942.38663,21961,1075.230,69339000.51514,0
1618382700000,64618.29,64764.79,64600.00,64669.60,2016.845,1618383599999,130431527.14083,23327,967.199,62552705.66657,0
1618383600000,64667.56,64754.57,64430.00,64691.11,2213.216,1618384499999,142913917.46859,23577,1113.374,71908721.50235,0
1618384500000,64691.12,64712.43,64483.57,64507.79,1457.253,1618385399999,94125723.67677,18172,600.877,38813947.53720,0
1618385400000,64507.80,64606.00,64357.11,64469.29,1841.554,1618386299999,118713768.95387,20183,880.093,56743589.94272,0
1618386300000,64469.29,64572.84,64355.10,64382.35,1264.681,1618387199999,81533878.40526,16491,615.901,39715842.59446,0
1618387200000,64382.35,64676.02,64377.67,64579.84,2324.209,1618388099999,149928498.68997,26293,1122.246,72396441.65071,0
1618388100000,64577.75,64680.85,64515.01,64567.53,1253.215,1618388999999,80953890.45802,16830,579.605,37443043.61496,0
1618389000000,64567.52,64601.99,64400.00,64455.00,1425.761,1618389899999,91928269.55548,19101,627.237,40441737.62876,0
1618389900000,64455.00,64477.09,63421.77,64000.00,9646.950,1618390799999,616627727.96452,86903,4143.343,264739122.24439,0
1618390800000,64000.00,64245.91,63831.00,63878.79,3365.742,1618391699999,215626934.22650,35358,1593.734,102125432.11948,0
1618391700000,63878.79,63920.00,63200.01,63617.56,8244.382,1618392599999,524028236.50078,77168,3866.215,245770558.61967,0
1618392600000,63619.98,63764.99,63101.84,63614.69,5412.360,1618393499999,343373893.10268,53298,2543.827,161430206.61227,0
1618393500000,63614.70,63822.32,63497.94,63669.34,2318.164,1618394399999,147633223.86762,27136,1137.661,72459174.98539,0
1618394400000,63666.17,63944.14,63528.99,63928.90,2693.719,1618395299999,171840530.38625,29434,1332.343,85006482.95916,0
1618395300000,63928.89,64129.99,63792.00,63868.59,2825.211,1618396199999,180657725.44748,28807,1412.011,90314598.81535,0
1618396200000,63868.60,64240.99,63836.98,64142.50,2180.034,1618397099999,139625050.14831,24357,1275.003,81663928.48531,0
1618397100000,64136.79,64233.00,64022.03,64168.38,1842.995,1618397999999,118182826.06849,19659,843.892,54117161.17053,0
1618398000000,64168.38,64547.99,64160.00,64540.00,3564.572,1618398899999,229603409.57956,38006,1855.811,119534431.67485,0
1618398900000,64540.00,64595.47,64300.00,64385.46,2399.829,1618399799999,154587966.99382,24913,984.407,63414724.56836,0
1618399800000,64385.47,64903.71,64301.79,64700.14,4535.952,1618400699999,293291707.78251,43247,2470.659,159725753.64284,0
1618400700000,64700.15,64774.52,64565.35,64623.03,2505.268,1618401599999,161975270.45650,26042,1077.061,69642300.91879,0
1618401600000,64623.04,64760.61,64219.50,64285.24,3875.641,1618402499999,249834277.36808,37118,1635.602,105464207.05920,0
1618402500000,64285.27,64480.00,64070.00,64302.08,3936.396,1618403399999,252890822.29702,38931,1994.997,128196957.76719,0
1618403400000,64297.88,64399.98,64166.29,64390.00,2060.863,1618404299999,132541066.19001,22935,1028.121,66126358.84354,0
1618404300000,64389.99,64396.71,63720.00,63967.96,4201.055,1618405199999,268964432.26030,42207,1782.065,114101045.78360,0
1618405200000,63967.96,64560.56,63863.55,64275.03,3975.189,1618406099999,255685679.95509,41011,2189.820,140836431.89288,0
1618406100000,64274.62,64476.00,64086.11,64149.38,2884.885,1618406999999,185426489.12097,29141,1422.159,91423661.20705,0
1618407000000,64149.38,64345.36,63666.97,63935.59,6226.837,1618407899999,398774842.88323,60770,2938.065,188198613.72162,0
1618407900000,63935.59,64146.57,63719.00,63868.38,3494.784,1618408799999,223336685.21355,36046,1721.795,110046867.63333,0
1618408800000,63868.38,63870.38,62626.00,62867.99,11922.768,1618409699999,754388338.58250,107464,4797.201,303707154.02763,0
1618409700000,62858.45,63386.11,62847.00,63039.45,9260.272,1618410599999,584420535.76495,96508,4892.164,308764249.12590,0
1618410600000,63039.45,63635.67,62950.00,63195.92,5918.812,1618411499999,375072902.48201,58781,3128.441,198247888.55053,0
1618411500000,63195.91,63450.09,63010.00,63101.97,3449.139,1618412399999,218098035.64711,37045,1682.833,106428991.09038,0
1618412400000,63104.93,63440.31,62888.70,63270.04,3692.294,1618413299999,233364761.61836,40343,1802.058,113900067.83871,0
1618413300000,63270.04,63498.71,62810.89,62850.00,3861.083,1618414199999,243943401.77046,39616,1724.352,108981189.68489,0
1618414200000,62849.99,63096.83,62400.00,63065.99,8951.069,1618415099999,561895553.05138,83283,4519.634,283850954.19525,0
1618415100000,63066.00,63228.69,62800.00,63132.48,3669.596,1618415999999,231290107.50813,38121,1851.109,116701213.65131,0
1618416000000,63132.48,63319.95,62900.90,63271.75,3462.808,1618416899999,218546244.51379,39316,1687.471,106511487.53968,0
1618416900000,63270.71,63500.00,63207.58,63319.98,3125.524,1618417799999,198080883.05965,35035,1492.093,94563170.13716,0
1618417800000,63319.99,63569.93,63319.59,63438.96,2871.070,1618418699999,182168931.41887,28837,1507.855,95685121.88561,0
1618418700000,63438.96,63780.00,63348.04,63569.54,3341.705,1618419599999,212560163.50219,33042,1718.864,109341268.70540,0
1618419600000,63569.55,63588.16,63421.70,63493.94,1508.457,1618420499999,95796412.28972,18417,689.355,43779476.97150,0
1618420500000,63493.94,63610.99,63135.38,63539.99,3091.728,1618421399999,195849659.57182,32050,1519.860,96284556.92067,0
1618421400000,63543.53,63853.17,62566.00,62600.38,10587.730,1618422299999,668269619.58740,97702,4874.113,307665373.17949,0
1618422300000,62600.37,62943.37,62360.00,62369.31,6423.908,1618423199999,402833990.55076,62415,2889.479,181295628.83326,0
1618423200000,62369.31,62548.53,61641.63,62316.82,15202.220,1618424099999,944547075.46823,145911,6586.861,409489400.08082,0
1618424100000,62324.32,62800.00,62233.55,62681.95,4742.833,1618424999999,296481913.26482,46513,2687.556,168046994.75244,0
1618425000000,62681.94,62750.45,62251.00,62429.53,3547.469,1618425899999,221629377.96291,34466,1481.973,92594683.87998,0
1618425900000,62429.53,62618.29,62101.38,62234.00,2949.475,1618426799999,183859200.30733,32601,1384.286,86300926.16948,0
1618426800000,62234.01,62589.05,61855.00,62578.70,4639.031,1618427699999,288629457.55484,49389,2325.567,144718143.60454,0
1618427700000,62580.42,62580.42,61810.00,61947.87,4746.298,1618428599999,294932143.29914,47436,1999.950,124258091.29374,0
1618428600000,61947.87,61947.88,61404.00,61888.99,9727.973,1618429499999,599503847.64062,92953,4498.658,277294258.37087,0
1618429500000,61888.98,62272.36,61716.16,62242.47,4172.303,1618430399999,258693314.86503,42466,2143.887,132931349.42612,0
1618430400000,62242.47,62346.94,61970.01,62210.00,2935.303,1618431299999,182526139.56866,30226,1463.655,91028100.75420,0
1618431300000,62210.01,62378.65,62085.37,62370.99,1675.015,1618432199999,104238633.01673,19330,829.222,51609685.19911,0
1618432200000,62371.00,62417.26,62171.00,62350.84,1359.754,1618433099999,84679078.53547,17239,655.669,40835962.89867,0
1618433100000,62350.85,62573.29,62189.35,62473.36,1829.654,1618433999999,114158314.75115,20892,1060.560,66175227.73216,0
1618434000000,62473.36,62742.40,62441.97,62725.57,1719.333,1618434899999,107645152.47898,24262,868.691,54393015.83747,0
1618434900000,62725.57,62750.00,62535.86,62737.05,1298.914,1618435799999,81356165.39559,18540,517.823,32437172.22294,0
1618435800000,62737.65,62876.69,62685.68,62854.13,1752.655,1618436699999,110056283.41535,22367,875.534,54983437.90669,0
1618436700000,62854.13,62899.78,62622.00,62837.29,1716.561,1618437599999,107723168.91919,20508,850.623,53387300.55686,0
1618437600000,62837.29,62940.00,62629.50,62843.36,1293.007,1618438499999,81179318.31611,18873,628.487,39460869.61480,0
1618438500000,62843.36,62934.25,62737.35,62750.45,1286.068,1618439399999,80816757.52798,16618,599.553,37682605.86188,0
1618439400000,62750.45,63049.00,62747.89,63038.18,1419.756,1618440299999,89289059.01855,18128,733.487,46140526.07598,0
1618440300000,63038.19,63130.38,62889.87,62917.61,1464.878,1618441199999,92289397.94335,18327,668.186,42101551.17704,0
1618441200000,62917.61,63000.00,62852.77,62852.77,1026.795,1618442099999,64618534.78249,14402,448.724,28242309.04916,0
1618442100000,62852.77,63111.00,62806.96,63088.62,1045.807,1618442999999,65846126.74840,15533,512.806,32292695.17303,0
1618443000000,63088.63,63088.63,62860.00,62926.26,1140.520,1618443899999,71817509.31330,14010,496.766,31279288.60063,0
1618443900000,62926.26,63158.38,62641.53,63019.10,2340.326,1618444799999,147125067.35977,25147,1067.694,67144982.15901,0
1618444800000,63018.34,63478.92,63008.42,63248.21,4424.008,1618445699999,280105439.30934,47147,2403.060,152128669.50234,0
1618445700000,63248.21,63363.86,63200.00,63237.94,1526.843,1618446599999,96630315.25361,16766,658.960,41705646.34374,0
1618446600000,63237.95,63271.45,62862.00,62918.17,1775.012,1618447499999,111910183.25266,20999,668.721,42163163.97762,0
1618447500000,62918.17,63086.27,62779.00,62779.00,1508.836,1618448399999,95020923.69642,16962,659.907,41567062.08516,0
1618448400000,62779.01,62970.99,62700.20,62797.90,2111.359,1618449299999,132634223.85827,22873,1049.647,65938591.60045,0
1618449300000,62795.82,63193.42,62760.02,63170.00,1716.263,1618450199999,108166446.90849,19014,950.849,59917006.90189,0
1618450200000,63170.00,63247.34,63006.25,63114.26,1374.183,1618451099999,86752721.35106,15178,621.572,39245325.74400,0
1618451100000,63114.27,63143.41,62735.40,62735.40,2546.745,1618451999999,160187190.38171,21683,1171.117,73654917.98183,0
1618452000000,62737.69,62980.78,62706.50,62730.34,1811.552,1618452899999,113860123.83339,18161,931.664,58560868.39481,0
1618452900000,62730.34,62760.00,62410.14,62506.80,3303.048,1618453799999,206729032.19242,30615,1278.971,80054503.83221,0
1618453800000,62506.80,62869.47,62487.78,62846.98,1900.777,1618454699999,119212879.95513,18911,1169.336,73347078.01529,0
1618454700000,62846.97,63143.42,62818.78,62905.00,2658.382,1618455599999,167481734.16979,26462,1307.740,82395642.79382,0
1618455600000,62905.01,63059.50,62739.00,63014.66,2085.232,1618456499999,131122373.09453,20534,1103.200,69381178.87618,0
1618456500000,63014.66,63243.16,63000.02,63191.86,1845.564,1618457399999,116479624.26617,20764,879.974,55542020.57142,0
1618457400000,63191.87,63309.51,63044.39,63196.05,2158.916,1618458299999,136419016.07357,21534,1140.178,72055326.66325,0
1618458300000,63196.05,63263.28,63094.28,63139.95,1096.403,1618459199999,69255958.74379,13469,586.265,37033960.85013,0
1618459200000,63139.96,63430.49,63118.70,63387.12,1798.400,1618460099999,113870859.96157,20366,891.969,56475126.17007,0
1618460100000,63387.13,63560.00,63338.14,63400.12,2245.687,1618460999999,142485339.53895,22741,1276.129,80979032.12242,0
1618461000000,63400.12,63458.70,63232.61,63290.35,1653.746,1618461899999,104718196.83704,16883,577.955,36599058.88485,0
1618461900000,63290.35,63303.98,62946.60,63043.18,2266.211,1618462799999,142996356.57505,22230,964.921,60893832.61877,0
1618462800000,63044.50,63166.98,63010.52,63070.56,1159.381,1618463699999,73144425.90688,13231,608.510,38392662.19399,0
1618463700000,63067.92,63067.92,62772.30,62869.00,1810.981,1618464599999,113892380.81563,21643,808.303,50834461.70716,0
1618464600000,62869.00,63049.50,62832.99,62994.54,1228.291,1618465499999,77326050.06715,14835,691.524,43536120.00496,0
1618465500000,62994.54,63356.63,62984.66,63182.13,2187.491,1618466399999,138290188.49822,22458,1064.274,67279039.08371,0
1618466400000,63187.11,63392.00,63185.34,63310.85,1592.335,1618467299999,100789629.46900,17437,891.601,56437029.59817,0
1618467300000,63310.85,63380.00,63071.23,63104.40,1607.039,1618468199999,101633294.09894,17623,739.198,46756125.76561,0
1618468200000,63097.69,63150.00,62932.71,62982.00,1686.955,1618469099999,106342541.93643,17903,770.735,48590785.97901,0
1618469100000,62981.99,63107.95,62819.59,63029.98,1983.205,1618469999999,124887769.80025,19897,1054.841,66432088.94316,0
1618470000000,63029.99,63298.28,63021.52,63208.88,1898.231,1618470899999,119920231.18583,20322,940.238,59395087.90451,0
1618470900000,63208.87,63229.27,62862.00,63132.29,1752.875,1618471799999,110500116.43598,19872,861.635,54313180.50533,0
1618471800000,63132.29,63159.64,62860.00,62878.98,1528.447,1618472699999,96265702.96858,17376,694.369,43735122.53151,0
1618472700000,62880.00,63049.50,62843.00,62933.31,1454.826,1618473599999,91580468.71371,17485,786.932,49538345.16783,0
1618473600000,62932.83,63223.60,62926.03,62964.53,2198.679,1618474499999,138654238.99908,24817,1083.009,68301372.23508,0
1618474500000,62964.53,62990.40,62640.04,62774.29,3347.800,1618475399999,210264760.28358,33595,1398.601,87843102.48170,0
1618475400000,62768.37,62925.00,62666.00,62889.92,1577.868,1618476299999,99101182.05341,18128,780.705,49036547.55861,0
1618476300000,62889.92,62942.07,62610.00,62719.28,2108.304,1618477199999,132345709.10415,20651,943.145,59212634.95785,0
1618477200000,62720.79,62856.00,62621.69,62780.80,1566.309,1618478099999,98258375.32709,18297,739.942,46418611.21550,0
1618478100000,62780.80,62901.01,62723.60,62819.86,1566.145,1618478999999,98387174.14280,16207,802.116,50392901.26014,0
1618479000000,62819.85,62937.63,62681.81,62737.60,1437.016,1618479899999,90275254.55992,17249,693.938,43597772.38787,0
1618479900000,62737.60,62789.83,62600.00,62729.97,1787.947,1618480799999,112078109.78396,18928,857.291,53743308.78385,0
1618480800000,62729.97,62830.00,62672.99,62687.82,1346.554,1618481699999,84511507.09792,17156,624.846,39219928.48929,0
1618481700000,62687.82,62742.61,62431.78,62516.00,2915.406,1618482599999,182426963.24942,30907,1319.833,82590777.14097,0
1618482600000,62514.13,62643.04,62350.00,62642.93,2181.636,1618483499999,136365076.93966,26068,1074.172,67155552.27040,0
1618483500000,62642.92,62643.04,62252.04,62268.01,2971.206,1618484399999,185389042.84855,34802,1317.258,82196009.24518,0
1618484400000,62264.83,62398.06,62157.89,62300.99,2898.926,1618485299999,180521482.05309,36047,1449.478,90270727.22447,0
1618485300000,62301.00,62526.00,62297.04,62466.58,2137.705,1618486199999,133461046.63092,24605,1141.792,71284388.97312,0
1618486200000,62466.59,62574.81,62391.01,62515.14,1350.282,1618487099999,84392075.91438,19473,711.400,44464728.64727,0
1618487100000,62515.14,62598.00,62410.00,62461.25,1235.129,1618487999999,77193114.41673,17083,601.576,37601182.66086,0
1618488000000,62461.25,62750.00,62461.24,62698.58,2356.325,1618488899999,147592883.52867,29575,1194.732,74830244.59467,0
1618488900000,62695.32,62747.00,62619.37,62746.95,1279.061,1618489799999,80150399.84722,16783,665.031,41675275.60359,0
1618489800000,62746.95,62831.60,62695.64,62818.72,1313.542,1618490699999,82444457.17229,18616,697.047,43753039.97749,0
1618490700000,62821.19,62828.00,62662.81,62742.77,1130.651,1618491599999,70922610.91140,16540,481.850,30225097.26294,0
1618491600000,62742.78,62897.85,62713.11,62807.99,1821.512,1618492499999,114440327.50876,21300,941.948,59183618.38712,0
1618492500000,62807.99,63032.80,62796.15,62908.09,2307.805,1618493399999,145232823.59840,26868,1219.039,76719737.78588,0
1618493400000,62908.10,63133.61,62880.04,63101.65,2036.993,1618494299999,128418236.66350,25833,1049.471,66165655.42345,0
1618494300000,63101.65,63174.72,62950.00,63015.25,1806.113,1618495199999,113854025.03534,21403,803.775,50673905.25424,0
1618495200000,63015.26,63089.00,62795.03,62908.40,2012.676,1618496099999,126646006.29566,25922,857.551,53963955.30339,0
1618496100000,62908.41,62979.25,62781.12,62895.92,1134.224,1618496999999,71330089.97881,16182,517.856,32570004.87624,0
1618497000000,62895.92,63020.00,62775.02,62791.73,1530.592,1618497899999,96264058.08288,19182,781.345,49145954.49437,0
1618497900000,62791.73,62868.00,62657.71,62747.46,1632.507,1618498799999,102458709.35664,20695,783.381,49169953.97755,0
1618498800000,62747.45,62851.88,62550.00,62747.11,2186.504,1618499699999,137052787.77919,24578,1089.649,68311764.41009,0
1618499700000,62747.11,62866.32,62505.01,62571.31,2058.240,1618500599999,128976334.83802,22392,893.394,55991685.21545,0
1618500600000,62570.40,62678.00,62470.00,62660.68,1555.979,1618501499999,97403098.03798,18665,782.643,49002890.90747,0
1618501500000,62661.68,62836.00,62610.95,62787.12,1496.837,1618502399999,93936726.93206,18405,817.171,51285416.56690,0
1618502400000,62787.12,63070.00,62670.00,63013.51,3965.753,1618503299999,249520840.10408,41719,2020.400,127130136.34573,0
1618503300000,63022.99,63022.99,62750.00,62822.71,1745.255,1618504199999,109715877.14973,20607,787.069,49477157.41180,0
1618504200000,62822.70,62823.13,62583.22,62693.50,1734.358,1618505099999,108721964.33649,21321,798.231,50040991.89779,0
1618505100000,62693.49,62865.00,62690.01,62775.55,1310.135,1618505999999,82277384.57476,15976,602.395,37828916.61903,0
1618506000000,62769.00,62823.93,62520.45,62638.05,1702.938,1618506899999,106672517.77190,20711,784.084,49113396.08351,0
1618506900000,62638.62,62692.74,62471.11,62575.37,1372.079,1618507799999,85870173.02678,16844,595.245,37257350.46717,0
1618507800000,62575.36,62680.00,62410.61,62606.63,1505.428,1618508699999,94135237.16712,19238,668.717,41822753.64309,0
1618508700000,62606.64,62708.07,62567.20,62694.64,1105.153,1618509599999,69225148.06882,14519,619.052,38778501.34059,0
1618509600000,62694.64,62736.52,62614.36,62691.92,924.100,1618510499999,57923470.14523,11842,456.403,28608331.38296,0
1618510500000,62691.91,62755.00,62635.82,62641.83,720.534,1618511399999,45184874.81790,9216,360.338,22598658.23682,0
1618511400000,62641.83,62955.15,62641.82,62860.79,1691.181,1618512299999,106259516.08396,17171,982.042,61699579.96868,0
1618512300000,62860.80,62886.06,62792.03,62831.06,910.741,1618513199999,57228282.85591,10396,386.541,24291090.25467,0
1618513200000,62831.06,63040.00,62828.91,62941.34,1542.877,1618514099999,97127335.71200,20001,774.920,48784211.61599,0
1618514100000,62941.34,63323.88,62917.59,63298.06,2576.131,1618514999999,162654028.20020,31115,1447.992,91430248.61815,0
1618515000000,63297.74,63400.00,63207.00,63393.43,2667.368,1618515899999,168878760.00412,30229,1361.085,86186182.48919,0
1618515900000,63393.43,63697.00,63385.04,63469.69,4813.798,1618516799999,305868453.24599,49180,2420.450,153807837.84116,0
1618516800000,63469.68,63600.00,63285.99,63324.68,3393.754,1618517699999,215383739.75237,33090,1397.551,88699710.13740,0
1618517700000,63326.88,63661.02,63276.13,63661.02,2281.363,1618518599999,144908009.32804,24732,1266.579,80455057.91566,0
1618518600000,63661.02,63685.05,63427.00,63433.83,1529.541,1618519499999,97166964.19697,18393,679.340,43159878.00519,0
1618519500000,63433.83,63476.71,63300.20,63460.55,1148.033,1618520399999,72784147.88109,14787,603.638,38272714.18155,0
1618520400000,63460.54,63575.81,63410.00,63568.02,1043.969,1618521299999,66309727.03037,13952,519.753,33012517.35375,0
1618521300000,63568.03,63578.63,63335.08,63442.34,1023.625,1618522199999,64920692.55234,15229,455.469,28883556.14844,0
1618522200000,63439.25,63905.83,63408.00,63766.72,2395.838,1618523099999,152647603.45014,30765,1311.028,83537517.86475,0
1618523100000,63766.72,63784.84,63402.53,63458.43,1702.181,1618523999999,108145331.92788,21534,762.550,48439891.83675,0
1618524000000,63458.44,63602.27,63375.26,63555.19,1867.695,1618524899999,118559282.19600,19637,991.541,62946063.92783,0
1618524900000,63555.18,63600.50,63312.54,63427.13,1922.240,1618525799999,121953420.63264,19296,884.847,56140708.51837,0
1618525800000,63427.12,63539.08,63380.58,63394.60,1016.123,1618526699999,64478134.45303,12834,473.317,30035976.58910,0
1618526700000,63394.61,63435.57,63300.00,63352.94,1345.782,1618527599999,85277793.90576,14229,780.761,49474870.41021,0
1618527600000,63352.95,63464.26,63317.05,63364.06,1109.554,1618528499999,70338662.22129,15350,551.776,34980612.68539,0
1618528500000,63364.06,63434.28,63051.29,63233.76,2290.127,1618529399999,144765337.63786,25086,846.921,53537569.53976,0
1618529400000,63243.12,63271.26,63077.78,63148.09,1186.562,1618530299999,74973775.13672,14755,532.570,33651635.71051,0
1618530300000,63148.10,63303.17,63148.09,63232.55,1076.285,1618531199999,68073425.99039,10635,633.399,40062911.66604,0
1618531200000,63232.56,63416.02,63145.00,63160.70,2005.653,1618532099999,126894374.57828,21963,967.824,61249278.87616,0
1618532100000,63160.71,63534.29,63151.12,63349.08,2135.453,1618532999999,135414614.92183,21876,1100.522,69783923.28369,0
1618533000000,63349.08,63574.43,63349.08,63519.23,1361.642,1618533899999,86450952.66048,17192,672.623,42701633.88226,0
1618533900000,63519.23,63600.00,63450.00,63456.92,1402.002,1618534799999,89091788.89330,16200,644.862,40980178.46207,0
1618534800000,63456.92,63570.66,63336.30,63440.82,1619.878,1618535699999,102769315.96607,17145,772.491,49011733.54143,0
1618535700000,63440.81,63458.00,63270.70,63317.53,1315.180,1618536599999,83324986.35143,14646,612.352,38793977.34181,0
1618536600000,63315.00,63317.38,62867.20,62974.28,3200.222,1618537499999,201798921.47263,34485,1351.557,85222251.25780,0
1618537500000,62974.28,63218.56,62800.88,63120.00,2296.114,1618538399999,144684314.37787,24951,1183.717,74594502.18976,0
1618538400000,63120.00,63187.28,63039.46,63074.96,941.839,1618539299999,59445738.31388,13598,460.188,29047066.36578,0
1618539300000,63074.95,63297.08,62955.01,63279.51,1228.666,1618540199999,77575664.67577,17351,620.626,39191358.93860,0
1618540200000,63284.29,63284.30,62991.80,63056.01,1120.861,1618541099999,70736609.57076,15219,524.866,33121883.64008,0
1618541100000,63056.02,63138.29,62840.00,62936.12,1792.336,1618541999999,112861367.20060,18560,884.333,55690691.74443,0
1618542000000,62936.11,63063.99,62833.33,63000.02,1706.321,1618542899999,107430343.94424,17225,797.247,50197843.08666,0
1618542900000,63000.02,63282.39,62925.65,63198.25,1787.312,1618543799999,112863386.94607,18873,896.621,56609540.41470,0
1618543800000,63198.25,63286.50,63060.01,63103.36,1179.453,1618544699999,74500966.58431,14182,542.911,34295063.55319,0
1618544700000,63103.36,63194.63,62974.69,63045.25,993.213,1618545599999,62652449.59246,11616,487.965,30785738.84795,0
1618545600000,63047.99,63059.86,62670.00,62790.01,3335.661,1618546499999,209493785.40432,34436,1454.158,91321147.12575,0
1618546500000,62790.00,62869.98,62726.00,62808.20,1129.419,1618547399999,70930467.87688,14010,530.736,33333594.56413,0
1618547400000,62808.19,62822.41,61845.00,62106.64,9729.243,1618548299999,605237616.38663,90619,3755.404,233543583.22803,0
1618548300000,62106.63,62234.00,61666.41,61743.53,4936.497,1618549199999,305903267.86225,51077,2123.979,131666374.34656,0
1618549200000,61745.40,62189.51,61430.91,62079.84,7129.138,1618550099999,440623029.89968,70508,3225.328,199450847.28968,0
1618550100000,62079.83,62246.89,62000.00,62102.09,2852.319,1618550999999,177224690.60746,27767,1437.987,89357902.66001,0
1618551000000,62102.08,62139.35,61515.15,61938.39,4765.418,1618551899999,294354989.06171,51899,2371.567,146470605.61621,0
1618551900000,61937.23,62030.00,61731.98,61902.25,2104.603,1618552799999,130224859.29544,25197,1026.797,63540474.54155,0
1618552800000,61902.25,61902.25,61137.16,61625.65,10576.363,1618553699999,649592496.98730,96427,4655.563,285966455.99727,0
1618553700000,61625.64,61670.00,61150.00,61446.03,4576.195,1618554599999,280784389.80263,48169,2239.350,137415090.04094,0
1618554600000,61450.19,61617.97,61160.15,61570.34,4440.248,1618555499999,272763399.37877,42516,2338.436,143669352.26768,0
1618555500000,61570.34,61688.00,61389.42,61567.91,2620.228,1618556399999,161268271.97667,28486,1406.551,86578831.13816,0
1618556400000,61567.91,61567.91,61315.19,61471.19,2541.424,1618557299999,156073233.60615,27806,1236.436,75935427.81704,0
1618557300000,61470.81,61590.10,61111.00,61543.03,4324.635,1618558199999,265270431.81416,44203,1995.946,122458067.29683,0
1618558200000,61543.04,61736.36,61484.22,61645.69,2583.151,1618559099999,159171951.27067,26355,1392.175,85788735.73157,0
1618559100000,61645.69,61690.00,61375.27,61513.57,2012.638,1618559999999,123891923.17129,22725,837.432,51558331.38687,0
1618560000000,61513.57,61737.97,61260.25,61530.83,4090.140,1618560899999,251557688.00610,42130,2030.693,124917757.51895,0
1618560900000,61530.82,61720.00,61519.41,61623.98,1756.490,1618561799999,108267986.95458,20569,908.384,55992912.40982,0
1618561800000,61623.99,61626.36,61304.08,61595.11,2106.070,1618562699999,129442563.28868,25907,948.059,58267283.85649,0
1618562700000,61595.95,61602.00,61223.09,61311.50,2692.284,1618563599999,165233595.23432,27500,1110.170,68138630.48468,0
1618563600000,61311.60,61377.51,60707.96,60827.00,9692.347,1618564499999,591319611.83756,91038,4041.771,246664967.55682,0
1618564500000,60824.04,61132.72,60606.00,60844.09,5893.173,1618565399999,358746128.89033,60717,2684.407,163503734.18560,0
1618565400000,60841.50,60962.17,60510.00,60601.96,5611.601,1618566299999,340580364.38567,60291,2580.839,156656351.81131,0
1618566300000,60605.86,60897.16,60560.00,60766.74,3082.060,1618567199999,187281708.90402,34976,1686.624,102497846.62168,0
1618567200000,60766.73,61104.05,60660.00,61024.34,4098.711,1618568099999,249732715.96856,42165,2525.365,153885264.95437,0
1618568100000,61024.35,61042.10,60757.00,60963.01,1967.995,1618568999999,119860671.94691,25976,849.272,51725128.42152,0
1618569000000,60960.04,60970.44,60356.00,60500.01,4931.242,1618569899999,298727908.48108,58122,2066.152,125176737.79242,0
1618569900000,60499.99,60665.01,60366.00,60377.99,3210.152,1618570799999,194273530.44335,38447,1593.473,96452636.90311,0
1618570800000,60377.98,60780.15,60324.74,60633.21,3175.321,1618571699999,192409254.03681,38124,1707.720,103497496.06909,0
1618571700000,60633.21,60700.00,60100.00,60666.21,6992.307,1618572599999,422151543.87355,68596,3195.466,193013629.95778,0
1618572600000,60666.21,60827.05,60481.40,60725.19,2855.200,1618573499999,173187790.04853,35622,1423.300,86349954.79356,0
1618573500000,60721.96,60960.00,60623.83,60939.48,2574.709,1618574399999,156564265.63159,31182,1337.778,81360715.23444,0
1618574400000,60939.48,60939.48,60665.00,60765.48,2405.983,1618575299999,146194168.49495,28796,1120.449,68082319.88223,0
1618575300000,60760.87,60985.86,60603.55,60971.85,2447.499,1618576199999,148778591.24187,27948,1189.110,72313232.15112,0
1618576200000,60971.85,61115.73,60800.00,60878.38,2722.103,1618577099999,165970046.72145,32745,1352.430,82472232.90104,0
1618577100000,60878.37,60965.00,60775.78,60808.00,1510.500,1618577999999,91957985.46747,18215,630.821,38407344.40219,0
1618578000000,60808.00,61072.56,60632.04,61069.99,2741.684,1618578899999,166769823.27106,31378,1391.659,84666509.22946,0
1618578900000,61070.00,61200.00,60983.11,61191.48,2810.817,1618579799999,171700312.72835,30566,1379.124,84265228.90491,0
1618579800000,61191.49,61256.12,60867.37,60973.06,3821.439,1618580699999,233466458.10078,37549,1572.700,96105806.11857,0
1618580700000,60973.06,60974.99,60326.00,60633.48,6700.064,1618581599999,406115737.16844,68025,3013.306,182657803.71029,0
1618581600000,60633.49,61050.00,60610.15,60993.79,3232.044,1618582499999,196765634.58054,35165,1683.700,102505236.66830,0
1618582500000,60993.78,61536.96,60800.00,61382.19,5639.910,1618583399999,345372680.06262,55538,2926.480,179231679.62401,0
1618583400000,61386.88,61500.18,61237.14,61406.76,2977.224,1618584299999,182704994.99462,32526,1569.481,96332519.88185,0
1618584300000,61405.28,61557.23,61302.33,61350.28,2285.899,1618585199999,140426413.54404,24861,1138.053,69918956.02290,0
1618585200000,61350.29,61409.17,61196.40,61303.19,1833.664,1618586099999,112425384.52764,23096,814.444,49940356.42917,0
1618586100000,61303.75,61480.00,61250.00,61414.68,1444.411,1618586999999,88607671.83387,18644,774.698,47524745.32414,0
1618587000000,61414.68,61600.00,61333.54,61432.50,2282.573,1618587899999,140341169.11885,25667,1194.625,73450669.12868,0
1618587900000,61432.51,61708.30,61387.43,61620.18,2258.734,1618588799999,139140002.42684,27778,1203.297,74123141.56071,0
1618588800000,61617.61,61754.97,61397.43,61500.00,2933.377,1618589699999,180629582.10615,34249,1439.145,88636012.30874,0
1618589700000,61500.00,61618.70,61315.66,61387.10,2681.197,1618590599999,164758153.03885,29544,1140.036,70068739.99939,0
1618590600000,61387.10,61618.18,61350.38,61613.95,1558.947,1618591499999,95878966.20531,19085,810.415,49840676.46334,0
1618591500000,61613.95,61900.00,61612.12,61799.66,2757.701,1618592399999,170385769.99584,30164,1332.106,82303825.76260,0
1618592400000,61799.66,61863.19,61710.37,61781.99,1263.632,1618593299999,78056571.55062,18274,577.342,35665002.97013,0
1618593300000,61781.99,61928.88,61750.00,61777.46,1490.364,1618594199999,92152479.99383,19672,699.757,43269822.62117,0
1618594200000,61771.49,61894.00,61695.52,61728.65,1609.865,1618595099999,99493363.60763,18632,601.190,37165363.79644,0
1618595100000,61728.65,61832.08,61621.43,61659.03,1229.653,1618595999999,75916043.56852,17119,568.736,35117505.09944,0
1618596000000,61659.03,61747.81,61365.00,61490.62,1893.531,1618596899999,116530565.04382,23649,793.890,48866968.28288,0
1618596900000,61490.62,61503.80,61184.03,61277.94,2438.611,1618597799999,149551808.54191,28405,1128.951,69239069.98359,0
1618597800000,61277.94,61544.99,61275.00,61518.10,1181.847,1618598699999,72611818.10145,15418,622.191,38226639.20574,0
1618598700000,61518.10,61889.34,61511.39,61877.49,1721.871,1618599599999,106282228.90029,22141,1003.548,61943477.40891,0
1618599600000,61877.49,61957.60,61659.38,61723.05,2139.238,1618600499999,132230533.03161,21673,1008.461,62344548.95611,0
1618600500000,61723.05,61833.83,61457.17,61594.99,1592.179,1618601399999,98095985.46480,20387,772.372,47585838.03750,0
1618601400000,61594.99,61817.60,61594.98,61782.82,1062.594,1618602299999,65580817.76701,14478,559.398,34522127.59330,0
1618602300000,61786.70,61829.00,61629.94,61782.30,1044.770,1618603199999,64519716.26545,13243,455.913,28156988.89965,0
1618603200000,61783.99,61895.99,61693.86,61814.97,1689.092,1618604099999,104393488.43630,17647,797.552,49293722.00098,0
1618604100000,61814.98,61917.71,61746.39,61909.02,1224.788,1618604999999,75730814.35830,14035,598.472,37009502.07097,0
1618605000000,61909.02,62036.74,61869.62,61874.85,1671.761,1618605899999,103573796.04504,19480,882.916,54706406.34426,0
1618605900000,61874.85,62093.52,61874.85,61973.89,1694.202,1618606799999,105026324.77863,18218,932.248,57794714.14722,0
1618606800000,61974.29,62145.04,61974.29,62119.09,1231.902,1618607699999,76471196.95538,15661,640.137,39734651.98721,0
1618607700000,62119.09,62124.24,61772.85,61828.39,1653.203,1618608599999,102448713.92542,18468,580.476,35979400.84236,0
1618608600000,61828.38,61999.00,61783.48,61928.12,810.265,1618609499999,50158991.22942,12322,380.912,23579844.31329,0
1618609500000,61928.12,61972.00,61788.41,61788.41,589.495,1618610399999,36488304.14247,9382,224.769,13914941.72968,0
1618610400000,61788.41,61881.04,61627.20,61726.23,1172.552,1618611299999,72405204.80793,16940,523.440,32327832.97180,0
1618611300000,61726.24,61826.39,61657.27,61783.86,810.999,1618612199999,50082783.07831,11253,400.297,24720890.92833,0
1618612200000,61783.86,62032.06,61781.66,61886.25,1300.811,1618613099999,80566749.59872,15021,671.496,41584532.88599,0
1618613100000,61886.25,61919.03,61588.00,61606.02,1213.187,1618613999999,74899086.46417,16204,536.022,33097122.63194,0
1618614000000,61606.02,61669.92,61525.56,61595.35,1211.456,1618614899999,74616512.88116,15671,607.094,37395127.93763,0
1618614900000,61595.18,61719.36,61567.00,61625.29,812.289,1618615799999,50069884.87670,11755,426.362,26281455.41960,0
1618615800000,61625.28,61703.89,61517.46,61573.10,1127.724,1618616699999,69465170.60768,12775,532.582,32811651.80995,0
1618616700000,61573.10,61635.04,61410.86,61424.67,1365.115,1618617599999,83976944.05889,16232,595.604,36642561.68817,0
1618617600000,61424.67,61785.00,61337.07,61713.00,2291.951,1618618499999,141148085.72232,24790,1213.821,74748280.92125,0
1618618500000,61712.99,61768.87,61250.00,61376.30,2617.668,1618619399999,160804109.22389,26038,1217.950,74810859.66254,0
1618619400000,61376.30,61428.00,61201.19,61268.05,1412.019,1618620299999,86573499.89406,16700,685.616,42038155.48144,0
1618620300000,61268.04,61578.15,61262.64,61496.31,1065.715,1618621199999,65502741.87971,15014,536.472,32969689.85746,0
1618621200000,61496.32,61818.88,61496.32,61692.78,1519.922,1618622099999,93781000.62173,18704,739.252,45609325.86432,0
1618622100000,61692.78,61990.00,61692.78,61948.84,1250.144,1618622999999,77350022.72762,16186,644.742,39891216.72237,0
1618623000000,61948.84,62049.00,61837.00,62014.86,1677.479,1618623899999,103911302.25448,17842,807.217,50006879.81568,0
1618623900000,62012.69,62083.13,61895.44,61943.76,1171.858,1618624799999,72636033.67093,13799,496.137,30751323.44659,0
1618624800000,61944.32,62197.99,61944.32,62062.37,1711.462,1618625699999,106258640.30588,19413,928.117,57623188.55594,0
1618625700000,62062.38,62316.26,62057.22,62288.56,1876.457,1618626599999,116748978.80574,21132,1040.405,64731383.33437,0
1618626600000,62288.57,62375.29,62180.83,62329.74,1539.675,1618627499999,95893670.65282,17655,731.016,45532711.26936,0
1618627500000,62329.74,62369.56,62221.18,62230.99,1070.349,1618628399999,66671276.36814,13029,388.969,24230643.10781,0
1618628400000,62232.57,62315.30,62142.74,62214.18,1186.392,1618629299999,73804204.54021,14973,481.631,29962749.62939,0
1618629300000,62214.17,62295.00,62171.16,62268.79,1106.055,1618630199999,68836284.51967,14280,601.160,37415510.42559,0
1618630200000,62268.79,62610.00,62261.91,62556.39,1910.208,1618631099999,119284596.82717,24100,1242.998,77631808.74084,0
1618631100000,62559.79,62588.50,62401.00,62456.46,1120.588,1618631999999,69999200.64894,15695,508.102,31739776.22057,0
1618632000000,62456.49,62515.09,62252.80,62318.14,1487.604,1618632899999,92822677.25404,15608,486.055,30335015.86669,0
1618632900000,62318.13,62412.72,62198.40,62293.56,1360.233,1618633799999,84767719.34546,14143,627.786,39132746.47714,0
1618633800000,62293.56,62374.11,62173.70,62176.67,1071.694,1618634699999,66749915.21162,12934,526.718,32810404.22666,0
1618634700000,62176.68,62350.00,62176.67,62294.63,865.690,1618635599999,53902197.60860,11048,482.504,30042192.04539,0
1618635600000,62294.54,62303.46,62175.23,62182.05,675.383,1618636499999,42033048.52617,10471,258.197,16070271.67607,0
1618636500000,62182.04,62234.70,62065.23,62195.58,996.889,1618637399999,61960529.52989,14476,418.571,26018547.04349,0
1618637400000,62195.58,62347.33,62143.04,62285.00,1029.403,1618638299999,64102557.73688,12906,544.906,33932203.68493,0
1618638300000,62285.01,62365.60,62170.38,62238.99,892.936,1618639199999,55600717.21960,11548,434.345,27048863.69187,0
1618639200000,62238.99,62250.28,61921.55,62039.51,1762.637,1618640099999,109379366.45800,21460,761.295,47243256.27308,0
1618640100000,62039.51,62145.43,61959.23,62073.99,1021.818,1618640999999,63413488.02266,13565,539.649,33493597.39956,0
1618641000000,62074.00,62173.35,62050.00,62109.83,786.600,1618641899999,48855773.03385,11671,417.697,25942670.82505,0
1618641900000,62109.84,62215.06,62043.57,62070.49,754.998,1618642799999,46908947.93451,10766,310.732,19309187.83615,0
1618642800000,62070.48,62365.86,62007.16,62254.08,1468.816,1618643699999,91395921.86939,18211,753.727,46899783.62304,0
1618643700000,62254.08,62296.29,62095.75,62100.03,1081.917,1618644599999,67285770.48662,13955,495.031,30789120.33368,0
1618644600000,62100.03,62322.45,62025.71,62316.24,1380.569,1618645499999,85853056.53395,16015,659.294,40996890.43362,0
1618645500000,62316.24,62356.01,62124.99,62165.28,1050.171,1618646399999,65360018.47160,13903,460.842,28679410.88342,0
1618646400000,62165.29,62393.24,62165.29,62296.40,2107.879,1618647299999,131336028.81380,21923,1100.834,68590730.27721,0
1618647300000,62296.40,62381.75,62200.00,62263.13,885.180,1618648199999,55139141.16638,11792,400.696,24960500.77382,0
1618648200000,62263.13,62316.67,62225.11,62277.62,606.004,1618649099999,37733349.26623,9599,281.232,17511962.58233,0
1618649100000,62277.62,62479.82,62251.64,62472.16,1209.935,1618649999999,75476328.43860,14334,691.321,43129447.09848,0
1618650000000,62472.16,62550.00,62190.00,62247.62,2022.823,1618650899999,126137608.94900,22917,950.990,59291794.53836,0
1618650900000,62247.62,62247.63,61745.00,61839.42,4348.800,1618651799999,269400551.28278,45977,1876.486,116241083.99620,0
1618651800000,61839.41,61933.00,61737.54,61821.92,1945.241,1618652699999,120279924.87148,23654,1017.370,62907930.11154,0
1618652700000,61822.50,61822.50,61561.00,61794.59,2692.734,1618653599999,166126058.32706,31793,1225.016,75584392.97626,0
1618653600000,61796.04,61916.00,61485.02,61845.67,2954.668,1618654499999,182312859.78976,32772,1505.616,92932503.78013,0
1618654500000,61845.66,61975.66,61688.82,61692.08,1920.995,1618655399999,118797841.41218,21243,921.017,56964899.99424,0
1618655400000,61692.07,61795.48,61600.00,61615.09,1166.506,1618656299999,71965464.70739,15428,543.792,33549992.21458,0
1618656300000,61615.09,61749.00,61332.00,61469.83,2913.748,1618657199999,179224785.19152,31546,1385.619,85233308.73264,0
1618657200000,61469.82,61488.62,61276.00,61481.05,2429.529,1618658099999,149155028.60955,25673,1093.130,67118005.30261,0
1618658100000,61480.00,61539.88,61187.00,61253.72,2568.223,1618658999999,157556115.83531,28585,1231.623,75579105.98140,0
1618659000000,61253.72,61259.13,60766.00,61030.00,6580.195,1618659899999,401311476.76892,63404,2948.653,179812672.70076,0
1618659900000,61030.00,61262.16,60900.02,60973.99,3313.031,1618660799999,202417696.43785,35065,1655.637,101150476.15244,0
1618660800000,60973.99,60977.16,60565.83,60936.00,5695.762,1618661699999,346133309.83907,57375,2653.680,161280686.99938,0
1618661700000,60936.00,61072.00,60830.07,60851.43,2230.370,1618662599999,135979409.88543,24881,1094.178,66714247.51818,0
1618662600000,60850.31,61151.00,60710.80,61118.08,3240.649,1618663499999,197517250.53846,31185,1681.145,102495554.51431,0
1618663500000,61118.07,61156.87,60969.00,61133.44,1914.054,1618664399999,116909220.41267,20106,1001.222,61156718.95868,0
1618664400000,61134.39,61134.39,60950.00,60953.05,1724.634,1618665299999,105296806.59443,18417,707.634,43210738.52970,0
1618665300000,60953.05,60955.50,60400.00,60840.00,5269.515,1618666199999,319723135.95821,52062,2418.983,146802982.14533,0
1618666200000,60840.00,61244.00,60840.00,61239.23,3679.002,1618667099999,224730788.82671,35273,1971.249,120411318.58632,0
1618667100000,61239.24,61242.69,61050.05,61110.39,1770.390,1618667999999,108254950.68969,18954,782.340,47838115.29982,0
1618668000000,61110.39,61296.56,60888.88,61167.84,3231.389,1618668899999,197506234.82739,32231,1629.234,99598563.14394,0
1618668900000,61167.84,61169.90,60830.86,60944.30,2224.697,1618669799999,135670260.53401,24885,963.435,58772051.69793,0
1618669800000,60946.29,61069.60,60783.90,60897.36,1978.436,1618670699999,120555555.00371,20390,1033.777,63002436.48702,0
1618670700000,60897.36,60956.53,60641.01,60700.00,1929.944,1618671599999,117318753.24811,24379,885.833,53854735.68499,0
1618671600000,60700.01,60747.91,60510.00,60581.01,2672.948,1618672499999,162035516.01765,31784,1291.353,78291773.53692,0
1618672500000,60584.58,60713.74,60351.11,60664.74,3863.862,1618673399999,233822775.12040,44392,1843.302,111584381.26388,0
1618673400000,60664.89,60676.00,60153.59,60220.39,5229.009,1618674299999,315546163.55886,52550,2113.343,127517934.42792,0
1618674300000,60220.40,60502.95,60152.13,60338.15,3460.395,1618675199999,208739415.68983,38612,1870.084,112821525.62390,0
1618675200000,60338.15,60662.16,60000.00,60629.18,7700.674,1618676099999,464402890.03274,75697,3889.298,234680737.48415,0
1618676100000,60629.91,60666.23,60413.30,60591.93,1796.314,1618676999999,108697755.62896,22684,917.876,55547602.99811,0
1618677000000,60591.93,60681.78,60481.40,60671.21,1053.954,1618677899999,63837292.23840,17008,561.879,34036824.63982,0
1618677900000,60671.20,60763.08,60459.74,60467.89,1789.096,1618678799999,108471422.69360,23335,796.325,48292918.93774,0
1618678800000,60467.89,60658.29,60386.68,60538.68,1512.288,1618679699999,91511477.68877,19382,688.340,41660001.40255,0
1618679700000,60538.68,60683.48,60481.40,60613.93,998.011,1618680599999,60482202.82815,14978,535.069,32429416.54285,0
1618680600000,60613.28,60627.51,60420.00,60429.16,1191.912,1618681499999,72157245.95047,14146,443.641,26863197.24953,0
1618681500000,60423.25,60518.38,59664.83,59759.70,8167.111,1618682399999,489805987.70035,82148,3136.205,188101180.55858,0
1618682400000,59759.70,60245.46,59620.00,60239.33,5415.762,1618683299999,324631867.62694,58752,3001.371,179931203.89262,0
1618683300000,60236.04,60427.47,60215.77,60311.42,2906.242,1618684199999,175349224.52516,31438,1598.503,96449957.53797,0
1618684200000,60312.22,60600.51,60304.54,60508.49,2748.780,1618685099999,166271103.73738,26014,1443.859,87331152.34679,0
1618685100000,60508.48,60508.49,60390.00,60449.36,1280.609,1618685999999,77381089.48043,14136,579.379,35010094.10854,0
1618686000000,60449.36,60800.00,60449.36,60789.76,3008.743,1618686899999,182562571.11213,28365,1845.481,111971577.73007,0
1618686900000,60789.76,60870.36,60632.97,60680.51,1674.352,1618687799999,101681638.61509,20453,787.350,47819447.82003,0
1618687800000,60680.50,60779.72,60630.73,60726.36,735.331,1618688699999,44649043.87316,12804,434.503,26384480.06491,0
1618688700000,60726.81,60811.18,60674.55,60779.32,915.293,1618689599999,55601317.45996,13185,460.086,27949260.28433,0
1618689600000,60779.32,60830.00,60672.48,60739.13,1314.653,1618690499999,79853904.37425,14470,524.775,31879460.96258,0
1618690500000,60739.13,60779.46,60677.81,60699.27,672.316,1618691399999,40822139.15171,10724,252.308,15320560.52124,0
1618691400000,60699.26,60930.00,60699.26,60919.73,1100.774,1618692299999,66955261.89650,15696,612.820,37275039.15144,0
1618692300000,60919.73,60980.00,60831.27,60880.08,1042.792,1618693199999,63510568.80043,14274,471.880,28741359.17145,0
1618693200000,60880.07,60885.10,60761.93,60849.94,747.280,1618694099999,45457383.38850,12279,316.409,19249460.03515,0
1618694100000,60849.94,60985.00,60788.32,60978.00,701.284,1618694999999,42694808.39868,12935,420.717,25615751.38285,0
1618695000000,60978.69,61035.16,60820.24,60833.07,748.789,1618695899999,45632479.69669,14989,367.330,22388695.90496,0
1618695900000,60832.29,60878.57,60655.67,60787.66,1225.451,1618696799999,74445347.29763,16498,495.191,30088561.25598,0
1618696800000,60787.66,60879.38,60687.05,60841.46,845.284,1618697699999,51370504.20015,12668,404.817,24605058.28026,0
1618697700000,60841.47,60890.00,60750.90,60750.91,722.391,1618698599999,43941079.67512,11162,350.666,21330204.85223,0
1618698600000,60750.91,60801.70,60434.00,60453.00,1553.433,1618699499999,94110795.47275,21331,618.846,37494052.80672,0
1618699500000,60453.00,60811.85,60419.21,60704.50,1281.222,1618700399999,77732182.79266,16217,633.776,38444029.05479,0
1618700400000,60704.49,60875.83,60651.45,60668.16,1145.050,1618701299999,69580625.57853,14290,588.010,35735387.40581,0
1618701300000,60668.15,60680.49,60330.00,60362.30,1927.762,1618702199999,116523140.42316,22228,894.097,54044100.96422,0
1618702200000,60362.29,60434.62,60211.78,60231.01,1710.034,1618703099999,103109863.63883,20185,808.543,48755921.76440,0
1618703100000,60231.01,60462.86,60040.00,60090.14,2483.465,1618703999999,149560369.85162,27866,1058.469,63757553.40510,0
1618704000000,60090.14,60449.98,60040.00,60381.47,3173.970,1618704899999,191256509.99257,30910,1777.365,107094327.43017,0
1618704900000,60381.47,60450.00,59650.00,59674.39,5003.858,1618705799999,299939469.36788,50925,2006.082,120270987.72839,0
1618705800000,59674.38,59848.59,59322.00,59770.01,6447.323,1618706699999,384423943.65638,65141,2795.859,166811490.58168,0
1618706700000,59770.01,59830.00,59465.33,59496.64,3047.372,1618707599999,181844552.03087,29148,1450.449,86577307.83263,0
1618707600000,59497.00,59766.82,59335.00,59358.42,2932.845,1618708499999,174742566.48817,32727,1410.086,84047162.31182,0
1618708500000,59358.43,59525.78,59037.04,59431.17,6996.723,1618709399999,414703666.76221,67119,2959.617,175489368.05026,0
1618709400000,59432.85,59800.00,59358.86,59691.93,2916.242,1618710299999,173912042.33282,30821,1706.041,101740075.11240,0
1618710300000,59696.26,59700.00,59169.70,59304.02,3036.151,1618711199999,180370839.75271,32334,1337.039,79412381.44429,0
1618711200000,59304.00,59564.67,59200.00,59257.47,2738.923,1618712099999,162637640.14890,28982,1556.805,92462648.27930,0
1618712100000,59257.49,59258.24,58644.70,59153.03,8540.819,1618712999999,503257952.49986,81380,3570.135,210408452.50454,0
1618713000000,59153.04,59242.06,58810.00,58924.08,3447.624,1618713899999,203557628.99652,34967,1648.302,97324929.50880,0
1618713900000,58922.34,59144.48,58676.25,58905.88,6033.622,1618714799999,355305494.11078,53278,3385.023,199373618.17420,0
1618714800000,58911.47,59080.14,58256.21,58572.20,8955.775,1618715699999,524833917.71979,87725,3642.541,213541380.46557,0
1618715700000,58566.33,58588.40,52300.00,56394.09,33244.211,1618716599999,1876275288.42447,414127,13281.099,748850506.62039,0
1618716600000,56394.09,58839.06,50050.00,53681.05,39952.135,1618717499999,2140786606.70262,579019,17800.869,954198504.92640,0
1618717500000,53681.04,55172.05,52466.63,54849.46,21694.087,1618718399999,1166814327.54035,220625,10515.558,566395116.02257,0
1618718400000,54849.47,55220.39,53909.23,54956.14,16248.148,1618719299999,887432098.82011,197353,7796.248,425934373.86343,0
1618719300000,54956.15,55754.46,54813.94,55331.64,12209.374,1618720199999,674914687.92379,145903,6183.760,341878830.57918,0
1618720200000,55331.65,56048.01,54344.00,55078.99,13983.226,1618721099999,773780979.62982,162369,6565.629,363503044.75674,0
1618721100000,55084.36,55413.28,54609.89,54880.00,8864.933,1618721999999,487715639.00548,109810,4471.936,246100937.80343,0
1618722000000,54880.00,55830.00,54783.79,55677.06,8641.182,1618722899999,479505341.39909,101565,4618.729,256284971.35258,0
1618722900000,55677.06,55809.15,55154.14,55600.98,6771.356,1618723799999,375461475.45643,77384,3256.727,180602401.68235,0
1618723800000,55600.97,55723.65,55134.92,55700.00,4717.696,1618724699999,261476401.94490,61920,2343.301,129918699.84118,0
1618724700000,55699.18,55857.21,55434.97,55607.80,4446.775,1618725599999,247564804.08413,53468,2352.436,130978288.00565,0
1618725600000,55604.73,56058.00,55490.39,56048.51,5142.785,1618726499999,287069643.48046,58993,2749.055,153489565.71812,0
1618726500000,56053.31,56456.53,55985.73,56207.88,5857.412,1618727399999,329250442.96890,67867,3258.006,183176280.60239,0
1618727400000,56207.03,56237.61,55355.65,55567.16,7223.087,1618728299999,402468694.90942,82445,2937.931,163722412.45556,0
1618728300000,55564.39,55885.59,55467.70,55788.47,3552.174,1618729199999,197895233.58517,49008,1924.770,107237304.94264,0
1618729200000,55788.47,56250.00,55763.60,56247.80,3740.514,1618730099999,209713526.70711,54420,1972.793,110599991.49873,0
1618730100000,56247.79,56500.00,56011.32,56454.93,3150.952,1618730999999,177268971.65839,44310,1655.648,93167806.66283,0
1618731000000,56454.92,56559.40,56252.57,56339.45,3414.331,1618731899999,192521885.38810,46172,1545.525,87157945.18466,0
1618731900000,56339.46,56404.98,56116.44,56216.80,2550.142,1618732799999,143421826.65509,37634,1267.809,71305186.19837,0
1618732800000,56216.96,56533.97,55697.99,56001.18,7974.053,1618733699999,447013591.98127,89112,3717.545,208488604.73868,0
1618733700000,56001.17,56396.38,55836.76,56258.56,4387.532,1618734599999,246198185.59885,48793,2127.299,119405363.72583,0
1618734600000,56258.56,56332.00,55910.59,55962.83,3006.796,1618735499999,168647857.08431,39170,1441.779,80865132.67103,0
1618735500000,55962.83,56017.87,54631.71,55059.99,14279.944,1618736399999,789579036.21969,145928,6557.789,362621382.13718,0
1618736400000,55059.99,55339.42,54600.00,55165.04,8933.262,1618737299999,491466760.53227,99822,4745.687,261136424.74470,0
1618737300000,55165.03,55339.68,54351.05,54560.49,8096.632,1618738199999,443766876.83891,88011,3934.262,215674173.64569,0
1618738200000,54560.49,54987.69,54105.91,54544.22,9910.218,1618739099999,541066105.22069,109387,4838.970,264253787.55654,0
1618739100000,54544.21,55162.07,54200.00,55024.13,10762.079,1618739999999,587950783.94026,103925,6000.672,327996758.34733,0
1618740000000,55022.99,55388.25,54730.47,55338.19,5159.245,1618740899999,284216538.31314,56557,2789.980,153729428.54463,0
1618740900000,55338.19,55343.03,54621.11,54833.75,5282.185,1618741799999,290228381.21878,58903,2505.533,137665741.99049,0
1618741800000,54833.75,55128.58,54748.75,54988.56,2886.885,1618742699999,158637202.81718,37347,1526.647,83913058.29064,0
1618742700000,54990.01,55200.00,54552.00,54678.19,3109.606,1618743599999,170673791.47729,41883,1465.906,80508444.52641,0
1618743600000,54672.01,55114.19,54610.00,54618.49,3713.548,1618744499999,203725989.80083,45658,1560.030,85572444.03071,0
1618744500000,54622.52,54986.52,54600.00,54613.37,2800.814,1618745399999,153479347.82231,34187,1375.556,75391971.26354,0
1618745400000,54613.37,54763.88,53450.17,53520.42,11096.541,1618746299999,598883275.81358,129825,4653.237,251183669.53157,0
1618746300000,53520.43,53923.00,53100.00,53349.32,9362.995,1618747199999,501205557.42517,111333,4600.612,246404750.74997,0
1618747200000,53349.32,54325.23,53320.77,53877.98,8277.997,1618748099999,446809654.10275,95518,4591.888,247862869.93481,0
1618748100000,53876.49,54400.00,53284.42,54310.42,7432.769,1618748999999,400490950.37853,89868,3911.785,210870650.76090,0
1618749000000,54310.42,54861.95,54105.35,54627.43,7506.846,1618749899999,409863826.56788,78027,4205.456,229623956.41674,0
1618749900000,54627.44,54990.00,54596.08,54964.57,3840.533,1618750799999,210375055.89750,42805,2212.200,121208655.34445,0
1618750800000,54964.58,55065.41,54650.00,55030.67,3743.983,1618751699999,205478056.76696,43793,1966.188,107937460.61153,0
1618751700000,55026.93,55220.77,54862.01,55070.00,3632.608,1618752599999,199969431.59183,44807,1866.386,102768428.33667,0
1618752600000,55070.01,55341.79,54852.26,54915.50,3528.947,1618753499999,194449186.98617,45910,1631.357,89954791.09920,0
1618753500000,54919.61,55331.43,54900.00,55179.96,3122.932,1618754399999,172214280.83059,36894,1652.010,91106077.44894,0
1618754400000,55179.97,55330.00,55060.00,55235.12,2656.335,1618755299999,146614977.74830,31139,1324.843,73136402.96134,0
1618755300000,55235.00,55785.01,55000.00,55707.59,5654.864,1618756199999,313547508.61440,62418,3452.743,191492830.63770,0
1618756200000,55712.36,55779.67,55445.93,55533.31,3415.484,1618757099999,189870060.67819,41317,1597.864,88841112.23578,0
1618757100000,55533.32,55590.53,55022.70,55159.07,3766.924,1618757999999,208362795.84549,44870,1628.083,90066418.90293,0
1618758000000,55159.07,55330.83,55000.00,55282.28,2795.424,1618758899999,154248389.66915,32745,1497.471,82647710.24588,0
1618758900000,55283.90,55531.07,55283.90,55392.94,2341.557,1618759799999,129716204.39906,30066,1144.921,63434268.12441,0
1618759800000,55399.77,55419.98,54805.65,55024.59,3763.950,1618760699999,207211928.76192,44960,1535.278,84535797.51490,0
1618760700000,55024.60,55570.00,54708.11,55470.00,4191.663,1618761599999,231229315.57018,51092,2213.636,122177734.28790,0
1618761600000,55470.01,55872.04,55255.47,55736.33,7578.199,1618762499999,421460799.44700,70738,3821.262,212659067.11525,0
1618762500000,55736.34,55984.80,55620.21,55854.46,3908.186,1618763399999,218218615.91976,47232,2057.660,114909234.10021,0
1618763400000,55857.59,55860.00,55525.20,55527.71,2963.845,1618764299999,165050869.78863,31376,1263.093,70349756.37736,0
1618764300000,55527.71,55594.95,55250.00,55446.24,2856.471,1618765199999,158315421.23811,34288,1357.300,75248453.13326,0
1618765200000,55446.24,55646.07,55334.01,55380.00,2246.735,1618766099999,124687545.85539,28087,1111.226,61678040.31238,0
1618766100000,55383.12,55479.20,55037.58,55308.93,2788.613,1618766999999,154103055.84819,33111,1277.177,70600143.05392,0
1618767000000,55308.92,55338.83,55038.12,55150.02,1918.731,1618767899999,105902250.47349,24141,913.783,50436074.30190,0
1618767900000,55141.46,55210.47,54876.61,55166.98,2681.357,1618768799999,147595088.61776,32809,1267.675,69793082.31073,0
1618768800000,55166.98,55273.46,55081.12,55255.16,1670.123,1618769699999,92162386.78035,21011,896.027,49446806.26487,0
1618769700000,55255.17,55255.17,55032.88,55049.04,1491.920,1618770599999,82254683.61218,17916,699.187,38548740.79422,0
1618770600000,55053.00,55402.59,55006.00,55287.00,1825.586,1618771499999,100857940.21465,21900,989.894,54695512.69067,0
1618771500000,55287.01,55702.31,55287.00,55477.85,2664.519,1618772399999,148023637.58460,31138,1361.190,75625139.62497,0
1618772400000,55477.85,55733.05,55308.50,55459.64,2084.448,1618773299999,115740517.47997,26941,1033.239,57375733.07056,0
1618773300000,55459.63,55790.00,55352.53,55719.26,2168.257,1618774199999,120636409.33057,24102,1214.064,67564178.62854,0
1618774200000,55719.26,55832.04,55600.00,55790.04,1290.000,1618775099999,71887331.41433,19099,638.139,35566948.73169,0
1618775100000,55790.04,55795.87,55619.06,55729.99,1148.743,1618775999999,63984968.43414,15853,580.682,32343896.19373,0
1618776000000,55729.99,56063.86,55708.44,56014.08,3393.933,1618776899999,189596801.01388,34075,1794.453,100284937.33494,0
1618776900000,56017.51,56033.43,55814.00,55875.01,1503.389,1618777799999,84059160.13639,20273,711.448,39779500.77963,0
1618777800000,55875.00,56159.99,55872.58,56149.63,1415.031,1618778699999,79275118.30334,20204,841.792,47163677.91188,0
1618778700000,56149.63,56281.08,56072.45,56179.84,1770.003,1618779599999,99463052.34902,25470,938.857,52763104.26939,0
1618779600000,56179.84,56211.07,56054.54,56060.98,1233.724,1618780499999,69235798.32445,19412,536.503,30109663.35920,0
1618780500000,56060.97,56153.00,55968.01,56114.10,1056.158,1618781399999,59215717.41070,17965,481.480,26999657.81997,0
1618781400000,56114.09,56123.18,55602.55,55782.44,2288.858,1618782299999,127751954.30095,29149,741.876,41407503.97492,0
1618782300000,55784.68,56398.85,55531.77,56301.16,3804.887,1618783199999,213259958.27916,44840,2238.348,125505487.66566,0
1618783200000,56300.01,56488.00,56204.34,56263.78,2624.409,1618784099999,147845804.03652,32071,1290.134,72687698.82325,0
1618784100000,56263.79,56406.73,56011.23,56397.40,1976.186,1618784999999,111055477.59471,25165,939.231,52789609.75624,0
1618785000000,56396.82,56683.77,56373.36,56591.88,3246.717,1618785899999,183551770.61241,35282,1770.319,100091665.80520,0
1618785900000,56591.88,56662.11,56462.51,56519.00,1536.914,1618786799999,86916115.42235,19279,662.469,37468480.18511,0
1618786800000,56519.00,56594.86,56277.68,56404.82,2001.692,1618787699999,112949164.96576,23504,985.940,55640156.56896,0
1618787700000,56404.82,56423.73,56187.45,56230.00,1168.339,1618788599999,65770222.54815,16375,568.124,31982486.96379,0
1618788600000,56230.00,56397.52,56225.58,56233.09,991.478,1618789499999,55837919.89715,14161,486.190,27384512.38776,0
1618789500000,56233.09,56401.10,56016.00,56140.05,1597.907,1618790399999,89736929.67865,21032,683.274,38380438.74869,0
1618790400000,56140.05,56308.34,55677.90,55722.83,3700.731,1618791299999,207134824.46993,41291,1562.963,87507225.32736,0
1618791300000,55722.83,56168.19,55716.65,56074.06,1899.589,1618792199999,106373738.99755,24484,1113.795,62364938.25110,0
1618792200000,56074.05,56666.00,55981.55,56560.00,3323.454,1618793099999,187531839.46087,37753,1949.746,110017824.89982,0
1618793100000,56553.97,56846.63,56353.99,56753.21,2722.922,1618793999999,154177641.55138,32186,1534.132,86890929.55860,0
1618794000000,56753.20,57096.97,56650.00,57054.63,2889.152,1618794899999,164315937.79642,35001,1671.540,95086493.60620,0
1618794900000,57054.64,57060.43,56776.20,57029.44,2326.223,1618795799999,132424196.93961,25139,1188.956,67687408.28681,0
1618795800000,57031.16,57031.17,56777.59,56856.63,1574.287,1618796699999,89514806.63319,18438,614.519,34942051.85770,0
1618796700000,56856.20,56950.00,56666.66,56744.50,1672.184,1618797599999,95002307.98992,19107,801.283,45525379.89129,0
1618797600000,56744.50,56974.85,56644.88,56657.00,1748.563,1618798499999,99284239.54713,21495,871.788,49508223.56428,0
1618798500000,56657.00,56875.78,56526.47,56870.34,1575.277,1618799399999,89271460.09895,20688,844.547,47866535.38725,0
1618799400000,56870.34,57226.45,56812.76,57059.48,2765.226,1618800299999,157767830.21610,29845,1497.013,85422925.50947,0
1618800300000,57059.47,57085.27,56850.68,56872.52,1539.934,1618801199999,87721774.89963,18169,692.269,39437119.57114,0
1618801200000,56872.53,56907.33,56750.01,56786.02,1520.295,1618802099999,86382907.32493,17391,700.255,39792304.65492,0
1618802100000,56786.02,56953.27,56710.00,56811.15,1532.345,1618802999999,87105894.51394,16967,763.050,43376044.86098,0
1618803000000,56811.15,57120.67,56800.94,57094.42,1322.792,1618803899999,75381043.99268,16563,763.678,43519224.77747,0
1618803900000,57097.87,57260.00,57002.01,57018.73,1662.850,1618804799999,95011009.39499,22681,842.109,48118205.03582,0
1618804800000,57018.74,57148.33,56899.71,57014.16,1391.064,1618805699999,79313381.29298,19112,723.840,41274085.05329,0
1618805700000,57014.16,57088.51,56881.24,56919.90,1159.326,1618806599999,66021301.13558,15182,527.674,30052031.23675,0
1618806600000,56919.89,56989.13,56709.04,56757.47,1692.391,1618807499999,96186228.30519,19323,682.121,38774600.32510,0
1618807500000,56757.47,56953.00,56716.00,56948.04,1120.795,1618808399999,63728629.66371,15570,663.015,37699678.22389,0
1618808400000,56948.05,56954.59,56573.47,56756.62,1867.545,1618809299999,105955014.03729,24642,742.932,42150585.19501,0
1618809300000,56756.62,56758.51,56410.01,56631.01,2831.428,1618810199999,160113496.53071,31534,1326.495,75008335.56562,0
1618810200000,56631.01,56810.82,56622.66,56790.00,1300.700,1618811099999,73740801.37986,16389,769.403,43625957.34993,0
1618811100000,56790.01,56895.49,56500.00,56507.70,2078.649,1618811999999,117877189.03657,22024,955.143,54190923.91468,0
1618812000000,56507.70,56800.00,56501.03,56742.01,1637.913,1618812899999,92800931.55383,19518,924.280,52363493.73514,0
1618812900000,56742.01,56932.00,56613.14,56749.63,2562.524,1618813799999,145465465.39756,24279,1011.808,57450344.46617,0
1618813800000,56749.63,56880.00,56673.96,56766.18,1496.958,1618814699999,84987380.17260,17536,728.843,41381119.49759,0
1618814700000,56766.18,57311.39,56650.03,57222.06,3692.753,1618815599999,210642493.27127,39577,2163.784,123444700.69099,0
1618815600000,57222.05,57450.00,57046.86,57190.64,3379.080,1618816499999,193442298.88663,38645,1828.918,104724515.83629,0
1618816500000,57190.64,57255.24,57003.44,57247.76,1528.701,1618817399999,87310753.25619,18127,824.455,47093563.04894,0
1618817400000,57246.89,57426.23,57194.21,57310.01,2269.770,1618818299999,130047490.51308,27032,1148.060,65781395.36422,0
1618818300000,57310.01,57487.00,57266.57,57325.01,2345.546,1618819199999,134546373.52434,23739,1137.142,65235124.49665,0
1618819200000,57325.01,57532.70,57143.48,57144.72,3132.941,1618820099999,179557041.73371,32772,1450.476,83153422.79796,0
1618820100000,57144.71,57225.05,56867.77,56889.03,3178.435,1618820999999,181317758.34444,33496,1340.537,76478905.47512,0
1618821000000,56889.03,57164.53,56882.62,57032.83,2194.172,1618821899999,125129940.02296,23668,1114.340,63551127.84996,0
1618821900000,57032.82,57097.00,56781.41,56813.01,1986.334,1618822799999,113045396.51795,22764,804.492,45785931.76341,0
1618822800000,56813.92,56988.80,56635.28,56716.25,2833.513,1618823699999,160993011.51500,31467,1334.289,75839953.38220,0
1618823700000,56716.26,56888.98,56630.01,56827.58,2360.546,1618824599999,134064486.14952,23434,1094.166,62148159.51949,0
1618824600000,56827.58,57139.08,56826.44,57022.87,1902.291,1618825499999,108452736.11053,22182,1032.908,58882461.37233,0
1618825500000,57022.87,57025.27,56693.88,56746.05,2421.259,1618826399999,137630281.67022,25759,952.850,54151236.18319,0
1618826400000,56746.04,56837.01,56330.00,56409.50,4065.233,1618827299999,230026798.80089,50085,1686.742,95451666.01299,0
1618827300000,56409.49,56626.00,56343.74,56558.59,3163.265,1618828199999,178718001.66425,36363,1596.296,90195625.97076,0
1618828200000,56558.59,56644.13,56222.00,56422.00,3135.282,1618829099999,176919078.47063,34939,1367.682,77197341.89086,0
1618829100000,56422.01,56620.28,56220.00,56616.38,2937.346,1618829999999,165733264.30460,37597,1523.585,85980038.29139,0
1618830000000,56615.38,57060.00,56547.41,57005.70,3880.150,1618830899999,220501611.35756,40215,2263.277,128630528.30710,0
1618830900000,57005.70,57150.11,56850.00,56881.79,2527.932,1618831799999,144027227.16912,28689,1208.094,68834236.72438,0
1618831800000,56883.06,57099.00,56860.01,57003.44,1898.955,1618832699999,108215292.63925,23496,983.237,56030718.62541,0
1618832700000,57003.44,57408.27,57001.83,57160.59,3360.757,1618833599999,192327800.54656,36661,1767.425,101154832.33315,0
1618833600000,57160.59,57180.00,57026.04,57082.61,1473.960,1618834499999,84144421.26547,19800,699.273,39922485.71042,0
1618834500000,57082.61,57177.11,56904.33,57058.05,1769.913,1618835399999,100929320.35328,21239,797.175,45461760.94211,0
1618835400000,57058.06,57210.45,56741.00,56748.00,2803.604,1618836299999,159576463.05807,34194,1292.912,73600087.38933,0
1618836300000,56748.00,56864.59,56501.00,56575.63,2599.309,1618837199999,147313188.54018,30726,1169.498,66289308.97273,0
1618837200000,56575.64,56726.65,56400.00,56407.90,2745.221,1618838099999,155327961.65877,30249,1417.970,80260230.63228,0
1618838100000,56407.89,56528.48,56052.74,56286.07,5608.386,1618838999999,315733453.81114,61699,2808.365,158139638.08603,0
1618839000000,56286.07,56715.48,56283.44,56709.54,3279.228,1618839899999,185466512.52309,36513,1898.418,107367439.21733,0
1618839900000,56709.53,56755.00,56353.39,56619.76,3243.805,1618840799999,183485888.08118,40517,1649.493,93313063.07022,0
1618840800000,56619.76,56619.90,56058.56,56312.51,4094.285,1618841699999,230468771.74340,45474,2057.631,115811195.82567,0
1618841700000,56312.51,56478.99,55712.78,55734.58,6323.254,1618842599999,354498784.97101,64462,2756.095,154568741.64581,0
1618842600000,55737.25,56018.69,55203.00,55438.99,10597.925,1618843499999,589110716.90588,110289,5176.728,287843638.94178,0
1618843500000,55437.83,55594.00,55097.21,55416.90,9445.679,1618844399999,522994106.31252,89062,5449.469,301785007.41990,0
1618844400000,55416.90,55416.90,54658.00,55279.95,12039.697,1618845299999,662236230.14591,130364,6199.736,341053849.09147,0
1618845300000,55279.96,55445.00,54850.30,55366.51,7479.052,1618846199999,412858655.54666,78353,3916.778,216286034.89921,0
1618846200000,55367.79,55367.79,54500.00,54570.27,7144.950,1618847099999,392530634.00075,79642,3294.522,181073025.41066,0
1618847100000,54570.28,54921.74,54200.00,54577.19,9623.597,1618847999999,524805838.00003,109302,4895.324,267022886.00515,0
1618848000000,54577.19,55340.18,54344.68,54664.35,9572.558,1618848899999,526166249.14614,102336,4675.013,257020748.81893,0
1618848900000,54642.35,55700.00,54510.00,55164.33,8172.455,1618849799999,450928519.09724,88769,4666.588,257610755.73025,0
1618849800000,55164.33,55365.98,54926.03,55052.39,4063.137,1618850699999,223900138.02377,45629,2034.699,112153942.06730,0
1618850700000,55053.10,55062.53,54663.04,54832.41,3714.685,1618851599999,203754272.05788,43851,1790.522,98216752.12256,0
1618851600000,54832.42,55221.88,54562.20,55216.93,4210.400,1618852499999,231111753.06780,45275,2326.382,127741569.60831,0
1618852500000,55218.08,55414.23,55118.76,55282.44,2534.912,1618853399999,140161880.03550,30439,1400.861,77466490.30359,0
1618853400000,55281.51,55437.26,55066.47,55272.44,2200.016,1618854299999,121537996.36035,25612,1135.003,62710876.21551,0
1618854300000,55272.44,55484.68,55158.34,55350.00,2045.202,1618855199999,113150555.32775,23719,1156.273,63979761.80276,0
1618855200000,55350.00,55818.77,55280.92,55554.19,3616.287,1618856099999,201123589.47544,44751,2057.772,114439205.14893,0
1618856100000,55554.19,55659.71,55508.62,55590.75,1422.394,1618856999999,79034304.62146,18843,742.226,41245319.24661,0
1618857000000,55590.75,55741.01,55346.44,55698.55,2064.877,1618857899999,114651343.59967,22923,1085.395,60274907.72240,0
1618857900000,55698.57,55784.13,55550.25,55621.52,1310.763,1618858799999,72937792.98879,17007,652.812,36327625.39508,0
1618858800000,55621.52,55756.99,55474.84,55620.57,1833.574,1618859699999,102007499.58940,21149,886.832,49338816.65984,0
1618859700000,55620.57,55877.99,55570.85,55581.46,1728.102,1618860599999,96340842.34210,20536,834.150,46511731.80729,0
1618860600000,55581.46,55764.98,55375.26,55664.43,1984.687,1618861499999,110281776.65324,22898,914.471,50816212.84852,0
1618861500000,55664.42,56074.06,55664.42,55909.00,2650.621,1618862399999,148263907.00238,31095,1533.240,85757609.95803,0
1618862400000,55908.99,55966.61,55735.16,55863.98,1648.457,1618863299999,92051545.98530,20667,855.781,47786328.40449,0
1618863300000,55863.98,56117.24,55858.98,56017.01,1692.630,1618864199999,94771180.86074,19996,954.285,53430664.36139,0
1618864200000,56017.01,56400.00,56017.01,56238.53,2897.241,1618865099999,162894668.47810,34235,1518.114,85351524.98257,0
1618865100000,56238.53,56273.00,56088.00,56119.39,1158.560,1618865999999,65074752.90315,17413,524.469,29460381.40220,0
1618866000000,56119.39,56206.60,56062.39,56159.09,867.543,1618866899999,48705560.66129,15292,434.852,24413292.49081,0
1618866900000,56160.00,56199.91,55707.27,55717.00,2045.129,1618867799999,114375775.74091,28781,735.754,41151102.61799,0
1618867800000,55717.00,56550.00,55705.23,56370.90,2612.023,1618868699999,146713084.25688,34804,1566.319,87942259.13541,0
1618868700000,56370.90,56607.14,56203.26,56234.27,1862.485,1618869599999,104994962.80866,24087,962.275,54261123.35080,0
1618869600000,56234.27,56259.99,55950.00,55967.59,1464.219,1618870499999,82108066.08510,19438,616.041,34543782.35108,0
1618870500000,55967.70,56200.00,55951.32,56077.31,1439.504,1618871399999,80712989.23678,17611,785.613,44052527.05575,0
1618871400000,56077.31,56336.21,56054.41,56054.41,1253.521,1618872299999,70447732.59791,17699,651.593,36619836.99564,0
1618872300000,56054.42,56268.24,55799.02,55974.87,2707.962,1618873199999,151615922.78900,28468,1284.416,71915890.04886,0
1618873200000,55972.95,56183.34,55759.02,56007.13,2300.702,1618874099999,128759164.70064,26062,1089.829,60997256.77404,0
1618874100000,56007.12,56048.00,55557.65,55581.57,2512.540,1618874999999,140126640.13588,27713,1126.167,62819193.82561,0
1618875000000,55585.50,55879.00,55555.55,55691.64,2327.649,1618875899999,129677503.11996,25129,1170.686,65220728.28717,0
1618875900000,55691.49,55867.82,55562.57,55634.39,1745.638,1618876799999,97264042.36713,18899,878.829,48972705.06328,0
1618876800000,55634.38,55798.52,55110.00,55307.46,5005.099,1618877699999,277166774.41610,58241,2328.554,128943785.83021,0
1618877700000,55311.00,55465.54,54731.27,54769.72,5385.737,1618878599999,296258878.85768,62232,2393.309,131647850.49339,0
1618878600000,54769.68,54970.56,54444.00,54507.90,7485.018,1618879499999,408900988.30499,78334,3540.190,193437500.85842,0
1618879500000,54505.25,54914.22,54444.00,54641.36,5099.700,1618880399999,278786341.05614,53263,2650.125,144904183.25216,0
1618880400000,54640.79,55151.42,54577.09,55086.02,4544.084,1618881299999,249580068.37269,44889,2665.028,146380366.57884,0
1618881300000,55086.01,55160.00,54955.29,54990.02,2436.089,1618882199999,134092336.32227,26794,1233.750,67917831.61593,0
1618882200000,54990.02,54997.99,54613.98,54665.22,2676.930,1618883099999,146692689.15217,30061,1127.469,61788846.47722,0
1618883100000,54663.60,54888.00,54450.00,54815.34,3761.271,1618883999999,205674648.89534,43769,1877.628,102701296.18250,0
1618884000000,54815.35,54960.00,54500.00,54640.63,2975.487,1618884899999,162701313.77846,34878,1374.387,75160855.72603,0
1618884900000,54639.48,54798.29,53750.00,53975.04,9656.412,1618885799999,523634534.18554,96048,3388.153,183574435.52627,0
1618885800000,53975.04,54180.19,53625.00,53973.87,5474.167,1618886699999,295050746.13115,71881,2791.656,150518013.90674,0
1618886700000,53973.87,54234.50,53612.68,54226.42,3876.729,1618887599999,209022931.97744,47618,1941.953,104750566.01040,0
1618887600000,54226.43,54453.31,54081.95,54309.28,3169.845,1618888499999,172015661.92104,40696,1766.142,95854810.13332,0
1618888500000,54305.84,54436.50,54163.32,54209.17,1358.782,1618889399999,73766236.12698,21110,628.770,34137660.09560,0
1618889400000,54224.13,54560.10,54134.40,54482.98,2202.813,1618890299999,119745876.12055,29694,1232.296,67009564.72779,0
1618890300000,54482.98,54789.47,54400.93,54552.00,3868.905,1618891199999,211324960.14199,38576,1978.255,108086535.22372,0
1618891200000,54552.00,54971.00,54398.15,54889.91,2974.958,1618892099999,162667217.91633,34968,1598.851,87433162.23561,0
1618892100000,54889.58,55100.00,54676.01,54696.10,3276.887,1618892999999,179955150.82255,35594,1591.639,87435688.84042,0
1618893000000,54698.00,55000.00,54649.96,54999.97,1893.399,1618893899999,103858198.24572,23972,975.505,53517109.05818,0
1618893900000,54999.99,55356.28,54992.03,55249.14,2812.170,1618894799999,155322910.86823,34752,1521.685,84033804.78773,0
1618894800000,55249.14,55458.32,55101.85,55183.43,2294.903,1618895699999,126739134.28130,26141,1054.608,58249905.59959,0
1618895700000,55182.62,55213.67,54890.00,55000.45,2231.423,1618896599999,122800624.75578,23276,942.548,51869709.02210,0
1618896600000,55000.45,55156.02,54811.08,54926.63,2460.441,1618897499999,135309240.05368,25265,1197.300,65854923.07402,0
1618897500000,54926.63,55035.94,54800.00,54973.55,1900.878,1618898399999,104397828.53791,20115,1003.945,55145268.78080,0
1618898400000,54976.70,55214.83,54724.23,54724.24,2437.012,1618899299999,134042023.90676,27152,1196.726,65857068.31884,0
1618899300000,54724.23,54926.00,54550.00,54557.32,2557.146,1618900199999,139975909.38089,29776,1171.302,64130295.88545,0
1618900200000,54557.33,54720.97,53975.00,54097.24,4958.548,1618901099999,269418434.45371,56854,2006.464,109057496.11662,0
1618901100000,54097.24,54199.71,53520.21,53883.69,7679.668,1618901999999,413351601.55906,86794,3639.719,195961416.16529,0
1618902000000,53882.61,54279.15,53541.99,54239.49,6600.542,1618902899999,355725733.89136,73307,3692.099,199051732.03503,0
1618902900000,54239.49,54244.69,53836.81,53858.64,3230.299,1618903799999,174549244.52610,35716,1418.745,76677712.26195,0
1618903800000,53858.64,54080.01,53330.82,53915.98,7014.129,1618904699999,376288015.59660,75303,3341.563,179348742.14512,0
1618904700000,53914.83,54454.26,53858.72,54435.00,4630.312,1618905599999,250980306.48580,54305,2544.538,137943496.82985,0
1618905600000,54433.67,54958.05,54248.41,54888.03,6351.817,1618906499999,347221817.83747,64060,3602.309,196941210.77647,0
1618906500000,54888.27,55126.00,54708.00,54744.97,3498.881,1618907399999,191969978.39608,40329,1811.566,99430150.96617,0
1618907400000,54744.97,54878.55,54505.28,54848.74,3345.708,1618908299999,182932970.52117,36579,1492.261,81611908.89306,0
1618908300000,54848.74,55346.04,54765.12,55250.00,4839.397,1618909199999,266954266.78249,52591,2621.742,144617123.82658,0
1618909200000,55249.99,55268.88,55088.88,55210.30,2078.803,1618910099999,114671805.56733,24763,986.368,54416921.00184,0
1618910100000,55210.30,55470.20,54850.00,55270.94,6262.564,1618910999999,345331694.92292,55620,3241.523,178813983.82235,0
1618911000000,55270.38,55341.13,54915.19,55190.00,2918.820,1618911899999,160932918.91387,33314,1454.913,80233651.24147,0
1618911900000,55190.00,55220.00,54800.00,54929.98,2934.051,1618912799999,161271138.41552,32978,1256.457,69062583.61471,0
1618912800000,54929.99,55288.00,54862.06,55086.57,2826.345,1618913699999,155847298.56637,33555,1480.982,81660044.78532,0
1618913700000,55086.57,55984.46,55081.01,55622.94,6638.287,1618914599999,369548547.49201,69368,4029.595,224268375.07383,0
1618914600000,55622.94,56180.45,55622.94,56021.60,5061.247,1618915499999,283213534.10152,55016,2808.114,157134568.07323,0
1618915500000,56021.60,56266.35,55798.66,55933.00,3529.131,1618916399999,197626211.34330,39217,1716.971,96173220.00281,0
1618916400000,55933.00,56113.27,55755.87,55977.35,3092.721,1618917299999,172978887.29491,32837,1474.943,82503632.59293,0
1618917300000,55977.36,55980.56,55767.01,55807.45,1485.331,1618918199999,82945023.23485,20999,712.650,39795900.50525,0
1618918200000,55806.86,55963.73,55711.94,55851.32,1934.694,1618919099999,108033113.05815,23261,1041.133,58142243.67095,0
1618919100000,55846.73,56450.00,55797.18,56293.57,4535.082,1618919999999,254924801.60460,48255,2648.122,148853085.35498,0
1618920000000,56292.06,56323.92,55807.29,55866.46,3218.323,1618920899999,180322228.89525,35198,1349.249,75600266.31112,0
1618920900000,55866.46,55940.84,55636.00,55822.21,2684.996,1618921799999,149834660.66824,29432,1152.595,64327402.49654,0
1618921800000,55825.87,56108.98,55822.97,55829.73,2365.314,1618922699999,132341431.80010,26050,1247.818,69828446.60793,0
1618922700000,55830.27,56021.81,55752.11,55836.75,1922.157,1618923599999,107418274.77661,22849,925.584,51731075.45982,0
1618923600000,55836.76,56031.72,55833.08,55909.72,1614.337,1618924499999,90331413.94848,21629,799.682,44749965.99662,0
1618924500000,55909.71,56074.62,55772.33,56014.99,2073.445,1618925399999,116032749.84154,23572,1062.999,59488273.00264,0
1618925400000,56014.99,56261.00,56014.99,56154.54,2521.815,1618926299999,141608817.31827,30742,1288.680,72361193.65076,0
1618926300000,56154.54,56340.95,56062.96,56331.32,2398.527,1618927199999,134844808.59009,27094,1291.469,72613913.10424,0
1618927200000,56331.26,56478.99,56151.50,56153.48,3306.972,1618928099999,186274568.37924,38437,1582.008,89131956.69594,0
1618928100000,56153.49,56252.63,55953.03,56068.94,2850.119,1618928999999,159868366.53073,31354,1297.488,72782849.63510,0
1618929000000,56069.65,56069.65,55473.00,55633.50,4923.259,1618929899999,274385375.24114,56085,2265.649,126247092.69872,0
1618929900000,55631.75,55634.18,55246.68,55378.40,5898.595,1618930799999,327260604.22842,57518,2626.185,145735069.05006,0
1618930800000,55378.37,55624.22,55257.29,55382.52,4164.469,1618931699999,231003967.42803,44049,2026.877,112453718.23764,0
1618931700000,55382.53,55486.19,54936.00,55049.99,5241.923,1618932599999,288958405.41893,60142,2391.510,131839538.63115,0
1618932600000,55048.18,55150.00,54654.00,55135.48,5677.359,1618933499999,312089213.00235,57938,2779.099,152839234.08573,0
1618933500000,55135.48,55462.47,55124.80,55348.87,3681.547,1618934399999,203642630.71559,41275,1980.648,109556866.44633,0
1618934400000,55348.87,55591.04,55117.67,55532.39,3760.114,1618935299999,208073238.14052,41989,1917.625,106138722.45362,0
1618935300000,55532.39,55642.78,55423.72,55518.00,3336.938,1618936199999,185397489.23493,33862,1791.057,99524700.89034,0
1618936200000,55518.00,55538.41,55230.00,55238.72,3524.883,1618937099999,195049629.79364,31207,1815.550,100452886.98254,0
1618937100000,55238.71,55780.00,55143.15,55780.00,5786.678,1618937999999,320795995.81474,52565,3447.198,191060764.24157,0
1618938000000,55780.00,55855.00,55679.35,55820.00,2639.235,1618938899999,147240360.40466,28981,1476.194,82362980.00550,0
1618938900000,55819.99,55820.00,55543.43,55746.93,2034.759,1618939799999,113290636.91612,23833,899.014,50055925.06571,0
1618939800000,55746.94,55782.83,55595.71,55753.75,1102.768,1618940699999,61413908.90372,15390,571.966,31853054.51311,0
1618940700000,55753.75,55939.55,55752.75,55884.65,1510.730,1618941599999,84408198.71169,18099,883.256,49351043.05437,0
1618941600000,55884.65,55974.00,55720.97,55957.53,1838.339,1618942499999,102723469.15018,21645,988.205,55226498.83178,0
1618942500000,55959.93,56177.78,55895.01,56153.00,5994.636,1618943399999,335763683.50975,43423,4006.873,224437509.55891,0
1618943400000,56154.29,56164.84,55883.52,56044.38,1856.304,1618944299999,104020292.10418,22518,730.761,40945006.83654,0
1618944300000,56044.38,56385.00,56028.77,56238.49,3700.509,1618945199999,208119861.19898,36422,1974.726,111060164.26592,0
1618945200000,56239.53,56500.00,56228.64,56261.44,3171.669,1618946099999,178748118.24557,31739,1610.215,90760511.82275,0
1618946100000,56261.44,56492.02,56173.37,56421.18,1788.853,1618946999999,100790991.39347,22858,990.141,55793161.63456,0
1618947000000,56421.18,56687.26,56412.03,56662.17,3394.757,1618947899999,191971405.13836,33674,1863.900,105409793.13239,0
1618947900000,56662.17,56769.20,56333.00,56574.32,3802.671,1618948799999,215084710.00290,39394,1890.195,106940370.26414,0
1618948800000,56575.75,56670.00,56351.93,56545.61,1920.349,1618949699999,108460346.96130,25459,827.127,46724943.27695,0
1618949700000,56545.60,56950.00,56505.84,56873.98,4388.847,1618950599999,249325488.18593,45176,2442.556,138742330.78993,0
1618950600000,56873.99,57060.00,56700.00,56823.55,3497.163,1618951499999,199000213.08444,39033,1612.137,91761165.35208,0
1618951500000,56823.55,56925.19,56703.00,56718.61,1474.992,1618952399999,83808743.28294,18356,664.369,37749639.87984,0
1618952400000,56718.61,56804.00,56640.00,56740.58,1378.554,1618953299999,78215954.56781,19974,637.181,36154190.17930,0
1618953300000,56743.54,56823.75,56408.06,56478.46,2758.626,1618954199999,156069299.04249,32526,1155.137,65359411.49805,0
1618954200000,56478.45,56672.33,56452.42,56577.83,1037.500,1618955099999,58705661.72032,17435,543.706,30767863.88674,0
1618955100000,56577.44,57012.82,56577.43,57012.82,1639.516,1618955999999,93124147.22666,20401,1014.678,57628374.56424,0
1618956000000,57012.82,57059.52,56788.16,56821.12,1914.631,1618956899999,108968411.12418,23590,861.053,49008894.64745,0
1618956900000,56821.13,56836.21,56456.27,56475.00,1938.450,1618957799999,109758114.43464,24533,835.020,47279274.32305,0
1618957800000,56475.00,56623.00,56456.27,56458.55,1126.231,1618958699999,63686889.42214,14981,588.724,33294237.81482,0
1618958700000,56458.54,56500.00,56093.27,56394.51,2604.148,1618959599999,146607529.89461,30382,1141.007,64248924.50525,0
1618959600000,56394.52,56593.00,56237.97,56241.12,1946.072,1618960499999,109824216.03927,20760,906.627,51179744.36495,0
1618960500000,56241.12,56515.46,56237.52,56479.41,1176.704,1618961399999,66389131.33219,15936,587.188,33127815.59185,0
1618961400000,56479.41,56559.42,56357.37,56394.35,1243.203,1618962299999,70185952.02476,13838,597.913,33756852.45156,0
1618962300000,56394.35,56473.75,56206.31,56410.56,1399.437,1618963199999,78823342.72963,15038,709.205,39943635.64669,0
1618963200000,56411.25,56743.64,56300.00,56676.90,2203.009,1618964099999,124495792.53456,27547,1175.427,66445123.31107,0
1618964100000,56676.90,56756.78,56546.60,56633.72,1676.334,1618964999999,94967385.31375,18746,852.901,48321936.08776,0
1618965000000,56633.73,56643.83,56137.54,56149.02,2140.713,1618965899999,120582035.94704,25176,833.033,46921789.60679,0
1618965900000,56149.02,56249.11,55560.56,55683.20,5503.110,1618966799999,307180710.57861,55955,2412.928,134641660.47319,0
1618966800000,55680.00,55800.00,55318.77,55736.92,5125.265,1618967699999,284846119.93735,54858,2469.790,137300700.39114,0
1618967700000,55736.92,55875.00,55525.12,55857.22,2201.437,1618968599999,122625545.88159,25183,1157.172,64480651.99147,0
1618968600000,55857.22,55921.06,55727.76,55835.82,1532.684,1618969499999,85592175.27894,17796,719.332,40175850.99703,0
1618969500000,55835.81,56190.00,55814.76,56051.01,2006.097,1618970399999,112383529.80068,22085,1103.439,61819484.83364,0
1618970400000,56051.00,56055.58,55930.00,55950.00,1189.416,1618971299999,66592005.21113,14812,469.337,26275774.29178,0
1618971300000,55950.00,56066.59,55879.45,56013.82,1183.025,1618972199999,66219258.67161,15876,580.258,32485510.63203,0
1618972200000,56013.74,56247.35,55990.15,56096.11,1388.408,1618973099999,77946931.00004,18045,760.169,42677542.26885,0
1618973100000,56096.10,56237.66,56093.79,56110.08,1006.177,1618973999999,56518049.94305,12764,474.402,26650922.81115,0
1618974000000,56113.16,56177.42,56021.16,56055.29,1226.779,1618974899999,68808486.40010,14708,587.641,32962477.50593,0
1618974900000,56055.29,56069.00,55629.96,55757.20,2452.977,1618975799999,136993763.80389,25716,1072.180,59874721.26890,0
1618975800000,55757.19,55850.44,55503.19,55738.28,2204.494,1618976699999,122767050.36217,24550,1027.774,57252705.17700,0
1618976700000,55734.52,55784.80,55159.01,55205.66,2915.403,1618977599999,161522883.64044,34049,1254.944,69544528.69556,0
1618977600000,55205.64,55419.92,55056.09,55093.04,3329.221,1618978499999,183830030.03605,38382,1685.025,93060160.58192,0
1618978500000,55093.04,55425.50,54948.28,55336.89,2717.170,1618979399999,150106604.04334,31887,1471.044,81287639.78456,0
1618979400000,55336.90,55467.72,55320.00,55450.00,1638.231,1618980299999,90791859.40849,18613,839.039,46501227.27439,0
1618980300000,55449.99,55564.67,55386.75,55386.76,1513.508,1618981199999,83973451.57656,17199,701.720,38940079.65535,0
1618981200000,55386.79,55676.44,55101.89,55661.86,3253.927,1618982099999,180062158.39798,32732,1729.894,95791650.69903,0
1618982100000,55661.87,55667.32,55301.70,55476.82,1777.370,1618982999999,98628243.19874,21005,772.171,42845113.40472,0
1618983000000,55476.82,55598.46,55208.02,55259.38,1713.954,1618983899999,94840874.34265,20484,688.646,38109952.70648,0
1618983900000,55261.74,55437.14,55055.89,55400.00,1897.321,1618984799999,104786223.01633,25365,974.806,53852136.13062,0
1618984800000,55400.01,55621.74,55136.12,55581.26,2280.584,1618985699999,126301431.56361,26092,1250.828,69287180.82617,0
1618985700000,55581.26,55818.88,55494.18,55757.86,2536.466,1618986599999,141194156.29766,29072,1360.978,75778054.82344,0
1618986600000,55757.87,55771.00,55564.81,55730.08,1805.573,1618987499999,100544949.79334,20338,873.632,48655639.63676,0
1618987500000,55730.09,55730.09,55527.00,55542.00,989.638,1618988399999,55054532.42146,13344,415.260,23103699.77425,0
1618988400000,55542.00,55542.27,55206.03,55403.41,2250.975,1618989299999,124596894.71018,26797,1161.046,64258393.15282,0
1618989300000,55403.42,55704.00,55266.62,55336.82,2575.989,1618990199999,142962699.09710,28734,1263.544,70126841.63336,0
1618990200000,55336.83,55495.57,55170.11,55255.29,2592.277,1618991099999,143363453.32740,31621,1269.286,70206498.88803,0
1618991100000,55255.29,55418.53,55150.00,55291.42,1732.691,1618991999999,95803476.97432,20725,856.482,47361973.40172,0
1618992000000,55291.42,55439.77,54740.00,55197.02,6246.354,1618992899999,343909525.91632,68428,2886.926,158982594.85848,0
1618992900000,55197.02,55338.98,54953.13,55201.30,2407.018,1618993799999,132779144.42493,29370,1212.985,66921764.60056,0
1618993800000,55201.30,55496.76,55146.09,55446.62,2648.820,1618994699999,146631432.71514,28362,1464.527,81083525.44591,0
1618994700000,55446.63,55658.30,55350.81,55440.02,1943.063,1618995599999,107860268.72591,24530,1021.735,56722435.48389,0
1618995600000,55437.88,55605.85,55277.54,55564.52,1826.111,1618996499999,101212868.77463,22971,943.774,52316409.47168,0
1618996500000,55564.51,55740.00,55450.00,55606.19,2382.337,1618997399999,132492254.24894,27769,1173.250,65251585.66329,0
1618997400000,55606.19,55645.00,55458.60,55532.77,1214.652,1618998299999,67474165.15975,17158,588.423,32688211.57465,0
1618998300000,55532.76,55704.12,55527.13,55559.10,1148.903,1618999199999,63898416.04916,16402,630.806,35085088.98890,0
1618999200000,55559.10,55590.80,55251.07,55336.72,2694.863,1619000099999,149237400.95000,31638,1310.993,72609386.64971,0
1619000100000,55336.71,55503.75,55162.00,55175.51,2298.478,1619000999999,127197360.38003,24915,1141.089,63155049.86766,0
1619001000000,55174.23,55249.87,54961.00,55148.76,4546.935,1619001899999,250601835.24560,42644,1851.142,102026490.95605,0
1619001900000,55148.75,55148.75,54800.00,54918.13,3496.153,1619002799999,192041206.13431,41397,1571.759,86334329.23215,0
1619002800000,54920.22,55190.87,54745.10,55096.59,3200.512,1619003699999,176039863.45474,37078,1684.266,92660792.78704,0
1619003700000,55096.60,55109.18,54528.99,54580.50,4148.867,1619004599999,227178208.99528,50798,1755.785,96150268.66716,0
1619004600000,54580.50,54817.09,54420.00,54675.09,3985.129,1619005499999,217687360.79624,49619,1991.266,108800560.39456,0
1619005500000,54676.76,54699.79,54257.88,54556.02,5592.617,1619006399999,304885217.18005,58215,3140.472,171271716.20818,0
1619006400000,54551.90,54881.72,54285.26,54825.79,4262.374,1619007299999,232556132.83764,50727,2182.001,119091593.75826,0
1619007300000,54820.85,55341.81,54674.21,55262.11,7207.973,1619008199999,396665129.32217,66852,4205.430,231366892.63791,0
1619008200000,55262.12,55464.31,55116.89,55387.21,3762.165,1619009099999,207977898.16982,41658,1959.320,108344283.17475,0
1619009100000,55389.36,55551.08,55303.00,55417.62,2590.381,1619009999999,143554477.61951,29868,1379.071,76439505.73090,0
1619010000000,55417.63,55500.00,55278.00,55336.49,2610.086,1619010899999,144556795.24093,29183,1318.321,73024126.43127,0
1619010900000,55336.49,55487.99,55328.40,55454.04,1519.493,1619011799999,84197590.71556,18554,961.335,53269441.40968,0
1619011800000,55454.13,55685.99,55450.00,55566.96,2987.709,1619012699999,166040957.87996,33073,1634.572,90837618.68197,0
1619012700000,55566.96,55593.62,55401.93,55572.90,1734.381,1619013599999,96256641.56136,20369,806.919,44787356.20379,0
1619013600000,55572.91,55648.99,55376.72,55437.15,1940.102,1619014499999,107676349.13117,21700,907.160,50354257.67851,0
1619014500000,55437.14,55577.00,55233.52,55554.11,2825.334,1619015399999,156456579.87848,29181,1378.501,76348632.48945,0
1619015400000,55554.11,56356.87,55551.40,56163.40,8404.020,1619016299999,471012183.45464,82508,4646.173,260334453.63830,0
1619016300000,56163.39,56264.15,56076.29,56172.15,2419.179,1619017199999,135830628.68641,24226,1201.814,67483267.98427,0
1619017200000,56172.16,56347.98,56005.48,56167.20,3776.430,1619018099999,212164845.89596,35657,1775.027,99746492.02925,0
1619018100000,56165.69,56202.90,55920.08,55981.98,2274.057,1619018999999,127507709.51740,22663,1048.729,58805445.14765,0
1619019000000,55981.99,56097.78,55901.00,55955.01,1874.836,1619019899999,104965008.68568,20974,996.624,55805390.16805,0
1619019900000,55961.73,56215.62,55807.07,56147.88,2916.492,1619020799999,163387970.16832,27438,1519.764,85170921.83409,0
1619020800000,56146.85,56326.62,56081.95,56183.02,2907.189,1619021699999,163416606.86049,31473,1569.519,88233577.16036,0
1619021700000,56183.01,56232.37,55981.00,56010.44,1767.351,1619022599999,99128017.16677,19756,806.226,45215950.75907,0
1619022600000,56010.44,56013.54,55600.04,55821.50,4698.353,1619023499999,262053317.66482,41851,1881.883,104952164.96278,0
1619023500000,55821.49,55881.27,55650.01,55739.57,1508.439,1619024399999,84128034.97510,18116,801.689,44715433.26570,0
1619024400000,55739.57,55814.25,55547.54,55686.57,2036.123,1619025299999,113443728.07204,21505,951.361,53023311.79693,0
1619025300000,55685.70,55799.00,55639.89,55670.01,1207.912,1619026199999,67308388.32431,14110,582.839,32478246.98884,0
1619026200000,55670.00,55748.00,55400.00,55536.89,2427.804,1619027099999,134791532.36580,26089,1027.461,57048645.84605,0
1619027100000,55536.90,55652.57,55500.00,55519.17,1209.396,1619027999999,67222911.76371,14762,637.223,35420373.88542,0
1619028000000,55512.56,55597.69,55443.27,55478.37,1431.682,1619028899999,79488637.28282,16336,623.232,34604767.72195,0
1619028900000,55477.99,55539.61,55288.00,55453.00,1892.257,1619029799999,104804771.04522,20933,948.130,52515497.11044,0
1619029800000,55453.50,55507.24,55260.00,55282.03,1671.889,1619030699999,92562126.72568,17453,786.848,43575367.30847,0
1619030700000,55282.04,55438.11,55144.16,55316.97,1952.935,1619031599999,108000516.35484,21807,929.047,51395004.84149,0
1619031600000,55316.98,55456.78,55316.98,55413.85,1143.726,1619032499999,63352425.74842,15066,613.912,34005011.90389,0
1619032500000,55411.60,55600.00,55408.23,55553.00,1413.103,1619033399999,78439613.91215,18502,816.044,45298478.65393,0
1619033400000,55552.99,55728.09,55500.46,55578.64,1714.922,1619034299999,95368752.72238,19635,974.605,54204569.85616,0
1619034300000,55578.64,55590.00,55422.00,55460.91,1387.111,1619035199999,76994869.39559,16724,607.341,33713782.40313,0
1619035200000,55465.14,55465.14,55010.00,55058.16,2951.712,1619036099999,162934033.13249,33737,1255.926,69328386.71111,0
1619036100000,55058.16,55126.43,54900.00,55016.10,2252.704,1619036999999,123912488.07201,26586,1048.553,57688723.48226,0
1619037000000,55016.09,55282.37,54771.45,54776.92,2950.192,1619037899999,162335651.20224,35268,1274.353,70160205.74437,0
1619037900000,54778.59,55044.79,54765.00,54948.23,1565.176,1619038799999,85985266.33500,20340,860.064,47246136.61853,0
1619038800000,54948.23,55081.16,54833.56,54846.07,1499.020,1619039699999,82365318.81370,19405,695.271,38208220.20475,0
1619039700000,54840.94,54976.56,54663.56,54970.94,2280.315,1619040599999,125027045.81806,30736,1136.339,62319620.01597,0
1619040600000,54965.38,55185.84,54765.44,54784.51,2016.718,1619041499999,110946747.30812,27036,969.223,53330843.55076,0
1619041500000,54783.50,54943.72,54740.00,54751.08,1309.737,1619042399999,71825297.53876,18468,707.182,38787963.75484,0
1619042400000,54751.08,54889.14,54685.00,54819.14,1431.398,1619043299999,78436543.48203,18135,766.365,41994697.18073,0
1619043300000,54819.14,55031.71,54415.68,54417.01,4987.296,1619044199999,272571041.49491,48321,1721.078,94147617.50287,0
1619044200000,54417.00,54556.33,53820.00,54011.88,6505.123,1619045099999,352368323.11979,79737,2892.778,156734711.84463,0
1619045100000,54011.88,54266.19,53747.41,53996.61,4401.589,1619045999999,237833773.69787,52453,2220.238,119981211.21825,0
1619046000000,53996.60,54244.75,53610.00,53862.63,5150.746,1619046899999,277556909.04842,57833,2555.104,137722967.71004,0
1619046900000,53865.32,54089.62,53617.04,53902.93,3517.161,1619047799999,189476643.30432,41323,1786.652,96259942.74849,0
1619047800000,53902.92,54319.43,53896.37,54257.25,2729.159,1619048699999,147852007.50985,30408,1536.865,83256715.45803,0
1619048700000,54257.25,54257.26,53734.31,53800.00,3237.687,1619049599999,174669809.20406,35611,1426.868,76970508.22784,0
1619049600000,53794.72,54050.81,53200.00,53452.26,9052.040,1619050499999,484517357.23641,104222,4204.462,225110515.29527,0
1619050500000,53452.27,53960.00,53337.69,53937.98,4810.217,1619051399999,258355696.91544,54092,2636.528,141622736.39714,0
1619051400000,53937.11,54157.13,53770.37,53980.00,4408.795,1619052299999,237952605.49342,44407,2307.774,124566865.57669,0
1619052300000,53980.00,54146.59,53749.03,54078.39,2508.559,1619053199999,135421977.88893,26725,1222.719,66012356.85571,0
1619053200000,54078.39,54517.15,54050.00,54492.21,3957.961,1619054099999,215005823.24946,38999,2126.505,115517650.97509,0
1619054100000,54492.20,54628.37,54363.97,54375.00,3002.682,1619054999999,163591946.42235,30376,1445.840,78784275.38236,0
1619055000000,54375.00,54424.42,54250.00,54316.07,1848.085,1619055899999,100407997.87746,19743,871.209,47338963.96007,0
1619055900000,54316.06,54468.52,53888.06,53898.09,3190.060,1619056799999,172927648.12959,30512,1357.617,73632347.55511,0
1619056800000,53898.10,53964.17,52505.00,52925.90,14726.025,1619057699999,781901357.46674,150165,6642.690,352731650.40902,0
1619057700000,52925.91,53460.00,52625.00,53457.06,11182.332,1619058599999,592349321.49483,110040,5952.533,315448445.64424,0
1619058600000,53455.87,53779.67,53268.81,53726.41,5764.719,1619059499999,308713129.50872,60516,2952.702,158163778.07564,0
1619059500000,53721.86,53862.62,53619.70,53749.66,3623.285,1619060399999,194835282.03912,34380,1708.683,91886793.84746,0
1619060400000,53749.65,54162.81,53653.88,53935.49,4909.190,1619061299999,264931404.29463,46089,2472.043,133427572.10869,0
1619061300000,53943.89,54049.71,53800.00,53800.81,3269.159,1619062199999,176224803.83801,27088,1364.857,73580034.49833,0
1619062200000,53800.00,53911.65,53428.97,53565.28,5241.852,1619063099999,281169981.11968,49096,2455.777,131730663.48375,0
1619063100000,53565.28,53740.00,53348.96,53505.17,4381.639,1619063999999,234449550.30074,43604,2168.686,116074712.52403,0
1619064000000,53505.17,54102.02,53454.93,54020.75,4943.594,1619064899999,266415282.81844,50184,2781.896,149926720.77335,0
1619064900000,54020.96,54360.44,53910.23,54266.25,3261.535,1619065799999,176464370.79171,34453,1789.972,96863034.75778,0
1619065800000,54268.64,54359.99,53892.04,53916.37,2370.692,1619066699999,128283624.73085,27121,1038.797,56227062.33569,0
1619066700000,53916.44,54288.00,53854.88,54278.55,2333.203,1619067599999,126205639.76252,25139,1334.384,72191649.44845,0
1619067600000,54273.00,54438.60,54120.51,54235.01,2298.460,1619068499999,124727258.86324,26803,1150.164,62430559.85287,0
1619068500000,54235.00,54325.97,54063.11,54175.97,1719.328,1619069399999,93195510.33086,20573,791.739,42922042.50386,0
1619069400000,54175.98,54357.00,54021.77,54221.56,2229.361,1619070299999,120861253.99126,23539,998.990,54161475.64544,0
1619070300000,54230.22,54631.00,54164.20,54464.62,3250.416,1619071199999,176989784.57951,36714,1808.981,98512033.12195,0
1619071200000,54461.98,54643.00,54371.95,54535.17,2037.250,1619072099999,111068211.06152,25032,1065.744,58110880.09622,0
1619072100000,54535.18,54845.00,54535.17,54661.93,3308.504,1619072999999,181043492.09147,35796,1893.455,103609824.10708,0
1619073000000,54661.92,54697.94,54418.47,54497.19,2157.442,1619073899999,117663922.69674,26224,979.060,53397219.77453,0
1619073900000,54497.18,54534.34,54376.38,54461.74,1486.559,1619074799999,80948292.10498,18858,726.744,39578333.12182,0
1619074800000,54461.73,54600.53,54246.51,54322.84,2143.779,1619075699999,116665964.89033,26502,981.838,53453043.20461,0
1619075700000,54322.84,54322.84,54102.00,54227.42,2606.683,1619076599999,141279056.54151,29453,1223.906,66336808.54822,0
1619076600000,54227.42,54429.47,54205.35,54384.59,1885.486,1619077499999,102443181.01692,22255,1047.650,56923640.43626,0
1619077500000,54384.11,54487.76,54111.54,54159.51,1797.578,1619078399999,97534957.70039,22877,866.486,47027680.58638,0
1619078400000,54160.00,54278.54,53711.80,53833.54,5166.149,1619079299999,278711895.85876,51272,2193.244,118314778.40098,0
1619079300000,53833.55,53885.56,53540.00,53674.26,4194.201,1619080199999,225250420.63644,46271,2122.443,113999532.59545,0
1619080200000,53674.26,53845.47,53400.00,53425.50,4072.857,1619081099999,218209796.35384,44178,1719.271,92162426.53224,0
1619081100000,53425.50,53776.87,53080.29,53661.54,8050.269,1619081999999,430211910.20149,79359,3976.834,212591227.59391,0
1619082000000,53661.54,53681.14,53280.00,53426.77,4605.558,1619082899999,246227346.20959,45310,2219.238,118671975.72761,0
1619082900000,53426.39,53848.86,53351.93,53688.67,3803.082,1619083799999,204215889.05199,43378,2057.722,110490068.62388,0
1619083800000,53688.65,54091.70,53620.01,53961.14,3806.221,1619084699999,205288962.71833,42835,2149.480,115940344.40598,0
1619084700000,53960.34,54385.65,53910.11,54322.27,3050.551,1619085599999,165250180.09271,38620,1803.694,97715510.63914,0
1619085600000,54322.26,54390.00,54160.43,54225.12,2209.145,1619086499999,119830293.45431,28027,1066.224,57837207.60441,0
1619086500000,54225.11,54444.34,54125.00,54380.62,2284.513,1619087399999,124022299.08346,28460,1204.380,65402057.61094,0
1619087400000,54380.62,54450.00,54205.00,54287.16,2606.108,1619088299999,141523790.17857,28268,1122.316,60951015.66083,0
1619088300000,54291.43,54298.26,53890.00,53913.39,3433.223,1619089199999,185653296.55755,38668,1353.030,73182886.28198,0
1619089200000,53913.38,54072.34,53900.00,54064.10,2446.964,1619090099999,132117877.03494,29665,1301.961,70300019.06344,0
1619090100000,54060.69,55245.24,54043.73,54959.07,11619.964,1619090999999,637213291.81092,121800,6326.859,346867791.81239,0
1619091000000,54966.13,55236.89,54808.45,54884.63,4688.217,1619091899999,257970524.22770,52574,2305.573,126886635.04534,0
1619091900000,54886.02,55000.00,54720.00,54882.43,3153.197,1619092799999,172950518.42645,34794,1691.162,92770463.49905,0
1619092800000,54882.42,55165.00,54759.78,54804.37,3243.869,1619093699999,178275073.42585,40993,1610.596,88537271.82945,0
1619093700000,54804.37,55063.30,54733.68,54941.57,1984.520,1619094599999,109008877.24227,25943,1005.052,55212536.83078,0
1619094600000,54938.31,55470.51,54916.06,55165.98,5718.193,1619095499999,316020421.55376,62280,3210.701,177436012.10518,0
1619095500000,55163.01,55257.00,54955.72,55009.18,2481.728,1619096399999,136707133.52965,28513,1192.460,65692356.51037,0
1619096400000,55009.17,55200.00,54780.35,54940.87,3243.465,1619097299999,178189203.83718,36561,1440.822,79158702.56213,0
1619097300000,54940.86,55300.00,54879.93,55258.51,2508.745,1619098199999,138231027.45661,29206,1386.738,76406418.83054,0
1619098200000,55258.52,55302.50,54650.20,54688.02,3543.029,1619099099999,194614685.23557,42371,1480.797,81345568.20110,0
1619099100000,54688.02,54870.72,54418.69,54445.57,4810.851,1619099999999,262696125.17070,49842,2271.915,124091109.39462,0
1619100000000,54447.02,54829.01,54414.19,54656.97,3040.193,1619100899999,166030779.04355,33664,1625.531,88789802.76926,0
1619100900000,54656.96,54868.19,54459.69,54587.75,2734.516,1619101799999,149397085.74971,30959,1244.749,68024152.18675,0
1619101800000,54587.75,54759.80,54503.33,54677.53,1851.649,1619102699999,101189968.00352,22799,947.914,51806358.87060,0
1619102700000,54677.53,54870.77,54602.65,54769.08,2120.370,1619103599999,116140931.61828,25901,1109.521,60771772.70452,0
1619103600000,54767.21,54865.96,54335.00,54484.23,3027.272,1619104499999,165292678.93027,35526,1357.248,74139826.72637,0
1619104500000,54484.24,54583.02,54408.03,54463.52,1701.915,1619105399999,92746591.68877,23537,860.725,46907042.35926,0
1619105400000,54463.52,54599.64,54408.60,54495.03,1092.570,1619106299999,59560100.12209,18064,544.429,29680358.99488,0
1619106300000,54495.00,54737.99,54370.00,54672.07,2075.509,1619107199999,113315787.75855,26125,1052.666,57478117.27963,0
1619107200000,54676.74,54784.08,54511.00,54579.89,2086.789,1619108099999,114000990.07396,26071,1046.038,57149311.33277,0
1619108100000,54579.88,55191.43,54569.00,55120.89,3540.974,1619108999999,194499657.23376,39718,2102.114,115471922.19709,0
1619109000000,55119.73,55163.72,54893.00,54949.26,1558.532,1619109899999,85702062.24120,21983,720.548,39620684.35933,0
1619109900000,54949.26,55039.69,54834.07,54930.63,1533.976,1619110799999,84271527.46208,19089,784.108,43081379.90263,0
1619110800000,54930.63,55050.00,54600.00,54631.74,2805.671,1619111699999,153807281.47345,30962,1286.128,70526202.19420,0
1619111700000,54631.75,54631.75,54115.00,54399.97,5474.299,1619112599999,297491189.90498,56876,2483.940,134968598.92216,0
1619112600000,54399.98,54407.26,53980.00,53989.68,4178.734,1619113499999,226227531.04632,42206,1926.025,104287315.58749,0
1619113500000,53989.67,54172.42,53444.00,53476.58,8335.136,1619114399999,447673536.31970,85455,3710.221,199310483.99547,0
1619114400000,53476.38,53701.05,53303.51,53380.03,9390.833,1619115299999,502327057.37676,83954,4176.247,223435019.96519,0
1619115300000,53380.03,53587.99,52697.54,53326.61,15446.977,1619116199999,820437982.29538,127610,6303.565,334804950.31387,0
1619116200000,53331.31,53600.00,53113.73,53539.20,6365.883,1619117099999,339798784.33076,59950,3411.733,182149062.57114,0
1619117100000,53534.68,53567.34,53314.59,53392.06,3025.872,1619117999999,161722304.89494,32977,1460.442,78056341.03367,0
1619118000000,53392.05,53497.08,52549.39,52692.25,9867.366,1619118899999,523889395.80390,88235,4113.746,218485647.94669,0
1619118900000,52692.25,52985.00,52228.00,52968.81,11449.500,1619119799999,602013265.75508,122002,5655.365,297482088.36218,0
1619119800000,52968.81,53550.00,52936.46,53273.20,5900.277,1619120699999,314316714.40438,62621,3196.471,170296890.30191,0
1619120700000,53273.20,53427.49,52896.18,52940.59,4667.919,1619121599999,248116239.24751,48198,2250.637,119643380.40362,0
1619121600000,52944.70,52957.31,52420.00,52709.99,9048.913,1619122499999,476141953.62209,95224,4441.213,233688751.46545,0
1619122500000,52709.99,52800.00,51833.52,52258.75,11323.741,1619123399999,591777375.52342,108639,5165.229,270031695.52899,0
1619123400000,52258.76,52577.52,51952.54,52376.63,10521.137,1619124299999,550219473.80247,96414,5253.312,274806255.77213,0
1619124300000,52376.63,52466.92,51508.38,51678.33,12077.066,1619125199999,626065389.34075,131032,5794.616,300413330.44839,0
1619125200000,51676.35,51784.52,50534.34,51416.68,22699.551,1619126099999,1160135076.16915,240417,10543.986,539030788.11500,0
1619126100000,51414.62,52095.35,51364.43,51778.57,10522.637,1619126999999,544697703.46458,128075,5248.932,271737677.68513,0
1619127000000,51775.55,51993.82,51355.00,51735.58,5123.775,1619127899999,264886476.89486,74960,2528.001,130721703.30885,0
1619127900000,51735.51,51800.00,51059.75,51699.88,6170.264,1619128799999,317314160.48835,81882,2954.076,151941623.44076,0
1619128800000,51699.88,52260.00,51469.39,52185.82,5427.801,1619129699999,281893967.10176,69518,3024.829,157126734.55517,0
1619129700000,52185.83,52230.43,51805.49,51877.21,3421.455,1619130599999,177835214.06548,43190,1634.205,84942341.94606,0
1619130600000,51877.21,52004.57,51624.19,51807.10,3927.279,1619131499999,203423082.54532,45119,1946.218,100823487.91161,0
1619131500000,51807.11,51865.15,51317.70,51647.85,4825.074,1619132399999,248812550.09353,54826,2253.195,116209902.10610,0
1619132400000,51645.62,52201.20,51483.80,51991.24,4194.977,1619133299999,217941750.88051,50421,2282.079,118566568.69784,0
1619133300000,51991.25,52240.00,51830.42,52141.94,3182.978,1619134199999,165560851.93090,35286,1677.988,87292136.14885,0
1619134200000,52141.95,52160.26,51865.57,51967.04,2038.926,1619135099999,105967081.85345,24779,1087.836,56536735.90050,0
1619135100000,51967.04,52010.00,51602.47,51714.61,3279.790,1619135999999,169878481.90933,38257,1429.539,74065154.78253,0
1619136000000,51714.62,52093.93,51288.65,51980.19,7287.025,1619136899999,376737649.42096,79223,3614.892,186984298.63307,0
1619136900000,51980.65,52152.00,51905.95,52088.77,2728.506,1619137799999,141978785.83739,32103,1356.135,70577287.93624,0
1619137800000,52095.28,52108.02,51650.01,51672.37,2790.169,1619138699999,144619201.95836,32213,1270.948,65875745.03743,0
1619138700000,51672.37,51937.00,51391.00,51568.91,4823.395,1619139599999,248882984.24772,56689,2329.392,120226188.59203,0
1619139600000,51568.91,51771.60,51000.00,51099.92,6355.417,1619140499999,326285491.38935,79164,2631.493,135212383.05250,0
1619140500000,51099.92,51500.00,50887.53,51461.96,6969.406,1619141399999,356174871.05167,75267,3361.723,171873362.00893,0
1619141400000,51461.95,51560.56,50692.38,50800.78,8004.236,1619142299999,408270860.67847,88052,3607.387,184049320.60528,0
1619142300000,50803.48,51354.16,49530.04,51085.04,24222.748,1619143199999,1223877118.13093,235264,10757.391,544262095.34073,0
1619143200000,51085.04,51476.39,50331.15,50354.20,10852.916,1619144099999,551756574.62489,123300,5048.351,256673845.04647,0
1619144100000,50354.21,50658.20,48545.18,49414.26,28651.371,1619144999999,1417204400.78969,271299,13276.676,657194820.67245,0
1619145000000,49414.16,49795.36,49038.55,49405.65,12543.478,1619145899999,621003240.48668,147964,6410.649,317456072.75373,0
1619145900000,49405.66,50259.99,49391.25,50034.94,8293.606,1619146799999,414226110.29562,97708,4567.446,228105278.46260,0
1619146800000,50034.95,50322.71,49875.03,49956.47,5810.993,1619147699999,291156863.17580,61529,3005.431,150636420.47644,0
1619147700000,49956.48,50150.00,49687.45,50001.06,6129.052,1619148599999,305751313.26761,69716,3033.589,151360342.61568,0
1619148600000,49997.90,50448.34,49811.02,50418.78,4705.661,1619149499999,235819370.12713,55137,2645.675,132621985.55342,0
1619149500000,50418.79,50488.06,50180.01,50319.33,3921.603,1619150399999,197355459.95010,40992,1790.912,90138647.96097,0
1619150400000,50319.32,50617.98,49580.00,49793.45,7480.442,1619151299999,374359630.82115,77481,3465.077,173510502.20819,0
1619151300000,49790.98,50039.20,49706.91,49977.06,3522.445,1619152199999,175784854.61518,39952,1801.875,89931923.30727,0
1619152200000,49977.05,50088.98,49500.00,49517.14,4085.594,1619153099999,203188951.38423,51136,1772.462,88159742.14746,0
1619153100000,49517.14,49745.84,49125.03,49242.18,5331.369,1619153999999,263302193.88685,63985,2640.356,130408149.86310,0
1619154000000,49242.18,49539.72,49000.00,49074.77,7172.541,1619154899999,353054446.46552,82514,3493.561,172004771.86274,0
1619154900000,49070.19,49410.30,48436.19,49300.00,12803.068,1619155799999,626910919.27398,131542,6316.178,309462652.28324,0
1619155800000,49300.00,49749.12,49299.99,49492.18,6246.926,1619156699999,309398348.94221,65852,3328.037,164836413.40066,0
1619156700000,49499.71,50000.00,49488.93,49545.68,5033.172,1619157599999,250404570.59908,52430,2680.364,133400615.35219,0
1619157600000,49545.68,49596.04,49235.24,49476.00,5076.129,1619158499999,250784362.34249,59407,2573.800,127180472.59496,0
1619158500000,49476.01,49476.01,48700.00,48839.78,8398.578,1619159399999,411135204.10475,90496,4064.688,198962999.76658,0
1619159400000,48838.99,49193.00,48564.56,49112.73,8812.991,1619160299999,430513812.76796,97167,4740.688,231657134.74751,0
1619160300000,49112.00,49449.81,48676.00,49109.98,9018.243,1619161199999,442242582.28957,94547,4564.785,223889094.27318,0
1619161200000,49109.99,49428.88,48800.00,49404.16,6118.113,1619162099999,300538728.64440,66753,3274.979,160912590.67977,0
1619162100000,49401.77,49550.00,48926.41,48991.47,5704.239,1619162999999,281027212.18998,60207,2730.033,134558844.31669,0
1619163000000,48991.46,49033.06,48022.00,48300.01,17941.828,1619163899999,867793880.91915,177353,8252.945,399160396.69148,0
1619163900000,48300.01,48424.84,47705.18,48000.81,14883.277,1619164799999,714373909.29501,145838,6729.151,323100974.05464,0
1619164800000,48000.81,48417.38,47546.16,48213.67,16041.250,1619165699999,770665573.97752,155717,7748.736,372475623.01403,0
1619165700000,48207.30,48494.94,47968.58,48360.06,7302.016,1619166599999,352368623.43377,78936,3865.393,186588681.35853,0
1619166600000,48360.06,48686.53,48211.74,48327.00,7436.506,1619167499999,360545264.54605,78757,3707.660,179768195.71001,0
1619167500000,48326.99,48900.00,48162.03,48796.38,6808.200,1619168399999,330748996.99015,69764,3871.773,188114959.66585,0
1619168400000,48796.39,48829.75,48441.65,48726.42,4656.722,1619169299999,226576436.50448,52039,2443.651,118921240.06970,0
1619169300000,48726.41,48726.41,48224.66,48418.99,4677.181,1619170199999,226474250.56753,53383,2284.061,110591644.65830,0
1619170200000,48418.99,48630.02,47900.00,48205.38,5985.807,1619171099999,288780315.98454,68282,2746.322,132519497.83737,0
1619171100000,48212.45,48567.91,48100.72,48268.40,4832.100,1619171999999,233651513.96356,54119,2526.824,122207079.47412,0
1619172000000,48268.05,49468.17,48174.72,49288.68,12038.100,1619172899999,589005343.68950,119885,7084.709,346549372.72946,0
1619172900000,49288.69,49575.83,49136.93,49287.69,6378.364,1619173799999,314782443.41720,66126,2924.281,144370787.02886,0
1619173800000,49287.68,49710.49,49229.00,49572.50,4633.507,1619174699999,229417646.97816,54390,2562.945,126913916.06556,0
1619174700000,49572.49,49577.77,49259.22,49494.25,3832.219,1619175599999,189363141.42777,42361,1703.981,84215755.23840,0
1619175600000,49491.77,49700.00,49309.34,49575.94,3026.714,1619176499999,149759262.70694,36891,1636.896,81008324.23554,0
1619176500000,49575.94,49967.24,49550.00,49809.71,4826.948,1619177399999,240391295.33323,52658,2436.352,121356077.70397,0
1619177400000,49809.71,50291.02,49763.61,50117.01,6311.848,1619178299999,316047460.94781,67975,3300.361,165258234.33752,0
1619178300000,50117.02,50245.00,49765.20,50080.25,6558.540,1619179199999,328018845.06194,68524,3190.441,159592442.06281,0
1619179200000,50080.25,50320.00,49801.85,49850.53,5825.552,1619180099999,291593791.96403,61527,2790.811,139734146.96826,0
1619180100000,49850.52,50073.29,49565.22,49704.95,4666.534,1619180999999,232360212.17778,51629,2196.523,109395873.90401,0
1619181000000,49704.94,49925.99,49569.13,49912.83,3342.986,1619181899999,166304719.09133,35404,1796.373,89375490.41692,0
1619181900000,49912.82,49922.10,49251.00,49300.01,6448.458,1619182799999,319108494.06893,65903,2948.580,145926824.79262,0
1619182800000,49300.00,49493.00,49175.00,49432.63,5069.555,1619183699999,250080152.24751,55438,2627.777,129654235.82167,0
1619183700000,49432.62,49517.23,48734.69,48970.36,7304.341,1619184599999,358378348.30398,80811,3296.783,161765563.00206,0
1619184600000,48970.35,49063.51,48585.07,48771.04,7104.803,1619185499999,346959588.12286,73513,3487.709,170373131.10519,0
1619185500000,48771.04,49293.47,48650.00,49154.44,6104.367,1619186399999,299151693.47439,65872,3491.290,171131084.11418,0
1619186400000,49154.45,49496.50,48850.99,49391.55,6039.231,1619187299999,297270176.51684,65383,3190.492,157078887.91170,0
1619187300000,49391.55,49500.00,49230.00,49345.99,3027.442,1619188199999,149467743.09151,35718,1566.134,77326086.72484,0
1619188200000,49345.99,49974.45,49333.58,49765.47,4746.137,1619189099999,236010455.58816,58686,2659.539,132245801.50638,0
1619189100000,49765.47,49800.00,49559.12,49748.20,3134.347,1619189999999,155709305.59551,38611,1542.717,76648973.20114,0
1619190000000,49748.21,49779.82,49062.49,49313.91,5244.661,1619190899999,258837592.58274,61962,2301.740,113613466.04516,0
1619190900000,49313.91,49450.00,49005.81,49196.99,3802.996,1619191799999,187060474.67828,46506,1964.054,96630471.98941,0
1619191800000,49196.99,49810.00,49196.99,49623.59,6224.170,1619192699999,308652838.05279,62952,2993.608,148426735.99248,0
1619192700000,49623.58,49947.55,49611.81,49852.52,4679.250,1619193599999,232995227.89602,47481,2620.231,130482448.87477,0
1619193600000,49850.00,50141.53,49604.37,49626.71,5796.014,1619194499999,289168175.98154,68136,2961.618,147803732.01161,0
1619194500000,49626.72,49919.82,49504.37,49693.64,4138.879,1619195399999,205674399.26064,50144,2149.160,106814186.69096,0
1619195400000,49691.28,49934.97,49514.13,49926.09,3365.409,1619196299999,167390462.60789,36595,1758.495,87475520.78107,0
1619196300000,49926.09,49999.62,49760.00,49862.53,2673.514,1619197199999,133376840.84685,29090,1215.605,60646465.77029,0
1619197200000,49862.54,49928.70,49556.23,49688.34,2975.775,1619198099999,147931980.51230,32858,1562.100,77663821.24913,0
1619198100000,49688.33,50172.33,49682.97,50004.06,4353.859,1619198999999,217664665.70123,45505,2348.689,117427332.56497,0
1619199000000,50004.06,50052.00,49642.01,49867.00,3548.857,1619199899999,176852299.97006,36060,1601.016,79782753.20969,0
1619199900000,49867.00,50099.00,49708.28,49860.44,3134.591,1619200799999,156489092.22367,36052,1577.907,78770581.41452,0
1619200800000,49860.44,50050.47,49666.64,50017.56,3291.551,1619201699999,164186675.34689,36570,1603.576,80000387.52414,0
1619201700000,50017.56,50474.83,49900.64,50392.71,4385.954,1619202599999,220270658.78390,50706,2657.915,133521873.62181,0
1619202600000,50392.72,50821.10,50251.61,50725.39,5386.936,1619203499999,272353736.22062,61614,2920.327,147672761.73523,0
1619203500000,50725.38,50800.00,50545.16,50586.96,3519.981,1619204399999,178360182.77193,37514,1562.657,79202181.74090,0
1619204400000,50586.96,50681.18,50450.00,50600.00,2164.104,1619205299999,109381853.35932,27805,1020.330,51582532.61093,0
1619205300000,50599.99,50667.05,50452.52,50639.13,1526.000,1619206199999,77176552.94878,21677,788.178,39866440.07790,0
1619206200000,50638.65,50800.00,50564.23,50756.20,2090.593,1619207099999,106012482.93572,26310,971.257,49252995.41028,0
1619207100000,50756.19,50941.13,50649.99,50885.06,2704.771,1619207999999,137415079.80203,32267,1483.293,75367160.88532,0
1619208000000,50885.05,51191.31,50875.43,51136.37,3780.331,1619208899999,192861068.44263,50672,2147.600,109573445.02193,0
1619208900000,51130.61,51255.00,50981.01,51209.68,3095.120,1619209799999,158211446.64773,35923,1383.635,70744536.59291,0
1619209800000,51209.68,51278.54,51000.00,51049.79,2733.121,1619210699999,139764558.40393,33420,1162.687,59463731.92221,0
1619210700000,51047.26,51061.00,50510.00,50536.47,4647.933,1619211599999,235969844.63238,57511,1964.475,99709223.81761,0
1619211600000,50536.47,50961.90,50536.47,50867.09,2945.299,1619212499999,149463770.01031,35816,1646.474,83552951.43690,0
1619212500000,50864.24,50975.34,50630.50,50697.03,1813.784,1619213399999,92083346.16390,27226,848.732,43094680.57607,0
1619213400000,50697.16,50765.94,50498.56,50636.80,1760.341,1619214299999,89121080.58739,25908,877.322,44424919.92766,0
1619214300000,50636.80,50649.80,50318.72,50339.66,2587.365,1619215199999,130499566.32772,33709,1143.863,57693860.05883,0
1619215200000,50341.72,50668.14,50341.15,50489.96,2244.168,1619216099999,113397301.26037,25628,1180.247,59640018.20174,0
1619216100000,50489.96,50541.65,50200.72,50479.83,2690.130,1619216999999,135499768.47861,30671,1440.956,72583047.05046,0
1619217000000,50475.80,50749.75,50293.13,50615.47,2365.205,1619217899999,119612802.09561,28290,1210.746,61222019.00149,0
1619217900000,50615.47,50670.75,50437.84,50491.61,1561.758,1619218799999,78963605.22911,20122,759.638,38409423.89618,0
1619218800000,50495.83,50813.92,50495.83,50710.33,1893.092,1619219699999,95950619.12551,23774,1013.440,51365684.98099,0
1619219700000,50710.33,50858.00,50655.64,50851.77,1844.117,1619220599999,93620686.86762,21288,986.420,50077026.56674,0
1619220600000,50851.77,50999.47,50713.18,50976.86,1898.052,1619221499999,96482436.67547,23314,970.748,49350253.58436,0
1619221500000,50976.85,51154.37,50888.00,51122.62,1920.033,1619222399999,97944460.91223,22951,993.219,50675968.74308,0
1619222400000,51122.63,51183.51,50480.26,50798.01,6143.401,1619223299999,312147719.75035,62164,2665.074,135348819.55932,0
1619223300000,50798.02,50799.77,50078.44,50102.41,4776.191,1619224199999,240761158.99909,52432,2022.761,101991350.49841,0
1619224200000,50102.42,50346.91,49775.69,49857.12,6150.633,1619225099999,308064851.63122,70419,2892.936,144970579.60066,0
1619225100000,49850.01,49978.25,49611.13,49905.05,5773.925,1619225999999,287646426.68994,58329,2796.873,139359292.01130,0
1619226000000,49905.04,50093.06,49739.18,50020.09,3719.365,1619226899999,185875347.70886,41060,1904.176,95177040.52869,0
1619226900000,50020.09,50093.83,49800.00,49926.35,1835.810,1619227799999,91649111.31822,23353,863.739,43125713.36889,0
1619227800000,49926.35,50053.40,49747.27,49916.19,1970.691,1619228699999,98384189.49854,24049,1020.198,50941848.96117,0
1619228700000,49916.18,50035.75,49752.79,49766.27,1812.828,1619229599999,90490064.14849,20665,802.340,40057351.75375,0
1619229600000,49763.80,49838.66,49344.23,49415.85,4627.081,1619230499999,229506283.48774,49206,2048.973,101668052.49956,0
1619230500000,49415.85,49892.65,49381.70,49887.00,3446.040,1619231399999,171216944.74975,37759,1963.360,97551806.11477,0
1619231400000,49887.00,50434.34,49808.84,50275.01,4862.400,1619232299999,243756859.88320,45547,2932.345,147011027.74715,0
1619232300000,50275.01,50352.99,50011.00,50109.77,2955.957,1619233199999,148260322.29078,30197,1427.271,71600324.87093,0
1619233200000,50109.77,50320.00,50054.82,50097.55,2188.984,1619234099999,109874946.23147,25516,1073.375,53886585.11566,0
1619234100000,50097.54,50286.43,50097.54,50259.90,1363.110,1619234999999,68441015.72121,17557,713.531,35829067.79289,0
1619235000000,50259.90,50500.00,50247.07,50325.78,2420.426,1619235899999,121983895.04263,26883,1371.565,69127077.44943,0
1619235900000,50325.78,50325.78,50110.81,50157.41,1904.778,1619236799999,95621297.44836,21007,866.440,43490565.65900,0
1619236800000,50156.31,50430.00,49950.00,50296.58,3805.683,1619237699999,190838260.54716,39160,1853.815,92982589.82940,0
1619237700000,50300.00,50411.80,50068.88,50247.08,2242.043,1619238599999,112578001.58938,25066,1183.304,59417308.61137,0
1619238600000,50247.08,50460.89,50160.00,50447.17,2874.124,1619239499999,144629888.02375,29346,1538.948,77455669.64175,0
1619239500000,50447.17,50666.66,50353.23,50442.12,3603.156,1619240399999,182001479.23256,35126,1874.039,94679937.68820,0
1619240400000,50442.12,50539.05,50230.00,50315.21,2694.152,1619241299999,135666178.15315,29147,1204.348,60650483.92992,0
1619241300000,50314.23,50444.52,50225.00,50321.76,1493.233,1619242199999,75155720.05002,18038,805.816,40561472.22536,0
1619242200000,50321.76,50485.00,50256.86,50407.64,1272.722,1619243099999,64130755.98934,15468,737.053,37143032.58834,0
1619243100000,50407.64,50583.38,50393.88,50490.50,1774.682,1619243999999,89641064.40035,19109,903.636,45644676.55624,0
1619244000000,50490.50,50551.69,50330.09,50526.21,2261.520,1619244899999,114070206.35246,22658,1210.775,61076801.26698,0
1619244900000,50526.22,50550.00,50352.01,50414.05,1470.426,1619245799999,74156511.73341,17738,652.943,32929315.84583,0
1619245800000,50415.27,50470.00,50200.00,50215.52,1905.939,1619246699999,95840585.02734,22651,845.935,42543789.35258,0
1619246700000,50215.61,50400.43,50194.20,50252.72,1285.613,1619247599999,64675963.52109,16598,661.742,33295648.95033,0
1619247600000,50252.45,50254.44,49830.00,49936.17,4674.611,1619248499999,233667102.88740,50512,1983.813,99146201.91834,0
1619248500000,49936.18,49991.53,49688.19,49952.76,3201.088,1619249399999,159559544.74597,36803,1448.805,72240740.80720,0
1619249400000,49952.75,50073.39,49769.98,49863.75,2366.842,1619250299999,118157191.62534,27625,1144.238,57138279.28643,0
1619250300000,49863.75,49930.32,49757.00,49852.31,1756.218,1619251199999,87557025.46962,19286,870.722,43412607.78649,0
1619251200000,49852.31,50062.71,49750.00,49958.48,3269.041,1619252099999,163138235.75623,34823,1694.170,84565886.20977,0
1619252100000,49958.48,50210.48,49940.62,50048.39,2791.906,1619252999999,139846702.32171,29780,1442.826,72276590.52140,0
1619253000000,50048.39,50258.39,50010.00,50130.12,1862.690,1619253899999,93410220.56549,20489,1035.231,51923243.30257,0
1619253900000,50130.13,50146.24,49778.00,49799.78,2517.361,1619254799999,125771847.80674,28654,1121.554,56039204.33408,0
1619254800000,49801.53,49806.00,49512.27,49714.41,5077.807,1619255699999,252198217.80502,51258,2521.867,125264496.24848,0
1619255700000,49714.41,49750.00,49472.23,49589.99,2462.314,1619256599999,122108718.73204,30339,1143.880,56729274.09039,0
1619256600000,49589.99,49796.25,49531.96,49714.89,2053.099,1619257499999,101977785.92551,23778,1083.682,53832860.83726,0
1619257500000,49714.90,49839.18,49522.00,49555.96,2094.849,1619258399999,104074355.65469,26001,959.166,47659408.48909,0
1619258400000,49555.97,49564.36,49051.00,49202.43,5156.638,1619259299999,254289008.86633,63344,2184.896,107768696.48271,0
1619259300000,49202.43,49388.00,49119.26,49249.09,3340.262,1619260199999,164561724.05212,39015,1780.676,87734651.52446,0
1619260200000,49249.09,49443.71,49000.00,49207.01,4904.621,1619261099999,241435413.53643,51102,2390.718,117718665.60415,0
1619261100000,49207.01,49432.75,49049.68,49049.80,4064.685,1619261999999,200099985.09393,44113,2038.470,100367495.30799,0
1619262000000,49049.80,49199.00,48783.24,49119.45,7562.005,1619262899999,370220324.92632,84984,3638.534,178174855.86658,0
1619262900000,49119.46,49587.50,49062.94,49381.07,5208.562,1619263799999,256873434.89554,55230,2867.603,141467058.28793,0
1619263800000,49381.07,49557.85,49014.65,49031.48,3942.712,1619264699999,194387904.93234,41845,1842.340,90862874.86265,0
1619264700000,49031.48,49157.38,48690.00,49114.39,6496.929,1619265599999,317888978.99297,70843,3398.676,166377209.78706,0
1619265600000,49113.76,49425.99,48960.00,49319.02,5893.002,1619266499999,290056215.03925,60853,2950.592,145242049.66121,0
1619266500000,49319.02,49530.00,49070.00,49463.00,4479.557,1619267399999,220868699.66417,46003,2292.594,113070409.97172,0
1619267400000,49463.01,49747.18,49320.00,49690.54,4253.855,1619268299999,210716907.45646,45320,2301.581,114046086.38711,0
1619268300000,49690.55,49808.88,49538.00,49567.71,3743.435,1619269199999,185910957.88644,39476,1836.841,91233758.88571,0
1619269200000,49567.71,49657.31,49354.95,49455.54,4011.133,1619270099999,198509320.99747,38440,1771.984,87710973.02859,0
1619270100000,49455.53,49770.97,49449.09,49606.17,2804.920,1619270999999,139215100.35509,29621,1513.065,75099811.26127,0
1619271000000,49600.95,49744.00,49522.06,49600.01,2055.306,1619271899999,102011104.83704,24165,968.049,48049810.52772,0
1619271900000,49600.00,49680.66,49470.20,49581.14,2079.373,1619272799999,103056048.12241,23631,956.534,47406604.32408,0
1619272800000,49581.12,49584.43,49133.38,49176.81,4058.822,1619273699999,200288336.61279,47473,1866.360,92108985.63919,0
1619273700000,49176.82,49427.01,49160.00,49375.71,2572.775,1619274599999,126898888.37740,28683,1342.079,66197570.28957,0
1619274600000,49379.69,49581.93,49250.00,49412.00,3017.843,1619275499999,149101783.29277,32290,1573.316,77741407.57376,0
1619275500000,49412.02,49550.00,49280.84,49342.87,2320.006,1619276399999,114666538.56648,26920,1224.056,60500316.99226,0
1619276400000,49342.87,49342.87,48951.00,49150.68,5250.169,1619277299999,257954110.68491,55821,2323.573,114176660.33774,0
1619277300000,49150.69,49720.00,49139.67,49720.00,3973.760,1619278199999,196301370.80027,46283,2298.774,113602452.13926,0
1619278200000,49720.00,50187.00,49710.00,49962.99,8851.533,1619279099999,442150852.35577,91423,4910.592,245319782.05474,0
1619279100000,49961.25,50400.00,49906.28,50225.36,5370.418,1619279999999,269588142.71196,57026,3078.049,154538521.99762,0
1619280000000,50225.37,50319.81,49906.05,49915.58,4692.440,1619280899999,235079666.87175,48141,2080.984,104268579.64681,0
1619280900000,49916.53,50170.00,49906.05,50025.44,2409.860,1619281799999,120630223.88856,29156,1272.204,63685025.64131,0
1619281800000,50025.45,50242.02,49990.28,50060.84,1907.601,1619282699999,95613931.52719,22731,1000.767,50164750.82849,0
1619282700000,50058.54,50060.00,49876.88,49936.79,1964.961,1619283599999,98177680.19076,24112,899.152,44929561.27559,0
1619283600000,49936.78,50047.47,49750.12,49791.38,2509.177,1619284499999,125171075.53992,28991,1144.400,57104000.03696,0
1619284500000,49791.39,49995.00,49680.00,49993.00,3003.311,1619285399999,149654614.86361,30972,1622.615,80871940.29199,0
1619285400000,49992.99,50196.18,49873.84,50004.80,2840.811,1619286299999,142167380.01542,29165,1359.153,68019896.99114,0
1619286300000,50007.34,50187.06,50003.47,50154.26,2192.325,1619287199999,109836630.84745,20562,1284.869,64371090.26414,0
1619287200000,50154.25,50300.00,50025.00,50259.35,2006.843,1619288099999,100630136.08846,24752,1228.578,61618660.30065,0
1619288100000,50259.35,50850.00,50192.64,50711.66,7325.937,1619288999999,370740972.87747,72927,3937.039,199212587.78968,0
1619289000000,50711.42,50778.96,50606.90,50759.95,2150.556,1619289899999,108992953.35133,24392,1040.656,52751137.68712,0
1619289900000,50759.94,50796.94,50527.92,50600.14,1776.724,1619290799999,89972117.94274,21268,816.445,41351092.12376,0
1619290800000,50600.13,50741.11,50600.13,50655.97,1230.402,1619291699999,62359445.94846,15353,627.269,31792300.90620,0
1619291700000,50655.98,50900.38,50652.40,50837.83,2559.358,1619292599999,130038030.75521,26415,1494.384,75930491.01691,0
1619292600000,50838.46,50931.99,50710.00,50710.01,1793.887,1619293499999,91135343.56116,20180,881.758,44803438.50879,0
1619293500000,50710.01,50795.00,50605.00,50698.61,1641.637,1619294399999,83196032.80927,19285,804.098,40751173.26988,0
1619294400000,50698.62,50796.63,50565.03,50572.64,2007.703,1619295299999,101763864.37063,24095,836.356,42399571.84117,0
1619295300000,50572.64,50873.79,50569.77,50865.62,1508.449,1619296199999,76505368.60215,18738,816.724,41425046.43605,0
1619296200000,50865.62,51046.00,50718.00,50729.80,2845.493,1619297099999,144841367.94145,31999,1580.030,80448108.07657,0
1619297100000,50729.80,50999.00,50729.79,50935.46,1726.452,1619297999999,87889957.92610,20427,873.187,44448416.66250,0
1619298000000,50935.45,50986.50,50701.16,50740.38,1887.478,1619298899999,96010987.45004,23157,842.057,42841288.54649,0
1619298900000,50740.38,50920.00,50663.86,50903.23,1664.376,1619299799999,84582887.17155,20950,958.128,48687991.34146,0
1619299800000,50903.23,51046.89,50870.01,51000.01,1153.832,1619300699999,58791543.82832,16903,670.066,34144759.76221,0
1619300700000,51000.00,51016.25,50733.25,50887.41,2063.515,1619301599999,105009409.98596,25069,953.032,48486062.16056,0
1619301600000,50887.41,50972.00,50633.00,50774.99,2227.923,1619302499999,113119274.92767,26745,1097.253,55725639.03968,0
1619302500000,50774.99,50800.00,50509.82,50571.85,2262.850,1619303399999,114579595.29037,26431,1005.635,50919833.17673,0
1619303400000,50571.85,50828.78,50569.68,50676.14,1668.926,1619304299999,84650374.99112,19665,774.665,39291045.44009,0
1619304300000,50676.13,50815.94,50265.11,50342.34,3228.323,1619305199999,163050301.91426,32884,1524.693,77012957.48641,0
1619305200000,50346.11,50554.49,50260.00,50310.99,2968.506,1619306099999,149697154.40190,28740,1388.019,69991677.95447,0
1619306100000,50310.99,50524.53,50270.10,50388.09,2260.399,1619306999999,113932481.74970,23312,1227.497,61869117.70045,0
1619307000000,50388.08,50520.00,50308.00,50353.94,1817.088,1619307899999,91604684.43550,20504,1007.807,50805522.82396,0
1619307900000,50353.10,50356.48,49948.05,50092.40,4190.928,1619308799999,210036683.24948,44995,2017.204,101087220.19727,0
1619308800000,50094.27,50314.40,49900.00,50242.00,3497.878,1619309699999,175348986.63621,38832,1805.091,90510547.25774,0
1619309700000,50242.00,50344.30,50121.00,50128.67,1720.001,1619310599999,86431884.41309,21849,868.236,43633701.73796,0
1619310600000,50131.11,50140.73,49912.74,50040.52,2512.398,1619311499999,125630900.48820,27039,1207.998,60404419.39295,0
1619311500000,50040.52,50210.48,49762.01,49880.21,3422.085,1619312399999,170943527.03473,35853,1579.387,78911799.42603,0
1619312400000,49880.20,49981.70,49850.08,49901.57,1399.238,1619313299999,69857011.75113,17525,729.938,36442238.21025,0
1619313300000,49901.57,50299.99,49885.01,50270.00,2491.874,1619314199999,124904514.89297,25868,1544.840,77442784.44560,0
1619314200000,50270.00,50350.13,50133.31,50209.48,1688.922,1619315099999,84826648.46579,19980,862.912,43346856.49325,0
1619315100000,50209.48,50360.03,50130.16,50178.46,1493.671,1619315999999,75015759.52257,15961,745.811,37461080.92416,0
1619316000000,50178.47,50310.00,50173.54,50229.98,1139.918,1619316899999,57262349.01986,16074,590.326,29654580.49647,0
1619316900000,50229.97,50483.20,50211.00,50420.00,1715.286,1619317799999,86387800.74931,21418,986.643,49690695.40695,0
1619317800000,50420.02,50429.74,50286.99,50291.99,1365.702,1619318699999,68752529.96470,16129,607.515,30583468.13554,0
1619318700000,50291.99,50356.36,50161.00,50325.32,1493.666,1619319599999,75067995.43722,16839,760.757,38236032.86611,0
1619319600000,50325.32,50373.21,50228.30,50252.41,986.757,1619320499999,49620277.86165,12437,443.013,22278416.96940,0
1619320500000,50253.38,50290.00,49865.19,49985.32,3655.119,1619321399999,182792638.53457,35729,1587.881,79399582.76238,0
1619321400000,49986.69,50076.47,49807.12,49856.93,1936.232,1619322299999,96679318.79021,22219,944.566,47166694.91851,0
1619322300000,49856.92,49908.84,49629.33,49680.00,3143.375,1619323199999,156358295.67152,34017,1374.211,68356072.23071,0
1619323200000,49680.01,49830.63,49661.00,49751.08,1439.116,1619324099999,71606729.18006,18566,807.040,40160090.13521,0
1619324100000,49751.09,49857.07,49555.15,49740.00,2225.661,1619324999999,110612606.87243,26982,1155.586,57444624.56951,0
1619325000000,49740.01,49784.42,49458.57,49576.38,2118.468,1619325899999,105080820.89952,27595,822.663,40816231.37072,0
1619325900000,49576.38,49739.26,49458.31,49735.19,2042.166,1619326799999,101374828.44856,24673,1161.408,57658911.70311,0
1619326800000,49735.19,49832.64,49641.19,49709.51,1301.960,1619327699999,64770245.81050,18336,611.977,30446619.58966,0
1619327700000,49714.07,49895.14,49657.60,49831.46,1268.683,1619328599999,63182674.61334,16261,758.314,37767173.81235,0
1619328600000,49831.46,49868.59,49746.44,49795.61,753.759,1619329499999,37543909.23745,12850,346.492,17260189.67890,0
1619329500000,49795.62,49851.22,49710.20,49831.90,767.246,1619330399999,38192401.38877,12492,374.519,18645104.82283,0
1619330400000,49830.54,49899.88,49805.01,49858.03,797.724,1619331299999,39770304.65973,12271,409.910,20435892.64521,0
1619331300000,49858.07,49899.56,49592.07,49678.53,1912.986,1619332199999,95101739.80598,23379,793.689,39455122.48013,0
1619332200000,49678.52,49733.93,49551.00,49597.76,1474.616,1619333099999,73218920.84821,18080,810.737,40263307.35913,0
1619333100000,49597.76,49639.97,49335.19,49451.04,2865.084,1619333999999,141750803.48548,33814,1407.738,69658585.62055,0
1619334000000,49448.93,49521.44,49250.00,49467.00,2781.548,1619334899999,137401513.97406,35039,1272.833,62893004.50986,0
1619334900000,49467.00,49566.47,49113.17,49290.50,4551.470,1619335799999,224493943.01706,48195,2125.792,104863880.47420,0
1619335800000,49290.49,49578.17,49290.49,49544.75,1630.401,1619336699999,80632641.51431,23751,979.767,48458794.44484,0
1619336700000,49544.76,49753.09,49544.75,49697.06,2511.611,1619337599999,124762718.19290,29370,1421.930,70629984.44398,0
1619337600000,49695.29,49775.00,49541.30,49656.86,1537.388,1619338499999,76338078.05249,20406,735.846,36540793.98373,0
1619338500000,49657.30,49831.00,49649.36,49713.95,1764.359,1619339399999,87814715.84993,20828,957.913,47677758.00908,0
1619339400000,49711.60,49780.00,49653.97,49775.65,1030.452,1619340299999,51244736.80440,13284,527.172,26219451.53881,0
1619340300000,49776.26,50300.00,49770.00,50122.88,5992.199,1619341199999,300477118.05320,58509,3404.511,170691307.56906,0
1619341200000,50122.89,50260.00,49832.93,49870.01,3710.655,1619342099999,185552524.69748,35893,1565.865,78321210.47869,0
1619342100000,49870.01,49879.99,49364.22,49428.94,5662.991,1619342999999,280922399.36482,56954,2550.672,126536023.21893,0
1619343000000,49429.88,49585.01,49210.01,49376.91,5001.655,1619343899999,247170141.24160,51341,2602.506,128624083.12990,0
1619343900000,49371.96,49606.59,49300.00,49508.32,3771.202,1619344799999,186682727.49157,38871,1975.116,97778291.09902,0
1619344800000,49508.31,49917.27,49215.91,49806.37,6769.352,1619345699999,335785330.34632,63021,3573.364,177309023.46177,0
1619345700000,49806.37,49939.98,49607.16,49700.00,3364.871,1619346599999,167499711.37206,32438,1551.490,77235996.54119,0
1619346600000,49700.00,49726.90,49357.67,49471.12,3320.714,1619347499999,164310655.21558,33649,1603.763,79346384.96298,0
1619347500000,49471.12,49525.25,49222.00,49375.40,3831.475,1619348399999,189068620.10877,39442,1726.019,85172403.64992,0
1619348400000,49375.41,49490.00,49283.59,49425.79,1762.564,1619349299999,87105875.10375,21943,967.593,47820031.67489,0
1619349300000,49425.79,49577.79,49319.00,49521.40,2140.078,1619350199999,105889818.99790,24655,1047.968,51861540.72175,0
1619350200000,49521.40,49570.00,49339.21,49442.60,1635.687,1619351099999,80875984.66288,20207,741.093,36645739.56707,0
1619351100000,49440.15,49724.00,49422.45,49566.14,2376.206,1619351999999,117829819.65441,28826,1228.425,60917466.68214,0
1619352000000,49567.38,49900.00,49471.00,49803.13,3059.847,1619352899999,151989295.64375,33929,1634.437,81203708.84565,0
1619352900000,49803.13,49868.90,49634.98,49725.85,2147.510,1619353799999,106782743.76319,23955,996.326,49539477.11941,0
1619353800000,49733.77,49849.93,49587.17,49829.44,2423.909,1619354699999,120458977.23167,22860,1289.655,64099310.53129,0
1619354700000,49829.84,49963.71,49750.48,49862.94,2882.338,1619355599999,143710450.61164,29227,1449.846,72287822.78009,0
1619355600000,49862.95,49959.16,49752.27,49948.99,3051.377,1619356499999,152196421.50331,28844,1498.019,74723593.06091,0
1619356500000,49948.99,50183.82,49808.32,49862.49,4318.460,1619357399999,215906928.55393,44548,2196.438,109853225.91635,0
1619357400000,49862.49,49927.15,49762.73,49834.13,2652.549,1619358299999,132183245.74210,25362,1249.272,62262251.60173,0
1619358300000,49834.13,49952.67,49834.12,49890.46,1890.044,1619359199999,94305608.68439,18215,1148.195,57290771.24699,0
1619359200000,49890.45,49895.90,49711.52,49737.89,1980.050,1619360099999,98629236.09095,19927,852.259,42454093.55638,0
1619360100000,49734.33,50055.00,49713.24,50055.00,1946.646,1619360999999,97088839.83751,21498,1087.121,54231308.92740,0
1619361000000,50055.00,50473.59,49976.79,50396.91,5862.478,1619361899999,294541382.86302,57615,3311.239,166395037.12415,0
1619361900000,50402.48,50466.00,50254.24,50343.36,3469.814,1619362799999,174763414.07694,34783,1651.745,83197424.64855,0
1619362800000,50343.36,50530.97,50233.30,50385.81,2826.263,1619363699999,142385731.02296,31270,1526.604,76922551.46142,0
1619363700000,50384.58,50577.90,50358.85,50382.49,2650.756,1619364599999,133691409.71475,25695,1327.635,66969075.40613,0
1619364600000,50382.49,50425.74,50275.60,50330.46,2157.969,1619365499999,108628843.21394,22050,896.447,45127771.66350,0
1619365500000,50330.46,50383.94,50200.00,50273.29,2179.071,1619366399999,109592140.66453,22691,903.815,45462036.64660,0
1619366400000,50273.28,50327.39,50070.00,50189.98,3296.179,1619367299999,165376398.28321,34204,1617.336,81149963.47942,0
1619367300000,50189.99,50274.29,50143.71,50200.01,1446.901,1619368199999,72655249.13236,16599,738.024,37060826.08467,0
1619368200000,50200.01,50269.88,50095.28,50219.51,1465.446,1619369099999,73549375.93728,17695,751.374,37713056.52022,0
1619369100000,50219.51,50400.00,50120.67,50400.00,1457.422,1619369999999,73218524.62241,17328,882.344,44337793.61776,0
1619370000000,50400.00,50448.00,50021.55,50069.20,2785.226,1619370899999,139867415.54310,28197,1222.643,61415361.88123,0
1619370900000,50069.21,50150.00,49810.00,49916.51,3591.843,1619371799999,179469301.98439,36120,1455.458,72731779.17779,0
1619371800000,49916.51,50018.68,49855.27,49877.01,1547.856,1619372699999,77309990.06364,17415,769.552,38441322.07134,0
1619372700000,49878.25,49983.75,49801.12,49941.87,1943.406,1619373599999,96987976.33595,20155,1030.104,51410531.84827,0
1619373600000,49941.87,49960.00,49750.00,49853.62,2474.533,1619374499999,123295510.29026,25589,1184.375,59014412.58144,0
1619374500000,49853.75,49867.04,49575.00,49649.84,2917.347,1619375399999,145018156.29150,33720,1289.310,64094042.20235,0
1619375400000,49650.83,49760.05,49500.00,49648.48,3095.191,1619376299999,153544249.85545,31735,1536.775,76245860.48847,0
1619376300000,49648.89,49773.99,49648.88,49655.88,2452.921,1619377199999,121958429.74954,21437,1131.107,56237043.27834,0
1619377200000,49655.88,49812.96,49587.79,49749.14,1618.689,1619378099999,80457402.20268,19453,859.079,42708208.88859,0
1619378100000,49746.30,49760.00,49512.00,49586.05,1720.878,1619378999999,85391071.90562,19388,758.892,37655538.53015,0
1619379000000,49586.05,49765.57,49501.00,49561.40,2356.285,1619379899999,116907849.98252,24387,1120.734,55605079.50077,0
1619379900000,49561.41,49653.98,49309.00,49354.08,4104.565,1619380799999,203002931.78637,42580,1812.351,89649634.75820,0
1619380800000,49354.08,49531.78,49255.00,49472.78,2664.884,1619381699999,131677242.44682,33100,1285.124,63519841.39517,0
1619381700000,49472.78,49622.83,49402.02,49537.67,1554.102,1619382599999,76952049.60756,19476,822.049,40708225.34832,0
1619382600000,49537.67,49591.10,49333.10,49394.47,1884.753,1619383499999,93227027.46442,20576,873.212,43197908.27004,0
1619383500000,49394.47,49394.47,47872.11,48094.94,21851.542,1619384399999,1058696331.35156,235269,9623.809,466035253.46375,0
1619384400000,48094.95,48304.43,47655.30,48246.68,12619.654,1619385299999,605563003.41335,141313,6601.933,316916982.97828,0
1619385300000,48248.39,48359.49,47796.53,47948.53,6694.611,1619386199999,321779831.62762,84488,3059.059,147057833.94354,0
1619386200000,47946.22,47949.92,46930.43,47126.03,14086.485,1619387099999,668234221.40129,162526,6172.451,292937987.49174,0
1619387100000,47126.03,47752.13,46932.00,47596.95,9209.033,1619387999999,436952378.52193,110370,5124.689,243194323.21891,0
1619388000000,47596.95,48075.94,47500.00,47999.00,6355.856,1619388899999,304229607.59567,82528,3465.975,165913316.06188,0
1619388900000,47998.99,48137.10,47857.22,47940.88,3934.136,1619389799999,188724166.34588,46403,1968.110,94428359.59625,0
1619389800000,47940.89,48500.00,47720.43,48425.11,6783.761,1619390699999,326374504.84800,77971,3715.854,178869461.03557,0
1619390700000,48425.44,48807.85,48390.00,48681.10,6669.808,1619391599999,324294260.68434,78766,3590.768,174609067.81944,0
1619391600000,48681.10,48849.90,48515.93,48593.33,3219.359,1619392499999,156571529.48475,37116,1649.901,80261542.94905,0
1619392500000,48592.84,49174.47,48484.97,49031.46,5441.660,1619393399999,265676567.44595,56634,3150.277,153845692.04719,0
1619393400000,49031.46,49117.97,48866.88,48963.37,3068.676,1619394299999,150237859.44208,33826,1428.749,69945593.45337,0
1619394300000,48963.28,49081.19,48783.61,49063.94,2717.943,1619395199999,132992747.09507,27414,1287.255,63000917.06886,0
1619395200000,49063.94,49989.96,48763.00,49906.59,11928.177,1619396099999,589405507.59994,121696,6659.250,329173934.22810,0
1619396100000,49906.59,50300.00,49891.18,50105.48,8614.971,1619396999999,431818822.54788,86646,4435.084,222319245.86975,0
1619397000000,50105.47,51000.00,50050.00,50758.99,10878.199,1619397899999,550737968.60537,110402,5988.367,303226660.81891,0
1619397900000,50760.92,50924.55,50582.06,50911.03,4536.268,1619398799999,230025949.51654,45268,2215.202,112351005.44120,0
1619398800000,50911.02,50978.77,50580.00,50612.87,4089.590,1619399699999,207443282.12049,43039,1902.201,96505065.48304,0
1619399700000,50612.87,50971.90,50456.04,50864.68,4403.804,1619400599999,223334397.97773,44448,2309.413,117170019.25092,0
1619400600000,50864.68,51668.58,50861.61,51490.58,11736.787,1619401499999,602797851.66312,116503,6692.680,343685774.47843,0
1619401500000,51487.13,51974.73,51386.66,51915.05,8725.181,1619402399999,451781360.18061,88087,4577.253,237032226.83477,0
1619402400000,51915.05,52500.00,51907.35,52189.48,11974.428,1619403299999,625713000.79774,116549,6185.593,323263640.09834,0
1619403300000,52189.13,52264.45,51785.45,51947.86,6929.763,1619404199999,360229733.99911,60809,2981.251,154987332.04709,0
1619404200000,51953.89,52006.33,51720.23,51956.60,3985.885,1619405099999,206761833.91055,38785,1954.639,101416249.40350,0
1619405100000,51955.27,52019.99,51850.00,51981.40,2663.497,1619405999999,138368475.04185,25341,1360.641,70690272.23702,0
1619406000000,51981.40,52272.60,51981.39,52250.00,4071.009,1619406899999,212343572.24276,42231,2207.502,115141237.09240,0
1619406900000,52250.00,52293.28,51943.62,51943.82,2297.158,1619407799999,119683520.67117,26811,890.692,46413927.49827,0
1619407800000,51943.83,52105.50,51858.00,52031.45,2064.183,1619408699999,107323097.38194,22622,1012.349,52642783.21718,0
1619408700000,52034.35,52445.78,52034.35,52420.42,3792.882,1619409599999,198347958.93138,37746,2069.636,108231625.10743,0
1619409600000,52419.73,52756.18,52142.26,52220.00,5455.160,1619410499999,286072078.19216,59197,2910.026,152675701.94218,0
1619410500000,52220.01,52256.77,52080.75,52221.29,2147.327,1619411399999,112054826.58443,22617,949.167,49535574.54100,0
1619411400000,52221.29,52397.54,52047.68,52256.29,3401.850,1619412299999,177638788.54842,30232,1622.665,84739972.42134,0
1619412300000,52259.08,52413.07,52223.78,52323.95,1763.868,1619413199999,92291410.51727,18719,869.044,45473198.12723,0
1619413200000,52323.95,52487.16,52100.00,52117.32,2647.046,1619414099999,138364470.73009,29352,1231.003,64355940.60535,0
1619414100000,52110.77,52380.00,52104.17,52321.33,1820.247,1619414999999,95146989.76484,19561,922.862,48236051.35194,0
1619415000000,52326.26,52505.00,52304.00,52388.54,2593.661,1619415899999,135952334.53186,26265,1341.978,70349404.87869,0
1619415900000,52388.53,52580.00,52303.92,52545.70,2213.187,1619416799999,116067242.96294,25159,1218.255,63904885.41949,0
1619416800000,52545.71,52862.40,52430.00,52822.91,4238.924,1619417699999,223193527.53391,46355,2433.200,128144066.12389,0
1619417700000,52822.90,52833.73,52598.00,52620.36,3590.517,1619418599999,189209469.97934,33453,1460.174,76953258.12539,0
1619418600000,52620.35,53000.00,52620.35,52962.99,5658.524,1619419499999,298875502.34862,49711,3211.065,169632867.22438,0
1619419500000,52964.02,53092.00,52758.98,52828.56,5184.216,1619420399999,274348821.82386,47343,2463.662,130393709.62623,0
1619420400000,52828.56,52902.25,52532.00,52670.48,4864.739,1619421299999,256332495.42838,48986,2235.462,117820190.79881,0
1619421300000,52668.21,52740.33,52462.40,52713.36,3100.888,1619422199999,163005538.57616,33042,1554.991,81751567.52632,0
1619422200000,52713.37,52950.00,52671.28,52936.45,2665.363,1619423099999,140726653.20865,30503,1390.794,73440279.49685,0
1619423100000,52936.45,52979.44,52707.38,52816.00,3380.608,1619423999999,178649354.72617,32780,1605.582,84848233.67279,0
1619424000000,52816.01,52949.01,52578.94,52603.90,4036.910,1619424899999,212923133.03570,38046,1932.863,101964735.37076,0
1619424900000,52603.90,52748.70,52540.00,52700.99,2292.234,1619425799999,120713550.98017,23481,1113.279,58630714.03061,0
1619425800000,52700.99,52889.62,52588.70,52666.97,2292.120,1619426699999,120910552.45221,25140,1122.139,59195482.95641,0
1619426700000,52666.97,52743.37,52528.88,52618.92,2064.140,1619427599999,108671065.40578,22981,1068.205,56241429.39424,0
1619427600000,52620.89,52672.12,52285.43,52434.09,3730.958,1619428499999,195851899.59722,37142,1578.395,82875541.38069,0
1619428500000,52434.08,52557.63,52358.70,52383.43,2666.848,1619429399999,139904681.41937,28989,1340.798,70345744.71236,0
1619429400000,52379.23,52675.75,52379.23,52655.31,2352.466,1619430299999,123617518.66129,25724,1347.349,70806270.50567,0
1619430300000,52655.32,53575.00,52638.46,53467.59,12701.173,1619431199999,676742120.64237,128632,7122.765,379445099.83754,0
1619431200000,53467.58,53550.00,53210.00,53385.91,5618.053,1619432099999,299818179.67683,54989,2914.429,155545271.89764,0
1619432100000,53385.91,53510.00,53279.27,53426.75,3348.137,1619432999999,178747519.28030,33524,1625.460,86789822.40095,0
1619433000000,53426.75,53429.39,53146.31,53193.91,2813.975,1619433899999,149968558.85318,29311,1095.815,58403986.11005,0
1619433900000,53193.90,53343.74,53121.21,53225.43,2148.246,1619434799999,114342319.55414,25434,1075.485,57252150.96809,0
1619434800000,53225.43,53569.19,53225.43,53476.31,3590.367,1619435699999,191814295.47202,35289,2039.025,108942812.22457,0
1619435700000,53471.00,53700.00,53346.45,53424.42,4648.238,1619436599999,248672350.48535,45348,2330.676,124734380.23531,0
1619436600000,53424.41,53650.00,53265.82,53615.21,3367.021,1619437499999,180062818.36327,36048,1625.333,86938829.08174,0
1619437500000,53614.83,53683.12,53431.10,53591.99,2671.227,1619438399999,143073704.73451,30265,1327.269,71097028.54318,0
1619438400000,53592.00,53858.21,53433.60,53558.26,4981.208,1619439299999,267063212.58667,49684,2584.868,138625872.76779,0
1619439300000,53558.25,53799.00,53400.00,53760.00,3500.616,1619440199999,187647604.14500,37004,1780.826,95487266.42410,0
1619440200000,53760.01,53952.00,53650.01,53785.37,5665.392,1619441099999,304805570.63965,53939,2784.829,149845361.40606,0
1619441100000,53787.37,53813.00,53433.98,53473.37,4792.212,1619441999999,256887279.46444,46751,2033.613,109026875.07543,0
1619442000000,53473.37,53617.92,53226.36,53249.99,4538.330,1619442899999,242347825.09945,51128,2064.672,110277604.20310,0
1619442900000,53250.00,53690.00,53243.90,53673.33,4166.121,1619443799999,222886259.16201,43134,2351.459,125781512.48085,0
1619443800000,53673.79,53892.00,53655.68,53891.99,3751.469,1619444699999,201731216.88576,42510,1898.141,102082153.81977,0
1619444700000,53892.00,53892.47,53515.13,53650.00,3665.276,1619445599999,196780295.86486,39178,1652.085,88695149.20205,0
1619445600000,53650.00,53836.00,53550.26,53644.05,2701.046,1619446499999,144927503.88836,28571,1373.741,73716908.15471,0
1619446500000,53644.06,53692.00,53450.00,53589.99,2379.249,1619447399999,127419030.38808,25794,1106.776,59278369.64769,0
1619447400000,53589.99,53649.81,53380.00,53615.00,2422.119,1619448299999,129636517.66117,28821,1171.742,62721417.83551,0
1619448300000,53615.02,53736.35,53466.02,53555.35,2572.087,1619449199999,137903831.60649,26722,1221.167,65478294.93145,0
1619449200000,53555.34,53710.24,53239.38,53341.14,4373.013,1619450099999,233790807.97673,38551,1739.528,93028032.39007,0
1619450100000,53341.14,53594.00,53250.00,53486.36,3003.759,1619450999999,160543119.14040,29723,1679.490,89766550.03365,0
1619451000000,53486.37,53659.24,53470.26,53582.53,1970.965,1619451899999,105564144.43808,19891,1023.928,54844497.35506,0
1619451900000,53588.25,53700.00,53517.34,53572.76,1435.449,1619452799999,76948305.29137,18202,674.135,36142988.92866,0
1619452800000,53576.65,53750.00,53140.00,53290.62,6152.227,1619453699999,328761201.83943,61040,2918.891,156029957.14965,0
1619453700000,53290.62,53403.33,52862.00,53077.15,6497.263,1619454599999,345128028.29057,69043,2966.529,157605849.73581,0
1619454600000,53077.14,53387.33,52944.98,53194.87,4059.380,1619455499999,215998315.60662,42055,2313.460,123100753.91273,0
1619455500000,53194.88,53388.00,53194.00,53299.84,2438.191,1619456399999,129958655.39116,23204,1088.311,58010035.39080,0
1619456400000,53299.84,53800.00,53280.44,53713.90,3827.709,1619457299999,205184183.70565,40732,2162.902,115940732.66064,0
1619457300000,53714.00,54364.89,53674.99,54273.68,8078.007,1619458199999,436995101.30211,83983,4779.262,258518456.70436,0
1619458200000,54273.68,54273.68,54000.00,54168.45,3239.885,1619459099999,175428141.84450,34831,1407.217,76204406.76866,0
1619459100000,54168.44,54178.23,53860.61,54024.70,2917.745,1619459999999,157609997.67811,30949,1399.203,75579883.54161,0
1619460000000,54024.69,54192.00,53878.04,54183.00,2095.338,1619460899999,113184896.85385,26304,1091.277,58962745.77683,0
1619460900000,54183.00,54183.00,53939.65,54106.02,2286.021,1619461799999,123611151.23706,24667,1100.417,59496409.10568,0
1619461800000,54106.03,54289.95,54081.33,54114.92,2594.161,1619462699999,140538517.34964,30580,1376.760,74591656.48548,0
1619462700000,54113.11,54239.84,54088.29,54230.70,1153.106,1619463599999,62451501.72411,15828,621.674,33668850.73149,0
1619463600000,54230.70,54288.00,53700.00,53885.85,5108.514,1619464499999,275655230.65807,51952,2259.424,121946670.59492,0
1619464500000,53885.85,53972.53,53760.45,53780.74,2098.272,1619465399999,113068182.13551,21876,1091.926,58845673.01361,0
1619465400000,53780.74,53972.19,53716.20,53839.99,1598.495,1619466299999,86102209.25748,18531,844.413,45485725.28163,0
1619466300000,53839.99,54061.41,53693.01,54026.17,2062.006,1619467199999,111105557.51137,22358,1179.072,63554994.85767,0
1619467200000,54026.17,54036.00,53739.01,53741.25,1733.365,1619468099999,93348539.80844,18445,785.526,42301208.03389,0
1619468100000,53741.25,53846.10,53172.46,53196.15,5185.145,1619468999999,277167017.02943,54056,2325.009,124329090.63712,0
1619469000000,53196.16,53599.97,53163.60,53430.20,3191.436,1619469899999,170494267.19471,32136,1654.966,88423471.05081,0
1619469900000,53430.20,53496.26,53177.17,53177.17,2953.476,1619470799999,157496990.31304,30693,1401.728,74756103.20288,0
1619470800000,53178.23,53186.19,52674.01,52949.99,7864.597,1619471699999,415994122.61550,86775,3857.378,204026798.19100,0
1619471700000,52949.99,52963.69,52600.00,52692.06,6095.637,1619472599999,321561375.24649,58553,2785.232,146940109.82066,0
1619472600000,52692.05,53503.03,52686.78,53499.76,4789.559,1619473499999,254551778.16308,57868,2912.411,154782868.87999,0
1619473500000,53501.26,53501.26,53181.01,53350.00,1861.043,1619474399999,99244039.88352,24469,915.301,48809142.58642,0
1619474400000,53349.99,53950.00,52859.58,53888.20,6500.059,1619475299999,347084464.02240,71551,3440.351,183798037.22991,0
1619475300000,53888.10,54281.72,53690.00,53716.77,7272.746,1619476199999,392626158.86971,79076,3751.573,202596306.01349,0
1619476200000,53717.50,53890.00,53450.00,53539.67,3888.975,1619477099999,208610000.15071,40592,1918.501,102931767.62095,0
1619477100000,53546.30,53684.65,53433.33,53601.40,1751.663,1619477999999,93855371.73808,20800,950.836,50953113.49125,0
1619478000000,53598.73,53780.41,53460.41,53639.93,1681.567,1619478899999,90164107.62239,20585,825.328,44256768.59352,0
1619478900000,53639.94,54052.64,53627.19,53813.47,2628.333,1619479799999,141535628.96548,29837,1387.755,74733681.11624,0
1619479800000,53815.02,53945.60,53736.44,53862.01,1458.037,1619480699999,78498219.61278,17958,737.300,39695086.66214,0
1619480700000,53862.00,54019.44,53813.40,53984.33,1753.859,1619481599999,94618600.03796,19657,929.744,50162552.78114,0
1619481600000,53984.34,54163.26,53666.66,53781.10,4087.809,1619482499999,220361903.38639,46039,1857.986,100200101.63116,0
1619482500000,53781.09,53841.74,53517.09,53566.72,2653.427,1619483399999,142445939.43530,28510,1195.981,64208792.62893,0
1619483400000,53566.71,53914.28,53566.71,53737.41,1961.156,1619484299999,105478631.03092,23717,1068.359,57458794.47109,0
1619484300000,53733.47,53775.03,53620.00,53652.65,1165.698,1619485199999,62586041.57212,15665,588.815,31613774.20176,0
1619485200000,53652.65,53824.00,53572.32,53770.00,1354.973,1619486099999,72772736.66007,16095,701.314,37674027.96972,0
1619486100000,53770.46,53798.99,53600.00,53780.00,1128.503,1619486999999,60583562.08081,14631,560.210,30074527.18157,0
1619487000000,53780.01,53784.28,53588.10,53718.03,1092.891,1619487899999,58637049.69193,13718,511.313,27436123.27353,0
1619487900000,53718.03,53798.96,53570.75,53760.32,1368.671,1619488799999,73480100.56125,16922,678.860,36448934.26608,0
1619488800000,53760.31,53981.74,53718.46,53870.00,2035.989,1619489699999,109661016.94081,23159,1097.099,59097921.29388,0
1619489700000,53870.01,53989.84,53794.62,53918.52,1184.496,1619490599999,63827695.64660,14823,588.686,31725339.00026,0
1619490600000,53918.51,53918.52,53780.82,53899.99,953.445,1619491499999,51336493.06641,13009,482.059,25957236.71561,0
1619491500000,53899.99,53930.02,53775.19,53793.17,1048.102,1619492399999,56430738.25968,12822,469.415,25273720.36148,0
1619492400000,53793.18,53815.00,53634.48,53669.06,1355.148,1619493299999,72782464.17797,16239,607.640,32636507.31132,0
1619493300000,53669.07,53689.09,53290.16,53459.80,2667.069,1619494199999,142619459.37997,29876,1079.522,57729153.71493,0
1619494200000,53459.80,53586.11,53401.01,53486.31,1539.609,1619495099999,82363845.42887,17717,794.599,42512844.44288,0
1619495100000,53486.31,53572.84,53427.91,53463.57,1021.831,1619495999999,54681874.17383,12583,514.365,27528085.89793,0
1619496000000,53463.58,53584.22,53403.26,53439.79,1305.047,1619496899999,69814155.82068,14777,692.249,37037197.77242,0
1619496900000,53438.86,53456.02,53225.14,53390.23,1939.353,1619497799999,103453959.92627,21691,842.958,44970406.96360,0
1619497800000,53390.24,53489.00,53310.51,53411.14,1220.058,1619498699999,65149638.27286,14567,608.228,32481084.28046,0
1619498700000,53413.53,53539.93,53335.00,53453.71,1382.818,1619499599999,73883986.49257,15344,834.946,44615919.77880,0
1619499600000,53453.71,53950.00,53421.00,53853.25,3661.966,1619500499999,196864470.00920,35889,2058.657,110651021.90876,0
1619500500000,53853.26,53928.47,53771.41,53886.95,1919.513,1619501399999,103351676.65505,19254,897.514,48330506.32949,0
1619501400000,53886.94,53933.31,53822.62,53838.00,1208.748,1619502299999,65125448.78450,14406,595.834,32105343.86784,0
1619502300000,53838.01,53948.88,53760.27,53904.34,1537.681,1619503199999,82835619.95587,15604,805.545,43397127.95933,0
1619503200000,53904.34,54716.26,53886.50,54602.71,7645.377,1619504099999,415559998.70591,80396,4793.769,260533078.75560,0
1619504100000,54604.42,54764.64,54500.00,54729.99,4734.462,1619504999999,258589760.61706,44122,2384.245,130250652.90393,0
1619505000000,54729.99,54750.00,54558.40,54677.02,2109.389,1619505899999,115252106.64236,24967,1012.701,55336999.19197,0
1619505900000,54677.02,54777.00,54558.40,54676.80,1991.987,1619506799999,108876216.17334,23173,1056.221,57743473.51047,0
1619506800000,54676.79,54729.74,54536.10,54719.99,2211.152,1619507699999,120788909.93076,22775,950.261,51923489.82268,0
1619507700000,54719.99,54869.09,54604.96,54647.98,3433.615,1619508599999,187866066.29854,33748,1871.730,102431021.77494,0
1619508600000,54647.98,54654.58,54596.31,54633.37,1323.913,1619509499999,72317329.56542,14865,604.113,33000304.57658,0
1619509500000,54634.87,54659.48,54315.00,54524.36,3219.702,1619510399999,175393912.01028,36417,1378.621,75100931.65670,0
1619510400000,54524.37,54825.00,54404.00,54700.82,3995.102,1619511299999,218243886.72368,39919,2086.548,113989222.99661,0
1619511300000,54700.78,54999.00,54645.02,54766.81,3324.193,1619512199999,182214838.74357,35603,1836.842,100701149.44039,0
1619512200000,54766.82,54847.38,54480.62,54549.25,3634.263,1619513099999,198510446.87439,32940,1465.225,80036138.93151,0
1619513100000,54549.25,54614.41,54350.00,54433.12,2626.077,1619513999999,143091211.30570,25573,1149.676,62657554.80256,0
1619514000000,54433.13,54581.00,54322.45,54338.34,2066.023,1619514899999,112532069.46343,23097,1045.419,56954915.41682,0
1619514900000,54338.35,54609.00,54335.41,54512.23,1738.340,1619515799999,94733524.56980,22043,983.120,53579502.54501,0
1619515800000,54512.22,54673.28,54508.99,54602.21,1362.519,1619516699999,74394168.26397,18146,707.488,38631036.75928,0
1619516700000,54602.20,54659.99,54401.01,54476.05,2090.020,1619517599999,113999400.58935,20292,897.141,48932611.52108,0
1619517600000,54476.05,54650.00,54420.00,54504.85,3441.271,1619518499999,187704670.11968,29836,2130.165,116203280.74024,0
1619518500000,54504.84,54659.99,54430.91,54558.34,2457.772,1619519399999,134054476.10119,24402,1338.858,73027552.26319,0
1619519400000,54558.33,54625.73,54503.05,54550.74,1068.540,1619520299999,58316103.32815,14275,565.609,30868770.86620,0
1619520300000,54550.75,54776.01,54550.75,54679.99,2305.066,1619521199999,126084321.95020,25773,1239.124,67778281.82896,0
1619521200000,54679.99,54902.82,54675.21,54815.84,2449.873,1619522099999,134268973.38692,29091,1219.921,66861697.92527,0
1619522100000,54815.84,54945.54,54633.39,54709.09,3244.644,1619522999999,177791410.62953,35689,1453.255,79637411.39130,0
1619523000000,54708.02,54925.00,54700.00,54863.79,2183.606,1619523899999,119731574.11725,24842,1186.983,65084034.65984,0
1619523900000,54863.79,55238.33,54860.00,55144.07,6053.845,1619524799999,333500212.56542,63214,3423.170,188583854.39540,0
1619524800000,55144.06,55300.00,55000.00,55014.11,4033.623,1619525699999,222383050.70617,42567,2007.437,110701261.77932,0
1619525700000,55014.11,55100.00,54900.00,54916.56,3360.027,1619526599999,184697043.38734,32109,1472.101,80929598.77315,0
1619526600000,54918.87,55002.68,54750.00,54830.30,2899.531,1619527499999,159101737.69284,29244,1257.147,68995906.17767,0
1619527500000,54830.29,54961.02,54810.00,54844.99,1924.815,1619528399999,105640704.44142,21346,972.387,53373746.85425,0
1619528400000,54844.99,54980.00,54840.88,54971.28,1465.863,1619529299999,80485221.27028,18135,812.958,44638111.82781,0
1619529300000,54969.02,54979.58,54828.52,54848.53,1653.492,1619530199999,90777417.37494,18287,837.501,45980696.76834,0
1619530200000,54848.52,55040.00,54400.17,54545.66,6712.732,1619531099999,366860454.61245,64107,2937.336,160568448.05106,0
1619531100000,54545.65,54742.99,54518.00,54733.29,3244.553,1619531999999,177336744.10737,32612,1684.243,92054302.69783,0
1619532000000,54733.29,54743.00,54365.99,54530.00,5620.874,1619532899999,306398970.64824,51390,2648.700,144385186.45903,0
1619532900000,54532.73,55068.59,54405.00,55015.31,6492.261,1619533799999,355284662.49861,63157,3649.392,199702134.14525,0
1619533800000,55015.31,55037.00,54755.55,54962.49,3670.197,1619534699999,201489695.55653,40798,1770.436,97195970.70635,0
1619534700000,54962.50,55063.23,54900.00,54964.12,2692.224,1619535599999,148017317.89531,28393,1349.394,74194400.23543,0
1619535600000,54964.12,55050.00,54840.36,54936.89,2675.360,1619536499999,146982178.61445,26091,1319.991,72521306.70018,0
1619536500000,54934.07,54983.71,54843.84,54935.04,1336.954,1619537399999,73428970.17590,16131,636.052,34934541.26865,0
1619537400000,54935.04,55222.00,54870.78,55200.74,3111.062,1619538299999,171295037.72395,33391,1798.680,99047539.12511,0
1619538300000,55200.75,55337.77,54975.00,54985.00,3343.498,1619539199999,184313905.54526,39208,1591.203,87732250.12936,0
1619539200000,54985.01,55080.00,54802.26,54930.01,2973.617,1619540099999,163329712.54627,34398,1378.216,75702536.23612,0
1619540100000,54930.00,55070.79,54779.02,54779.03,2130.797,1619540999999,117085869.79531,25796,991.208,54478090.63177,0
1619541000000,54779.02,54898.97,54661.21,54874.82,2332.139,1619541899999,127766821.04179,27866,1190.362,65221489.36843,0
1619541900000,54874.82,54886.95,54555.00,54673.63,2491.820,1619542799999,136251542.33247,29964,1185.540,64826298.71097,0
1619542800000,54673.63,54818.98,54261.73,54508.45,5449.996,1619543699999,297439926.76254,58677,2386.784,130298231.24566,0
1619543700000,54508.45,54950.00,54501.38,54829.65,3700.879,1619544599999,202722063.87584,37618,1963.074,107524079.05265,0
1619544600000,54829.55,54919.99,54782.03,54821.92,1082.900,1619545499999,59389054.12713,14281,546.852,29992438.18147,0
1619545500000,54821.92,54920.00,54700.23,54884.28,1478.387,1619546399999,81056059.74411,17915,733.611,40223163.00881,0
1619546400000,54884.28,54894.75,54631.38,54730.00,1863.484,1619547299999,102011871.89872,20339,806.692,44159876.45570,0
1619547300000,54729.71,54905.67,54665.95,54895.00,1262.438,1619548199999,69170327.56358,14675,622.075,34082796.68998,0
1619548200000,54895.00,54999.00,54828.41,54857.76,1423.393,1619549099999,78166822.36669,17342,638.483,35064585.15496,0
1619549100000,54857.76,54981.04,54723.59,54950.36,2125.561,1619549999999,116565205.78961,19691,1084.141,59454330.21124,0
1619550000000,54950.35,54968.85,54780.00,54872.49,1227.369,1619550899999,67343392.37267,15613,564.505,30970422.29417,0
1619550900000,54872.49,54976.64,54631.00,54702.31,1897.007,1619551799999,103944542.45827,22097,948.698,51983136.52161,0
1619551800000,54702.31,54783.25,54625.00,54670.03,1577.904,1619552699999,86313073.68935,18356,770.383,42140187.92241,0
1619552700000,54670.03,54783.22,54642.19,54755.19,919.231,1619553599999,50305499.19759,12573,454.108,24851599.44438,0
1619553600000,54755.20,54950.81,54755.20,54881.00,1925.114,1619554499999,105633520.65858,20490,935.584,51333862.59144,0
1619554500000,54881.01,54950.00,54785.00,54944.09,1025.018,1619555399999,56252546.05053,12605,492.001,27004810.98929,0
1619555400000,54942.32,55054.00,54911.37,54986.52,1404.649,1619556299999,77233611.25392,17263,772.296,42467546.87152,0
1619556300000,54986.51,55199.98,54872.88,55141.85,1645.911,1619557199999,90600905.21890,20518,949.880,52301762.96199,0
1619557200000,55141.85,55164.16,54823.00,54935.83,1729.332,1619558099999,95061429.58008,23245,745.640,40983407.04201,0
1619558100000,54935.83,55011.06,54884.01,54912.00,876.208,1619558999999,48140126.34466,13543,437.884,24059362.61858,0
1619559000000,54913.17,55152.23,54896.00,55147.64,955.734,1619559899999,52613488.79460,16953,529.070,29126240.04558,0
1619559900000,55147.73,55500.00,55141.37,55274.55,4310.693,1619560799999,238637024.88074,54115,2535.241,140368654.36306,0
1619560800000,55273.29,55345.31,55155.00,55231.09,1629.980,1619561699999,90004534.58312,21421,830.609,45870216.64699,0
1619561700000,55231.10,55258.02,55010.05,55127.58,1496.843,1619562599999,82560766.36605,17199,578.186,31895565.45300,0
1619562600000,55127.57,55150.00,55011.00,55062.00,1396.320,1619563499999,76917102.40582,15106,746.918,41144627.17645,0
1619563500000,55061.99,55068.16,54900.00,54944.57,1648.851,1619564399999,90642071.65948,19344,698.912,38421534.51549,0
1619564400000,54944.58,54988.46,54745.36,54941.18,1995.205,1619565299999,109491852.92145,23563,962.406,52824547.78781,0
1619565300000,54941.18,55050.00,54922.98,54998.68,1092.837,1619566199999,60100072.15885,14399,534.917,29419463.78754,0
1619566200000,54996.98,55030.98,54809.01,55024.42,1367.004,1619567099999,75111885.75422,16425,652.189,35843723.73015,0
1619567100000,55022.58,55031.10,54900.00,55006.25,1261.922,1619567999999,69357499.73185,14776,560.894,30828612.63780,0
1619568000000,55006.25,55288.88,54999.77,55136.76,3039.732,1619568899999,167593692.39295,32326,1601.487,88301378.98929,0
1619568900000,55136.77,55428.00,55081.05,55283.78,2713.714,1619569799999,149990470.65353,28096,1427.531,78912214.16532,0
1619569800000,55286.20,55479.43,55165.31,55333.00,2248.653,1619570699999,124414284.54051,24939,1163.144,64373113.18599,0
1619570700000,55333.00,55430.00,55275.00,55383.93,1182.576,1619571599999,65452769.82388,15389,580.852,32151343.81507,0
1619571600000,55383.94,55685.00,55301.00,55572.58,4290.622,1619572499999,238247627.49411,44948,2508.728,139320387.35986,0
1619572500000,55572.57,55733.00,55500.84,55604.71,2042.311,1619573399999,113583088.10215,23653,1058.386,58867448.97450,0
1619573400000,55604.71,55699.99,55525.27,55578.13,1488.253,1619574299999,82729757.37745,16432,663.504,36883813.17465,0
1619574300000,55578.13,55586.98,55478.95,55481.63,1250.974,1619575199999,69461248.16702,14003,523.823,29086134.24234,0
1619575200000,55481.63,55590.00,55395.68,55577.01,1412.021,1619576099999,78359666.49041,16782,731.606,40607740.65432,0
1619576100000,55577.01,55620.00,55490.83,55504.32,1037.291,1619576999999,57643222.60878,12860,490.648,27267318.51555,0
1619577000000,55504.32,55583.02,55461.50,55500.01,953.583,1619577899999,52943050.07634,11099,416.508,23124922.84560,0
1619577900000,55500.00,55500.01,55174.25,55187.43,2675.574,1619578799999,148004970.00039,28819,1101.934,60954700.63483,0
1619578800000,55183.18,55274.14,55054.56,55218.32,2421.499,1619579699999,133546950.39688,27821,1287.991,71037681.44109,0
1619579700000,55219.39,55237.68,55103.00,55122.35,1491.545,1619580599999,82284197.69452,15528,634.093,34982835.12890,0
1619580600000,55122.34,55142.64,54851.00,54884.71,3195.374,1619581499999,175755669.78765,33503,1255.968,69093404.75156,0
1619581500000,54884.71,55064.20,54780.80,54788.88,2623.891,1619582399999,144038429.27023,29161,1301.800,71478174.21122,0
1619582400000,54788.89,54950.00,54766.00,54930.02,1795.934,1619583299999,98550314.47685,23964,983.289,53959786.18220,0
1619583300000,54930.01,54992.08,54855.52,54962.00,1130.139,1619584199999,62083521.65797,15234,580.771,31906350.97103,0
1619584200000,54962.01,54962.01,54850.42,54887.70,1031.834,1619585099999,56632165.21668,13690,477.172,26189012.08902,0
1619585100000,54888.88,54924.70,54617.82,54825.94,2935.861,1619585999999,160789421.05903,32766,1337.999,73291744.38067,0
1619586000000,54825.93,54949.99,54701.62,54892.69,1596.194,1619586899999,87521431.71858,20228,793.492,43512392.49391,0
1619586900000,54892.70,54928.71,54692.23,54754.46,1550.608,1619587799999,84982144.72659,17951,715.807,39230015.45510,0
1619587800000,54750.06,54765.65,54420.00,54560.95,3653.735,1619588699999,199288787.18658,40586,1609.084,87759656.96963,0
1619588700000,54560.81,54657.15,54422.58,54618.34,1936.432,1619589599999,105692742.00228,23229,1013.286,55312390.12006,0
1619589600000,54618.35,54648.69,54100.00,54183.85,5580.354,1619590499999,303002601.13336,54895,2227.827,120989463.23009,0
1619590500000,54183.84,54300.06,53932.49,54091.06,5440.362,1619591399999,294381798.32894,53738,2650.331,143457259.07785,0
1619591400000,54091.07,54399.94,53852.00,54374.21,6951.213,1619592299999,376150283.64576,67279,3863.019,209079371.59222,0
1619592300000,54374.22,54396.99,54063.00,54185.59,3231.577,1619593199999,175118652.53812,35782,1570.821,85121070.14619,0
1619593200000,54184.12,54408.94,54082.09,54406.72,2435.857,1619594099999,132154034.17599,27723,1409.983,76507602.49051,0
1619594100000,54406.71,54497.00,54175.00,54486.00,2664.645,1619594999999,144744342.02154,30416,1425.598,77455546.50236,0
1619595000000,54486.01,54573.07,54315.91,54445.13,2500.619,1619595899999,136109612.79688,26077,1250.061,68049500.64155,0
1619595900000,54445.12,54449.99,54200.00,54278.97,1868.782,1619596799999,101482779.90625,21742,835.492,45371489.62835,0
1619596800000,54278.96,54444.00,54140.08,54430.30,2418.253,1619597699999,131298098.94057,26260,1264.146,68639660.81187,0
1619597700000,54428.97,54519.65,54339.80,54486.58,1696.266,1619598599999,92309309.71062,18273,929.071,50564067.94219,0
1619598600000,54486.59,54538.17,54288.14,54323.10,1476.643,1619599499999,80276338.58222,17036,711.381,38675372.44943,0
1619599500000,54323.11,54434.63,54089.10,54089.10,2166.898,1619600399999,117518519.56376,25053,899.339,48792405.26959,0
1619600400000,54089.10,54340.14,54089.10,54261.07,2177.082,1619601299999,118013451.70560,22283,1222.837,66286868.00802,0
1619601300000,54261.07,54274.94,53951.79,53971.52,2622.468,1619602199999,141823009.97298,28988,1008.167,54524406.67388,0
1619602200000,53970.19,54300.00,53963.97,54280.41,2441.256,1619603099999,132175119.09814,25740,1427.971,77311840.80296,0
1619603100000,54280.41,54439.64,54234.63,54235.83,1904.832,1619603999999,103515244.31061,23233,956.111,51962242.11499,0
1619604000000,54235.83,54470.00,54131.43,54451.41,2184.736,1619604899999,118602264.16677,26008,1235.291,67070197.47213,0
1619604900000,54451.41,54468.84,54325.81,54372.43,1436.665,1619605799999,78136865.30151,16716,702.094,38186924.46753,0
1619605800000,54372.42,54379.53,54262.98,54325.27,1286.414,1619606699999,69871209.47043,14728,657.043,35687354.80984,0
1619606700000,54327.00,54499.94,54231.96,54425.18,1995.234,1619607599999,108507163.58531,19565,1124.732,61165950.22845,0
1619607600000,54425.18,54827.84,54425.00,54729.08,4442.407,1619608499999,242935564.25951,47921,2630.970,143873763.76693,0
1619608500000,54729.07,55084.48,54690.87,54914.69,5202.326,1619609399999,285365189.10803,46108,2731.183,149854570.31978,0
1619609400000,54914.58,55094.00,54830.00,54992.02,3123.016,1619610299999,171621592.58525,32075,1647.315,90534210.66970,0
1619610300000,54992.02,55062.61,54787.50,54871.01,2415.790,1619611199999,132603171.71491,25444,1112.272,61056498.70188,0
1619611200000,54867.54,55343.70,54773.75,55271.99,3959.680,1619612099999,218087144.39604,42015,2251.762,124062256.09023,0
1619612100000,55272.00,55312.82,55150.00,55155.83,2573.095,1619612999999,142066452.95784,28574,1257.776,69451857.98649,0
1619613000000,55157.01,55285.00,55056.00,55187.49,2569.500,1619613899999,141781969.38342,24992,1253.313,69162948.98482,0
1619613900000,55187.49,55225.96,55134.39,55192.65,1488.940,1619614799999,82156788.08540,15571,777.839,42921563.28547,0
1619614800000,55192.64,55200.00,54819.08,54874.76,2885.626,1619615699999,158708202.68885,30592,1125.616,61914519.96942,0
1619615700000,54874.75,54953.18,54640.00,54829.55,4346.818,1619616599999,238074449.47256,40153,2231.956,122252026.42396,0
1619616600000,54829.55,54936.87,54680.00,54787.00,2286.444,1619617499999,125285991.39677,24836,1055.460,57839908.32734,0
1619617500000,54787.00,54856.15,54680.00,54799.26,1677.143,1619618399999,91861048.66713,19064,911.962,49950530.68860,0
1619618400000,54797.35,54927.19,54700.00,54827.85,1802.121,1619619299999,98777738.59883,20690,895.042,49064599.55871,0
1619619300000,54827.85,54830.59,54550.00,54686.44,2659.943,1619620199999,145463023.71594,29871,1216.116,66507805.41160,0
1619620200000,54686.44,54740.00,54500.00,54527.67,1992.628,1619621099999,108797791.65736,23074,788.328,43052128.19643,0
1619621100000,54523.85,54685.10,54500.00,54515.29,1976.728,1619621999999,107901569.40092,22672,1083.129,59126224.31754,0
1619622000000,54511.55,54620.71,54200.43,54286.00,3559.317,1619622899999,193512343.48416,40545,1621.295,88141732.14477,0
1619622900000,54286.48,54432.00,54119.54,54355.01,2904.551,1619623799999,157747707.51302,31393,1438.855,78161783.37064,0
1619623800000,54355.00,54457.48,54353.18,54421.89,1774.659,1619624699999,96542256.38770,18125,901.767,49059891.86355,0
1619624700000,54420.93,54420.93,54245.01,54367.05,1867.675,1619625599999,101494999.94342,18026,839.502,45620338.56534,0
1619625600000,54367.04,54609.71,54275.00,54400.39,3014.465,1619626499999,164045015.79750,32972,1539.831,83818396.61226,0
1619626500000,54400.99,54566.48,54342.53,54422.02,1933.995,1619627399999,105317175.68118,21637,995.974,54240637.00590,0
1619627400000,54422.03,54781.48,54410.00,54709.17,2664.111,1619628299999,145546816.20500,29702,1562.721,85375782.70995,0
1619628300000,54710.16,54788.07,54645.43,54713.80,1937.670,1619629199999,106041021.30622,18678,929.707,50880534.11778,0
1619629200000,54713.80,54751.00,54556.23,54564.21,1487.890,1619630099999,81316294.98369,16959,666.034,36405714.39655,0
1619630100000,54565.47,54807.59,54565.46,54805.51,1248.987,1619630999999,68304617.64037,15123,723.890,39592439.12396,0
1619631000000,54805.50,54989.00,54793.00,54967.81,2104.849,1619631899999,115539941.30505,24301,1170.267,64240132.13149,0
1619631900000,54967.79,54977.77,54775.97,54864.58,1214.272,1619632799999,66616769.04811,15325,498.198,27333394.20644,0
1619632800000,54864.59,54998.98,54807.66,54938.03,1947.386,1619633699999,106963613.94205,20706,976.686,53646859.94400,0
1619633700000,54938.03,55096.44,54877.29,54906.47,1669.212,1619634599999,91788095.86354,22242,889.554,48923525.91668,0
1619634600000,54906.46,55060.00,54828.01,54873.63,1787.250,1619635499999,98152570.22424,21010,844.853,46406691.24275,0
1619635500000,54873.64,54979.00,54666.64,54966.06,2337.523,1619636399999,128104949.49728,25164,1093.920,59966386.28933,0
1619636400000,54966.07,54996.02,54774.00,54850.72,1751.859,1619637299999,96117734.35213,18013,762.307,41830377.27500,0
1619637300000,54850.71,55031.58,54829.01,55016.70,1439.366,1619638199999,79059401.88240,15073,684.786,37616382.83690,0
1619638200000,55012.35,55040.92,54859.13,54970.91,1059.251,1619639099999,58202434.45460,13533,562.895,30931179.15442,0
1619639100000,54970.92,55500.00,54836.49,55447.48,4519.156,1619639999999,249460852.19892,45797,2774.906,153235397.71161,0
1619640000000,55447.42,56574.13,55344.60,55556.99,17157.187,1619640899999,961124861.12860,196620,8405.207,470868167.61856,0
1619640900000,55548.33,55663.17,54363.63,54805.14,18883.360,1619641799999,1035842600.98726,200019,9183.773,503805805.60899,0
1619641800000,54804.61,54935.00,54401.01,54604.20,6324.944,1619642699999,345880731.32245,69898,2917.667,159570729.86870,0
1619642700000,54603.49,54608.15,54190.98,54389.65,4853.508,1619643599999,263948193.32153,57467,2385.844,129772077.60464,0
1619643600000,54389.64,54411.68,54010.00,54397.70,4534.071,1619644499999,245866079.00492,54348,2169.963,117684280.20091,0
1619644500000,54397.70,54590.00,54369.32,54564.02,2428.113,1619645399999,132331895.64394,31230,1151.992,62789827.04750,0
1619645400000,54561.01,54764.85,54561.01,54708.90,1912.983,1619646299999,104576782.94989,27296,893.445,48846789.84986,0
1619646300000,54708.89,54907.70,54635.57,54810.26,2094.303,1619647199999,114754239.68163,26287,1127.556,61789010.68498,0
1619647200000,54810.26,54849.64,54708.86,54726.47,1330.809,1619648099999,72896659.86201,17993,589.425,32288111.32914,0
1619648100000,54726.46,54735.92,54500.05,54568.69,1999.885,1619648999999,109222141.51707,21065,872.903,47673825.28986,0
1619649000000,54568.68,54620.00,54413.57,54430.00,1767.654,1619649899999,96371664.11656,18795,830.154,45276042.05088,0
1619649900000,54428.42,54581.58,54315.96,54480.00,2053.542,1619650799999,111809648.28829,21231,1170.792,63754297.43674,0
1619650800000,54480.56,54750.00,54391.92,54691.17,1743.766,1619651699999,95194277.72274,20125,955.702,52172698.27090,0
1619651700000,54690.99,54746.93,54630.73,54665.38,1105.387,1619652599999,60452142.47594,12950,575.647,31483497.92779,0
1619652600000,54665.38,54774.00,54665.38,54747.65,1027.808,1619653499999,56249207.27082,11827,580.195,31752301.50382,0
1619653500000,54752.74,54899.00,54718.92,54861.77,2149.084,1619654399999,117767140.70166,18834,1194.030,65435208.74893,0
1619654400000,54861.76,55222.02,54717.68,54976.95,4864.944,1619655299999,267575399.25337,48242,2381.616,131018804.11064,0
1619655300000,54976.94,55123.26,54867.84,54929.48,2551.830,1619656199999,140365287.38890,21925,1406.735,77396017.78217,0
1619656200000,54929.49,55019.79,54838.61,54851.88,1670.355,1619657099999,91766591.55854,16439,812.430,44641921.89479,0
1619657100000,54851.88,54927.10,54688.06,54737.22,1985.441,1619657999999,108793199.34325,18108,962.280,52742375.16868,0
1619658000000,54737.22,54788.93,54450.00,54650.51,2777.565,1619658899999,151659346.46087,27630,1502.828,82059812.49138,0
1619658900000,54648.98,54732.53,54471.43,54506.17,1581.493,1619659799999,86346031.64997,17448,669.080,36534104.13033,0
1619659800000,54496.72,54632.13,54436.00,54562.10,1561.794,1619660699999,85192053.63421,17159,827.548,45143915.16119,0
1619660700000,54562.10,54600.00,54540.07,54574.75,2274.024,1619661599999,124140152.21944,15252,1508.632,82360572.05092,0
1619661600000,54574.76,54755.87,54489.65,54529.99,3816.237,1619662499999,208446034.34823,26759,2356.295,128703504.03245,0
1619662500000,54529.99,54531.34,54312.00,54456.28,1946.198,1619663399999,105911941.83273,21933,782.870,42608959.15746,0
1619663400000,54456.28,54535.00,54358.97,54484.37,1264.834,1619664299999,68873269.28671,14542,640.994,34908924.91560,0
1619664300000,54484.94,54655.63,54386.01,54596.00,1373.178,1619665199999,74863417.57145,14163,876.143,47773784.03702,0
1619665200000,54596.19,54641.16,54517.03,54592.91,810.728,1619666099999,44248770.99560,10785,437.300,23868261.56745,0
1619666100000,54590.96,54611.11,54425.00,54500.01,914.870,1619666999999,49861397.01086,12181,413.705,22548500.40100,0
1619667000000,54500.00,54507.80,54137.62,54236.51,2780.928,1619667899999,150957098.02936,27619,1191.439,64673530.14907,0
1619667900000,54236.52,54313.41,54081.00,54273.23,2222.909,1619668799999,120478250.57313,23307,1156.582,62693541.67094,0
1619668800000,54273.23,54273.24,54060.07,54147.90,2140.227,1619669699999,115899504.88681,19803,1058.244,57313074.41342,0
1619669700000,54143.01,54217.96,54050.00,54164.02,1737.362,1619670599999,94032066.81291,16470,816.997,44226104.35879,0
1619670600000,54164.01,54208.79,53599.17,53711.75,6226.195,1619671499999,335533165.45101,63950,2157.430,116275013.08632,0
1619671500000,53711.75,53800.00,53509.01,53568.28,4128.508,1619672399999,221453398.13961,43019,2023.258,108549660.38802,0
1619672400000,53568.28,53884.99,53460.00,53792.46,3361.017,1619673299999,180481829.33125,34519,1949.364,104708735.64352,0
1619673300000,53792.46,53898.99,53732.33,53832.52,1510.543,1619674199999,81298851.50100,17893,731.131,39354081.62464,0
1619674200000,53832.50,53878.22,53650.00,53696.05,1576.506,1619675099999,84767486.01707,17673,739.831,39788963.46941,0
1619675100000,53696.06,53979.59,53634.70,53894.88,2247.740,1619675999999,121047182.83575,22033,1276.871,68765908.19580,0
1619676000000,53894.88,54319.42,53850.00,54225.62,3288.403,1619676899999,177988243.82356,34480,1984.492,107408246.60518,0
1619676900000,54225.63,54450.00,54200.00,54349.99,2557.471,1619677799999,138997441.31498,28450,1362.337,74037662.78213,0
1619677800000,54349.99,54500.00,54245.49,54319.83,2188.990,1619678699999,118996255.86305,23258,1195.086,64981803.31455,0
1619678700000,54319.83,54388.92,54207.29,54368.24,1408.289,1619679599999,76480834.51606,17020,692.770,37631118.71552,0
1619679600000,54364.01,54468.59,54278.07,54384.34,1600.211,1619680499999,87002934.78396,18087,841.013,45727914.64299,0
1619680500000,54386.39,54447.39,54286.88,54425.27,1401.593,1619681399999,76233106.48726,14593,711.486,38700051.08418,0
1619681400000,54425.27,54485.98,54260.56,54309.10,1601.573,1619682299999,87062983.54653,16674,739.451,40198181.10897,0
1619682300000,54309.09,54469.06,54309.09,54469.06,1051.099,1619683199999,57168814.51637,13243,563.211,30634333.57077,0
1619683200000,54469.07,54471.70,54109.67,54155.01,2522.395,1619684099999,136937306.39656,25595,934.947,50761205.29588,0
1619684100000,54155.02,54191.11,53857.00,53939.05,3303.668,1619684999999,178346775.37794,36125,1442.370,77864645.66438,0
1619685000000,53939.05,54047.67,53850.00,53988.61,1965.164,1619685899999,106011030.53762,20276,1016.639,54848904.54706,0
1619685900000,53988.15,53988.15,53861.87,53922.00,1233.726,1619686799999,66536646.91959,13636,549.575,29641961.14539,0
1619686800000,53922.01,54223.36,53750.00,54172.83,3699.802,1619687699999,199668387.69459,37971,2004.658,108222879.70216,0
1619687700000,54172.82,54648.69,54146.47,54576.58,6663.677,1619688599999,363077755.67217,64931,3679.797,200473335.46588,0
1619688600000,54576.57,54746.31,54511.64,54672.33,3363.647,1619689499999,183770170.84546,34156,1760.819,96214313.57594,0
1619689500000,54669.00,54709.87,54550.00,54550.00,1731.139,1619690399999,94560661.94176,20760,788.477,43070941.59670,0
1619690400000,54550.00,54690.00,54550.00,54642.19,1262.933,1619691299999,68998226.44655,15960,657.795,35936846.19640,0
1619691300000,54642.20,54642.20,54369.33,54381.37,2550.689,1619692199999,138952579.32784,26449,1075.277,58582669.18483,0
1619692200000,54378.76,54530.15,54326.26,54452.55,1404.999,1619693099999,76508777.04371,17919,730.752,39794785.00492,0
1619693100000,54452.56,54484.99,54400.00,54434.88,1023.819,1619693999999,55732197.86495,12266,534.892,29118855.65871,0
1619694000000,54434.87,54445.12,54250.00,54306.99,1926.069,1619694899999,104672808.64711,21594,810.909,44068861.14941,0
1619694900000,54309.99,54311.98,54120.00,54244.00,1996.581,1619695799999,108227954.76336,21924,962.991,52201699.54022,0
1619695800000,54244.00,54423.99,54140.74,54314.99,2543.852,1619696699999,138074424.45556,24072,1484.918,80608450.34131,0
1619696700000,54315.17,54578.85,54280.00,54311.00,3105.200,1619697599999,168995997.38921,27462,1521.979,82832817.96053,0
1619697600000,54311.00,54387.31,54160.90,54383.61,1843.247,1619698499999,100021522.28026,21005,812.039,44073425.70626,0
1619698500000,54383.61,54540.00,54316.90,54410.95,1742.020,1619699399999,94811527.29737,20372,907.129,49371445.61431,0
1619699400000,54410.96,54518.71,54359.26,54493.20,1718.264,1619700299999,93557603.85709,18146,948.533,51649370.68156,0
1619700300000,54493.21,54512.00,54311.70,54356.91,1629.876,1619701199999,88662102.62209,17774,745.028,40530183.30216,0
1619701200000,54356.40,54434.17,54042.86,54165.11,3026.245,1619702099999,164063899.04930,32329,1379.729,74809939.91757,0
1619702100000,54165.10,54169.00,53865.00,53984.56,4222.235,1619702999999,228003634.14575,40960,2005.018,108275015.65366,0
1619703000000,53984.57,54057.01,53600.82,53861.76,6746.320,1619703899999,363033152.31195,59475,3181.697,171235663.06014,0
1619703900000,53861.76,53866.53,53585.00,53631.84,4106.229,1619704799999,220570746.32639,40926,2115.877,113671593.09888,0
1619704800000,53631.01,53844.79,53505.00,53675.61,4079.331,1619705699999,219099015.85500,41481,2084.060,111958579.65307,0
1619705700000,53675.61,53932.00,53654.52,53766.60,2795.808,1619706599999,150405205.03662,29295,1467.581,78954533.29343,0
1619706600000,53766.61,53881.81,53562.16,53754.52,3012.203,1619707499999,161754303.36848,30587,1489.986,80018347.57697,0
1619707500000,53754.51,53802.48,53601.02,53734.57,2195.804,1619708399999,117887930.59590,22790,1048.008,56271285.81454,0
1619708400000,53734.99,53771.58,53562.17,53675.52,3212.038,1619709299999,172355007.45298,29250,1493.646,80159342.41136,0
1619709300000,53675.51,53968.14,53333.89,53792.28,7429.662,1619710199999,398895371.76473,71907,3433.607,184449551.90076,0
1619710200000,53792.28,53932.54,53670.68,53864.01,2750.645,1619711099999,148023001.83902,28674,1304.483,70204141.49239,0
1619711100000,53864.01,53949.62,53700.54,53748.77,1856.039,1619711999999,99888773.04825,21065,802.583,43198024.95944,0
1619712000000,53748.78,53858.11,53570.00,53801.15,3341.073,1619712899999,179353808.23822,33757,1594.651,85607758.67363,0
1619712900000,53801.16,53828.99,53450.00,53531.12,2854.702,1619713799999,153048423.51604,29801,1308.706,70172717.33524,0
1619713800000,53531.13,53654.17,53400.00,53442.46,2363.504,1619714699999,126531292.69486,25574,1057.763,56636886.81632,0
1619714700000,53442.46,53442.47,53000.00,53016.53,7169.659,1619715599999,381171359.45240,74620,3002.779,159648196.77741,0
1619715600000,53016.53,53106.96,52735.78,52914.99,8418.231,1619716499999,445481979.80609,87672,4044.977,214095488.56518,0
1619716500000,52915.00,53234.48,52886.14,53125.48,5058.063,1619717399999,268583207.48329,56849,2865.250,152135337.65994,0
1619717400000,53128.18,53227.88,52840.76,52883.94,3634.237,1619718299999,192677334.70871,37307,1717.282,91028328.09499,0
1619718300000,52886.38,53062.22,52792.36,52810.85,2795.726,1619719199999,148012547.19719,28559,1349.361,71452285.55364,0
1619719200000,52810.84,52817.86,52523.92,52699.69,5595.567,1619720099999,294711733.61339,60564,2533.674,133471577.07086,0
1619720100000,52699.99,52948.18,52560.00,52830.03,3719.034,1619720999999,196277055.71996,39030,2060.402,108754467.50198,0
1619721000000,52830.03,52985.00,52639.91,52717.36,2631.518,1619721899999,138918716.24441,31000,1358.694,71730949.52290,0
1619721900000,52717.36,53068.59,52717.36,52980.47,2470.116,1619722799999,130707379.98057,27499,1346.207,71241376.39597,0
1619722800000,52980.48,53038.45,52876.61,52991.09,1909.976,1619723699999,101180117.79555,20342,862.827,45709971.81191,0
1619723700000,52991.09,53064.83,52835.59,53063.74,1842.253,1619724599999,97550715.05064,20387,918.046,48619484.17065,0
1619724600000,53063.74,53074.00,52892.50,52998.13,1271.089,1619725499999,67341237.75652,16366,619.533,32823425.28992,0
1619725500000,52998.13,53038.51,52876.28,52894.68,1151.062,1619726399999,60955896.10444,14105,516.983,27376776.49744,0
1619726400000,52894.68,52900.00,52350.00,52537.00,6884.785,1619727299999,361952072.00801,64514,2931.176,154089799.02216,0
1619727300000,52536.50,53186.73,52489.77,53061.02,5149.847,1619728199999,272824233.74502,53970,2702.819,143182543.95554,0
1619728200000,53061.02,53393.55,52801.92,52826.72,4564.084,1619729099999,242500311.88951,45790,2140.879,113809231.76618,0
1619729100000,52827.01,53099.46,52827.01,53010.78,1964.827,1619729999999,104021538.90683,21454,1146.509,60700162.90092,0
1619730000000,53010.79,53061.47,52886.44,52984.17,1248.121,1619730899999,66111579.16505,14459,713.316,37784032.36222,0
1619730900000,52984.88,52984.88,52820.87,52870.02,1420.980,1619731799999,75167492.74732,15455,720.241,38103270.57108,0
1619731800000,52870.02,53100.00,52870.01,53031.48,1042.760,1619732699999,55277567.77477,16125,589.374,31243038.51352,0
1619732700000,53031.49,53380.01,52984.03,53336.57,1909.654,1619733599999,101648072.79415,24934,1066.582,56765627.08583,0
1619733600000,53334.77,53369.99,53226.99,53276.26,1422.368,1619734499999,75811144.42669,19831,677.966,36138043.79287,0
1619734500000,53273.35,53345.00,53109.78,53146.31,1358.302,1619735399999,72281404.77907,17885,631.552,33609435.02739,0
1619735400000,53144.39,53358.92,53144.38,53245.92,1209.608,1619736299999,64419722.83071,16282,653.581,34806005.68964,0
1619736300000,53245.92,53450.00,53210.95,53404.21,1703.145,1619737199999,90903802.78206,19903,912.341,48699879.89861,0
1619737200000,53404.22,53500.00,53310.22,53370.01,1537.529,1619738099999,82108360.87903,17791,812.994,43422413.91944,0
1619738100000,53370.01,53667.96,53360.22,53557.00,2030.249,1619738999999,108717313.48551,24525,1118.784,59908545.97304,0
1619739000000,53557.00,53600.00,53450.00,53558.85,1279.646,1619739899999,68484073.20217,16002,622.452,33314823.40456,0
1619739900000,53558.85,53645.00,53525.16,53558.80,1007.094,1619740799999,53959842.89913,14340,488.223,26158992.91406,0
1619740800000,53558.57,53635.73,53255.41,53375.67,2748.948,1619741699999,146930494.14809,27807,1196.046,63938243.18706,0
1619741700000,53375.66,53648.61,53043.62,53648.61,3805.139,1619742599999,202711549.29967,37579,1938.291,103287669.37111,0
1619742600000,53648.61,53840.25,53452.01,53499.93,5341.631,1619743499999,286732255.47286,49097,2589.158,138990243.72114,0
1619743500000,53499.93,53587.56,53320.00,53402.91,1692.175,1619744399999,90413212.32713,19279,848.918,45361295.48225,0
1619744400000,53402.92,53500.00,53295.00,53322.01,1584.589,1619745299999,84568394.14730,18715,826.155,44093826.81414,0
1619745300000,53322.00,53395.82,53222.21,53335.22,1279.227,1619746199999,68196456.67587,15477,610.022,32524501.75257,0
1619746200000,53335.23,53655.61,53274.03,53510.00,2162.848,1619747099999,115699395.88059,21649,1282.212,68578915.71856,0
1619747100000,53510.00,53553.21,53363.63,53424.06,1377.597,1619747999999,73621911.13793,15195,673.377,35985868.33986,0
1619748000000,53424.06,53594.17,53415.19,53579.78,937.957,1619748899999,50193019.84970,12503,492.428,26351034.92486,0
1619748900000,53580.48,53632.62,53486.68,53526.31,1062.831,1619749799999,56921376.57954,12909,525.356,28137984.45157,0
1619749800000,53526.30,53609.25,53365.82,53479.79,1318.731,1619750699999,70530126.39977,14333,591.758,31650653.19028,0
1619750700000,53479.79,53593.74,53411.77,53553.20,1158.926,1619751599999,62010433.56574,11967,588.481,31486881.31637,0
1619751600000,53553.21,53640.00,53456.70,53587.68,1167.852,1619752499999,62552602.69655,14933,590.308,31618320.05157,0
1619752500000,53587.68,53776.12,53581.60,53638.11,2504.308,1619753399999,134412371.59195,21969,1307.061,70155949.54422,0
1619753400000,53638.11,53746.21,53572.26,53688.99,1374.864,1619754299999,73761120.33710,14824,711.408,38168045.77413,0
1619754300000,53686.48,53728.90,53630.00,53673.16,1164.344,1619755199999,62480562.13462,12030,550.329,29531480.18389,0
1619755200000,53673.00,54100.00,53673.00,54090.48,4601.225,1619756099999,248035136.50521,44584,2727.243,147026600.67154,0
1619756100000,54090.48,54187.49,53958.09,54181.99,3061.298,1619756999999,165563482.20142,31531,1643.735,88911814.82525,0
1619757000000,54181.99,54198.89,54017.24,54058.12,2093.192,1619757899999,113245657.81871,21870,880.643,47647617.80363,0
1619757900000,54058.12,54137.40,54012.88,54136.77,1361.215,1619758799999,73612647.05308,15774,759.528,41077266.96870,0
1619758800000,54136.77,54255.00,54051.78,54081.01,2454.436,1619759699999,132908691.72961,24828,1335.744,72336428.44064,0
1619759700000,54081.01,54180.00,54028.00,54032.62,1947.340,1619760599999,105364706.37116,18126,966.670,52309654.69877,0
1619760600000,54032.63,54094.00,53921.57,54070.91,2225.816,1619761499999,120200488.48616,21699,990.974,53520792.94419,0
1619761500000,54070.90,54335.87,54059.35,54273.61,2780.808,1619762399999,150747942.89759,26904,1605.882,87057559.22376,0
1619762400000,54273.62,54400.00,54176.02,54202.79,2347.187,1619763299999,127411989.62264,26189,1163.468,63160460.99429,0
1619763300000,54206.79,54371.00,54178.50,54250.00,1721.821,1619764199999,93446203.44944,17829,904.775,49104399.75124,0
1619764200000,54250.01,54477.17,54250.00,54329.99,2716.679,1619765099999,147660836.60366,28141,1392.950,75723753.55128,0
1619765100000,54329.99,54446.41,54277.77,54411.05,1626.936,1619765999999,88450416.83428,17474,879.455,47816970.66660,0
1619766000000,54411.05,54568.58,54346.89,54406.12,2337.479,1619766899999,127294172.82222,25947,1166.241,63515881.97846,0
1619766900000,54406.13,54426.32,54247.98,54339.02,2038.638,1619767799999,110772916.11439,20086,898.314,48814062.55899,0
1619767800000,54339.02,54454.00,54332.00,54342.71,1413.486,1619768699999,76876987.41180,14846,664.200,36130054.40990,0
1619768700000,54342.85,54388.00,54261.30,54354.01,1533.978,1619769599999,83316068.47525,15861,709.632,38545678.04445,0
1619769600000,54354.01,54494.53,54130.00,54213.42,2946.584,1619770499999,160049629.23645,31379,1342.163,72918113.68847,0
1619770500000,54213.42,54395.99,54197.50,54373.53,1768.123,1619771399999,96038019.54848,18022,953.140,51769482.68385,0
1619771400000,54371.94,54467.84,54333.13,54402.24,1453.506,1619772299999,79071202.74099,15412,743.079,40426198.50159,0
1619772300000,54403.00,54719.79,54381.35,54572.81,3561.676,1619773199999,194436833.84183,34305,2043.349,111542279.82630,0
1619773200000,54572.81,54850.00,54572.81,54807.31,3996.767,1619774099999,218778597.16306,38044,2325.176,127286442.16191,0
1619774100000,54807.11,54818.53,54610.65,54619.69,1859.347,1619774999999,101754281.78371,21560,780.743,42730667.75583,0
1619775000000,54619.70,54672.39,54359.79,54480.01,3347.674,1619775899999,182421037.41737,36195,1543.380,84101954.27064,0
1619775900000,54480.01,54577.65,54372.30,54378.82,1817.200,1619776799999,99010497.05418,19932,930.032,50680898.52836,0
1619776800000,54378.83,54536.26,54377.09,54512.73,1378.030,1619777699999,75069956.72409,16734,755.002,41127060.83099,0
1619777700000,54512.73,54556.44,54383.09,54402.48,1181.907,1619778599999,64369810.75621,15660,496.992,27070289.40091,0
1619778600000,54402.48,54502.42,54330.00,54416.17,1476.880,1619779499999,80362374.94161,17505,661.983,36025848.43390,0
1619779500000,54416.18,54480.00,54151.41,54208.18,2961.404,1619780399999,160809674.84440,32211,1194.939,64899067.89039,0
1619780400000,54210.05,54386.71,54100.00,54354.82,2639.694,1619781299999,143210242.32618,27300,1377.534,74743652.65643,0
1619781300000,54354.93,54428.28,54262.51,54350.00,1471.909,1619782199999,79990238.47759,15704,679.738,36944297.89995,0
1619782200000,54350.00,54376.58,54157.01,54209.75,1378.913,1619783099999,74824628.80207,16006,579.267,31434276.31866,0
1619783100000,54209.74,54331.41,54178.25,54279.99,1641.697,1619783999999,89063354.21092,17159,880.078,47746299.34740,0
1619784000000,54280.00,54483.00,54234.17,54414.69,2535.622,1619784899999,137929905.49317,24775,1316.551,71618753.53429,0
1619784900000,54414.69,54560.00,54414.68,54500.01,2197.359,1619785799999,119763419.80179,20681,1072.771,58473936.87309,0
1619785800000,54500.01,54788.67,54400.01,54567.48,3380.682,1619786699999,184559564.55737,32146,1906.814,104112486.56333,0
1619786700000,54571.24,54727.77,54561.59,54680.00,2205.918,1619787599999,120567308.72101,22292,1026.267,56098125.75273,0
1619787600000,54680.24,54780.86,54592.36,54593.68,3092.652,1619788499999,169123679.17058,28777,1118.214,61160444.00055,0
1619788500000,54593.69,54923.00,54429.85,54834.42,5663.511,1619789399999,309763253.72747,50628,2904.636,158881235.64449,0
1619789400000,54834.42,55385.09,54824.74,55326.65,8943.839,1619790299999,492942563.33351,84561,4992.621,275180508.26291,0
1619790300000,55326.65,55986.11,55254.00,55958.79,13080.364,1619791199999,727828367.51231,145014,7236.092,402729347.58732,0
1619791200000,55958.39,56200.00,55705.00,55877.04,11904.029,1619792099999,666357967.46862,129947,5592.097,313099883.56005,0
1619792100000,55881.78,56157.89,55868.01,56056.18,5013.671,1619792999999,280861144.71500,51319,2624.063,146998314.06365,0
1619793000000,56056.17,56351.57,56026.42,56139.99,6083.544,1619793899999,341884301.74462,60525,3135.806,176240576.95686,0
1619793900000,56139.99,56184.26,55918.88,55950.70,4779.236,1619794799999,267870918.00436,43835,2125.214,119132811.25709,0
1619794800000,55950.71,56301.93,55950.11,56225.48,3548.033,1619795699999,199231648.52070,34508,1924.894,108098487.39737,0
1619795700000,56225.48,56898.82,56150.00,56766.02,9627.094,1619796599999,544652265.39893,91760,5498.569,311083138.62993,0
1619796600000,56766.02,57044.10,56700.00,56900.49,9323.099,1619797499999,530013055.20921,97567,4789.501,272333094.29009,0
1619797500000,56900.49,57270.00,56727.13,57138.23,8574.869,1619798399999,488886760.54092,87480,4495.880,256405201.15716,0
1619798400000,57139.14,57372.00,56860.80,56934.53,9438.877,1619799299999,538903834.95149,97962,4398.809,251218527.11982,0
1619799300000,56934.53,57054.87,56888.00,56888.00,3169.119,1619800199999,180570112.32802,32857,1522.777,86773923.72033,0
1619800200000,56888.01,57150.00,56886.37,57026.41,3024.065,1619801099999,172523826.43660,31133,1647.333,93976355.63676,0
1619801100000,57026.41,57061.73,56606.00,56757.98,5734.251,1619801999999,325676395.22074,54720,2388.719,135671622.84951,0
1619802000000,56757.98,56857.95,56724.62,56730.00,2359.506,1619802899999,134026835.82324,27015,1133.168,64374567.27917,0
1619802900000,56728.59,56777.94,56323.03,56415.49,5830.620,1619803799999,329679374.14594,55847,2493.591,141019635.09684,0
1619803800000,56415.50,56777.02,56415.50,56677.30,3409.502,1619804699999,193030087.68723,34077,1928.417,109178168.25772,0
1619804700000,56677.29,56799.83,56581.20,56623.99,1858.701,1619805599999,105359535.38955,20216,950.812,53903475.04645,0
1619805600000,56624.19,56776.99,56591.12,56689.44,1926.566,1619806499999,109213506.82577,18329,1128.674,63987345.09100,0
1619806500000,56689.45,56751.06,56607.98,56712.67,1166.753,1619807399999,66137363.79810,13251,556.588,31551543.56825,0
1619807400000,56712.66,57112.23,56673.44,57020.00,3843.893,1619808299999,218772207.67484,38726,2202.821,125356628.58451,0
1619808300000,57020.00,57025.47,56775.64,56898.25,2657.417,1619809199999,151201531.01659,25344,1292.209,73527770.59667,0
1619809200000,56896.99,57010.00,56832.86,56956.45,1522.019,1619810099999,86665062.46382,15234,749.689,42690332.61249,0
1619810100000,56956.46,57099.93,56940.03,56963.98,1962.103,1619810999999,111873705.47509,19461,989.223,56408368.85238,0
1619811000000,56964.99,57049.63,56860.00,56874.74,1530.271,1619811899999,87116759.42921,15719,694.656,39549716.09603,0
1619811900000,56874.74,57068.88,56860.02,57060.17,1269.572,1619812799999,72305316.42710,14525,670.979,38216138.30816,0
1619812800000,57059.30,57079.80,56451.08,56905.84,5041.503,1619813699999,285916458.42104,46568,2315.394,131319538.70185,0
1619813700000,56905.85,57062.43,56720.73,56841.80,3481.590,1619814599999,198158222.67563,30678,1834.455,104423155.56885,0
1619814600000,56841.80,57026.80,56833.05,56889.68,1784.359,1619815499999,101565331.57366,17386,964.643,54911978.58977,0
1619815500000,56889.68,56900.38,56710.03,56813.24,1344.543,1619816399999,76369596.00937,15601,646.921,36745890.70093,0
1619816400000,56812.41,56937.56,56800.45,56850.27,1073.741,1619817299999,61080842.01756,13705,486.687,27686999.70810,0
1619817300000,56850.28,56872.41,56684.18,56745.55,1446.026,1619818199999,82106937.33365,16523,660.286,37496382.18888,0
1619818200000,56745.54,57011.48,56740.56,57003.54,1781.760,1619819099999,101360589.07373,20176,1031.895,58708347.75745,0
1619819100000,57001.44,57249.00,56926.00,57014.14,2820.889,1619819999999,160994285.71360,31986,1411.977,80602469.41687,0
1619820000000,57014.14,57100.00,56930.01,56964.57,1186.510,1619820899999,67619723.45140,15324,570.453,32512070.14061,0
1619820900000,56965.79,57300.00,56926.00,57281.25,1978.966,1619821799999,112969922.54720,21281,1125.103,64242419.62552,0
1619821800000,57281.26,57470.50,57201.41,57357.10,3299.272,1619822699999,189204259.27370,37090,1723.266,98831936.22095,0
1619822700000,57357.10,57371.40,57022.13,57143.26,2104.301,1619823599999,120254090.29925,24071,955.939,54620593.49135,0
1619823600000,57143.26,57460.88,57107.76,57405.16,2327.928,1619824499999,133435896.00442,24654,1302.647,74669143.00776,0
1619824500000,57405.16,57500.00,57274.64,57486.20,2366.336,1619825399999,135764770.52014,23901,1171.652,67236231.80496,0
1619825400000,57486.20,57891.02,57400.01,57817.12,6524.044,1619826299999,376232700.36421,58726,3874.685,223415159.39599,0
1619826300000,57817.13,57935.00,57650.00,57684.16,3640.414,1619827199999,210376010.17353,36964,1636.710,94600296.55568,0
