1625097600000,35031.39,35044.98,34759.23,34831.34,9115.855,1625098499999,318123894.74276,66010,4101.830,143152355.53522,0
1625098500000,34831.35,34882.82,34700.00,34794.10,6809.742,1625099399999,236946275.30725,50666,3068.552,106796743.88500,0
1625099400000,34792.90,34836.36,34728.47,34759.99,4198.556,1625100299999,146083488.70266,29219,2191.637,76260440.48314,0
1625100300000,34760.00,34849.93,34712.23,34718.44,3702.545,1625101199999,128804892.73280,27949,1662.661,57845936.17404,0
1625101200000,34718.43,34819.41,34710.00,34803.54,3585.829,1625102099999,124701462.90769,28648,1760.888,61241002.82819,0
1625102100000,34803.54,34927.13,34773.59,34861.43,3724.733,1625102999999,129859021.75316,32058,2061.015,71855843.72095,0
1625103000000,34861.43,34990.00,34805.42,34900.09,3811.466,1625103899999,133008699.80653,31067,2004.011,69935213.11135,0
1625103900000,34900.09,35023.55,34880.00,34923.04,3554.137,1625104799999,124223276.88799,29274,1869.572,65351668.73546,0
1625104800000,34922.00,34955.00,34501.00,34573.61,10213.233,1625105699999,354330192.00596,79716,3987.006,138347433.83218,0
1625105700000,34573.62,34589.00,34426.00,34487.84,9451.337,1625106599999,326075352.19141,66973,4816.694,166190363.15887,0
1625106600000,34486.57,34487.63,34212.20,34319.99,13573.902,1625107499999,465880774.54674,92692,5838.628,200388634.04003,0
1625107500000,34320.00,34355.40,34257.24,34286.16,4482.370,1625108399999,153797212.94516,36482,2219.728,76167889.74941,0
1625108400000,34286.15,34401.00,34120.00,34230.26,7897.416,1625109299999,270682607.28778,57145,3434.384,117754231.24293,0
1625109300000,34230.65,34340.00,34215.00,34222.63,4184.838,1625110199999,143454269.29111,36043,2111.004,72369143.21715,0
1625110200000,34223.00,34328.67,34154.68,34240.00,4137.931,1625111099999,141715993.99082,36708,2156.034,73844382.33077,0
1625111100000,34240.01,34269.32,34120.00,34120.06,5507.348,1625111999999,188331579.34338,39721,2367.429,80967107.35238,0
1625112000000,34120.06,34243.99,34059.00,34200.03,7995.956,1625112899999,273083244.72833,60660,3814.572,130304994.38142,0
1625112900000,34200.02,34327.95,34125.07,34187.22,5799.926,1625113799999,198575630.54081,43826,2977.653,101964590.49879,0
1625113800000,34187.23,34258.84,34120.00,34202.49,4066.261,1625114699999,139034796.80457,32819,2128.314,72775478.77956,0
1625114700000,34202.48,34323.91,34196.29,34314.99,3759.439,1625115599999,128837869.87255,31752,1930.074,66148189.27860,0
1625115600000,34314.99,34325.00,34225.00,34287.31,3107.853,1625116499999,106500729.80152,28598,1537.520,52689687.20470,0
1625116500000,34287.31,34289.99,34161.65,34211.74,3835.772,1625117399999,131252786.80824,30416,1710.544,58535245.67761,0
1625117400000,34211.74,34281.49,34204.36,34272.77,2494.698,1625118299999,85446514.46524,23018,1218.383,41730704.60759,0
1625118300000,34272.76,34388.00,34265.00,34312.30,5162.485,1625119199999,177212913.61152,38361,2846.434,97708076.95634,0
1625119200000,34311.55,34449.00,34287.06,34368.94,5736.736,1625120099999,197244326.64842,44037,3073.938,105695267.11305,0
1625120100000,34368.94,34368.95,34165.00,34177.65,6253.807,1625120999999,214178979.86617,51064,2644.904,90578833.25844,0
1625121000000,34177.65,34266.00,34125.50,34135.13,6530.258,1625121899999,223196885.15050,47461,2871.892,98170195.10777,0
1625121900000,34135.13,34136.45,33380.00,33481.62,37240.581,1625122799999,1252706814.04500,281073,15684.736,527528000.68869,0
1625122800000,33483.00,33594.36,33264.80,33498.14,24312.080,1625123699999,813355688.10871,158630,12236.574,409513436.54879,0
1625123700000,33498.15,33556.00,33408.00,33508.66,13627.118,1625124599999,456461528.56834,89325,7463.225,250025894.90521,0
1625124600000,33508.66,33645.00,33420.00,33570.59,11427.781,1625125499999,383270366.79150,87816,6582.394,220792129.22653,0
1625125500000,33570.59,33585.35,33315.51,33337.58,10929.963,1625126399999,365573553.25791,83100,4851.297,162278255.45382,0
1625126400000,33338.99,33522.38,33148.00,33451.18,17645.885,1625127299999,589033661.87918,130270,8950.007,298895447.22629,0
1625127300000,33451.19,33538.00,33414.12,33481.22,7140.759,1625128199999,239069597.22812,51048,3920.875,131277765.16235,0
1625128200000,33481.22,33481.22,33310.00,33441.37,8718.027,1625129099999,291089089.31135,63052,4302.695,143673954.83171,0
1625129100000,33441.21,33499.06,33310.00,33467.43,8332.295,1625129999999,278308202.17938,60451,4438.009,148245765.59553,0
1625130000000,33466.44,33532.00,33403.11,33424.17,8294.117,1625130899999,277664864.31371,55949,4137.316,138519677.69102,0
1625130900000,33424.16,33424.68,33236.25,33398.35,8931.676,1625131799999,297869363.55354,66002,4423.941,147559903.55262,0
1625131800000,33398.34,33452.41,33245.00,33281.00,8143.305,1625132699999,271580191.78791,58868,3921.428,130789316.97629,0
1625132700000,33281.00,33323.63,33092.15,33268.26,13254.111,1625133599999,440237635.87674,95190,6357.634,211221573.58140,0
1625133600000,33268.25,33376.52,33153.03,33234.26,9041.784,1625134499999,300807564.84683,65731,4646.574,154596345.01875,0
1625134500000,33234.26,33290.03,32968.00,33138.99,12462.599,1625135399999,412808071.74731,89267,5092.396,168743986.18415,0
1625135400000,33138.99,33337.42,33107.16,33311.39,8243.837,1625136299999,274038731.28896,59939,4519.047,150221455.54822,0
1625136300000,33311.40,33344.99,33155.01,33176.01,6057.579,1625137199999,201426073.43485,47238,2975.124,98927910.57089,0
1625137200000,33179.27,33500.00,33159.36,33452.26,9708.679,1625138099999,323829362.63969,75570,6000.165,200161081.18943,0
1625138100000,33452.26,33534.00,33380.00,33513.75,10441.010,1625138999999,349385063.46354,70555,5185.170,173524662.04373,0
1625139000000,33513.75,33574.00,33449.96,33518.31,6908.509,1625139899999,231443161.36219,46362,3658.169,122556612.45413,0
1625139900000,33518.31,33746.06,33503.20,33696.91,13887.694,1625140799999,466803168.28600,87781,7760.131,260864314.91630,0
1625140800000,33696.91,33712.36,33451.05,33469.35,12439.155,1625141699999,417845068.27798,81135,5137.177,172590363.44149,0
1625141700000,33469.34,33573.01,33436.23,33571.01,6145.176,1625142599999,205911194.64104,46622,3330.467,111605542.31613,0
1625142600000,33571.00,33844.00,33564.60,33750.00,12188.643,1625143499999,410917448.69583,88926,6669.355,224855380.96050,0
1625143500000,33750.01,33763.16,33609.00,33639.33,7517.952,1625144399999,253178601.49189,57324,3525.586,118740598.48614,0
1625144400000,33638.14,33708.30,33529.21,33683.31,6411.232,1625145299999,215522129.48946,50856,3331.855,112019447.07636,0
1625145300000,33683.55,33750.00,33630.41,33669.22,4515.288,1625146199999,152182152.83487,38283,2207.129,74392877.25839,0
1625146200000,33669.23,33780.00,33550.43,33581.75,8097.928,1625147099999,272462819.52114,59198,3858.896,129842681.70511,0
1625147100000,33581.76,33624.33,33380.46,33386.58,9238.439,1625147999999,309594385.78998,68850,3852.581,129124650.42374,0
1625148000000,33386.59,33600.00,33360.00,33555.93,7067.909,1625148899999,236801201.69182,58308,3786.868,126878282.09274,0
1625148900000,33555.93,33570.00,33150.00,33181.99,15273.492,1625149799999,508634951.10802,115156,7058.344,235026801.50117,0
1625149800000,33181.99,33182.00,33050.00,33120.26,12165.025,1625150699999,402876330.92004,94163,6078.308,201316164.35512,0
1625150700000,33120.25,33249.95,33101.70,33195.14,7557.296,1625151599999,250717934.47468,58214,4133.980,137159454.55734,0
1625151600000,33195.77,33683.93,33153.62,33461.65,21090.679,1625152499999,705714061.51648,146830,11918.694,398760738.99848,0
1625152500000,33461.65,33621.98,33400.00,33571.29,8270.807,1625153399999,277040614.43090,59721,4340.000,145379402.90739,0
1625153400000,33571.29,33571.29,33354.53,33476.83,6593.979,1625154299999,220570620.31487,51936,3134.350,104850064.22266,0
1625154300000,33476.82,33500.00,33367.69,33417.74,4621.479,1625155199999,154542454.83768,37706,2373.290,79359810.67102,0
1625155200000,33417.74,33539.86,33173.40,33233.88,12473.040,1625156099999,415405543.85643,92513,6267.858,208740365.19489,0
1625156100000,33232.01,33345.00,33192.00,33292.71,5783.466,1625156999999,192458972.28715,44640,2892.268,96256299.40046,0
1625157000000,33292.71,33450.00,33280.32,33395.57,4908.382,1625157899999,163782631.42589,38440,2561.661,85483282.07325,0
1625157900000,33396.26,33396.26,33123.93,33152.01,7732.482,1625158799999,256846495.29966,63507,3697.012,122792500.68060,0
1625158800000,33152.00,33324.72,33100.00,33225.38,6062.414,1625159699999,201462258.00931,48034,2976.319,98906772.32401,0
1625159700000,33225.39,33347.55,33154.73,33205.00,4592.221,1625160599999,152713407.61383,40460,2278.487,75771586.22338,0
1625160600000,33206.24,33525.00,33167.75,33409.68,8941.751,1625161499999,298687722.63322,68539,4922.530,164403933.88101,0
1625161500000,33409.68,33550.00,33384.01,33480.69,4403.944,1625162399999,147439146.34529,39439,2393.190,80122345.07108,0
1625162400000,33480.70,33600.00,33414.18,33547.99,5735.307,1625163299999,192221554.42050,45384,2969.765,99556066.07059,0
1625163300000,33547.99,33569.24,33473.37,33512.67,3504.705,1625164199999,117469053.89434,29500,1664.032,55774292.72544,0
1625164200000,33512.67,33585.01,33479.43,33542.87,2706.073,1625165099999,90711314.36172,24010,1341.152,44961683.26945,0
1625165100000,33542.86,33639.21,33188.00,33310.64,8866.792,1625165999999,296337535.42332,65836,3569.467,119425923.25699,0
1625166000000,33310.63,33356.42,33140.49,33157.06,6520.773,1625166899999,216784505.56675,53502,3148.672,104699430.02851,0
1625166900000,33156.20,33218.05,32700.00,32968.48,16828.820,1625167799999,555129608.23591,126513,7207.798,237933727.08223,0
1625167800000,32968.49,33033.25,32672.04,32881.38,12414.398,1625168699999,408065895.30752,92066,5682.467,186873597.14075,0
1625168700000,32881.37,33133.00,32859.16,33072.19,8329.942,1625169599999,274864649.87436,62447,5111.354,168674073.94187,0
1625169600000,33072.19,33290.00,33070.35,33199.17,7954.917,1625170499999,264237506.01567,64705,3906.337,129745532.77954,0
1625170500000,33199.18,33390.00,33147.33,33278.10,5814.333,1625171399999,193350543.92567,46494,3372.965,112182669.16054,0
1625171400000,33278.10,33432.34,33278.10,33392.84,5061.688,1625172299999,168953081.45871,41478,2612.681,87208191.47180,0
1625172300000,33392.84,33447.40,33332.03,33386.45,3608.635,1625173199999,120493765.65083,30896,1711.354,57150538.18389,0
1625173200000,33385.86,33534.33,33224.00,33239.36,8145.163,1625174099999,271914176.96734,64009,3782.849,126354337.89003,0
1625174100000,33239.36,33599.31,33239.36,33479.44,7334.558,1625174999999,245529917.69837,64954,4225.818,141438012.75323,0
1625175000000,33479.45,33585.00,33382.27,33516.09,4457.780,1625175899999,149246828.30400,43970,2378.322,79626708.37511,0
1625175900000,33515.39,33530.00,33407.00,33492.59,3945.627,1625176799999,132041030.86547,32988,2004.795,67089977.34517,0
1625176800000,33491.30,33580.00,33424.27,33551.67,3964.695,1625177699999,132857596.61902,33711,2150.335,72066232.00636,0
1625177700000,33551.67,33600.00,33460.00,33493.19,3752.715,1625178599999,125846549.12433,31080,1645.542,55188051.95374,0
1625178600000,33493.18,33560.00,33462.81,33496.95,2645.628,1625179499999,88662857.96134,27372,1352.112,45313405.90074,0
1625179500000,33496.94,33639.50,33482.83,33529.77,3569.562,1625180399999,119809412.11184,30466,1970.724,66150485.07580,0
1625180400000,33529.78,33570.01,33307.58,33331.70,6636.867,1625181299999,221760275.58678,48268,2996.200,100133581.97163,0
1625181300000,33331.70,33480.00,33267.46,33452.99,5584.566,1625182199999,186363118.93869,42183,3231.989,107864219.47812,0
1625182200000,33453.00,33540.00,33374.43,33422.38,3853.852,1625183099999,128971659.74932,31788,1697.691,56813877.14676,0
1625183100000,33422.39,33639.50,33422.38,33489.96,6193.100,1625183999999,207750873.87770,47241,3133.884,105119225.47505,0
1625184000000,33489.96,33960.00,33394.48,33835.72,19384.669,1625184899999,654263191.34658,128492,10967.073,370197492.56478,0
1625184900000,33845.80,33909.99,33730.00,33734.18,6881.792,1625185799999,232655517.84685,49433,3318.059,112181083.88510,0
1625185800000,33735.00,33767.27,33660.00,33670.00,4176.657,1625186699999,140754066.26730,35923,2128.091,71718065.38082,0
1625186700000,33670.00,33772.36,33613.00,33759.20,4093.539,1625187599999,137855577.93134,35333,2341.594,78869842.60729,0
1625187600000,33759.21,33793.35,33547.35,33550.00,4958.262,1625188499999,166884476.21554,38968,2203.381,74164827.68219,0
1625188500000,33550.00,33609.00,33420.00,33477.45,6282.617,1625189399999,210448113.07966,46121,2929.952,98143646.62007,0
1625189400000,33477.46,33520.00,33287.30,33415.32,6605.988,1625190299999,220641698.85719,51851,3184.068,106372578.26188,0
1625190300000,33415.33,33415.33,33212.38,33261.30,7436.867,1625191199999,247653174.93427,51949,3329.907,110901594.74964,0
1625191200000,33261.30,33319.16,33126.00,33166.34,8189.288,1625192099999,271904162.08956,55373,3843.616,127646879.03019,0
1625192100000,33166.52,33343.04,33166.52,33251.95,6192.699,1625192999999,205953126.42787,41342,3853.860,128181942.28400,0
1625193000000,33251.95,33333.00,33161.46,33255.24,4016.801,1625193899999,133548215.22186,34879,1974.801,65663511.15238,0
1625193900000,33255.23,33279.21,33165.00,33257.46,2775.888,1625194799999,92219591.41768,24360,1449.854,48167889.92259,0
1625194800000,33257.46,33257.47,32860.00,32966.09,9185.959,1625195699999,303786964.47385,66069,3453.879,114256187.85804,0
1625195700000,32965.55,33026.27,32750.00,32868.72,10037.492,1625196599999,330192315.08885,80496,4669.854,153633847.40988,0
1625196600000,32869.99,32924.34,32793.30,32913.29,6190.450,1625197499999,203487868.09969,49226,3568.047,117300407.55042,0
1625197500000,32913.30,32935.29,32810.00,32896.63,4605.361,1625198399999,151412493.73832,36483,2503.336,82308634.04957,0
1625198400000,32896.62,33045.03,32833.84,32982.62,7701.904,1625199299999,253845556.48757,52528,4149.864,136793189.05894,0
1625199300000,32982.63,33189.34,32965.24,32965.24,8389.758,1625200199999,277573053.28986,59982,4427.654,146520218.61404,0
1625200200000,32965.24,33095.80,32904.13,33070.46,5406.196,1625201099999,178436287.97617,41194,2901.349,95762427.82668,0
1625201100000,33070.45,33135.00,33001.07,33129.76,3877.397,1625201999999,128304652.76273,32120,2017.542,66764505.87759,0
1625202000000,33129.76,33216.22,33037.69,33053.06,5115.657,1625202899999,169479027.05465,40421,2332.548,77311181.13802,0
1625202900000,33052.99,33145.00,33021.75,33053.57,3896.191,1625203799999,128885035.25703,32771,1952.887,64604326.74182,0
1625203800000,33053.58,33102.88,32827.61,32858.37,7271.558,1625204699999,239483955.04364,57723,3136.872,103305608.35727,0
1625204700000,32859.24,32878.00,32684.00,32843.99,9486.611,1625205599999,311132798.45499,72813,4799.803,157444471.73019,0
1625205600000,32843.99,32987.56,32766.83,32787.34,7667.999,1625206499999,252114373.22698,59775,3917.034,128808864.19563,0
1625206500000,32787.35,32869.00,32690.97,32831.22,8878.931,1625207399999,290984490.28913,64649,4506.125,147701887.35550,0
1625207400000,32831.23,32926.26,32767.00,32876.02,6131.377,1625208299999,201498981.72990,49855,3297.691,108379113.90191,0
1625208300000,32876.01,32976.31,32841.09,32938.12,5040.145,1625209199999,165943711.03379,44367,2624.205,86403400.37849,0
1625209200000,32938.99,33084.70,32864.99,33045.83,7735.715,1625210099999,255401269.51855,63172,4568.451,150829948.90634,0
1625210100000,33045.82,33150.00,33025.00,33072.49,6223.036,1625210999999,205926260.93884,48706,3363.940,111332077.05425,0
1625211000000,33072.49,33194.00,33040.84,33167.50,5224.230,1625211899999,173002485.34882,43050,3052.112,101076967.57367,0
1625211900000,33167.50,33498.18,33167.50,33340.17,15879.884,1625212799999,529751150.54995,123491,9199.588,306844287.33582,0
1625212800000,33340.18,33500.00,33256.67,33438.42,10303.057,1625213699999,343771214.42743,86901,5881.754,196300951.26568,0
1625213700000,33438.31,33600.00,33350.36,33374.57,11146.869,1625214599999,373334419.04081,95111,5599.681,187592146.93190,0
1625214600000,33374.57,33396.00,33215.61,33316.35,8293.405,1625215499999,276244752.20072,69568,3962.167,131991128.79247,0
1625215500000,33316.36,33432.94,33310.63,33367.37,5327.929,1625216399999,177804221.78185,48080,2824.244,94254086.33330,0
1625216400000,33367.38,33386.77,33212.45,33270.71,5737.912,1625217299999,190960542.68550,51524,2567.259,85440469.04695,0
1625217300000,33270.70,33270.71,32914.65,32958.42,15382.233,1625218199999,508371917.27737,117788,6680.412,220728511.91358,0
1625218200000,32957.88,33115.12,32859.00,32896.57,11593.525,1625219099999,382017818.83684,91151,5940.227,195769793.67938,0
1625219100000,32896.58,33029.34,32896.58,32962.18,4653.513,1625219999999,153433352.99220,42516,2563.019,84509573.76959,0
1625220000000,32962.18,32963.24,32764.55,32844.92,9653.738,1625220899999,317062764.66311,79009,4540.050,149106330.40588,0
1625220900000,32844.91,32979.13,32751.00,32967.55,8350.942,1625221799999,274476845.45560,66650,4392.745,144425747.31503,0
1625221800000,32967.54,33073.96,32858.17,32914.97,8126.091,1625222699999,267869161.52297,67047,4081.129,134543900.55364,0
1625222700000,32914.98,33020.00,32880.00,32984.49,5004.935,1625223599999,164932040.81752,41929,2493.672,82180602.19256,0
1625223600000,32984.54,33245.89,32950.00,33209.47,9168.567,1625224499999,303507078.84775,76214,5247.935,173754876.25245,0
1625224500000,33209.46,33229.00,33063.64,33072.76,4949.713,1625225399999,164011287.89420,47749,2179.616,72225667.49545,0
1625225400000,33072.76,33104.98,32810.18,33072.38,12905.071,1625226299999,425223885.45538,96217,6099.612,201028216.61093,0
1625226300000,33072.38,33130.00,32887.11,33007.96,8828.740,1625227199999,291529731.65925,68997,4210.167,139031038.70584,0
1625227200000,33008.71,33062.95,32900.00,32943.21,6060.429,1625228099999,199961851.33001,51423,3122.738,103041688.26365,0
1625228100000,32943.21,33027.65,32850.00,32913.92,6635.709,1625228999999,218444904.65393,56198,3119.268,102691648.54188,0
1625229000000,32913.91,33209.28,32881.00,33142.26,13193.670,1625229899999,436576827.44403,101877,7333.599,242673340.98489,0
1625229900000,33142.00,33305.61,33102.47,33218.44,10917.390,1625230799999,362648867.52531,87179,5642.148,187424640.91863,0
1625230800000,33218.44,33390.00,33062.48,33362.34,13063.210,1625231699999,434277483.27260,104548,7095.719,235922760.46204,0
1625231700000,33362.33,33438.52,33251.42,33320.82,10244.690,1625232599999,341514233.95048,85172,5287.727,176280390.95062,0
1625232600000,33320.83,33386.98,33164.47,33306.50,7730.024,1625233499999,257195111.74153,67632,3864.895,128605249.28053,0
1625233500000,33306.49,33550.00,33306.49,33451.70,11044.717,1625234399999,369463864.25824,96312,6220.788,208108027.55716,0
1625234400000,33451.70,33480.00,33333.00,33351.99,6826.293,1625235299999,227962286.26906,56117,3236.764,108110868.78073,0
1625235300000,33351.99,33534.00,33254.01,33485.34,9093.875,1625236199999,303910655.28955,76495,4959.702,165778034.09986,0
1625236200000,33485.67,33700.00,33465.87,33509.99,11799.105,1625237099999,396259162.58700,106242,6448.826,216614296.09869,0
1625237100000,33510.00,33650.00,33400.00,33646.66,7056.828,1625237999999,236362800.43123,61856,3966.354,132887454.99244,0
1625238000000,33645.00,33687.78,33460.00,33498.84,8390.234,1625238899999,281650627.44911,74037,4112.083,138048077.13151,0
1625238900000,33498.85,33511.29,33350.00,33404.09,8482.585,1625239799999,283432087.39675,69967,3818.327,127587838.43370,0
1625239800000,33406.84,33543.68,33386.64,33519.99,5463.734,1625240699999,182901903.24325,48159,3165.620,105981982.95395,0
1625240700000,33519.99,33695.00,33450.59,33684.88,6736.146,1625241599999,226130678.67601,56371,3798.890,127555235.63545,0
1625241600000,33686.50,33700.00,33472.82,33589.63,8232.361,1625242499999,276516832.06937,67622,3821.286,128360584.58918,0
1625242500000,33589.62,33788.00,33500.05,33529.38,10629.557,1625243399999,357322012.59220,82720,5935.760,199580189.15812,0
1625243400000,33529.38,33544.97,33401.00,33449.00,5837.926,1625244299999,195354666.09430,50378,2784.505,93180581.69758,0
1625244300000,33448.99,33665.00,33437.27,33572.07,7111.671,1625245199999,238723202.43809,53540,3817.721,128161298.02603,0
1625245200000,33572.07,33659.75,33501.63,33525.01,4943.889,1625246099999,165997275.89152,37199,2071.198,69535787.76070,0
1625246100000,33525.01,33537.00,33452.64,33479.14,3170.240,1625246999999,106177759.87176,31125,1616.332,54133933.41789,0
1625247000000,33480.00,33559.00,33452.01,33470.09,2799.774,1625247899999,93790958.34816,26615,1530.998,51286795.41386,0
1625247900000,33470.00,33480.00,33341.75,33446.23,5195.980,1625248799999,173587714.96077,47482,2345.757,78373146.70275,0
1625248800000,33446.24,33457.60,33300.00,33367.31,5127.689,1625249699999,171058023.34545,44864,2441.526,81455014.51610,0
1625249700000,33367.30,33393.31,33217.00,33320.58,4545.343,1625250599999,151387154.50448,42175,2112.507,70369887.45804,0
1625250600000,33320.57,33399.77,33320.57,33380.97,2894.639,1625251499999,96584511.41013,29941,1630.012,54389220.50941,0
1625251500000,33380.97,33419.00,33250.00,33275.36,4075.537,1625252399999,135833129.68651,33901,1997.503,66582043.64121,0
1625252400000,33275.37,33334.97,33116.08,33149.50,7282.213,1625253299999,241779208.57675,58712,3191.017,105953968.73266,0
1625253300000,33149.50,33206.50,33100.00,33134.05,4439.259,1625254199999,147102106.03726,38182,2165.046,71749579.87454,0
1625254200000,33134.06,33233.31,33126.02,33186.47,3521.617,1625255099999,116905378.68024,30049,1880.397,62420139.59723,0
1625255100000,33186.48,33320.31,33150.00,33300.34,3776.842,1625255999999,125547120.12490,33468,2077.680,69071828.45463,0
1625256000000,33300.34,33304.00,33135.86,33184.98,3846.032,1625256899999,127714198.59506,36834,1695.959,56316924.31637,0
1625256900000,33184.98,33187.73,33012.00,33164.68,5420.297,1625257799999,179461714.06456,45502,2415.901,79999594.26765,0
1625257800000,33164.68,33212.74,33104.00,33181.07,2723.356,1625258699999,90318465.47025,26102,1428.830,47388565.52513,0
1625258700000,33181.08,33203.00,33050.23,33114.82,3941.475,1625259599999,130485650.76676,33339,1796.042,59460076.71756,0
1625259600000,33114.82,33200.00,33077.11,33190.00,3080.456,1625260499999,102111244.92182,31403,1661.930,55090666.97545,0
1625260500000,33190.00,33383.09,33178.74,33331.31,5955.633,1625261399999,198406591.03335,55834,3378.936,112562164.46730,0
1625261400000,33332.34,33493.49,33290.00,33414.40,5469.155,1625262299999,182724193.75686,51837,3168.361,105855386.64764,0
1625262300000,33415.41,33483.00,33384.04,33431.66,3785.314,1625263199999,126555234.25518,33339,2060.237,68886664.24020,0
1625263200000,33431.67,33474.46,33380.54,33440.18,2546.573,1625264099999,85097374.96911,27151,1203.986,40233863.63021,0
1625264100000,33440.18,33504.50,33406.56,33465.00,2626.543,1625264999999,87862538.46072,24711,1430.877,47867613.69991,0
1625265000000,33465.00,33545.00,33465.00,33529.79,3542.396,1625265899999,118720381.96696,29367,1885.848,63204874.82645,0
1625265900000,33529.78,33699.77,33513.00,33686.13,5891.903,1625266799999,198091796.54881,45643,3417.576,114898996.23722,0
1625266800000,33686.13,33865.90,33607.79,33766.19,10810.709,1625267699999,364932654.70082,78362,5930.307,200187017.11416,0
1625267700000,33766.18,33797.94,33656.09,33705.31,4972.279,1625268599999,167654685.58538,40736,2331.822,78634065.50567,0
1625268600000,33705.32,33756.20,33606.00,33706.80,3759.072,1625269499999,126605724.95481,34649,1833.218,61751519.45951,0
1625269500000,33707.12,33880.00,33706.23,33760.94,5861.675,1625270399999,198117376.07068,46953,3194.566,107976422.43413,0
1625270400000,33760.94,33892.72,33630.00,33647.99,8125.426,1625271299999,274155690.35833,61353,3779.612,127551190.13509,0
1625271300000,33647.99,33686.85,33630.00,33665.68,3170.346,1625272199999,106696177.70992,26264,1793.993,60380223.92423,0
1625272200000,33665.67,33735.00,33493.53,33547.74,6985.124,1625273099999,234625210.80325,51108,3230.931,108552282.95093,0
1625273100000,33547.73,33570.00,33427.98,33514.15,3531.748,1625273999999,118355842.07701,31878,1553.471,52067636.59719,0
1625274000000,33514.15,33596.42,33489.27,33537.07,2895.160,1625274899999,97155575.93694,28099,1616.237,54239329.30533,0
1625274900000,33537.07,33670.89,33514.16,33609.11,3484.583,1625275799999,117092050.03285,31706,1997.272,67121384.42199,0
1625275800000,33609.12,33734.37,33559.27,33698.69,3960.535,1625276699999,133352355.83548,33876,2332.231,78528991.05782,0
1625276700000,33698.69,33748.00,33650.00,33652.07,2294.337,1625277599999,77286422.24514,22998,1034.844,34863202.34890,0
1625277600000,33652.07,33665.78,33492.04,33549.50,4915.676,1625278499999,164945627.74382,38624,2154.276,72282903.60387,0
1625278500000,33549.51,33634.69,33517.20,33623.09,2547.247,1625279399999,85515497.47963,24981,1368.570,45949276.44530,0
1625279400000,33623.09,33623.10,33523.00,33548.02,2374.488,1625280299999,79704439.43731,21902,1154.630,38757282.43727,0
1625280300000,33548.01,33555.97,33450.00,33506.90,3016.447,1625281199999,101029817.25565,26825,1351.651,45272496.83050,0
1625281200000,33506.91,33507.70,33350.00,33407.78,5190.462,1625282099999,173442020.45830,43586,2237.242,74762834.54957,0
1625282100000,33407.78,33467.71,33400.00,33441.40,3169.177,1625282999999,105962045.27446,25224,1781.245,59557452.58025,0
1625283000000,33440.09,33560.01,33374.59,33402.01,4492.081,1625283899999,150318927.13154,34167,2410.446,80681154.83293,0
1625283900000,33402.02,33500.96,33296.98,33500.95,5285.227,1625284799999,176494734.83203,43057,2456.647,82064761.79270,0
1625284800000,33500.21,33621.60,33464.07,33594.89,5641.503,1625285699999,189302935.70708,44959,2966.463,99544908.73751,0
1625285700000,33594.90,33624.32,33470.00,33485.91,3458.420,1625286599999,115988611.46560,29040,1557.789,52246278.61304,0
1625286600000,33485.91,33588.32,33425.84,33579.41,3828.455,1625287499999,128322772.47857,33200,2115.881,70922196.88785,0
1625287500000,33579.42,33676.91,33533.43,33641.91,3186.112,1625288399999,107048879.73516,29581,1864.642,62654372.36694,0
1625288400000,33641.91,33663.00,33565.00,33607.44,2908.097,1625289299999,97750108.53864,24947,1473.769,49539129.73134,0
1625289300000,33607.44,33668.68,33552.32,33613.20,2963.956,1625290199999,99610876.86770,25961,1462.183,49140849.89971,0
1625290200000,33613.21,33720.94,33611.86,33708.02,3756.706,1625291099999,126541755.21183,32012,2056.314,69266002.00564,0
1625291100000,33708.02,33776.00,33661.12,33683.02,5058.096,1625291999999,170576325.45291,42686,2637.100,88940500.96417,0
1625292000000,33683.01,33777.00,33651.70,33726.43,3900.805,1625292899999,131499927.59655,32976,2031.580,68491469.74648,0
1625292900000,33726.44,33822.72,33716.65,33754.23,4110.701,1625293799999,138859785.95888,35996,2096.220,70815132.44592,0
1625293800000,33754.24,33814.99,33662.00,33697.73,4676.412,1625294699999,157757110.56546,37928,2272.652,76677871.24225,0
1625294700000,33697.73,33744.99,33626.21,33670.01,3662.396,1625295599999,123347917.31348,31889,1732.199,58344716.74265,0
1625295600000,33670.01,33734.37,33574.82,33672.34,4546.608,1625296499999,153023539.42388,39846,2358.878,79405141.68904,0
1625296500000,33672.35,33940.00,33654.80,33911.23,9372.257,1625297399999,317018389.51722,78605,5509.835,186400108.41970,0
1625297400000,33912.99,34499.00,33895.70,34345.65,32844.962,1625298299999,1123207971.19621,235047,19667.717,672596806.34052,0
1625298300000,34345.23,34650.00,34311.56,34477.46,19066.273,1625299199999,657168529.53903,141304,10329.477,356137014.63627,0
1625299200000,34476.47,34555.00,34372.09,34465.66,11538.307,1625300099999,397381995.94167,94030,5836.809,201033985.01169,0
1625300100000,34465.39,34500.00,34381.64,34434.96,5646.725,1625300999999,194436419.01474,46785,2806.184,96634158.18444,0
1625301000000,34434.97,34643.41,34434.96,34450.00,9580.111,1625301899999,330791306.66291,72178,5275.938,182203583.64042,0
1625301900000,34450.00,34554.97,34395.00,34493.80,6215.941,1625302799999,214342399.78630,46275,3314.663,114320112.82156,0
1625302800000,34493.80,34775.00,34480.00,34642.00,12588.626,1625303699999,435851719.16824,94965,6992.314,242127753.68728,0
1625303700000,34642.00,34678.20,34530.53,34554.57,7534.725,1625304599999,260619266.00781,56161,3259.295,112745529.84399,0
1625304600000,34554.58,34605.20,34450.00,34566.11,7752.608,1625305499999,267618527.28556,55221,3598.277,124233702.79842,0
1625305500000,34566.10,34678.00,34565.45,34613.41,5608.117,1625306399999,194166495.58031,42801,2827.164,97889234.78067,0
1625306400000,34613.41,34660.00,34531.12,34591.00,5101.106,1625307299999,176446277.77342,41096,2635.463,91163699.84789,0
1625307300000,34590.99,34632.00,34507.00,34594.73,4395.198,1625308199999,151879033.42210,37307,2071.317,71577481.77906,0
1625308200000,34595.47,34676.85,34579.02,34670.24,4747.676,1625309099999,164426086.73511,37009,2413.827,83603603.49165,0
1625309100000,34670.25,34695.72,34566.00,34584.98,3758.889,1625309999999,130097637.87682,34238,1742.553,60311383.95976,0
1625310000000,34584.98,34609.00,34509.45,34590.00,4026.806,1625310899999,139133100.73754,37718,1978.162,68352220.05077,0
1625310900000,34590.00,34607.03,34450.00,34527.59,6381.436,1625311799999,220180935.36000,51262,3015.104,104034050.14239,0
1625311800000,34527.59,34548.00,34420.03,34473.83,5533.533,1625312699999,190724155.13836,42602,2602.141,89692448.68312,0
1625312700000,34473.84,34599.76,34473.83,34596.42,4478.697,1625313599999,154700182.42676,34389,2599.539,89790586.88196,0
1625313600000,34596.43,34800.00,34526.00,34622.02,13078.530,1625314499999,453583023.22053,100452,6934.607,240503417.36747,0
1625314500000,34622.02,34622.02,34533.00,34599.99,4939.665,1625315399999,170798828.05473,38794,2434.872,84190772.21200,0
1625315400000,34600.00,34608.18,34526.15,34560.00,3110.058,1625316299999,107496331.01282,26083,1467.404,50720535.64828,0
1625316300000,34560.00,34586.20,34461.63,34536.92,4361.032,1625317199999,150567353.00186,35819,1961.888,67744692.87821,0
1625317200000,34536.92,34572.91,34459.66,34530.16,4382.488,1625318099999,151221513.93673,35779,2037.907,70323049.33806,0
1625318100000,34530.15,34630.00,34488.00,34609.41,4426.469,1625318999999,153010062.90457,33725,2617.161,90474881.84314,0
1625319000000,34609.50,34621.72,34554.65,34587.91,2499.440,1625319899999,86437887.65525,23112,1169.452,40442151.77647,0
1625319900000,34587.91,34695.00,34552.22,34688.16,5213.681,1625320799999,180548410.91505,38363,3036.067,105149060.31346,0
1625320800000,34688.17,34700.00,34578.00,34656.94,3888.912,1625321699999,134666611.97506,31942,1815.721,62876831.34130,0
1625321700000,34656.94,34741.29,34585.00,34721.36,4815.227,1625322599999,166874720.70774,36782,2663.270,92305564.29037,0
1625322600000,34721.35,34750.00,34630.00,34635.60,5572.307,1625323499999,193256590.94405,39149,2671.884,92669602.01331,0
1625323500000,34635.60,34680.16,34595.00,34674.40,3534.497,1625324399999,122397216.46461,28645,1802.007,62405550.25434,0
1625324400000,34674.41,34694.00,34615.12,34688.90,2841.838,1625325299999,98517038.73705,26927,1340.934,46486671.42180,0
1625325300000,34689.00,34713.75,34600.05,34629.98,4146.939,1625326199999,143693034.45527,35070,1991.141,68993291.82326,0
1625326200000,34629.98,34631.22,34500.00,34575.43,6663.693,1625327099999,230256483.28483,51276,3006.678,103891596.68749,0
1625327100000,34575.43,34638.03,34544.02,34592.56,3816.037,1625327999999,132028561.33874,31661,1902.256,65817484.63323,0
1625328000000,34592.56,34639.00,34469.26,34501.00,7148.694,1625328899999,246905376.06233,55168,3353.058,115814153.35189,0
1625328900000,34501.00,34550.00,34500.00,34533.66,2766.685,1625329799999,95531278.45414,27170,1436.370,49595793.93895,0
1625329800000,34533.66,34595.00,34500.00,34509.12,2881.290,1625330699999,99543956.17361,26876,1378.709,47636341.34448,0
1625330700000,34509.35,34574.91,34502.00,34525.29,2512.909,1625331599999,86799789.58212,19847,1303.944,45040635.55948,0
1625331600000,34525.29,34580.00,34520.00,34570.70,2080.632,1625332499999,71910651.78126,17454,1043.277,36056965.76576,0
1625332500000,34571.44,34637.99,34533.61,34612.70,3142.710,1625333399999,108732127.33341,24749,1636.859,56630960.87216,0
1625333400000,34612.71,34948.16,34571.82,34900.00,11100.639,1625334299999,386103271.03084,79827,6782.851,235983991.30151,0
1625334300000,34900.01,34905.04,34712.97,34736.23,7536.927,1625335199999,262224980.96598,58525,3108.157,108124833.66030,0
1625335200000,34736.22,34763.93,34601.00,34640.24,5842.614,1625336099999,202531166.21137,41541,2690.952,93276552.48355,0
1625336100000,34640.47,34669.99,34580.00,34625.91,3474.053,1625336999999,120290095.53739,25184,1745.802,60453154.85126,0
1625337000000,34625.90,34729.74,34619.00,34700.00,3509.794,1625337899999,121689911.78736,26023,1917.120,66468324.27449,0
1625337900000,34700.01,34718.00,34617.85,34620.75,2368.528,1625338799999,82129508.20033,19404,898.899,31172254.82472,0
1625338800000,34620.75,34647.20,34557.84,34615.60,4313.497,1625339699999,149239040.13898,29372,2130.677,73720483.12117,0
1625339700000,34615.61,34650.00,34588.39,34625.00,1580.343,1625340599999,54713749.54863,16315,838.210,29020262.41928,0
1625340600000,34625.01,34688.58,34610.14,34665.33,2439.375,1625341499999,84542626.26372,18800,1361.388,47183039.31076,0
1625341500000,34665.32,34776.86,34619.35,34717.99,4249.932,1625342399999,147546524.66559,28768,2411.223,83713494.73520,0
1625342400000,34718.00,34728.69,34668.01,34706.31,2489.428,1625343299999,86390156.69693,19153,1239.588,43017119.02353,0
1625343300000,34706.30,34837.90,34703.58,34754.62,3992.615,1625344199999,138822901.16364,30217,2156.712,74988231.62324,0
1625344200000,34754.62,34754.63,34650.00,34689.99,3059.864,1625345099999,106195396.27421,23509,1392.074,48314153.23891,0
1625345100000,34690.00,34712.00,34612.00,34705.51,2783.233,1625345999999,96452263.04470,22980,1547.232,53621443.73868,0
1625346000000,34705.50,34749.62,34643.58,34733.20,1610.077,1625346899999,55867357.64490,19351,791.449,27463993.71400,0
1625346900000,34733.21,34782.74,34707.19,34771.99,2325.100,1625347799999,80792173.69337,23636,1077.623,37445119.85011,0
1625347800000,34772.00,34869.00,34738.34,34798.45,3374.898,1625348699999,117408040.39199,35144,1734.194,60337755.13224,0
1625348700000,34795.50,34899.70,34510.00,34533.19,12692.435,1625349599999,440313825.49137,77289,5554.428,192706751.38254,0
1625349600000,34533.18,34635.00,34532.26,34593.51,5742.902,1625350499999,198596624.05136,38257,2912.590,100721545.20453,0
1625350500000,34593.51,34613.79,34251.00,34333.51,11036.189,1625351399999,379968085.61757,77502,4299.980,148099073.48625,0
1625351400000,34333.52,34426.74,34261.00,34386.71,7534.472,1625352299999,258727602.98962,51722,4066.168,139645653.63156,0
1625352300000,34386.71,34595.00,34380.00,34566.99,5293.289,1625353199999,182563158.98887,39319,2941.981,101470627.16096,0
1625353200000,34567.00,34567.00,34320.00,34380.01,6416.705,1625354099999,220953007.10990,43768,2876.969,99051014.12949,0
1625354100000,34380.00,34476.00,34338.17,34452.08,4043.340,1625354999999,139113464.18010,28177,2227.324,76632140.38141,0
1625355000000,34452.09,34620.00,34432.98,34578.20,5788.818,1625355899999,200034100.28240,38112,3126.753,108037616.18411,0
1625355900000,34578.21,34693.35,34555.00,34652.94,4883.134,1625356799999,169134107.57893,32173,2629.340,91073370.89377,0
1625356800000,34653.32,34681.57,34485.26,34500.54,6805.428,1625357699999,235344298.81718,43159,3091.437,106907857.91792,0
1625357700000,34500.54,34777.72,34490.00,34635.93,5929.916,1625358599999,205445539.59070,41669,3444.262,119316373.54642,0
1625358600000,34635.94,34675.67,34573.55,34600.93,2266.914,1625359499999,78468357.58198,19771,1074.596,37198211.35119,0
1625359500000,34600.25,34600.25,34473.00,34481.30,3478.178,1625360399999,120119118.60608,25435,1456.123,50294110.56733,0
1625360400000,34481.30,34538.00,34372.19,34413.72,5464.783,1625361299999,188185195.62724,37562,2479.259,85380705.32104,0
1625361300000,34413.72,34470.00,34340.75,34460.16,3983.177,1625362199999,137078861.33273,27840,2075.494,71438827.66880,0
1625362200000,34460.16,34572.99,34400.00,34502.96,3898.098,1625363099999,134414386.83755,29735,1961.352,67633804.32251,0
1625363100000,34502.96,34545.90,34425.80,34426.47,2929.609,1625363999999,101014636.30992,21364,1354.764,46713651.07786,0
1625364000000,34427.80,34540.99,34386.75,34513.36,3452.555,1625364899999,118950356.52292,25422,1716.265,59129321.66255,0
1625364900000,34513.36,34559.41,34492.35,34549.99,2433.737,1625365799999,84027455.00845,19437,1144.799,39527219.18410,0
1625365800000,34549.99,34617.89,34526.54,34576.35,3242.737,1625366699999,112116427.23112,23266,1621.056,56049204.90527,0
1625366700000,34576.36,34626.87,34540.00,34569.83,2546.010,1625367599999,88034993.37171,18982,1118.725,38683091.36821,0
1625367600000,34569.83,34650.00,34540.00,34629.43,3011.607,1625368499999,104226971.13442,22765,1515.894,52462249.71805,0
1625368500000,34629.43,34719.00,34620.01,34680.00,3350.205,1625369399999,116149029.14323,25275,1885.226,65361945.69706,0
1625369400000,34680.01,34750.00,34622.61,34676.24,3744.076,1625370299999,129851147.18661,26797,1974.398,68481271.18591,0
1625370300000,34676.25,34695.03,34621.01,34623.82,2734.048,1625371199999,94733230.06095,19131,1286.870,44588907.40539,0
1625371200000,34623.83,34730.00,34602.60,34684.07,3779.985,1625372099999,131091419.22415,24444,1864.829,64674210.36413,0
1625372100000,34684.06,34786.36,34660.00,34679.58,3362.928,1625372999999,116751193.90988,24042,1752.630,60848675.57033,0
1625373000000,34678.90,34789.65,34668.89,34767.91,3399.059,1625373899999,118108192.95540,22964,1817.343,63146612.93587,0
1625373900000,34767.92,34830.00,34720.00,34753.83,3380.956,1625374799999,117534221.49620,21907,1813.851,63060955.05491,0
1625374800000,34753.83,34757.50,34692.26,34720.00,2586.866,1625375699999,89804004.34391,17949,1195.889,41516084.53233,0
1625375700000,34720.00,34770.00,34666.00,34734.59,2753.897,1625376599999,95613240.57266,20042,1306.216,45355079.83757,0
1625376600000,34734.60,35163.43,34731.73,35128.17,15841.560,1625377499999,553823030.60308,106580,9989.053,349256566.35868,0
1625377500000,35128.17,35329.68,35128.17,35185.64,16122.537,1625378399999,567705477.28891,105875,8727.289,307337718.35382,0
1625378400000,35185.64,35250.00,35050.00,35142.52,8153.005,1625379299999,286432367.78112,57157,3805.839,133704859.68128,0
1625379300000,35142.52,35219.99,35100.00,35156.46,4626.934,1625380199999,162670791.76481,31449,2365.132,83157805.23673,0
1625380200000,35156.46,35279.84,35156.45,35221.47,5454.236,1625381099999,192116206.78028,36933,2884.302,101600466.71707,0
1625381100000,35221.46,35440.00,35190.00,35388.44,11841.158,1625381999999,418495123.30437,80219,6550.166,231518362.26753,0
1625382000000,35388.43,35430.06,35317.12,35402.02,6118.397,1625382899999,216434461.94326,44565,2992.343,105859738.55856,0
1625382900000,35402.03,35500.00,35350.00,35401.56,8573.246,1625383799999,303617107.31457,54747,4560.816,161550575.92923,0
1625383800000,35400.18,35486.79,35355.01,35438.90,5142.707,1625384699999,182117248.78662,38738,2465.375,87315454.46317,0
1625384700000,35438.90,35731.30,35426.25,35565.98,12787.261,1625385599999,454794051.10283,95597,7334.942,260911102.73231,0
1625385600000,35565.99,35660.00,35505.00,35533.64,7656.742,1625386499999,272320843.42106,55948,3579.863,127337437.13502,0
1625386500000,35533.87,35570.00,35351.07,35410.00,8331.087,1625387399999,295306594.31074,58504,3229.750,114513752.31253,0
1625387400000,35409.99,35569.40,35409.30,35506.43,6497.480,1625388299999,230566131.07563,43695,3964.340,140694912.58658,0
1625388300000,35506.43,35548.88,35466.49,35510.22,2875.139,1625389199999,102078888.49436,21925,1534.993,54500113.53231,0
1625389200000,35510.22,35530.11,35387.00,35436.01,4449.140,1625390099999,157720168.03499,32840,1803.943,63956836.63393,0
1625390100000,35436.15,35458.75,35380.00,35437.71,3878.584,1625390999999,137377883.05188,29526,2023.192,71661686.42993,0
1625391000000,35437.71,35445.00,35350.17,35428.10,3842.700,1625391899999,136035226.97664,28216,1674.703,59290757.26762,0
1625391900000,35428.11,35523.52,35416.00,35460.01,4128.993,1625392799999,146456563.99456,29428,2088.314,74075944.38405,0
1625392800000,35460.01,35517.00,35414.53,35445.08,3612.432,1625393699999,128101699.80475,24584,1674.146,59371661.08846,0
1625393700000,35445.09,35520.16,35440.00,35487.20,2686.768,1625394599999,95329896.00559,19639,1445.374,51287658.17269,0
1625394600000,35487.20,35576.67,35478.00,35556.85,3892.327,1625395499999,138266660.42112,24512,2267.415,80546215.12692,0
1625395500000,35555.99,35616.88,35510.00,35560.07,3794.283,1625396399999,134941340.44193,26863,2027.817,72122024.21821,0
1625396400000,35560.00,35588.46,35500.00,35513.12,3051.924,1625397299999,108434216.45560,21751,1381.939,49099361.74117,0
1625397300000,35513.11,35538.00,35450.00,35493.62,3233.713,1625398199999,114741557.08030,25035,1479.409,52496484.89902,0
1625398200000,35493.62,35547.00,35473.26,35534.00,2676.107,1625399099999,95038101.38867,18705,1344.340,47743883.44242,0
1625399100000,35534.01,35550.00,35469.00,35492.00,2988.235,1625399999999,106099814.22692,25499,1358.498,48235180.31473,0
1625400000000,35492.01,35545.00,35450.00,35460.51,4142.135,1625400899999,147011150.85652,35117,1960.014,69569434.14930,0
1625400900000,35460.18,35479.84,35411.61,35477.44,3410.046,1625401799999,120864465.88220,32368,1629.559,57757802.58717,0
1625401800000,35477.43,35496.40,35421.00,35442.15,2846.491,1625402699999,100930208.00605,25039,1328.988,47125404.89488,0
1625402700000,35442.15,35456.21,35215.00,35239.40,10103.766,1625403599999,356715260.37028,81238,4042.213,142696296.58436,0
1625403600000,35239.37,35359.00,35239.15,35262.91,6057.820,1625404499999,213841734.85197,53212,3007.680,106176351.83313,0
1625404500000,35262.92,35410.00,35262.00,35335.58,4523.518,1625405399999,159917374.76744,42805,2286.290,80824712.83539,0
1625405400000,35335.58,35398.00,35307.83,35335.01,2852.181,1625406299999,100848937.31264,27604,1340.346,47396900.91935,0
1625406300000,35335.01,35380.00,35273.61,35341.27,2733.777,1625407199999,96600299.38788,29156,1350.750,47735054.91113,0
1625407200000,35341.30,35440.80,35310.01,35404.25,3825.348,1625408099999,135379340.76760,34546,2164.195,76592224.83566,0
1625408100000,35404.26,35418.94,35350.46,35373.01,2323.490,1625408999999,82220845.78390,23557,1152.698,40792686.76092,0
1625409000000,35373.01,35400.00,35288.44,35397.73,4551.711,1625409899999,160823234.82206,36324,2423.704,85644362.47028,0
1625409900000,35397.74,35490.00,35373.55,35425.84,4984.924,1625410799999,176641843.32412,39771,2555.939,90575855.32644,0
1625410800000,35426.12,35498.00,35390.00,35396.37,3679.143,1625411699999,130398371.86799,32085,1748.595,61978944.54566,0
1625411700000,35396.37,35461.01,35366.77,35429.56,2659.292,1625412599999,94192651.05971,26429,1431.590,50708311.09171,0
1625412600000,35429.57,35483.81,35420.00,35453.75,2212.155,1625413499999,78433103.82110,22248,1137.957,40346972.99409,0
1625413500000,35453.76,35556.51,35423.00,35486.35,4416.193,1625414399999,156717273.68667,36316,2545.735,90349852.09110,0
1625414400000,35486.35,35540.37,35421.66,35517.56,5524.662,1625415299999,195972981.55299,41567,2579.909,91519804.23625,0
1625415300000,35517.57,35683.84,35490.36,35637.62,9028.064,1625416199999,321478753.39650,65939,4940.418,175919541.70089,0
1625416200000,35637.63,35643.55,35530.00,35550.00,4405.199,1625417099999,156706300.46674,39657,2021.635,71919300.58582,0
1625417100000,35550.00,35550.22,35420.67,35454.82,5383.474,1625417999999,190945067.03794,45620,2293.165,81334047.38521,0
1625418000000,35454.82,35458.88,35362.02,35395.50,4745.579,1625418899999,168035982.45860,39258,2043.610,72370589.32437,0
1625418900000,35395.51,35498.32,35395.51,35498.32,3262.915,1625419799999,115682089.76703,29657,1934.782,68593337.82756,0
1625419800000,35498.31,35562.84,35427.01,35523.08,4157.197,1625420699999,147604239.60065,34142,2231.340,79225578.44156,0
1625420700000,35523.07,35565.00,35505.07,35534.65,1999.522,1625421599999,71053592.89829,21850,879.473,31254216.43327,0
1625421600000,35534.66,35538.88,35365.00,35410.30,3462.933,1625422499999,122748827.91293,31639,1383.343,49034418.65934,0
1625422500000,35410.30,35486.00,35402.56,35462.33,1805.934,1625423399999,64016663.82028,20996,970.013,34384229.32256,0
1625423400000,35462.98,35499.58,35425.71,35437.24,1557.796,1625424299999,55247049.35010,17137,765.107,27134740.84216,0
1625424300000,35437.25,35519.40,35411.28,35495.81,1868.032,1625425199999,66257102.34277,20271,998.291,35408311.44209,0
1625425200000,35495.81,35537.88,35462.77,35526.87,1935.387,1625426099999,68723000.32317,20241,953.494,33856951.31088,0
1625426100000,35526.86,35539.92,35470.00,35501.47,1584.649,1625426999999,56267597.96527,19107,758.074,26917754.41707,0
1625427000000,35501.46,35544.29,35500.00,35535.83,1267.578,1625427899999,45029033.36193,15821,648.331,23030950.22401,0
1625427900000,35535.83,35588.59,35488.00,35553.72,2739.622,1625428799999,97361727.74923,24656,1507.546,53572880.01285,0
1625428800000,35553.73,35553.73,35450.23,35462.32,2344.330,1625429699999,83221939.22930,22474,990.317,35156749.58784,0
1625429700000,35462.32,35512.00,35430.27,35505.98,2551.037,1625430599999,90474042.50534,24093,1432.778,50819963.58841,0
1625430600000,35505.99,35545.02,35460.00,35528.63,2148.631,1625431499999,76316818.33967,21576,976.349,34679100.19937,0
1625431500000,35529.59,35539.47,35484.43,35525.87,1455.305,1625432399999,51692593.51507,16951,696.604,24743492.96849,0
1625432400000,35525.87,35550.00,35461.81,35512.52,2250.277,1625433299999,79911521.40121,24598,1078.866,38311138.99959,0
1625433300000,35512.52,35630.00,35511.94,35573.22,3492.131,1625434199999,124216468.77297,35138,1863.534,66293320.82586,0
1625434200000,35573.23,35911.37,35573.23,35840.60,9889.741,1625435099999,353653177.96288,89964,6055.925,216568234.92828,0
1625435100000,35840.33,35955.55,35790.00,35887.40,9335.413,1625435999999,334955289.18993,67247,4493.628,161256865.43434,0
1625436000000,35887.39,35893.45,35746.00,35785.94,5876.817,1625436899999,210409475.84534,45273,2770.001,99173745.27411,0
1625436900000,35785.94,35785.94,35657.79,35669.16,5635.081,1625437799999,201163341.68608,43454,2776.812,99126109.68118,0
1625437800000,35670.01,35670.01,35544.00,35594.88,6266.812,1625438699999,223067039.76140,48068,2903.260,103341764.73323,0
1625438700000,35594.88,35594.88,35304.07,35357.23,11342.112,1625439599999,401718518.46038,83997,5073.888,179682694.64900,0
1625439600000,35357.24,35388.00,35214.86,35384.51,10082.485,1625440499999,355797317.15063,73443,5021.974,177245052.99198,0
1625440500000,35384.51,35486.25,35315.45,35388.46,7144.028,1625441399999,252934841.10236,50725,3630.609,128556593.45475,0
1625441400000,35388.46,35450.00,35258.74,35313.46,4040.431,1625442299999,142869634.70249,34159,1728.856,61143665.96980,0
1625442300000,35313.45,35448.62,35270.00,35280.16,6304.928,1625443199999,222792963.14534,42357,2875.826,101613065.29608,0
1625443200000,35280.17,35281.55,34785.40,34951.25,24669.169,1625444099999,863061003.07127,171038,10101.328,353434027.21206,0
1625444100000,34951.25,35016.89,34859.34,34928.01,6561.572,1625444999999,229324069.63314,49784,3248.573,113546441.61521,0
1625445000000,34928.01,35012.25,34851.00,34906.65,5626.253,1625445899999,196652268.07976,41250,2853.536,99753006.09351,0
1625445900000,34907.07,34918.40,34744.00,34836.66,9005.107,1625446799999,313669631.04696,66284,4170.548,145306006.68126,0
1625446800000,34836.66,34920.00,34801.63,34908.56,4264.684,1625447699999,148779710.51204,34529,2311.032,80625862.54963,0
1625447700000,34908.55,34908.56,34577.51,34636.01,12333.283,1625448599999,427940709.96835,84981,5021.647,174264307.01671,0
1625448600000,34636.00,34712.97,34408.16,34493.41,13652.964,1625449499999,472186019.21216,87356,5811.399,201123472.26502,0
1625449500000,34493.42,34632.00,34492.99,34559.32,6362.517,1625450399999,220010393.28322,46268,3530.271,122066994.64102,0
1625450400000,34559.32,34646.00,34501.99,34542.46,5615.869,1625451299999,194209852.12991,40886,2885.471,99791262.15536,0
1625451300000,34542.47,34580.00,34321.00,34427.21,14808.322,1625452199999,509746286.70067,96255,6929.735,238540696.19798,0
1625452200000,34427.96,34518.13,34396.24,34479.03,5586.291,1625453099999,192622804.96121,39288,2999.352,103420946.56390,0
1625453100000,34479.03,34479.03,34312.80,34428.00,8256.971,1625453999999,283925348.35423,53841,4003.523,137660682.22181,0
1625454000000,34428.00,34481.45,34255.00,34474.98,7611.914,1625454899999,261816705.04024,55772,3606.203,124074145.80009,0
1625454900000,34474.99,34533.42,34378.36,34429.00,6044.779,1625455799999,208332483.89787,43450,3220.113,110987614.43030,0
1625455800000,34429.00,34429.00,34300.00,34399.76,5234.420,1625456699999,179820828.55974,41462,2585.934,88839034.60898,0
1625456700000,34399.78,34411.19,34199.02,34345.63,8529.739,1625457599999,292592249.43821,57996,3558.446,122115850.13360,0
1625457600000,34345.63,34409.48,34095.00,34194.91,13875.661,1625458499999,474913130.81225,95219,6319.417,216350228.38717,0
1625458500000,34194.90,34245.92,34000.00,34240.36,10399.519,1625459399999,355056788.02433,74971,4837.947,165251992.64523,0
1625459400000,34240.37,34380.00,34217.38,34379.25,8461.138,1625460299999,290370712.37022,61883,4551.786,156209451.99564,0
1625460300000,34379.25,34380.15,34151.00,34198.53,7136.578,1625461199999,244415180.37007,52189,3325.401,113876939.49372,0
1625461200000,34198.52,34320.22,34145.00,34167.72,6206.299,1625462099999,212427065.75911,49017,3094.678,105939130.85791,0
1625462100000,34167.72,34200.00,34061.32,34111.99,6935.054,1625462999999,236715877.58520,54088,3411.148,116446736.34163,0
1625463000000,34112.00,34200.00,34072.00,34196.47,4845.124,1625463899999,165523907.90057,37350,2572.404,87881450.21182,0
1625463900000,34196.46,34358.00,34140.00,34337.84,9157.130,1625464799999,313926369.59649,57366,5391.867,184826657.53135,0
1625464800000,34337.84,34377.00,34203.28,34313.85,7746.269,1625465699999,265566528.57980,50963,3939.731,135080437.64906,0
1625465700000,34313.85,34370.99,34225.93,34251.58,6005.479,1625466599999,206014143.90706,42683,2946.949,101105829.97394,0
1625466600000,34252.36,34333.30,34210.70,34314.13,4459.072,1625467499999,152792227.54074,33974,2362.631,80959310.68114,0
1625467500000,34313.23,34318.86,34230.00,34289.81,4133.091,1625468399999,141656776.32226,28224,2349.408,80524586.68179,0
1625468400000,34289.81,34289.82,34101.00,34119.98,7490.255,1625469299999,256040512.01801,50901,3187.772,108971866.99441,0
1625469300000,34119.98,34189.00,34051.02,34134.01,6699.968,1625470199999,228646258.49409,51914,3377.357,115271585.87564,0
1625470200000,34134.01,34212.00,34134.00,34148.03,3810.751,1625471099999,130262472.42055,32642,2061.489,70468494.28740,0
1625471100000,34148.04,34276.95,34110.17,34237.24,3839.344,1625471999999,131288333.68372,32176,2138.195,73120004.17382,0
1625472000000,34237.24,34295.07,34150.00,34207.63,5225.886,1625472899999,178812961.80196,42019,2454.021,83968899.23215,0
1625472900000,34207.64,34217.22,34119.00,34147.00,3212.905,1625473799999,109761246.72481,29162,1534.573,52425232.91752,0
1625473800000,34147.00,34270.00,34099.38,34190.60,6128.356,1625474699999,209529607.17393,44379,3197.531,109332479.50390,0
1625474700000,34190.60,34242.53,34160.19,34242.51,2768.478,1625475599999,94710783.30047,24574,1510.475,51675383.92047,0
1625475600000,34242.52,34436.70,34207.87,34382.42,10649.644,1625476499999,365652487.54788,77137,6001.803,206077268.60669,0
1625476500000,34380.50,34382.42,34291.25,34358.22,4989.161,1625477399999,171257184.09309,36552,2336.079,80189140.30830,0
1625477400000,34358.22,34358.23,34256.00,34266.72,4185.940,1625478299999,143564994.92778,28722,1681.309,57660148.21184,0
1625478300000,34266.72,34311.93,34253.00,34295.00,2592.400,1625479199999,88869165.70234,22026,1321.608,45304898.46420,0
1625479200000,34295.00,34400.74,34265.00,34322.93,5705.886,1625480099999,195993045.81561,40764,2971.893,102084273.61567,0
1625480100000,34322.94,34450.00,34310.00,34389.12,5857.226,1625480999999,201402737.58936,43097,3215.427,110557506.49997,0
1625481000000,34389.13,34480.00,34354.14,34464.45,4915.668,1625481899999,169092117.99300,35151,2803.974,96470107.88872,0
1625481900000,34464.44,34538.00,34425.12,34445.55,8266.078,1625482799999,285017840.05756,59903,4108.075,141661163.55174,0
1625482800000,34445.55,34471.68,34222.00,34229.21,9775.113,1625483699999,335721868.47931,72697,3941.254,135375961.73485,0
1625483700000,34229.21,34229.75,33500.00,33733.58,37302.817,1625484599999,1262542140.87505,270540,15836.036,535986156.93841,0
1625484600000,33733.58,33758.00,33440.68,33563.72,20266.702,1625485499999,680888988.97170,150259,9797.580,329237787.30460,0
1625485500000,33563.71,33616.13,33290.00,33363.31,20648.099,1625486399999,690745843.17306,143195,8868.994,296759759.69331,0
1625486400000,33363.28,33529.60,33290.00,33484.39,13778.158,1625487299999,461067373.20847,99817,7255.363,242799975.97278,0
1625487300000,33484.40,33590.00,33450.00,33471.48,8658.337,1625488199999,290180666.30626,62498,4515.840,151369825.99329,0
1625488200000,33472.51,33547.78,33401.00,33496.35,5947.220,1625489099999,199192998.63595,45735,3160.824,105876190.61528,0
1625489100000,33496.35,33520.00,33403.02,33455.36,6403.592,1625489999999,214313348.10388,42783,3128.019,104696485.02011,0
1625490000000,33455.37,33680.00,33421.00,33616.36,10385.891,1625490899999,348697980.55819,73152,6238.274,209451659.31982,0
1625490900000,33616.36,33664.30,33520.02,33617.52,7515.714,1625491799999,252391038.50133,49207,3820.477,128298366.63298,0
1625491800000,33617.53,33669.93,33565.17,33650.00,5840.996,1625492699999,196352618.40189,41784,3048.437,102480675.26576,0
1625492700000,33650.00,33720.40,33576.00,33589.95,7533.016,1625493599999,253563173.85545,57243,3715.043,125066613.90449,0
1625493600000,33589.94,33650.00,33527.33,33610.00,6698.521,1625494499999,224973942.01130,47279,3495.128,117387247.05463,0
1625494500000,33610.00,33685.00,33568.00,33575.00,4434.061,1625495399999,149180553.58713,34384,2129.279,71642586.98749,0
1625495400000,33575.12,33672.00,33550.00,33621.34,4992.002,1625496299999,167817542.32732,37372,2515.961,84587744.37678,0
1625496300000,33621.35,33696.00,33621.35,33659.28,3106.684,1625497199999,104595895.31753,27916,1561.329,52565633.74907,0
1625497200000,33659.28,33759.91,33600.00,33674.74,7555.348,1625498099999,254381272.31770,52439,4233.328,142552901.04790,0
1625498100000,33674.73,33690.00,33603.81,33603.81,3949.351,1625498999999,132904000.06584,30522,1767.780,59493376.19610,0
1625499000000,33603.86,33646.88,33448.16,33597.66,10616.997,1625499899999,356133902.17048,69664,4595.645,154175911.50669,0
1625499900000,33597.66,33708.00,33564.77,33575.23,5864.478,1625500799999,197300270.63923,42786,2964.182,99732928.87069,0
1625500800000,33575.22,33698.00,33540.00,33692.26,6426.594,1625501699999,216204260.81554,46347,3638.431,122407485.95191,0
1625501700000,33692.26,33740.00,33612.00,33634.67,3626.199,1625502599999,122087419.87322,26448,1802.417,60693093.68541,0
1625502600000,33634.68,33660.00,33571.63,33585.01,2876.783,1625503499999,96704483.68321,20018,1278.458,42979557.91369,0
1625503500000,33585.01,33677.35,33555.00,33632.97,4492.517,1625504399999,151043831.57578,25990,2435.046,81869949.34849,0
1625504400000,33632.97,33669.92,33575.64,33627.86,3072.363,1625505299999,103302313.52942,18779,1604.394,53942130.46061,0
1625505300000,33629.93,33638.00,33571.00,33573.81,3059.575,1625506199999,102801550.50557,17218,1495.303,50241641.53466,0
1625506200000,33573.81,33592.67,33032.00,33172.26,20070.979,1625507099999,668960729.17509,131043,7657.458,255463440.54759,0
1625507100000,33172.26,33712.00,33172.25,33680.02,18151.043,1625507999999,607522654.45571,122027,10609.635,355037454.69062,0
1625508000000,33680.01,33983.48,33679.03,33785.00,19999.636,1625508899999,676853503.26767,136947,11506.684,389461424.45369,0
1625508900000,33784.99,34182.30,33770.90,34095.22,14850.016,1625509799999,504935860.76196,98487,8816.904,299844410.94749,0
1625509800000,34095.22,34099.91,33927.12,33988.28,7580.131,1625510699999,257705703.15343,54624,3459.687,117616993.87798,0
1625510700000,33988.28,34008.19,33894.98,33959.89,5357.567,1625511599999,181879361.04552,35603,2611.697,88672330.15653,0
1625511600000,33959.89,34149.00,33958.00,34131.61,5724.678,1625512499999,195029501.34633,42091,3244.519,110537243.38977,0
1625512500000,34131.62,34259.68,34009.98,34051.58,8922.609,1625513399999,304571867.37569,58307,4377.727,149489274.73408,0
1625513400000,34051.58,34174.99,34050.00,34147.99,4158.640,1625514299999,141896809.13979,27230,2147.606,73280243.08169,0
1625514300000,34147.99,34159.05,34008.78,34098.70,4190.048,1625515199999,142776562.55470,27344,1730.734,58981003.18469,0
1625515200000,34098.70,34149.00,34068.55,34080.00,3720.607,1625516099999,126927938.61655,25792,1729.487,59008722.50784,0
1625516100000,34080.01,34118.00,33831.59,33914.96,11701.817,1625516999999,397304324.57972,67600,4753.655,161377309.26449,0
1625517000000,33914.95,33983.29,33702.00,33793.34,9618.633,1625517899999,325304603.24327,60115,4575.820,154745919.64297,0
1625517900000,33793.34,33849.64,33714.78,33827.95,3809.612,1625518799999,128766302.44309,28286,1963.085,66354806.60218,0
1625518800000,33826.91,34089.00,33823.27,34063.53,7614.009,1625519699999,258444513.55848,51278,4196.790,142450247.76356,0
1625519700000,34063.43,34136.27,33962.71,34003.99,4389.417,1625520599999,149520523.11050,38197,1929.903,65750423.10557,0
1625520600000,34003.99,34135.75,33998.94,34065.46,2861.946,1625521499999,97480843.46999,23912,1600.932,54532185.80284,0
1625521500000,34065.46,34199.00,34043.99,34130.78,4710.441,1625522399999,160779819.84943,30124,2580.637,88092438.53137,0
1625522400000,34130.78,34180.00,34045.29,34047.83,4958.753,1625523299999,169047130.55195,28081,2304.390,78570885.23119,0
1625523300000,34047.83,34117.31,33922.10,34087.88,5707.661,1625524199999,194169853.22315,34617,2870.932,97691342.79707,0
1625524200000,34087.88,34119.41,33970.00,34054.44,3323.652,1625525099999,113174662.91383,22520,1637.227,55753077.66643,0
1625525100000,34054.44,34080.15,33938.47,33954.44,3071.008,1625525999999,104387326.51818,22286,1412.322,48008059.14484,0
1625526000000,33954.43,34099.93,33952.15,34039.87,2986.026,1625526899999,101652886.05001,20697,1646.301,56040548.96416,0
1625526900000,34041.83,34080.00,33973.00,33989.40,2679.282,1625527799999,91145121.40285,18576,1310.306,44576992.90150,0
1625527800000,33989.39,34000.00,33805.03,33831.29,4927.599,1625528699999,167098764.27119,33367,2071.066,70237776.27407,0
1625528700000,33831.29,33915.10,33650.57,33672.72,6931.257,1625529599999,234141588.41977,48167,3039.667,102714852.20045,0
1625529600000,33672.72,34093.45,33603.70,33990.03,13033.977,1625530499999,441231191.07742,83879,7218.632,244367427.83754,0
1625530500000,33990.03,34065.90,33900.00,34037.99,5201.197,1625531399999,176716967.84978,34703,2754.369,93595789.07078,0
1625531400000,34038.00,34145.00,33979.70,34085.23,4884.227,1625532299999,166461419.95196,34339,2520.024,85894605.70695,0
1625532300000,34085.24,34145.00,34011.92,34033.12,4252.833,1625533199999,144912861.05591,25993,1883.450,64187801.87148,0
1625533200000,34033.12,34063.45,33845.82,33860.74,4571.722,1625534099999,155243845.33861,30883,1815.800,61677981.26455,0
1625534100000,33860.73,33949.38,33801.00,33909.30,5362.649,1625534999999,181591290.12745,33542,3049.284,103263232.36258,0
1625535000000,33909.30,33973.00,33855.79,33881.17,2784.407,1625535899999,94425000.46633,19058,1344.057,45579852.74618,0
1625535900000,33881.17,33936.39,33741.74,33752.53,5059.300,1625536799999,171132844.49057,33929,2290.892,77499773.38330,0
1625536800000,33752.54,33803.31,33692.49,33723.44,5304.658,1625537699999,179013971.56385,38739,2687.883,90716170.97569,0
1625537700000,33723.45,33830.34,33671.20,33742.72,5167.860,1625538599999,174336981.18625,39936,2849.283,96126833.78280,0
1625538600000,33742.72,33888.00,33742.72,33824.97,4217.614,1625539499999,142654385.09083,31522,2427.763,82115434.30193,0
1625539500000,33824.96,33899.84,33781.40,33888.21,3119.998,1625540399999,105612762.00854,25239,1661.381,56241455.49372,0
1625540400000,33886.41,33939.00,33833.53,33858.69,3144.759,1625541299999,106526145.55423,26707,1544.076,52305139.77504,0
1625541300000,33858.69,33934.92,33800.25,33932.00,2550.165,1625542199999,86383057.44275,23726,1230.352,41680573.14020,0
1625542200000,33932.01,33943.52,33862.00,33884.01,2551.231,1625543099999,86523072.40625,22055,1214.080,41177225.23047,0
1625543100000,33884.00,33906.92,33830.00,33896.83,2078.194,1625543999999,70388464.57947,21292,1028.166,34824748.95750,0
1625544000000,33896.82,34672.44,33886.07,34486.00,25608.095,1625544899999,879165481.67480,176185,15354.015,527102059.37956,0
1625544900000,34486.00,34749.00,34401.09,34615.36,12363.691,1625545799999,427225746.84158,90101,6486.927,224255350.39081,0
1625545800000,34615.35,34760.55,34494.34,34730.18,10103.988,1625546699999,349745063.73808,72103,5016.505,173687517.54315,0
1625546700000,34730.17,34730.18,34563.00,34623.48,6695.852,1625547599999,231869218.83284,48912,2960.021,102515669.11038,0
1625547600000,34623.48,34728.01,34590.00,34660.33,5962.540,1625548499999,206568461.15624,44046,2806.512,97243988.48167,0
1625548500000,34660.33,34853.06,34660.33,34736.00,8388.385,1625549399999,291519967.14532,59456,5004.988,173974383.10137,0
1625549400000,34736.01,34820.00,34680.00,34783.00,5405.794,1625550299999,187865716.46775,40811,2724.279,94686129.38286,0
1625550300000,34782.01,34800.00,34721.83,34769.69,3066.382,1625551199999,106557648.33360,27841,1521.552,52874330.99404,0
1625551200000,34769.68,34797.07,34677.52,34710.98,4215.608,1625552099999,146395439.37457,34457,1865.416,64782701.95188,0
1625552100000,34710.97,34748.92,34645.00,34741.43,4531.543,1625552999999,157209147.95060,36655,2239.726,77709182.77802,0
1625553000000,34741.44,34780.00,34709.00,34727.01,3151.431,1625553899999,109481125.06924,27594,1494.001,51904031.18456,0
1625553900000,34727.29,34736.15,34630.00,34662.21,3958.588,1625554799999,137275714.86524,32452,1757.787,60957334.51345,0
1625554800000,34662.21,34754.55,34662.21,34717.07,3435.280,1625555699999,119267051.29556,28114,1766.514,61328292.85448,0
1625555700000,34717.07,34780.00,34713.00,34737.04,2944.619,1625556599999,102334645.68508,26677,1535.388,53360566.07557,0
1625556600000,34737.04,34780.00,34720.00,34779.10,2683.075,1625557499999,93243491.06803,22648,1416.753,49237918.53781,0
1625557500000,34779.10,34948.00,34701.00,34853.46,9229.190,1625558399999,321491793.60533,69345,5315.647,185201165.95683,0
1625558400000,34853.46,34893.45,34715.01,34720.47,7178.033,1625559299999,249735475.04290,55789,3095.761,107712813.68333,0
1625559300000,34720.47,34911.89,34700.00,34871.73,6354.863,1625560199999,221161240.22556,49120,3434.982,119546951.27043,0
1625560200000,34871.26,34875.00,34773.17,34824.37,3007.211,1625561099999,104683691.40239,29557,1390.737,48411293.23011,0
1625561100000,34824.37,35120.00,34811.21,34959.09,8414.746,1625561999999,294206371.48687,65941,4861.031,169988882.27609,0
1625562000000,34959.09,34988.28,34376.70,34476.26,23314.347,1625562899999,808102883.94831,159928,9337.034,323696756.31374,0
1625562900000,34476.26,34500.00,34060.99,34160.11,32245.971,1625563799999,1104275145.00954,236937,14776.924,506141652.63034,0
1625563800000,34160.10,34247.88,34006.18,34134.91,12613.137,1625564699999,430603551.06977,99126,6309.672,215455147.49746,0
1625564700000,34134.91,34264.00,34134.91,34184.12,7428.453,1625565599999,254114569.14178,59171,3777.744,129244722.94474,0
1625565600000,34183.18,34199.34,33700.00,33850.00,17965.197,1625566499999,609496253.26180,140815,7251.048,246014258.70769,0
1625566500000,33850.00,34000.00,33812.07,33859.52,9477.754,1625567399999,321469488.66146,75085,4934.190,167369638.12735,0
1625567400000,33859.52,33980.00,33770.00,33849.99,7104.807,1625568299999,240701965.37870,56869,3823.137,129553094.38888,0
1625568300000,33850.00,33910.00,33750.00,33890.05,5863.771,1625569199999,198462402.07603,50024,2965.421,100376274.72338,0
1625569200000,33890.04,33970.00,33780.44,33876.65,5783.860,1625570099999,195940052.83718,50129,3107.266,105275650.25879,0
1625570100000,33877.48,33877.48,33760.00,33799.62,5390.871,1625570999999,182305682.75598,44070,2425.973,82051216.67318,0
1625571000000,33799.62,33951.00,33702.70,33951.00,6456.000,1625571899999,218475518.33283,54350,3411.800,115506585.71064,0
1625571900000,33951.00,34275.00,33930.00,34037.00,15982.546,1625572799999,545703861.12868,123559,8913.876,304316494.99173,0
1625572800000,34037.01,34239.85,33760.00,34093.85,18984.933,1625573699999,644898078.41162,149846,9496.933,322645448.46314,0
1625573700000,34093.85,34200.00,33951.00,34157.17,9303.755,1625574599999,317116038.93278,74025,4408.788,150317383.22626,0
1625574600000,34157.17,34230.00,34070.30,34217.75,5960.920,1625575499999,203587575.53879,45331,3161.413,107990783.03576,0
1625575500000,34217.38,34413.16,34152.25,34351.33,14990.693,1625576399999,514348846.65488,109354,8267.442,283712700.41778,0
1625576400000,34349.23,34501.30,34227.49,34386.87,10061.407,1625577299999,345857429.75905,83188,5309.624,182552043.90242,0
1625577300000,34386.88,34398.33,34202.02,34285.00,7766.040,1625578199999,266311140.31847,63789,3340.628,114553987.14333,0
1625578200000,34283.92,34287.00,34056.00,34077.80,9399.220,1625579099999,320902110.70963,78480,4137.540,141255393.45506,0
1625579100000,34077.80,34188.81,33918.04,34128.75,11040.813,1625579999999,375946277.46703,88087,5849.306,199219751.69952,0
1625580000000,34128.75,34224.77,33977.04,34083.58,7021.815,1625580899999,239497168.04093,60231,3363.599,114751675.52834,0
1625580900000,34083.59,34125.00,33950.00,34027.01,6882.248,1625581799999,234128493.29106,54014,3712.914,126312864.88132,0
1625581800000,34027.01,34172.99,34023.37,34065.95,3812.280,1625582699999,130009984.85600,37034,2128.433,72591285.10709,0
1625582700000,34065.95,34235.00,34040.38,34120.21,4004.969,1625583599999,136745760.03244,37817,2309.668,78869140.99441,0
1625583600000,34120.21,34120.21,33880.00,33924.71,11910.682,1625584499999,404204196.80641,87546,5166.637,175341990.91175,0
1625584500000,33924.71,34118.15,33900.00,34069.00,6417.964,1625585399999,218387708.56672,54716,3380.578,115036714.30851,0
1625585400000,34069.01,34168.00,33982.78,34031.59,5522.421,1625586299999,188187833.50073,47119,2547.003,86809990.29638,0
1625586300000,34031.60,34092.76,33961.59,34031.17,3353.806,1625587199999,114107126.20815,31744,1627.130,55364197.33187,0
1625587200000,34034.35,34129.33,33928.46,33983.41,7172.380,1625588099999,244001401.32735,62792,3583.912,121931711.32498,0
1625588100000,33983.40,34015.95,33880.17,33952.99,5563.652,1625588999999,188760337.15078,47742,2690.513,91287109.28125,0
1625589000000,33952.99,33952.99,33732.00,33798.21,8455.420,1625589899999,286186496.91691,71979,3477.320,117726415.77179,0
1625589900000,33797.14,34050.00,33778.30,34043.52,5555.077,1625590799999,188258946.95538,52491,3173.022,107551403.31362,0
1625590800000,34047.66,34049.84,33500.00,33602.29,13568.140,1625591699999,457584946.44379,112685,5303.946,178939522.17099,0
1625591700000,33602.71,33950.99,33500.00,33840.00,13463.418,1625592599999,454422646.46054,105140,7600.211,256589351.97917,0
1625592600000,33840.00,33881.00,33724.23,33856.60,4845.627,1625593499999,163781796.69462,43081,2530.548,85535488.59759,0
1625593500000,33855.61,34000.00,33800.00,33927.38,5036.103,1625594399999,170825627.71217,44560,2653.759,90030140.89061,0
1625594400000,33927.39,33969.37,33852.67,33920.64,3517.525,1625595299999,119281895.54604,32950,1736.711,58897172.48468,0
1625595300000,33920.64,34039.00,33920.64,33982.43,5071.143,1625596199999,172345162.96462,40220,2489.322,84606533.45739,0
1625596200000,33982.44,34096.35,33901.00,33966.80,3817.725,1625597099999,129755848.98951,36510,1844.416,62708682.54553,0
1625597100000,33966.80,33966.80,33777.00,33829.14,4882.148,1625597999999,165288034.01933,42295,2126.521,71990628.42001,0
1625598000000,33826.33,33905.35,33737.52,33834.70,3377.559,1625598899999,114225755.20067,34275,1769.777,59859856.64886,0
1625598900000,33834.70,33946.00,33800.02,33922.38,2633.133,1625599799999,89209540.26755,27599,1397.124,47334921.02791,0
1625599800000,33922.00,33970.22,33872.65,33957.48,1876.768,1625600699999,63648756.77632,23407,873.558,29628566.70140,0
1625600700000,33956.98,34200.00,33906.00,33999.39,8027.858,1625601599999,273322094.08192,60453,4539.093,154555684.36216,0
1625601600000,33999.39,34086.12,33906.58,33929.89,3304.230,1625602499999,112313434.70298,34355,1673.311,56883472.85868,0
1625602500000,33929.89,34019.96,33855.00,33937.34,2513.647,1625603399999,85284403.92970,30010,1287.812,43698725.44911,0
1625603400000,33937.35,33941.98,33864.00,33879.88,1502.097,1625604299999,50913427.53969,21160,679.488,23031258.60081,0
1625604300000,33879.87,33944.96,33814.98,33925.23,2440.188,1625605199999,82669559.70653,26799,1188.243,40262828.90776,0
1625605200000,33925.23,33939.00,33751.00,33909.15,4293.868,1625606099999,145344019.56228,37592,2362.946,79992780.11805,0
1625606100000,33911.54,33949.00,33840.62,33874.75,1936.068,1625606999999,65629310.72792,26615,949.892,32196810.03042,0
1625607000000,33875.31,33912.65,33801.50,33831.41,1657.814,1625607899999,56131574.63938,20895,768.726,26028698.32553,0
1625607900000,33831.40,33848.54,33602.21,33743.84,6161.726,1625608799999,207881515.62755,54030,2790.271,94149006.61719,0
1625608800000,33743.85,33991.73,33667.57,33979.99,4987.581,1625609699999,168980749.39330,49114,2530.106,85723917.10966,0
1625609700000,33980.00,34000.00,33900.81,33933.91,2491.981,1625610599999,84608269.37917,27069,1193.200,40516740.43865,0
1625610600000,33933.91,34086.36,33933.90,34021.62,3449.719,1625611499999,117345799.47461,30330,2138.127,72741686.43852,0
1625611500000,34021.61,34160.25,33988.33,33991.39,3013.370,1625612399999,102647413.24552,28989,1521.785,51854659.69168,0
1625612400000,33991.38,34091.98,33937.00,34047.22,2623.864,1625613299999,89298442.50761,28309,1171.414,39875013.44370,0
1625613300000,34047.22,34168.70,34033.00,34068.23,2834.416,1625614199999,96651172.40444,27976,1477.344,50384660.46942,0
1625614200000,34068.23,34131.03,34036.97,34103.43,2086.603,1625615099999,71077478.21552,21149,1059.918,36109294.57466,0
1625615100000,34103.43,34357.11,34004.39,34206.01,6023.774,1625615999999,205884168.42437,50819,3361.470,114945050.02395,0
1625616000000,34206.00,34388.00,34116.81,34303.46,7295.370,1625616899999,249972909.72617,61398,3860.445,132284649.08033,0
1625616900000,34303.45,34354.36,34100.00,34117.18,4407.663,1625617799999,150787559.67415,38265,1863.555,63758911.73279,0
1625617800000,34117.18,34119.17,33925.00,34038.17,6017.159,1625618699999,204704157.86123,51964,2882.793,98074492.71772,0
1625618700000,34038.17,34148.15,34036.96,34139.96,3047.337,1625619599999,103913089.32678,28172,1629.088,55551985.24119,0
1625619600000,34139.99,34249.22,34088.08,34228.58,3600.114,1625620499999,123023928.87802,34049,1884.049,64389696.06603,0
1625620500000,34227.02,34243.75,34173.20,34204.01,2199.196,1625621399999,75227998.49842,23415,1055.350,36101357.93333,0
1625621400000,34205.68,34234.00,33955.71,34146.10,7531.172,1625622299999,256610684.22506,62907,3782.900,128887792.57731,0
1625622300000,34146.30,34220.00,34085.08,34218.25,2401.794,1625623199999,82017653.13580,27184,1344.023,45899292.86179,0
1625623200000,34218.24,34233.00,34032.93,34075.96,2775.480,1625624099999,94709642.25480,30449,1316.890,44936887.83603,0
1625624100000,34076.02,34115.79,34000.90,34062.30,2736.813,1625624999999,93187707.80969,29981,1398.701,47628810.77981,0
1625625000000,34062.31,34140.00,34038.00,34133.09,2003.983,1625625899999,68321752.70665,22242,1046.276,35672703.57178,0
1625625900000,34133.09,34290.00,34086.00,34268.46,3384.775,1625626799999,115701787.82558,31145,1913.838,65430031.88546,0
1625626800000,34268.46,34320.00,34180.01,34297.32,4416.736,1625627699999,151268234.86915,39791,2251.257,77110511.82063,0
1625627700000,34297.41,34386.53,34225.98,34321.26,4313.431,1625628599999,148040279.76846,40110,2172.952,74581013.44188,0
1625628600000,34321.27,34570.46,34321.26,34402.78,8321.491,1625629499999,286559012.84815,66279,4582.374,157826688.09274,0
1625629500000,34402.79,34478.00,34338.84,34434.87,3274.668,1625630399999,112671613.81143,32801,1813.429,62401386.59556,0
1625630400000,34434.87,34477.00,34362.01,34400.01,3679.994,1625631299999,126680512.42080,35863,1654.404,56955782.58440,0
1625631300000,34400.00,34638.51,34391.00,34556.61,7585.881,1625632199999,262079596.73418,64347,4155.876,143581561.19010,0
1625632200000,34556.61,34689.99,34553.70,34640.89,5727.108,1625633099999,198207629.76416,51533,3187.581,110330169.38622,0
1625633100000,34640.90,34793.07,34640.89,34682.83,6174.200,1625633999999,214296846.23218,55173,3257.274,113067709.06612,0
1625634000000,34682.30,34769.69,34550.00,34655.00,6898.573,1625634899999,239147089.88608,55850,3037.088,105298717.93829,0
1625634900000,34655.00,34869.67,34655.00,34806.45,7064.952,1625635799999,245676411.11062,55244,3941.695,137073648.78699,0
1625635800000,34806.44,34838.88,34700.00,34710.00,4081.719,1625636699999,141878150.03240,38629,1719.267,59765144.15394,0
1625636700000,34710.00,34885.80,34705.17,34796.05,5096.066,1625637599999,177412613.30533,42463,2624.336,91360117.78399,0
1625637600000,34796.05,34881.99,34726.68,34734.92,4780.504,1625638499999,166407656.53848,40361,1992.718,69375901.31307,0
1625638500000,34734.92,34777.59,34623.00,34722.40,6181.629,1625639399999,214568604.16025,51677,2768.305,96106296.46466,0
1625639400000,34722.40,34788.00,34703.05,34750.00,3246.171,1625640299999,112824556.59849,30945,1909.741,66381274.46558,0
1625640300000,34750.00,34788.00,34650.00,34720.29,3719.237,1625641199999,129152044.36141,32719,1812.248,62942190.68774,0
1625641200000,34720.29,34787.00,34720.29,34751.04,2771.199,1625642099999,96338039.03881,26882,1399.050,48635722.56982,0
1625642100000,34751.04,34830.00,34700.00,34775.00,4308.894,1625642999999,149810797.28478,34823,2364.669,82225774.89502,0
1625643000000,34775.00,34827.22,34740.00,34797.78,3405.790,1625643899999,118503818.96336,31787,1841.422,64073805.54996,0
1625643900000,34797.78,34905.00,34530.00,34699.66,11876.227,1625644799999,412279543.64221,93314,6028.648,209355778.10537,0
1625644800000,34699.66,34950.00,34650.71,34816.56,11725.412,1625645699999,408305742.93468,93893,6151.347,214227124.61500,0
1625645700000,34816.55,34850.00,34712.00,34783.79,4519.426,1625646599999,157164651.77640,39091,2350.359,81738080.18941,0
1625646600000,34781.28,34823.00,34720.00,34755.35,2999.268,1625647499999,104296842.53147,28025,1527.611,53120208.05337,0
1625647500000,34755.35,34828.33,34755.35,34786.63,2334.531,1625648399999,81244107.72166,23334,1188.766,41370358.01112,0
1625648400000,34786.62,34859.43,34668.00,34677.81,4339.786,1625649299999,150837062.97517,41697,1922.051,66823914.96267,0
1625649300000,34679.55,34758.28,34650.00,34723.72,4125.273,1625650199999,143142290.92289,39367,2066.901,71724300.15415,0
1625650200000,34723.71,34838.00,34719.60,34785.75,3669.261,1625651099999,127640092.94792,29856,2046.878,71203840.00366,0
1625651100000,34785.75,34785.75,34650.00,34692.64,4182.937,1625651999999,145191639.82165,35554,1851.329,64262614.28729,0
1625652000000,34692.65,34710.00,34447.60,34602.01,10676.149,1625652899999,369040859.49096,87106,4724.525,163325494.16414,0
1625652900000,34602.01,34650.00,34560.05,34567.82,4364.028,1625653799999,151049907.64407,41471,2150.087,74425388.42304,0
1625653800000,34567.82,34728.00,34563.00,34599.99,5039.906,1625654699999,174616531.97546,44705,2676.809,92752023.78307,0
1625654700000,34600.00,34660.00,34590.00,34610.13,2399.774,1625655599999,83081732.59431,25905,1268.854,43928809.65382,0
1625655600000,34610.14,34920.00,34563.61,34843.22,10509.255,1625656499999,365462927.97016,80724,6077.917,211341232.56122,0
1625656500000,34843.23,34919.45,34770.00,34866.25,6222.808,1625657399999,216797897.14488,51711,3259.189,113554145.32563,0
1625657400000,34866.25,34988.88,34768.00,34821.39,7726.708,1625658299999,269538921.19885,67322,3795.314,132432141.93586,0
1625658300000,34821.40,34848.89,34749.00,34824.32,3652.609,1625659199999,127165032.75531,31597,1745.588,60781878.24876,0
1625659200000,34823.82,34960.00,34751.45,34929.50,6795.014,1625660099999,237068892.97369,56297,3713.869,129579626.05569,0
1625660100000,34929.84,34989.57,34841.94,34860.01,4581.127,1625660999999,159858718.56986,40145,2247.077,78427558.24360,0
1625661000000,34860.00,35089.56,34741.00,34756.62,13142.382,1625661899999,458580925.25475,101839,7030.883,245437330.49348,0
1625661900000,34756.62,34846.93,34700.00,34836.97,6733.811,1625662799999,234184202.34443,55629,3545.822,123331163.56574,0
1625662800000,34836.97,34859.99,34640.00,34750.01,7829.234,1625663699999,272042913.33023,63558,3400.422,118162769.42960,0
1625663700000,34750.01,34750.02,34608.17,34724.59,4690.326,1625664599999,162717132.13057,39593,2039.155,70755596.54055,0
1625664600000,34724.59,34761.37,34700.33,34714.17,2391.601,1625665499999,83064202.27280,24753,1214.085,42167062.11083,0
1625665500000,34712.67,34850.64,34711.31,34800.01,3835.458,1625666399999,133412540.19891,33023,2370.210,82452042.45483,0
1625666400000,34800.02,34865.29,34725.00,34750.09,3368.063,1625667299999,117186308.38616,33155,1521.365,52938244.31878,0
1625667300000,34750.08,34809.27,34700.00,34706.60,2582.148,1625668199999,89742859.05500,26855,1197.567,41625161.76111,0
1625668200000,34706.60,34740.00,34520.00,34568.51,7922.434,1625669099999,274453972.47423,66363,3452.315,119634543.59264,0
1625669100000,34566.36,34657.75,34560.00,34614.52,5385.992,1625669999999,186394981.37187,49054,2863.069,99086305.83513,0
1625670000000,34614.49,34685.00,34600.00,34646.75,3679.327,1625670899999,127477084.60554,34569,1894.449,65640480.17047,0
1625670900000,34644.76,34646.53,34550.00,34576.81,4012.687,1625671799999,138795342.57724,36100,1810.433,62625430.84548,0
1625671800000,34576.82,34613.42,34462.88,34550.00,5649.893,1625672699999,195225726.58007,51463,2603.665,89987083.58125,0
1625672700000,34550.01,34624.00,34480.00,34534.90,4452.706,1625673599999,153803550.99718,41076,2331.935,80549345.77288,0
1625673600000,34534.89,34575.99,34406.41,34531.01,6867.158,1625674499999,236915217.15312,58572,3217.434,111022145.88198,0
1625674500000,34531.01,34595.37,34510.33,34567.34,3828.070,1625675399999,132304931.21570,33094,2307.865,79760390.50193,0
1625675400000,34567.35,34615.00,34520.00,34610.00,2974.544,1625676299999,102857628.01841,29395,1624.456,56177498.36402,0
1625676300000,34609.99,34610.00,34530.99,34565.13,2051.296,1625677199999,70900493.39877,20661,980.333,33884574.18848,0
1625677200000,34565.13,34582.09,34505.52,34572.78,2292.754,1625678099999,79189877.83275,23670,1028.023,35510937.44756,0
1625678100000,34572.77,34572.78,34470.00,34482.60,2567.099,1625678999999,88590087.12360,24597,1060.918,36609802.32687,0
1625679000000,34482.60,34539.99,34450.00,34521.61,2140.603,1625679899999,73844806.24612,23532,1092.091,37675995.12645,0
1625679900000,34521.60,34680.00,34509.79,34612.85,4225.433,1625680799999,146273878.66308,37056,2368.351,81983747.59300,0
1625680800000,34613.75,34770.00,34534.61,34706.49,6786.375,1625681699999,235435714.01104,55843,3784.764,131318516.23942,0
1625681700000,34706.50,34720.15,34660.00,34696.69,2325.995,1625682599999,80677353.16255,22364,1140.578,39562058.01054,0
1625682600000,34696.70,34719.00,34670.00,34687.84,1388.776,1625683499999,48178761.70475,16608,794.829,27574758.83078,0
1625683500000,34687.84,34703.88,34651.00,34662.00,1547.854,1625684399999,53677045.52458,17904,692.081,24001161.03609,0
1625684400000,34662.01,34720.00,34607.01,34637.24,3201.725,1625685299999,110959723.08231,28044,1553.229,53831426.81552,0
1625685300000,34637.24,34642.32,34522.97,34578.56,2736.375,1625686199999,94628401.52169,27944,1211.275,41890979.04652,0
1625686200000,34578.56,34634.00,34548.79,34615.88,1671.161,1625687099999,57806365.24949,19572,1003.783,34723334.74185,0
1625687100000,34615.88,34684.29,34575.88,34610.55,1972.313,1625687999999,68301725.91132,21635,934.512,32364482.33126,0
1625688000000,34610.56,34610.56,34527.89,34565.18,2135.173,1625688899999,73794342.51748,23283,1072.567,37069900.67142,0
1625688900000,34565.81,34610.00,34549.90,34564.16,1222.159,1625689799999,42259876.11675,15745,602.940,20849048.11516,0
1625689800000,34564.15,34564.16,34470.37,34475.38,2908.651,1625690699999,100362852.05196,28086,1196.517,41287189.58224,0
1625690700000,34475.38,34566.73,34465.54,34523.19,2250.175,1625691599999,77672491.75669,21872,1375.551,47480554.01877,0
1625691600000,34523.18,34523.18,34461.00,34484.53,1762.479,1625692499999,60779193.67773,22338,756.636,26092321.78742,0
1625692500000,34484.08,34499.90,34088.00,34294.19,11658.511,1625693399999,399749342.54805,95971,4179.435,143324515.87965,0
1625693400000,34294.19,34296.24,34088.00,34156.00,6677.731,1625694299999,228277817.14680,61141,3146.787,107585836.74713,0
1625694300000,34156.58,34248.58,34156.58,34225.06,3146.826,1625695199999,107679305.82786,30924,1729.438,59180780.31216,0
1625695200000,34225.06,34284.15,34135.64,34166.94,3930.264,1625696099999,134419880.89031,31839,1844.244,63089888.72174,0
1625696100000,34165.30,34263.59,34050.87,34241.67,5685.095,1625696999999,194133273.44540,47026,2964.030,101248827.25072,0
1625697000000,34243.39,34257.09,34140.01,34215.72,2796.517,1625697899999,95620154.10045,27051,1475.666,50461649.67078,0
1625697900000,34215.72,34215.72,34090.08,34154.99,2907.187,1625698799999,99238251.63845,28563,1465.425,50025852.07262,0
1625698800000,34155.00,34155.00,33839.84,33901.62,10948.363,1625699699999,371781528.46801,88526,4354.316,147859896.09287,0
1625699700000,33901.62,34099.88,33883.00,33962.68,6648.446,1625700599999,226104096.04890,52915,3822.744,130003073.30514,0
1625700600000,33962.67,33974.27,33800.00,33847.66,7776.845,1625701499999,263503947.60689,63790,3761.325,127479157.60491,0
1625701500000,33847.66,33938.76,33756.48,33845.64,5322.296,1625702399999,180104209.81601,47690,2668.422,90321300.63492,0
1625702400000,33845.63,33910.00,33705.00,33726.10,9298.666,1625703299999,314271093.24738,74086,4291.211,145060312.37390,0
1625703300000,33726.10,33740.00,33250.00,33358.16,21050.931,1625704199999,705222409.08557,166774,8340.886,279456334.73766,0
1625704200000,33357.16,33365.00,33055.00,33209.11,20404.437,1625705099999,677182831.44230,148616,10312.772,342301885.28192,0
1625705100000,33211.14,33319.50,33170.00,33180.44,7073.198,1625705999999,235178524.16563,52870,3848.606,128000791.14178,0
1625706000000,33180.43,33423.81,33150.00,33392.76,8825.506,1625706899999,294116353.61015,65881,5429.352,180952751.46572,0
1625706900000,33392.76,33396.68,33240.07,33298.45,5868.965,1625707799999,195527837.70674,45945,2676.047,89161800.95368,0
1625707800000,33298.44,33380.00,33223.01,33278.77,4415.280,1625708699999,147039797.67220,38463,2250.363,74952092.16983,0
1625708700000,33278.77,33356.85,33252.64,33278.93,3473.740,1625709599999,115687728.60444,28601,1950.764,64969248.50287,0
1625709600000,33278.94,33390.00,33250.00,33388.78,3132.200,1625710499999,104392758.86557,28975,1685.164,56171309.84938,0
1625710500000,33388.78,33388.78,33300.15,33324.82,2305.470,1625711399999,76846232.27638,23371,1192.848,39758312.07503,0
1625711400000,33324.83,33339.98,33260.10,33270.87,2824.946,1625712299999,94037225.73816,25533,1280.905,42640243.54525,0
1625712300000,33270.86,33350.00,33270.86,33349.62,2456.531,1625713199999,81862501.43156,20836,1326.925,44216958.65083,0
1625713200000,33349.63,33350.00,33046.70,33162.01,9901.137,1625714099999,328391498.05229,77081,4361.410,144647521.45311,0
1625714100000,33162.02,33290.00,33109.81,33187.90,6036.706,1625714999999,200451697.19524,52921,3192.164,105997704.36103,0
1625715000000,33187.89,33420.00,33180.82,33346.43,7189.622,1625715899999,239674084.61569,57809,3910.294,130351496.11176,0
1625715900000,33346.42,33386.51,33275.66,33283.20,3166.846,1625716799999,105524172.99390,29099,1604.430,53466824.37586,0
1625716800000,33282.69,33282.69,33130.00,33204.93,5636.219,1625717699999,187171510.22071,47009,2745.528,91177765.08743,0
1625717700000,33204.93,33255.00,33150.53,33166.24,3436.570,1625718599999,114096433.10457,30599,1683.191,55887228.65717,0
1625718600000,33166.23,33248.93,33160.72,33187.44,2764.029,1625719499999,91773336.84280,27268,1389.673,46141589.36682,0
1625719500000,33187.44,33343.13,33150.00,33274.18,5825.018,1625720399999,193807872.07018,44032,3230.841,107490466.05015,0
1625720400000,33274.17,33318.00,33220.26,33246.98,2681.475,1625721299999,89231427.33069,25978,1257.618,41853526.95893,0
1625721300000,33246.98,33268.67,33164.00,33210.59,3400.489,1625722199999,112905336.29818,31340,1770.269,58777866.54124,0
1625722200000,33210.58,33245.33,33120.00,33141.23,3971.305,1625723099999,131756551.41803,34004,1753.955,58200785.95919,0
1625723100000,33141.23,33235.49,32729.55,32839.16,13092.297,1625723999999,432278553.82211,99644,4238.267,140177237.40934,0
1625724000000,32839.17,33380.00,32825.80,33345.00,20132.219,1625724899999,667604283.19657,147403,11255.248,373192387.03384,0
1625724900000,33345.00,33483.81,33281.13,33295.00,10379.061,1625725799999,346423389.27087,79234,5157.032,172172211.01221,0
1625725800000,33295.00,33341.21,33063.64,33088.02,9795.752,1625726699999,325181198.72158,70790,4280.630,142131096.45258,0
1625726700000,33088.02,33186.78,33041.44,33086.16,6091.591,1625727599999,201794532.38746,53246,3212.290,106429221.08703,0
1625727600000,33085.39,33244.79,33082.77,33219.87,4477.756,1625728499999,148503756.97299,39999,2632.626,87310880.08817,0
1625728500000,33219.87,33253.26,33010.04,33033.69,6062.753,1625729399999,200801472.27122,46358,2745.203,90956261.48774,0
1625729400000,33032.15,33033.05,32321.12,32547.13,37063.825,1625730299999,1210782315.93210,241967,15394.110,502933767.08696,0
1625730300000,32548.49,32548.62,32216.00,32476.39,17207.081,1625731199999,557977965.45054,130971,8162.483,264794358.14078,0
1625731200000,32473.66,32531.20,32207.00,32329.44,15172.984,1625732099999,491199136.61311,123556,7442.087,241001839.69903,0
1625732100000,32328.18,32500.00,32327.22,32379.99,10706.059,1625732999999,347169116.38495,76820,6211.257,201423437.64708,0
1625733000000,32380.00,32473.18,32272.84,32419.55,6876.483,1625733899999,222658323.22527,54968,3446.316,111618135.31825,0
1625733900000,32419.55,32596.62,32357.40,32541.37,7593.417,1625734799999,246650436.15059,59230,4595.954,149295505.89279,0
1625734800000,32541.37,32678.00,32415.77,32434.23,10918.887,1625735699999,355575069.25298,89875,5261.396,171382423.94094,0
1625735700000,32434.23,32550.00,32383.00,32492.00,5617.148,1625736599999,182443367.69004,48400,3027.742,98349443.74621,0
1625736600000,32492.01,32628.00,32480.86,32546.73,4950.983,1625737499999,161273341.67158,43870,2372.462,77279241.83876,0
1625737500000,32546.34,32618.72,32470.05,32536.82,3538.373,1625738399999,115151183.03581,36030,1875.428,61038360.61555,0
1625738400000,32536.08,32599.00,32470.00,32592.97,5780.307,1625739299999,188055252.27212,46961,2743.835,89278173.77599,0
1625739300000,32592.97,32650.00,32540.00,32621.19,3520.334,1625740199999,114785733.44754,35845,1919.867,62602153.65690,0
1625740200000,32621.18,32728.00,32575.00,32630.50,5328.189,1625741099999,173931667.70545,43684,2937.494,95907873.39994,0
1625741100000,32630.50,32650.00,32420.00,32455.21,6508.746,1625741999999,211717573.12974,57479,2843.626,92500173.77028,0
1625742000000,32457.13,32467.72,32066.00,32297.58,20757.972,1625742899999,669271893.47328,161576,9427.941,303935496.76397,0
1625742900000,32297.82,32550.00,32292.77,32476.47,9292.772,1625743799999,301442607.48917,76369,5111.009,165781199.44150,0
1625743800000,32476.46,32600.00,32456.01,32558.29,5691.157,1625744699999,185175085.35128,52603,3054.216,99381726.57374,0
1625744700000,32559.82,32717.00,32487.00,32667.58,6336.904,1625745599999,206540085.57646,56088,3597.746,117294116.71818,0
1625745600000,32667.17,32667.59,32470.00,32560.00,7447.744,1625746499999,242478128.27087,54810,3164.795,103036104.98878,0
1625746500000,32559.99,32650.00,32540.99,32647.02,4898.403,1625747399999,159742429.44158,44630,2700.333,88065343.03433,0
1625747400000,32647.01,32968.00,32624.20,32786.00,19787.197,1625748299999,649999118.43427,138920,11016.268,361826403.47285,0
1625748300000,32785.99,32788.16,32512.99,32583.38,10602.989,1625749199999,346036751.82997,76353,4917.077,160456896.76191,0
1625749200000,32583.38,32633.77,32449.00,32600.71,7552.884,1625750099999,245841118.74555,56465,3964.737,129080293.29281,0
1625750100000,32600.79,32642.00,32485.00,32535.66,4976.710,1625750999999,161974042.59480,39111,2425.650,78949789.23992,0
1625751000000,32535.65,32574.28,32328.00,32363.44,8451.690,1625751899999,274122614.47650,65129,3989.189,129420055.26837,0
1625751900000,32363.45,32550.00,32326.00,32483.74,5433.104,1625752799999,176346751.04273,45838,3180.830,103247797.43443,0
1625752800000,32483.80,32650.00,32450.99,32592.14,6131.584,1625753699999,199817403.84618,51649,3273.870,106681666.80493,0
1625753700000,32588.49,32666.00,32475.00,32609.89,4978.144,1625754599999,162118121.42794,44492,2428.179,79096809.98885,0
1625754600000,32609.89,32749.00,32542.28,32665.51,5670.604,1625755499999,185103899.70929,49162,3113.213,101639748.11055,0
1625755500000,32662.51,32779.00,32571.00,32737.97,6631.557,1625756399999,216770430.34972,53948,3514.466,114877631.18676,0
1625756400000,32737.96,32850.00,32671.89,32787.79,6815.043,1625757299999,223233654.97811,54696,3648.261,119519005.93248,0
1625757300000,32787.79,32900.00,32755.63,32830.80,6421.610,1625758199999,210823409.11226,53296,3582.323,117614993.57643,0
1625758200000,32830.79,32850.00,32730.00,32784.73,5563.707,1625759099999,182357210.93108,47757,2397.395,78585551.24073,0
1625759100000,32784.73,32900.00,32718.34,32874.95,6029.788,1625759999999,197940484.25857,51182,3211.288,105431800.81798,0
1625760000000,32874.95,32940.87,32742.00,32782.13,7983.907,1625760899999,262057972.75382,60795,4080.246,133940322.62159,0
1625760900000,32782.12,32814.54,32733.37,32789.91,3292.626,1625761799999,107908318.53534,29199,1483.838,48630487.09098,0
1625761800000,32789.91,32858.79,32620.00,32644.86,5281.585,1625762699999,172944821.00389,44594,2172.888,71181117.73197,0
1625762700000,32645.00,32916.94,32638.45,32879.04,6915.356,1625763599999,226881215.56840,52901,3905.191,128114243.90556,0
1625763600000,32879.03,33000.00,32770.00,32781.51,8066.952,1625764499999,265324997.28640,62961,4128.704,135839527.53762,0
1625764500000,32781.51,32866.60,32762.00,32839.47,2822.559,1625765399999,92602407.02280,28231,1461.953,47967439.01834,0
1625765400000,32839.48,32949.30,32813.75,32902.85,3543.537,1625766299999,116603404.68561,31622,1774.545,58392359.46997,0
1625766300000,32903.00,32969.35,32811.36,32835.36,4151.200,1625767199999,136534498.40678,34064,1886.163,62045033.08879,0
1625767200000,32835.37,32915.00,32773.06,32794.01,3606.848,1625768099999,118387682.21973,32204,1869.246,61360563.68774,0
1625768100000,32794.00,32837.92,32728.01,32777.86,3278.821,1625768999999,107447620.89991,31006,1437.472,47109627.22256,0
1625769000000,32779.05,32842.88,32743.00,32820.87,2450.437,1625769899999,80365851.41295,25508,1422.427,46653793.19333,0
1625769900000,32820.86,32843.05,32749.21,32816.00,1791.066,1625770799999,58757437.08620,20385,861.219,28253349.89888,0
1625770800000,32816.01,32849.99,32697.25,32724.99,2653.984,1625771699999,86980415.70891,26706,1079.835,35396488.18514,0
1625771700000,32724.72,32920.90,32625.00,32899.78,7527.671,1625772599999,246612053.29410,56876,4047.682,132647085.15947,0
1625772600000,32900.00,32970.00,32845.00,32887.99,5076.374,1625773499999,167060875.20574,43682,2548.868,83891698.24744,0
1625773500000,32887.99,33195.00,32780.00,32984.99,11552.620,1625774399999,381220112.05570,85483,6615.610,218402384.92872,0
1625774400000,32984.99,33058.71,32908.04,32953.72,4751.322,1625775299999,156696976.53598,39745,2620.654,86445150.79481,0
1625775300000,32953.71,32958.00,32851.54,32851.55,2824.744,1625776199999,92923995.87689,28372,1235.105,40630657.45787,0
1625776200000,32851.55,32911.64,32811.00,32832.91,2191.210,1625777099999,71988497.05934,21974,1098.004,36077699.23963,0
1625777100000,32832.91,32853.71,32750.00,32781.02,2411.680,1625777999999,79108688.81758,25998,1072.673,35191693.93064,0
1625778000000,32781.03,32899.70,32775.54,32868.30,2363.470,1625778899999,77638238.86857,26427,1310.906,43064125.13475,0
1625778900000,32868.30,32894.94,32743.05,32891.53,3012.905,1625779799999,98927780.36516,30068,1361.918,44714139.16974,0
1625779800000,32889.83,32929.70,32841.70,32882.61,1857.390,1625780699999,61077018.54347,24027,896.989,29498140.81823,0
1625780700000,32882.08,32904.98,32666.55,32685.00,3915.125,1625781599999,128229325.02305,40466,1847.113,60500042.89273,0
1625781600000,32685.00,32811.16,32533.40,32599.89,6646.324,1625782499999,216997082.46809,59343,2973.873,97136981.79055,0
1625782500000,32599.89,32649.00,32520.00,32540.76,4868.190,1625783399999,158626585.41644,37849,2413.919,78673467.32584,0
1625783400000,32540.76,32629.89,32500.00,32550.25,4299.830,1625784299999,139980094.98713,37058,1926.264,62718386.57624,0
1625784300000,32550.25,32628.29,32519.11,32546.28,2491.353,1625785199999,81180226.31150,24168,1219.485,39741226.18271,0
1625785200000,32546.28,32690.49,32546.27,32685.99,2575.494,1625786099999,84025659.45398,26869,1542.518,50328073.33477,0
1625786100000,32686.00,32865.83,32642.82,32787.30,4391.666,1625786999999,143902075.17821,40675,2488.614,81547976.19528,0
1625787000000,32787.30,32840.00,32724.41,32821.11,2871.414,1625787899999,94130604.96240,26750,1558.226,51087727.64772,0
1625787900000,32821.11,32880.00,32790.73,32852.04,3424.910,1625788799999,112452425.67445,26998,1859.492,61058159.09288,0
1625788800000,32855.00,32875.21,32567.87,32692.75,8210.174,1625789699999,268487572.86989,58527,3622.173,118418074.61206,0
1625789700000,32692.75,32854.98,32597.00,32695.39,6418.082,1625790599999,210081180.11266,51972,3350.927,109671944.08405,0
1625790600000,32695.39,32720.00,32400.00,32433.76,7805.794,1625791499999,254000829.80316,60466,3333.454,108510254.31624,0
1625791500000,32434.39,32511.12,32354.00,32374.97,6508.185,1625792399999,210956792.33541,52065,3279.433,106320542.23299,0
1625792400000,32374.96,32469.00,32250.00,32320.86,8354.336,1625793299999,270297923.06366,64116,3781.554,122391383.05794,0
1625793300000,32321.28,32569.61,32315.26,32520.00,6232.024,1625794199999,202300154.46973,45630,3637.349,118067713.31986,0
1625794200000,32520.00,32636.10,32464.93,32507.54,5049.489,1625795099999,164410780.25896,41672,2693.650,87721737.78236,0
1625795100000,32507.53,32723.00,32447.48,32656.43,5287.041,1625795999999,172286531.24200,42167,3039.207,99047971.47101,0
1625796000000,32656.44,32709.19,32588.85,32673.66,3125.436,1625796899999,102054168.44028,28455,1682.828,54951274.46422,0
1625796900000,32673.66,32938.99,32673.65,32825.01,7515.658,1625797799999,246538434.83200,59907,4454.736,146137246.57712,0
1625797800000,32825.01,32868.00,32750.00,32820.92,4403.540,1625798699999,144438457.00440,38027,2135.084,70039262.34296,0
1625798700000,32820.91,32999.00,32775.00,32922.57,5954.348,1625799599999,195928946.89798,48290,3708.713,122050032.10981,0
1625799600000,32922.58,33077.77,32875.84,32954.43,6681.141,1625800499999,220431990.18783,58814,3593.992,118590962.46363,0
1625800500000,32954.99,33045.64,32930.00,33017.16,3147.455,1625801399999,103801589.87955,31187,1675.714,55267542.12858,0
1625801400000,33017.57,33070.00,32921.78,32950.02,3558.107,1625802299999,117306700.61330,32518,1810.681,59700687.39295,0
1625802300000,32950.02,33000.00,32668.69,32923.14,11496.195,1625803199999,377758009.76350,74097,5023.840,165143511.05784,0
1625803200000,32923.15,33113.00,32870.00,33048.17,5312.630,1625804099999,175390907.48397,52030,3021.820,99780463.28220,0
1625804100000,33048.17,33121.00,32980.00,32986.91,4088.998,1625804999999,135086886.84562,38011,2004.416,66230255.74327,0
1625805000000,32986.91,33014.26,32906.32,32943.87,2871.199,1625805899999,94615949.42687,29604,1340.475,44176525.00029,0
1625805900000,32943.86,33043.13,32906.48,33004.13,2841.995,1625806799999,93753103.21025,28273,1544.349,50944666.92327,0
1625806800000,33004.93,33100.00,32980.97,33099.59,3502.256,1625807699999,115823638.23136,33343,1920.121,63504722.29630,0
1625807700000,33099.59,33300.00,33060.58,33083.21,9466.205,1625808599999,313991670.32321,74802,5487.273,182075278.09620,0
1625808600000,33083.22,33146.80,32997.28,33063.90,5331.287,1625809499999,176243022.97963,44609,2640.173,87287724.65150,0
1625809500000,33063.91,33063.91,32934.54,32969.20,5058.416,1625810399999,166860494.27763,40804,2266.659,74775963.39927,0
1625810400000,32969.65,33026.00,32832.00,32920.27,6251.952,1625811299999,205888680.27729,54517,2924.535,96325712.44867,0
1625811300000,32920.27,33022.95,32818.00,32820.15,4090.925,1625812199999,134666092.21530,35855,1803.288,59378218.15762,0
1625812200000,32820.15,32906.85,32720.00,32840.47,6204.653,1625813099999,203626878.49015,49721,3104.145,101896102.20834,0
1625813100000,32840.47,32930.00,32803.60,32850.00,3886.465,1625813999999,127769174.36036,34985,2109.552,69355245.14001,0
1625814000000,32850.00,32886.29,32771.76,32772.75,3223.897,1625814899999,105840980.44056,28930,1558.022,51154755.97341,0
1625814900000,32772.51,32890.00,32752.00,32878.48,3456.735,1625815799999,113455385.31100,31331,1942.733,63764420.31458,0
1625815800000,32878.49,32916.12,32781.17,32903.47,3537.045,1625816699999,116181257.45914,29750,1845.027,60612805.57975,0
1625816700000,32903.47,32910.00,32815.00,32878.87,2648.585,1625817599999,87014067.93900,23954,1298.613,42662926.06043,0
1625817600000,32878.58,32880.55,32636.00,32691.09,8143.544,1625818499999,266567627.29287,67473,3920.808,128356999.34837,0
1625818500000,32691.09,32760.30,32588.00,32736.60,5824.013,1625819399999,190227368.04399,50096,3011.106,98367416.56589,0
1625819400000,32736.59,32850.00,32718.01,32724.99,5045.277,1625820299999,165426240.11145,43305,2516.550,82521893.68100,0
1625820300000,32724.99,32898.41,32700.00,32783.62,5367.877,1625821199999,176212712.49167,42413,3150.974,103451268.39596,0
1625821200000,32783.62,32878.96,32755.77,32858.99,3370.743,1625822099999,110634489.31518,31504,1836.401,60278323.82037,0
1625822100000,32858.99,32993.72,32808.96,32955.01,4979.996,1625822999999,163921289.78663,43927,2780.460,91521438.13754,0
1625823000000,32955.01,33044.04,32848.68,32879.75,6464.754,1625823899999,212951684.05170,51285,3057.058,100732744.94574,0
1625823900000,32879.79,32947.26,32851.74,32891.29,3050.993,1625824799999,100386156.26577,27364,1739.319,57231523.71422,0
1625824800000,32891.29,32969.56,32775.40,32898.28,6110.659,1625825699999,200868699.44195,46353,3115.120,102406084.77606,0
1625825700000,32898.26,32992.11,32881.00,32906.02,3396.179,1625826599999,111875040.02380,32194,1697.739,55930086.29567,0
1625826600000,32906.03,32934.77,32840.00,32852.00,2970.194,1625827499999,97641668.98693,28854,1503.144,49417090.70503,0
1625827500000,32852.00,32897.00,32788.59,32871.41,3231.972,1625828399999,106109612.96808,30181,1632.163,53591025.11865,0
1625828400000,32871.40,32876.21,32707.88,32805.25,4228.888,1625829299999,138606406.94160,39295,1907.488,62520757.84557,0
1625829300000,32805.25,32824.98,32661.19,32673.69,4496.689,1625830199999,147207411.65982,38752,1975.777,64686092.37357,0
1625830200000,32673.69,32775.00,32668.00,32760.78,3043.476,1625831099999,99586131.51444,29487,1693.772,55425899.79782,0
1625831100000,32760.78,32798.60,32710.00,32751.07,2898.566,1625831999999,94957732.18859,26407,1486.464,48701805.17588,0
1625832000000,32751.07,32833.96,32628.97,32700.05,6209.650,1625832899999,203079896.85080,52433,3099.208,101378309.11186,0
1625832900000,32700.04,32759.60,32615.10,32743.17,3854.422,1625833799999,125989122.34573,36162,1942.047,63491050.44206,0
1625833800000,32743.17,32900.00,32711.00,32879.50,6877.726,1625834699999,225668524.22858,52922,4032.634,132334765.93075,0
1625834700000,32879.50,32975.00,32839.50,32969.49,7891.382,1625835599999,259782483.03027,60422,3937.653,129629595.02932,0
1625835600000,32969.49,33272.77,32930.00,33180.01,15659.338,1625836499999,518491801.74345,122202,8952.363,296449583.24809,0
1625836500000,33180.01,33267.78,33073.33,33256.76,8564.142,1625837399999,283924011.90351,71949,4433.009,146993157.40999,0
1625837400000,33256.76,33500.00,33251.00,33373.87,20617.868,1625838299999,688152231.11675,151804,12108.378,404211667.65002,0
1625838300000,33373.86,33428.00,33279.15,33399.47,6642.069,1625839199999,221429037.25916,58203,3189.956,106360154.89291,0
1625839200000,33399.47,33444.00,33305.80,33382.63,4771.480,1625840099999,159143699.12463,45425,2398.482,80005518.82036,0
1625840100000,33382.63,33700.00,33328.00,33452.45,14659.464,1625840999999,491602012.57253,117221,8504.565,285221223.49462,0
1625841000000,33451.35,33525.00,33392.01,33437.90,6258.910,1625841899999,209313542.04670,53517,3039.199,101650278.24728,0
1625841900000,33437.89,33619.32,33415.35,33507.46,6914.363,1625842799999,231771996.97919,59316,3463.820,116118238.82214,0
1625842800000,33507.46,33606.48,33470.00,33587.80,5615.410,1625843699999,188293854.55809,48986,2958.756,99224750.00032,0
1625843700000,33587.81,33628.89,33520.32,33546.18,3818.359,1625844599999,128145271.66454,34916,1678.959,56354285.06503,0
1625844600000,33546.18,33567.00,33458.75,33519.39,4520.380,1625845499999,151455885.52454,39451,2098.978,70328235.36507,0
1625845500000,33519.39,33649.40,33492.83,33537.49,4706.342,1625846399999,157965421.35068,42091,2497.890,83847557.35076,0
1625846400000,33537.49,33675.77,33459.00,33486.44,9292.297,1625847299999,311830493.31418,72148,4619.619,155035841.06545,0
1625847300000,33486.43,33535.00,33420.00,33503.77,3890.248,1625848199999,130249166.50127,37758,1878.794,62910205.29725,0
1625848200000,33503.78,33579.22,33481.31,33510.04,3517.963,1625849099999,118003918.74284,31821,1821.768,61114512.17758,0
1625849100000,33510.71,33555.55,33496.49,33515.05,2408.223,1625849999999,80712163.22609,22228,1176.254,39425867.33738,0
1625850000000,33515.92,33522.00,33405.64,33495.08,4057.854,1625850899999,135790285.93063,33643,1808.726,60537665.83950,0
1625850900000,33495.09,33552.40,33468.48,33496.53,2327.130,1625851799999,77966072.43107,24561,1167.514,39119832.68593,0
1625851800000,33495.00,33514.30,33407.43,33432.00,2659.234,1625852699999,88957189.36929,27653,1239.267,41456926.36864,0
1625852700000,33431.99,33515.00,33431.99,33464.60,1877.857,1625853599999,62845851.76066,20252,1035.141,34643823.29574,0
1625853600000,33464.60,33480.00,33351.00,33352.00,3275.650,1625854499999,109444874.08511,31533,1232.449,41189245.93342,0
1625854500000,33353.36,33434.70,33322.00,33390.01,3260.027,1625855399999,108837399.96079,29469,1522.058,50823317.66175,0
1625855400000,33390.01,33439.46,33390.00,33412.64,1704.361,1625856299999,56959584.38445,18625,1017.281,33997577.38762,0
1625856300000,33412.65,33412.65,33333.00,33365.48,2616.864,1625857199999,87314677.20338,24888,1141.759,38100066.74187,0
1625857200000,33365.47,33406.97,33254.26,33376.91,4515.170,1625858099999,150493725.51806,38213,2091.276,69724038.16808,0
1625858100000,33376.92,33467.87,33376.91,33386.62,3171.892,1625858999999,106006516.61608,28763,1834.221,61301393.16069,0
1625859000000,33386.62,33402.74,33316.00,33354.35,1947.418,1625859899999,64955261.97325,20808,912.092,30422228.93592,0
1625859900000,33354.34,33439.45,33322.87,33420.44,1978.745,1625860799999,66081834.66940,21157,1128.834,37698316.60826,0
1625860800000,33420.44,33471.17,33366.00,33373.81,2432.213,1625861699999,81283585.75436,23472,1213.581,40562394.25883,0
1625861700000,33373.81,33445.95,33358.00,33392.66,1534.425,1625862599999,51248228.02333,18394,862.216,28797773.53818,0
1625862600000,33391.55,33526.72,33390.15,33456.09,2566.278,1625863499999,85901111.08419,27773,1394.054,46663178.97875,0
1625863500000,33456.09,33533.36,33436.59,33501.29,2093.100,1625864399999,70081031.75648,23227,1247.322,41759172.33680,0
1625864400000,33501.30,33505.00,33452.00,33460.38,1175.018,1625865299999,39333663.64349,18223,569.988,19080818.73781,0
1625865300000,33460.38,33509.79,33433.00,33490.94,1479.590,1625866199999,49527461.27131,21511,732.661,24525128.92090,0
1625866200000,33490.95,34057.90,33490.00,33934.74,16065.840,1625867099999,543464535.51604,132953,9853.045,333282248.64888,0
1625867100000,33934.75,34013.75,33828.51,33864.01,5779.069,1625867999999,195907488.54389,52132,2648.892,89810923.95686,0
1625868000000,33864.01,33966.00,33864.01,33873.60,4150.526,1625868899999,140723133.49935,36930,2148.681,72857919.19625,0
1625868900000,33873.61,33927.45,33830.71,33889.02,2941.616,1625869799999,99645546.00275,27549,1476.011,50004805.08625,0
1625869800000,33889.02,34100.00,33889.02,33983.04,6357.669,1625870699999,216142510.00610,52338,3916.728,133185171.72943,0
1625870700000,33982.98,34028.51,33901.08,33954.39,2819.179,1625871599999,95708628.91426,29283,1386.187,47057650.93379,0
1625871600000,33954.40,34013.29,33931.18,33973.05,2561.560,1625872499999,87014186.76881,25258,1123.685,38170628.63716,0
1625872500000,33973.07,33982.17,33881.07,33925.00,2984.692,1625873399999,101241128.71729,25648,1212.617,41130289.48415,0
1625873400000,33925.00,33958.00,33908.99,33931.81,1514.625,1625874299999,51404932.72608,17833,750.891,25484561.34087,0
1625874300000,33931.82,33934.98,33750.00,33805.01,4981.173,1625875199999,168565878.68674,39840,1726.538,58430693.48665,0
1625875200000,33805.01,33970.00,33715.00,33968.00,5563.571,1625876099999,188328249.07772,47269,3217.215,108914611.16405,0
1625876100000,33968.00,34150.00,33918.49,34135.29,6704.796,1625876999999,228162045.38278,61807,3852.151,131138204.86304,0
1625877000000,34135.28,34248.58,34101.00,34180.89,8213.017,1625877899999,280577941.36341,66073,4594.655,157003718.33706,0
1625877900000,34180.88,34193.00,33999.03,34018.89,4898.906,1625878799999,167011583.25400,38705,1754.588,59825064.49383,0
1625878800000,34018.88,34070.00,33900.00,33979.05,7865.257,1625879699999,267315950.44792,58110,4294.486,145971487.29523,0
1625879700000,33979.05,34023.61,33850.00,33869.40,4341.184,1625880599999,147266942.93454,38217,2054.525,69705895.73051,0
1625880600000,33869.41,33924.77,33838.10,33902.01,3266.702,1625881499999,110703348.98695,28970,1778.272,60268133.61185,0
1625881500000,33902.01,33920.86,33750.98,33756.38,4583.730,1625882399999,154982837.06800,38537,1988.871,67249266.43370,0
1625882400000,33756.38,33853.80,33664.31,33809.66,6347.544,1625883299999,214279013.47617,47550,3206.623,108276047.35824,0
1625883300000,33809.66,33859.40,33761.45,33782.15,3363.971,1625884199999,113738064.90034,26799,1709.313,57797245.40241,0
1625884200000,33782.14,33804.53,33701.75,33708.67,2704.631,1625885099999,91272657.38544,25250,1192.712,40255500.49529,0
1625885100000,33708.68,33750.00,33621.51,33727.10,4475.868,1625885999999,150850102.29807,33403,2108.236,71064438.27651,0
1625886000000,33728.01,33833.96,33721.92,33804.97,3615.775,1625886899999,122163205.07036,27788,2063.662,69721882.97548,0
1625886900000,33804.95,33805.20,33724.06,33727.95,2129.448,1625887799999,71874839.90897,19090,900.962,30410891.29181,0
1625887800000,33727.95,33831.35,33690.58,33805.80,3720.768,1625888699999,125634325.17270,30263,1914.536,64654068.37064,0
1625888700000,33805.80,33839.00,33751.21,33777.86,2716.613,1625889599999,91801144.15658,21779,1368.340,46242617.42502,0
1625889600000,33777.87,33795.24,33732.34,33778.62,2139.968,1625890499999,72241450.44127,21660,1077.958,36390701.65434,0
1625890500000,33778.66,33846.64,33778.66,33825.00,2459.624,1625891399999,83169784.99312,22004,1367.069,46223673.03735,0
1625891400000,33825.00,33888.00,33740.00,33744.53,3987.185,1625892299999,134825413.61377,30481,2010.405,67990802.12858,0
1625892300000,33744.54,33746.91,33600.00,33641.78,6089.155,1625893199999,205027167.15783,50442,2645.018,89078543.03125,0
1625893200000,33641.78,33660.00,33423.96,33642.88,10438.535,1625894099999,350366431.50366,73052,4891.300,164230491.03487,0
1625894100000,33642.88,33719.82,33570.00,33600.42,6549.271,1625894999999,220391137.07132,47739,2870.329,96611529.60565,0
1625895000000,33600.41,33673.55,33600.41,33656.05,2890.777,1625895899999,97267510.66239,25415,1355.991,45627825.54867,0
1625895900000,33656.04,33734.00,33630.18,33639.76,2721.220,1625896799999,91674233.47107,25720,1422.832,47937118.55876,0
1625896800000,33639.77,33714.00,33607.70,33673.78,2840.693,1625897699999,95634881.52993,27093,1496.235,50375707.99962,0
1625897700000,33673.12,33712.65,33629.60,33695.73,2621.665,1625898599999,88276669.34566,23170,1377.904,46397641.86394,0
1625898600000,33695.72,33700.00,33627.06,33659.99,1593.603,1625899499999,53632069.21443,18531,786.963,26484252.81237,0
1625899500000,33660.00,33853.00,33572.00,33800.47,7057.985,1625900399999,238135039.60240,56303,3749.585,126522301.97489,0
1625900400000,33800.48,33800.48,33670.64,33674.99,3322.799,1625901299999,112032111.55806,30616,1583.612,53391770.19068,0
1625901300000,33674.98,33724.64,33593.46,33687.32,3656.056,1625902199999,123056659.45077,32154,1625.906,54745044.00104,0
1625902200000,33687.33,33750.00,33672.00,33726.32,2104.040,1625903099999,70939693.27619,21993,1152.065,38846801.11467,0
1625903100000,33726.32,33770.00,33692.30,33747.98,2152.461,1625903999999,72615969.39834,22260,991.759,33461334.28879,0
1625904000000,33747.98,33769.96,33665.01,33768.31,2667.021,1625904899999,89905751.53598,25291,1321.714,44559944.73585,0
1625904900000,33768.31,33875.00,33738.32,33807.95,4840.079,1625905799999,163637262.49354,42767,2554.338,86362005.76062,0
1625905800000,33807.96,33807.96,33751.00,33781.99,2015.101,1625906699999,68057461.30914,22372,1081.705,36534136.76246,0
1625906700000,33781.99,33969.03,33753.00,33753.00,5961.096,1625907599999,201716453.50674,45184,3409.582,115403215.00935,0
1625907600000,33753.00,33827.22,33726.26,33788.27,2989.026,1625908499999,100951904.56965,28808,1605.655,54228518.11864,0
1625908500000,33788.26,33875.96,33752.38,33850.00,2643.513,1625909399999,89406959.66339,26082,1295.587,43820581.75871,0
1625909400000,33850.00,33851.20,33787.00,33833.66,2358.171,1625910299999,79771290.01772,21558,931.022,31496179.17611,0
1625910300000,33833.65,33833.66,33702.05,33721.65,2878.274,1625911199999,97161323.57768,28964,1255.709,42391897.22608,0
1625911200000,33721.65,33730.00,33640.31,33729.99,3717.545,1625912099999,125229586.24602,38597,1853.508,62441070.41274,0
1625912100000,33730.00,33789.99,33640.00,33643.25,3463.805,1625912999999,116783733.05990,33138,1619.430,54606082.77122,0
1625913000000,33643.25,33697.19,33595.00,33658.00,4438.967,1625913899999,149307902.68001,38056,1999.774,67271832.28715,0
1625913900000,33657.99,33730.00,33600.00,33620.30,4396.776,1625914799999,147910342.21076,35180,1971.529,66333875.47080,0
1625914800000,33621.15,33684.50,33550.00,33634.47,4535.304,1625915699999,152428997.40483,41627,1878.741,63144460.72723,0
1625915700000,33634.46,33750.00,33615.00,33745.66,3095.759,1625916599999,104261269.28904,32251,1880.809,63349531.40365,0
1625916600000,33745.66,33899.00,33715.58,33826.43,7755.843,1625917499999,262308229.46810,61926,4255.628,143924246.39518,0
1625917500000,33826.44,33878.71,33771.40,33781.67,3538.303,1625918399999,119657251.83199,32333,1610.850,54480494.38997,0
1625918400000,33781.67,33833.21,33735.00,33810.06,3138.869,1625919299999,106014495.80854,30623,1693.466,57198586.82941,0
1625919300000,33810.06,33940.51,33770.74,33786.05,4747.291,1625920199999,160663645.00933,41864,2513.679,85084683.79968,0
1625920200000,33786.06,33870.00,33770.00,33824.47,3587.622,1625921099999,121327224.82923,28324,1659.797,56141615.03453,0
1625921100000,33824.47,33871.00,33800.01,33844.03,1630.424,1625921999999,55160626.48560,17258,849.161,28731202.55748,0
1625922000000,33844.03,33879.89,33771.40,33822.60,3711.550,1625922899999,125527937.06086,30840,2007.381,67894529.77874,0
1625922900000,33822.60,33870.39,33781.14,33809.96,1963.918,1625923799999,66433451.00111,21762,952.825,32231911.61648,0
1625923800000,33809.95,33809.96,33650.00,33722.93,6720.701,1625924699999,226555749.34764,52937,2994.491,100935753.28967,0
1625924700000,33722.93,33724.22,33621.45,33695.57,3555.651,1625925599999,119745710.19201,30995,1520.738,51222766.90635,0
1625925600000,33695.57,33749.31,33640.95,33641.53,3993.428,1625926499999,134591197.84444,32327,1944.535,65544766.55757,0
1625926500000,33641.52,33714.17,33640.13,33709.94,2449.663,1625927399999,82511997.98085,24244,1339.073,45104094.04243,0
1625927400000,33709.93,33790.00,33706.51,33744.99,3222.273,1625928299999,108758285.85268,29226,1772.504,59826667.33272,0
1625928300000,33744.99,33828.12,33713.02,33800.68,2567.435,1625929199999,86739675.52034,26356,1375.968,46487154.33334,0
1625929200000,33800.67,33840.00,33764.59,33799.75,2499.379,1625930099999,84498296.72217,25814,1267.815,42864222.41888,0
1625930100000,33799.75,33867.09,33774.50,33862.83,2678.233,1625930999999,90600988.49544,27135,1461.006,49426168.62923,0
1625931000000,33862.82,33905.00,33808.80,33865.68,3777.926,1625931899999,127921383.01825,35950,1866.560,63210931.23526,0
1625931900000,33865.69,33895.00,33805.00,33840.28,2429.873,1625932799999,82255970.02039,24556,1157.901,39199684.15439,0
1625932800000,33840.27,33873.68,33800.10,33817.21,2535.818,1625933699999,85776133.50203,27051,1260.539,42640241.13650,0
1625933700000,33817.20,34120.00,33817.18,34109.25,13037.492,1625934599999,443269956.76743,97668,8338.948,283517200.79230,0
1625934600000,34109.25,34190.00,34044.94,34088.25,7383.329,1625935499999,251840593.85316,67882,3632.077,123906178.66492,0
1625935500000,34088.99,34120.00,34001.00,34014.28,4340.822,1625936399999,147810945.39963,39149,2075.092,70667846.42938,0
1625936400000,34014.28,34016.90,33598.00,33678.88,15260.596,1625937299999,515701803.95459,110025,6405.289,216425362.58730,0
1625937300000,33678.89,33700.00,33310.69,33435.93,19160.101,1625938199999,641561274.08117,147897,8718.145,291966741.87619,0
1625938200000,33435.92,33468.13,33200.00,33400.00,12660.706,1625939099999,422174246.01163,92393,5999.005,200129627.00253,0
1625939100000,33400.00,33440.00,33341.17,33388.26,5298.549,1625939999999,176988637.64840,41092,2901.203,96919378.24810,0
1625940000000,33388.26,33430.00,33326.75,33388.00,4531.304,1625940899999,151284725.50051,33263,2371.127,79164059.91203,0
1625940900000,33388.00,33430.00,33372.95,33410.15,2279.756,1625941799999,76152561.76956,22572,1199.778,40078814.29459,0
1625941800000,33410.14,33445.95,33371.00,33380.11,2411.718,1625942699999,80570101.46984,23310,1141.587,38142054.69148,0
1625942700000,33380.12,33449.00,33380.11,33448.98,1677.324,1625943599999,56046606.84497,18782,1004.230,33558344.63087,0
1625943600000,33448.90,33545.00,33429.02,33461.73,5140.335,1625944499999,172171276.32615,42047,2826.327,94667815.94272,0
1625944500000,33461.73,33508.32,33430.00,33436.61,1850.117,1625945399999,61920164.02530,20235,833.346,27894081.17550,0
1625945400000,33436.61,33450.00,33310.00,33388.25,3985.108,1625946299999,133046752.37880,35990,1722.084,57495546.22818,0
1625946300000,33388.25,33444.00,33363.79,33403.08,1744.073,1625947199999,58275669.07880,19730,997.628,33335505.53794,0
1625947200000,33403.08,33403.08,33010.00,33134.24,11683.652,1625948099999,387612692.65265,86883,4525.905,150147985.88589,0
1625948100000,33134.24,33333.00,33063.68,33271.96,7423.459,1625948999999,246655200.96543,57554,3893.078,129347846.20735,0
1625949000000,33271.96,33346.99,33260.00,33270.01,3657.988,1625949899999,121829695.82310,28658,2066.230,68826044.77132,0
1625949900000,33270.01,33341.57,33270.00,33316.47,1665.705,1625950799999,55477143.89872,18799,924.092,30777986.25723,0
1625950800000,33316.47,33330.00,33264.12,33295.47,1811.647,1625951699999,60317649.65188,20397,949.626,31617887.11717,0
1625951700000,33295.46,33439.99,33295.45,33352.04,3059.791,1625952599999,102138396.02423,32826,1836.250,61299081.97960,0
1625952600000,33353.85,33396.54,33313.26,33354.99,1273.381,1625953499999,42467464.97391,18456,554.839,18507791.58689,0
1625953500000,33355.00,33420.00,33350.85,33408.21,1802.886,1625954399999,60218747.83227,20159,938.958,31361642.74814,0
1625954400000,33408.21,33547.93,33400.50,33509.69,3322.092,1625955299999,111184149.23179,31704,2140.002,71632948.55573,0
1625955300000,33509.70,33590.00,33455.04,33469.57,2970.597,1625956199999,99540947.34967,28027,1554.830,52114786.77642,0
1625956200000,33469.58,33548.99,33464.01,33507.25,1733.615,1625957099999,58080999.74421,18052,939.035,31461381.15084,0
1625957100000,33509.15,33695.00,33506.00,33629.74,4337.840,1625957999999,145821901.95927,34670,2734.009,91931090.89789,0
1625958000000,33629.74,33672.65,33566.00,33647.09,3094.410,1625958899999,104019962.42216,25374,1598.356,53735777.67821,0
1625958900000,33645.74,33655.94,33580.51,33587.99,2058.591,1625959799999,69195724.35019,19715,886.185,29788812.35627,0
1625959800000,33587.99,33666.48,33580.00,33619.17,2032.551,1625960699999,68332500.26438,18395,1134.692,38149254.25378,0
1625960700000,33619.17,33650.00,33475.76,33497.98,3940.989,1625961599999,132190773.61893,30264,1506.678,50538010.83542,0
1625961600000,33497.98,33753.84,33450.00,33691.04,6201.722,1625962499999,208372251.50948,49486,3418.005,114862711.55769,0
1625962500000,33690.54,33812.53,33556.06,33603.46,6857.506,1625963399999,231073465.58723,48271,3658.204,123304895.38766,0
1625963400000,33603.47,33646.81,33555.00,33602.00,2191.193,1625964299999,73621300.36195,20641,1113.596,37416968.60679,0
1625964300000,33602.01,33747.79,33602.01,33704.73,3392.422,1625965199999,114339419.88553,28008,1656.194,55821545.78015,0
1625965200000,33704.74,33731.76,33632.31,33669.13,2038.691,1625966099999,68644361.61777,19855,933.048,31418587.42078,0
1625966100000,33669.14,33700.00,33627.27,33696.99,1578.306,1625966999999,53142653.60611,16432,817.512,27528352.33019,0
1625967000000,33696.99,33770.00,33600.00,33617.99,3333.347,1625967899999,112293086.38689,27236,1680.376,56628476.29085,0
1625967900000,33618.00,33659.33,33560.00,33608.18,2608.394,1625968799999,87676811.33705,21843,1131.240,38027268.43641,0
1625968800000,33608.18,33660.79,33604.06,33628.50,1257.907,1625969699999,42309374.44456,14855,628.857,21151581.34381,0
1625969700000,33628.49,33628.50,33527.57,33578.00,2559.684,1625970599999,85939578.98446,22678,1244.506,41786065.93947,0
1625970600000,33577.99,33628.49,33548.48,33603.64,1871.679,1625971499999,62868156.61410,16769,895.427,30078631.02117,0
1625971500000,33603.01,33641.18,33510.00,33520.19,2030.603,1625972399999,68187112.39713,19132,858.893,28845275.74916,0
1625972400000,33520.19,33571.99,33456.11,33501.18,3633.564,1625973299999,121757570.46360,30835,1607.960,53887465.49316,0
1625973300000,33501.18,33540.47,33440.00,33483.05,2093.004,1625974199999,70113109.90343,20700,978.754,32790161.50153,0
1625974200000,33483.59,33530.00,33434.09,33456.31,2171.061,1625975099999,72686071.88168,21465,936.055,31342737.44774,0
1625975100000,33457.04,33488.38,33381.51,33446.92,3275.881,1625975999999,109527002.71762,30470,1461.342,48867768.62475,0
1625976000000,33446.92,33471.79,33320.11,33361.65,3795.836,1625976899999,126690656.14045,36669,1786.315,59624869.47620,0
1625976900000,33361.64,33407.68,33306.03,33341.57,2839.548,1625977799999,94736966.34273,26852,1461.575,48766937.39655,0
1625977800000,33341.57,33440.16,33310.98,33422.07,2906.297,1625978699999,97031106.19380,26858,1758.733,58720477.09788,0
1625978700000,33422.06,33538.00,33370.38,33450.00,3755.942,1625979599999,125689931.66678,32251,2048.943,68571522.31773,0
1625979600000,33450.00,33525.00,33400.00,33520.03,2825.336,1625980499999,94556136.06789,25748,1482.696,49627318.54584,0
1625980500000,33522.95,33586.59,33480.19,33523.01,2971.134,1625981399999,99623680.57272,26543,1583.544,53100920.04166,0
1625981400000,33523.00,33630.00,33523.00,33576.06,3063.354,1625982299999,102855497.55447,27342,1681.592,56463504.95141,0
1625982300000,33576.06,33595.30,33542.43,33569.92,1968.904,1625983199999,66097825.10524,18406,905.924,30414736.15848,0
1625983200000,33569.91,33620.00,33569.71,33584.98,2219.567,1625984099999,74583353.42872,21417,1082.071,36361631.41345,0
1625984100000,33584.98,33599.00,33466.00,33525.43,3539.992,1625984999999,118685749.77125,28476,1464.393,49087442.06722,0
1625985000000,33525.43,33570.36,33456.51,33489.01,2309.942,1625985899999,77380996.63233,23893,1134.637,38011400.12433,0
1625985900000,33489.02,33489.02,33408.46,33457.35,3222.764,1625986799999,107780086.68801,27477,1524.722,50994049.40106,0
1625986800000,33457.36,33520.00,33380.00,33390.01,3297.069,1625987699999,110276538.14288,30503,1663.999,55664866.01333,0
1625987700000,33390.00,33468.22,33364.11,33456.81,2889.591,1625988599999,96563489.85671,26525,1648.188,55081514.61961,0
1625988600000,33456.80,33530.25,33403.18,33519.53,2327.487,1625989499999,77921912.96407,22468,1296.676,43416063.57262,0
1625989500000,33519.53,33545.80,33464.67,33501.53,2294.432,1625990399999,76871341.01793,21437,1100.765,36880438.94701,0
1625990400000,33501.53,33516.99,33416.48,33489.94,2551.692,1625991299999,85390007.28144,24613,1219.750,40819097.59327,0
1625991300000,33489.94,33720.00,33480.60,33667.30,7921.205,1625992199999,266283605.95953,59146,4200.920,141225440.55755,0
1625992200000,33667.67,33720.00,33557.31,33702.56,6122.610,1625993099999,206041887.48957,47949,3036.200,102190502.36161,0
1625993100000,33703.98,33719.90,33637.03,33672.66,3102.089,1625993999999,104472312.54351,27608,1370.715,46164125.41761,0
1625994000000,33672.66,33719.99,33588.56,33614.78,3772.152,1625994899999,126912240.26464,32301,1687.011,56768362.64544,0
1625994900000,33614.98,33850.00,33614.98,33770.01,7236.180,1625995799999,244331989.97240,56012,4488.194,151553871.15259,0
1625995800000,33770.00,33799.77,33725.08,33725.50,3904.302,1625996699999,131802852.26395,31179,2062.991,69649719.14865,0
1625996700000,33725.08,33748.54,33680.00,33692.00,2902.543,1625997599999,97831911.35598,25507,1455.183,49047450.75534,0
1625997600000,33692.01,33797.86,33687.00,33775.92,2599.367,1625998499999,87694168.84550,23697,1508.155,50882408.82503,0
1625998500000,33775.93,33820.00,33700.00,33710.09,3851.132,1625999399999,129998678.13392,31426,1791.759,60486576.89400,0
1625999400000,33710.08,33743.12,33610.57,33678.00,4211.620,1626000299999,141769587.79855,34476,2003.489,67442593.10752,0
1626000300000,33676.11,33780.00,33676.11,33740.88,2530.552,1626001199999,85351652.18606,24134,1536.866,51839602.73289,0
1626001200000,33740.89,33773.99,33685.00,33713.72,2115.521,1626002099999,71331365.11152,22961,1001.870,33781324.28190,0
1626002100000,33713.72,33818.00,33709.67,33754.70,2815.819,1626002999999,95083446.87069,27215,1564.225,52821785.30337,0
1626003000000,33754.71,33790.00,33717.00,33726.66,2421.454,1626003899999,81720668.08171,22613,1033.532,34882844.42878,0
1626003900000,33726.66,33800.00,33703.90,33792.04,2212.997,1626004799999,74704921.52849,22800,1176.000,39700589.21229,0
1626004800000,33792.04,33848.68,33710.00,33725.02,4216.987,1626005699999,142417504.29571,38802,2218.768,74936822.58725,0
1626005700000,33725.01,33769.75,33655.00,33705.00,3466.212,1626006599999,116808476.22440,30725,1543.557,52023145.87868,0
1626006600000,33705.01,33777.00,33704.09,33739.50,2164.901,1626007499999,73057720.07312,21928,1102.831,37215920.29219,0
1626007500000,33739.50,33753.65,33698.01,33728.69,1725.913,1626008399999,58201012.63418,17947,839.705,28318154.30854,0
1626008400000,33728.68,33738.68,33666.58,33717.01,2317.762,1626009299999,78099535.03009,24468,1202.425,40519485.41618,0
1626009300000,33717.00,33800.00,33645.94,33752.80,3874.857,1626010199999,130706284.72599,30214,2105.670,71040500.40557,0
1626010200000,33752.81,33834.58,33752.80,33813.13,3759.371,1626011099999,127068026.83203,29962,2046.820,69184495.70625,0
1626011100000,33813.12,33912.84,33751.52,33899.63,7185.072,1626011999999,243212609.75446,54343,4145.102,140333744.51755,0
1626012000000,33899.98,33985.00,33812.02,33855.01,8886.060,1626012899999,301267612.68693,66857,4578.032,155227699.94748,0
1626012900000,33855.01,33879.57,33790.00,33834.04,3640.568,1626013799999,123113597.29603,31417,1869.524,63223050.23525,0
1626013800000,33834.04,33900.00,33800.00,33891.49,2639.124,1626014699999,89317323.70868,24473,1431.719,48460137.00956,0
1626014700000,33891.49,33941.77,33839.60,33904.87,3433.233,1626015599999,116354079.58703,30044,1847.954,62631855.10408,0
1626015600000,33904.87,33950.00,33848.16,33940.66,4234.726,1626016499999,143557551.25503,33298,2129.589,72201985.62336,0
1626016500000,33940.67,33971.36,33880.51,33926.40,3824.621,1626017399999,129741378.56437,31943,1847.097,62664164.50400,0
1626017400000,33926.39,33949.24,33841.00,33862.13,3136.185,1626018299999,106238483.57081,26776,1474.007,49935349.58060,0
1626018300000,33862.14,33937.50,33862.13,33926.19,2444.373,1626019199999,82875664.95367,22083,1420.492,48162623.62477,0
1626019200000,33926.19,33950.00,33847.79,33857.33,3067.347,1626020099999,103935253.18078,29433,1492.501,50573459.54434,0
1626020100000,33857.33,33980.00,33754.77,33936.70,5899.766,1626020999999,199793198.61963,47917,2963.914,100392585.45853,0
1626021000000,33936.70,34105.00,33831.00,33878.97,11428.652,1626021899999,388090797.33760,89479,6246.230,212182362.31460,0
1626021900000,33878.98,34058.88,33840.00,33988.53,5943.978,1626022799999,201847015.91845,47769,3008.966,102175291.43513,0
1626022800000,33986.99,34015.99,33941.32,33959.90,2779.544,1626023699999,94414000.11316,25676,1431.905,48639649.16509,0
1626023700000,33959.91,33963.10,33900.00,33937.01,1875.810,1626024599999,63648687.79502,20937,898.402,30485450.16581,0
1626024600000,33937.00,33949.33,33866.00,33905.23,1825.407,1626025499999,61875479.86591,17736,886.763,30060044.24229,0
1626025500000,33905.23,33964.00,33877.00,33879.94,1968.659,1626026399999,66754985.82283,17566,933.998,31680914.98352,0
1626026400000,33879.94,33900.00,33830.00,33851.06,2416.684,1626027299999,81818527.62392,22897,1155.187,39110074.26718,0
1626027300000,33851.06,33915.00,33851.06,33907.45,1437.896,1626028199999,48731400.79637,16185,882.766,29917558.08244,0
1626028200000,33907.45,33989.28,33890.00,33965.25,1687.201,1626029099999,57253504.22304,20122,1008.124,34211855.26843,0
1626029100000,33965.24,33970.00,33905.00,33947.02,1328.751,1626029999999,45088528.68191,15109,620.155,21043812.84603,0
1626030000000,33947.03,33975.00,33920.99,33938.37,1073.048,1626030899999,36421270.31307,14779,528.092,17925407.38269,0
1626030900000,33938.38,33943.77,33886.55,33899.11,1333.202,1626031799999,45206677.05887,14456,606.050,20550587.49849,0
1626031800000,33899.10,33936.83,33885.01,33899.99,924.048,1626032699999,31329334.48484,13452,468.976,15901065.84984,0
1626032700000,33899.99,33920.00,33830.11,33883.11,1782.097,1626033599999,60352932.80529,19723,836.339,28324567.36775,0
1626033600000,33883.11,33960.93,33849.96,33928.03,2414.980,1626034499999,81897746.60325,22099,1427.553,48409749.42828,0
1626034500000,33928.03,33950.00,33892.22,33895.82,1117.747,1626035399999,37915702.16945,13892,561.692,19054707.56952,0
1626035400000,33895.82,33938.09,33862.00,33871.78,1174.049,1626036299999,39789817.36277,15736,543.232,18412227.56800,0
1626036300000,33871.78,33895.63,33809.17,33826.69,1944.434,1626037199999,65815668.30964,21394,911.584,30860127.16852,0
1626037200000,33826.70,33859.01,33690.55,33847.89,4732.559,1626038099999,159865911.06567,43619,2220.966,75049469.36122,0
1626038100000,33847.88,34200.00,33845.18,34112.35,11793.118,1626038999999,401931028.09137,99199,6166.623,210149584.48549,0
1626039000000,34112.36,34608.00,34111.00,34449.99,20176.077,1626039899999,694783803.60661,164553,12056.254,415086645.55599,0
1626039900000,34450.00,34553.40,34430.00,34478.51,5314.012,1626040799999,183255848.71389,43860,2865.863,98840381.77288,0
1626040800000,34478.52,34629.62,34440.00,34440.33,9380.429,1626041699999,323837849.70124,70688,4488.624,155000131.87072,0
1626041700000,34440.32,34454.09,34355.00,34396.29,5710.694,1626042599999,196493343.97322,46561,3009.666,103565821.75209,0
1626042600000,34394.48,34444.00,34327.00,34392.00,3225.040,1626043499999,110870395.86875,30063,1579.185,54292939.99173,0
1626043500000,34392.01,34431.14,34351.68,34386.16,2387.660,1626044399999,82093136.31729,22935,1305.367,44884082.62001,0
1626044400000,34386.16,34398.50,34250.00,34251.46,3972.867,1626045299999,136296075.29821,31904,1505.004,51634232.94238,0
1626045300000,34251.46,34305.00,34204.00,34279.63,3972.198,1626046199999,136073523.11243,31719,2119.160,72601481.67908,0
1626046200000,34279.63,34314.88,34170.00,34252.85,3537.723,1626047099999,121124919.61504,29870,1708.635,58516846.73896,0
1626047100000,34252.86,34269.96,34200.10,34253.81,1736.314,1626047999999,59440138.71790,18737,918.133,31432136.25154,0
1626048000000,34253.88,34340.98,34064.23,34134.26,9197.947,1626048899999,314494790.14476,63304,4581.247,156678465.67935,0
1626048900000,34134.27,34189.90,34088.00,34185.48,2717.727,1626049799999,92793172.44322,26858,1477.587,50457788.79292,0
1626049800000,34185.48,34251.44,34169.73,34200.01,2584.280,1626050699999,88419252.83890,25617,1305.499,44668290.11664,0
1626050700000,34200.00,34200.01,34133.01,34159.94,2024.961,1626051599999,69172913.78067,19602,916.826,31319749.17226,0
1626051600000,34159.94,34184.96,34024.26,34131.00,4035.843,1626052499999,137617577.76781,31918,1616.510,55132976.94760,0
1626052500000,34131.00,34169.00,34077.29,34157.08,1793.562,1626053399999,61223093.89507,19136,919.846,31399662.79803,0
1626053400000,34157.08,34166.30,34030.45,34162.48,3045.059,1626054299999,103847808.91482,25502,1430.710,48804289.42967,0
1626054300000,34162.48,34162.48,34093.23,34135.40,1750.385,1626055199999,59723734.14457,18493,758.650,25885706.88194,0
1626055200000,34135.39,34147.61,34061.99,34130.30,1881.710,1626056099999,64167867.09076,19113,922.607,31463145.82091,0
1626056100000,34130.30,34232.95,34130.30,34200.80,3532.789,1626056999999,120808840.63488,30355,2018.366,69015607.22402,0
1626057000000,34200.79,34234.00,34160.00,34163.66,1910.174,1626057899999,65306092.12783,19137,909.833,31107047.55043,0
1626057900000,34163.66,34280.00,34160.09,34249.03,2590.987,1626058799999,88685816.53320,22774,1435.026,49120302.03168,0
1626058800000,34249.04,34350.00,34220.01,34305.04,4356.685,1626059699999,149436792.20359,32616,2161.169,74129495.92944,0
1626059700000,34305.04,34540.34,34305.04,34463.34,6603.663,1626060599999,227318733.94658,48897,4330.102,149070204.98418,0
1626060600000,34463.33,34469.22,34346.35,34419.58,4942.811,1626061499999,170028482.09466,35575,2111.453,72633364.66578,0
1626061500000,34418.07,34525.60,34385.00,34429.44,4131.670,1626062399999,142380627.17717,30337,2123.292,73175133.68147,0
1626062400000,34429.99,34520.00,34395.00,34515.62,2882.971,1626063299999,99303511.68307,26892,1558.119,53678219.99057,0
1626063300000,34515.62,34662.73,34407.54,34420.99,9031.056,1626064199999,311830707.22927,64605,4635.412,160138471.57515,0
1626064200000,34420.99,34430.00,34276.97,34344.91,6932.579,1626065099999,238145484.50282,48143,3006.356,103290849.91845,0
1626065100000,34344.15,34382.96,34270.01,34284.59,2988.727,1626065999999,102566960.70278,28054,1235.982,42424832.85375,0
1626066000000,34284.59,34331.62,34203.64,34233.82,3161.227,1626066899999,108323136.97171,31378,1463.319,50150506.73545,0
1626066900000,34233.82,34285.00,34158.76,34218.00,4256.840,1626067799999,145694096.21462,33752,2188.403,74918966.09468,0
1626067800000,34218.00,34279.00,34202.00,34243.10,2453.547,1626068699999,84035928.16150,23436,1358.392,46528124.65959,0
1626068700000,34243.11,34328.45,34150.00,34321.89,4649.043,1626069599999,159102233.27122,36223,2615.645,89545573.29710,0
1626069600000,34321.31,34327.00,34213.40,34253.10,2366.819,1626070499999,81094043.25851,23843,1090.327,37356670.42588,0
1626070500000,34253.09,34310.00,34201.01,34292.70,1996.789,1626071399999,68383417.89421,20513,1023.336,35051268.97614,0
1626071400000,34292.70,34388.49,34286.25,34330.58,3724.072,1626072299999,127859798.60225,31084,1929.517,66247474.59196,0
1626072300000,34330.59,34437.00,34320.00,34361.76,3055.380,1626073199999,105041735.28006,28403,1553.162,53400190.16649,0
1626073200000,34361.76,34457.94,34307.73,34427.39,2956.373,1626074099999,101614981.38646,25912,1551.762,53347049.56279,0
1626074100000,34427.39,34477.00,34373.37,34446.96,3720.153,1626074999999,128093761.32216,33913,1652.048,56884442.01002,0
1626075000000,34446.95,34447.05,34319.02,34360.50,3218.367,1626075899999,110616073.44476,28029,1427.610,49068585.33491,0
1626075900000,34360.50,34360.51,34200.05,34271.16,4662.595,1626076799999,159743566.45463,40411,2066.412,70789140.13988,0
1626076800000,34271.16,34325.66,34201.00,34321.00,3526.063,1626077699999,120816097.33609,33389,1861.237,63786292.37842,0
1626077700000,34321.01,34450.00,34284.36,34332.84,5516.887,1626078599999,189751394.09240,43243,2676.571,92054965.83232,0
1626078600000,34332.84,34367.29,34250.00,34330.09,3866.341,1626079499999,132654028.58125,33969,1906.229,65397581.23483,0
1626079500000,34329.53,34356.79,34222.00,34266.01,3760.574,1626080399999,128899817.77306,30974,1712.063,58688802.50911,0
1626080400000,34266.00,34330.00,34223.99,34257.77,2403.795,1626081299999,82399183.72609,25654,1234.480,42321814.95877,0
1626081300000,34257.77,34259.17,34100.00,34158.15,7484.082,1626082199999,255710787.69845,65953,3345.258,114289875.10635,0
1626082200000,34158.15,34190.00,34101.00,34185.12,2764.662,1626083099999,94443599.34229,27282,1442.429,49279790.91543,0
1626083100000,34185.11,34212.98,34000.00,34049.50,5938.660,1626083999999,202555232.36167,46349,2104.488,71824846.18998,0
1626084000000,34049.50,34053.01,33750.00,33826.56,17012.059,1626084899999,576144818.92874,132983,7408.998,250930601.72135,0
1626084900000,33826.56,33879.00,33755.00,33850.89,5984.030,1626085799999,202466417.29970,46898,3407.847,115314787.15155,0
1626085800000,33850.88,33866.99,33700.00,33783.84,6387.853,1626086699999,215909363.10549,53841,2765.634,93502251.09028,0
1626086700000,33783.83,33814.00,33616.64,33764.63,8433.057,1626087599999,284432859.43025,66727,3982.130,134346250.27920,0
1626087600000,33764.63,33778.84,33553.00,33680.01,9916.975,1626088499999,333890579.42953,72805,4435.011,149361386.75417,0
1626088500000,33680.01,33774.00,33649.68,33675.00,5687.839,1626089399999,191715431.22348,44933,3033.625,102264442.97926,0
1626089400000,33674.99,33746.87,33620.51,33679.87,4396.634,1626090299999,148056631.55918,36204,2270.522,76468063.74954,0
1626090300000,33679.87,33683.80,33517.61,33524.79,7802.907,1626091199999,262145566.31688,59640,3137.944,105447449.41212,0
1626091200000,33524.78,33619.00,33450.00,33599.98,9512.296,1626092099999,319092864.71251,75807,4674.178,156842778.67613,0
1626092100000,33599.99,33629.99,33458.00,33513.99,6034.997,1626092999999,202472233.50373,49455,2812.038,94359808.54898,0
1626093000000,33513.99,33532.93,33405.00,33505.25,6326.194,1626093899999,211794170.53764,50133,3035.937,101657667.86477,0
1626093900000,33505.25,33597.99,33430.00,33556.83,6056.414,1626094799999,203114714.91943,45267,3350.107,112368890.86450,0
1626094800000,33556.83,33595.00,33466.88,33497.19,5477.641,1626095699999,183636759.84020,45838,2909.507,97547353.75929,0
1626095700000,33497.18,33520.00,33340.00,33401.74,11351.154,1626096599999,379207278.55186,76367,5330.280,178092055.13421,0
1626096600000,33401.15,33470.70,33333.33,33420.00,5310.173,1626097499999,177406810.07529,44847,2680.631,89558591.75507,0
1626097500000,33420.01,33605.02,33400.59,33565.88,7292.555,1626098399999,244503580.10353,53039,4645.134,155750604.44547,0
1626098400000,33565.88,33583.69,33508.00,33523.12,4944.297,1626099299999,165825068.89397,33141,2540.212,85202547.57849,0
1626099300000,33523.12,33523.13,33360.00,33422.05,5963.794,1626100199999,199447701.50367,42977,2762.719,92394746.61628,0
1626100200000,33422.05,33518.75,33418.00,33457.13,2900.986,1626101099999,97104398.18009,25801,1696.507,56784983.77497,0
1626101100000,33457.13,33539.66,33400.00,33405.94,4126.627,1626101999999,138070241.08718,31985,2038.836,68223339.70006,0
1626102000000,33405.93,33455.76,33301.00,33448.10,7811.854,1626102899999,260799311.15265,58711,3667.688,122473944.83810,0
1626102900000,33448.11,33479.95,33388.00,33456.00,3211.970,1626103799999,107400714.83334,28657,1645.186,55017043.04503,0
1626103800000,33456.00,33510.00,33350.20,33368.42,5388.850,1626104699999,180155297.20071,36740,2778.027,92902610.63426,0
1626104700000,33368.42,33426.59,33336.14,33340.32,4401.052,1626105599999,146881543.43777,33345,2374.843,79266677.30750,0
1626105600000,33340.32,33433.00,33150.01,33199.87,15582.499,1626106499999,518715399.50508,114927,6730.615,224151556.40075,0
1626106500000,33199.87,33253.92,33106.00,33183.41,8497.272,1626107399999,281990328.71401,70145,3925.096,130288634.06971,0
1626107400000,33183.40,33286.12,33070.00,33136.86,6497.133,1626108299999,215609323.20362,53142,2808.237,93232690.18778,0
1626108300000,33136.86,33210.00,33060.00,33156.43,6680.484,1626109199999,221401095.31248,54296,3502.892,116102022.06514,0
1626109200000,33155.89,33257.30,33120.00,33181.44,4291.399,1626110099999,142495726.75654,37305,2320.342,77053747.95989,0
1626110100000,33181.44,33232.90,33107.54,33204.12,4207.451,1626110999999,139525924.03353,35383,2281.904,75682450.46929,0
1626111000000,33204.12,33204.12,33050.00,33145.98,6018.671,1626111899999,199247321.17376,51503,2817.785,93288722.88886,0
1626111900000,33145.98,33179.89,33072.00,33116.17,3527.883,1626112799999,116872915.12115,29669,1873.734,62071176.83546,0
1626112800000,33116.18,33189.93,33100.00,33112.82,3126.798,1626113699999,103654238.65284,27588,1609.733,53364942.11007,0
1626113700000,33112.83,33178.00,33080.00,33159.60,3301.788,1626114599999,109365146.41660,29689,1707.351,56553811.41704,0
1626114600000,33159.59,33169.75,33102.41,33142.82,2009.924,1626115499999,66601889.92380,20067,1046.949,34692016.08356,0
1626115500000,33142.83,33158.00,32811.42,33012.85,11762.527,1626116399999,387981254.28005,83180,4314.704,142385735.37370,0
1626116400000,33012.84,33359.99,32962.00,33212.68,12355.687,1626117299999,410288346.62529,91499,6755.889,224369137.51659,0
1626117300000,33212.69,33234.00,33000.25,33006.18,6560.938,1626118199999,217161459.88005,51505,3022.747,100049210.60859,0
1626118200000,33006.18,33007.70,32714.42,32852.41,13198.531,1626119099999,433887046.54872,97779,5762.468,189512644.28053,0
1626119100000,32852.41,32879.44,32771.25,32828.59,5206.577,1626119999999,170945233.18798,43821,2647.265,86929471.45074,0
1626120000000,32828.58,32860.00,32650.00,32814.30,12267.348,1626120899999,401552502.73005,84795,6051.349,198112431.03055,0
1626120900000,32814.30,32930.91,32740.76,32870.04,6615.463,1626121799999,217217616.50805,51372,3543.509,116365325.72871,0
1626121800000,32870.03,32990.00,32844.36,32947.74,4650.776,1626122699999,153029976.96294,39872,2622.672,86310261.62785,0
1626122700000,32946.63,32950.00,32786.40,32846.65,4183.739,1626123599999,137496889.17515,32907,1791.691,58880920.58975,0
1626123600000,32846.66,32939.00,32830.77,32925.00,2739.904,1626124499999,90121353.14863,26923,1544.447,50799538.63606,0
1626124500000,32925.00,32987.00,32821.00,32874.41,4135.809,1626125399999,136054899.67913,35678,2069.327,68095327.17816,0
1626125400000,32873.33,32919.54,32812.66,32869.99,2078.521,1626126299999,68293100.80424,23710,1109.310,36451568.61663,0
1626126300000,32870.00,32950.00,32850.00,32858.76,2515.353,1626127199999,82766385.40660,24008,1269.298,41767361.40667,0
1626127200000,32858.76,33101.28,32850.00,33010.01,5722.814,1626128099999,188774908.90758,43704,3429.504,113133059.93639,0
1626128100000,33010.02,33066.88,32950.00,33047.05,4128.016,1626128999999,136222989.31370,32370,2076.045,68512533.31226,0
1626129000000,33046.63,33050.00,32980.31,33023.57,2842.494,1626129899999,93825645.15679,24784,1194.263,39420233.25129,0
1626129900000,33023.56,33078.10,33010.00,33020.11,2800.264,1626130799999,92511852.32973,23769,1372.659,45350162.38843,0
1626130800000,33020.86,33057.52,32951.25,33051.11,3708.138,1626131699999,122389228.90177,29053,1859.236,61374024.49471,0
1626131700000,33052.39,33149.91,33050.01,33070.84,4175.815,1626132599999,138236732.49646,33630,2156.020,71375748.69492,0
1626132600000,33070.84,33138.77,33057.04,33125.01,2443.643,1626133499999,80891666.56870,21789,1274.453,42188568.19172,0
1626133500000,33125.00,33290.00,33063.48,33070.87,8764.036,1626134399999,290733444.04229,51491,4430.294,147036758.68314,0
1626134400000,33070.86,33130.95,32846.06,32973.68,10441.629,1626135299999,344077598.19865,67950,4837.859,159420889.58534,0
1626135300000,32973.69,32999.99,32822.07,32973.98,5373.275,1626136199999,176853959.40920,39779,2837.153,93391767.68074,0
1626136200000,32974.22,33224.03,32974.22,33114.01,8468.309,1626137099999,280519305.54022,53499,4939.244,163589520.87586,0
1626137100000,33114.01,33172.51,32985.00,33046.21,3101.795,1626137999999,102560038.31072,28331,1420.077,46949577.04613,0
1626138000000,33046.22,33046.22,32935.46,32981.70,2824.595,1626138899999,93157804.38598,25896,1378.534,45467280.21558,0
1626138900000,32981.69,33017.00,32934.66,32959.26,1608.019,1626139799999,53047232.54981,19907,797.057,26296784.86594,0
1626139800000,32959.26,33123.47,32950.00,33120.68,3139.943,1626140699999,103805687.96961,27073,1864.909,61652226.34534,0
1626140700000,33118.44,33192.00,33080.98,33137.37,3753.094,1626141599999,124375468.23866,30044,1652.443,54769188.17094,0
1626141600000,33139.67,33190.26,33073.00,33078.21,2158.877,1626142499999,71501448.00352,21724,924.147,30612080.55923,0
1626142500000,33078.21,33150.00,33076.55,33128.00,1638.309,1626143399999,54267793.13325,17754,965.463,31982071.72703,0
1626143400000,33128.01,33177.00,33100.00,33149.44,1701.750,1626144299999,56399836.75217,16858,866.405,28715514.76340,0
1626144300000,33149.44,33151.48,33050.00,33066.92,2301.680,1626145199999,76203323.67245,20178,998.452,33059664.88750,0
1626145200000,33066.92,33188.00,33052.00,33167.98,2240.622,1626146099999,74244781.49625,20860,1318.907,43696408.04269,0
1626146100000,33166.00,33213.30,33150.00,33204.17,2236.184,1626146999999,74208776.94628,21424,1252.269,41559221.03553,0
1626147000000,33204.17,33210.44,33110.01,33137.32,2127.986,1626147899999,70536058.35533,20362,943.249,31264377.80052,0
1626147900000,33137.32,33175.93,33060.73,33065.00,2330.232,1626148799999,77169857.06377,21565,1020.801,33814840.94449,0
1626148800000,33065.01,33129.38,33050.07,33088.07,2274.758,1626149699999,75262753.89249,22196,1126.863,37285464.43092,0
1626149700000,33088.07,33126.91,33042.45,33080.01,1625.502,1626150599999,53784906.90386,18212,755.934,25014511.07973,0
1626150600000,33080.00,33122.25,33050.00,33117.00,1628.585,1626151499999,53900651.41314,18034,901.968,29852110.76797,0
1626151500000,33117.01,33157.97,33088.14,33110.66,1701.541,1626152399999,56358557.15024,17958,903.818,29937103.50492,0
1626152400000,33110.65,33142.47,32875.00,32898.01,6050.437,1626153299999,199499834.94207,51696,2487.576,82022058.09849,0
1626153300000,32898.01,32910.00,32768.07,32818.45,8739.654,1626154199999,287014502.86029,66920,4026.153,132234349.15022,0
1626154200000,32818.45,32874.04,32741.99,32799.24,5344.598,1626155099999,175314139.75523,46836,2487.575,81605943.68242,0
1626155100000,32799.23,32849.37,32784.05,32810.83,3237.652,1626155999999,106256780.73994,28943,1796.710,58969963.40729,0
1626156000000,32810.83,32887.76,32802.00,32861.77,3395.571,1626156899999,111568856.08755,29657,1814.176,59610473.17590,0
1626156900000,32861.76,32955.59,32861.76,32927.79,2915.305,1626157799999,95954056.07335,27533,1778.973,58554806.55904,0
1626157800000,32927.80,33088.00,32917.68,32988.51,6810.302,1626158699999,224794372.43589,46636,3896.946,128636289.31561,0
1626158700000,32988.50,33028.43,32930.00,32958.70,3880.095,1626159599999,127929823.55081,29150,1848.457,60949314.17845,0
1626159600000,32958.71,33287.33,32958.70,33211.83,12436.311,1626160499999,412356847.44302,78779,7591.253,251650008.04067,0
1626160500000,33211.83,33336.00,33170.00,33189.99,9309.259,1626161399999,309374652.19358,53958,4648.384,154507066.80619,0
1626161400000,33190.00,33270.00,33143.00,33143.00,5046.026,1626162299999,167492668.58198,34740,2510.904,83361728.52949,0
1626162300000,33143.01,33185.70,33133.00,33159.99,2891.835,1626163199999,95882331.68177,24202,1436.847,47642666.73259,0
1626163200000,33160.00,33253.35,33150.00,33179.35,4480.908,1626164099999,148784692.59507,33074,2256.297,74926176.45860,0
1626164100000,33179.62,33183.62,33092.46,33152.48,3205.249,1626164999999,106205507.09876,29062,1383.573,45848534.03221,0
1626165000000,33152.48,33220.38,33150.00,33178.22,2386.792,1626165899999,79212955.71638,23475,1214.468,40307560.79508,0
1626165900000,33178.22,33226.67,33177.00,33213.98,2323.723,1626166799999,77158029.35401,20528,1236.907,41072240.55559,0
1626166800000,33213.99,33213.99,33101.00,33129.80,2988.539,1626167699999,99090761.32479,25066,1273.353,42221270.93814,0
1626167700000,33129.79,33217.82,33125.27,33162.67,2161.423,1626168599999,71724667.39136,22100,1125.661,37354838.01516,0
1626168600000,33162.67,33228.12,33162.66,33195.54,2410.680,1626169499999,80050515.43472,22122,1311.186,43539179.91418,0
1626169500000,33195.55,33270.00,33133.32,33253.24,3672.468,1626170399999,121967309.05784,33008,1943.267,64542684.77105,0
1626170400000,33253.24,33329.84,33191.09,33204.99,4851.265,1626171299999,161291969.21420,38157,2440.410,81154514.60250,0
1626171300000,33204.99,33245.84,33164.09,33206.01,2333.126,1626172199999,77462600.32094,21702,1170.535,38863847.00144,0
1626172200000,33206.01,33234.99,33158.97,33177.66,2116.232,1626173099999,70223231.44318,19592,985.596,32706299.22541,0
1626173100000,33177.66,33184.29,33030.00,33075.29,5793.418,1626173999999,191720154.38715,44093,2302.951,76209772.98674,0
1626174000000,33075.29,33123.41,32907.51,32978.31,8989.994,1626174899999,296612495.65654,63638,4185.732,138124837.56184,0
1626174900000,32978.31,33060.00,32951.88,33010.25,4575.145,1626175799999,151070361.00419,34015,2584.881,85355881.30533,0
1626175800000,33010.25,33174.27,33007.83,33143.23,4491.786,1626176699999,148699563.79701,36472,2539.972,84070568.41028,0
1626176700000,33143.23,33143.24,32962.00,33032.23,5804.208,1626177599999,191759225.39259,43223,2723.804,89971092.97297,0
1626177600000,33033.73,33044.39,32901.00,32960.01,5948.295,1626178499999,196117093.15038,47389,3164.538,104337174.51786,0
1626178500000,32960.00,32960.01,32815.00,32881.93,7880.639,1626179399999,259185339.53787,59656,3640.647,119741575.78006,0
1626179400000,32881.92,32881.92,32353.33,32491.89,31339.396,1626180299999,1021101641.51810,214837,12797.095,416944062.96134,0
1626180300000,32491.88,32580.00,32259.00,32344.43,16209.870,1626181199999,525448674.74287,118080,7285.666,236293098.31650,0
1626181200000,32343.65,32522.00,32274.24,32478.03,12555.663,1626182099999,406909295.33660,93289,7232.733,234421009.76091,0
1626182100000,32478.04,32564.86,32451.00,32528.99,7301.825,1626182999999,237362335.14482,54891,4105.452,133467793.38859,0
1626183000000,32529.23,32543.17,32466.01,32489.14,4103.578,1626183899999,133340846.95479,32973,1903.780,61863872.03670,0
1626183900000,32489.15,32647.56,32375.00,32556.03,10785.732,1626184799999,350735324.08937,71897,5758.880,187346262.23459,0
1626184800000,32554.26,32610.00,32451.46,32531.75,6279.549,1626185699999,204166246.89564,44250,3328.308,108218650.05304,0
1626185700000,32531.75,32540.00,32456.38,32479.64,3661.379,1626186599999,118977002.31414,27251,1605.480,52174697.96618,0
1626186600000,32479.63,32598.97,32476.45,32530.03,3958.713,1626187499999,128849451.83106,29704,2149.006,69947061.47030,0
1626187500000,32530.03,32581.00,32500.00,32548.64,2514.327,1626188399999,81802529.42522,22770,1198.625,38998527.62616,0
1626188400000,32548.64,32599.00,32506.39,32574.40,2893.244,1626189299999,94194696.36853,25287,1480.138,48191273.33742,0
1626189300000,32574.40,32680.00,32556.66,32649.99,6917.174,1626190199999,225638495.77628,44222,3910.660,127584606.99960,0
1626190200000,32649.99,32676.00,32610.00,32662.44,2922.612,1626191099999,95383221.30023,25447,1536.243,50140715.77857,0
1626191100000,32662.45,32874.88,32656.64,32781.41,11766.259,1626191999999,385638066.51351,78313,7084.985,232203780.02232,0
1626192000000,32779.05,32916.31,32618.00,32621.35,8857.045,1626192899999,289918451.20979,63526,4240.505,138891364.21134,0
1626192900000,32620.96,32786.83,32607.71,32755.02,4587.406,1626193799999,150064473.37875,35641,2768.525,90561027.08105,0
1626193800000,32755.02,32846.21,32726.06,32750.84,4379.057,1626194699999,143597572.72636,34885,2201.567,72204613.80054,0
1626194700000,32750.85,32824.99,32680.00,32804.44,3226.265,1626195599999,105699329.35128,27366,1699.733,55696829.88454,0
1626195600000,32804.45,32957.44,32789.19,32804.19,6499.387,1626196499999,213583842.26293,48062,3358.500,110383177.83488,0
1626196500000,32804.19,32833.69,32718.19,32723.35,3849.988,1626197399999,126172964.31766,30994,1802.805,59092025.28342,0
1626197400000,32723.36,32748.22,32661.46,32685.58,4577.010,1626198299999,149718018.23011,30693,1911.281,62526048.98158,0
1626198300000,32685.58,32791.89,32615.00,32765.71,3772.110,1626199199999,123423021.09826,30795,1960.208,64158889.98096,0
1626199200000,32765.71,32765.71,32628.23,32629.11,3251.868,1626200099999,106298410.24446,27145,1477.559,48298997.95806,0
1626200100000,32629.12,32701.26,32623.10,32656.09,2061.351,1626200999999,67329065.00737,19823,1150.474,37579954.71357,0
1626201000000,32656.08,32684.20,32529.66,32554.21,4480.413,1626201899999,146043351.42102,36018,1892.190,61693611.87937,0
1626201900000,32555.99,32607.01,32461.06,32475.58,3530.680,1626202799999,114825920.14058,33460,1618.182,52637497.36783,0
1626202800000,32475.59,32626.46,32400.00,32412.00,6816.752,1626203699999,221575243.98317,54692,3551.233,115469692.55759,0
1626203700000,32412.00,32486.57,32228.00,32322.31,8745.965,1626204599999,282931444.82722,72164,3848.699,124556498.92515,0
1626204600000,32322.61,32414.55,32228.00,32396.97,7543.404,1626205499999,243961509.97142,60899,4104.347,132766368.99957,0
1626205500000,32396.98,32420.00,32250.02,32306.71,4118.039,1626206399999,133134966.93786,36163,2095.031,67738839.13149,0
1626206400000,32306.71,32445.00,32186.99,32399.99,8011.790,1626207299999,258881461.67077,60234,3959.757,128000404.44522,0
1626207300000,32397.86,32497.23,32372.29,32474.51,4122.420,1626208199999,133687060.25541,34959,2385.490,77365654.67161,0
1626208200000,32474.50,32474.89,32385.22,32424.00,2262.949,1626209099999,73365582.04556,21200,1034.847,33552636.72258,0
1626209100000,32424.00,32550.00,32380.00,32493.70,3120.444,1626209999999,101293769.95943,27128,1717.940,55770258.92915,0
1626210000000,32493.71,32638.97,32455.00,32470.00,5175.094,1626210899999,168469859.24543,43037,2434.583,79270712.38576,0
1626210900000,32470.01,32501.57,32386.96,32490.00,2686.570,1626211799999,87175191.83084,28484,1334.248,43297583.20506,0
1626211800000,32489.99,32585.03,32489.99,32512.99,2250.986,1626212699999,73233426.37393,24893,1172.600,38150548.90375,0
1626212700000,32512.99,32598.00,32498.16,32570.53,1900.036,1626213599999,61847962.24825,19782,949.251,30899620.64150,0
1626213600000,32570.53,32615.28,32515.00,32578.37,1947.543,1626214499999,63420457.37491,21458,957.353,31179761.54413,0
1626214500000,32578.37,32610.00,32536.82,32604.35,1911.254,1626215399999,62258416.33496,17801,867.717,28268356.26610,0
1626215400000,32604.35,32607.54,32500.00,32500.00,2377.694,1626216299999,77410319.39432,21539,1036.911,33762712.32095,0
1626216300000,32500.00,32576.46,32424.00,32571.72,3899.623,1626217199999,126690481.20081,31358,2050.777,66627997.24217,0
1626217200000,32571.72,32610.00,32517.65,32594.66,2896.667,1626218099999,94382581.16631,22681,1512.202,49277017.32717,0
1626218100000,32594.57,32750.00,32582.18,32679.95,5096.876,1626218999999,166547298.63200,39030,3022.655,98768133.20725,0
1626219000000,32679.94,32711.00,32599.97,32625.21,2254.640,1626219899999,73609264.19917,20826,986.958,32222505.74816,0
1626219900000,32625.21,32730.08,32528.40,32709.09,3999.446,1626220799999,130453884.24589,31970,2112.925,68914604.61802,0
1626220800000,32708.66,32800.00,32650.00,32676.87,6307.175,1626221699999,206390361.39606,44763,3122.195,102166811.74613,0
1626221700000,32676.87,32676.87,32575.00,32619.24,3410.221,1626222599999,111220769.87829,28422,1703.414,55552155.39451,0
1626222600000,32619.24,32671.92,32445.40,32480.56,5064.080,1626223499999,164764960.85406,43107,2364.620,76943653.33114,0
1626223500000,32480.65,32532.40,32350.00,32420.02,5085.391,1626224399999,164936173.98406,40840,2427.168,78730454.04500,0
1626224400000,32420.02,32473.57,32261.05,32267.00,6882.213,1626225299999,222668090.66476,50594,3110.322,100665453.75591,0
1626225300000,32267.00,32369.22,32256.00,32347.14,4489.149,1626226199999,145085112.48225,35260,2285.047,73856084.53367,0
1626226200000,32347.14,32444.51,32255.00,32400.00,5006.226,1626227099999,162057247.85256,38141,2953.674,95626854.72435,0
1626227100000,32399.99,32490.00,32315.92,32375.29,3462.423,1626227999999,112192304.72944,29613,1632.640,52906054.70255,0
1626228000000,32375.67,32461.27,32340.00,32440.00,2164.515,1626228899999,70152244.55937,23970,1172.715,38011436.44160,0
1626228900000,32439.99,32515.00,32433.19,32453.58,2571.277,1626229799999,83500263.42123,24575,1325.486,43046320.61065,0
1626229800000,32453.23,32508.00,32411.12,32482.18,2394.461,1626230699999,77720405.96751,19638,1299.972,42196790.39033,0
1626230700000,32484.54,32564.53,32460.00,32529.99,2376.634,1626231599999,77265527.80908,21542,1360.245,44228220.13037,0
1626231600000,32529.98,32578.95,32438.73,32442.29,3393.809,1626232499999,110264979.47052,25583,1415.931,46005297.66459,0
1626232500000,32442.30,32458.00,31626.00,31813.60,30590.096,1626233399999,976057180.60905,203713,12490.531,398177856.92605,0
1626233400000,31813.61,31871.00,31620.00,31867.93,14258.673,1626234299999,452948744.92750,98266,7591.261,241199338.95202,0
1626234300000,31865.66,31865.66,31721.80,31808.00,5907.646,1626235199999,187823767.27576,46137,2710.115,86166476.88294,0
1626235200000,31808.01,31913.77,31762.95,31886.67,6479.091,1626236099999,206258964.78516,47898,3509.740,111752954.56957,0
1626236100000,31889.60,31996.99,31880.33,31938.28,5339.427,1626236999999,170570571.50807,42687,2746.714,87747678.38819,0
1626237000000,31938.29,31970.00,31880.33,31926.09,4077.644,1626237899999,130151560.26412,31347,1897.594,60575543.98920,0
1626237900000,31926.09,31950.00,31861.28,31920.98,3283.763,1626238799999,104802182.54747,26279,1457.884,46528487.61244,0
1626238800000,31920.98,31963.04,31850.00,31933.59,4039.141,1626239699999,128921424.01722,29326,2045.218,65285569.57711,0
1626239700000,31932.78,31987.25,31890.00,31905.34,3621.680,1626240599999,115680073.41789,27735,2030.514,64865572.20898,0
1626240600000,31905.34,31933.03,31651.00,31716.59,9554.442,1626241499999,303680134.33638,62656,3685.728,117158860.90290,0
1626241500000,31716.58,31883.77,31706.40,31800.45,6894.672,1626242399999,219328104.78687,48513,3776.118,120127109.46344,0
1626242400000,31800.45,31888.80,31766.14,31800.63,4586.310,1626243299999,146017024.45127,33841,2414.136,76857981.53076,0
1626243300000,31800.64,31873.77,31748.50,31826.87,5339.179,1626244199999,169872690.14194,33575,2340.131,74455677.74155,0
1626244200000,31828.40,31909.00,31805.22,31895.01,4260.855,1626245099999,135782501.09050,31399,2414.110,76936179.08346,0
1626245100000,31895.01,31929.00,31776.28,31815.47,4191.691,1626245999999,133501429.76146,30740,2076.721,66158212.62162,0
1626246000000,31815.47,31896.62,31811.00,31889.93,2526.876,1626246899999,80521355.54449,23985,1467.418,46761751.90359,0
1626246900000,31889.93,31914.68,31840.73,31854.92,2492.561,1626247799999,79454559.19280,21766,1481.871,47240656.82125,0
1626247800000,31854.92,31979.28,31840.68,31923.72,5147.002,1626248699999,164341490.55335,34761,3045.762,97255344.57888,0
1626248700000,31923.72,31998.97,31890.75,31910.38,3688.515,1626249599999,117815388.91903,31293,1813.247,57922740.85345,0
1626249600000,31910.39,31968.28,31829.97,31941.95,4003.202,1626250499999,127715189.00225,32487,2048.674,65367692.96279,0
1626250500000,31941.95,31982.10,31862.00,31977.33,3056.558,1626251399999,97561742.59827,25103,1662.981,53092412.06383,0
1626251400000,31977.33,31981.12,31820.44,31827.04,4793.176,1626252299999,152945623.79226,33428,1624.430,51845878.24134,0
1626252300000,31827.06,31877.81,31701.00,31748.66,6623.626,1626253199999,210540760.88818,55090,3245.666,103179046.83963,0
1626253200000,31748.66,32344.54,31556.02,32190.12,40530.381,1626254099999,1297950641.25290,257376,21410.289,686068478.16882,0
1626254100000,32190.13,32500.00,32187.34,32334.21,17107.114,1626254999999,553611036.17111,122284,9740.266,315237886.62389,0
1626255000000,32334.21,32360.00,32270.28,32319.18,5366.308,1626255899999,173349378.96778,41113,2706.054,87417598.04485,0
1626255900000,32319.17,32387.72,32241.00,32312.96,6471.617,1626256799999,209012521.38157,44902,3301.406,106633012.02023,0
1626256800000,32312.96,32358.33,32257.25,32344.00,3967.170,1626257699999,128163711.27614,33586,2233.004,72144726.99495,0
1626257700000,32343.99,32700.00,32338.77,32571.85,12004.736,1626258599999,390218871.92171,93100,7186.881,233640902.25437,0
1626258600000,32571.85,32630.00,32460.93,32492.10,7217.822,1626259499999,234790091.91117,53696,3384.536,110099366.33481,0
1626259500000,32492.10,32507.00,32372.72,32410.00,5180.539,1626260399999,167969140.73343,41027,2221.487,72030275.61908,0
1626260400000,32410.01,32534.26,32405.20,32499.99,3730.040,1626261299999,121134430.08314,32075,2186.616,71007001.08791,0
1626261300000,32499.98,32548.00,32441.78,32485.31,3160.676,1626262199999,102666188.00200,27420,1448.654,47055808.91155,0
1626262200000,32485.32,32511.00,32355.00,32417.33,5047.384,1626263099999,163640378.77125,38126,2171.302,70396166.29507,0
1626263100000,32417.34,32498.00,32417.34,32440.37,2930.916,1626263999999,95130682.26918,25351,1625.892,52774517.19449,0
1626264000000,32440.36,32500.00,32380.15,32398.22,3878.673,1626264899999,125838546.19887,32605,1851.495,60078673.45202,0
1626264900000,32398.22,32414.57,32300.00,32354.99,6183.123,1626265799999,200041262.79109,47132,2608.506,84411128.24150,0
1626265800000,32354.59,32415.00,32307.85,32308.08,3213.431,1626266699999,104033616.57937,28717,1617.576,52377515.62887,0
1626266700000,32308.08,32367.28,32273.00,32305.01,3565.040,1626267599999,115226428.12528,30899,1624.657,52518680.91034,0
1626267600000,32305.01,32850.00,32304.31,32798.38,13321.064,1626268499999,433965645.11082,100276,8137.958,265106851.70799,0
1626268500000,32798.38,32888.00,32640.00,32697.18,13179.212,1626269399999,431365529.24429,95249,6493.737,212569068.72866,0
1626269400000,32697.19,32762.49,32655.24,32698.97,5545.464,1626270299999,181318120.32679,44695,2856.824,93412433.56669,0
1626270300000,32698.15,32848.00,32673.64,32758.00,6810.227,1626271199999,223085029.29425,52317,3839.101,125765230.86058,0
1626271200000,32758.01,32945.00,32758.01,32824.01,9434.839,1626272099999,309916889.64679,75339,5045.971,165774363.21267,0
1626272100000,32824.01,32827.00,32717.16,32749.61,6293.153,1626272999999,206187373.32222,48021,2628.141,86112628.86482,0
1626273000000,32749.61,32933.53,32749.61,32757.89,7375.081,1626273899999,242101453.96127,54418,3650.086,119834889.26751,0
1626273900000,32757.90,32850.00,32732.00,32846.22,4739.913,1626274799999,155406808.53885,35179,2226.011,73004847.07228,0
1626274800000,32846.22,32900.99,32778.03,32868.61,4385.110,1626275699999,144003303.94152,38257,2229.503,73225501.75628,0
1626275700000,32868.61,32920.00,32770.00,32774.53,3435.554,1626276599999,112803251.34947,29532,1380.183,45326971.35925,0
1626276600000,32774.54,32859.04,32741.00,32757.47,4068.096,1626277499999,133423191.91343,35572,1950.513,63983250.56527,0
1626277500000,32757.46,32807.27,32725.00,32772.97,3860.093,1626278399999,126466382.49430,36499,1942.503,63648588.53525,0
1626278400000,32772.96,32826.97,32754.15,32798.71,2972.104,1626279299999,97470095.07239,28198,1461.194,47922428.90381,0
1626279300000,32798.71,32849.80,32700.00,32817.82,5474.260,1626280199999,179406002.88998,42291,2520.958,82634420.79891,0
1626280200000,32816.95,32888.00,32650.00,32766.72,7897.584,1626281099999,258923024.28311,57929,3612.197,118445970.65700,0
1626281100000,32766.73,32858.54,32755.99,32820.82,2949.018,1626281999999,96739936.84865,24077,1591.373,52207610.61146,0
1626282000000,32821.06,32887.00,32795.96,32865.65,2892.742,1626282899999,95000779.51355,25482,1464.171,48091206.72257,0
1626282900000,32865.66,32890.00,32775.83,32790.74,2681.957,1626283799999,88035860.65893,23870,1240.392,40720487.25989,0
1626283800000,32790.74,32831.43,32760.10,32779.86,1475.944,1626284699999,48398318.36346,16896,731.910,24002053.16103,0
1626284700000,32779.86,32860.21,32779.85,32818.90,1966.827,1626285599999,64568802.98672,18285,964.019,31647517.58678,0
1626285600000,32818.91,32922.00,32786.50,32807.01,3660.059,1626286499999,120215519.80088,27414,2104.489,69138057.41302,0
1626286500000,32807.01,32900.00,32798.59,32866.18,2315.450,1626287399999,76094298.46332,20291,1245.518,40931876.08722,0
1626287400000,32866.18,33176.47,32851.51,32967.36,11391.405,1626288299999,376081644.50462,75170,6804.477,224699371.17450,0
1626288300000,32967.37,32988.40,32648.38,32731.01,9741.299,1626289199999,319373624.81179,77186,4379.251,143573360.26476,0
1626289200000,32731.01,32763.96,32560.00,32650.29,7872.989,1626290099999,257090583.96090,58961,3502.129,114380151.26055,0
1626290100000,32650.29,32719.99,32647.00,32676.91,3546.681,1626290999999,115935485.01304,27341,1760.634,57556953.97706,0
1626291000000,32676.90,32787.96,32674.61,32751.93,2861.805,1626291899999,93699349.76923,25015,1670.668,54700918.11408,0
1626291900000,32750.00,32784.00,32688.15,32717.98,1941.183,1626292799999,63571767.48689,18903,899.192,29452298.89827,0
1626292800000,32717.98,32801.95,32692.31,32776.79,1938.147,1626293699999,63493644.72698,19706,1043.209,34178908.12104,0
1626293700000,32776.79,32827.00,32756.29,32821.99,1897.172,1626294599999,62227552.36533,18097,1020.342,33469508.06441,0
1626294600000,32822.00,32822.00,32730.47,32735.58,1700.156,1626295499999,55709822.23526,17100,663.745,21749765.84583,0
1626295500000,32735.57,32848.83,32732.02,32782.77,2358.468,1626296399999,77356451.25406,18555,1579.684,51815158.87039,0
1626296400000,32782.76,32899.38,32781.69,32813.85,2496.357,1626297299999,81974332.25181,24183,1595.286,52392762.58456,0
1626297300000,32813.84,32934.46,32804.10,32849.28,3452.609,1626298199999,113470074.03461,29236,1860.071,61141690.63877,0
1626298200000,32849.28,32912.32,32826.50,32850.83,1661.462,1626299099999,54607380.86963,19816,700.184,23014802.81191,0
1626299100000,32850.80,32872.00,32815.46,32834.17,1258.173,1626299999999,41318794.61202,16635,587.539,19296317.48145,0
1626300000000,32834.16,32864.05,32726.12,32806.17,3262.436,1626300899999,107002558.79001,26565,1613.612,52926736.46109,0
1626300900000,32805.66,32950.00,32805.16,32870.01,3165.736,1626301799999,104122988.83682,29392,1537.749,50578066.41694,0
1626301800000,32870.01,33000.00,32870.00,32973.23,2823.957,1626302699999,93041822.10468,26434,1562.244,51471269.64126,0
1626302700000,32973.22,33046.23,32930.01,32936.85,3083.061,1626303599999,101649091.49514,25462,1493.091,49234385.89274,0
1626303600000,32936.84,32954.28,32760.24,32793.53,3446.324,1626304499999,113276196.20638,28482,1430.464,47014619.61492,0
1626304500000,32794.07,32840.00,32779.00,32779.00,1913.059,1626305399999,62757332.22957,20321,1025.165,33632629.81463,0
1626305400000,32779.00,32826.08,32666.66,32735.58,3520.973,1626306299999,115293167.74968,31386,1642.703,53806363.32925,0
1626306300000,32735.58,32832.01,32710.00,32803.01,2154.837,1626307199999,70618354.78746,20916,1264.245,41435158.64118,0
1626307200000,32803.00,32862.98,32705.00,32762.19,3398.223,1626308099999,111389700.04247,29085,1546.103,50681965.89025,0
1626308100000,32762.20,32818.39,32642.01,32798.64,3780.084,1626308999999,123758307.78323,29602,1864.702,61051440.72088,0
1626309000000,32798.65,32967.98,32743.22,32905.56,4314.022,1626309899999,141833416.63607,33284,2328.431,76552720.71372,0
1626309900000,32905.56,33027.99,32905.55,32930.31,4253.851,1626310799999,140235597.61658,33887,2145.852,70747890.94896,0
1626310800000,32930.31,33170.00,32930.30,33120.28,9191.809,1626311699999,304241391.39356,67716,4889.482,161836287.50698,0
1626311700000,33120.29,33137.41,32830.01,32892.02,6823.440,1626312599999,224906609.10125,46959,2684.948,88476920.00157,0
1626312600000,32892.03,32892.04,32780.00,32790.22,4185.973,1626313499999,137428761.14952,30650,1942.531,63782487.98984,0
1626313500000,32786.12,32847.82,32750.00,32769.94,2675.486,1626314399999,87766658.25174,23347,1343.109,44066375.09154,0
1626314400000,32769.94,32896.12,32716.02,32872.78,4780.816,1626315299999,156931503.42965,34454,2848.720,93533336.19476,0
1626315300000,32872.78,32872.80,32751.00,32771.21,2553.287,1626316199999,83749992.61298,21408,955.023,31323089.81174,0
1626316200000,32771.22,32774.75,32684.30,32740.64,3846.242,1626317099999,125876115.70832,29088,1736.756,56844599.69588,0
1626317100000,32740.64,32773.48,32714.50,32753.34,1588.194,1626317999999,52011964.85357,17007,793.056,25972448.33090,0
1626318000000,32753.34,32753.35,32666.00,32666.25,2649.642,1626318899999,86642693.73730,24492,1236.188,40425686.55763,0
1626318900000,32666.24,32776.99,32625.38,32769.99,4002.780,1626319799999,130884637.94395,31763,1968.740,64389166.41328,0
1626319800000,32769.99,32770.00,32689.60,32709.37,1905.410,1626320699999,62353630.54113,18878,932.012,30501159.17746,0
1626320700000,32709.38,32760.00,32614.55,32619.72,2945.689,1626321599999,96279715.79438,22617,1124.031,36754544.82121,0
1626321600000,32620.19,32671.11,32426.87,32472.30,11601.793,1626322499999,377242864.49030,76774,5056.363,164389590.11888,0
1626322500000,32472.31,32637.63,32469.31,32620.53,4262.390,1626323399999,138808664.20431,31709,2683.016,87375559.57304,0
1626323400000,32620.55,32675.06,32523.00,32607.09,4650.294,1626324299999,151604408.15881,33817,2354.301,76762667.85565,0
1626324300000,32607.09,32670.85,32533.78,32661.00,3358.005,1626325199999,109469878.53883,26510,1866.872,60870071.71510,0
1626325200000,32661.00,32664.37,32544.02,32570.00,2844.556,1626326099999,92700392.66582,22873,1354.150,44128834.26541,0
1626326100000,32569.99,32633.94,32534.61,32609.19,2015.862,1626326999999,65692890.59981,20505,1083.248,35303805.07649,0
1626327000000,32609.19,32650.00,32553.00,32577.00,1756.486,1626327899999,57253977.53944,19119,898.957,29304907.03660,0
1626327900000,32576.99,32577.00,32460.58,32570.00,3784.793,1626328799999,123080019.30961,29721,1729.219,56238845.15403,0
1626328800000,32569.99,32647.00,32515.10,32616.35,2611.087,1626329699999,85068234.69891,22432,1433.919,46721509.52263,0
1626329700000,32616.35,32616.35,32427.00,32472.62,3906.889,1626330599999,127060762.56040,28578,1599.944,52033270.97046,0
1626330600000,32472.61,32522.25,32350.89,32511.58,6967.007,1626331499999,226061636.12044,48384,3447.251,111885973.34318,0
1626331500000,32511.58,32574.00,32457.54,32463.68,3535.453,1626332399999,114974773.14366,27356,1354.771,44066592.68641,0
1626332400000,32463.69,32544.39,32370.00,32510.49,4940.495,1626333299999,160286504.53748,38764,2620.753,85028971.01380,0
1626333300000,32510.49,32590.00,32450.00,32529.41,3900.623,1626334199999,126842440.66716,31439,2040.816,66367142.27670,0
1626334200000,32529.11,32529.11,32413.84,32413.84,2481.419,1626335099999,80530737.34549,21737,1151.403,37367620.81057,0
1626335100000,32413.84,32468.61,32352.00,32461.00,4422.571,1626335999999,143352207.05307,33280,2386.588,77363319.90736,0
1626336000000,32461.00,32540.00,32384.29,32440.69,5208.224,1626336899999,169140678.07318,40932,2646.953,85972196.37377,0
1626336900000,32440.69,32458.01,32323.80,32410.00,6546.557,1626337799999,212020251.23035,46415,3230.373,104634872.38738,0
1626337800000,32409.99,32418.00,32303.00,32399.99,4916.978,1626338699999,159123526.51056,38342,2282.209,73864778.98365,0
1626338700000,32399.99,32469.00,32365.00,32369.84,3122.678,1626339599999,101202214.82589,26720,1606.994,52086040.27532,0
1626339600000,32369.83,32490.00,32331.00,32470.57,5075.728,1626340499999,164525168.79243,37256,2741.622,88878549.61922,0
1626340500000,32470.57,32620.00,32455.56,32491.42,6645.002,1626341399999,216228191.49631,49092,3624.649,117959846.52339,0
1626341400000,32491.43,32550.00,32428.12,32493.78,4245.124,1626342299999,137921187.71901,33899,2054.778,66763220.16243,0
1626342300000,32493.78,32524.62,32433.00,32495.61,2920.466,1626343199999,94843005.19770,24390,1615.330,52458712.79320,0
1626343200000,32495.60,32576.43,32475.00,32526.10,3347.464,1626344099999,108880361.24868,27817,1872.156,60899685.74632,0
1626344100000,32524.98,32524.99,32101.00,32164.16,18893.494,1626344999999,609332840.16306,121966,7593.530,244855655.03217,0
1626345000000,32163.44,32164.67,31850.00,31898.48,19306.443,1626345899999,617735000.76720,140560,8323.256,266380024.53783,0
1626345900000,31898.98,31977.96,31801.00,31853.67,11562.840,1626346799999,368805929.33505,81776,5364.059,171137077.15930,0
1626346800000,31853.66,31942.13,31800.00,31917.46,6592.541,1626347699999,210259534.97856,49402,3559.035,113525646.70714,0
1626347700000,31917.46,31920.00,31763.14,31821.29,7074.598,1626348599999,225304407.83535,53062,2943.886,93768010.97912,0
1626348600000,31821.30,31913.00,31800.87,31900.00,3445.764,1626349499999,109844904.77221,30104,1995.503,63616630.06802,0
1626349500000,31900.00,31970.00,31840.14,31866.95,5918.921,1626350399999,188922977.52396,42344,2840.298,90666311.93211,0
1626350400000,31866.95,32130.00,31600.00,31732.99,25489.147,1626351299999,811594260.20752,172715,12327.243,392775678.31819,0
1626351300000,31732.99,31882.62,31694.08,31746.18,7680.029,1626352199999,244201035.78468,57435,4038.119,128412926.75589,0
1626352200000,31746.18,31813.47,31606.00,31642.62,7887.378,1626353099999,250002244.20453,59659,3827.846,121353016.99244,0
1626353100000,31643.74,31785.61,31580.00,31706.26,7528.024,1626353999999,238595534.17321,57845,4056.352,128590592.52062,0
1626354000000,31706.25,31788.00,31635.00,31731.74,5147.047,1626354899999,163222531.10062,42491,2569.625,81500811.20977,0
1626354900000,31731.75,31911.00,31401.20,31740.91,22740.238,1626355799999,719931355.80960,144710,10880.380,344697642.61991,0
1626355800000,31740.92,31899.00,31650.00,31748.28,10973.241,1626356699999,348863292.18634,79522,5525.149,175670808.80319,0
1626356700000,31748.28,31894.78,31711.87,31801.74,6128.351,1626357599999,194948411.89954,45380,3343.342,106357532.63684,0
1626357600000,31801.74,31935.23,31756.24,31864.63,7860.009,1626358499999,250361266.45261,52808,4158.444,132473613.65819,0
1626358500000,31864.64,31864.64,31715.00,31735.69,4957.741,1626359399999,157546643.39675,38104,2006.471,63760446.55160,0
1626359400000,31735.68,31865.00,31658.58,31767.12,5885.286,1626360299999,186952944.77709,42623,3254.024,103388354.23062,0
1626360300000,31766.89,31831.62,31739.13,31753.29,3495.581,1626361199999,111116872.34164,25904,1665.335,52940139.96719,0
1626361200000,31753.28,31800.01,31703.46,31780.01,3667.109,1626362099999,116444920.28699,27643,1957.098,62151050.78239,0
1626362100000,31780.01,31820.00,31751.75,31793.82,2537.142,1626362999999,80658818.56434,21957,1382.089,43939863.67331,0
1626363000000,31793.23,31793.23,31664.00,31676.01,4146.680,1626363899999,131510668.62478,33854,1912.613,60658608.54690,0
1626363900000,31676.01,31744.64,31654.13,31673.40,3132.178,1626364799999,99295592.97984,26415,1632.197,51744689.44020,0
1626364800000,31673.40,31731.20,31566.10,31619.59,7095.229,1626365699999,224584021.71894,54127,3260.296,103222035.50777,0
1626365700000,31619.59,31624.85,31520.00,31557.17,7283.038,1626366599999,229949892.58256,54195,3250.232,102636062.93465,0
1626366600000,31555.83,31675.97,31464.00,31663.70,7494.301,1626367499999,236555439.38828,55317,3936.624,124310629.63242,0
1626367500000,31663.70,31725.00,31500.00,31591.22,6029.897,1626368399999,190494810.04411,46547,2940.729,92903829.25722,0
1626368400000,31591.22,31591.31,31180.00,31274.00,17926.976,1626369299999,561851581.35296,119985,6595.458,206739965.36632,0
1626369300000,31274.00,31344.97,31150.00,31335.00,10118.879,1626370199999,316349210.34932,79790,5105.241,159653857.63308,0
1626370200000,31335.00,31431.96,31250.00,31277.35,8285.287,1626371099999,259665557.59709,56137,4014.287,125828631.60428,0
1626371100000,31277.34,31338.00,31140.00,31265.99,7968.802,1626371999999,248805074.89373,61273,3993.293,124701058.99033,0
1626372000000,31266.00,31350.00,31213.66,31299.99,5582.346,1626372899999,174766514.78732,41724,2981.406,93347215.88194,0
1626372900000,31299.99,31435.00,31290.73,31390.00,4286.327,1626373799999,134480341.90483,33464,2463.429,77290496.05368,0
1626373800000,31390.00,31429.52,31359.19,31407.06,3418.278,1626374699999,107305191.86435,23848,1449.447,45502695.08462,0
1626374700000,31407.06,31496.00,31314.71,31434.40,5199.874,1626375599999,163390853.29994,36287,2615.561,82208797.16835,0
1626375600000,31434.40,31453.82,31377.01,31411.02,2767.583,1626376499999,86934282.71431,21288,1326.748,41679014.63543,0
1626376500000,31411.02,31776.50,31411.01,31562.19,12215.939,1626377399999,386095397.41246,77523,6845.236,216335536.42636,0
1626377400000,31562.19,31562.19,31466.80,31471.31,3080.640,1626378299999,97045832.42436,25769,1354.705,42677005.48323,0
1626378300000,31471.30,31629.37,31460.00,31513.98,3740.727,1626379199999,117986738.11987,29347,1910.428,60261673.61287,0
1626379200000,31513.99,31627.91,31509.65,31613.86,2875.715,1626380099999,90825102.31567,25180,1598.116,50475079.16513,0
1626380100000,31613.86,31700.00,31580.13,31682.91,4122.356,1626380999999,130392194.20386,28503,2361.337,74696494.18790,0
1626381000000,31682.90,31682.91,31578.00,31610.05,3382.064,1626381899999,106919025.38130,25807,1448.752,45800922.41234,0
1626381900000,31610.05,31748.00,31602.27,31723.03,3692.617,1626382799999,117033611.94803,29657,1976.559,62645931.25063,0
1626382800000,31723.74,31750.00,31675.41,31716.25,2587.387,1626383699999,82068491.86800,25384,1236.568,39224394.33016,0
1626383700000,31716.24,31752.49,31683.00,31719.99,2127.794,1626384599999,67491768.86859,23069,1087.217,34489992.35431,0
1626384600000,31720.00,31747.56,31685.14,31712.86,1912.726,1626385499999,60666983.04952,22143,776.926,24644198.27724,0
1626385500000,31712.86,31790.00,31618.90,31646.69,2960.591,1626386399999,93902614.15694,25858,1371.944,43527961.05455,0
1626386400000,31646.69,31775.59,31607.27,31722.99,3463.098,1626387299999,109784247.82850,28349,1761.992,55859350.96789,0
1626387300000,31723.00,31845.05,31722.99,31819.05,4634.647,1626388199999,147425920.99158,35374,2615.406,83195707.16529,0
1626388200000,31819.05,31819.05,31727.00,31761.03,2498.329,1626389099999,79368198.56360,21177,1114.371,35401778.40011,0
1626389100000,31761.02,31763.73,31705.58,31750.22,1784.777,1626389999999,56632678.60916,17722,878.772,27886321.83465,0
1626390000000,31750.21,31809.09,31713.69,31766.63,2283.525,1626390899999,72528890.43207,20407,1136.083,36086183.46938,0
1626390900000,31767.84,31807.00,31751.00,31793.79,1787.041,1626391799999,56800888.78437,16198,921.045,29275476.78949,0
1626391800000,31793.78,31803.00,31500.00,31508.41,5190.887,1626392699999,164142587.97661,45074,2059.831,65139084.16101,0
1626392700000,31508.41,31876.00,31506.80,31866.43,7301.316,1626393599999,231404603.01878,50010,4389.791,139118616.81618,0
1626393600000,31865.53,31934.91,31625.93,31789.99,10271.762,1626394499999,326459415.06384,71093,5187.294,164870009.88618,0
1626394500000,31790.00,31790.00,31636.27,31663.02,2983.043,1626395399999,94564682.03909,26735,1281.668,40628231.58550,0
1626395400000,31663.01,31699.71,31557.84,31593.47,3997.256,1626396299999,126345495.07314,30579,1852.245,58546977.59379,0
1626396300000,31593.47,31666.23,31550.00,31630.00,2657.698,1626397199999,84011341.29132,21254,1485.344,46957365.45367,0
1626397200000,31630.00,31764.00,31629.99,31760.00,2888.274,1626398099999,91574288.65910,26061,1670.025,52948769.65318,0
1626398100000,31760.00,31849.00,31700.00,31786.38,4049.023,1626398999999,128738549.70426,30119,2038.441,64821479.02850,0
1626399000000,31786.38,31850.00,31780.00,31780.48,2240.751,1626399899999,71292154.48112,21426,967.820,30795063.99721,0
1626399900000,31780.49,31874.00,31742.54,31789.98,2734.279,1626400799999,86970610.20719,23387,1606.378,51100714.60544,0
1626400800000,31789.99,32042.81,31789.99,31972.55,8254.410,1626401699999,263639336.68336,54608,5007.697,159955286.50959,0
1626401700000,31972.55,31996.97,31863.00,31891.19,3732.250,1626402599999,119097728.58817,28426,1605.518,51230899.62698,0
1626402600000,31891.19,31932.00,31800.00,31901.54,3745.421,1626403499999,119320587.46785,29690,1988.882,63371257.35483,0
1626403500000,31901.15,31950.00,31862.25,31892.90,2571.833,1626404399999,82087284.27160,22951,1184.445,37808821.60563,0
1626404400000,31892.90,32000.00,31864.64,31955.59,2871.189,1626405299999,91658566.67953,25588,1574.024,50258161.94839,0
1626405300000,31955.36,31977.00,31893.65,31937.44,2237.222,1626406199999,71441396.55314,20853,964.143,30790737.61732,0
1626406200000,31937.45,32007.70,31879.86,31900.00,3433.512,1626407099999,109703904.35746,26394,1711.912,54707323.97377,0
1626407100000,31900.00,31928.90,31855.02,31897.05,2303.643,1626407999999,73464679.00106,20060,1138.678,36314894.82075,0
1626408000000,31897.39,32000.00,31897.38,31936.79,3209.640,1626408899999,102567504.55879,25949,1705.665,54506653.61721,0
1626408900000,31936.80,31961.17,31829.79,31870.00,3362.156,1626409799999,107229786.74915,27384,1579.804,50394687.46374,0
1626409800000,31869.99,31936.20,31840.00,31903.65,3226.344,1626410699999,102882166.36167,22472,1889.610,60263356.60653,0
1626410700000,31903.66,31947.84,31876.33,31890.72,2103.585,1626411599999,67154912.93111,17733,975.110,31130946.16228,0
1626411600000,31890.71,31950.00,31850.00,31890.09,2399.828,1626412499999,76539765.91950,21016,1185.078,37795214.65624,0
1626412500000,31890.09,31891.19,31704.00,31737.84,5931.634,1626413399999,188560163.27206,41788,2522.215,80181485.90385,0
1626413400000,31737.84,31846.42,31737.84,31793.62,2890.946,1626414299999,91970253.98811,23959,1537.099,48902118.13412,0
1626414300000,31793.61,31840.00,31730.00,31792.60,2771.341,1626415199999,88100826.05614,24290,1395.942,44377031.05763,0
1626415200000,31792.60,31800.21,31724.04,31741.00,2412.195,1626416099999,76601020.52767,23782,1073.241,34081070.78635,0
1626416100000,31742.90,31767.98,31606.58,31661.64,5457.521,1626416999999,172889255.91240,43046,2585.256,81902870.97865,0
1626417000000,31661.64,31691.40,31550.00,31567.98,5327.074,1626417899999,168422805.39143,40693,2446.227,77343321.70279,0
1626417900000,31567.98,31641.41,31534.41,31601.26,3685.599,1626418799999,116414740.81984,32401,1916.847,60552453.02755,0
1626418800000,31601.26,31720.00,31601.26,31704.99,4414.289,1626419699999,139831497.64327,34404,2495.590,79051874.79482,0
1626419700000,31704.98,31710.00,31601.12,31646.73,2692.534,1626420599999,85246456.19670,23750,1207.818,38242644.36001,0
1626420600000,31646.73,31670.98,31537.34,31616.29,5102.799,1626421499999,161269318.47898,34014,2123.620,67126445.69425,0
1626421500000,31616.28,31808.27,31610.10,31768.61,3774.696,1626422399999,119645515.11700,28444,2451.584,77723410.93600,0
1626422400000,31768.61,31772.98,31569.25,31642.17,6003.601,1626423299999,189992165.23845,46237,3027.178,95797034.37942,0
1626423300000,31642.17,31680.00,31580.07,31580.07,3267.083,1626424199999,103346984.27481,26252,1396.997,44194277.81809,0
1626424200000,31580.07,31638.05,31424.25,31482.96,7613.254,1626425099999,239960275.34313,57754,3370.089,106229941.56189,0
1626425100000,31482.96,31482.97,31358.09,31459.41,7165.509,1626425999999,225189663.97480,56185,3238.202,101783912.94091,0
1626426000000,31459.41,31519.49,31333.00,31362.34,5828.895,1626426899999,183099828.70802,50475,2694.384,84644847.36367,0
1626426900000,31362.34,31430.00,31316.58,31387.37,4446.979,1626427799999,139555902.96702,38978,2382.709,74783545.96483,0
1626427800000,31387.36,31447.95,31375.00,31406.93,2853.555,1626428699999,89652978.27168,26244,1515.913,47631484.92409,0
1626428700000,31406.94,31461.57,31345.58,31391.87,3424.836,1626429599999,107572069.57629,28347,1701.425,53445756.32070,0
1626429600000,31391.87,31444.00,31347.37,31348.11,2912.480,1626430499999,91441708.86430,27187,1460.807,45868545.01758,0
1626430500000,31348.12,31375.00,31200.00,31269.99,8943.667,1626431399999,279731727.20082,71001,3993.722,124929706.63199,0
1626431400000,31268.02,31369.60,31123.00,31367.43,10475.410,1626432299999,327171897.87630,77884,5660.037,176844023.36648,0
1626432300000,31367.43,31449.00,31226.95,31303.00,8980.203,1626433199999,281397643.08717,69492,4518.730,141593361.54010,0
1626433200000,31302.59,31302.59,31165.20,31172.59,5626.041,1626434099999,175675677.17302,45294,2745.874,85744060.14293,0
1626434100000,31172.58,31250.00,31113.52,31214.17,6741.373,1626434999999,210223370.68294,54125,3465.567,108094270.82277,0
1626435000000,31214.16,31250.23,31050.00,31078.33,8667.268,1626435899999,269884480.99308,66569,3735.245,116350998.95770,0
1626435900000,31078.33,31195.00,31018.59,31080.62,6990.501,1626436799999,217594011.37916,55319,3496.942,108867610.19504,0
1626436800000,31080.63,31290.00,31059.16,31194.35,7298.420,1626437699999,227719696.48672,62938,3986.422,124377514.48284,0
1626437700000,31194.34,31557.40,31194.34,31376.28,16742.224,1626438599999,525674900.94762,111983,9392.604,294883756.52180,0
1626438600000,31376.23,31423.00,31205.32,31222.72,6705.802,1626439499999,210027290.93801,49134,2892.381,90612324.34517,0
1626439500000,31222.71,31789.35,31177.01,31699.99,23798.022,1626440399999,750674549.87488,151031,14248.817,449434279.90377,0
1626440400000,31699.99,31955.87,31694.64,31772.55,17632.634,1626441299999,561296009.62168,127229,9177.729,292177750.10019,0
1626441300000,31772.43,31888.00,31701.00,31849.76,7790.191,1626442199999,247602167.65124,60860,4243.885,134920884.92009,0
1626442200000,31849.44,31957.93,31780.03,31783.81,8634.855,1626443099999,275121962.99153,62814,4477.977,142705878.01280,0
1626443100000,31783.81,31834.72,31718.00,31754.45,4979.110,1626443999999,158215950.89783,37815,2754.398,87534383.17619,0
1626444000000,31754.53,31850.00,31735.00,31837.63,6391.429,1626444899999,203255188.42117,36832,3306.393,105147476.32724,0
1626444900000,31837.62,31938.00,31796.00,31907.30,6077.858,1626445799999,193680385.93162,45546,3405.291,108525751.99676,0
1626445800000,31906.29,31913.84,31820.00,31867.94,3396.626,1626446699999,108210915.42017,27085,1679.080,53492978.07283,0
1626446700000,31867.95,31910.00,31818.42,31842.07,3362.503,1626447599999,107133737.08540,26196,1697.530,54090054.70371,0
1626447600000,31842.07,31980.00,31780.00,31845.02,9524.340,1626448499999,303602538.69456,64081,4860.883,154965483.13275,0
1626448500000,31845.01,31970.00,31845.01,31937.08,5481.565,1626449399999,174928227.19758,39535,3106.737,99151192.61437,0
1626449400000,31937.09,32100.00,31919.87,32086.66,13322.322,1626450299999,426655404.42802,92140,7799.619,249822170.80460,0
1626450300000,32086.65,32187.00,32040.00,32105.81,11015.211,1626451199999,353653921.36869,71114,5772.123,185346419.61749,0
1626451200000,32105.81,32166.02,31801.00,31830.60,14778.726,1626452099999,472538538.75682,97041,5826.425,186285251.77457,0
1626452100000,31830.59,32183.40,31780.00,32073.37,16309.363,1626452999999,522535885.60776,101090,8576.755,274753198.69743,0
1626453000000,32073.37,32245.00,31924.05,32032.00,12448.095,1626453899999,399656283.19077,87157,6646.453,213464612.41244,0
1626453900000,32032.00,32049.88,31926.84,32044.55,4692.319,1626454799999,150124247.66523,37989,2278.690,72910503.54788,0
1626454800000,32044.55,32116.40,31983.00,32032.99,3861.714,1626455699999,123805652.97166,30939,2084.615,66835306.30587,0
1626455700000,32033.00,32101.61,31950.00,31969.81,3791.727,1626456599999,121434398.05050,29198,1690.838,54159947.40999,0
1626456600000,31969.81,32004.31,31910.00,32004.30,3859.695,1626457499999,123357906.10391,32523,1931.907,61754222.85818,0
1626457500000,32004.30,32073.00,31951.51,32044.48,2857.130,1626458399999,91478377.27720,25132,1615.318,51721318.64092,0
1626458400000,32044.48,32064.99,31905.00,31921.98,3208.693,1626459299999,102558875.25613,26454,1509.457,48247762.70785,0
1626459300000,31921.97,31974.59,31920.63,31942.49,1859.362,1626460199999,59416699.58740,17138,1036.460,33119537.57281,0
1626460200000,31942.46,32014.98,31942.00,31980.28,2275.998,1626461099999,72794741.44101,19008,1170.115,37425705.26336,0
1626461100000,31980.27,32028.23,31918.19,31943.28,2386.693,1626461999999,76300932.81069,20412,1169.699,37394126.42941,0
1626462000000,31943.28,32037.53,31932.13,31968.49,2411.381,1626462899999,77135752.30120,19969,1366.711,43721554.16109,0
1626462900000,31968.49,32060.00,31939.93,31946.57,3719.805,1626463799999,119097993.55568,25100,1720.179,55086933.27028,0
1626463800000,31947.00,31969.73,31850.00,31851.97,5558.862,1626464699999,177340872.75872,38019,2370.948,75647796.97005,0
1626464700000,31851.97,31921.21,31850.14,31898.02,2232.611,1626465599999,71190873.29611,19413,1206.234,38463346.42342,0
1626465600000,31898.02,31976.11,31856.75,31934.26,2567.629,1626466499999,81959912.15426,23093,1446.096,46163243.17864,0
1626466500000,31934.26,31934.26,31802.67,31925.76,3007.423,1626467399999,95870349.40309,25618,1252.503,39939448.42843,0
1626467400000,31925.76,31942.00,31862.36,31893.51,2236.766,1626468299999,71357646.48676,19475,1190.053,37963272.20235,0
1626468300000,31893.51,31931.38,31814.00,31814.00,2435.080,1626469199999,77586983.20072,22170,1181.043,37631970.67598,0
1626469200000,31814.00,31853.41,31708.77,31729.96,5547.391,1626470099999,176336829.93006,40877,2716.471,86371458.58342,0
1626470100000,31728.06,31817.51,31643.32,31755.73,5074.196,1626470999999,161055904.80247,43592,2414.775,76668261.20796,0
1626471000000,31755.73,31805.00,31735.51,31762.35,1795.727,1626471899999,57066405.66204,22236,958.465,30460644.70374,0
1626471900000,31762.35,31804.09,31710.00,31710.89,1695.063,1626472799999,53843381.91669,18896,811.709,25785665.13225,0
1626472800000,31710.43,31844.46,31710.00,31821.97,2429.607,1626473699999,77207667.98701,23112,1489.121,47321959.47339,0
1626473700000,31821.96,31845.12,31737.00,31753.81,1983.651,1626474599999,63059432.21934,18475,991.238,31510617.50340,0
1626474600000,31753.82,31753.82,31555.00,31572.31,6300.057,1626475499999,199314169.81089,47268,2571.971,81376423.77248,0
1626475500000,31572.31,31666.00,31531.00,31574.08,5302.286,1626476399999,167534944.65096,34741,2910.939,91992367.02348,0
1626476400000,31574.08,31620.00,31523.04,31594.96,2907.458,1626477299999,91834478.33906,25277,1566.795,49494548.56101,0
1626477300000,31594.95,31623.00,31461.60,31499.92,4102.156,1626478199999,129409993.10114,31360,1885.159,59487591.14894,0
1626478200000,31499.92,31499.92,31325.00,31389.20,7684.252,1626479099999,241354780.53581,54848,3414.426,107255279.41473,0
1626479100000,31389.68,31435.53,31353.44,31382.95,3429.313,1626479999999,107689030.00393,28373,1840.136,57790156.30892,0
1626480000000,31382.96,31547.58,31206.76,31260.87,12752.797,1626480899999,399726953.94276,84900,6051.403,189755997.95381,0
1626480900000,31260.39,31288.05,31150.02,31255.99,7217.806,1626481799999,225361575.70262,51286,3673.398,114722131.23424,0
1626481800000,31256.00,31396.00,31240.00,31376.39,5182.197,1626482699999,162312014.81951,38682,3082.650,96559866.53618,0
1626482700000,31376.39,31629.08,31315.46,31623.86,8748.788,1626483599999,275464968.72449,59199,5244.324,165146603.36126,0
1626483600000,31623.86,31633.41,31451.90,31488.00,5702.308,1626484499999,179712027.92324,38752,2505.167,78959400.54335,0
1626484500000,31488.58,31531.72,31430.26,31482.18,3141.770,1626485399999,98872056.54678,24834,1589.689,50030337.24472,0
1626485400000,31482.09,31486.45,31250.29,31285.12,5291.252,1626486299999,165993117.79120,41810,2328.072,73041976.36757,0
1626486300000,31285.12,31409.43,31276.40,31381.61,5847.578,1626487199999,183329553.45044,43682,3541.130,111029195.20398,0
1626487200000,31381.61,31399.01,31251.00,31311.96,4033.716,1626488099999,126263492.00176,30723,1996.879,62509436.53726,0
1626488100000,31311.49,31373.19,31237.32,31275.25,3628.728,1626488999999,113573755.26094,29773,1695.545,53071854.05518,0
1626489000000,31274.43,31495.00,31267.39,31439.92,5926.400,1626489899999,186076400.36439,42533,3711.294,116517979.79968,0
1626489900000,31439.92,31445.00,31255.23,31320.54,5333.045,1626490799999,167074167.00227,34195,1892.054,59270225.59045,0
1626490800000,31322.57,31382.56,31268.46,31336.52,3046.017,1626491699999,95429901.12030,23041,1500.559,47011858.87751,0
1626491700000,31336.52,31462.99,31334.96,31456.83,3626.557,1626492599999,113925984.09411,27790,2057.519,64633796.26275,0
1626492600000,31456.61,31456.61,31330.05,31368.79,2758.074,1626493499999,86531561.72930,21514,1313.164,41197344.91515,0
1626493500000,31368.79,31369.14,31272.20,31301.37,3210.130,1626494399999,100497200.86334,26462,1536.829,48113219.18199,0
1626494400000,31301.38,31357.99,31175.14,31226.01,5429.005,1626495299999,169610637.82626,42062,2280.970,71271215.46222,0
1626495300000,31226.01,31287.62,31218.00,31266.66,2752.960,1626496199999,86044948.30287,22990,1484.482,46400629.96610,0
1626496200000,31266.86,31373.69,31252.24,31343.33,3696.964,1626497099999,115807493.35531,27992,2091.282,65507611.86674,0
1626497100000,31343.33,31430.27,31290.00,31367.51,3790.063,1626497999999,118885670.99227,29785,2061.187,64661270.00770,0
1626498000000,31367.45,31416.81,31347.41,31389.78,2646.869,1626498899999,83062532.26034,21879,1307.334,41028888.30265,0
1626498900000,31389.51,31520.00,31384.96,31496.99,5933.843,1626499799999,186712580.91228,37391,3405.993,107166433.76245,0
1626499800000,31496.52,31510.00,31435.02,31444.99,3090.835,1626500699999,97266639.95131,23989,1336.032,42045140.51807,0
1626500700000,31445.00,31471.79,31405.00,31468.88,2746.841,1626501599999,86349932.62896,21568,1357.972,42694447.87290,0
1626501600000,31471.07,31545.00,31419.00,31531.24,3244.734,1626502499999,102143830.62110,25566,1816.460,57189484.42122,0
1626502500000,31531.24,31533.99,31444.29,31479.98,2213.361,1626503399999,69658178.01575,19677,927.966,29203603.29628,0
1626503400000,31479.98,31545.00,31455.74,31508.01,2500.033,1626504299999,78749409.97722,23225,1341.446,42255400.04934,0
1626504300000,31508.02,31572.53,31491.00,31556.77,2912.119,1626505199999,91829189.64575,24210,1754.024,55312153.75362,0
1626505200000,31558.12,31567.55,31486.43,31510.00,2499.513,1626506099999,78776367.35584,21576,1110.200,34990039.75689,0
1626506100000,31510.00,31510.01,31426.66,31453.64,3718.194,1626506999999,116965820.52970,27174,1560.205,49080838.64804,0
1626507000000,31453.64,31497.86,31453.63,31489.79,1508.159,1626507899999,47471837.35749,16273,812.936,25589328.58997,0
1626507900000,31489.79,31537.27,31450.54,31497.05,2197.365,1626508799999,69186455.78996,19536,1133.467,35692470.76300,0
1626508800000,31497.06,31497.06,31320.37,31345.63,4417.940,1626509699999,138697935.19323,37572,1927.192,60501394.36872,0
1626509700000,31345.63,31418.00,31345.00,31400.84,2717.735,1626510599999,85297811.62515,22999,1509.122,47365323.69503,0
1626510600000,31400.84,31842.00,31378.46,31792.76,14617.393,1626511499999,463047815.02873,105281,8678.341,274850501.07870,0
1626511500000,31792.76,31945.00,31625.00,31684.88,14858.225,1626512399999,472454653.44618,102281,7277.959,231505764.02199,0
1626512400000,31684.87,31737.60,31564.50,31698.26,9365.479,1626513299999,296293284.28631,61266,4971.659,157311296.59671,0
1626513300000,31698.26,31777.26,31640.58,31681.67,6438.658,1626514199999,204144696.53278,41241,3282.264,104079555.75151,0
1626514200000,31680.93,31685.98,31615.00,31638.80,3474.538,1626515099999,109963866.55995,27565,1659.503,52525733.52065,0
1626515100000,31638.79,31649.78,31580.00,31589.67,3324.009,1626515999999,105072291.19057,26550,1472.059,46536808.41694,0
1626516000000,31589.67,31591.94,31240.00,31246.45,12940.659,1626516899999,406433490.53990,96186,5176.756,162600780.98371,0
1626516900000,31244.90,31382.88,31240.85,31309.01,7945.266,1626517799999,248780101.13663,59901,4551.404,142535935.29210,0
1626517800000,31309.00,31368.00,31309.00,31346.20,3268.881,1626518699999,102442498.07276,27702,1854.771,58128639.94173,0
1626518700000,31346.21,31351.09,31262.00,31262.44,3098.125,1626519599999,96985621.67194,24953,1358.588,42533018.52777,0
1626519600000,31262.44,31426.90,31225.63,31320.01,6752.774,1626520499999,211621040.28680,48581,3264.094,102310920.95669,0
1626520500000,31320.01,31337.21,31281.71,31300.74,2122.316,1626521399999,66450475.17978,20017,1067.448,33425172.13184,0
1626521400000,31300.73,31415.99,31297.50,31395.32,2702.990,1626522299999,84784892.09552,24246,1600.589,50206329.83656,0
1626522300000,31395.32,31475.00,31301.00,31377.09,6138.203,1626523199999,192592506.27650,38774,3302.241,103634682.42719,0
1626523200000,31377.01,31428.37,31330.12,31410.99,2895.843,1626524099999,90855628.60091,24560,1600.461,50217277.72817,0
1626524100000,31410.99,31485.75,31403.97,31468.00,3134.353,1626524999999,98564860.01062,26666,1730.894,54435870.74768,0
1626525000000,31467.99,31570.00,31417.21,31461.26,5809.893,1626525899999,182976889.89852,43583,3022.802,95217668.28759,0
1626525900000,31461.27,31526.00,31430.00,31489.01,2485.833,1626526799999,78237205.62492,22070,1382.643,43518196.42637,0
1626526800000,31489.00,31546.05,31446.00,31540.59,2880.303,1626527699999,90742391.97297,24036,1359.284,42831663.72815,0
1626527700000,31540.59,31600.00,31329.00,31340.52,7543.380,1626528599999,237269356.40525,53639,3326.535,104702623.87869,0
1626528600000,31335.62,31650.00,31330.20,31634.57,6281.708,1626529499999,197732006.12389,47288,3855.199,121358674.72960,0
1626529500000,31634.56,31750.00,31535.00,31607.99,12409.018,1626530399999,392811340.41520,89735,6511.809,206140577.74321,0
1626530400000,31607.99,31738.83,31572.00,31644.85,5579.326,1626531299999,176644124.77992,42266,2919.977,92457031.27071,0
1626531300000,31644.86,31698.48,31590.86,31675.51,3578.895,1626532199999,113252306.84575,28503,1795.707,56833676.97514,0
1626532200000,31675.51,31720.00,31645.00,31705.00,2550.377,1626533099999,80808820.84427,24145,1336.935,42363775.04679,0
1626533100000,31705.00,31705.01,31603.46,31622.35,3841.750,1626533999999,121594041.39240,30162,1536.854,48644156.19331,0
1626534000000,31621.48,31662.55,31433.72,31538.85,8577.657,1626534899999,270481528.53803,61131,4098.918,129257503.31969,0
1626534900000,31538.85,31655.70,31538.85,31576.46,3869.178,1626535799999,122268848.35944,30466,1961.368,61983680.04277,0
1626535800000,31576.45,31619.89,31550.02,31582.52,2204.560,1626536699999,69633213.98983,20324,1017.209,32132420.43325,0
1626536700000,31582.52,31750.00,31566.16,31737.92,8361.919,1626537599999,265044133.35867,52930,4639.445,147053202.99222,0
1626537600000,31737.87,31749.52,31614.72,31650.56,5861.845,1626538499999,185655573.29760,40852,2558.876,81054702.94755,0
1626538500000,31650.57,31839.00,31644.86,31780.60,8711.267,1626539399999,276609553.13867,57997,5393.205,171245858.11091,0
1626539400000,31780.60,31849.00,31675.00,31712.48,6161.969,1626540299999,195714445.14626,48087,2620.785,83267472.33328,0
1626540300000,31712.49,31734.54,31651.37,31677.24,3267.898,1626541199999,103540263.98855,27761,1674.785,53068149.19034,0
1626541200000,31676.82,31700.00,31575.00,31633.82,4014.914,1626542099999,126997591.64534,32942,1918.157,60681397.87526,0
1626542100000,31633.83,31674.00,31522.16,31610.60,4249.816,1626542999999,134259082.47891,35663,2217.729,70069290.85117,0
1626543000000,31610.60,31668.59,31554.11,31644.42,2430.834,1626543899999,76874200.50104,23143,1391.462,44009555.38002,0
1626543900000,31644.43,31724.49,31642.91,31724.49,2212.086,1626544799999,70091157.13819,22143,1343.302,42564857.74550,0
1626544800000,31724.49,31739.67,31655.55,31676.96,2262.923,1626545699999,71726543.95853,24072,1075.149,34082676.92977,0
1626545700000,31676.96,31796.97,31676.96,31770.00,3328.946,1626546599999,105707136.14230,28031,1763.800,56007553.60829,0
1626546600000,31770.01,31810.00,31726.34,31748.77,3064.014,1626547499999,97365606.80503,24244,1500.807,47698986.01702,0
1626547500000,31748.78,31754.74,31695.09,31725.55,1858.460,1626548399999,58958694.26049,18546,910.123,28873520.39333,0
1626548400000,31725.54,31813.65,31725.54,31770.49,2900.546,1626549299999,92170133.36208,23884,1901.993,60443973.06959,0
1626549300000,31770.48,31888.00,31700.00,31856.74,4134.814,1626550199999,131490796.54664,33532,2524.876,80322674.77578,0
1626550200000,31856.74,31895.00,31806.17,31852.23,3835.218,1626551099999,122166043.71699,29485,1671.877,53259388.45425,0
1626551100000,31852.22,31909.98,31791.10,31819.00,3993.057,1626551999999,127162369.61648,30119,1871.308,59601879.61210,0
1626552000000,31819.01,31876.07,31791.53,31816.39,2241.388,1626552899999,71331150.18059,20283,1079.666,34361032.09487,0
1626552900000,31816.40,31816.40,31753.09,31776.67,2323.759,1626553799999,73862013.36856,19741,1063.513,33805227.31603,0
1626553800000,31776.67,31800.00,31727.80,31764.52,1507.611,1626554699999,47890178.83059,15611,760.172,24149670.55369,0
1626554700000,31764.52,31779.99,31710.00,31714.99,1260.315,1626555599999,40014519.79717,16006,564.755,17933241.62213,0
1626555600000,31714.99,31756.09,31662.54,31740.36,2722.288,1626556499999,86309182.66008,28381,1572.468,49864817.15588,0
1626556500000,31740.37,31822.16,31732.01,31769.23,1918.637,1626557399999,60965093.38081,23731,1128.448,35860327.06526,0
1626557400000,31769.99,31819.44,31746.50,31775.75,1530.027,1626558299999,48646977.07746,20308,751.018,23880944.22516,0
1626558300000,31775.75,31804.13,31705.00,31715.23,1841.992,1626559199999,58466455.36712,19781,807.113,25615209.80887,0
1626559200000,31715.22,31715.23,31620.20,31657.91,2766.128,1626560099999,87585229.57541,28497,1207.310,38229708.01907,0
1626560100000,31658.64,31695.78,31601.00,31615.00,1957.841,1626560999999,61966813.54767,19071,812.209,25714426.01444,0
1626561000000,31615.00,31650.00,31600.00,31626.73,2092.125,1626561899999,66165849.37335,18357,914.317,28921335.99179,0
1626561900000,31626.73,31654.69,31614.32,31629.47,1245.110,1626562799999,39386057.92518,14461,625.837,19797438.47507,0
1626562800000,31629.47,31629.47,31500.35,31569.99,5603.963,1626563699999,176872909.94341,35663,2497.406,78826438.33048,0
1626563700000,31569.99,31576.28,31475.15,31514.15,3752.195,1626564599999,118265384.83231,27580,1593.985,50246657.13868,0
1626564600000,31514.15,31567.00,31484.13,31546.07,2423.605,1626565499999,76411921.60940,20380,1452.511,45802804.58068,0
1626565500000,31546.07,31548.84,31465.00,31496.65,2659.622,1626566399999,83792176.49477,20377,1336.944,42122190.90006,0
1626566400000,31496.65,31611.57,31451.00,31510.29,4473.854,1626567299999,141054438.71979,33531,2455.199,77420341.04758,0
1626567300000,31510.29,31635.22,31506.27,31592.41,2737.105,1626568199999,86452919.64981,23275,1524.903,48164335.91208,0
1626568200000,31592.40,31857.57,31592.40,31777.50,7248.181,1626569099999,230143816.15281,56798,3936.535,124963863.42209,0
1626569100000,31780.01,32114.00,31780.00,31957.83,15847.159,1626569999999,506506512.29687,97597,9312.335,297651387.26329,0
1626570000000,31957.83,32080.00,31927.00,31990.99,9142.877,1626570899999,292642292.45437,57151,4593.178,147021879.90413,0
1626570900000,31990.02,32177.00,31984.96,32174.36,8608.854,1626571799999,276216071.97626,55642,5250.981,168474755.11910,0
1626571800000,32174.13,32435.93,32169.16,32256.88,17587.812,1626572699999,568307311.07390,117339,9399.136,303719363.32091,0
1626572700000,32256.87,32256.87,32106.26,32191.18,7301.707,1626573599999,234867465.76695,48680,3418.819,109974862.05174,0
1626573600000,32191.19,32266.56,32140.30,32207.99,5235.441,1626574499999,168639001.23407,37303,2781.088,89596152.19738,0
1626574500000,32207.99,32275.30,32198.00,32214.26,2800.528,1626575399999,90263101.86675,23836,1392.785,44893948.55452,0
1626575400000,32214.26,32242.61,32127.00,32172.96,3314.781,1626576299999,106666600.50710,27086,1342.240,43195198.28116,0
1626576300000,32172.96,32253.10,32158.06,32197.03,2612.601,1626577199999,84122630.78153,21286,1605.426,51701469.50317,0
1626577200000,32197.04,32217.35,32136.00,32141.64,2113.708,1626578099999,67999014.20845,21876,952.695,30651484.61106,0
1626578100000,32141.64,32188.00,32081.00,32085.99,2660.492,1626578999999,85493333.49003,25301,1056.596,33960569.53878,0
1626579000000,32085.98,32130.81,32050.00,32126.99,3674.701,1626579899999,117939630.65908,28389,1854.997,59546668.51963,0
1626579900000,32126.99,32155.46,32105.80,32155.46,1854.680,1626580799999,59596242.06700,19428,1008.902,32420558.69254,0
1626580800000,32155.46,32182.84,32081.00,32131.88,3514.462,1626581699999,112906173.83437,27611,1809.675,58150574.45329,0
1626581700000,32131.88,32131.88,32050.00,32110.68,2821.517,1626582599999,90500728.34583,23189,1193.138,38275857.96818,0
1626582600000,32110.67,32121.37,32055.00,32066.14,2035.316,1626583499999,65291442.73179,18020,1006.949,32304907.52206,0
1626583500000,32067.59,32105.44,32030.00,32072.52,2751.978,1626584399999,88240480.44587,21397,1239.706,39757619.89973,0
1626584400000,32072.51,32147.16,32040.00,32060.00,3850.902,1626585299999,123550060.21880,25627,2086.805,66966932.47690,0
1626585300000,32059.99,32097.83,32052.00,32079.50,2177.622,1626586199999,69837125.69473,17575,970.630,31126949.35320,0
1626586200000,32079.51,32098.99,32053.18,32090.00,2013.957,1626587099999,64588540.10247,16573,956.196,30666946.11242,0
1626587100000,32090.00,32090.00,32040.00,32049.17,2086.466,1626587999999,66899106.00807,16264,872.086,27963542.10761,0
1626588000000,32049.17,32058.98,31850.00,31920.01,9754.682,1626588899999,311635469.36961,61979,3745.979,119658610.83721,0
1626588900000,31921.01,32008.06,31921.01,31995.08,2921.870,1626589799999,93393481.87715,25357,1705.200,54508673.60204,0
1626589800000,31995.30,31995.30,31900.00,31947.33,2258.121,1626590699999,72116055.48815,22074,1018.786,32534847.19394,0
1626590700000,31947.32,31947.32,31830.00,31882.46,4733.268,1626591599999,150886337.82690,35044,2050.377,65370659.03085,0
1626591600000,31882.46,31910.00,31820.00,31860.63,3040.247,1626592499999,96866411.09234,26581,1539.073,49043577.58679,0
1626592500000,31860.63,31898.02,31830.00,31893.34,2517.779,1626593399999,80234790.56093,22014,1557.354,49632245.58143,0
1626593400000,31893.34,31925.15,31826.08,31838.58,2849.229,1626594299999,90822365.35446,24548,1667.292,53160999.37088,0
1626594300000,31839.24,31839.50,31666.00,31705.00,8808.865,1626595199999,279692852.34777,64286,3585.676,113862002.62445,0
1626595200000,31705.00,31744.78,31648.93,31738.00,5559.620,1626596099999,176224076.80294,42164,3092.946,98055290.21942,0
1626596100000,31738.00,31797.81,31713.00,31727.99,4664.495,1626596999999,148112227.73945,32256,2388.647,75851424.59321,0
1626597000000,31727.99,31735.00,31674.89,31733.77,3008.317,1626597899999,95374639.25723,24454,1430.352,45349232.61171,0
1626597900000,31733.76,31770.00,31690.00,31754.93,2620.087,1626598799999,83127380.87005,19834,1480.641,46981299.56070,0
1626598800000,31754.93,31754.93,31670.00,31709.49,3341.845,1626599699999,105929257.99434,25486,1502.968,47640279.22391,0
1626599700000,31709.48,31743.95,31671.00,31743.95,2521.297,1626600599999,79931071.28515,21108,1390.650,44090450.67430,0
1626600600000,31743.95,31795.00,31715.00,31750.68,3113.974,1626601499999,98870777.70955,24287,1703.773,54098292.89283,0
1626601500000,31750.67,31850.00,31700.53,31720.75,5885.388,1626602399999,187076704.82843,41161,2871.636,91296797.78024,0
1626602400000,31720.74,31722.71,31547.99,31596.32,8358.152,1626603299999,264442181.43620,60650,3610.197,114242044.52215,0
1626603300000,31597.94,31743.77,31580.00,31722.75,4483.510,1626604199999,141942607.16846,36198,2752.370,87138708.54849,0
1626604200000,31722.75,31722.75,31634.59,31659.92,2352.623,1626605099999,74495639.35087,22338,1018.197,32238468.91402,0
1626605100000,31659.92,31712.68,31627.79,31709.56,2143.780,1626605999999,67880224.93067,20944,1228.023,38889153.38661,0
1626606000000,31709.56,31740.00,31665.00,31720.00,2550.148,1626606899999,80853875.80498,22504,1274.382,40406289.33442,0
1626606900000,31720.00,31720.00,31655.29,31717.50,1864.772,1626607799999,59081028.61002,17554,883.619,27997320.75895,0
1626607800000,31717.50,31777.00,31686.71,31770.89,3174.320,1626608699999,100752628.69264,26388,1726.815,54811961.89288,0
1626608700000,31770.88,31787.55,31721.83,31782.01,3149.770,1626609599999,100003206.43832,23778,1546.451,49103496.18425,0
1626609600000,31782.01,31838.20,31735.87,31758.00,4145.316,1626610499999,131754826.51929,34323,2023.720,64330414.81494,0
1626610500000,31758.01,31758.01,31661.21,31701.93,3414.888,1626611399999,108242479.17795,29022,1416.489,44897066.89100,0
1626611400000,31701.92,31753.85,31680.19,31747.78,2134.159,1626612299999,67702895.76643,18698,1215.908,38573661.97887,0
1626612300000,31747.78,31773.99,31700.00,31726.60,2112.791,1626613199999,67051787.84103,18287,963.962,30595168.63602,0
1626613200000,31726.60,31749.82,31662.00,31693.61,3004.033,1626614099999,95227964.38477,22456,1424.878,45172797.67115,0
1626614100000,31693.61,31718.91,31650.00,31671.85,2484.600,1626614999999,78703071.91134,20596,1026.173,32506735.27855,0
1626615000000,31671.84,31707.67,31608.13,31615.00,2920.332,1626615899999,92435034.67384,24108,1226.468,38825372.29860,0
1626615900000,31614.99,31693.88,31613.27,31681.94,2509.458,1626616799999,79446029.75743,21088,1461.741,46275125.09847,0
1626616800000,31681.93,31715.12,31643.20,31698.69,2391.024,1626617699999,75764981.46162,21272,1212.478,38423814.78407,0
1626617700000,31698.70,31730.00,31651.09,31665.00,2337.176,1626618599999,74057089.22636,20005,1212.845,38435821.41995,0
1626618600000,31665.01,31681.11,31075.10,31294.39,27699.702,1626619499999,868344240.45040,183590,11244.907,352407524.45578,0
1626619500000,31292.70,31375.00,31205.76,31305.62,12566.445,1626620399999,393416005.52492,85292,6602.846,206759727.33507,0
1626620400000,31305.62,31426.55,31217.37,31390.11,9349.680,1626621299999,293010221.95374,65402,5360.706,168010230.62757,0
1626621300000,31390.11,31420.00,31320.28,31391.89,4227.258,1626622199999,132656030.70141,34701,1939.316,60865880.72632,0
1626622200000,31391.88,31439.78,31354.40,31384.80,3562.640,1626623099999,111872361.83278,28618,1896.009,59538700.34035,0
1626623100000,31384.80,31410.00,31300.00,31349.07,4247.369,1626623999999,133167401.52073,33240,1906.959,59795465.61487,0
1626624000000,31348.11,31422.08,31268.08,31422.08,5004.027,1626624899999,156862031.60855,41535,2518.451,78968559.01582,0
1626624900000,31422.08,31439.90,31380.49,31429.99,2617.367,1626625799999,82217337.26146,24346,1416.547,44499203.88327,0
1626625800000,31429.99,31434.31,31373.26,31405.91,1680.955,1626626699999,52775714.94523,17553,799.272,25094540.98706,0
1626626700000,31405.91,31549.18,31401.00,31447.33,5714.584,1626627599999,179864983.00042,40183,2940.875,92567864.43818,0
1626627600000,31447.33,31447.36,31400.00,31404.54,1734.488,1626628499999,54504449.47892,18818,784.917,24666829.20837,0
1626628500000,31404.54,31498.86,31390.37,31490.90,2400.193,1626629399999,75467543.86273,20151,1462.655,45995431.25873,0
1626629400000,31490.91,31530.00,31441.29,31521.01,2326.944,1626630299999,73270834.69106,22804,1224.694,38566796.75540,0
1626630300000,31521.01,31750.00,31504.97,31569.18,11182.879,1626631199999,353754056.88554,68661,6327.259,200170679.99895,0
1626631200000,31569.19,31645.00,31539.91,31629.80,3009.254,1626632099999,95047562.42695,27689,1552.586,49046805.12741,0
1626632100000,31630.00,31645.30,31566.23,31643.29,2135.496,1626632999999,67493413.08498,20247,1028.687,32514685.64881,0
1626633000000,31643.29,31649.79,31593.30,31614.60,1757.884,1626633899999,55576895.99602,17423,824.896,26079848.05001,0
1626633900000,31614.60,31646.76,31566.66,31584.38,2652.059,1626634799999,83815275.75951,20112,1022.603,32320144.65274,0
1626634800000,31584.38,31659.90,31584.38,31645.00,1666.345,1626635699999,52704385.00153,17578,931.554,29464326.04133,0
1626635700000,31645.00,31706.40,31619.47,31672.73,2272.528,1626636599999,71969015.30528,21709,1209.891,38320868.49154,0
1626636600000,31672.74,31673.99,31616.00,31629.99,1349.667,1626637499999,42712035.02491,15810,562.004,17787065.46741,0
1626637500000,31629.99,31650.00,31601.51,31626.34,1305.761,1626638399999,41295777.69330,14342,596.376,18862196.41218,0
1626638400000,31626.33,31725.00,31583.81,31697.00,2951.787,1626639299999,93465503.88611,26181,1671.637,52932458.11804,0
1626639300000,31697.00,31700.00,31630.00,31634.00,1694.500,1626640199999,53658013.27236,16169,764.257,24199863.29856,0
1626640200000,31634.01,31664.08,31627.00,31648.96,1062.042,1626641099999,33609846.10006,13480,565.534,17897098.85937,0
1626641100000,31648.96,31707.07,31620.01,31622.00,2000.238,1626641999999,63352941.05531,19827,965.336,30581841.15507,0
1626642000000,31622.01,31638.13,31520.01,31618.06,4983.110,1626642899999,157410893.84901,36527,2392.300,75579867.10831,0
1626642900000,31618.06,31685.43,31611.33,31667.62,2118.765,1626643799999,67081313.83178,21833,968.658,30670085.64191,0
1626643800000,31667.63,31673.80,31620.00,31654.36,1036.405,1626644699999,32804006.53840,16058,488.616,15466593.53393,0
1626644700000,31654.36,31850.00,31647.00,31790.72,6341.892,1626645599999,201473494.50431,46548,4046.654,128561453.19566,0
1626645600000,31790.73,31899.83,31680.47,31690.00,7034.350,1626646499999,223753467.05948,52976,3171.386,100911280.77094,0
1626646500000,31690.01,31697.37,31401.00,31576.25,10561.850,1626647399999,333043848.07439,71121,5003.386,157782815.92072,0
1626647400000,31576.24,31620.00,31481.07,31514.31,3830.374,1626648299999,120887106.46928,30641,1817.801,57386363.51219,0
1626648300000,31514.31,31568.88,31481.77,31546.81,2414.451,1626649199999,76125113.68491,21708,1447.108,45629821.40174,0
1626649200000,31546.82,31564.88,31490.02,31548.36,1821.153,1626650099999,57422365.09338,18177,894.946,28221551.68711,0
1626650100000,31548.36,31614.27,31503.48,31578.00,2390.938,1626650999999,75458467.51984,20566,1319.009,41633168.26694,0
1626651000000,31578.00,31734.84,31557.07,31689.24,2989.970,1626651899999,94635715.12305,26070,1785.200,56502634.74107,0
1626651900000,31689.24,31849.00,31689.24,31767.00,6897.414,1626652799999,219217916.74645,48480,3317.121,105418871.07449,0
1626652800000,31765.23,31833.00,31645.00,31796.95,6305.277,1626653699999,200141995.78093,47380,3236.748,102757665.83419,0
1626653700000,31796.96,31820.00,31678.00,31702.88,2871.508,1626654599999,91189852.13464,24888,1241.975,39447548.73467,0
1626654600000,31705.19,31730.00,31581.00,31632.12,3550.824,1626655499999,112388386.39277,31253,1692.797,53582351.43228,0
1626655500000,31632.12,31645.00,31525.83,31587.55,4839.087,1626656399999,152791061.74293,33737,2618.085,82667612.44592,0
1626656400000,31587.46,31587.46,31466.88,31490.07,4288.454,1626657299999,135150141.54358,34748,2063.397,65027693.89178,0
1626657300000,31490.07,31531.36,31417.92,31516.00,4371.840,1626658199999,137611774.98648,31994,2113.826,66549352.53967,0
1626658200000,31516.01,31579.80,31446.54,31561.46,2847.115,1626659099999,89728409.78683,24221,1512.017,47662109.60177,0
1626659100000,31561.45,31623.22,31540.00,31589.49,2600.512,1626659999999,82125143.47991,21398,1341.522,42369383.63904,0
1626660000000,31589.50,31665.13,31552.15,31654.32,2403.124,1626660899999,75983114.38611,21332,1421.773,44957486.94609,0
1626660900000,31656.14,31668.67,31598.35,31610.38,2050.646,1626661799999,64856725.33614,18418,881.877,27893257.08226,0
1626661800000,31610.39,31618.83,31456.31,31525.41,4015.423,1626662699999,126587034.35803,32325,1844.953,58155584.11299,0
1626662700000,31525.41,31569.71,31487.77,31498.13,1790.640,1626663599999,56469215.23096,17635,748.918,23621358.55121,0
1626663600000,31498.13,31550.00,31431.10,31546.27,2689.318,1626664499999,84709059.58290,23284,1517.182,47792920.03164,0
1626664500000,31546.27,31597.23,31477.52,31520.14,2553.034,1626665399999,80538650.32629,20594,1292.017,40764358.61834,0
1626665400000,31520.14,31599.43,31476.50,31588.25,2615.975,1626666299999,82495449.71811,21138,1483.963,46802178.67449,0
1626666300000,31588.24,31589.13,31521.99,31525.72,1580.755,1626667199999,49882098.85159,15305,734.156,23167546.22585,0
1626667200000,31525.01,31590.00,31507.75,31543.47,1992.333,1626668099999,62858694.46540,18513,1110.978,35050981.14625,0
1626668100000,31545.59,31700.00,31538.65,31655.86,3982.975,1626668999999,125994138.13547,27758,2647.392,83749815.50510,0
1626669000000,31655.86,31688.98,31628.11,31660.46,2534.381,1626669899999,80235167.90967,21377,1265.880,40076897.40665,0
1626669900000,31660.46,31778.13,31660.46,31727.60,4980.514,1626670799999,158008784.31751,33790,2976.022,94423604.72942,0
1626670800000,31726.17,31775.00,31693.21,31700.00,3222.495,1626671699999,102267142.68741,25737,1480.579,46992017.25815,0
1626671700000,31700.00,31724.56,31629.06,31662.73,3178.097,1626672599999,100670599.03004,24402,1346.589,42655483.79864,0
1626672600000,31664.03,31712.00,31651.20,31681.62,2370.813,1626673499999,75117746.60749,20255,1473.461,46685853.23420,0
1626673500000,31681.61,31890.00,31681.61,31776.08,9343.359,1626674399999,297198783.80879,58507,5484.332,174444848.64818,0
1626674400000,31776.08,31857.00,31753.13,31755.94,3858.134,1626675299999,122692493.25675,28339,2179.277,69317611.89503,0
1626675300000,31756.29,31803.70,31713.37,31735.99,2882.756,1626676199999,91547260.53990,23782,1356.572,43085055.64836,0
1626676200000,31736.00,31799.00,31726.53,31773.33,1818.637,1626677099999,57778671.46048,16855,1084.775,34462757.22706,0
1626677100000,31773.32,31800.00,31731.01,31784.84,2207.060,1626677999999,70119565.18797,19211,1165.120,37020411.80641,0
1626678000000,31784.84,31822.41,31755.55,31772.00,1903.322,1626678899999,60495602.22333,17851,1104.403,35103870.16517,0
1626678900000,31772.01,31843.73,31670.01,31678.73,4846.579,1626679799999,153874421.24851,32805,1939.725,61608256.35842,0
1626679800000,31678.74,31712.24,31565.62,31628.78,6629.784,1626680699999,209709576.44001,47810,3112.840,98472036.46800,0
1626680700000,31628.78,31668.29,31571.03,31595.92,3641.991,1626681599999,115170646.39313,27020,1602.352,50683928.25748,0
1626681600000,31595.92,31658.30,31550.00,31637.34,3608.188,1626682499999,114066547.05105,28609,1986.362,62803643.44471,0
1626682500000,31637.34,31659.44,31588.66,31614.00,2194.264,1626683399999,69384835.06340,19445,1010.575,31956972.43988,0
1626683400000,31614.01,31630.00,31533.89,31555.93,3325.858,1626684299999,104991192.86328,28716,1454.696,45924520.28298,0
1626684300000,31554.95,31565.77,31460.00,31481.51,6096.997,1626685199999,192105263.04530,42545,2608.584,82197218.28071,0
1626685200000,31481.50,31542.40,31325.00,31398.31,9132.762,1626686099999,287067893.33906,69348,4033.061,126803268.85831,0
1626686100000,31398.31,31470.66,31331.17,31451.02,5800.121,1626686999999,182144355.22280,43311,3059.916,96106226.27516,0
1626687000000,31451.01,31461.13,31372.00,31401.02,3428.456,1626687899999,107698948.61035,28796,1671.914,52520816.39333,0
1626687900000,31401.01,31411.68,31300.00,31376.13,6304.812,1626688799999,197693436.15369,49526,3098.984,97184036.41212,0
1626688800000,31376.13,31428.31,31314.91,31354.21,4659.923,1626689699999,146174350.88799,32859,1992.848,62526845.31159,0
1626689700000,31355.49,31358.10,31236.90,31293.42,6608.645,1626690599999,206797450.51738,47555,3055.560,95624056.14239,0
1626690600000,31293.42,31359.99,31274.28,31280.86,3801.762,1626691499999,119065284.36171,29192,2154.462,67484330.43381,0
1626691500000,31280.86,31328.40,31154.00,31198.32,12359.730,1626692399999,386013136.98364,79833,5403.989,168809714.82596,0
1626692400000,31199.44,31458.14,31167.00,31427.28,10401.867,1626693299999,325770696.86142,74286,6312.821,197727582.34871,0
1626693300000,31427.95,31449.99,31251.00,31320.00,7269.034,1626694199999,227733009.61325,50095,3452.594,108158013.22640,0
1626694200000,31320.00,31381.00,31230.00,31295.57,4525.509,1626695099999,141622947.61993,37011,2468.022,77240237.91953,0
1626695100000,31295.45,31318.13,31235.00,31262.16,2994.224,1626695999999,93606501.86161,26939,1474.327,46093025.33400,0
1626696000000,31262.94,31365.00,31208.13,31269.10,5671.167,1626696899999,177429471.79939,43384,2607.179,81566358.97183,0
1626696900000,31269.13,31271.24,31165.87,31218.01,6124.413,1626697799999,191171171.42933,45945,2880.306,89915369.00658,0
1626697800000,31218.01,31218.01,30585.00,30809.99,43860.412,1626698699999,1353790068.11370,291231,18104.206,558646579.17518,0
1626698700000,30810.00,30829.87,30680.00,30694.28,14276.245,1626699599999,438905086.66628,105478,6916.771,212667547.21870,0
1626699600000,30694.27,30770.23,30550.00,30766.00,16889.683,1626700499999,518117114.22016,121100,8193.842,251456259.13558,0
1626700500000,30766.00,30857.90,30705.21,30723.91,10897.562,1626701399999,335408323.18859,77488,5720.791,176094199.58156,0
1626701400000,30723.91,30723.91,30541.00,30664.60,11705.693,1626702299999,358612314.26864,90085,5574.082,170771186.79599,0
1626702300000,30664.60,30664.61,30555.00,30601.20,7039.745,1626703199999,215510392.88207,51814,3600.404,110234942.75889,0
1626703200000,30600.11,30713.00,30488.00,30579.11,14676.597,1626704099999,448964612.09179,92221,6651.936,203571202.34633,0
1626704100000,30579.11,30683.00,30358.77,30587.81,14528.811,1626704999999,443952508.85927,95647,6795.811,207805119.95904,0
1626705000000,30587.82,30777.00,30565.00,30704.73,8719.979,1626705899999,267547990.71639,62604,4968.128,152429320.32041,0
1626705900000,30704.73,30836.00,30672.00,30793.00,9297.050,1626706799999,285756112.24571,54427,5505.165,169239167.01365,0
1626706800000,30793.00,30970.00,30710.46,30885.23,13145.476,1626707699999,405566003.10792,92826,7173.021,221334780.57017,0
1626707700000,30885.24,30919.79,30725.02,30752.05,8256.817,1626708599999,254623134.68139,55647,3398.783,104837061.57984,0
1626708600000,30752.04,30808.99,30700.00,30778.27,4751.946,1626709499999,146157871.82365,37885,2512.573,77292025.68167,0
1626709500000,30778.27,30830.76,30630.22,30672.99,4962.293,1626710399999,152470237.08664,41933,2107.655,64783740.76869,0
1626710400000,30672.99,30716.25,30602.00,30666.26,5915.905,1626711299999,181418033.39599,45409,3120.879,95716528.74302,0
1626711300000,30666.25,30770.00,30661.56,30684.54,3390.141,1626712199999,104147509.96348,28711,1912.680,58761762.12167,0
1626712200000,30684.92,30703.37,30592.20,30682.53,4657.043,1626713099999,142755781.34861,35672,2377.473,72891516.58960,0
1626713100000,30682.53,30760.02,30634.74,30696.56,3179.179,1626713999999,97629806.32116,26623,1873.792,57545555.71828,0
1626714000000,30696.57,30740.08,30662.43,30710.00,2397.369,1626714899999,73599331.65931,21068,1099.607,33758440.72217,0
1626714900000,30709.99,30800.63,30675.41,30763.68,3446.413,1626715799999,105951626.79097,26356,2017.565,62031285.97895,0
1626715800000,30763.67,30839.00,30730.00,30774.02,2816.088,1626716699999,86692625.96617,25478,1444.191,44459302.36869,0
1626716700000,30774.02,30774.02,30706.00,30728.99,1638.467,1626717599999,50357027.45884,18812,747.798,22983554.75312,0
1626717600000,30728.99,30798.31,30725.16,30763.53,1762.584,1626718499999,54223338.77272,16942,899.791,27681159.32462,0
1626718500000,30763.54,30766.80,30671.78,30712.71,2248.194,1626719399999,69032278.21010,20813,1060.012,32547402.62685,0
1626719400000,30712.71,30775.00,30650.00,30708.54,2632.502,1626720299999,80886445.40582,22488,1419.178,43608257.30620,0
1626720300000,30708.55,30725.53,30555.00,30648.39,4730.775,1626721199999,144956479.01062,35719,2086.375,63935387.52719,0
1626721200000,30648.38,30680.00,30592.96,30651.07,2207.348,1626722099999,67608089.31883,22346,1118.903,34273743.37017,0
1626722100000,30651.07,30706.32,30529.00,30673.91,4102.700,1626722999999,125633638.58283,32580,2108.202,64578095.21956,0
1626723000000,30673.91,30719.00,30663.62,30679.53,1933.505,1626723899999,59346254.87362,19165,960.180,29472206.00998,0
1626723900000,30679.52,30764.00,30650.07,30734.99,2359.322,1626724799999,72441634.01926,22393,1150.013,35314998.33540,0
1626724800000,30735.00,30775.00,30682.36,30724.80,2271.800,1626725699999,69817507.84262,20722,980.766,30143707.35539,0
1626725700000,30724.80,30758.00,30676.50,30680.24,1548.878,1626726599999,47562872.66583,18143,655.401,20127812.11469,0
1626726600000,30680.24,30784.92,30680.20,30773.85,1739.408,1626727499999,53476348.64650,17995,956.618,29410388.46821,0
1626727500000,30773.86,30826.17,30733.19,30750.01,2346.846,1626728399999,72225125.19548,24811,1155.589,35566561.64791,0
1626728400000,30750.01,30788.95,30744.45,30787.59,1407.762,1626729299999,43309603.24937,18860,637.263,19606437.23505,0
1626729300000,30787.58,30869.47,30780.01,30795.92,3364.543,1626730199999,103715191.10199,31960,1919.492,59175212.30307,0
1626730200000,30795.01,30796.00,30751.00,30769.14,1283.170,1626731099999,39482580.53470,18475,623.168,19175676.84165,0
1626731100000,30769.15,30769.15,30685.36,30701.12,2542.517,1626731999999,78118536.36845,23661,923.783,28386057.12347,0
1626732000000,30701.12,30840.00,30701.12,30801.53,2551.606,1626732899999,78552174.91262,22342,1594.686,49088217.25756,0
1626732900000,30801.53,30844.00,30759.99,30843.00,2146.414,1626733799999,66124753.73085,19634,1165.555,35911934.12520,0
1626733800000,30843.00,30909.55,30798.76,30887.92,3784.923,1626734699999,116842759.44377,32786,2139.922,66066571.68831,0
1626734700000,30887.93,30906.45,30825.76,30831.87,2313.409,1626735599999,71392205.66609,19919,1011.238,31209841.50974,0
1626735600000,30831.88,30882.90,30804.00,30823.09,2270.409,1626736499999,70039679.66559,19092,1091.374,33670796.47788,0
1626736500000,30823.08,30886.15,30792.19,30857.50,1946.181,1626737399999,60011628.69328,18417,1144.426,35294112.76286,0
1626737400000,30857.50,30960.00,30857.50,30924.36,3506.522,1626738299999,108414006.95725,28254,1940.803,60006974.66041,0
1626738300000,30925.49,30925.50,30773.60,30823.62,3780.901,1626739199999,116619667.22301,29904,1510.498,46580677.72648,0
1626739200000,30823.62,30886.99,30735.00,30879.92,5493.542,1626740099999,169294352.70505,40078,2701.140,83240490.17528,0
1626740100000,30879.91,31050.00,30805.00,30879.10,9266.211,1626740999999,286571755.87894,66973,5054.551,156354945.97116,0
1626741000000,30879.10,30938.00,30856.58,30892.70,2395.701,1626741899999,74030540.68975,21346,1098.874,33958186.87115,0
1626741900000,30892.88,30896.34,30785.42,30788.03,2236.238,1626742799999,68951802.26039,23670,1010.843,31168076.35892,0
1626742800000,30788.02,30828.76,30526.08,30578.56,8585.559,1626743699999,263315953.23615,63241,3753.187,115109976.29842,0
1626743700000,30577.88,30681.00,30540.00,30615.34,6303.521,1626744599999,192999359.02877,45500,3354.851,102730011.31745,0
1626744600000,30615.33,30690.71,30582.12,30632.00,3231.200,1626745499999,99031827.69784,25792,1825.761,55960360.95705,0
1626745500000,30632.01,30667.36,30570.06,30614.17,2855.521,1626746399999,87448288.97189,23556,1368.390,41906736.99709,0
1626746400000,30613.75,30675.00,30550.89,30570.01,3459.114,1626747299999,105882616.37714,25948,1553.235,47552481.53098,0
1626747300000,30570.00,30622.30,30205.00,30303.01,17518.385,1626748199999,532231193.24684,106898,6953.992,211345875.82856,0
1626748200000,30303.00,30346.34,30199.94,30247.32,9949.492,1626749099999,301240055.87272,68318,4610.956,139659110.58028,0
1626749100000,30248.38,30335.00,30125.47,30173.76,16160.306,1626749999999,488421576.22360,89749,7159.230,216455140.34942,0
1626750000000,30174.03,30241.65,30045.59,30127.00,14344.389,1626750899999,432638389.70284,89252,6512.287,196521780.76710,0
1626750900000,30127.00,30164.36,29466.41,29619.36,46681.640,1626751799999,1388337194.29183,275045,19756.945,587410566.44340,0
1626751800000,29620.50,29679.40,29452.53,29577.45,15094.190,1626752699999,446614177.84462,101210,7519.928,222579678.72538,0
1626752700000,29577.46,29665.25,29560.00,29582.94,6098.754,1626753599999,180554342.61659,45464,3401.486,100710826.06402,0
1626753600000,29582.94,29658.68,29533.65,29555.00,6440.161,1626754499999,190618732.05554,47803,3235.425,95781183.46326,0
1626754500000,29555.01,29625.90,29507.71,29522.15,6381.550,1626755399999,188643045.57089,46426,2958.216,87465292.47491,0
1626755400000,29520.21,29910.69,29468.31,29739.77,20688.322,1626756299999,614756706.35670,120190,12318.692,366089696.04736,0
1626756300000,29739.77,29799.83,29617.00,29639.96,6662.656,1626757199999,197772286.57601,48326,3265.572,96944730.34440,0
1626757200000,29639.96,29770.00,29623.29,29684.04,7147.990,1626758099999,212303068.37292,44307,3725.720,110662950.62976,0
1626758100000,29684.05,29740.00,29662.09,29690.89,3657.121,1626758999999,108624618.09192,27058,1879.225,55821597.83070,0
1626759000000,29690.90,29690.90,29587.25,29675.17,5508.045,1626759899999,163253714.87122,37247,2938.204,87093871.12147,0
1626759900000,29675.01,29730.00,29630.00,29708.74,2878.576,1626760799999,85428056.57547,23145,1658.888,49234222.76675,0
1626760800000,29708.74,29743.33,29651.00,29666.25,3156.815,1626761699999,93745638.95220,26464,1492.061,44311951.65296,0
1626761700000,29666.25,29707.56,29605.93,29645.29,3269.753,1626762599999,96939012.21658,27660,1536.501,45553169.34486,0
1626762600000,29645.37,29723.32,29641.00,29664.59,3337.534,1626763499999,99086356.33535,25265,1685.318,50038388.04325,0
1626763500000,29664.59,29719.66,29664.59,29698.09,2192.939,1626764399999,65113011.46570,19294,1286.321,38192649.21251,0
1626764400000,29700.09,29820.00,29700.08,29807.31,5160.986,1626765299999,153638730.75510,38311,3087.938,91924745.30203,0
1626765300000,29807.30,29815.00,29712.72,29720.44,4458.207,1626766199999,132696496.30772,30598,2046.019,60908283.76548,0
1626766200000,29720.45,29774.58,29720.00,29763.98,2402.272,1626767099999,71452585.82776,20602,1278.310,38024347.75793,0
1626767100000,29763.99,29853.15,29744.60,29797.81,4299.096,1626767999999,128080393.80750,31213,2380.152,70920249.09152,0
1626768000000,29797.81,29868.20,29742.83,29803.75,5550.105,1626768899999,165385127.39873,41788,2751.165,81991244.35468,0
1626768900000,29803.75,29859.93,29790.46,29797.29,3558.824,1626769799999,106152086.64361,26872,1921.512,57317551.67185,0
1626769800000,29797.29,29809.35,29651.00,29658.47,6506.740,1626770699999,193355625.35986,49316,2984.293,88681842.76048,0
1626770700000,29658.47,29726.63,29619.00,29627.00,5024.074,1626771599999,149051842.26165,41333,2526.378,74962750.22493,0
1626771600000,29627.00,29708.54,29627.00,29703.17,3705.099,1626772499999,109945514.22088,29857,2112.890,62700537.29313,0
1626772500000,29703.13,29800.00,29656.15,29676.73,5090.016,1626773399999,151264452.26920,38081,2817.130,83722654.31508,0
1626773400000,29676.74,29719.87,29562.00,29584.54,5117.255,1626774299999,151697286.35900,35309,1884.398,55888424.47835,0
1626774300000,29584.50,29653.34,29250.00,29404.76,19282.421,1626775199999,567792362.62451,117913,8207.290,241742062.39281,0
1626775200000,29404.66,29508.26,29266.14,29430.92,15485.726,1626776099999,455470868.02275,108031,7680.975,225960577.54204,0
1626776100000,29430.66,29672.08,29426.40,29628.76,9894.537,1626776999999,292579731.63532,75054,6030.859,178338609.57759,0
1626777000000,29628.77,29674.00,29567.00,29642.23,3952.794,1626777899999,117072637.03102,37175,2060.144,61022814.05476,0
1626777900000,29642.23,29666.00,29575.00,29662.68,3200.842,1626778799999,94795634.73649,29031,1679.027,49729291.23566,0
1626778800000,29662.67,29774.15,29563.36,29589.89,8600.620,1626779699999,255237509.86419,61892,4229.398,125562447.07607,0
1626779700000,29589.89,29640.35,29537.47,29559.24,3373.851,1626780599999,99838776.53784,28857,1642.804,48621554.50917,0
1626780600000,29559.23,29710.00,29558.01,29660.00,4112.642,1626781499999,121980701.23741,34291,2357.199,69915436.56068,0
1626781500000,29660.00,29726.51,29612.50,29673.33,3127.143,1626782399999,92782493.02817,26591,1633.729,48479498.75142,0
1626782400000,29673.33,29768.48,29628.00,29703.24,4731.845,1626783299999,140544993.06379,37989,2486.818,73876972.35844,0
1626783300000,29703.24,29707.50,29600.00,29603.36,3408.634,1626784199999,101082902.62143,29403,1471.085,43630955.79787,0
1626784200000,29603.37,29711.80,29580.34,29711.27,4098.513,1626785099999,121562608.42091,28032,2493.218,73949326.74006,0
1626785100000,29711.27,29760.00,29676.26,29687.65,3846.776,1626785999999,114305972.71273,29760,1842.751,54766403.43950,0
1626786000000,29687.65,29718.43,29618.00,29699.99,3765.881,1626786899999,111691402.50847,30097,1860.617,55188372.96765,0
1626786900000,29700.00,29745.00,29503.73,29559.11,9886.555,1626787799999,292737278.82407,64756,4851.750,143656600.91356,0
1626787800000,29559.10,29600.41,29435.00,29470.00,8414.975,1626788699999,248201588.67659,64438,4049.579,119448925.23197,0
1626788700000,29470.01,29576.39,29470.01,29515.25,4982.152,1626789599999,147116121.68266,37209,2791.883,82441396.34373,0
1626789600000,29515.25,29850.00,29419.21,29613.24,17498.791,1626790499999,518704812.10161,108961,9118.186,270352803.51061,0
1626790500000,29613.24,29746.00,29242.24,29653.60,24221.225,1626791399999,714921759.39516,146592,12037.897,355414595.90444,0
1626791400000,29653.61,29720.00,29550.00,29631.79,7950.460,1626792299999,235404539.06718,55057,4318.841,127896791.43408,0
1626792300000,29631.79,29730.00,29575.40,29724.99,5655.404,1626793199999,167776271.24463,40278,2836.487,84173487.62698,0
1626793200000,29725.00,29800.00,29668.20,29735.82,6351.492,1626794099999,188801692.77959,44902,3515.820,104527638.80212,0
1626794100000,29737.35,29891.97,29675.03,29891.97,9431.650,1626794999999,280833733.81870,62189,5468.647,162908883.73151,0
1626795000000,29891.96,29978.00,29800.00,29806.49,13248.485,1626795899999,395755191.35853,90950,6701.206,200220850.82034,0
1626795900000,29806.49,29875.00,29772.05,29860.11,5284.540,1626796799999,157564281.57429,38096,2749.145,81976223.31401,0
1626796800000,29860.12,29950.00,29716.00,29746.43,7690.895,1626797699999,229241164.21506,58012,3760.798,112116987.77832,0
1626797700000,29747.69,29794.28,29700.00,29791.40,3537.723,1626798599999,105219634.64470,30244,1833.268,54535832.60881,0
1626798600000,29791.41,29817.43,29718.00,29776.27,2393.891,1626799499999,71247414.88277,24015,1381.182,41110341.41214,0
1626799500000,29776.28,29795.43,29628.28,29638.33,4752.432,1626800399999,141124271.67545,35027,1765.994,52445201.33410,0
1626800400000,29638.89,29675.65,29573.94,29607.43,5813.392,1626801299999,172190241.38737,39503,2793.467,82747542.52494,0
1626801300000,29604.58,29674.55,29600.00,29662.08,2267.058,1626802199999,67189413.95775,21417,1195.191,35425913.80992,0
1626802200000,29661.57,29672.00,29610.00,29648.30,1685.496,1626803099999,49961834.82453,15763,836.357,24791597.48194,0
1626803100000,29648.30,29666.00,29600.01,29635.00,1766.356,1626803999999,52332295.02420,17822,966.577,28638593.67680,0
1626804000000,29635.00,29781.29,29608.00,29702.73,4210.793,1626804899999,125031021.20124,30421,2804.300,83277220.56622,0
1626804900000,29702.73,29783.97,29696.61,29725.01,2462.616,1626805799999,73230869.61635,24211,1383.761,41148990.58472,0
1626805800000,29725.00,29775.00,29715.00,29749.15,1368.266,1626806699999,40696335.39018,16920,685.953,20403206.43248,0
1626806700000,29749.14,29818.00,29734.99,29752.05,2136.034,1626807599999,63586894.35315,20858,1224.617,36458293.91447,0
1626807600000,29752.05,29769.69,29704.48,29765.38,2193.651,1626808499999,65227023.13742,21606,1017.415,30253281.82063,0
1626808500000,29765.38,29847.00,29740.01,29840.50,3957.946,1626809399999,117933103.49610,29702,2355.260,70179173.36415,0
1626809400000,29840.50,29860.00,29773.72,29781.44,2369.284,1626810299999,70621065.00723,22977,1011.283,30145131.58324,0
1626810300000,29781.44,29833.10,29732.93,29754.88,2108.660,1626811199999,62803698.02755,19972,1038.011,30915504.76015,0
1626811200000,29754.88,29909.88,29754.88,29869.98,4242.022,1626812099999,126620399.64317,32632,2477.264,73944815.49497,0
1626812100000,29869.99,29955.00,29866.00,29892.99,4304.773,1626812999999,128754005.40095,35160,2374.485,71029592.63714,0
1626813000000,29893.00,29910.00,29855.77,29865.00,1867.155,1626813899999,55788692.46869,19328,928.005,27728465.70946,0
1626813900000,29865.00,29874.62,29810.00,29823.33,1910.482,1626814799999,56999562.20495,20163,896.699,26753220.90561,0
1626814800000,29823.34,29851.00,29650.00,29717.85,5315.333,1626815699999,158130211.87164,41163,2195.343,65305219.64110,0
1626815700000,29717.85,29763.42,29600.00,29627.95,4280.794,1626816599999,127063487.08909,38762,1850.616,54951417.36495,0
1626816600000,29627.30,29676.98,29559.46,29646.99,3616.259,1626817499999,107111022.65809,36158,1826.518,54112393.13538,0
1626817500000,29646.99,29736.04,29644.00,29669.80,2075.931,1626818399999,61630587.29214,22587,1121.332,33293638.49542,0
1626818400000,29669.81,29737.45,29612.89,29623.24,3214.363,1626819299999,95350096.27168,26288,1568.459,46533602.93030,0
1626819300000,29623.25,29674.14,29622.84,29650.00,1683.484,1626820199999,49922480.27070,17048,976.608,28961507.83179,0
1626820200000,29650.00,29663.65,29552.58,29573.03,2867.428,1626821099999,84878549.23887,26979,1289.597,38172836.88684,0
1626821100000,29573.02,29587.04,29480.12,29559.02,5536.831,1626821999999,163477558.40525,39456,2953.455,87210014.95513,0
1626822000000,29559.02,29620.48,29550.03,29614.82,3091.642,1626822899999,91460418.60611,25585,1756.901,51977190.84191,0
1626822900000,29614.82,29697.98,29603.23,29653.33,3040.282,1626823799999,90184698.85059,24785,1573.593,46677600.66137,0
1626823800000,29653.34,29823.69,29653.33,29796.64,5220.343,1626824699999,155414896.61562,37699,2990.962,89038811.24006,0
1626824700000,29796.64,29868.45,29717.70,29775.90,4030.722,1626825599999,120061766.84158,29786,1986.877,59194242.62577,0
1626825600000,29775.89,29856.92,29677.00,29809.24,6767.558,1626826499999,201546891.87711,43799,3360.670,100103401.49775,0
1626826500000,29809.24,29840.76,29651.72,29686.56,3952.973,1626827399999,117501595.03810,30742,1860.638,55300566.12111,0
1626827400000,29686.57,29686.66,29570.00,29611.25,5246.146,1626828299999,155348548.73614,36633,2858.004,84624553.46756,0
1626828300000,29611.25,29618.17,29540.15,29587.44,3585.396,1626829199999,106039169.92776,25759,1833.272,54226503.90041,0
1626829200000,29587.44,29709.07,29550.73,29559.60,4435.849,1626830099999,131432964.32807,31533,2332.507,69125957.54571,0
1626830100000,29559.60,29664.96,29472.41,29644.41,5084.068,1626830999999,150289108.79849,37903,2550.836,75417327.10588,0
1626831000000,29644.41,29730.34,29644.41,29695.01,3696.067,1626831899999,109761597.08065,26661,1894.678,56267356.30169,0
1626831900000,29695.01,29766.00,29650.24,29724.47,3325.693,1626832799999,98841766.40298,24477,1816.739,53995649.52280,0
1626832800000,29724.47,29799.81,29724.47,29778.34,3543.852,1626833699999,105520479.76017,26748,1766.010,52584902.67158,0
1626833700000,29778.34,29804.75,29684.31,29725.57,4162.068,1626834599999,123793488.13745,28691,2037.662,60615415.52817,0
1626834600000,29725.57,29860.00,29725.56,29816.40,5333.006,1626835499999,158988847.78711,34644,3459.638,103149847.47933,0
1626835500000,29816.40,29855.00,29774.16,29806.63,3038.033,1626836399999,90571006.82470,24679,1520.975,45347787.37576,0
1626836400000,29806.62,29820.00,29760.20,29792.00,2157.110,1626837299999,64250444.57065,19741,1103.555,32872679.24447,0
1626837300000,29792.00,29880.00,29782.34,29810.64,5087.079,1626838199999,151788906.45930,29298,2502.745,74686998.89413,0
1626838200000,29810.65,29882.00,29795.70,29839.32,3200.123,1626839099999,95487961.86830,23393,1856.625,55407146.77388,0
1626839100000,29839.33,29871.50,29789.02,29818.53,2402.502,1626839999999,71663386.35320,20245,1186.424,35391877.58589,0
1626840000000,29818.54,29965.00,29808.00,29950.99,8448.164,1626840899999,252641564.24865,49671,5170.496,154637568.97628,0
1626840900000,29950.99,30649.00,29950.99,30648.99,41248.301,1626841799999,1252463174.11011,231342,25226.555,765793004.56261,0
1626841800000,30648.20,30788.00,30540.35,30606.32,16866.366,1626842699999,516637507.04855,105369,8189.224,250942250.03011,0
1626842700000,30606.33,30725.00,30570.56,30655.50,9016.627,1626843599999,276333399.27224,64052,4991.172,152978952.27242,0
1626843600000,30655.49,30685.46,30540.00,30556.99,5335.725,1626844499999,163221494.73188,41233,2358.789,72160449.59638,0
1626844500000,30557.00,30687.13,30530.40,30672.54,4533.120,1626845399999,138729539.22903,32739,2625.851,80369617.07914,0
1626845400000,30672.54,30900.00,30614.16,30679.17,12830.967,1626846299999,394397087.50535,74518,7462.291,229458193.57923,0
1626846300000,30679.17,30716.49,30616.50,30651.09,5292.508,1626847199999,162269043.23108,35097,2226.469,68275199.51587,0
1626847200000,30651.08,30750.93,30606.78,30742.37,5548.282,1626848099999,170176178.95335,38207,3097.850,95030126.37966,0
1626848100000,30742.50,30773.93,30672.68,30768.25,4880.582,1626848999999,149955314.13606,34650,2144.502,65903857.71529,0
1626849000000,30768.26,30773.36,30686.02,30741.46,2933.714,1626849899999,90120812.80719,27429,1424.329,43755112.32576,0
1626849900000,30741.46,30880.00,30741.46,30854.16,8600.833,1626850799999,265057874.05085,57297,5073.631,156357486.26088,0
1626850800000,30854.16,30933.19,30743.00,30834.00,8852.703,1626851699999,272821264.65581,52195,5204.818,160448047.62971,0
1626851700000,30834.00,30834.79,30750.57,30825.66,3618.525,1626852599999,111408993.19480,27424,1656.373,51002992.94319,0
1626852600000,30825.65,30845.82,30740.00,30742.10,3637.381,1626853499999,111954634.20652,31540,1490.729,45886191.25681,0
1626853500000,30742.11,30812.81,30741.93,30797.85,3400.946,1626854399999,104707720.09898,27410,2063.180,63520188.84498,0
1626854400000,30797.85,30835.04,30700.00,30737.01,4768.083,1626855299999,146691445.84229,36465,2218.457,68266130.39371,0
1626855300000,30737.00,30778.65,30705.00,30763.39,3397.352,1626856199999,104437429.42662,24655,1751.696,53851568.61860,0
1626856200000,30761.49,30862.32,30754.54,30823.06,4740.456,1626857099999,146056480.47497,33584,2640.008,81343629.16036,0
1626857100000,30822.93,30830.59,30773.12,30811.58,2829.045,1626857999999,87129286.13054,20918,1519.202,46789809.03842,0
1626858000000,30811.57,30958.00,30760.78,30786.44,9475.717,1626858899999,292301710.65614,55444,5195.463,160331511.73537,0
1626858900000,30786.44,30800.42,30740.00,30780.69,2821.262,1626859799999,86812778.22476,23356,1344.152,41365174.84844,0
1626859800000,30780.69,30874.80,30780.69,30826.09,4056.850,1626860699999,125088109.74947,28726,2188.277,67472799.86115,0
1626860700000,30826.09,31400.00,30826.08,31291.88,24627.842,1626861599999,767734844.71595,152775,15172.887,472942003.27337,0
1626861600000,31291.88,31633.00,31225.48,31476.23,22884.483,1626862499999,718493297.20334,157332,11971.140,376095318.70404,0
1626862500000,31482.47,31520.00,31343.04,31408.01,8598.933,1626863399999,270036639.93825,63218,3921.947,123187797.38847,0
1626863400000,31408.01,31426.54,31335.89,31339.11,3963.398,1626864299999,124344917.01478,33082,1651.327,51811778.72354,0
1626864300000,31339.12,31394.55,31335.00,31363.19,3183.353,1626865199999,99821498.78305,25837,1513.385,47458826.06193,0
1626865200000,31363.18,31486.86,31300.00,31461.44,7955.178,1626866099999,249729920.80135,50841,4099.887,128751370.33695,0
1626866100000,31461.44,31479.00,31376.23,31417.11,3943.340,1626866999999,123875845.07346,30336,1739.453,54641834.31187,0
1626867000000,31417.12,31500.00,31417.11,31453.54,4653.121,1626867899999,146416256.81387,34686,2554.136,80376231.73802,0
1626867900000,31453.54,31646.15,31448.91,31500.00,8376.399,1626868799999,264057702.07573,55858,4764.583,150223213.50309,0
1626868800000,31500.00,31745.20,31436.00,31590.98,14070.909,1626869699999,444232668.40800,87813,7308.322,230846732.67007,0
1626869700000,31590.99,31600.00,31500.00,31558.31,4842.705,1626870599999,152745266.07534,36043,2261.293,71330027.81740,0
1626870600000,31558.31,31570.00,31465.20,31477.49,3834.103,1626871499999,120794572.81310,31994,1517.010,47797140.27489,0
1626871500000,31477.49,31535.39,31410.68,31431.38,4514.318,1626872399999,142054395.75890,39656,2001.509,62990711.12328,0
1626872400000,31431.38,31533.09,31431.04,31446.49,4087.816,1626873299999,128724670.08055,32472,2041.106,64281550.90723,0
1626873300000,31446.45,31535.29,31446.14,31487.36,3020.228,1626874199999,95148608.65907,24391,1573.857,49580402.58434,0
1626874200000,31485.92,31555.00,31452.01,31532.98,3929.180,1626875099999,123810260.65422,28502,1926.919,60723315.37909,0
1626875100000,31532.98,31532.98,31432.00,31480.01,4054.179,1626875999999,127624562.11773,29286,1737.726,54709552.69682,0
1626876000000,31480.02,31749.00,31480.01,31668.25,12824.215,1626876899999,405720253.96300,82092,7059.745,223345364.05001,0
1626876900000,31668.24,31749.00,31601.12,31609.18,10199.668,1626877799999,323189240.27070,59990,4768.483,151128803.86163,0
1626877800000,31609.18,31799.00,31557.00,31760.99,10627.658,1626878699999,336617972.02736,67536,5766.202,182682747.28017,0
1626878700000,31761.00,31839.78,31688.95,31788.53,10605.793,1626879599999,337070183.31135,69334,5354.578,170197703.82048,0
1626879600000,31788.52,31872.00,31748.37,31784.58,7558.175,1626880499999,240384684.41664,55447,4068.957,129433252.75537,0
1626880500000,31784.57,31880.56,31784.57,31839.97,5032.181,1626881399999,160193453.41653,38768,2715.625,86455125.37975,0
1626881400000,31839.98,31940.00,31734.32,31790.40,11708.798,1626882299999,372643103.55799,71630,5613.200,178703294.88334,0
1626882300000,31790.39,31949.00,31770.00,31904.38,11838.694,1626883199999,377352711.63447,68017,5663.582,180528954.30034,0
1626883200000,31904.43,32120.00,31823.73,31959.03,18179.400,1626884099999,580692413.89196,117089,9744.343,311340637.34993,0
1626884100000,31958.35,32090.00,31930.00,32021.41,9328.340,1626884999999,298422606.60494,67474,4934.018,157857954.75212,0
1626885000000,32021.41,32402.19,32020.43,32265.99,24413.082,1626885899999,786961172.04080,168617,13729.665,442565862.65680,0
1626885900000,32265.99,32300.00,32051.96,32083.10,10694.609,1626886799999,344061925.54851,78606,4547.017,146310112.63358,0
1626886800000,32085.68,32120.06,31764.00,32013.83,23451.248,1626887699999,748259584.73803,152449,10350.832,330267867.08372,0
1626887700000,32015.56,32188.72,31931.18,31980.17,10455.048,1626888599999,335095571.64151,77297,5235.546,167841471.35085,0
1626888600000,31980.16,32150.00,31926.00,32094.13,5405.515,1626889499999,173061061.98351,41786,3187.276,102067660.74598,0
1626889500000,32094.13,32193.48,32046.06,32163.67,6061.257,1626890399999,194740555.30016,45039,3168.715,101820304.56068,0
1626890400000,32163.66,32883.90,32041.50,32708.50,29912.184,1626891299999,971103770.88309,180716,17873.420,580621503.47945,0
1626891300000,32708.50,32800.00,31992.96,32150.00,41027.962,1626892199999,1328386164.34621,250096,18690.027,605152051.50729,0
1626892200000,32150.00,32244.09,31875.00,32039.13,20658.319,1626893099999,662543829.42970,147156,9621.885,308653455.26664,0
1626893100000,32039.13,32175.00,31715.84,31757.90,18195.386,1626893999999,581293084.81183,116326,8130.010,259724081.55366,0
1626894000000,31757.94,31977.00,31560.00,31703.63,19819.716,1626894899999,629544883.89024,127282,9467.853,300820461.67098,0
1626894900000,31703.63,31958.92,31662.97,31676.48,13147.653,1626895799999,418438486.26789,89313,6797.099,216338283.66682,0
1626895800000,31676.65,31797.92,31666.00,31728.22,5711.041,1626896699999,181237466.47264,40817,3165.208,100445422.84148,0
1626896700000,31728.22,31776.00,31600.10,31618.46,5563.084,1626897599999,176288988.40892,41710,2811.587,89105514.04238,0
1626897600000,31618.46,31718.15,31560.68,31605.70,6858.520,1626898499999,216920919.82373,51776,3369.984,106595409.34032,0
1626898500000,31605.70,31711.64,31570.00,31577.65,3722.497,1626899399999,117830977.38180,30775,1749.683,55391824.31106,0
1626899400000,31577.64,31665.00,31502.12,31617.17,7922.974,1626900299999,250126777.71889,55520,3867.178,122092715.85975,0
1626900300000,31617.17,31928.89,31605.51,31790.69,8521.992,1626901199999,270917126.65284,58100,4852.891,154264154.60886,0
1626901200000,31790.68,31845.00,31675.86,31717.99,4065.593,1626902099999,129023801.40072,34587,2094.757,66472480.35299,0
1626902100000,31718.51,31767.46,31672.00,31738.01,2296.488,1626902999999,72822246.18095,24760,1174.971,37260964.86602,0
1626903000000,31738.01,31950.00,31704.79,31851.95,5061.987,1626903899999,161282000.15505,45232,2960.723,94334614.69817,0
1626903900000,31851.41,31880.70,31778.62,31812.29,2390.635,1626904799999,76072701.22406,25637,1213.939,38633450.14703,0
1626904800000,31812.28,31899.32,31780.00,31876.44,2549.451,1626905699999,81146414.15663,25734,1257.558,40033693.61866,0
1626905700000,31876.45,32147.86,31817.63,32091.60,6301.132,1626906599999,201618807.04796,56609,3933.467,125854472.32090,0
1626906600000,32091.60,32091.60,31956.34,32011.28,4301.206,1626907499999,137656500.28001,33855,1814.118,58046471.38464,0
1626907500000,32011.28,32082.32,31962.59,32082.32,2885.028,1626908399999,92380310.51755,29687,1407.762,45082097.78519,0
1626908400000,32082.32,32091.47,31924.02,32016.00,3472.066,1626909299999,111114008.22475,31321,1375.403,44014507.95961,0
1626909300000,32016.00,32144.00,31970.00,32028.04,4004.821,1626910199999,128362408.28384,38947,2032.255,65134492.49353,0
1626910200000,32028.64,32170.41,32024.61,32135.73,3109.752,1626911099999,99808322.73643,31239,1596.693,51251081.34876,0
1626911100000,32135.74,32232.46,32042.00,32120.00,4503.705,1626911999999,144719587.88186,37457,2303.039,74023945.22234,0
1626912000000,32120.00,32241.96,31846.40,32160.59,10014.608,1626912899999,320920850.74697,73170,5401.314,173133476.68791,0
1626912900000,32160.58,32336.14,32092.90,32292.48,7018.941,1626913799999,226323178.36061,55595,3840.353,123854900.33327,0
1626913800000,32292.47,32350.00,32150.06,32222.83,5366.077,1626914699999,172903294.56549,40178,2370.712,76387761.00947,0
1626914700000,32222.83,32222.83,32020.00,32032.77,4490.615,1626915599999,144116887.27189,36432,2067.919,66371798.71053,0
1626915600000,32032.76,32048.29,31921.40,31998.55,4199.140,1626916499999,134307352.69028,39875,2056.406,65777873.89548,0
1626916500000,31998.54,32065.66,31925.00,32040.74,2707.831,1626917399999,86651086.62592,27197,1539.572,49275473.33236,0
1626917400000,32039.31,32039.32,31874.03,31979.36,3612.417,1626918299999,115428624.65012,30915,1593.012,50901389.86103,0
1626918300000,31979.36,32035.52,31951.61,31959.78,2269.649,1626919199999,72616739.07001,22642,1128.439,36108164.37190,0
1626919200000,31959.78,31966.00,31860.00,31866.24,2831.737,1626920099999,90371035.59052,28825,1328.049,42387455.72426,0
1626920100000,31866.24,31947.00,31866.24,31944.56,1947.055,1626920999999,62159264.67577,19965,1131.692,36128159.71373,0
1626921000000,31944.55,31944.55,31760.00,31854.50,4145.062,1626921899999,131930540.35322,37999,1767.598,56263827.32377,0
1626921900000,31853.54,31910.99,31810.10,31845.13,2868.930,1626922799999,91427285.27664,24353,1627.063,51857030.77881,0
1626922800000,31845.12,32098.99,31821.96,32071.04,4146.907,1626923699999,132544929.64664,39675,2648.885,84663357.42625,0
1626923700000,32072.00,32082.01,31905.04,31930.46,3440.372,1626924599999,109988770.89639,30015,1612.617,51551734.76848,0
1626924600000,31930.01,31964.20,31872.00,31886.06,2532.370,1626925499999,80786526.12520,25049,1313.640,41911123.06980,0
1626925500000,31886.05,31966.00,31884.51,31915.00,1679.037,1626926399999,53600716.24338,19728,804.050,25669647.83581,0
1626926400000,31914.99,32038.93,31885.02,32001.64,3036.933,1626927299999,97075562.27100,27687,1682.445,53782493.78744,0
1626927300000,32001.95,32199.00,31987.61,32184.86,5911.867,1626928199999,189859066.18126,50526,3368.744,108191549.55024,0
1626928200000,32184.86,32189.88,32059.16,32068.70,2895.284,1626929099999,92991297.68191,26288,1211.451,38915145.88662,0
1626929100000,32068.70,32082.84,31971.83,32038.28,2997.388,1626929999999,96003424.94293,26386,1299.182,41619946.35195,0
1626930000000,32040.00,32139.22,31953.90,31967.63,3782.588,1626930899999,121188134.76326,29076,2158.217,69172966.16108,0
1626930900000,31967.63,31997.29,31910.00,31974.99,2172.281,1626931799999,69403063.00301,22202,1092.983,34924104.86660,0
1626931800000,31974.49,32019.40,31912.98,31930.93,1875.380,1626932699999,59941054.79813,19930,856.114,27367209.82062,0
1626932700000,31930.94,31935.71,31852.00,31883.31,3968.523,1626933599999,126535061.07117,30947,1584.938,50538494.59918,0
1626933600000,31883.41,32058.34,31860.00,32031.08,4327.381,1626934499999,138434237.71869,36848,2443.045,78156865.58699,0
1626934500000,32032.54,32080.00,31959.63,32001.80,2623.892,1626935399999,83985123.07473,24588,1083.980,34704890.48906,0
1626935400000,32002.63,32024.72,31915.95,32019.99,2384.615,1626936299999,76263144.81120,22497,1212.481,38786828.72007,0
1626936300000,32019.99,32050.00,31961.00,32024.42,2031.832,1626937199999,65005226.31759,20807,1059.179,33888761.74521,0
1626937200000,32024.42,32280.00,32007.32,32235.23,7393.108,1626938099999,237700217.54678,56822,4328.519,139181011.93326,0
1626938100000,32235.23,32297.61,32157.07,32221.43,6269.129,1626938999999,202056728.54324,49633,3233.729,104234127.17197,0
1626939000000,32221.43,32222.90,32133.00,32148.30,3905.746,1626939899999,125632449.07123,30051,1505.651,48432195.69321,0
1626939900000,32147.91,32147.91,32026.23,32115.11,4485.383,1626940799999,143892017.88904,36736,2043.719,65567824.01296,0
1626940800000,32115.11,32147.56,32035.00,32120.84,2751.134,1626941699999,88287026.15831,26978,1545.075,49593444.04915,0
1626941700000,32120.84,32240.00,32120.33,32224.74,4295.822,1626942599999,138244826.43085,33456,2524.307,81239641.14399,0
1626942600000,32226.76,32228.72,32112.48,32154.00,3956.634,1626943499999,127188202.57684,26172,1829.832,58815197.16291,0
1626943500000,32154.00,32165.01,32088.00,32092.21,2124.792,1626944399999,68210617.59668,19649,871.708,27985233.07731,0
1626944400000,32092.20,32124.85,32030.04,32076.02,3699.983,1626945299999,118665382.76764,27763,1431.702,45920913.53259,0
1626945300000,32076.02,32148.79,32042.14,32129.87,2857.346,1626946199999,91713478.15630,24203,1473.030,47287790.37278,0
1626946200000,32129.29,32129.29,31700.00,31774.62,16188.032,1626947099999,515571940.23425,114325,6544.064,208339443.09214,0
1626947100000,31774.62,31925.00,31768.09,31881.95,7996.852,1626947999999,254704615.70180,54590,4279.032,136295977.93738,0
1626948000000,31881.95,31963.53,31830.41,31873.67,3752.619,1626948899999,119668609.92078,34690,1881.400,60008195.76568,0
1626948900000,31873.67,31877.69,31770.00,31859.00,3870.951,1626949799999,123213209.56178,32749,1980.627,63047642.00052,0
1626949800000,31859.00,31915.89,31831.00,31913.73,2413.561,1626950699999,76932056.71659,23307,1307.078,41665764.50166,0
1626950700000,31913.73,31977.00,31790.00,31797.64,5076.424,1626951599999,161888187.01056,36086,2297.239,73275716.11352,0
1626951600000,31797.82,31870.44,31710.41,31749.58,7551.137,1626952499999,240011245.31655,49042,3859.596,122692144.70856,0
1626952500000,31749.57,31830.00,31700.00,31754.99,5640.900,1626953399999,179145727.02487,36508,3047.047,96799244.05205,0
1626953400000,31754.99,31918.55,31754.99,31890.79,3939.189,1626954299999,125466958.35359,34101,2314.677,73726904.59498,0
1626954300000,31890.79,31979.69,31841.01,31886.59,4800.596,1626955199999,153114283.99964,33255,2440.182,77844657.09141,0
1626955200000,31886.58,31886.59,31800.59,31806.94,2605.830,1626956099999,82983812.78615,23133,1027.564,32728951.49153,0
1626956100000,31806.93,31855.04,31730.00,31787.35,3798.904,1626956999999,120729948.66725,33793,1638.436,52075396.76849,0
1626957000000,31787.36,32190.99,31767.00,32125.99,15072.234,1626957899999,482780915.00905,108708,8622.807,276184778.62256,0
1626957900000,32126.00,32199.99,32041.77,32181.04,6548.851,1626958799999,210264806.24591,52138,3735.842,119967032.42051,0
1626958800000,32181.03,32240.00,32115.00,32188.13,6301.493,1626959699999,202757804.37692,54140,3225.127,103783770.19964,0
1626959700000,32188.13,32188.13,32070.00,32123.00,3547.855,1626960599999,113941069.31107,32863,1704.060,54727175.96941,0
1626960600000,32123.00,32150.00,32070.58,32083.65,2114.073,1626961499999,67853965.39298,22981,1044.417,33524418.12675,0
1626961500000,32083.65,32104.48,32040.00,32065.15,2843.053,1626962399999,91181665.33628,24964,1443.280,46293146.98246,0
1626962400000,32063.09,32096.21,32012.00,32077.81,2531.594,1626963299999,81139709.11135,25544,1349.427,43253927.21050,0
1626963300000,32077.81,32148.82,32052.60,32076.36,2796.676,1626964199999,89773762.46982,26890,1536.891,49336458.59524,0
1626964200000,32076.01,32255.00,31957.79,32123.61,11833.241,1626965099999,380138832.99337,77624,6041.452,194116766.63428,0
1626965100000,32123.61,32290.09,32092.35,32253.01,5084.923,1626965999999,163700170.44602,41857,3067.559,98768345.36158,0
1626966000000,32253.01,32333.00,32180.78,32186.42,6420.773,1626966899999,207003595.31596,52079,3186.619,102768207.13065,0
1626966900000,32186.80,32450.00,32152.13,32331.04,10002.902,1626967799999,322928014.47776,66073,5666.853,183045657.65905,0
1626967800000,32331.04,32430.00,32240.22,32378.06,7723.046,1626968699999,249619285.25663,58888,3979.192,128631845.15451,0
1626968700000,32378.61,32583.48,32318.97,32482.65,11168.549,1626969599999,362318228.44378,83090,6234.523,202310441.10804,0
1626969600000,32481.84,32574.51,32340.12,32372.24,9237.228,1626970499999,299654658.57035,71298,4245.079,137734777.00573,0
1626970500000,32372.25,32375.00,32236.52,32298.48,6597.437,1626971399999,213097377.41557,46805,2850.241,92072134.13696,0
1626971400000,32298.48,32360.00,32267.66,32347.00,3135.746,1626972299999,101334996.48794,26370,1608.674,51994163.97195,0
1626972300000,32346.99,32379.80,32294.91,32333.00,2633.875,1626973199999,85186109.27747,24233,1355.208,43836223.97450,0
1626973200000,32332.99,32440.00,32317.02,32436.01,3316.553,1626974099999,107401306.24333,27518,1807.887,58544377.07039,0
1626974100000,32436.00,32449.21,32350.71,32381.14,2319.442,1626974999999,75144153.08428,21210,909.877,29477683.76492,0
1626975000000,32381.14,32397.67,32301.00,32331.04,3556.636,1626975899999,115051682.36217,26982,1773.007,57361294.04771,0
1626975900000,32331.05,32415.09,32323.34,32384.45,2138.543,1626976799999,69229075.20006,19770,1268.165,41054954.17580,0
1626976800000,32384.46,32413.00,32218.62,32369.99,7432.708,1626977699999,240148060.87877,50446,3574.696,115511697.48567,0
1626977700000,32369.99,32383.87,32252.00,32259.38,2586.589,1626978599999,83525784.00316,25095,1109.225,35819928.85870,0
1626978600000,32259.39,32282.86,32206.00,32242.19,2611.215,1626979499999,84188152.64840,26449,1362.457,43931558.63864,0
1626979500000,32242.19,32306.40,32242.18,32266.91,1416.762,1626980399999,45727021.57040,18327,811.335,26186853.39849,0
1626980400000,32266.92,32308.96,32244.00,32255.88,1172.653,1626981299999,37846415.94380,15346,606.127,19563229.11303,0
1626981300000,32257.31,32318.09,32233.49,32257.70,1511.832,1626982199999,48793302.05708,16814,680.789,21972447.97708,0
1626982200000,32257.70,32359.72,32209.12,32308.11,2311.880,1626983099999,74659950.20035,23392,1182.629,38194403.42886,0
1626983100000,32306.72,32371.01,32275.32,32348.11,1516.634,1626983999999,49022685.90636,17946,748.775,24204540.25972,0
1626984000000,32348.11,32349.99,32240.00,32246.59,1834.745,1626984899999,59244083.33151,20210,773.298,24968491.26393,0
1626984900000,32246.58,32306.65,32230.00,32256.11,1497.388,1626985799999,48303220.21000,17570,736.221,23750936.44946,0
1626985800000,32256.11,32318.68,32208.62,32291.54,1671.621,1626986699999,53942336.43807,18760,846.709,27326953.94700,0
1626986700000,32291.54,32318.46,32218.00,32218.00,1655.728,1626987599999,53406863.80338,18497,787.941,25417459.20727,0
1626987600000,32218.00,32274.25,32200.00,32229.36,1665.016,1626988499999,53672269.74576,19714,887.847,28623132.97187,0
1626988500000,32229.35,32283.53,32225.00,32274.38,1041.142,1626989399999,33583161.61643,15316,542.599,17502825.35575,0
1626989400000,32272.23,32471.00,32247.81,32423.98,3737.993,1626990299999,120993080.47829,31187,2548.372,82484367.70832,0
1626990300000,32423.98,32473.00,32080.00,32100.00,7640.055,1626991199999,246212880.18084,59733,3041.362,98009348.79996,0
1626991200000,32100.00,32224.85,32092.24,32192.01,2634.717,1626992099999,84793550.10263,26600,1402.964,45155818.59336,0
1626992100000,32192.01,32203.57,32050.00,32132.10,3706.863,1626992999999,119084408.69905,31148,1744.742,56056065.95049,0
1626993000000,32132.09,32194.57,32113.51,32186.13,1618.019,1626993899999,52050816.73751,18556,878.541,28262407.69742,0
1626993900000,32186.13,32250.00,32150.00,32166.64,2174.590,1626994799999,70036916.01832,21236,1007.728,32460876.04075,0
1626994800000,32166.63,32246.65,32127.06,32221.57,1898.403,1626995699999,61122637.32364,18853,1193.271,38423617.28547,0
1626995700000,32221.58,32325.00,32221.25,32258.18,1861.374,1626996599999,60056409.55148,20315,1037.461,33477322.80600,0
1626996600000,32258.19,32318.00,32228.17,32304.62,2056.292,1626997499999,66378480.23892,20071,1094.548,35337621.87386,0
1626997500000,32304.63,32367.73,32262.83,32268.11,2427.210,1626998399999,78423336.79808,21629,1023.387,33071256.39473,0
1626998400000,32268.12,32393.08,32188.41,32201.00,5299.934,1626999299999,171150088.68613,37023,2682.664,86661629.25560,0
1626999300000,32201.01,32400.00,32182.32,32260.00,4145.226,1627000199999,133899937.04043,29540,2406.557,77748636.17185,0
1627000200000,32265.26,32337.14,32195.00,32276.22,4240.582,1627001099999,136785311.68940,26784,2157.849,69626817.51326,0
1627001100000,32276.22,32348.00,32274.76,32339.99,1775.128,1627001999999,57361107.58332,19519,896.262,28963246.84395,0
1627002000000,32339.99,32385.38,32309.29,32375.18,2299.666,1627002899999,74398643.91144,19771,1437.565,46510387.75001,0
1627002900000,32375.18,32424.63,32317.29,32355.09,2170.805,1627003799999,70256272.82515,21798,1150.772,37248924.24541,0
1627003800000,32353.01,32709.55,32353.01,32635.04,10632.004,1627004699999,346213039.43063,75877,6462.253,210448526.02069,0
1627004700000,32635.04,32800.00,32531.33,32741.29,10174.395,1627005599999,332430023.37107,71110,5913.515,193305561.91361,0
1627005600000,32741.30,32776.62,32622.00,32693.50,6184.929,1627006499999,202137888.65202,43821,2789.927,91207620.33822,0
1627006500000,32693.50,32716.18,32572.20,32575.00,3162.126,1627007399999,103175780.42362,27879,1262.772,41207214.29910,0
1627007400000,32575.77,32649.48,32530.00,32615.85,3562.687,1627008299999,116104423.14541,28819,1908.707,62210665.98133,0
1627008300000,32615.86,32633.80,32561.50,32612.20,1998.881,1627009199999,65167474.31098,18755,874.526,28514156.93177,0
1627009200000,32612.20,32668.22,32542.17,32562.18,2704.456,1627010099999,88139505.76168,23667,1300.452,42387248.94783,0
1627010100000,32562.19,32604.20,32516.67,32532.00,2343.013,1627010999999,76280467.92409,21280,989.860,32231223.77339,0
1627011000000,32532.00,32560.00,32455.69,32495.62,2456.301,1627011899999,79836456.29667,24195,927.686,30158718.89611,0
1627011900000,32495.63,32582.14,32480.00,32570.79,3048.819,1627012799999,99156280.42344,21677,1985.398,64571465.26922,0
1627012800000,32569.99,32631.57,32535.00,32620.15,2522.335,1627013699999,82184376.32999,24167,1364.754,44473367.55947,0
1627013700000,32620.15,32647.86,32575.97,32625.89,2038.217,1627014599999,66472265.42374,22635,983.839,32087634.61243,0
1627014600000,32625.89,32750.00,32617.01,32634.30,4023.123,1627015499999,131430695.70336,35221,1985.993,64888104.71177,0
1627015500000,32634.30,32660.69,32592.05,32655.65,2464.915,1627016399999,80402433.82608,21120,1278.786,41714834.31802,0
1627016400000,32655.65,32727.00,32640.00,32707.84,3309.027,1627017299999,108152604.94063,26193,2078.694,67946404.35776,0
1627017300000,32707.83,32718.99,32620.00,32704.40,2635.759,1627018199999,86090323.82456,22501,1205.482,39375852.64595,0
1627018200000,32704.40,32930.00,32620.00,32637.02,12798.217,1627019099999,419352411.90389,84013,6816.036,223454505.89174,0
1627019100000,32636.53,32670.00,32579.27,32601.47,5092.880,1627019999999,166152809.47369,39050,2444.797,79767168.13373,0
1627020000000,32601.47,32617.50,32480.00,32514.01,6425.505,1627020899999,209042652.89496,47460,2949.637,95967894.23837,0
1627020900000,32514.02,32569.19,32480.36,32556.97,2523.337,1627021799999,82113477.37377,23345,1350.314,43944233.11461,0
1627021800000,32556.96,32596.30,32555.00,32592.53,2190.972,1627022699999,71383514.08660,21032,1202.593,39182369.47579,0
1627022700000,32591.14,32593.36,32502.44,32554.98,2090.142,1627023599999,68026486.66992,20037,942.724,30683931.89603,0
1627023600000,32554.97,32576.61,32395.00,32449.24,5904.506,1627024499999,191689564.70484,45586,2424.863,78722811.06926,0
1627024500000,32449.23,32498.61,32351.60,32365.62,3724.702,1627025399999,120805497.28544,32401,1626.195,52757877.67421,0
1627025400000,32366.23,32455.17,32350.00,32415.59,3453.021,1627026299999,111920996.10650,29263,1770.793,57399993.00261,0
1627026300000,32415.58,32479.00,32408.74,32478.19,1957.255,1627027199999,63514133.76364,20587,1051.218,34114827.80021,0
1627027200000,32478.19,32479.99,32388.00,32451.36,2420.931,1627028099999,78517959.73380,24206,1098.192,35620024.74085,0
1627028100000,32451.36,32520.44,32365.41,32424.19,3664.763,1627028999999,118845799.46618,32624,1881.033,61008331.11185,0
1627029000000,32425.15,32478.03,32386.83,32455.78,3208.541,1627029899999,104083803.50553,25998,1911.726,62022658.23391,0
1627029900000,32455.78,32474.46,32270.76,32309.63,4939.506,1627030799999,159779841.73381,42423,1793.498,58029329.35146,0
1627030800000,32310.16,32423.97,32260.00,32379.77,5283.949,1627031699999,170967444.50573,42367,2932.171,94881117.67737,0
1627031700000,32379.77,32460.00,32360.00,32439.43,3050.563,1627032599999,98918758.66134,26230,1685.311,54653240.64072,0
1627032600000,32439.43,32441.12,32362.88,32417.00,2067.301,1627033499999,66973057.54887,22052,940.641,30472474.82140,0
1627033500000,32417.00,32417.00,32306.50,32319.94,3640.627,1627034399999,117747829.24595,28297,1461.243,47264643.80835,0
1627034400000,32319.67,32350.00,32208.00,32291.27,5453.677,1627035299999,176039258.55103,43675,2289.502,73921245.44281,0
1627035300000,32291.28,32310.00,32200.00,32268.29,3683.417,1627036199999,118833079.90379,33540,1767.980,57043669.35955,0
1627036200000,32268.28,32376.39,32235.35,32346.09,3494.828,1627037099999,112929649.37471,30892,2185.174,70615774.24067,0
1627037100000,32346.08,32346.09,32284.00,32313.79,2067.328,1627037999999,66791214.83871,19932,1120.528,36201819.81017,0
1627038000000,32313.79,32429.13,32303.17,32395.49,4198.593,1627038899999,135976236.91346,36970,2407.877,77983696.10305,0
1627038900000,32395.50,32450.00,32380.00,32406.51,2719.236,1627039799999,88148483.82627,26382,1429.463,46342020.03846,0
1627039800000,32406.51,32407.69,32324.04,32359.97,2571.933,1627040699999,83219187.38922,24637,1192.786,38595601.16283,0
1627040700000,32359.97,32359.98,32274.26,32287.60,2925.466,1627041599999,94500449.41644,26074,1177.611,38039139.90284,0
1627041600000,32287.61,32330.58,32221.22,32278.22,3832.441,1627042499999,123665012.41806,34340,1806.844,58314364.85512,0
1627042500000,32278.22,32413.43,32230.53,32338.82,4523.090,1627043399999,146311768.66900,36703,2626.606,84959927.47506,0
1627043400000,32338.82,32389.38,32313.78,32320.12,1854.647,1627044299999,59993065.57538,20091,907.349,29353296.54855,0
1627044300000,32320.13,32447.02,32320.12,32418.58,2960.697,1627045199999,95897298.60682,24549,1892.047,61290221.82863,0
1627045200000,32420.32,32497.02,32362.58,32385.69,3542.822,1627046099999,114836324.41275,31717,1732.190,56150627.17230,0
1627046100000,32385.69,32444.51,32346.00,32393.94,1799.609,1627046999999,58286255.84443,19304,862.122,27926034.56355,0
1627047000000,32393.94,32460.00,32370.01,32436.88,1900.235,1627047899999,61601929.61454,20918,1013.446,32856055.05885,0
1627047900000,32436.88,32599.98,32419.00,32529.51,6071.646,1627048799999,197452212.68980,47350,3649.256,118695166.48014,0
1627048800000,32529.51,32564.52,32462.25,32493.12,2881.131,1627049699999,93670841.07030,28521,1424.056,46303938.17109,0
1627049700000,32493.13,32551.00,32465.00,32520.35,2010.748,1627050599999,65364650.48909,21367,1042.408,33889562.67648,0
1627050600000,32520.35,32539.57,32402.50,32432.92,3314.299,1627051499999,107569000.73459,27691,1317.936,42777058.18878,0
1627051500000,32432.93,32468.97,32410.46,32465.64,1172.273,1627052399999,38032124.71388,15457,560.664,18191184.53143,0
1627052400000,32465.63,32474.56,32360.00,32360.94,2803.677,1627053299999,90857294.63902,28390,1115.436,36150208.84316,0
1627053300000,32360.94,32428.66,32328.00,32332.88,3198.327,1627054199999,103580961.81216,25941,1374.413,44516034.73550,0
1627054200000,32332.89,32385.00,32330.33,32371.98,1840.247,1627055099999,59551984.04603,18916,904.391,29266860.09284,0
1627055100000,32371.99,32386.26,32270.00,32305.83,3657.652,1627055999999,118204578.91830,29277,1380.749,44625597.91048,0
1627056000000,32305.90,32324.93,32144.00,32184.85,10679.864,1627056899999,343886355.00042,70571,4368.788,140679444.72104,0
1627056900000,32184.84,32205.71,31970.82,32106.07,13180.395,1627057799999,422895185.70852,88280,5575.102,178913813.77214,0
1627057800000,32106.06,32187.63,32070.00,32150.01,5146.436,1627058699999,165398276.94244,41792,2955.133,94984205.43337,0
1627058700000,32150.00,32199.00,32114.01,32162.99,3497.780,1627059599999,112500826.10605,29704,1799.291,57875923.95447,0
1627059600000,32162.99,32164.07,32020.00,32023.06,3719.183,1627060499999,119352230.38105,32918,1348.456,43281749.90763,0
1627060500000,32023.06,32137.79,32020.00,32100.51,2851.074,1627061399999,91528942.08805,26873,1636.853,52546639.37418,0
1627061400000,32100.51,32188.87,32056.30,32118.48,2997.164,1627062299999,96297886.37815,27256,1683.049,54082037.60406,0
1627062300000,32118.49,32190.00,32081.80,32183.23,2431.104,1627063199999,78167838.66193,23296,1291.196,41514772.99216,0
1627063200000,32183.24,32199.00,32119.02,32180.53,2001.363,1627064099999,64367069.53585,21206,958.089,30815204.67258,0
1627064100000,32180.53,32266.00,32136.00,32246.98,3763.385,1627064999999,121229454.56424,31060,2289.655,73759431.33950,0
1627065000000,32246.98,32272.95,32150.71,32176.14,2990.800,1627065899999,96311223.10615,25255,1417.183,45635880.89815,0
1627065900000,32174.73,32223.44,32055.00,32109.01,4100.050,1627066799999,131680865.58169,33150,2079.035,66773259.64096,0
1627066800000,32109.01,32174.50,32105.26,32155.00,1451.238,1627067699999,46647501.01074,17724,801.018,25746769.24437,0
1627067700000,32155.01,32198.75,32126.40,32189.39,1238.472,1627068599999,39848294.16295,16005,608.491,19579293.96762,0
1627068600000,32189.40,32224.40,32159.33,32223.93,1159.016,1627069499999,37318013.75080,16867,582.832,18767276.27857,0
1627069500000,32223.92,32266.00,32201.23,32221.12,1898.553,1627070399999,61207277.06165,20820,932.326,30059082.25808,0
1627070400000,32221.13,32433.80,32178.56,32394.26,6305.560,1627071299999,203736767.50078,52103,3924.365,126811623.67873,0
1627071300000,32394.27,32449.54,32353.15,32363.48,3693.914,1627072199999,119706774.36056,33605,1649.700,53470694.23354,0
1627072200000,32363.48,32432.00,32340.00,32377.02,2427.695,1627073099999,78627998.64253,22675,1233.525,39954716.94327,0
1627073100000,32377.02,32496.12,32377.01,32458.40,2688.995,1627073999999,87250225.71398,27579,1503.315,48780144.32501,0
1627074000000,32457.86,32542.00,32417.10,32506.80,2990.205,1627074899999,97131526.93665,29151,1870.698,60782698.94842,0
1627074900000,32506.80,32600.00,32482.44,32588.89,5305.782,1627075799999,172685388.74231,39511,3107.106,101145896.93119,0
1627075800000,32588.89,32648.00,32522.21,32621.98,3004.788,1627076699999,97881091.84526,31169,1665.501,54268732.16797,0
1627076700000,32621.98,32634.55,32550.57,32581.19,2719.034,1627077599999,88627920.32594,24168,1390.069,45311673.41797,0
1627077600000,32581.20,32683.24,32549.45,32678.76,3223.711,1627078499999,105164065.36801,28221,1836.928,59936203.29413,0
1627078500000,32678.76,32800.00,32650.00,32683.95,8137.782,1627079399999,266416666.72954,53628,4559.035,149284676.79384,0
1627079400000,32683.94,33300.00,32683.44,33118.37,23076.937,1627080299999,762131075.20356,151286,14205.335,469101457.88625,0
1627080300000,33118.37,33261.48,32948.34,33117.26,10247.180,1627081199999,339247375.71163,72919,4780.798,158332355.83434,0
1627081200000,33117.27,33248.56,33060.00,33221.28,6190.001,1627082099999,205255129.36340,46824,3140.487,104151353.20798,0
1627082100000,33221.28,33323.26,33137.85,33275.89,8216.021,1627082999999,272912658.94015,54015,4343.303,144306378.19055,0
1627083000000,33275.89,33500.00,33249.99,33402.96,11702.865,1627083899999,390845834.98151,82067,6550.240,218790289.79131,0
1627083900000,33402.97,33650.00,33402.96,33634.46,9506.604,1627084799999,318615500.86223,69940,5732.363,192152962.40163,0
1627084800000,33631.74,33790.00,33379.81,33400.41,15757.605,1627085699999,528569410.64478,107007,7386.785,247852592.98300,0
1627085700000,33400.42,33597.52,33400.41,33459.74,5451.806,1627086599999,182665593.75474,41429,2654.881,88957334.49008,0
1627086600000,33459.75,33719.59,33459.74,33615.13,6557.470,1627087499999,220424053.67138,51018,3605.643,121181387.98837,0
1627087500000,33615.13,33660.81,33500.00,33543.18,4866.367,1627088399999,163359792.64563,37139,2176.961,73093698.34973,0
1627088400000,33543.19,33597.00,33500.01,33514.50,3010.460,1627089299999,100990294.46842,28328,1685.456,56544777.59449,0
1627089300000,33514.50,33588.99,33444.13,33461.00,3993.274,1627090199999,133853886.86147,27564,2252.340,75519976.52675,0
1627090200000,33461.00,33505.23,33401.00,33486.83,3643.662,1627091099999,121910397.10548,29464,2117.212,70837162.33730,0
1627091100000,33486.80,33648.35,33476.30,33589.99,5121.928,1627091999999,172027235.53244,35528,2957.941,99335097.12113,0
1627092000000,33590.00,33679.06,33560.99,33677.58,2910.342,1627092899999,97838064.05215,27120,1678.270,56428620.67378,0
1627092900000,33677.58,33758.88,33600.00,33653.66,4577.947,1627093799999,154117057.03376,35462,2682.236,90309657.12701,0
1627093800000,33653.66,33665.43,33590.43,33630.01,2021.701,1627094699999,67966266.00392,20522,885.159,29758479.98019,0
1627094700000,33630.01,33670.00,33592.90,33643.66,1624.910,1627095599999,54656129.61359,18184,827.987,27851644.15298,0
1627095600000,33643.66,33657.54,33539.70,33561.41,2392.577,1627096499999,80340071.89825,22491,1055.281,35433037.86945,0
1627096500000,33561.42,33591.83,33512.01,33559.63,2238.702,1627097399999,75122449.08039,21931,1099.633,36901325.02848,0
1627097400000,33559.63,33596.56,33535.25,33540.58,1571.957,1627098299999,52780715.32031,16988,714.416,23989159.48513,0
1627098300000,33540.58,33676.80,33538.04,33647.97,2222.465,1627099199999,74725962.25411,22357,1288.241,43314189.92643,0
1627099200000,33647.97,33713.73,33602.00,33652.99,3492.068,1627100099999,117539632.55063,31839,1693.898,57020261.96081,0
1627100100000,33653.00,33653.00,33580.00,33648.96,1862.377,1627100999999,62601147.68671,19471,772.226,25959063.76899,0
1627101000000,33648.96,33739.00,33632.59,33738.46,2870.425,1627101899999,96698364.28171,27373,1710.783,57637946.08617,0
1627101900000,33738.45,33850.00,33651.13,33657.87,6940.370,1627102799999,234217971.70942,49698,3612.035,121954581.92405,0
1627102800000,33657.88,33683.56,33555.00,33599.99,4334.005,1627103699999,145669916.67164,33142,1798.173,60437747.79776,0
1627103700000,33600.00,33650.00,33550.50,33635.00,2649.285,1627104599999,89023357.79673,22835,1447.988,48658572.46254,0
1627104600000,33635.01,33683.41,33603.35,33661.82,1502.246,1627105499999,50550856.71668,17275,816.039,27462935.14040,0
1627105500000,33661.82,33750.00,33661.82,33724.10,2914.041,1627106399999,98241000.53082,24685,1485.574,50084201.94613,0
1627106400000,33723.95,33825.00,33681.93,33746.00,4482.109,1627107299999,151243967.31641,34090,2578.307,87015227.93917,0
1627107300000,33746.00,33891.37,33692.00,33875.44,3881.146,1627108199999,131057749.42678,28284,2511.957,84866701.04011,0
1627108200000,33874.64,33930.52,33707.70,33824.77,6659.542,1627109099999,225132080.32223,49187,3443.575,116449738.71154,0
1627109100000,33824.77,33886.90,33779.87,33861.24,4708.478,1627109999999,159320924.04844,34025,2824.940,95604641.30885,0
1627110000000,33861.24,33916.76,33806.78,33845.26,3544.891,1627110899999,120012024.75354,33722,1809.749,61276022.49752,0
1627110900000,33843.73,33843.73,33751.66,33798.29,2783.594,1627111799999,94041011.26907,25897,1287.529,43497968.13903,0
1627111800000,33797.03,33830.46,33720.00,33748.33,2429.349,1627112699999,82012941.25046,23324,1132.666,38242929.16518,0
1627112700000,33748.33,33820.63,33745.00,33793.83,1649.335,1627113599999,55739317.65602,17665,983.500,33238431.53070,0
1627113600000,33793.83,33818.44,33608.05,33609.68,5403.107,1627114499999,182046683.63563,43618,1904.942,64191487.24200,0
1627114500000,33609.68,33724.00,33608.05,33698.19,3264.739,1627115399999,109955376.48704,27804,1898.430,63936344.40089,0
1627115400000,33698.20,33733.68,33560.00,33593.32,4506.926,1627116299999,151610375.11721,32491,1636.843,55078205.55874,0
1627116300000,33593.32,33650.00,33526.00,33607.67,4168.060,1627117199999,140016979.11461,32329,2101.648,70616427.63752,0
1627117200000,33607.66,33678.00,33602.09,33630.03,1965.823,1627118099999,66149425.65988,22189,1007.077,33888914.00365,0
1627118100000,33630.03,33666.00,33576.33,33642.01,1922.194,1627118999999,64637793.43404,21697,810.708,27264256.61464,0
1627119000000,33642.00,33819.93,33636.04,33785.02,5244.831,1627119899999,176951113.87266,40133,3339.003,112663115.89320,0
1627119900000,33785.03,33860.23,33750.00,33811.73,4414.428,1627120799999,149237200.80761,34193,2122.412,71756911.62727,0
1627120800000,33811.73,33839.42,33731.00,33746.69,2731.628,1627121699999,92267859.02775,25548,1111.149,37537554.30880,0
1627121700000,33746.68,33855.55,33739.09,33824.92,3005.271,1627122599999,101608159.52353,25280,1789.830,60515075.98551,0
1627122600000,33824.93,33920.00,33814.00,33894.45,4891.953,1627123499999,165697968.95405,40133,2682.221,90857303.13987,0
1627123500000,33894.46,33919.86,33837.28,33853.74,3910.164,1627124399999,132450534.23271,30124,1909.907,64701582.34363,0
1627124400000,33853.78,33950.00,33803.29,33922.76,4129.118,1627125299999,139832724.60842,32944,2359.238,79923373.54840,0
1627125300000,33921.01,34100.00,33685.23,33704.87,12577.684,1627126199999,425959723.84367,85103,6369.498,215893212.09087,0
1627126200000,33704.86,33782.00,33666.00,33756.68,3431.428,1627127099999,115742110.57361,31258,1904.000,64228430.76328,0
1627127100000,33756.69,33859.96,33728.18,33855.37,2802.191,1627127999999,94702374.10015,24689,1601.094,54113357.81443,0
1627128000000,33855.37,33855.37,33750.97,33769.29,2067.014,1627128899999,69832787.25473,22359,793.989,26824940.00469,0
1627128900000,33769.29,33835.00,33756.91,33780.55,1636.534,1627129799999,55308323.36722,17658,778.824,26323782.78714,0
1627129800000,33780.55,33782.50,33725.00,33775.37,1838.361,1627130699999,62043003.93721,18904,849.225,28662589.59436,0
1627130700000,33775.36,33828.45,33732.24,33803.41,2102.647,1627131599999,71037508.80866,19798,1085.076,36659421.95246,0
1627131600000,33803.40,33929.81,33775.00,33844.50,4558.069,1627132499999,154342634.94388,34526,2497.609,84587343.13129,0
1627132500000,33844.50,33900.00,33817.01,33851.13,2087.389,1627133399999,70667811.09633,21434,1012.323,34273381.28516,0
1627133400000,33851.13,33851.14,33804.00,33806.46,1688.304,1627134299999,57107431.31472,18021,659.006,22290771.06967,0
1627134300000,33806.46,33806.47,33750.00,33760.87,2322.393,1627135199999,78433346.83884,22947,1039.624,35112293.71194,0
1627135200000,33760.87,33772.00,33711.28,33729.99,2329.847,1627136099999,78607631.69479,23845,899.172,30338658.21600,0
1627136100000,33730.00,33796.50,33710.00,33796.50,2010.057,1627136999999,67857593.41431,20544,1138.898,38451169.86003,0
1627137000000,33796.49,33846.00,33763.17,33832.03,2256.847,1627137899999,76310514.04995,23005,1241.613,41981309.69582,0
1627137900000,33832.61,33885.51,33803.84,33828.90,3022.592,1627138799999,102315534.67106,27647,1353.735,45828147.56859,0
1627138800000,33828.89,33909.71,33799.73,33880.71,2831.149,1627139699999,95887488.14200,29360,1580.108,53518350.46464,0
1627139700000,33880.72,34038.72,33880.00,33904.62,6591.464,1627140599999,223675601.97043,51711,3600.141,122188441.27652,0
1627140600000,33904.34,33904.35,33804.17,33828.26,3882.143,1627141499999,131409063.76448,32436,1563.968,52939948.19105,0
1627141500000,33828.27,33882.20,33800.00,33831.17,2312.894,1627142399999,78275171.16862,24269,1244.096,42106105.02145,0
1627142400000,33831.16,33898.19,33803.00,33868.00,3387.299,1627143299999,114626368.51450,27985,1663.879,56311561.95850,0
1627143300000,33867.99,34280.00,33863.50,34182.50,15582.891,1627144199999,531180681.26596,112209,9377.443,319744264.06836,0
1627144200000,34182.50,34282.41,34090.56,34233.10,7778.059,1627145099999,265829820.63880,57293,3763.253,128649439.11358,0
1627145100000,34233.10,34435.84,34230.76,34402.06,12856.771,1627145999999,441611648.96315,85566,6738.722,231454374.45558,0
1627146000000,34402.06,34471.00,34315.31,34381.88,7811.302,1627146899999,268644145.03134,56403,3791.256,130413740.15415,0
1627146900000,34381.88,34428.00,34250.00,34271.82,5110.583,1627147799999,175513708.03813,38225,2070.089,71106578.73726,0
1627147800000,34271.82,34345.03,34167.22,34186.84,5015.879,1627148699999,171815361.61054,38279,2102.914,72050112.74352,0
1627148700000,34186.84,34320.10,34168.47,34281.92,4151.615,1627149599999,142175803.94270,30457,2457.087,84154954.03710,0
1627149600000,34281.92,34377.77,34250.56,34350.43,3999.060,1627150499999,137267986.77911,31375,2271.575,77969447.39341,0
1627150500000,34350.44,34366.16,34260.40,34292.40,2280.500,1627151399999,78248712.21759,24481,978.442,33572205.27035,0
1627151400000,34292.40,34335.58,34233.72,34297.03,2180.975,1627152299999,74777240.52745,21653,1119.405,38384883.72852,0
1627152300000,34295.16,34305.85,34206.43,34252.82,2257.153,1627153199999,77306445.11477,21446,1006.194,34458292.10314,0
1627153200000,34252.82,34252.82,34190.00,34229.36,1867.589,1627154099999,63894474.79024,20611,832.990,28499486.44755,0
1627154100000,34229.36,34231.23,34006.51,34094.63,4954.981,1627154999999,168968916.01372,43031,2000.981,68231865.87230,0
1627155000000,34094.63,34112.72,33960.00,33979.39,3169.425,1627155899999,107887224.21737,31594,1200.863,40891200.20621,0
1627155900000,33979.38,33979.38,33688.35,33828.05,11067.079,1627156799999,374538363.85038,84557,5422.777,183539551.91439,0
1627156800000,33828.04,33935.87,33796.00,33902.97,4473.978,1627157699999,151554609.30544,37027,2328.485,78885332.14976,0
1627157700000,33902.97,33902.97,33660.00,33778.83,4840.965,1627158599999,163478771.19666,39333,1963.168,66309655.78853,0
1627158600000,33778.84,33880.00,33743.76,33829.34,2649.133,1627159499999,89606106.63788,26377,1442.213,48783572.44699,0
1627159500000,33829.33,33906.62,33820.00,33894.00,2105.169,1627160399999,71321809.83329,21218,1086.732,36818340.25095,0
1627160400000,33893.99,33916.88,33821.00,33900.01,2154.284,1627161299999,72982682.15231,21477,1168.886,39602431.27595,0
1627161300000,33900.00,33910.00,33782.10,33855.99,2236.840,1627162199999,75727255.70736,23905,1079.691,36555769.96827,0
1627162200000,33855.99,33950.00,33841.20,33940.01,1553.225,1627163099999,52654501.38084,21254,962.612,32637484.94872,0
1627163100000,33940.00,34128.00,33933.86,34065.78,4375.943,1627163999999,149001309.10798,39721,2544.096,86619183.75737,0
1627164000000,34065.77,34065.78,33812.76,33923.99,4405.759,1627164899999,149590680.54250,34150,1642.461,55769574.79318,0
1627164900000,33923.99,33973.23,33818.45,33886.36,3239.710,1627165799999,109769705.38629,23479,1487.635,50412020.48141,0
1627165800000,33886.36,33967.53,33850.00,33958.02,1503.800,1627166699999,51002503.84533,17320,841.471,28543266.33071,0
1627166700000,33961.04,34009.93,33911.00,33990.67,1675.184,1627167599999,56889287.13592,18500,864.595,29369003.19695,0
1627167600000,33990.66,33990.67,33894.76,33914.72,1562.510,1627168499999,53027750.78806,17722,578.613,19635381.34133,0
1627168500000,33914.71,34034.20,33914.71,34019.99,1553.363,1627169399999,52793128.37702,18059,866.020,29431594.41291,0
1627169400000,34020.00,34174.61,34014.42,34111.68,3114.629,1627170299999,106161668.04623,26464,2088.064,71184754.79095,0
1627170300000,34111.68,34263.36,34084.34,34230.00,4556.692,1627171199999,155806744.36386,36878,2373.819,81178785.18283,0
1627171200000,34230.00,34379.99,34152.17,34360.43,6206.693,1627172099999,212626857.14914,44992,3277.029,112299427.49410,0
1627172100000,34360.43,34400.00,34078.21,34173.45,7261.650,1627172999999,248911935.46986,47180,3112.849,106738168.91456,0
1627173000000,34173.44,34213.96,33982.20,33993.94,4646.384,1627173899999,158381246.50355,37380,2168.902,73945499.60077,0
1627173900000,33993.94,33997.05,33895.66,33987.90,4357.967,1627174799999,147922455.75961,35616,2344.178,79570771.93213,0
1627174800000,33987.89,34105.22,33900.63,34087.10,3404.981,1627175699999,115810956.57306,29119,1886.268,64160938.03253,0
1627175700000,34087.10,34087.10,33933.00,33957.35,2134.321,1627176599999,72547402.31240,21294,801.406,27238406.43417,0
1627176600000,33957.35,34026.69,33914.52,34001.31,2255.562,1627177499999,76634937.37840,21096,1091.952,37107461.09071,0
1627177500000,34001.31,34001.31,33812.00,33898.97,3976.211,1627178399999,134763089.49940,32511,1914.927,64893956.74670,0
1627178400000,33898.96,33971.60,33880.00,33971.41,1893.238,1627179299999,64240908.75757,19384,991.488,33643505.17211,0
1627179300000,33971.41,34100.00,33967.86,34082.36,2655.461,1627180199999,90415795.79862,24543,1487.488,50646476.37562,0
1627180200000,34082.35,34163.72,34018.44,34075.97,2470.610,1627181099999,84236006.80530,23678,1160.861,39588328.23370,0
1627181100000,34075.74,34185.58,34054.65,34158.99,2538.004,1627181999999,86650058.35502,19958,1595.115,54463139.62842,0
1627182000000,34158.99,34299.13,34158.99,34278.79,3886.559,1627182899999,133069361.60397,32313,2171.798,74359357.55214,0
1627182900000,34278.78,34350.00,34205.36,34300.65,3453.983,1627183799999,118354378.37311,28602,1872.574,64190526.37019,0
1627183800000,34300.65,34304.05,34183.31,34198.82,2065.075,1627184699999,70688063.94715,20602,773.070,26462600.10910,0
1627184700000,34198.82,34212.85,34123.51,34150.00,1904.049,1627185599999,65071776.15696,20974,815.648,27876893.14140,0
1627185600000,34149.99,34253.88,34133.00,34168.33,2260.375,1627186499999,77291702.97563,22561,1312.068,44868790.31307,0
1627186500000,34168.32,34333.00,34050.00,34243.45,6663.199,1627187399999,227827573.30303,44806,3150.929,107767118.19754,0
1627187400000,34243.46,34470.88,34230.03,34396.02,6452.184,1627188299999,221786381.47580,50123,3785.205,130115910.52751,0
1627188300000,34396.22,34416.51,34325.00,34345.53,2898.296,1627189199999,99602997.34852,25086,1341.234,46093261.04908,0
1627189200000,34346.12,34450.39,34337.79,34390.78,3217.227,1627190099999,110658642.00669,27458,1792.323,61650378.91587,0
1627190100000,34390.78,34630.00,34216.59,34305.01,9873.002,1627190999999,339541232.88937,74000,5673.740,195265066.67862,0
1627191000000,34305.02,34360.00,34194.23,34311.43,3762.062,1627191899999,128953392.93026,31031,1761.962,60420118.66125,0
1627191900000,34311.43,34326.65,34250.55,34293.97,1539.615,1627192799999,52789544.52148,17513,677.213,23221402.94649,0
1627192800000,34293.97,34398.00,34254.43,34395.74,2243.587,1627193699999,77038332.33911,24218,1205.018,41382714.72827,0
1627193700000,34395.75,34465.00,34336.04,34375.46,3449.840,1627194599999,118682422.24221,30443,1530.027,52640669.20173,0
1627194600000,34375.46,34429.64,34351.96,34426.10,1570.219,1627195499999,53999325.11644,17680,848.855,29194931.28574,0
1627195500000,34426.09,34456.17,34379.63,34436.20,2077.494,1627196399999,71500414.88746,19640,986.072,33939430.13988,0
1627196400000,34436.20,34594.54,34422.32,34566.49,4752.593,1627197299999,164002950.91394,41389,2904.824,100246069.66800,0
1627197300000,34566.49,34734.64,34478.07,34629.58,9894.095,1627198199999,342713624.59473,77840,5317.279,184192481.86138,0
1627198200000,34629.57,34768.53,34629.57,34725.00,4497.624,1627199099999,156124808.84436,42543,2436.582,84582859.13745,0
1627199100000,34725.00,34754.90,34651.70,34672.76,4026.850,1627199999999,139738764.66847,34334,1957.965,67951139.41722,0
1627200000000,34672.76,34749.00,34662.20,34723.98,3233.174,1627200899999,112200315.20964,28784,1608.046,55806022.37304,0
1627200900000,34723.98,34780.00,34570.00,34675.84,5446.517,1627201799999,188839355.26013,42760,2571.818,89189119.48036,0
1627201800000,34675.84,34677.24,34550.00,34571.53,3740.864,1627202699999,129419010.38936,34439,1517.434,52499116.63795,0
1627202700000,34571.52,34571.86,34430.00,34546.02,5357.223,1627203599999,184865236.43019,44451,2617.601,90341188.43765,0
1627203600000,34546.01,34599.87,34479.94,34488.07,3362.118,1627204499999,116145511.70346,31324,1624.733,56135461.62435,0
1627204500000,34488.08,34496.82,34355.01,34413.35,6003.815,1627205399999,206585644.18659,42773,2894.531,99586210.76481,0
1627205400000,34413.34,34459.99,34301.68,34391.41,3598.263,1627206299999,123782948.37801,32847,1761.817,60619285.92075,0
1627206300000,34391.41,34521.99,34390.03,34480.45,3036.237,1627207199999,104618262.93762,29117,1682.852,57992278.13828,0
1627207200000,34480.45,34558.27,34440.00,34545.84,2727.456,1627208099999,94117545.46509,28492,1479.727,51067250.04504,0
1627208100000,34545.84,34550.00,34470.18,34489.41,2375.882,1627208999999,81966208.51123,22931,979.971,33810529.32186,0
1627209000000,34489.42,34499.04,34360.00,34360.00,2625.433,1627209899999,90398027.76162,27382,1089.332,37510553.05353,0
1627209900000,34360.01,34366.36,34250.01,34328.32,5960.538,1627210799999,204493286.48160,48583,2928.168,100467567.49875,0
1627210800000,34328.33,34441.57,34300.45,34431.47,2732.767,1627211699999,93941161.24863,28441,1458.469,50139434.38618,0
1627211700000,34431.48,34466.75,34266.83,34279.49,3677.388,1627212599999,126450182.73718,30347,1616.244,55592011.17437,0
1627212600000,34279.49,34368.00,34250.02,34359.51,3586.761,1627213499999,123052089.91642,30084,1680.694,57667157.02659,0
1627213500000,34359.51,34420.00,34317.74,34366.63,2252.469,1627214399999,77417551.17260,21647,1172.229,40294368.06796,0
1627214400000,34366.62,34366.62,34211.99,34292.38,4433.818,1627215299999,151923541.29973,39436,2045.973,70105262.95848,0
1627215300000,34292.39,34337.74,34265.00,34297.60,2079.178,1627216199999,71336763.12115,22938,1041.136,35722900.41012,0
1627216200000,34297.60,34399.75,34185.41,34234.16,3550.359,1627217099999,121766923.25595,33515,1615.353,55421983.55572,0
1627217100000,34234.16,34289.18,34227.30,34267.00,1971.931,1627217999999,67572547.21608,21687,1076.520,36889691.29038,0
1627218000000,34267.01,34335.11,34165.00,34216.91,3351.186,1627218899999,114847711.58455,30913,1551.566,53186763.09431,0
1627218900000,34216.91,34273.32,34015.38,34092.11,8546.515,1627219799999,291619008.13900,65441,3737.353,127548335.92197,0
1627219800000,34092.12,34179.32,34045.10,34155.19,5153.700,1627220699999,175865798.74555,40598,2845.808,97118635.40143,0
1627220700000,34155.19,34220.00,34150.68,34160.24,3229.363,1627221599999,110404185.51096,28228,1729.192,59117243.51164,0
1627221600000,34160.25,34162.71,34001.27,34041.49,5955.245,1627222499999,202899432.77820,46231,2545.006,86710527.12974,0
1627222500000,34041.50,34087.42,33853.00,33893.45,10895.529,1627223399999,369715235.06286,75359,4647.715,157731868.06517,0
1627223400000,33893.45,34039.51,33874.40,33936.77,5617.430,1627224299999,190790981.07716,41488,3091.127,104987606.93300,0
1627224300000,33937.40,34146.54,33880.00,34092.26,7079.871,1627225199999,240845533.55564,50299,4301.801,146384806.99312,0
1627225200000,34092.27,34265.00,34055.72,34151.11,7636.545,1627226099999,261041860.35640,62979,4093.878,139948671.57198,0
1627226100000,34151.12,34159.75,33947.73,34016.78,5934.735,1627226999999,202009078.13200,49744,2767.146,94173828.52766,0
1627227000000,34016.78,34180.00,33984.33,34154.03,3624.527,1627227899999,123591782.91770,34223,1897.666,64711105.23268,0
1627227900000,34154.03,34264.51,34125.11,34152.77,4588.219,1627228799999,156854913.57828,39557,2207.353,75464936.54380,0
1627228800000,34152.77,34220.53,34092.95,34103.00,3226.678,1627229699999,110183358.62593,31279,1523.746,52038410.70198,0
1627229700000,34103.00,34217.94,34102.99,34150.11,2397.615,1627230599999,81933906.56238,24625,1188.027,40596783.16847,0
1627230600000,34150.11,34241.22,34082.97,34120.01,3631.128,1627231499999,124035079.61404,30074,1750.072,59782909.85245,0
1627231500000,34120.01,34188.65,34063.14,34181.32,2329.873,1627232399999,79488124.77873,24766,1145.431,39082557.67992,0
1627232400000,34181.32,34296.86,34136.93,34250.81,3224.746,1627233299999,110353727.93135,32264,1874.595,64158809.46805,0
1627233300000,34250.80,34420.77,34216.19,34417.01,8044.481,1627234199999,276178208.44437,52365,4552.859,156343369.50420,0
1627234200000,34417.04,34425.00,34298.80,34355.01,4774.331,1627235099999,163993589.25692,35458,2025.914,69588991.27590,0
1627235100000,34355.00,34430.00,34340.00,34427.30,2759.804,1627235999999,94897931.42139,28575,1598.798,54979030.41051,0
1627236000000,34427.30,34440.00,34321.00,34440.00,3598.834,1627236899999,123768785.04831,32553,1657.462,57013731.65727,0
1627236900000,34439.99,34454.84,34384.08,34420.01,2081.402,1627237799999,71636839.50045,19390,990.096,34081582.09506,0
1627237800000,34420.00,34437.22,34350.00,34373.21,1664.296,1627238699999,57225854.35421,19043,727.565,25018762.83312,0
1627238700000,34373.20,34405.00,34341.78,34372.30,1359.630,1627239599999,46727337.62803,17152,641.814,22058544.79295,0
1627239600000,34372.55,34427.16,34159.00,34266.26,5843.743,1627240499999,200285797.37639,40304,2190.275,75111450.25212,0
1627240500000,34266.26,34420.00,34266.26,34381.01,4052.248,1627241399999,139275197.04312,30354,2478.823,85201321.48145,0
1627241400000,34381.01,34584.40,34310.00,34404.97,7719.846,1627242299999,266007250.19977,59396,4019.549,138545695.10862,0
1627242300000,34405.60,34415.98,34272.22,34312.90,3646.462,1627243199999,125136563.98074,29443,1797.745,61698240.38560,0
1627243200000,34312.89,34400.00,34260.00,34391.46,2405.094,1627244099999,82580632.06756,23552,1359.223,46677448.28658,0
1627244100000,34391.46,34453.00,34328.79,34356.54,2647.968,1627244999999,91084981.72174,22820,1180.822,40624646.86429,0
1627245000000,34357.70,34391.00,34300.00,34383.38,2103.073,1627245899999,72231379.74715,19092,961.103,33010919.29073,0
1627245900000,34383.38,34429.74,34315.01,34409.04,1273.484,1627246799999,43773373.06734,17044,665.180,22867411.39731,0
1627246800000,34409.03,34429.00,34374.41,34394.20,998.050,1627247699999,34329198.45625,15424,511.786,17603539.03956,0
1627247700000,34394.19,34530.00,34382.01,34496.86,2907.838,1627248599999,100236958.82443,31595,1525.628,52592943.63737,0
1627248600000,34496.86,34550.00,34461.18,34537.98,2501.121,1627249499999,86313659.51931,27371,1419.381,48986317.52169,0
1627249500000,34537.99,34538.12,34455.75,34510.01,1582.711,1627250399999,54589089.66500,17713,758.922,26178925.11788,0
1627250400000,34510.02,34528.19,34420.84,34492.28,1596.189,1627251299999,54994938.94197,17875,795.442,27405905.26524,0
1627251300000,34492.29,34494.18,34423.29,34448.65,1322.828,1627252199999,45572922.61474,15566,518.015,17847353.46727,0
1627252200000,34448.65,34550.00,34445.90,34518.39,2354.347,1627253099999,81251565.29867,23175,1236.527,42672100.87368,0
1627253100000,34518.38,34650.00,34480.12,34620.07,2986.700,1627253999999,103216726.89090,28679,1809.892,62565233.31222,0
1627254000000,34616.71,34888.00,34549.28,34619.28,10466.347,1627254899999,363315638.14912,74721,5616.625,195074037.95985,0
1627254900000,34619.28,34870.00,34546.53,34851.95,7498.273,1627255799999,260176804.10333,51897,4089.852,141931487.31884,0
1627255800000,34851.94,35249.90,34800.69,35189.01,21306.487,1627256699999,746522923.99143,130330,13709.316,480403466.65701,0
1627256700000,35189.01,35400.00,35136.00,35370.66,12155.151,1627257599999,428668850.13580,91982,7031.001,248051822.12639,0
1627257600000,35370.67,35837.50,35185.49,35788.88,22122.829,1627258499999,785164437.08073,156433,13105.816,465333634.31916,0
1627258500000,35788.88,35872.89,35555.89,35710.45,13313.063,1627259399999,475090035.05448,88593,6287.898,224447229.95436,0
1627259400000,35710.45,35849.00,35655.00,35776.11,8305.568,1627260299999,296944126.82949,60015,3923.684,140293113.32468,0
1627260300000,35776.11,36895.39,35776.11,36736.40,37006.563,1627261199999,1343125575.50937,234285,22602.253,820352730.00413,0
1627261200000,36736.40,48168.60,36658.09,37998.07,98143.061,1627262099999,3789528483.40615,970423,52258.586,2019928315.42432,0
1627262100000,37998.08,38222.00,37565.42,37973.99,36163.320,1627262999999,1369286837.14123,283735,18394.493,696660571.53956,0
1627263000000,37973.99,38778.65,37820.00,38585.69,26846.902,1627263899999,1030036840.32622,232839,14330.297,549835493.90741,0
1627263900000,38585.68,38597.28,38103.15,38321.08,20773.548,1627264799999,795811907.08522,158351,10045.154,384821483.99590,0
1627264800000,38321.08,38454.46,37837.40,38035.47,23328.021,1627265699999,888956185.13799,143529,11394.385,434311755.24674,0
1627265700000,38035.47,38350.00,38035.46,38286.42,11409.417,1627266599999,435885494.51125,83530,6449.350,246406983.72121,0
1627266600000,38286.41,38545.96,38179.15,38425.91,12008.546,1627267499999,460957729.61585,93782,6403.352,245813403.48248,0
1627267500000,38424.34,38425.15,38012.02,38044.62,7326.717,1627268399999,280110954.49823,61565,2987.206,114205053.15763,0
1627268400000,38044.61,38186.01,37960.00,38091.51,10747.521,1627269299999,409149295.69080,71610,4848.120,184600890.63893,0
1627269300000,38091.52,38200.00,38034.98,38118.01,4251.343,1627270199999,162141474.28329,36407,2204.651,84088393.88673,0
1627270200000,38118.00,38199.00,38051.02,38198.99,3719.229,1627271099999,141830399.86272,33825,1891.202,72138384.62590,0
1627271100000,38199.00,38385.99,38113.17,38276.54,4103.730,1627271999999,156855380.69928,36583,2320.716,88726054.94302,0
1627272000000,38276.53,38420.00,38131.58,38306.86,7699.013,1627272899999,294826018.50273,57763,3705.863,141926863.68600,0
1627272900000,38306.86,38396.65,38200.00,38307.90,4454.547,1627273799999,170664159.23203,37210,2222.947,85179989.49150,0
1627273800000,38307.90,38499.00,38178.00,38487.53,5667.751,1627274699999,217359438.58157,45843,3068.417,117721590.26357,0
1627274700000,38487.54,38594.18,38256.12,38266.41,8381.152,1627275599999,321942098.21923,55540,3704.721,142330606.03605,0
1627275600000,38266.56,38349.98,38203.27,38323.98,4378.001,1627276499999,167600105.34752,34669,2210.074,84616378.17750,0
1627276500000,38323.98,38421.59,38277.00,38411.98,2895.634,1627277399999,111101906.03998,28888,1454.216,55797526.07231,0
1627277400000,38411.97,38505.00,38320.57,38451.44,3952.161,1627278299999,151845039.77222,35341,1999.720,76848803.72147,0
1627278300000,38445.38,38610.00,38361.60,38555.88,6143.097,1627279199999,236439840.54918,49823,3331.269,128241491.50064,0
1627279200000,38555.88,38692.67,38470.00,38630.34,5524.025,1627280099999,213047313.61149,47563,3015.372,116329259.55810,0
1627280100000,38630.35,39200.00,38563.79,39065.08,19166.260,1627280999999,746423991.41685,150099,10100.959,393359820.09723,0
1627281000000,39065.07,39284.65,38801.00,38932.87,14637.479,1627281899999,571072059.49431,105552,6608.702,257920849.85726,0
1627281900000,38932.87,39011.86,38371.44,38630.09,13913.169,1627282799999,538171272.66109,103029,6181.669,239173908.66097,0
1627282800000,38630.10,38791.45,38630.09,38778.69,4735.605,1627283699999,183397893.78451,41864,2531.598,98044389.60282,0
1627283700000,38778.69,38851.55,38627.96,38658.55,4847.024,1627284599999,187786038.83006,44113,2204.397,85419141.66654,0
1627284600000,38658.56,38697.24,37778.00,38059.56,21256.384,1627285499999,811999697.98855,159453,8850.224,338052138.35147,0
1627285500000,38059.56,38319.47,38056.00,38157.02,9854.613,1627286399999,376568920.09140,75963,5085.156,194323546.87135,0
1627286400000,38159.99,38333.11,37666.00,37925.50,17506.867,1627287299999,664729489.43307,133183,8338.523,316731051.11486,0
1627287300000,37925.49,38134.00,37828.70,38033.32,6708.172,1627288199999,254895955.93037,58560,3308.297,125711956.54235,0
1627288200000,38033.31,38169.93,37889.17,38041.63,6057.538,1627289099999,230414775.55953,53205,3210.465,122153774.98195,0
1627289100000,38041.62,38252.21,37992.52,38199.99,4726.676,1627289999999,180300219.68802,43299,2537.889,96820683.21130,0
1627290000000,38198.79,38398.91,38150.78,38221.48,6665.290,1627290899999,255195029.44644,57163,3354.416,128459816.47190,0
1627290900000,38221.47,38355.00,38196.79,38286.26,3595.240,1627291799999,137621528.32744,30893,2060.704,78886819.94194,0
1627291800000,38286.26,38340.00,38104.00,38117.66,4031.883,1627292699999,154074650.23091,34846,1586.748,60650373.91443,0
1627292700000,38120.11,38248.36,38000.00,38212.99,5751.042,1627293599999,219269167.97811,44033,2903.707,110731509.43218,0
1627293600000,38212.98,38330.00,38157.53,38264.35,3230.310,1627294499999,123615754.41598,31906,1574.604,60263603.91929,0
1627294500000,38264.34,38279.70,38125.00,38179.99,2714.399,1627295399999,103633929.26733,26804,1178.980,45011845.92289,0
1627295400000,38180.00,38472.13,38084.40,38369.64,6532.083,1627296299999,250278609.72742,52888,3511.387,134568524.23827,0
1627296300000,38369.64,38699.00,38363.54,38588.24,8238.519,1627297199999,316995505.58557,58968,4182.135,160980590.19011,0
1627297200000,38588.24,38750.00,38450.00,38544.53,8130.907,1627298099999,313600766.76779,67913,4115.901,158784691.82214,0
1627298100000,38544.55,38570.76,38342.01,38466.00,3638.876,1627298999999,139971263.62305,34982,1579.219,60760014.04020,0
1627299000000,38465.99,38529.00,38420.00,38471.27,2291.558,1627299899999,88186383.40278,25243,1188.604,45742773.14699,0
1627299900000,38471.27,38520.00,38382.15,38468.05,2948.294,1627300799999,113357250.03380,27395,1344.602,51705553.36964,0
1627300800000,38468.05,38554.96,38208.10,38527.34,7420.213,1627301699999,284836639.84279,58026,3572.331,137192757.77885,0
1627301700000,38527.33,38782.83,38500.72,38690.00,8615.942,1627302599999,332854272.53559,66529,4336.588,167555878.68892,0
1627302600000,38690.00,38882.89,38689.99,38755.00,8044.796,1627303499999,312038599.24745,62087,3900.677,151305328.18041,0
1627303500000,38754.77,38758.45,38570.74,38634.01,5314.273,1627304399999,205417846.37769,41194,2400.533,92787022.16817,0
1627304400000,38634.01,38634.01,37900.00,37959.77,23611.356,1627305299999,901492100.94978,160763,10466.875,399648641.07302,0
1627305300000,37955.47,38363.14,37900.00,38277.19,11029.819,1627306199999,420956816.72868,88349,6028.432,230058569.35163,0
1627306200000,38277.19,38344.23,38100.00,38264.00,7109.197,1627307099999,271819633.35244,55689,3386.508,129492817.19086,0
1627307100000,38264.00,38414.29,38243.36,38300.01,5883.260,1627307999999,225476995.17018,42926,2837.038,108749750.03052,0
1627308000000,38301.33,38470.00,38282.36,38423.13,5188.508,1627308899999,199267453.61372,43625,2610.993,100286106.50438,0
1627308900000,38423.13,38500.00,38392.00,38402.49,3425.462,1627309799999,131663939.10261,31706,1585.357,60945029.32394,0
1627309800000,38402.49,38417.43,38115.00,38191.90,7144.578,1627310699999,273425107.46837,53917,2811.438,107606025.70433,0
1627310700000,38191.91,38385.92,38190.02,38307.85,3632.353,1627311599999,139134550.52163,32801,2051.797,78593333.51596,0
1627311600000,38307.85,38359.00,38210.00,38284.59,3356.069,1627312499999,128456488.38610,30008,1515.036,57998961.24865,0
1627312500000,38284.59,38379.99,38255.19,38378.40,2393.653,1627313399999,91739278.38099,24665,1277.527,48963580.12867,0
1627313400000,38378.40,38637.88,38377.28,38601.21,6576.479,1627314299999,253204128.18935,55783,3854.344,148408344.89767,0
1627314300000,38601.22,38648.00,38471.16,38537.00,4901.316,1627315199999,189013902.46815,42053,2303.637,88848328.45890,0
1627315200000,38536.93,38849.00,38475.00,38821.13,8673.391,1627316099999,335324017.03604,69951,4827.524,186690318.16257,0
1627316100000,38821.14,39352.33,38596.48,39285.46,21840.286,1627316999999,851726597.20871,156750,11825.386,461324202.79840,0
1627317000000,39285.80,39487.60,39043.13,39165.28,18558.380,1627317899999,728330118.12773,144302,9113.917,357774763.89565,0
1627317900000,39161.30,39270.61,38920.36,39043.13,11872.684,1627318799999,463799683.72962,90554,5317.700,207762712.34531,0
1627318800000,39043.12,39126.80,38627.00,38908.28,10088.382,1627319699999,392154670.75875,78174,4525.860,176005184.20933,0
1627319700000,38909.20,39270.64,38890.03,39119.92,7785.931,1627320599999,304452153.10506,63994,4084.528,159677448.07826,0
1627320600000,39119.92,39377.00,39096.43,39348.04,6908.312,1627321499999,271172086.44113,53316,3836.182,150614511.54376,0
1627321500000,39348.04,39349.50,39037.35,39198.18,6221.501,1627322399999,243987648.90796,55030,2290.983,89846750.09389,0
1627322400000,39198.19,39591.54,39151.92,39423.77,9717.787,1627323299999,382567256.24275,75297,5286.056,208138766.01129,0
1627323300000,39424.30,39665.34,39350.00,39646.31,9388.426,1627324199999,371325751.78311,79319,4968.983,196568002.99645,0
1627324200000,39649.42,39850.00,39504.74,39741.48,11753.055,1627325099999,466411052.63297,91439,6450.006,256007803.08281,0
1627325100000,39741.75,40023.43,39620.00,39690.00,17201.050,1627325999999,684497989.02645,128586,9060.623,360752220.89020,0
1627326000000,39689.99,40421.05,39531.15,40211.83,22251.850,1627326899999,890721696.61413,168594,12579.770,503653096.85038,0
1627326900000,40211.20,40578.93,40015.34,40274.78,16481.154,1627327799999,664380304.80840,138178,7993.574,322311815.96366,0
1627327800000,40274.22,40316.03,39596.00,39866.49,17761.328,1627328699999,709166624.19296,139608,8136.094,324829281.35549,0
1627328700000,39866.50,39870.47,39253.61,39358.40,14384.163,1627329599999,569568574.75253,105710,6279.753,248713484.24364,0
1627329600000,39358.40,39521.95,38205.02,38234.43,46624.973,1627330499999,1805445168.47737,339176,22039.838,853784680.29598,0
1627330500000,38234.43,38632.93,37538.49,37914.89,31502.319,1627331399999,1200204675.63042,243147,14945.244,570064073.44127,0
1627331400000,37913.68,38234.57,37670.65,38033.69,24290.723,1627332299999,923511984.46302,178575,13224.810,502916905.00400,0
1627332300000,38033.68,38178.58,37302.58,37748.34,25958.668,1627333199999,978493818.18095,181609,11868.619,447429822.01770,0
1627333200000,37748.32,37867.97,37305.91,37691.37,16865.470,1627334099999,634166052.72796,135728,8489.985,319296722.25680,0
1627334100000,37691.37,37864.03,37407.16,37596.99,10908.032,1627334999999,410360346.71953,96707,5676.216,213610906.09130,0
1627335000000,37596.99,37597.00,36826.29,36964.92,21332.083,1627335899999,791905433.66173,184330,9066.986,336599374.34928,0
1627335900000,36964.92,37424.93,36943.44,37119.99,12342.567,1627336799999,459431290.85527,92790,6638.709,247104878.13858,0
1627336800000,37119.99,37435.00,37003.38,37293.43,9919.675,1627337699999,369540444.24672,73558,5731.757,213528400.82569,0
1627337700000,37293.44,37299.39,36700.00,36966.52,14611.351,1627338599999,540305617.47063,108729,6448.927,238553265.32084,0
1627338600000,36964.01,37267.52,36958.95,37039.12,7603.246,1627339499999,282416847.35362,58528,4168.375,154861712.33128,0
1627339500000,37039.13,37649.54,37039.12,37569.73,12624.272,1627340399999,472239702.55739,91284,7715.639,288638559.31544,0
1627340400000,37569.72,37650.00,37266.26,37535.78,12454.547,1627341299999,466465274.91593,85691,6831.721,255882738.26347,0
1627341300000,37536.80,37727.11,37457.72,37502.37,8827.904,1627342199999,331941752.36182,65045,4299.058,161687388.92276,0
1627342200000,37502.37,37597.00,37266.45,37412.57,5930.524,1627343099999,221954402.04153,47440,2670.377,99991130.46506,0
1627343100000,37412.57,37437.20,37150.00,37218.09,6158.602,1627343999999,229644609.02492,46117,3145.955,117326053.67002,0
1627344000000,37218.09,37500.00,36940.00,36985.72,11870.756,1627344899999,441742546.40771,90983,5539.862,206284045.31221,0
1627344900000,36985.71,37415.65,36977.17,37399.22,8469.118,1627345799999,315233358.48130,67016,4728.413,175965836.15308,0
1627345800000,37399.22,37400.00,37146.54,37291.00,4767.570,1627346699999,177721684.63696,39710,2436.979,90832027.86363,0
1627346700000,37291.00,37475.45,37200.01,37428.68,5208.269,1627347599999,194455401.15932,40249,3025.028,112976745.68178,0
1627347600000,37428.68,37479.46,37121.23,37143.67,5386.344,1627348499999,200798721.65099,46933,2332.648,86950660.84434,0
1627348500000,37143.38,37220.09,36861.19,37073.02,10926.060,1627349399999,404395178.74271,85764,5172.645,191498007.19499,0
1627349400000,37073.02,37175.00,36750.38,36885.51,9804.769,1627350299999,362181777.84511,76775,4477.192,165379706.40501,0
1627350300000,36885.51,37152.09,36834.94,36879.84,7854.694,1627351199999,290598866.15253,59935,4030.259,149132772.32063,0
1627351200000,36879.84,37145.00,36826.45,37001.41,5100.951,1627352099999,188798309.08432,45282,2641.135,97771334.80861,0
1627352100000,37001.40,37166.55,37001.40,37015.48,3427.902,1627352999999,127113884.00073,33375,1814.403,67281608.56559,0
1627353000000,37016.53,37026.73,36582.01,36679.90,11872.148,1627353899999,436919345.14849,92880,5054.333,186121742.35675,0
1627353900000,36678.66,36857.68,36435.55,36531.04,12632.141,1627354799999,463025820.39794,100177,5725.638,209971183.16674,0
1627354800000,36531.03,36650.00,36384.31,36627.51,9530.402,1627355699999,347957627.10425,81395,4948.751,180733283.34618,0
1627355700000,36627.51,36743.46,36554.20,36694.74,4450.743,1627356599999,163197353.79638,42590,2401.497,88068594.20781,0
1627356600000,36694.74,36786.68,36625.62,36757.67,3567.009,1627357499999,130993001.48472,36473,1824.177,67005438.59325,0
1627357500000,36757.61,36985.00,36745.75,36819.12,5177.337,1627358399999,190927745.31265,47727,3134.230,115598408.89496,0
1627358400000,36819.12,37097.00,36669.12,37033.80,7831.993,1627359299999,288762279.24222,62564,4902.362,180828905.87667,0
1627359300000,37033.81,37046.42,36789.00,36853.67,5250.043,1627360199999,193710918.19825,43140,2421.618,89335375.48899,0
1627360200000,36852.22,36919.03,36750.11,36844.67,3573.400,1627361099999,131544154.50362,32192,1560.227,57446967.26439,0
1627361100000,36844.68,37112.44,36844.67,36943.02,6105.109,1627361999999,225792613.56515,49147,3544.152,131098106.44199,0
1627362000000,36943.01,37037.20,36861.68,36932.89,3246.960,1627362899999,119979494.61765,32784,1496.550,55306037.80450,0
1627362900000,36932.89,37200.00,36883.70,37169.11,6056.554,1627363799999,224649595.29190,54511,3416.748,126738350.37014,0
1627363800000,37169.11,37183.84,36975.05,36996.01,3986.703,1627364699999,147738585.42974,38110,1795.050,66520258.86685,0
1627364700000,36996.00,37167.52,36995.00,37082.95,2745.199,1627365599999,101829741.65456,30136,1421.733,52735478.67296,0
1627365600000,37082.95,37251.96,36989.93,37174.78,6617.875,1627366499999,245680496.85345,49004,3257.515,120954768.24182,0
1627366500000,37174.78,37319.71,37131.00,37268.01,5904.013,1627367399999,219744981.44153,47832,3393.066,126319045.83985,0
1627367400000,37268.00,37269.77,37121.64,37220.93,3182.412,1627368299999,118384933.76062,33795,1438.098,53502459.31201,0
1627368300000,37220.94,37238.80,36910.00,36970.92,7309.824,1627369199999,270694448.03305,58162,2839.832,105165253.66074,0
1627369200000,36970.91,37150.00,36963.72,37057.90,3634.381,1627370099999,134718638.39375,37453,1972.454,73120193.00825,0
1627370100000,37057.90,37223.92,37036.88,37042.13,4205.925,1627370999999,156265075.94024,38792,2004.766,74495461.62946,0
1627371000000,37043.61,37085.17,36920.39,37022.74,4322.883,1627371899999,159964388.04740,38706,1855.708,68679102.07291,0
1627371900000,37022.83,37131.54,36927.30,37103.66,3828.778,1627372799999,141790682.24979,32914,2270.429,84091971.24647,0
1627372800000,37103.67,37217.68,36958.87,37214.98,5017.335,1627373699999,186211543.82088,45790,2369.591,87968006.82478,0
1627373700000,37214.98,37380.00,37178.99,37379.36,6652.707,1627374599999,248031503.75977,60278,3829.651,142792340.82859,0
1627374600000,37379.36,37466.20,37206.00,37209.66,4934.036,1627375499999,184116589.98192,45732,2425.392,90526567.90965,0
1627375500000,37209.67,37339.69,37182.47,37228.31,3604.220,1627376399999,134269975.67118,33925,1703.411,63470263.63443,0
1627376400000,37228.32,37316.13,37153.03,37253.65,2821.112,1627377299999,105044644.03835,30761,1554.351,57888019.38034,0
1627377300000,37253.65,37297.53,37122.00,37280.97,3312.523,1627378199999,123237173.45717,33127,1670.613,62167436.13174,0
1627378200000,37280.96,37435.40,37200.50,37426.61,3966.838,1627379099999,148092259.13901,39452,2150.861,80309386.54890,0
1627379100000,37426.60,37465.48,37281.93,37343.01,5599.863,1627379999999,209283704.59241,44294,2985.169,111574179.43414,0
1627380000000,37343.00,37401.35,37267.00,37283.93,3208.353,1627380899999,119714400.94242,33428,1749.335,65288290.65639,0
1627380900000,37283.94,37440.20,37234.23,37410.19,3811.306,1627381799999,142296371.53925,36799,2103.885,78563261.75472,0
1627381800000,37410.19,37639.00,37383.49,37572.55,8060.054,1627382699999,302331718.88328,71613,4565.546,171287643.31766,0
1627382700000,37572.55,37676.00,37456.30,37580.17,6125.744,1627383599999,230214895.76700,58002,3119.731,117267244.69365,0
1627383600000,37580.38,37624.29,37501.00,37517.79,3676.690,1627384499999,138054570.78142,41008,1863.593,69982464.62710,0
1627384500000,37518.67,37630.86,37502.00,37605.52,4176.828,1627385399999,156960234.07232,39439,2277.621,85599008.62659,0
1627385400000,37605.51,37838.00,37535.77,37822.31,9031.179,1627386299999,340782461.98990,71889,4851.783,183051763.14212,0
1627386300000,37822.31,38069.94,37740.97,38030.00,10402.454,1627387199999,394525446.62696,92593,5656.927,214558389.97089,0
1627387200000,38027.32,38047.00,37670.00,37909.37,9282.258,1627388099999,351263876.47411,82042,4255.360,161049598.64980,0
1627388100000,37907.58,38050.00,37814.02,37974.38,5526.938,1627388999999,209653996.08902,52589,2892.837,109750759.23580,0
1627389000000,37976.98,38340.00,37936.00,38253.62,12858.510,1627389899999,491208515.43918,107968,7150.751,273131048.74573,0
1627389900000,38252.61,38465.00,38158.00,38317.19,10253.215,1627390799999,393178770.43879,91829,5139.130,197104890.75458,0
1627390800000,38317.20,38450.00,38251.45,38254.00,8497.778,1627391699999,325746935.98648,66337,3909.035,149862360.70774,0
1627391700000,38254.00,38443.97,38165.16,38403.89,7194.955,1627392599999,275569456.44186,64382,3456.954,132431166.12733,0
1627392600000,38403.91,38748.53,38300.20,38618.45,15896.740,1627393499999,613468231.04003,121397,8296.016,320161594.09302,0
1627393500000,38616.62,38647.78,38430.00,38438.44,7916.652,1627394399999,304971198.09682,62121,3419.824,131777088.86554,0
1627394400000,38438.50,38523.71,37739.93,37745.82,30202.087,1627395299999,1148612018.55304,216668,12776.463,485880677.96120,0
1627395300000,37744.44,38016.05,37744.12,37990.48,12268.223,1627396199999,464927867.14863,91459,7059.114,267515716.15300,0
1627396200000,37990.48,38485.35,37900.00,38018.00,22738.039,1627397099999,868676927.53518,176126,11415.509,436112420.31951,0
1627397100000,38017.99,38298.23,37953.70,38220.01,7406.953,1627397999999,282391966.11158,68703,3861.646,147242620.98050,0
1627398000000,38220.01,38587.48,38100.75,38562.05,12118.785,1627398899999,465157521.38667,101022,6693.366,256994014.48709,0
1627398900000,38563.36,38563.36,38226.33,38308.83,8608.719,1627399799999,330239086.78385,74233,3854.420,147855362.00662,0
1627399800000,38308.84,38369.98,37933.00,38079.89,9399.720,1627400699999,358263451.27095,83906,4449.791,169625717.38346,0
1627400700000,38079.89,38285.49,38079.88,38203.37,6550.907,1627401599999,250212288.68017,54111,3294.523,125835903.25207,0
1627401600000,38203.37,38304.00,37921.84,37955.58,8320.232,1627402499999,317054974.10574,78307,3945.371,150384488.50805,0
1627402500000,37956.56,38004.00,37660.00,37777.91,14840.162,1627403399999,561096225.09799,120701,7049.560,266630609.46527,0
1627403400000,37777.92,38037.87,37758.07,37926.62,8920.702,1627404299999,338127623.36882,69937,4604.900,174541907.84834,0
1627404300000,37925.89,37925.90,37559.12,37622.98,11339.510,1627405199999,427467220.47637,92901,4733.844,178465899.12371,0
1627405200000,37622.97,37750.00,37567.52,37706.30,4884.842,1627406099999,184024275.47558,52221,2513.282,94696967.71579,0
1627406100000,37706.29,37818.09,37627.51,37750.92,4362.677,1627406999999,164607482.15004,44428,2251.701,84975067.93606,0
1627407000000,37750.92,37884.54,37700.00,37838.65,4392.885,1627407899999,166017155.07393,43951,2367.061,89465087.05846,0
1627407900000,37839.98,37857.24,37681.67,37778.00,3322.099,1627408799999,125479958.52291,32954,1515.162,57235327.03321,0
1627408800000,37777.99,37802.99,37325.00,37505.84,11278.429,1627409699999,422934956.24634,93880,4813.552,180524858.39120,0
1627409700000,37506.57,37772.92,37506.57,37713.13,6374.228,1627410599999,240024120.40707,59685,3351.211,126192757.31279,0
1627410600000,37713.39,38050.00,37713.39,37865.11,10086.528,1627411499999,382466322.93326,78575,5454.771,206821522.82360,0
1627411500000,37865.11,37953.84,37815.49,37887.78,3759.454,1627412399999,142409006.79095,34904,2178.755,82547317.73131,0
1627412400000,37887.78,38026.38,37814.21,37930.82,3056.730,1627413299999,115937937.73696,35179,1629.134,61801601.37196,0
1627413300000,37932.47,37979.62,37788.08,37907.42,2767.203,1627414199999,104831489.01831,31069,1322.326,50102472.51830,0
1627414200000,37907.43,38250.43,37901.82,38064.88,6398.440,1627415099999,243650435.37172,58812,3787.222,144238596.90848,0
1627415100000,38064.87,38064.87,37716.19,37780.52,5208.307,1627415999999,197374240.13267,45108,1806.569,68499482.55446,0
1627416000000,37780.57,38132.01,37779.05,37896.69,5541.094,1627416899999,210348347.71080,55420,3053.417,115881787.66119,0
1627416900000,37896.69,38079.61,37896.68,38064.48,2987.190,1627417799999,113508223.27586,32238,1595.108,60611362.54046,0
1627417800000,38064.48,38185.79,37939.02,38082.26,4723.137,1627418699999,179800187.55677,44832,2184.251,83174764.20219,0
1627418700000,38083.06,38100.40,37900.38,38017.58,3005.740,1627419599999,114156736.75706,32084,1268.186,48166210.87741,0
1627419600000,38017.58,38228.97,37923.15,38213.56,3614.021,1627420499999,137591648.83402,37036,1998.138,76072195.51309,0
1627420500000,38213.56,38350.00,38120.00,38288.48,5122.227,1627421399999,195969667.16433,57195,2631.077,100670275.13331,0
1627421400000,38288.48,38448.29,38272.63,38295.00,3841.384,1627422299999,147356122.60145,48258,2030.476,77901946.70933,0
1627422300000,38295.01,38344.50,38214.65,38304.67,2399.959,1627423199999,91849517.96388,28232,1146.724,43891698.18187,0
1627423200000,38304.68,38344.92,38140.98,38181.26,2432.327,1627424099999,92951416.72447,29884,1100.254,42054440.26452,0
1627424100000,38181.27,38337.27,38100.00,38261.99,2639.627,1627424999999,100933191.45544,29360,1407.430,53824670.45141,0
1627425000000,38261.98,38998.09,38261.98,38956.61,12183.242,1627425899999,471111986.56435,111016,7069.302,273425453.23603,0
1627425900000,38959.10,39399.00,38923.00,39147.03,16476.684,1627426799999,644749925.62903,149889,8846.669,346229997.22838,0
1627426800000,39147.03,39257.92,38678.99,39110.67,14162.399,1627427699999,551860020.02137,123854,6894.422,268717544.89939,0
1627427700000,39110.68,39150.00,38925.87,39066.74,4446.799,1627428599999,173556238.01516,47612,2128.119,83062487.08375,0
1627428600000,39064.90,39098.34,38893.33,39027.24,3365.213,1627429499999,131080685.58334,38383,1686.537,65704282.06261,0
1627429500000,39027.23,39546.34,38965.98,39442.33,9880.700,1627430399999,387895301.07465,84397,6099.114,239414808.07349,0
1627430400000,39448.06,39550.00,39050.00,39156.29,10423.439,1627431299999,409672344.67045,98611,4636.347,182256142.87213,0
1627431300000,39156.80,39350.00,39009.82,39021.12,5457.728,1627432199999,213917313.50685,51914,2341.363,91802726.56952,0
1627432200000,39021.12,39234.80,38897.40,39033.34,6055.886,1627433099999,236617368.16814,57719,2980.316,116478880.04786,0
1627433100000,39033.33,39164.47,38962.28,39056.57,3462.655,1627433999999,135268785.25410,37131,1858.087,72600544.86655,0
1627434000000,39056.56,39287.22,38861.61,39179.45,5470.591,1627434899999,213746720.01397,53926,2607.628,101953764.65525,0
1627434900000,39179.45,39333.00,39160.00,39194.47,3899.717,1627435799999,153051281.35211,38089,2019.008,79257249.60407,0
1627435800000,39194.47,39650.00,39176.47,39436.96,8308.923,1627436699999,327651911.02822,72119,4627.725,182510892.57812,0
1627436700000,39437.00,39863.99,39435.15,39855.03,11028.417,1627437599999,437998273.82198,98340,5940.222,235920602.92227,0
1627437600000,39855.03,40223.00,39593.36,40150.03,15079.797,1627438499999,601868750.94333,135136,8096.523,323296583.07401,0
1627438500000,40150.03,40236.45,39733.52,39877.80,11974.154,1627439399999,478882820.74773,111136,5130.908,205288472.14568,0
1627439400000,39877.81,39978.70,39794.63,39925.32,6171.219,1627440299999,246169541.38975,58077,3402.061,135725830.14022,0
1627440300000,39925.32,39988.73,39723.32,39838.22,5653.771,1627441199999,225345837.72178,47237,2467.246,98353791.33725,0
1627441200000,39838.22,39881.86,39403.31,39695.50,11530.278,1627442099999,456770399.06710,92250,5259.218,208385170.05046,0
1627442100000,39695.50,40020.91,39650.00,39980.01,7099.278,1627442999999,283100129.68883,66031,4173.465,166460942.18781,0
1627443000000,39979.99,40388.00,39800.00,39850.00,12142.735,1627443899999,487122696.22566,112114,5943.808,238553888.18093,0
1627443900000,39851.69,39985.00,39706.51,39815.00,5587.781,1627444799999,222591331.58963,51724,2708.546,107924187.52220,0
1627444800000,39815.00,40123.20,39600.03,39728.99,8964.337,1627445699999,357252224.37305,82238,3945.826,157319811.60649,0
1627445700000,39728.99,39861.88,39665.32,39761.42,4167.394,1627446599999,165755313.74866,41673,2155.699,85749607.47040,0
1627446600000,39761.42,39814.04,39555.65,39704.01,5104.092,1627447499999,202556173.78159,52622,2302.974,91407351.96846,0
1627447500000,39704.86,39927.85,39670.00,39670.10,4398.544,1627448399999,174965601.18745,45850,2246.003,89360704.22207,0
1627448400000,39670.09,39966.72,39603.35,39939.02,5518.718,1627449299999,219780143.47169,53186,3083.721,122805663.03314,0
1627449300000,39939.02,40092.49,39852.89,40013.43,6644.998,1627450199999,265765549.78796,62891,3295.068,131795074.67731,0
1627450200000,40013.44,40190.37,39824.10,40130.01,5496.971,1627451099999,219980802.29684,57904,2931.364,117350008.14714,0
1627451100000,40130.01,40145.17,39949.78,40112.58,3997.693,1627451999999,160096989.83375,47391,1770.274,70912166.92618,0
1627452000000,40110.84,40168.27,39922.38,39964.00,4526.778,1627452899999,181277320.63517,49196,2139.397,85695277.78651,0
1627452900000,39964.25,40030.00,39707.24,39721.50,7881.041,1627453799999,313914413.03112,65070,3958.779,157712630.88303,0
1627453800000,39724.99,39860.00,39222.39,39313.28,11576.088,1627454699999,457600839.73732,98749,4571.609,180816861.88773,0
1627454700000,39313.28,39585.41,39284.46,39523.03,7650.313,1627455599999,301947585.18722,71644,4168.040,164497003.56032,0
1627455600000,39523.03,39790.00,39512.36,39676.23,7437.120,1627456499999,295109831.58274,65819,3778.817,149945994.64411,0
1627456500000,39676.24,39797.98,39548.45,39725.45,3751.973,1627457399999,148889837.50570,42517,2064.471,81940062.35474,0
1627457400000,39725.46,39898.74,39513.43,39884.57,6201.458,1627458299999,246328535.96435,62336,3340.734,132746149.73274,0
1627458300000,39886.63,39943.00,39763.12,39888.00,4478.852,1627459199999,178493674.20694,48398,2246.684,89544296.07042,0
1627459200000,39887.99,39928.93,39703.60,39862.81,4032.392,1627460099999,160460629.55656,48792,1855.643,73857403.25141,0
1627460100000,39862.82,39873.99,39600.00,39691.51,4163.984,1627460999999,165344848.73233,42038,1641.304,65172574.97144,0
1627461000000,39691.51,39691.59,39350.00,39390.70,6314.172,1627461899999,249556049.20453,68827,2767.173,109389028.35101,0
1627461900000,39390.70,39550.53,39390.70,39518.45,3976.699,1627462799999,157062694.93535,43470,2171.895,85780490.46055,0
1627462800000,39518.45,39794.26,39422.33,39700.01,6124.057,1627463699999,242760899.03123,59482,3506.413,138977874.00411,0
1627463700000,39700.01,39850.00,39628.70,39803.35,4515.461,1627464599999,179457458.07731,46423,2378.948,94561311.63036,0
1627464600000,39804.36,39820.00,39713.22,39730.11,2350.732,1627465499999,93486833.84510,28409,1059.167,42127150.63114,0
1627465500000,39730.11,39950.00,39700.00,39933.54,4157.477,1627466399999,165558228.78675,43363,2496.983,99460017.83070,0
1627466400000,39933.55,40227.84,39784.87,40176.59,11736.906,1627467299999,469938122.30907,103449,7173.856,287321304.16390,0
1627467300000,40178.34,40276.40,40019.96,40110.00,9120.799,1627468199999,366143794.64214,90820,4207.173,168944153.27827,0
1627468200000,40110.00,40148.58,39959.75,40123.75,5697.738,1627469099999,228253059.71574,58398,2924.067,117160291.38649,0
1627469100000,40123.74,40400.00,40070.20,40161.08,8597.624,1627469999999,345821876.73537,82989,4834.818,194518809.98115,0
1627470000000,40161.07,40400.00,40064.63,40341.95,8366.597,1627470899999,336682950.44993,86799,4482.229,180382521.94906,0
1627470900000,40340.09,40450.00,40224.19,40445.15,8615.653,1627471799999,347610039.07860,78111,4570.304,184439154.49515,0
1627471800000,40445.15,40894.00,40360.38,40698.34,24158.912,1627472699999,982916931.82073,193806,13107.630,533285822.72913,0
1627472700000,40698.34,40830.00,40608.82,40729.99,8098.556,1627473599999,329598987.17783,79472,3969.060,161553689.41384,0
1627473600000,40729.89,40764.85,40445.92,40625.41,8986.528,1627474499999,364558919.17187,85486,4256.983,172734542.20787,0
1627474500000,40625.41,40864.39,40531.59,40654.04,7864.746,1627475399999,319864035.38673,75415,3886.544,158119123.54795,0
1627475400000,40655.83,40720.23,39777.00,39972.98,20766.444,1627476299999,834292143.39288,160210,9053.704,363661293.53698,0
1627476300000,39972.98,40035.00,39586.08,39669.85,16637.190,1627477199999,662363983.24901,151052,7949.411,316590954.36659,0
1627477200000,39671.06,39949.98,39572.78,39731.48,11968.408,1627478099999,476121561.27110,109729,6049.864,240730791.55295,0
1627478100000,39731.34,39865.84,39600.00,39729.99,6372.035,1627478999999,253327073.26152,64113,3201.650,127315481.68657,0
1627479000000,39729.98,39794.00,39408.51,39591.00,10532.222,1627479899999,416979459.76751,97576,4776.038,189130162.05887,0
1627479900000,39590.99,39661.86,39430.28,39647.34,6855.805,1627480799999,271134909.27281,68717,3390.671,134117143.88663,0
1627480800000,39647.35,39839.79,39465.58,39774.91,7703.988,1627481699999,305562540.20362,69972,4527.805,179604562.46199,0
1627481700000,39774.91,39810.00,39666.00,39719.10,4801.433,1627482599999,190771727.17618,42780,2093.553,83196231.62815,0
1627482600000,39719.10,39721.89,39533.72,39602.76,4288.097,1627483499999,169902219.38008,44085,1857.159,73588109.83189,0
1627483500000,39602.75,39717.19,39306.04,39516.34,7996.770,1627484399999,315723562.44606,71260,3452.394,136318059.96693,0
1627484400000,39516.34,39627.00,39406.30,39616.78,5049.382,1627485299999,199588756.50860,49821,2419.397,95647797.74109,0
1627485300000,39616.77,39685.00,39540.00,39607.13,3718.583,1627486199999,147339597.30718,39852,1674.750,66364696.81487,0
1627486200000,39607.12,39800.00,39575.35,39791.07,3726.973,1627487099999,147995753.23400,44374,2252.046,89437281.88705,0
1627487100000,39791.07,39949.00,39602.00,39670.00,6517.707,1627487999999,259151034.37864,65210,3284.334,130625194.96255,0
1627488000000,39670.00,39849.14,39532.67,39799.99,5277.980,1627488899999,209481230.62435,59039,2745.213,108982831.89461,0
1627488900000,39799.99,39972.00,39750.76,39890.01,4508.530,1627489799999,179690509.58702,50293,2330.758,92911348.81611,0
1627489800000,39890.01,39890.02,39755.73,39780.08,3109.915,1627490699999,123801216.63198,35040,1500.491,59733841.58256,0
1627490700000,39779.43,40178.00,39779.43,40106.61,9197.534,1627491599999,368125310.17652,80253,5339.926,213708224.43789,0
1627491600000,40106.48,40245.47,40003.16,40147.13,5803.281,1627492499999,232903047.88933,59964,3067.685,123140234.30621,0
1627492500000,40147.13,40199.64,39506.29,39567.11,11226.984,1627493399999,446951494.25608,95942,4263.783,169750694.15688,0
1627493400000,39567.10,39649.00,39050.00,39186.55,21284.044,1627494299999,836976104.09625,178013,8882.322,349420788.85311,0
1627494300000,39186.55,39300.00,38819.53,38958.03,17257.621,1627495199999,673470775.25631,133486,7413.842,289487847.13716,0
1627495200000,38958.03,39418.31,38753.00,39361.69,19004.475,1627496099999,743736343.47644,143688,11003.488,430882477.34820,0
1627496100000,39361.68,39712.49,39361.14,39526.81,12111.628,1627496999999,478968976.99688,108309,5984.041,236669539.33282,0
1627497000000,39526.80,40437.79,39350.40,40252.01,18380.578,1627497899999,733644660.29336,159094,10160.993,405701442.29700,0
1627497900000,40252.01,40529.24,40123.00,40449.68,15933.040,1627498799999,643002209.55052,143221,8253.313,333201932.55020,0
1627498800000,40448.38,40682.00,40303.45,40389.70,11569.919,1627499699999,468296356.21413,113762,5803.549,234985356.18107,0
1627499700000,40386.64,40484.01,39912.02,40098.00,10671.043,1627500599999,428865450.31571,97505,4353.066,174974188.24584,0
1627500600000,40098.00,40518.53,40005.00,40385.58,8403.094,1627501499999,338733763.65191,83601,4714.626,190059739.16130,0
1627501500000,40385.58,40450.00,40219.37,40375.30,3903.686,1627502399999,157501054.60809,41525,1840.483,74273115.66347,0
1627502400000,40375.30,40381.50,39900.16,40161.73,8820.364,1627503299999,353674805.31277,85412,4198.786,168357560.24070,0
1627503300000,40161.74,40187.28,39907.98,39963.03,4508.040,1627504199999,180479602.39935,48069,2074.924,83085223.09037,0
1627504200000,39963.03,40046.75,39700.03,39996.14,8104.828,1627505099999,323060466.47805,86454,4114.176,164072946.72642,0
1627505100000,39996.54,40258.00,39905.41,39922.59,5668.859,1627505999999,227188893.60485,57980,3009.869,120694247.85394,0
1627506000000,39922.59,40080.00,39800.85,39925.51,4767.238,1627506899999,190292262.71462,56257,2151.735,85916740.96280,0
1627506900000,39925.51,39950.00,39802.23,39909.78,3133.014,1627507799999,124902739.83190,41872,1493.822,59559152.02156,0
1627507800000,39909.78,40097.99,39859.99,40020.28,3354.592,1627508699999,134169770.97223,48316,1823.161,72928440.65186,0
1627508700000,40020.28,40142.64,39980.00,40067.08,2370.573,1627509599999,94998885.17288,32478,1262.451,50594053.06034,0
1627509600000,40065.01,40200.00,39875.79,40064.81,4257.803,1627510499999,170558133.47481,47058,1979.765,79350641.52875,0
1627510500000,40064.81,40117.31,39931.63,40011.27,2337.011,1627511399999,93511145.31684,31622,1081.324,43275969.24682,0
1627511400000,40013.87,40013.87,39840.16,39856.99,3073.245,1627512299999,122642006.48728,38536,1427.468,56970272.50851,0
1627512300000,39857.00,39877.85,39554.04,39726.95,6272.844,1627513199999,248928796.52901,63266,2797.864,111024670.93886,0
1627513200000,39726.93,39800.00,39561.03,39733.07,4148.938,1627514099999,164678660.58897,43675,2294.070,91083040.61055,0
1627514100000,39734.04,40197.52,39622.00,39859.67,9198.123,1627514999999,367096187.67303,88137,4873.430,194511697.88218,0
1627515000000,39859.67,39999.00,39727.25,39862.45,3756.045,1627515899999,149741192.19381,45822,1988.483,79273833.04698,0
1627515900000,39862.46,40027.44,39862.45,40003.08,3824.556,1627516799999,152892773.77316,38642,2010.922,80400244.53894,0
1627516800000,40003.08,40281.93,39815.29,40119.27,7634.439,1627517699999,305502373.01101,75471,4080.472,163366740.68601,0
1627517700000,40119.27,40209.84,39856.00,39899.99,5324.972,1627518599999,213060006.06138,54689,2213.446,88594192.23737,0
1627518600000,39899.99,39934.66,39650.00,39707.99,6159.254,1627519499999,244961059.34690,57840,3001.726,119414245.69845,0
1627519500000,39708.00,39794.83,39361.00,39388.44,6416.890,1627520399999,254086790.78323,63175,2689.577,106568028.44853,0
1627520400000,39385.29,39722.06,39339.02,39566.04,8158.658,1627521299999,322681243.53761,73486,4210.339,166561592.14367,0
1627521300000,39566.03,39584.90,39203.83,39418.61,6905.198,1627522199999,271955021.16592,65300,2899.463,114229080.24156,0
1627522200000,39418.60,39598.74,39406.16,39483.44,3515.743,1627523099999,138950902.85579,38669,2073.545,81959241.13346,0
1627523100000,39483.44,39714.73,39470.42,39642.98,4893.815,1627523999999,194025897.64046,44340,2747.898,108945237.77698,0
1627524000000,39642.99,39868.00,39593.27,39802.62,4814.625,1627524899999,191370987.01957,46138,2641.252,104971010.76205,0
1627524900000,39802.62,39957.56,39723.76,39850.00,3204.873,1627525799999,127634012.39168,31678,2105.278,83870809.85516,0
1627525800000,39850.01,39971.04,39751.76,39891.86,2999.409,1627526699999,119563884.82214,35339,1479.741,59000210.02560,0
1627526700000,39891.86,39937.32,39668.52,39689.55,3848.670,1627527599999,153166576.39103,39997,1354.975,53931595.74099,0
1627527600000,39683.50,39838.00,39622.00,39765.21,3294.693,1627528499999,130914726.24558,35674,1881.765,74776957.49437,0
1627528500000,39765.20,39778.32,39533.16,39553.78,3061.555,1627529399999,121356056.21517,33784,1468.113,58205809.61912,0
1627529400000,39553.78,39712.00,39490.60,39618.12,3662.639,1627530299999,145065404.84051,35527,2219.409,87918476.47195,0
1627530300000,39618.12,39721.07,39558.56,39595.02,2401.236,1627531199999,95197032.37235,27029,1263.685,50106165.29913,0
1627531200000,39595.02,39850.00,39470.00,39740.64,5456.498,1627532099999,216501628.02209,51039,2840.686,112718647.46873,0
1627532100000,39740.00,40045.53,39729.62,40009.51,5199.871,1627532999999,207461687.49166,52845,2890.655,115358643.01822,0
1627533000000,40008.36,40075.90,39877.49,40017.57,4585.653,1627533899999,183388768.92600,49403,2286.118,91444070.80072,0
1627533900000,40017.57,40093.27,39917.19,39951.00,3393.274,1627534799999,135723162.30168,38736,1551.413,62062681.96102,0
1627534800000,39951.00,39983.00,39709.22,39799.28,4851.353,1627535699999,193278070.66358,45710,2042.328,81404214.40719,0
1627535700000,39799.28,39856.90,39690.35,39758.96,4360.857,1627536599999,173408263.98655,43910,2109.426,83890767.09331,0
1627536600000,39758.97,40244.00,39725.00,40095.97,9040.806,1627537499999,362023192.23786,82968,5288.959,211737951.80039,0
1627537500000,40095.09,40180.00,40024.99,40090.44,4485.091,1627538399999,179866871.04221,47236,2324.271,93218947.03996,0
1627538400000,40090.44,40184.01,40024.22,40029.85,3251.944,1627539299999,130454180.98349,36707,1459.581,58565408.45151,0
1627539300000,40029.86,40157.05,40000.00,40022.73,3025.142,1627540199999,121219997.57389,35210,1722.640,69032248.34153,0
1627540200000,40022.72,40110.00,40018.00,40092.26,1605.889,1627541099999,64338909.55021,25197,892.824,35772162.98108,0
1627541100000,40092.26,40118.60,39879.28,39981.89,3760.885,1627541999999,150367901.58726,41849,1617.290,64668121.20538,0
1627542000000,39981.54,40072.39,39897.54,40011.43,3247.096,1627542899999,129881910.07197,33143,1858.372,74337919.50266,0
1627542900000,40011.42,40068.35,39920.00,40051.23,2159.335,1627543799999,86369031.69601,28283,1181.393,47257233.61071,0
1627543800000,40051.23,40120.00,39942.79,40015.01,2533.227,1627544699999,101364422.13374,31068,1307.093,52306012.39438,0
1627544700000,40015.01,40023.30,39814.29,39925.01,3850.369,1627545599999,153710769.65985,42317,1653.545,66024131.64895,0
1627545600000,39925.01,39960.00,39715.00,39833.25,5507.423,1627546499999,219343118.39407,57947,2654.662,105735858.22353,0
1627546500000,39833.26,39928.35,39781.94,39897.11,3501.480,1627547399999,139539987.72192,35834,2050.243,81712570.72555,0
1627547400000,39897.12,40020.00,39822.05,40002.21,2974.312,1627548299999,118745019.46806,34390,1641.177,65533649.83858,0
1627548300000,40002.01,40065.98,39843.58,39927.03,3699.542,1627549199999,147829911.28767,37467,1762.014,70413500.61494,0
1627549200000,39927.03,40138.00,39927.03,40054.75,3673.437,1627550099999,147033563.02213,38181,2070.037,82865661.15567,0
1627550100000,40054.76,40146.78,39988.52,40099.99,4284.657,1627550999999,171682962.01142,43938,2075.220,83159456.86527,0
1627551000000,40100.00,40342.00,40066.00,40280.40,8848.079,1627551899999,355657039.26573,71304,5616.498,225796078.94384,0
1627551900000,40280.40,40665.00,40280.39,40377.06,15380.960,1627552799999,622455695.57506,135626,8194.125,331628990.41269,0
1627552800000,40377.06,40423.42,40226.79,40356.42,6518.878,1627553699999,262805441.47387,57025,3275.232,132057749.80349,0
1627553700000,40358.64,40530.22,40299.00,40304.01,5978.259,1627554599999,241636981.31586,60671,2803.884,113350978.68256,0
1627554600000,40304.02,40330.00,40015.87,40157.02,6279.959,1627555499999,252416510.01167,59821,2565.027,103125707.10670,0
1627555500000,40157.03,40221.08,40080.47,40167.58,3800.243,1627556399999,152599630.24487,41113,2028.300,81456793.69677,0
1627556400000,40167.57,40221.08,40065.00,40184.01,3158.134,1627557299999,126816737.87330,35316,1680.805,67498231.47934,0
1627557300000,40184.28,40247.00,40050.00,40165.35,4202.660,1627558199999,168752966.75803,37334,2246.471,90222205.54863,0
1627558200000,40165.35,40181.00,39666.00,39676.99,14366.151,1627559099999,572829821.02138,119501,5983.445,238650017.22418,0
1627559100000,39676.99,39822.00,39500.00,39748.70,13198.150,1627559999999,524011425.07272,114591,6701.866,266136882.95879,0
1627560000000,39748.70,39775.00,39525.00,39616.94,8543.369,1627560899999,338429802.57134,85276,3934.549,155854121.31665,0
1627560900000,39616.95,39744.00,39400.00,39713.00,8814.072,1627561799999,348992392.57156,73208,4160.996,164837869.08442,0
1627561800000,39713.01,39796.27,39523.31,39676.70,6691.553,1627562699999,265410505.40605,58504,3553.479,140963391.11324,0
1627562700000,39676.70,39737.44,39617.00,39706.91,2885.557,1627563599999,114495245.14057,33000,1441.519,57207211.79911,0
1627563600000,39706.92,39890.00,39617.62,39872.94,5302.214,1627564499999,210796842.27957,53227,3081.729,122536279.13426,0
1627564500000,39872.94,39965.00,39776.09,39866.28,5593.434,1627565399999,222973082.99693,56936,2793.717,111384829.71300,0
1627565400000,39869.05,39958.00,39710.32,39854.64,4808.060,1627566299999,191560521.73848,52640,2134.217,85044363.78123,0
1627566300000,39854.64,39879.88,39780.00,39853.01,2317.496,1627567199999,92319783.27893,28136,1094.644,43610195.77930,0
1627567200000,39853.02,39931.17,39789.00,39878.99,3068.754,1627568099999,122371869.44465,32155,1639.512,65394255.31419,0
1627568100000,39878.99,39922.38,39618.92,39748.88,7856.983,1627568999999,311948994.99931,69694,3708.872,147257091.99175,0
1627569000000,39748.76,40000.00,39676.00,39810.00,10664.551,1627569899999,424824531.63906,91651,5600.059,223116004.87728,0
1627569900000,39810.01,39937.93,39782.48,39937.93,2858.947,1627570799999,114013735.38118,33216,1552.572,61920497.89808,0
1627570800000,39936.67,40148.23,39840.58,39963.21,9039.366,1627571699999,361709608.88979,81016,4801.538,192168115.17682,0
1627571700000,39963.22,40069.22,39748.00,39980.49,7207.349,1627572599999,287715989.64172,69402,3649.794,145727754.34532,0
1627572600000,39980.49,40040.00,39850.00,39876.87,3846.777,1627573499999,153616441.19950,35995,1649.378,65859227.56635,0
1627573500000,39876.86,39977.67,39867.64,39926.50,2103.104,1627574399999,83996841.80914,23229,1118.875,44687066.98203,0
1627574400000,39926.50,40200.00,39766.10,39840.39,9017.590,1627575299999,360100313.66325,77451,4646.965,185658304.37428,0
1627575300000,39839.55,39970.48,39803.78,39877.00,3876.043,1627576199999,154607456.16398,35990,1921.288,76643957.52488,0
1627576200000,39876.99,39893.38,39751.00,39840.62,3002.668,1627577099999,119547823.15801,33447,1326.382,52816118.14018,0
1627577100000,39840.16,39843.47,39630.00,39735.09,4874.826,1627577999999,193660855.58767,45862,2045.573,81268675.04748,0
1627578000000,39735.08,39839.18,39623.00,39826.53,4228.147,1627578899999,167981259.07776,44134,2182.606,86723142.57383,0
1627578900000,39825.01,39844.00,39682.00,39720.88,2661.237,1627579799999,105792457.10699,28833,1141.763,45388382.30256,0
1627579800000,39722.71,39748.04,39656.00,39710.00,1927.808,1627580699999,76522499.72113,25327,860.961,34179092.12798,0
1627580700000,39710.60,39920.00,39560.00,39599.67,6970.451,1627581599999,276948277.64864,59368,3181.475,126471014.39572,0
1627581600000,39599.67,39679.77,39550.00,39637.96,4866.656,1627582499999,192776478.42830,46199,2521.115,99871485.18379,0
1627582500000,39637.96,39646.26,39412.55,39536.94,7447.702,1627583399999,294457594.01370,51130,3205.891,126765453.29173,0
1627583400000,39536.94,39567.25,39365.33,39448.53,5527.860,1627584299999,218213606.40004,52237,2596.167,102492466.31806,0
1627584300000,39448.53,39547.40,39440.00,39532.40,2012.078,1627585199999,79473374.34171,27192,1197.480,47300073.36466,0
1627585200000,39532.41,39689.67,39452.78,39613.18,3141.630,1627586099999,124272994.06535,34168,1766.426,69887918.50210,0
1627586100000,39610.98,39655.08,39451.22,39493.47,2575.042,1627586999999,101801603.41725,29761,1212.790,47943824.75657,0
1627587000000,39493.46,39588.78,39460.27,39503.61,2019.238,1627587899999,79790094.98345,26784,987.780,39030922.49903,0
1627587900000,39504.93,39739.06,39492.54,39647.85,3259.517,1627588799999,129220027.77068,38518,1794.174,71124030.90360,0
1627588800000,39647.85,39712.98,39612.02,39649.66,1727.690,1627589699999,68521198.76170,24856,907.772,36004807.83215,0
1627589700000,39649.66,39776.58,39600.00,39702.40,2512.625,1627590599999,99783885.79145,29744,1355.755,53848696.58967,0
1627590600000,39701.08,39830.00,39700.00,39764.73,1916.505,1627591499999,76232242.88384,25496,1105.638,43979130.31186,0
1627591500000,39765.61,39779.21,39665.62,39715.49,1724.278,1627592399999,68470550.57776,22021,720.159,28599638.06399,0
1627592400000,39715.49,39761.11,39680.00,39701.03,1661.327,1627593299999,65988566.87075,21100,975.745,38756808.68315,0
1627593300000,39701.03,39708.70,39553.00,39618.73,2820.727,1627594199999,111781460.87058,33523,1174.066,46525339.41718,0
1627594200000,39618.73,39649.73,39465.66,39549.15,2795.566,1627595099999,110553202.11294,30461,982.874,38869393.42877,0
1627595100000,39549.14,39595.15,39481.21,39522.27,1830.449,1627595999999,72355171.14845,22403,974.140,38510183.87654,0
1627596000000,39522.61,39700.00,39506.81,39650.16,2807.973,1627596899999,111246284.52247,30493,1560.527,61825087.16813,0
1627596900000,39650.17,39779.36,39650.16,39705.41,2982.316,1627597799999,118452790.16877,32013,1645.535,65364060.43726,0
1627597800000,39704.21,39792.04,39704.20,39758.99,2077.728,1627598699999,82598220.72808,24610,1161.869,46190789.77919,0
1627598700000,39758.99,39812.34,39712.24,39773.85,1747.729,1627599599999,69496812.61888,24161,922.980,36707227.91554,0
1627599600000,39773.85,40054.62,39757.00,39883.44,7082.154,1627600499999,282696205.77335,62284,4063.894,162214191.60041,0
1627600500000,39883.44,40350.00,39883.44,40294.68,12385.831,1627601399999,497841889.71196,99802,6917.674,278008911.75806,0
1627601400000,40294.67,40400.00,40026.60,40089.97,6787.786,1627602299999,272821480.15575,67302,2929.416,117759068.36580,0
1627602300000,40089.98,40093.04,39865.18,40012.90,5570.826,1627603199999,222682949.55314,51973,2659.674,106320346.54483,0
1627603200000,40012.89,40063.93,39754.00,39892.70,6413.097,1627604099999,255815666.21631,60714,3060.364,122109252.07614,0
1627604100000,39892.69,40133.13,39859.75,40030.15,4620.438,1627604999999,184992554.60852,46407,2649.393,106086391.01687,0
1627605000000,40030.15,40069.00,39935.81,39942.65,2488.313,1627605899999,99503962.53254,29755,1118.573,44734462.71515,0
1627605900000,39942.65,39960.30,39854.62,39900.00,1936.878,1627606799999,77294710.14089,22283,820.890,32762023.40840,0
1627606800000,39901.53,40061.87,39850.00,40026.40,2170.981,1627607699999,86692008.55218,27386,1295.211,51732456.23850,0
1627607700000,40026.40,40067.56,39901.03,39918.44,1834.978,1627608599999,73322278.22484,22092,825.445,32980534.07998,0
1627608600000,39918.44,40029.94,39893.01,40008.87,1918.934,1627609499999,76709654.83334,24593,999.766,39970622.04920,0
1627609500000,40008.87,40130.00,40006.91,40080.00,2846.697,1627610399999,114044735.56574,32230,1436.636,57558523.20940,0
1627610400000,40080.00,40238.00,40079.99,40120.29,4489.360,1627611299999,180355695.12815,45579,2406.786,96691974.35692,0
1627611300000,40120.70,40193.09,40061.33,40132.48,2646.488,1627612199999,106183964.09592,29270,1425.472,57210119.24051,0
1627612200000,40132.48,40169.22,40037.00,40086.14,1822.637,1627613099999,73073938.36432,24091,853.820,34234866.68777,0
1627613100000,40086.14,40099.99,39941.47,39973.66,2542.014,1627613999999,101683226.93441,28626,1062.540,42500207.55673,0
1627614000000,39973.67,40030.95,39940.00,40014.29,1767.602,1627614899999,70681838.60959,22230,901.013,36033475.43585,0
1627614900000,40014.28,40092.73,40012.49,40088.43,1386.057,1627615799999,55509981.72521,19078,826.960,33120713.46187,0
1627615800000,40088.42,40088.43,39940.01,40026.64,2519.971,1627616699999,100797107.81023,24401,1027.897,41116705.66563,0
1627616700000,40024.78,40024.78,39942.01,39951.21,1446.540,1627617599999,57819628.23825,18907,688.143,27506317.63674,0
1627617600000,39951.21,40016.20,39782.01,39927.41,4923.752,1627618499999,196420435.69450,43788,2121.272,84644313.26113,0
1627618500000,39927.41,39939.95,39830.00,39881.35,2677.783,1627619399999,106807030.73438,23517,988.964,39446545.62255,0
1627619400000,39881.35,39936.35,39715.00,39724.71,4225.862,1627620299999,168256647.81683,42764,1875.161,74679065.38456,0
1627620300000,39724.50,39816.00,39630.00,39802.52,4856.860,1627621199999,192982350.85087,42668,2243.681,89188173.37162,0
1627621200000,39802.52,39824.89,39720.00,39735.40,2348.177,1627622099999,93427144.83873,26042,942.758,37509577.62920,0
1627622100000,39735.40,39765.46,39610.00,39689.50,3980.451,1627622999999,157967685.84901,36964,1709.560,67859314.11891,0
1627623000000,39689.50,39795.00,39650.00,39719.54,2614.628,1627623899999,103885222.17417,29035,1522.237,60482628.08506,0
1627623900000,39719.55,39763.81,39676.00,39713.46,2106.221,1627624799999,83643252.10552,23629,1069.630,42481583.88221,0
1627624800000,39713.53,39750.00,39560.00,39699.37,3929.165,1627625699999,155863795.41589,39363,1782.166,70708934.97125,0
1627625700000,39699.37,39783.70,39622.00,39779.77,3152.464,1627626599999,125185135.84063,32801,1723.650,68449550.80857,0
1627626600000,39779.77,39818.46,39730.00,39756.82,2250.662,1627627499999,89527824.55110,27029,1064.420,42346109.00952,0
1627627500000,39756.81,39844.00,39707.00,39836.80,1913.920,1627628399999,76122737.38818,24002,1178.373,46871152.71852,0
1627628400000,39836.80,39868.52,39781.06,39853.90,2076.612,1627629299999,82697298.86678,26706,1206.647,48054008.45014,0
1627629300000,39853.90,39876.24,39733.00,39834.99,2522.699,1627630199999,100428974.39059,28312,1065.427,42413326.65933,0
1627630200000,39834.99,39876.43,39799.84,39842.84,1856.541,1627631099999,73955246.29155,21362,1039.881,41425756.21298,0
1627631100000,39842.83,39850.01,39660.57,39729.99,3053.095,1627631999999,121316249.14572,33799,1486.733,59075057.58830,0
1627632000000,39730.00,39732.90,39630.15,39710.64,2969.926,1627632899999,117860555.51268,32420,1381.882,54843696.10558,0
1627632900000,39710.64,39768.08,39667.66,39703.98,2011.295,1627633799999,79890541.54008,24843,970.584,38554286.24552,0
1627633800000,39703.98,39705.42,38801.87,38965.87,25275.714,1627634699999,990142870.34210,184833,10018.762,392096959.16724,0
1627634700000,38967.92,39020.94,38500.00,38724.02,24615.847,1627635599999,953879487.95985,205879,11750.490,455532814.82402,0
1627635600000,38724.02,38748.59,38430.00,38664.08,15610.520,1627636499999,602494110.17108,129940,7284.440,281211167.41523,0
1627636500000,38664.05,38679.91,38320.00,38417.01,13943.042,1627637399999,536652440.69443,119995,6009.188,231339600.52767,0
1627637400000,38417.00,38555.90,38394.45,38539.01,7709.726,1627638299999,296844327.70624,69932,4151.779,159863730.79994,0
1627638300000,38539.02,38799.31,38484.56,38775.00,9615.159,1627639199999,371548208.86663,85139,5392.942,208418955.23660,0
1627639200000,38775.01,38775.33,38595.00,38660.00,5856.230,1627640099999,226498634.70949,60363,2358.146,91210336.01371,0
1627640100000,38660.00,38741.48,38500.00,38725.15,5062.616,1627640999999,195472704.29862,50644,2732.827,105553629.08181,0
1627641000000,38725.31,38877.55,38662.51,38871.45,6967.537,1627641899999,270144790.28071,60421,3799.872,147348396.23384,0
1627641900000,38871.45,38925.00,38800.00,38832.63,5233.074,1627642799999,203350087.86827,51522,2626.650,102081430.48469,0
1627642800000,38832.64,38879.99,38751.49,38822.19,3227.052,1627643699999,125209422.91820,37739,1542.800,59865308.44378,0
1627643700000,38822.19,38877.00,38720.00,38812.49,3149.773,1627644599999,122222819.71252,36364,1571.671,60993594.36024,0
1627644600000,38812.50,38950.00,38692.01,38716.32,5828.219,1627645499999,226377766.27813,53064,2905.450,112887014.31371,0
1627645500000,38716.33,38799.60,38551.70,38637.34,6055.117,1627646399999,234194587.73642,55295,2837.249,109757738.04760,0
1627646400000,38637.33,38800.00,38555.00,38758.96,6008.669,1627647299999,232567674.60073,52620,3088.301,119561212.12454,0
1627647300000,38754.88,38799.83,38695.94,38766.47,2479.051,1627648199999,96050879.86054,28553,1226.867,47540635.90584,0
1627648200000,38766.47,38873.86,38680.00,38736.01,4652.392,1627649099999,180393627.45258,41793,2105.421,81650430.65439,0
1627649100000,38736.51,38809.28,38681.46,38697.39,2792.859,1627649999999,108204253.47669,30485,1427.389,55306007.93252,0
1627650000000,38697.40,38782.25,38650.00,38720.01,2777.806,1627650899999,107543204.26815,34183,1416.755,54851902.15356,0
1627650900000,38720.00,38829.47,38680.00,38802.73,3367.362,1627651799999,130580889.91149,32293,1754.575,68044804.68500,0
1627651800000,38802.73,38917.04,38718.54,38867.73,4744.277,1627652699999,184258599.74668,44599,2551.772,99123531.33705,0
1627652700000,38867.73,38900.00,38804.90,38810.97,2557.031,1627653599999,99353012.74940,29535,1378.265,53557145.04035,0
1627653600000,38810.97,39140.00,38807.39,39045.95,9500.946,1627654499999,370598441.49250,86898,5769.552,225054045.03089,0
1627654500000,39045.95,39049.90,38940.00,38977.19,4691.804,1627655399999,182935434.78284,46158,2391.660,93255171.26385,0
1627655400000,38977.19,38998.88,38861.00,38987.00,3737.752,1627656299999,145529972.27531,39635,1714.845,66778849.18327,0
1627656300000,38987.00,39034.96,38930.00,38988.50,2947.752,1627657199999,114927621.61128,33101,1404.636,54769621.87472,0
1627657200000,38988.50,38999.00,38851.12,38972.41,3286.667,1627658099999,127899958.22857,36827,1451.326,56484493.45333,0
1627658100000,38972.41,39049.00,38911.69,39010.76,3656.611,1627658999999,142561616.09537,35991,1891.714,73765558.92750,0
1627659000000,39010.77,39040.00,38957.70,39025.99,2052.080,1627659899999,80040497.39995,24654,902.777,35215338.86686,0
1627659900000,39026.00,39067.20,38982.01,39056.09,1665.367,1627660799999,64987523.31056,24556,932.559,36392557.35160,0
1627660800000,39055.42,39059.36,38925.00,38931.64,3267.335,1627661699999,127351844.84164,35960,1529.604,59620363.21384,0
1627661700000,38931.64,39200.00,38851.12,38995.73,7878.183,1627662599999,307518197.12660,76558,4200.936,164022366.73759,0
1627662600000,38995.73,39050.10,38941.43,38978.98,2041.431,1627663499999,79604008.90967,27087,1051.144,40991280.27035,0
1627663500000,38978.98,38978.98,38900.00,38900.00,2305.089,1627664399999,89756695.08205,25302,1011.098,39373273.65716,0
1627664400000,38900.00,39012.32,38900.00,38985.18,1988.373,1627665299999,77483525.99341,26231,1127.909,43954418.19114,0
1627665300000,38985.19,39023.88,38914.69,39002.52,2003.578,1627666199999,78090654.82009,21062,1164.002,45374754.76013,0
1627666200000,39002.53,39034.89,38955.16,39004.81,1587.714,1627667099999,61909083.45183,20160,737.133,28742857.77033,0
1627667100000,39004.82,39045.90,38981.85,39013.68,1594.035,1627667999999,62182233.73158,19352,886.479,34581638.87549,0
1627668000000,39013.68,39040.19,38853.14,39026.67,3434.588,1627668899999,133790341.22967,34629,1746.047,68027428.78159,0
1627668900000,39026.20,39150.00,39004.44,39068.74,3619.614,1627669799999,141532552.09718,40531,1673.787,65445430.68102,0
1627669800000,39068.74,39140.00,39051.94,39053.41,1872.669,1627670699999,73221146.83862,22859,993.304,38840919.23167,0
1627670700000,39053.41,39087.38,39045.34,39075.01,1039.956,1627671599999,40628968.49396,16343,560.022,21880044.73443,0
1627671600000,39075.01,39145.00,39052.08,39144.99,1382.871,1627672499999,54075273.64579,18871,794.736,31079883.96019,0
1627672500000,39145.00,39369.99,39144.99,39335.59,7500.004,1627673399999,294567646.34205,65870,4165.175,163600845.19777,0
1627673400000,39335.59,39338.32,39240.50,39247.39,2291.507,1627674299999,90012613.83417,27787,934.059,36693809.20323,0
1627674300000,39247.39,39880.00,39235.00,39857.82,13020.143,1627675199999,515155186.61313,107439,8441.876,334079847.30414,0
1627675200000,39857.83,40084.00,39707.44,40059.96,14251.340,1627676099999,568367003.53849,125402,7398.126,295142442.42911,0
1627676100000,40059.47,40227.00,39975.71,40223.32,13240.996,1627676999999,531436064.86673,112437,7195.434,288845364.95323,0
1627677000000,40223.01,40334.92,40117.57,40288.99,8862.468,1627677899999,356668862.31952,77680,4803.579,193347802.11309,0
1627677900000,40288.99,41848.75,40200.00,40687.88,48035.150,1627678799999,1967135618.63560,382162,25418.341,1040896099.73090,0
1627678800000,40689.51,41112.64,40650.00,41013.14,13260.896,1627679699999,541345218.68552,125324,7172.471,292854064.81579,0
1627679700000,41012.77,41097.00,40806.31,40886.00,6397.122,1627680599999,261734526.77138,71791,2664.731,109037407.92863,0
1627680600000,40885.99,41623.52,40884.99,41372.00,15072.350,1627681499999,622271321.04782,146189,8797.636,363242095.81855,0
1627681500000,41372.01,41490.00,40889.70,41187.34,11169.011,1627682399999,459868369.39737,102958,5090.392,209600460.19239,0
1627682400000,41187.34,41400.00,41070.00,41180.49,8066.467,1627683299999,332630732.31924,76879,3909.957,161250188.53024,0
1627683300000,41180.49,41263.98,40972.19,41248.80,8168.163,1627684199999,335728580.40082,71355,4250.330,174724275.96557,0
1627684200000,41248.80,41320.77,41112.82,41139.99,4043.597,1627685099999,166704882.82752,43747,1676.401,69116771.73270,0
1627685100000,41140.00,41479.84,41137.27,41342.26,7119.082,1627685999999,294305719.16804,71585,3632.277,150151757.54371,0
1627686000000,41342.25,41598.00,41300.46,41540.30,8404.077,1627686899999,348345713.94103,72120,4498.633,186509910.32753,0
1627686900000,41540.29,41553.99,41331.21,41415.12,6218.805,1627687799999,257530806.82368,58187,2931.719,121408683.09850,0
1627687800000,41415.12,41922.00,41395.65,41877.19,12176.078,1627688699999,506913428.03610,103354,7194.137,299625514.63797,0
1627688700000,41877.19,42316.60,41575.01,42203.25,24772.467,1627689599999,1040026061.28357,204664,13673.137,574302475.41414,0
1627689600000,42202.60,42494.00,41651.00,42029.99,21150.307,1627690499999,888326472.21839,182058,10615.053,445929611.90232,0
1627690500000,42029.99,42182.60,41723.78,41859.58,8675.368,1627691399999,363917531.39645,85555,3817.877,160179212.38616,0
1627691400000,41859.61,42000.00,41636.01,41803.55,6974.113,1627692299999,291424304.63433,65755,3377.669,141167472.38275,0
1627692300000,41803.55,41975.35,41720.00,41893.87,4816.240,1627693199999,201758544.02995,45438,2375.422,99514232.36227,0
1627693200000,41897.74,42013.08,41775.79,41810.33,3792.441,1627694099999,158901806.17731,40387,1802.820,75560071.75955,0
1627694100000,41810.33,41949.93,41750.73,41764.05,3427.679,1627694999999,143467668.49371,38328,1718.559,71942053.39908,0
1627695000000,41764.04,41942.61,41761.71,41885.42,2651.807,1627695899999,111042097.74532,32909,1363.331,57083940.75342,0
1627695900000,41885.41,41990.00,41870.13,41971.11,3048.739,1627696799999,127848685.82950,32152,1625.067,68151428.53567,0
1627696800000,41971.12,41976.99,41855.00,41907.78,1850.487,1627697699999,77572351.82065,22826,818.931,34329405.30783,0
1627697700000,41907.77,42224.37,41907.77,42064.83,6586.098,1627698599999,277276076.82066,60298,3692.382,155446291.79105,0
1627698600000,42064.83,42103.00,41905.00,41926.29,3162.144,1627699499999,132808384.17660,32217,1369.111,57506628.11380,0
1627699500000,41926.29,42020.80,41921.24,41966.61,2187.830,1627700399999,91834745.15022,25341,1114.163,46766568.47371,0
1627700400000,41966.61,42172.00,41900.07,41946.45,3350.843,1627701299999,140881362.14352,34604,1568.193,65952118.42455,0
1627701300000,41946.46,41972.73,41790.00,41851.29,3715.764,1627702199999,155544530.44487,40266,1649.574,69053289.20562,0
1627702200000,41851.29,41881.85,41714.01,41857.93,3326.203,1627703099999,139071176.66791,37854,1465.862,61297155.11470,0
1627703100000,41857.94,41979.00,41776.78,41824.68,2601.077,1627703999999,108907462.18688,29642,1253.030,52476550.95623,0
1627704000000,41824.69,41884.74,41520.00,41670.94,6402.802,1627704899999,266840596.44919,60189,2670.526,111305632.03977,0
1627704900000,41670.94,41796.46,41668.00,41706.60,3278.683,1627705799999,136886371.95711,33998,1512.299,63141793.34736,0
1627705800000,41706.60,41788.57,41635.76,41712.41,2258.121,1627706699999,94234186.23961,29592,1075.103,44867908.99006,0
1627706700000,41712.40,41848.75,41712.40,41829.94,2339.330,1627707599999,97759496.01024,25817,1346.902,56289490.32342,0
1627707600000,41829.94,41880.00,41702.00,41702.42,1987.536,1627708499999,83047577.54767,22962,961.561,40187991.03249,0
1627708500000,41702.41,41785.00,41416.40,41435.04,5934.032,1627709399999,246830511.83735,51959,2508.671,104388366.16234,0
1627709400000,41435.04,41550.00,41200.00,41447.86,12560.959,1627710299999,519942860.08411,96549,6154.688,254817233.50250,0
1627710300000,41448.74,41781.35,41358.40,41695.60,7128.148,1627711199999,296386009.50036,61789,3721.181,154783803.87236,0
1627711200000,41695.60,41720.00,41520.00,41564.71,3621.410,1627712099999,150681677.12581,33171,1728.719,71921923.60772,0
1627712100000,41564.70,41623.37,41400.00,41419.36,3506.194,1627712999999,145450375.39836,34079,1668.160,69194800.62745,0
1627713000000,41419.36,41592.75,41360.00,41472.16,3915.056,1627713899999,162337997.23834,39016,2031.060,84221166.73838,0
1627713900000,41472.16,41550.00,41457.73,41522.91,1853.459,1627714799999,76936245.87734,22041,949.798,39428841.89562,0
1627714800000,41522.90,41650.00,41489.72,41611.13,2591.327,1627715699999,107741580.28453,28883,1411.854,58707950.72714,0
1627715700000,41611.14,41615.89,41475.55,41488.19,2101.621,1627716599999,87310514.63295,24300,836.147,34739079.01380,0
1627716600000,41488.20,41568.61,41488.20,41557.81,1298.082,1627717499999,53912262.76178,19316,672.251,27922494.68524,0
1627717500000,41557.80,41633.72,41503.02,41537.59,1928.452,1627718399999,80156663.00929,25646,932.667,38767360.56551,0
1627718400000,41537.60,41740.33,41475.00,41650.01,4248.889,1627719299999,177002819.20508,48686,2255.753,93981318.59557,0
1627719300000,41650.01,41693.14,41566.01,41681.24,2532.358,1627720199999,105371728.45904,30717,1318.350,54856238.04626,0
1627720200000,41681.25,41889.10,41661.29,41715.65,4916.964,1627721099999,205297063.29178,49652,2724.476,113770494.45774,0
1627721100000,41715.66,41777.00,41670.33,41696.20,2245.688,1627721999999,93689583.45352,27651,1138.890,47516138.10250,0
1627722000000,41697.19,41800.00,41645.60,41792.06,3297.329,1627722899999,137594809.59823,34368,1678.655,70048414.27301,0
1627722900000,41792.06,41993.24,41676.50,41728.10,5424.885,1627723799999,226785852.81531,50320,2802.954,117205866.45661,0
1627723800000,41728.10,41732.41,41565.48,41601.72,4172.694,1627724699999,173721404.93018,39696,1685.154,70159080.12853,0
1627724700000,41601.72,41670.84,41581.00,41643.68,2189.950,1627725599999,91167095.16155,22949,1183.911,49287900.10663,0
1627725600000,41643.68,41763.89,41614.01,41681.08,2703.183,1627726499999,112697303.18898,27047,1378.692,57484072.82716,0
1627726500000,41681.07,41820.00,41622.69,41764.11,3211.329,1627727399999,133984083.93135,33066,1597.049,66637448.63556,0
1627727400000,41766.22,41923.99,41701.00,41894.29,3607.639,1627728299999,150878804.68327,38610,1898.673,79420340.33623,0
1627728300000,41894.28,41911.82,41694.79,41781.30,3878.895,1627729199999,162037669.28950,33767,1857.005,77558002.79967,0
1627729200000,41781.29,41821.58,41713.35,41753.15,2542.624,1627730099999,106211589.55907,24145,1087.353,45423955.17645,0
1627730100000,41753.33,41765.88,41333.00,41705.50,11423.919,1627730999999,474372430.15116,99428,5371.012,223024978.86312,0
1627731000000,41705.50,41705.50,41487.15,41643.49,4416.245,1627731899999,183694316.29798,39682,1702.708,70828800.27332,0
1627731900000,41643.49,41650.00,41552.96,41599.67,1711.356,1627732799999,71205350.59832,22460,825.643,34354572.36259,0
1627732800000,41599.67,41699.00,41479.99,41672.01,3401.199,1627733699999,141376223.90418,39233,1788.289,74346015.84670,0
1627733700000,41672.00,41728.12,41586.90,41637.04,2122.451,1627734599999,88408117.70281,26606,1057.172,44040733.13082,0
1627734600000,41637.04,41637.04,41493.00,41564.26,2380.223,1627735499999,98901962.90552,27241,1117.691,46444268.91846,0
1627735500000,41564.26,41660.00,41520.44,41657.61,1786.219,1627736399999,74275989.49105,21848,995.623,41406656.04692,0
1627736400000,41657.61,41716.19,41525.20,41603.44,3501.405,1627737299999,145722361.32743,32341,1385.495,57673296.04783,0
1627737300000,41603.43,41603.83,41400.00,41424.32,4766.626,1627738199999,197713197.20536,44184,1913.480,79370829.34432,0
1627738200000,41424.31,41550.00,41201.53,41550.00,8059.963,1627739099999,333733041.21777,71305,4001.179,165749639.38737,0
1627739100000,41550.00,41550.27,41314.40,41401.47,4040.951,1627739999999,167288672.04309,39090,1856.348,76847366.66321,0
1627740000000,41401.47,41430.00,41101.00,41430.00,8509.583,1627740899999,351213511.56126,77861,3989.199,164719722.25678,0
1627740900000,41429.99,41545.12,41376.42,41468.74,4431.485,1627741799999,183758706.99677,45137,2168.945,89948384.16825,0
1627741800000,41470.90,41489.56,41303.00,41337.74,2846.157,1627742699999,117808021.32915,32143,1327.482,54955888.95368,0
1627742700000,41337.75,41420.59,41257.00,41413.20,2944.001,1627743599999,121678525.79401,32899,1677.057,69324760.76406,0
1627743600000,41413.20,41600.00,41301.71,41519.12,4492.592,1627744499999,186279984.57853,45501,2562.052,106250362.33888,0
1627744500000,41519.12,41547.00,41412.26,41463.59,2020.884,1627745399999,83819181.48058,25250,855.800,35497517.10620,0
1627745400000,41463.58,41575.00,41418.95,41573.38,1618.696,1627746299999,67138905.49848,24518,986.291,40915170.16159,0
1627746300000,41573.37,41700.00,41486.63,41529.67,3827.868,1627747199999,159168341.38412,43484,2098.968,87297963.70996,0
1627747200000,41529.68,41595.00,41450.00,41564.09,2982.933,1627748099999,123835194.27949,35446,1376.422,57149312.55054,0
1627748100000,41564.09,41564.09,41342.46,41392.39,3125.735,1627748999999,129510000.28948,33013,1287.960,53356618.31738,0
1627749000000,41392.39,41395.70,41317.15,41374.50,2775.758,1627749899999,114779399.27438,30843,1270.486,52538128.23721,0
1627749900000,41374.51,41378.84,41226.94,41284.09,3249.221,1627750799999,134203639.66367,32952,1485.702,61363692.98009,0
1627750800000,41284.08,41382.68,41233.00,41356.74,3068.330,1627751699999,126731657.98485,30005,1540.552,63636216.76439,0
1627751700000,41356.74,41356.74,41159.24,41271.58,3882.554,1627752599999,160093590.70190,34512,1589.311,65532125.29749,0
1627752600000,41271.57,41302.21,41030.19,41289.99,5055.174,1627753499999,208100786.52074,53192,2474.876,101906632.20940,0
1627753500000,41289.98,41290.91,41114.55,41165.20,2339.107,1627754399999,96361065.50779,27617,1050.358,43268539.51224,0
1627754400000,41165.21,41231.40,41120.19,41218.55,2077.786,1627755299999,85571208.85063,24660,1166.456,48043083.50567,0
1627755300000,41218.56,41432.93,41218.55,41344.42,4752.632,1627756199999,196467566.13520,43898,2726.077,112686691.42664,0
1627756200000,41344.42,41410.16,41310.96,41361.37,1873.414,1627757099999,77503866.90240,22925,924.853,38263414.80071,0
1627757100000,41361.37,41435.00,41353.10,41372.55,1432.588,1627757999999,59293797.81608,19561,759.630,31442337.77610,0
1627758000000,41372.54,41372.55,41275.68,41337.98,1591.198,1627758899999,65753111.45604,20439,653.894,27021888.47915,0
1627758900000,41336.80,41477.00,41214.77,41458.19,3182.689,1627759799999,131555277.58457,31556,1715.907,70957738.62771,0
1627759800000,41457.60,41559.06,41292.38,41350.76,3831.821,1627760699999,158764036.75134,40801,1734.439,71873476.70525,0
1627760700000,41350.76,41361.22,41261.94,41296.62,2092.033,1627761599999,86387037.02242,21683,1021.950,42199507.19702,0
1627761600000,41296.62,41296.63,41165.84,41181.98,1999.715,1627762499999,82440305.45592,24124,823.512,33951100.49164,0
1627762500000,41181.99,41386.00,41135.77,41385.49,2942.516,1627763399999,121398833.15454,29674,1755.216,72425900.15988,0
1627763400000,41385.48,41860.00,41373.38,41681.30,9742.969,1627764299999,405902483.84445,87544,5054.369,210565200.03213,0
1627764300000,41681.20,41700.00,41438.37,41503.81,4595.275,1627765199999,190950652.27703,47180,2285.902,94989720.37130,0
1627765200000,41503.81,41678.85,41483.34,41658.73,3661.691,1627766099999,152326292.83619,42704,2045.474,85096125.16135,0
1627766100000,41658.74,41744.28,41612.87,41650.00,3859.039,1627766999999,160851068.00502,44212,2056.888,85740680.04757,0
1627767000000,41650.00,41850.00,41639.31,41846.70,4334.687,1627767899999,181075935.78102,49307,2417.424,100999137.95754,0
1627767900000,41846.70,42010.00,41769.00,41950.00,6052.251,1627768799999,253546028.67486,58509,3731.200,156332972.62584,0
1627768800000,41949.99,41950.00,41700.00,41735.65,5229.876,1627769699999,218476539.47805,48302,2373.284,99128212.56482,0
1627769700000,41735.66,41827.79,41598.34,41794.02,3491.948,1627770599999,145619065.06438,36914,1803.144,75214851.41850,0
1627770600000,41794.01,41896.65,41735.22,41865.30,2216.218,1627771499999,92637828.77429,28145,1115.955,46657963.29453,0
1627771500000,41865.30,41933.11,41777.77,41843.59,2859.028,1627772399999,119643034.48805,30108,1422.705,59542395.73618,0
1627772400000,41843.60,41919.83,41757.90,41873.11,3119.547,1627773299999,130563289.42358,31114,1257.207,52624292.74246,0
1627773300000,41873.12,41927.77,41779.00,41794.36,2202.694,1627774199999,92196410.43385,27043,991.037,41488406.69619,0
1627774200000,41794.36,41893.22,41682.39,41789.01,3471.934,1627775099999,145146668.24299,32726,1586.728,66338359.49337,0
1627775100000,41789.02,41824.46,41254.41,41448.11,7132.936,1627775999999,296453761.41897,60351,3229.156,134254929.42523,0
