1638316800000,56978.06,57587.91,56669.49,57232.05,5540.049,1638317699999,316388740.01616,59463,2928.975,167344365.51499,0
1638317700000,57232.05,57564.40,57232.05,57544.19,1981.984,1638318599999,113761267.79298,25269,943.614,54166771.30480,0
1638318600000,57544.19,57711.66,57256.02,57376.90,2591.358,1638319499999,148977841.17973,29781,1318.420,75818132.39164,0
1638319500000,57376.90,57715.00,57350.00,57607.12,1576.214,1638320399999,90768158.95366,20726,829.919,47794513.41209,0
1638320400000,57607.10,57608.95,57312.23,57367.01,1492.768,1638321299999,85735321.64516,19948,529.255,30403570.32733,0
1638321300000,57367.00,57372.75,57051.00,57140.10,2087.158,1638322199999,119378481.75895,23897,978.947,55986004.09513,0
1638322200000,57140.10,57290.00,56951.18,57131.58,1743.275,1638323099999,99578179.23780,21941,910.893,52046035.43313,0
1638323100000,57133.66,57233.29,57026.54,57035.13,1193.888,1638323999999,68217803.53151,16754,615.010,35141842.88103,0
1638324000000,57037.14,57139.97,56871.01,56913.04,1326.680,1638324899999,75610969.15927,20352,594.206,33871876.67025,0
1638324900000,56914.21,56992.43,56864.00,56959.79,1103.552,1638325799999,62806995.82298,16955,612.602,34868139.65665,0
1638325800000,56959.79,57228.80,56941.64,57198.15,2060.224,1638326699999,117625524.38988,21850,1370.110,78219286.04601,0
1638326700000,57198.14,57413.65,57150.01,57313.60,1481.263,1638327599999,84892409.68035,20569,726.368,41628091.80479,0
1638327600000,57313.60,57387.00,57197.08,57228.96,1522.978,1638328499999,87232276.14584,19750,625.430,35830688.05283,0
1638328500000,57228.96,57296.91,57130.00,57151.03,1330.163,1638329399999,76084882.08029,15769,746.398,42693544.22330,0
1638329400000,57151.04,57464.46,57025.28,57287.31,2870.127,1638330299999,164232731.96528,26297,1599.699,91564190.70040,0
1638330300000,57287.31,57450.00,57115.04,57425.83,2123.843,1638331199999,121597666.34071,21969,1076.999,61685458.70167,0
1638331200000,57425.82,57488.02,57261.06,57336.00,1657.030,1638332099999,95062848.65586,18765,736.490,42267658.69015,0
1638332100000,57336.00,57351.92,57175.00,57206.25,845.343,1638332999999,48392269.01601,14485,350.482,20062334.47294,0
1638333000000,57206.25,57285.40,57152.60,57193.55,843.927,1638333899999,48282858.26325,12245,399.777,22873768.94605,0
1638333900000,57193.24,57196.77,57019.70,57103.93,1787.307,1638334799999,102020308.43501,17707,873.372,49848031.73749,0
1638334800000,57103.93,57184.02,57000.01,57003.21,1092.831,1638335699999,62366848.81630,17411,546.965,31220732.46862,0
1638335700000,57003.21,57057.26,56831.22,56913.86,2494.764,1638336599999,142063078.08139,26777,822.136,46829353.55231,0
1638336600000,56912.50,56969.23,56819.04,56955.86,1345.920,1638337499999,76569996.10298,18795,698.408,39741431.71520,0
1638337500000,56958.97,56983.30,56766.31,56814.97,1489.468,1638338399999,84652557.39336,20210,639.168,36330501.66742,0
1638338400000,56814.54,57074.08,56710.00,57037.79,2383.759,1638339299999,135544966.46459,27421,1348.944,76725648.02849,0
1638339300000,57037.79,57129.55,56932.32,56958.06,1245.365,1638340199999,71014160.37418,19071,588.977,33589682.12759,0
1638340200000,56957.19,57038.50,56860.07,56947.28,851.861,1638341099999,48505183.91520,14234,438.300,24958174.77266,0
1638341100000,56947.28,57120.00,56930.00,56977.78,904.409,1638341999999,51570494.24878,14340,507.187,28922182.77513,0
1638342000000,56977.77,57200.00,56858.87,57131.53,2311.203,1638342899999,131870153.46279,24215,1256.202,71673637.89217,0
1638342900000,57131.54,57350.00,57110.00,57175.19,2125.664,1638343799999,121637933.46919,26020,1227.794,70268620.89743,0
1638343800000,57175.19,57290.43,57072.94,57248.74,1374.361,1638344699999,78598432.11548,18029,799.658,45738372.47520,0
1638344700000,57248.75,57293.86,57071.24,57205.42,1033.893,1638345599999,59108969.89303,17915,416.620,23820638.09829,0
1638345600000,57205.42,57247.20,56901.00,56982.69,2205.088,1638346499999,125769725.08718,26419,1023.473,58363810.99575,0
1638346500000,56982.69,57760.00,56955.88,57654.45,7399.582,1638347399999,425151056.98068,74579,4096.624,235263228.57415,0
1638347400000,57653.26,57865.00,57180.00,57187.75,6259.233,1638348299999,360267122.17532,64508,2633.616,151636820.28686,0
1638348300000,57185.76,57330.86,56819.00,56957.12,7193.862,1638349199999,410051980.34766,66797,3448.062,196573396.11395,0
1638349200000,56957.13,57089.41,56750.00,57039.99,3998.036,1638350099999,227432644.07896,43103,2105.035,119778306.23057,0
1638350100000,57039.99,57120.00,56916.03,57000.22,1495.671,1638350999999,85280087.06713,21280,734.548,41888121.32641,0
1638351000000,57000.23,57160.11,56907.15,57111.69,1402.086,1638351899999,79994736.36291,18773,733.596,41856141.78780,0
1638351900000,57111.68,57215.04,57032.40,57134.89,1713.403,1638352799999,97881428.39973,21751,908.396,51890951.02285,0
1638352800000,57134.88,57218.50,57025.03,57036.43,1345.221,1638353699999,76837321.34401,17729,474.849,27128045.89538,0
1638353700000,57035.92,57166.20,57018.71,57086.11,1022.155,1638354599999,58343782.56707,14338,533.226,30439458.10928,0
1638354600000,57084.94,57088.28,56870.00,57000.65,1478.783,1638355499999,84258427.53045,21495,609.713,34739577.60374,0
1638355500000,57000.90,57113.06,56927.24,57001.01,906.390,1638356399999,51693487.02672,14091,473.910,27028242.63480,0
1638356400000,57001.01,57037.82,56905.43,56957.44,816.215,1638357299999,46498730.52948,15703,388.328,22122225.61541,0
1638357300000,56956.31,56956.32,56800.00,56885.89,1513.760,1638358199999,86097761.42927,22092,623.256,35454045.23092,0
1638358200000,56885.89,57191.48,56862.31,57034.00,1832.061,1638359099999,104462881.13691,23189,1052.969,60052033.41101,0
1638359100000,57034.00,57263.54,56870.00,57187.60,2074.232,1638359999999,118359918.44338,28751,1043.315,59552401.71730,0
1638360000000,57187.61,57409.34,57089.70,57279.03,3160.531,1638360899999,180950135.42810,36386,1580.786,90522796.12056,0
1638360900000,57279.02,57360.42,57156.33,57265.01,1869.001,1638361799999,107003030.56163,22767,780.320,44682772.63491,0
1638361800000,57265.00,57312.55,57114.93,57152.96,1368.925,1638362699999,78331087.57370,18560,535.604,30649890.34554,0
1638362700000,57152.97,57201.00,57033.29,57127.58,1795.217,1638363599999,102536803.06172,19801,860.279,49142789.08204,0
1638363600000,57127.58,57360.50,57072.67,57283.66,1953.176,1638364499999,111841630.06254,27137,1000.004,57266343.58541,0
1638364500000,57283.66,57490.00,57240.06,57374.37,1828.320,1638365399999,104911565.39178,24371,1029.109,59057606.52542,0
1638365400000,57374.38,57999.97,57369.37,57763.50,6576.149,1638366299999,379642711.45184,69582,3542.572,204519694.48013,0
1638366300000,57763.50,57842.82,57500.00,57677.90,3752.129,1638367199999,216336191.55764,44432,1632.397,94137766.37450,0
1638367200000,57677.26,58074.34,57668.92,57984.30,4818.593,1638368099999,279091357.56689,54744,2597.343,150449225.58448,0
1638368100000,57986.11,58555.00,57976.01,58523.46,8658.590,1638368999999,504848181.67285,90930,4613.992,269054082.04527,0
1638369000000,58523.46,58610.00,58204.70,58605.20,6182.354,1638369899999,361076895.89107,64665,2955.596,172668152.04267,0
1638369900000,58605.20,58777.00,58333.39,58578.96,6773.524,1638370799999,396634970.19709,68315,3193.409,187022326.15196,0
1638370800000,58578.97,58876.62,58377.00,58465.30,6138.225,1638371699999,359902109.72979,68250,2619.674,153649022.44141,0
1638371700000,58465.29,58629.26,58314.85,58530.59,3919.436,1638372599999,229164003.78185,41520,1937.321,113288447.18288,0
1638372600000,58530.59,58800.00,58341.95,58454.53,5236.076,1638373499999,306784856.88506,52673,2502.770,146649605.22915,0
1638373500000,58454.54,58692.47,58452.68,58650.25,2360.869,1638374399999,138310619.76192,27014,1050.093,61522746.45691,0
1638374400000,58650.14,59000.00,58585.95,58976.44,5864.425,1638375299999,345137358.19028,65478,3201.287,188448417.86966,0
1638375300000,58974.70,59100.00,58761.02,58831.94,5179.283,1638376199999,305231218.93855,59174,2490.230,146784531.56989,0
1638376200000,58831.94,58891.89,58581.54,58695.25,2895.033,1638377099999,169991398.74809,36512,1329.662,78087174.85783,0
1638377100000,58695.25,58775.52,58437.00,58476.93,3187.538,1638377999999,186795645.75169,35295,1128.495,66136586.28685,0
1638378000000,58476.39,58619.38,58434.95,58528.33,1706.141,1638378899999,99868343.42472,27033,891.111,52165790.54498,0
1638378900000,58528.34,58633.00,58370.00,58379.56,2302.104,1638379799999,134675581.06610,25208,1023.769,59919488.62926,0
1638379800000,58379.56,58506.17,58317.68,58420.02,1900.903,1638380699999,111049527.23766,24694,1005.434,58754976.78633,0
1638380700000,58420.01,58641.89,58040.00,58059.43,4944.790,1638381599999,288079022.24156,51666,2146.425,125111259.93944,0
1638381600000,58059.44,58162.74,57700.00,57763.07,6554.245,1638382499999,379526844.08025,65834,2880.230,166837352.38882,0
1638382500000,57761.43,57980.00,57616.93,57847.89,4256.829,1638383399999,246047357.47027,43866,2186.360,126420821.15141,0
1638383400000,57847.89,57997.00,57608.05,57734.06,2517.169,1638384299999,145469494.55663,27778,1258.784,72760297.44859,0
1638384300000,57733.12,57747.80,57450.00,57522.89,3918.313,1638385199999,225497113.09459,41846,1764.788,101567695.57065,0
1638385200000,57522.89,57580.56,57066.01,57103.31,5600.758,1638386099999,320807382.03927,58169,2423.606,138826880.67118,0
1638386100000,57103.31,57547.29,57055.55,57520.95,5124.583,1638386999999,293535968.91297,55959,3325.392,190494890.00750,0
1638387000000,57520.95,57751.66,57420.00,57571.71,4176.509,1638387899999,240539463.08822,44590,2323.374,133826802.30846,0
1638387900000,57571.71,57725.48,57451.87,57476.30,2097.599,1638388799999,120708610.43757,24755,892.015,51343003.99188,0
1638388800000,57476.30,57506.66,57124.65,57354.36,3095.112,1638389699999,177325594.87902,35985,1466.028,83977687.49800,0
1638389700000,57357.23,57357.23,56775.47,56995.85,6539.940,1638390599999,372854913.39522,64799,3025.804,172485036.10530,0
1638390600000,56995.84,57280.00,56883.44,57236.70,3709.333,1638391499999,211717281.47644,44867,1930.961,110216797.24397,0
1638391500000,57237.03,57255.69,56630.65,56835.21,4747.331,1638392399999,270028989.45274,51728,1951.802,111053249.56338,0
1638392400000,56835.21,57036.69,56500.00,56972.19,7194.855,1638393299999,408051126.33890,80004,3507.592,199010398.31376,0
1638393300000,56972.19,57050.00,56572.22,56599.99,2888.167,1638394199999,164135407.17801,37467,1452.269,82545888.25327,0
1638394200000,56600.00,56850.00,56560.00,56813.65,2202.926,1638395099999,124924458.89165,30465,1215.656,68933518.07119,0
1638395100000,56813.64,57055.74,56682.52,57011.99,2709.786,1638395999999,154184258.13702,30315,1540.360,87653279.91082,0
1638396000000,57012.00,57169.02,56843.92,56884.35,3024.680,1638396899999,172519147.23082,35435,1431.637,81680219.35187,0
1638396900000,56884.36,56930.00,56684.95,56929.99,2196.212,1638397799999,124769245.65887,26163,1141.788,64869869.54980,0
1638397800000,56930.00,57097.27,56750.00,56900.35,1705.814,1638398699999,97075890.98831,21635,889.803,50637213.63991,0
1638398700000,56900.36,57135.00,56865.09,57093.51,1521.074,1638399599999,86773230.16699,18349,734.350,41902764.06643,0
1638399600000,57093.51,57285.00,57006.46,57158.61,1856.739,1638400499999,106110289.37820,23594,939.262,53683771.70200,0
1638400500000,57158.61,57230.00,57041.31,57204.00,1365.939,1638401399999,78034998.90305,17563,595.479,34024512.19226,0
1638401400000,57204.01,57250.00,57077.09,57117.93,1097.850,1638402299999,62758651.41786,14313,528.826,30233120.92674,0
1638402300000,57113.90,57250.00,57061.31,57209.29,1017.602,1638403199999,58174972.29577,14108,475.757,27203627.75136,0
1638403200000,57209.28,57224.54,56913.47,57087.46,3197.694,1638404099999,182489759.47241,28924,1260.647,71950149.07099,0
1638404100000,57087.46,57199.83,56930.02,57032.90,1577.608,1638404999999,90039894.54464,20794,764.374,43633178.85065,0
1638405000000,57032.91,57196.24,56786.26,56863.00,2110.150,1638405899999,120171314.63510,23931,829.542,47239045.72404,0
1638405900000,56863.01,57048.43,56730.00,57048.42,1855.684,1638406799999,105528242.49342,22564,1012.059,57564042.34915,0
1638406800000,57048.42,57111.00,56810.65,57089.88,1711.710,1638407699999,97530867.68844,20106,922.967,52598951.21589,0
1638407700000,57089.89,57414.33,56970.05,57337.79,2858.198,1638408599999,163446097.36261,27275,1889.612,108051357.20435,0
1638408600000,57337.78,57428.49,57130.00,57171.94,1874.989,1638409499999,107344307.17277,21070,794.839,45514565.47267,0
1638409500000,57171.93,57290.90,57105.61,57249.03,1021.012,1638410399999,58383657.82217,11596,487.814,27897855.49457,0
1638410400000,57245.85,57274.21,56904.47,56959.32,3286.005,1638411299999,187513007.32551,26037,800.731,45684557.45158,0
1638411300000,56959.32,57007.62,56866.32,56940.26,1078.398,1638412199999,61395864.45076,15453,552.201,31442972.38787,0
1638412200000,56940.26,57129.05,56940.26,57104.81,760.574,1638413099999,43374021.18065,11950,445.674,25418664.36624,0
1638413100000,57104.82,57219.22,56972.75,56996.13,1366.603,1638413999999,78001615.28548,15836,678.296,38711950.22830,0
1638414000000,56996.13,56996.14,56128.42,56150.30,11141.507,1638414899999,628954408.69760,99762,4477.190,252694261.46902,0
1638414900000,56150.30,56216.00,55800.00,55982.10,9837.868,1638415799999,550825596.59160,93939,4357.114,243994758.70579,0
1638415800000,55982.10,56200.00,55859.05,56126.29,3501.289,1638416699999,196229251.47655,36449,1857.406,104114930.81619,0
1638416700000,56126.96,56527.50,56037.94,56328.39,4518.447,1638417599999,254548927.52667,44409,2368.589,133441773.31660,0
1638417600000,56328.40,56534.70,56238.90,56499.26,3740.597,1638418499999,211017578.32535,33102,2045.881,115446511.95620,0
1638418500000,56497.52,56598.20,56400.37,56596.23,1808.133,1638419399999,102173806.53084,21806,998.034,56404487.39899,0
1638419400000,56596.23,56699.00,56449.88,56521.48,2493.690,1638420299999,141113909.39244,25530,1113.200,63020641.93130,0
1638420300000,56521.48,56628.60,56474.00,56497.63,1576.451,1638421199999,89139008.19370,16082,813.361,45996123.76232,0
1638421200000,56497.63,56872.75,56485.35,56809.99,3137.496,1638422099999,177965049.37737,29509,1957.564,111041185.10410,0
1638422100000,56810.00,56977.00,56774.89,56841.48,2922.230,1638422999999,166224682.04148,30407,1343.647,76436979.11355,0
1638423000000,56841.47,56956.61,56746.01,56876.99,1869.733,1638423899999,106260799.19063,19143,998.767,56774753.33342,0
1638423900000,56880.16,56986.62,56844.72,56925.47,1285.226,1638424799999,73137450.70424,16234,609.617,34695448.76739,0
1638424800000,56925.47,56925.48,56574.08,56707.45,3092.965,1638425699999,175431597.20918,26986,1190.065,67497917.60849,0
1638425700000,56707.45,56800.00,56635.76,56764.11,1656.738,1638426599999,93966462.32714,17931,895.992,50818497.06189,0
1638426600000,56764.10,56764.10,56343.00,56514.52,4457.646,1638427499999,251993983.13929,36633,2059.728,116473583.81463,0
1638427500000,56514.51,56686.15,56514.51,56680.00,1164.491,1638428399999,65892757.93020,14406,667.286,37760697.21529,0
1638428400000,56683.67,56856.80,56617.02,56773.57,1839.901,1638429299999,104436127.01069,23461,1008.136,57225295.37483,0
1638429300000,56778.13,56978.00,56768.10,56892.56,2330.295,1638430199999,132595405.42285,25781,1185.928,67478383.86749,0
1638430200000,56892.56,56967.08,56633.00,56738.85,1975.324,1638431099999,112135245.81136,23211,862.123,48942778.33709,0
1638431100000,56738.85,56910.00,56730.00,56833.48,1007.559,1638431999999,57244406.09115,14122,543.422,30876447.16246,0
1638432000000,56833.47,56980.00,56762.32,56858.00,1873.530,1638432899999,106555369.25553,21897,945.360,53780140.18353,0
1638432900000,56860.32,57188.87,56843.05,57175.63,2994.167,1638433799999,170778410.19231,33605,1851.995,105650526.78747,0
1638433800000,57175.62,57213.12,56920.72,56985.99,2664.597,1638434699999,152082569.29468,28374,1163.030,66392279.79582,0
1638434700000,56984.09,57022.00,56939.00,56967.69,1061.400,1638435599999,60479378.06223,14524,528.800,30133457.53673,0
1638435600000,56967.69,57123.00,56935.74,57095.69,1142.471,1638436499999,65124397.53233,15216,646.768,36874533.97521,0
1638436500000,57095.70,57096.89,56769.00,56801.85,1592.542,1638437399999,90650783.71870,20492,561.427,31965487.60174,0
1638437400000,56804.04,56890.03,56607.99,56739.57,3477.101,1638438299999,197227632.43629,34101,1353.206,76766143.19132,0
1638438300000,56739.57,56820.00,56600.00,56722.04,1619.918,1638439199999,91847685.39452,21274,806.020,45712637.33610,0
1638439200000,56722.03,56830.27,56650.00,56694.00,1111.973,1638440099999,63108445.38159,16258,569.853,32344440.51838,0
1638440100000,56692.61,56692.61,56450.00,56559.84,2583.005,1638440999999,146090355.89926,31670,1137.821,64355315.91554,0
1638441000000,56560.39,56686.15,56507.35,56601.71,1257.526,1638441899999,71187038.82397,17114,701.631,39719466.46048,0
1638441900000,56600.73,56624.34,56487.95,56590.00,1304.971,1638442799999,73799669.47050,16203,672.754,38050818.37891,0
1638442800000,56592.32,56656.79,56130.39,56175.05,4054.670,1638443699999,228411768.22910,45274,1598.636,90082663.09390,0
1638443700000,56175.05,56594.67,56070.24,56446.28,4712.444,1638444599999,265350074.27953,47037,2793.118,157326992.58855,0
1638444600000,56446.27,56600.00,56300.00,56470.87,3275.557,1638445499999,184914182.30820,36586,1606.105,90675328.92448,0
1638445500000,56470.88,56470.88,56256.10,56350.01,1565.863,1638446399999,88245894.61673,20374,711.970,40128300.05853,0
1638446400000,56350.01,56400.70,56100.00,56145.96,2787.688,1638447299999,156711334.28991,31596,1268.272,71313228.73450,0
1638447300000,56145.97,56497.26,56046.20,56454.39,2884.564,1638448199999,162281833.02099,33322,1516.240,85338183.56767,0
1638448200000,56454.38,56535.45,56366.83,56392.01,1981.652,1638449099999,111886565.23938,23543,957.129,54045157.60739,0
1638449100000,56392.00,56630.00,56285.81,56548.28,2553.567,1638449999999,144242467.33623,26637,1421.771,80330624.51896,0
1638450000000,56550.00,56650.00,56475.35,56559.73,1528.770,1638450899999,86474007.17760,20382,757.839,42870543.19486,0
1638450900000,56559.73,56639.66,56108.43,56137.96,3242.977,1638451799999,182595310.57339,37442,1396.602,78619850.92082,0
1638451800000,56137.92,56379.86,56131.85,56326.00,1938.057,1638452699999,109044759.64098,27511,1072.482,60343492.07245,0
1638452700000,56325.99,56521.09,56190.10,56477.39,1784.969,1638453599999,100590183.56103,22044,915.363,51598856.15326,0
1638453600000,56477.40,56740.50,56333.00,56736.99,3553.401,1638454499999,200982150.46912,33732,1961.737,111004948.21844,0
1638454500000,56735.47,56770.00,56501.00,56501.01,2299.165,1638455399999,130245751.67812,25896,1097.897,62209281.10495,0
1638455400000,56501.00,57086.90,56373.33,57032.91,5567.218,1638456299999,316130011.99437,58284,3016.473,171326091.38858,0
1638456300000,57031.33,57212.07,56950.00,57105.48,4755.875,1638457199999,271488649.64187,50839,2284.958,130448358.90102,0
1638457200000,57107.21,57394.99,56763.51,56833.64,7286.368,1638458099999,416342668.09066,70121,3056.571,174700583.00437,0
1638458100000,56833.73,56944.72,56500.00,56653.79,5592.646,1638458999999,316953292.41216,56970,2734.148,154970392.14372,0
1638459000000,56653.27,56722.82,56151.15,56185.48,6593.361,1638459899999,371437356.97107,67769,2832.199,159547250.90889,0
1638459900000,56185.49,56558.56,56160.86,56536.60,4326.098,1638460799999,244023299.63693,42896,2496.673,140850543.82184,0
1638460800000,56536.61,56768.69,56335.00,56395.76,3772.083,1638461699999,213296041.40925,41424,1879.862,106318218.69637,0
1638461700000,56395.77,56553.43,56250.00,56300.73,3568.221,1638462599999,201148167.46910,31503,1763.921,99465230.27530,0
1638462600000,56300.73,56388.58,56150.00,56151.37,3605.102,1638463499999,202696076.42173,35521,1464.793,82366385.33806,0
1638463500000,56151.14,56447.86,56039.96,56374.21,3822.335,1638464399999,214867411.31118,40745,1856.402,104392139.27355,0
1638464400000,56374.20,56564.74,56300.01,56488.72,2980.634,1638465299999,168225545.91139,31346,1778.749,100421752.07838,0
1638465300000,56488.73,56605.98,56381.80,56552.64,1715.705,1638466199999,96993179.80070,23355,821.040,46417947.14098,0
1638466200000,56552.64,56698.00,56476.34,56545.85,1632.571,1638467099999,92391684.09665,21977,667.049,37753249.22178,0
1638467100000,56547.90,56693.26,56502.25,56613.30,1370.025,1638467999999,77536144.19407,16963,795.358,45019748.67014,0
1638468000000,56613.30,56638.97,56329.73,56465.64,1965.277,1638468899999,110943916.92638,25110,798.461,45074809.81476,0
1638468900000,56466.00,56479.35,56181.77,56228.78,1580.823,1638469799999,89004391.02949,20739,733.403,41286021.74862,0
1638469800000,56228.77,56554.58,56177.00,56485.54,2050.634,1638470699999,115666497.97676,24614,1220.977,68875996.25199,0
1638470700000,56485.53,56785.25,56350.00,56745.01,2501.278,1638471599999,141563849.04080,27873,1416.224,80162617.67590,0
1638471600000,56745.01,56970.00,56626.88,56802.21,4146.366,1638472499999,235532690.27733,37793,1945.971,110553670.44811,0
1638472500000,56802.21,56973.77,56725.00,56797.66,2979.461,1638473399999,169394480.69621,23599,1438.608,81785225.40290,0
1638473400000,56798.06,56881.59,56609.00,56630.40,1659.816,1638474299999,94140276.26088,17675,729.384,41366992.00668,0
1638474300000,56630.41,56720.81,56527.59,56650.00,1366.693,1638475199999,77401453.78039,16259,669.076,37896621.37305,0
1638475200000,56650.00,57024.33,56572.14,56909.51,3570.629,1638476099999,202956669.27793,33667,1888.403,107332972.95790,0
1638476100000,56910.70,57033.28,56818.26,57023.23,2410.577,1638476999999,137240110.68465,22024,1224.063,69688294.76218,0
1638477000000,57025.20,57244.00,57009.34,57195.68,3183.903,1638477899999,181888659.81435,30805,1568.995,89640244.93443,0
1638477900000,57195.69,57200.00,56888.00,57058.95,2370.014,1638478799999,135139796.08420,26345,896.137,51092501.66325,0
1638478800000,57058.95,57063.87,56830.27,56866.08,1399.207,1638479699999,79666952.70024,16598,574.952,32739634.00228,0
1638479700000,56866.09,56970.15,56811.04,56837.67,1042.671,1638480599999,59321616.70034,11962,436.301,24825388.79161,0
1638480600000,56837.67,57073.69,56837.67,57052.56,1069.304,1638481499999,60899471.48642,12781,685.447,39039002.05125,0
1638481500000,57053.26,57066.62,56859.84,56904.82,969.496,1638482399999,55200601.20538,11789,404.193,23013896.89973,0
1638482400000,56904.83,56904.83,56700.00,56830.23,1223.489,1638483299999,69471412.16602,17396,547.818,31108841.98171,0
1638483300000,56830.22,56831.91,56665.03,56761.42,1038.479,1638484199999,58925640.02504,13362,520.632,29543749.88962,0
1638484200000,56761.43,56888.00,56751.63,56883.00,647.971,1638485099999,36820494.80665,9100,350.902,19939756.92888,0
1638485100000,56883.00,56933.64,56630.00,56877.50,1445.149,1638485999999,82093473.30714,17496,660.178,37507130.42104,0
1638486000000,56877.50,56937.87,56701.00,56796.30,1379.162,1638486899999,78364695.97451,14958,746.328,42403074.10447,0
1638486900000,56796.29,56854.65,56550.05,56560.54,1688.585,1638487799999,95665011.35258,19624,784.430,44443185.76929,0
1638487800000,56560.54,56674.83,56466.96,56549.34,1269.936,1638488699999,71832466.19558,15977,624.462,35329893.54954,0
1638488700000,56549.34,56623.72,56391.00,56513.57,1535.337,1638489599999,86728288.86270,20116,761.428,43020240.87561,0
1638489600000,56513.56,56619.33,56444.75,56553.51,1342.471,1638490499999,75904102.15221,16544,787.137,44511384.89215,0
1638490500000,56551.74,56645.86,56454.95,56513.68,1353.535,1638491399999,76530661.82374,13943,516.753,29217755.26310,0
1638491400000,56514.98,56798.92,56509.33,56675.36,1710.815,1638492299999,96980342.55541,19052,1042.410,59088338.16997,0
1638492300000,56675.36,56695.00,56536.29,56539.44,891.287,1638493199999,50474097.40989,10299,376.092,21299387.07052,0
1638493200000,56539.74,56736.72,56534.00,56609.06,925.167,1638494099999,52414361.98837,11622,491.743,27856535.44718,0
1638494100000,56609.07,56748.00,56483.65,56538.03,1341.619,1638494999999,75927767.98288,13402,572.861,32419366.94547,0
1638495000000,56538.03,56605.54,56465.82,56488.93,1088.587,1638495899999,61532409.12666,11094,477.080,26969106.69543,0
1638495900000,56488.94,56630.50,56399.68,56537.13,1430.320,1638496799999,80804854.80529,15782,752.999,42553526.64449,0
1638496800000,56537.14,56612.94,56440.37,56576.82,756.444,1638497699999,42762126.93447,9639,376.096,21261103.52759,0
1638497700000,56576.81,56610.00,56450.66,56475.74,776.043,1638498599999,43871058.96067,9395,357.583,20212850.12527,0
1638498600000,56475.74,56517.66,56227.25,56255.00,1872.348,1638499499999,105504416.40304,21644,703.123,39623115.09872,0
1638499500000,56255.01,56432.24,56101.81,56295.79,3719.829,1638500399999,209173759.51507,35018,1672.748,94095324.53641,0
1638500400000,56295.78,56342.85,56135.05,56230.78,1542.000,1638501299999,86749993.44619,14688,598.243,33667541.26929,0
1638501300000,56230.78,56319.57,56118.88,56308.39,1657.689,1638502199999,93164710.20677,17113,771.058,43339897.16593,0
1638502200000,56308.40,56565.52,56251.00,56472.76,2386.167,1638503099999,134721452.36323,22159,1424.549,80426452.74208,0
1638503100000,56472.37,56508.90,56330.03,56361.80,1836.072,1638503999999,103581637.32063,14225,914.394,51584418.19631,0
1638504000000,56361.79,56550.00,56283.46,56499.99,1845.903,1638504899999,104141687.71000,17380,1041.347,58759633.14318,0
1638504900000,56500.00,56695.74,56499.99,56673.85,2012.228,1638505799999,113914138.80290,19910,1045.304,59172449.96050,0
1638505800000,56672.24,56730.35,56564.42,56725.77,1674.126,1638506699999,94840301.68081,14817,754.545,42756416.91867,0
1638506700000,56725.67,56730.33,56535.54,56629.62,1183.794,1638507599999,67007651.02402,12877,467.148,26438062.67946,0
1638507600000,56629.61,56692.40,56566.64,56624.60,1061.193,1638508499999,60083260.43616,9645,530.778,30050586.35930,0
1638508500000,56624.59,56644.22,56456.61,56487.50,909.129,1638509399999,51400173.90336,11360,333.722,18870322.37854,0
1638509400000,56487.50,56979.99,56461.02,56944.24,3813.366,1638510299999,216475537.46582,29791,2561.131,145365653.54026,0
1638510300000,56944.24,57080.00,56710.00,56762.79,3535.358,1638511199999,201179488.63437,34521,1701.760,96886618.06665,0
1638511200000,56762.79,56883.63,56705.14,56769.74,1402.894,1638512099999,79661267.71583,16463,780.399,44312945.15806,0
1638512100000,56769.74,56885.86,56723.21,56870.11,841.211,1638512999999,47778276.59524,10498,467.278,26541611.34932,0
1638513000000,56870.10,56999.99,56832.01,56907.00,1385.848,1638513899999,78878132.94487,16391,619.998,35289474.40393,0
1638513900000,56907.00,56949.85,56835.35,56885.17,862.391,1638514799999,49064579.39390,11275,390.969,22245994.50063,0
1638514800000,56885.18,56918.04,56800.01,56836.01,1106.045,1638515699999,62885002.73303,12882,427.678,24319507.48018,0
1638515700000,56836.01,56970.26,56783.00,56928.21,1331.838,1638516599999,75726534.03615,14066,734.466,41765493.30430,0
1638516600000,56928.21,56990.31,56667.00,56739.27,2752.201,1638517499999,156363509.43318,22884,1141.563,64851034.90897,0
1638517500000,56739.26,56834.51,56714.90,56777.14,963.461,1638518399999,54701615.08006,11502,438.590,24903337.08856,0
1638518400000,56777.13,56856.01,56650.01,56726.91,1203.973,1638519299999,68319033.44645,14892,566.597,32155522.21931,0
1638519300000,56726.91,56770.00,56536.14,56552.48,1496.604,1638520199999,84759720.92075,15484,551.187,31222210.41052,0
1638520200000,56552.48,56626.22,56508.00,56588.28,1436.804,1638521099999,81268969.20893,13760,765.742,43314858.04899,0
1638521100000,56588.28,56638.47,56547.49,56621.23,779.984,1638521999999,44149804.12768,9534,452.731,25627537.20248,0
1638522000000,56621.24,56630.00,56508.00,56595.55,880.578,1638522899999,49806343.39802,10681,427.891,24201246.84628,0
1638522900000,56595.55,56630.89,56472.45,56522.74,1171.604,1638523799999,66249143.12387,12275,627.550,35489985.34330,0
1638523800000,56522.73,56684.53,56515.47,56630.50,906.074,1638524699999,51275130.74682,10629,548.760,31054051.82399,0
1638524700000,56630.50,56893.44,56630.50,56853.43,2064.510,1638525599999,117161676.53412,22988,1234.415,70050070.39333,0
1638525600000,56853.43,57382.98,56849.42,57193.89,8038.455,1638526499999,459510658.15864,76294,4448.263,254283291.66278,0
1638526500000,57193.89,57268.81,56874.13,56943.78,4116.466,1638527399999,234917273.67772,41985,1700.095,97042798.95797,0
1638527400000,56946.41,56953.68,56719.61,56867.91,3056.053,1638528299999,173658858.55585,31406,1538.308,87414724.02927,0
1638528300000,56867.92,56958.88,56800.00,56888.79,1590.169,1638529199999,90435202.64210,17781,886.142,50398170.14483,0
1638529200000,56888.80,57200.00,56880.97,57008.80,2399.852,1638530099999,136895085.21056,27511,1231.997,70272769.99632,0
1638530100000,57008.80,57113.66,56951.01,57087.63,1677.150,1638530999999,95651420.06953,16775,765.906,43680910.49792,0
1638531000000,57089.65,57094.93,56831.70,56948.01,2262.925,1638531899999,128871688.56025,18946,881.329,50185873.39967,0
1638531900000,56948.00,57072.62,56947.66,57011.36,1193.825,1638532799999,68065372.75985,13201,648.551,36975997.81301,0
1638532800000,57010.13,57244.74,57010.12,57097.53,2360.075,1638533699999,134838554.51472,24457,1341.002,76616730.99160,0
1638533700000,57097.54,57157.77,56964.08,56978.97,1919.330,1638534599999,109452597.29947,18521,681.402,38861327.18733,0
1638534600000,56978.96,57012.05,56866.00,56929.40,1513.217,1638535499999,86144852.35579,18237,711.755,40521352.85220,0
1638535500000,56929.41,56965.00,56800.00,56846.25,1377.715,1638536399999,78332088.85019,17293,680.889,38717351.51069,0
1638536400000,56846.24,56945.48,56802.00,56939.67,1218.364,1638537299999,69293758.88946,13392,740.444,42115193.81502,0
1638537300000,56939.90,56998.81,56877.45,56963.35,882.481,1638538199999,50255308.68362,11830,511.996,29157889.44596,0
1638538200000,56963.36,57670.00,56963.36,57142.04,11076.275,1638539099999,635463204.49512,97085,5413.423,310574658.97295,0
1638539100000,57141.16,57141.81,56761.30,56912.35,6600.716,1638539999999,375805552.69124,58645,2992.060,170351875.53230,0
1638540000000,56912.35,56968.70,56740.50,56766.69,3273.345,1638540899999,186080907.51509,31587,1446.774,82272060.99740,0
1638540900000,56766.69,56852.05,56600.00,56753.40,3696.999,1638541799999,209677502.56868,35770,1885.850,106978325.35478,0
1638541800000,56753.40,56835.00,56500.00,56572.02,3430.951,1638542699999,194373695.87959,33105,1395.054,79084739.93979,0
1638542700000,56572.03,56645.93,56212.00,56293.21,6566.880,1638543599999,370222779.16637,67769,3025.455,170542220.59206,0
1638543600000,56293.22,56344.28,56115.98,56129.59,5575.664,1638544499999,313419823.00078,61289,2529.762,142229635.77431,0
1638544500000,56129.59,56390.00,56115.98,56354.58,4071.179,1638545399999,229087611.64476,40029,2298.727,129363369.93685,0
1638545400000,56354.58,56354.58,56100.00,56118.97,2285.508,1638546299999,128463749.55212,29132,961.602,54053556.41637,0
1638546300000,56119.01,56286.70,55800.00,56030.73,11097.550,1638547199999,621398668.98582,104186,5173.590,289783958.33172,0
1638547200000,56026.67,56026.67,55000.00,55523.79,22903.346,1638548099999,1271237779.53537,203538,9811.868,544616240.01503,0
1638548100000,55521.86,55643.07,55200.00,55454.63,7210.390,1638548999999,399389446.19195,78197,3494.615,193624368.48630,0
1638549000000,55454.63,55591.00,55300.58,55349.99,4039.361,1638549899999,224018454.59291,43920,1876.513,104090170.93867,0
1638549900000,55349.99,55383.65,54899.48,55052.52,7009.172,1638550799999,386346114.50078,72560,3191.816,176002277.08677,0
1638550800000,55052.88,55088.00,54627.37,54923.19,10652.344,1638551699999,584603872.45903,103018,5028.387,276047420.35338,0
1638551700000,54924.72,55136.23,54911.07,54922.54,3134.635,1638552599999,172516696.09917,35725,1724.239,94908589.89390,0
1638552600000,54922.43,55078.60,54766.15,54981.28,3705.745,1638553499999,203499208.62084,40204,1908.296,104813379.56856,0
1638553500000,54981.29,55108.12,54862.78,55030.06,2475.217,1638554399999,136157173.69828,26979,1399.199,76983553.64129,0
1638554400000,55030.07,55130.00,54921.20,55011.67,2133.183,1638555299999,117422788.41573,25331,1155.390,63604757.04484,0
1638555300000,55012.48,55196.36,54982.05,55059.53,1686.720,1638556199999,92937539.46493,21068,893.277,49224269.43775,0
1638556200000,55059.53,55122.85,54820.00,54841.09,2210.602,1638557099999,121445988.99520,24140,780.405,42887166.20552,0
1638557100000,54841.10,55171.00,54389.58,54914.77,10476.326,1638557999999,574276521.73313,93109,5025.329,275743577.67449,0
1638558000000,54914.76,54969.31,54670.72,54822.07,2441.425,1638558899999,133861789.35088,28660,1283.279,70384357.49432,0
1638558900000,54822.07,54842.00,54257.00,54370.25,6933.321,1638559799999,377776139.31743,74468,2871.791,156503322.07667,0
1638559800000,54369.77,54477.09,53791.82,54164.95,11684.332,1638560699999,632072274.12137,126628,4953.974,268097627.71328,0
1638560700000,54164.94,54200.00,53768.57,53884.35,5460.631,1638561599999,294600864.35754,65005,2593.854,139952199.02601,0
1638561600000,53884.35,54100.00,53357.00,53451.75,15157.480,1638562499999,813329936.11970,155391,6725.481,360977342.91896,0
1638562500000,53451.75,53710.00,50604.00,53069.47,45396.611,1638563399999,2398043428.74390,369079,18896.493,1000123473.08609,0
1638563400000,53069.38,53287.54,52607.93,52900.01,11502.868,1638564299999,608836640.55426,125931,5028.481,266172066.96673,0
1638564300000,52900.01,53564.40,52792.84,53454.10,7696.848,1638565199999,409779366.33483,86876,4075.598,217024188.71659,0
1638565200000,53456.91,54060.49,53344.21,53740.00,7156.997,1638566099999,384492406.16016,80101,3541.720,190246526.02010,0
1638566100000,53741.57,53979.99,53656.96,53722.01,4401.548,1638566999999,236826633.78599,47468,1956.985,105302638.05290,0
1638567000000,53722.00,53963.39,53637.79,53858.69,3155.509,1638567899999,169906172.82776,33164,1539.157,82890451.71019,0
1638567900000,53858.69,53898.00,53606.76,53613.78,2481.328,1638568799999,133311641.76826,28731,950.746,51090339.32217,0
1638568800000,53612.42,53747.77,53034.47,53542.90,7047.020,1638569699999,376748943.76886,73197,3062.904,163810417.35470,0
1638569700000,53542.89,53629.00,53321.54,53372.03,2220.856,1638570599999,118644379.59961,28282,976.191,52155301.30109,0
1638570600000,53372.04,53730.90,53367.64,53491.06,2133.442,1638571499999,114274819.36259,22930,1155.029,61865556.23861,0
1638571500000,53491.05,53549.99,53337.31,53414.11,1641.700,1638572399999,87694030.04207,18397,796.773,42560584.60560,0
1638572400000,53414.10,53638.83,53350.01,53534.99,1772.106,1638573299999,94821759.91701,21404,907.229,48540459.65922,0
1638573300000,53539.06,53685.26,53450.00,53581.09,1784.384,1638574199999,95616365.42883,20287,971.750,52066424.55005,0
1638574200000,53581.10,53832.30,53525.87,53716.05,1534.888,1638575099999,82418565.56446,19389,832.583,44714226.97949,0
1638575100000,53716.06,53831.28,53450.00,53612.00,2359.027,1638575999999,126515897.97904,24259,1119.829,60055153.22661,0
1638576000000,53611.86,53889.69,53509.35,53799.60,3080.706,1638576899999,165485512.37969,30112,1598.386,85870370.85220,0
1638576900000,53799.59,53850.00,53500.00,53512.12,1931.769,1638577799999,103680338.64280,21080,806.812,43306622.71256,0
1638577800000,53512.12,53615.75,53260.07,53388.00,2256.515,1638578699999,120638522.08782,27016,1012.099,54130331.86045,0
1638578700000,53384.92,53438.08,53006.65,53055.01,4580.466,1638579599999,243495199.55644,48261,2028.805,107862637.96686,0
1638579600000,53055.01,53211.51,52636.00,52667.29,7030.916,1638580499999,371744897.56869,73489,2743.090,145073951.93132,0
1638580500000,52667.30,53089.21,52667.30,52976.99,2819.576,1638581399999,149240181.14373,33919,1553.633,82234738.16850,0
1638581400000,52977.00,53083.14,52643.15,53076.21,2744.796,1638582299999,144969804.56566,31340,1393.029,73589650.25844,0
1638582300000,53076.21,53135.64,52854.66,53005.17,1909.732,1638583199999,101245540.25002,24361,964.603,51145565.97811,0
1638583200000,53005.16,53128.00,52875.10,52926.19,1887.430,1638584099999,100057885.14442,20892,897.148,47557825.35395,0
1638584100000,52926.19,53016.62,52761.60,52799.99,1470.012,1638584999999,77739759.12714,20907,701.610,37109874.63587,0
1638585000000,52800.00,53033.00,52731.96,53022.21,1719.448,1638585899999,90965026.59263,19706,901.453,47694063.62195,0
1638585900000,53022.20,53141.70,53005.01,53128.59,1520.965,1638586799999,80731607.38708,17147,840.414,44607865.46294,0
1638586800000,53128.59,53143.51,52818.62,52836.10,1576.578,1638587699999,83466883.29754,19254,684.401,36229436.92846,0
1638587700000,52833.10,52868.00,52349.60,52499.16,4901.715,1638588599999,257567698.57885,52651,2042.626,107338355.43575,0
1638588600000,52499.19,52678.50,52449.73,52474.97,2365.416,1638589499999,124351608.02262,27707,1318.570,69322314.77230,0
1638589500000,52487.33,52586.56,52002.79,52003.89,4412.974,1638590399999,230646347.51009,47285,1658.864,86736089.28600,0
1638590400000,52014.66,52451.00,52001.30,52441.76,4484.060,1638591299999,233950807.05248,53582,2445.956,127646761.63441,0
1638591300000,52441.76,52618.39,52300.00,52329.50,2945.703,1638592199999,154607024.92919,36162,1369.718,71904668.05897,0
1638592200000,52316.16,52499.97,51847.50,51893.66,4633.418,1638593099999,241477329.83964,49677,2034.858,106137446.42529,0
1638593100000,51893.66,52218.03,48763.00,50278.80,38342.867,1638593999999,1932549984.88974,273718,15505.780,781807173.11767,0
1638594000000,50273.20,50559.99,46666.00,48863.46,47033.881,1638594899999,2301166466.66155,349739,21506.604,1053832946.07652,0
1638594900000,48869.82,49116.42,40888.89,45512.18,60029.875,1638595799999,2762068151.53232,474468,26479.540,1217388099.71800,0
1638595800000,45523.60,47186.92,45070.00,46486.98,36021.648,1638596699999,1671640003.23685,338622,17956.573,833635277.11317,0
1638596700000,46485.65,47554.12,46449.91,47517.51,20724.297,1638597599999,976227133.62006,197507,10226.566,481785893.22756,0
1638597600000,47523.38,47756.57,46758.66,46976.77,19687.718,1638598499999,928283275.32932,186948,8980.295,423614420.38208,0
1638598500000,46976.11,47740.00,46934.33,47664.19,10287.129,1638599399999,487108323.11225,117073,4977.722,235734143.14081,0
1638599400000,47664.20,47986.63,47516.76,47648.99,10823.875,1638600299999,517093443.02345,109993,5363.168,256235049.41457,0
1638600300000,47648.99,47706.78,47222.00,47474.23,7089.066,1638601199999,336716238.02928,78700,3508.705,166710718.99362,0
1638601200000,47479.68,47530.00,46580.02,46611.33,11050.283,1638602099999,519201424.22212,113001,4256.321,200077998.40177,0
1638602100000,46611.34,47566.44,46601.17,47524.48,9214.851,1638602999999,434316416.70539,98692,4847.372,228473240.25888,0
1638603000000,47524.48,47536.15,46950.00,47108.97,7590.728,1638603899999,358389313.88348,81225,3394.168,160226450.12022,0
1638603900000,47108.97,47273.79,46700.00,47241.93,6179.905,1638604799999,290045250.23010,66573,3089.883,145064908.88815,0
1638604800000,47241.92,47475.26,46951.70,47421.86,6857.201,1638605699999,323733962.43387,84130,3198.940,151060517.53754,0
1638605700000,47421.86,47721.60,47274.08,47703.34,5111.580,1638606599999,242634737.52971,59772,2545.734,120900391.44758,0
1638606600000,47703.34,47872.80,47551.56,47694.40,4978.802,1638607499999,237530336.04801,62520,2484.999,118581289.97900,0
1638607500000,47694.05,47724.68,47310.28,47458.49,4507.945,1638608399999,214134123.16634,57622,1791.071,85081168.65110,0
1638608400000,47458.48,47645.98,47253.07,47340.87,3801.056,1638609299999,180325106.73991,50414,1781.804,84551514.60994,0
1638609300000,47340.86,47436.30,47243.70,47304.00,3223.961,1638610199999,152600181.49489,39464,1499.024,70956800.40290,0
1638610200000,47303.38,47640.27,47300.00,47419.91,3645.837,1638611099999,173184081.52755,42610,1728.867,82126838.99926,0
1638611100000,47418.55,47469.31,47262.89,47454.27,3328.381,1638611999999,157588566.35697,38773,1710.903,81007550.76304,0
1638612000000,47456.51,47537.48,47280.00,47425.85,3682.596,1638612899999,174593051.76638,37606,1623.605,76975772.94116,0
1638612900000,47427.74,47566.44,47214.19,47278.53,3525.283,1638613799999,166992044.34543,37599,1470.800,69689030.44270,0
1638613800000,47278.52,47323.98,46770.00,47063.38,6966.184,1638614699999,327629348.03933,73940,3011.494,141664022.44070,0
1638614700000,47063.37,47449.85,47038.42,47343.43,4908.427,1638615599999,231818558.56087,57452,2650.452,125177213.81754,0
1638615600000,47340.57,47369.46,46907.31,47000.01,4097.974,1638616499999,192895303.89094,50848,1792.489,84370028.68546,0
1638616500000,47000.00,47061.86,46777.00,46897.62,3539.675,1638617399999,165978997.88897,44571,1576.182,73919864.08975,0
1638617400000,46901.54,46991.25,46102.36,46317.27,10246.756,1638618299999,476149208.62132,96783,4638.570,215566306.33019,0
1638618300000,46317.27,46762.47,46251.86,46483.34,6269.608,1638619199999,291796687.01452,62515,3465.356,161305238.04079,0
1638619200000,46483.34,46879.97,46479.67,46826.49,3375.366,1638620099999,157713356.24865,42656,1969.677,92035262.89160,0
1638620100000,46826.50,47525.62,46823.24,47229.24,9120.267,1638620999999,431024308.38817,84335,5057.864,238987604.26813,0
1638621000000,47229.24,47379.31,47100.00,47172.32,3223.456,1638621899999,152266576.40236,37857,1599.114,75562717.91956,0
1638621900000,47172.32,47293.56,46915.00,47040.67,3119.152,1638622799999,146873859.66672,38268,1471.481,69306586.46933,0
1638622800000,47040.67,47138.00,46950.11,47092.86,2195.134,1638623699999,103263336.13574,30090,1128.062,53075492.85238,0
1638623700000,47092.85,47133.51,46750.00,47108.42,3458.571,1638624599999,162389974.85613,37564,1620.828,76131990.66359,0
1638624600000,47108.81,47416.76,47024.65,47296.63,4614.904,1638625499999,218022214.12675,49039,2380.690,112490836.40026,0
1638625500000,47296.62,47371.00,47140.83,47354.05,2870.379,1638626399999,135613942.79152,31096,1358.298,64175050.92555,0
1638626400000,47354.04,47550.00,47226.86,47488.87,3841.215,1638627299999,182096938.17002,34721,1842.138,87319325.61349,0
1638627300000,47488.87,47574.84,47327.95,47412.52,3247.261,1638628199999,154094363.51385,36789,1546.658,73405079.24699,0
1638628200000,47413.57,47498.00,47231.81,47407.19,3356.649,1638629099999,158969390.70930,33689,1584.929,75071264.74013,0
1638629100000,47407.19,47849.21,47407.18,47784.34,6158.835,1638629999999,293868335.63648,58744,3187.061,152052645.42135,0
1638630000000,47784.33,48500.00,47705.77,48420.72,11165.390,1638630899999,537155129.65936,87498,7022.835,337837662.59236,0
1638630900000,48420.65,48490.07,47908.00,48215.58,7005.430,1638631799999,337297047.20588,66478,3071.504,147858134.01380,0
1638631800000,48215.59,48491.80,48014.81,48264.57,4775.946,1638632699999,230762354.26596,52925,2260.800,109268078.99151,0
1638632700000,48265.74,48274.81,48034.12,48162.00,3066.853,1638633599999,147668475.34061,32982,1343.392,64692473.84180,0
1638633600000,48162.00,48237.63,47830.00,48110.31,4413.509,1638634499999,212039570.99484,44097,2053.095,98687961.70781,0
1638634500000,48110.31,48387.56,48010.82,48249.72,3085.543,1638635399999,148708645.91114,37813,1660.914,80065210.97679,0
1638635400000,48247.70,48446.38,48050.00,48111.46,4201.610,1638636299999,202785198.96557,38874,1979.175,95525020.72435,0
1638636300000,48111.45,48121.99,47744.00,47817.66,4062.461,1638637199999,194731424.67750,43829,1903.527,91279063.95529,0
1638637200000,47817.65,47987.05,47755.14,47860.66,2136.540,1638638099999,102294193.91901,25306,1110.322,53162677.17513,0
1638638100000,47860.65,47950.00,47763.38,47916.00,2050.260,1638638999999,98140716.71673,22205,978.029,46817581.52954,0
1638639000000,47916.00,48091.99,47872.38,48065.01,1707.572,1638639899999,81939970.18866,21633,989.174,47477620.67777,0
1638639900000,48065.62,48337.99,48065.00,48204.64,3213.771,1638640799999,154875631.65477,30938,1709.755,82391434.92418,0
1638640800000,48201.51,48413.66,48112.06,48324.31,2827.362,1638641699999,136536602.02536,31569,1258.732,60793744.53435,0
1638641700000,48324.30,48630.97,48214.29,48463.71,5346.792,1638642599999,258903614.33467,48782,2822.131,136702529.75525,0
1638642600000,48471.46,48723.78,48414.67,48663.52,3510.645,1638643499999,170580123.11998,35865,1609.955,78248549.88108,0
1638643500000,48663.51,48875.88,48591.25,48839.05,4508.967,1638644399999,219728219.93547,42999,2381.557,116101969.24384,0
1638644400000,48839.04,48957.50,48594.31,48901.45,3871.347,1638645299999,188994574.84388,41796,1860.854,90877675.28882,0
1638645300000,48901.45,49343.19,48852.30,49190.00,7783.434,1638646199999,382465905.20546,72727,4130.669,203007600.51041,0
1638646200000,49189.99,49400.60,49178.00,49330.64,3925.932,1638647099999,193527369.75342,38265,1860.989,91755756.56916,0
1638647100000,49328.48,49433.11,49222.72,49246.77,2561.252,1638647999999,126325484.32583,31303,1140.404,56253328.73848,0
1638648000000,49244.03,49375.00,48945.81,49244.19,6220.658,1638648899999,305790789.24003,57830,2672.628,131429439.40001,0
1638648900000,49245.03,49451.41,49244.80,49402.51,2355.007,1638649799999,116287089.03952,25763,1324.650,65406842.54185,0
1638649800000,49402.52,49467.64,49086.74,49178.22,2612.528,1638650699999,128834074.47536,27750,1018.465,50238123.50975,0
1638650700000,49178.21,49360.24,49056.50,49234.24,2725.597,1638651599999,134144060.58956,27902,1397.928,68810986.29253,0
1638651600000,49234.25,49331.31,48767.61,48845.48,2983.206,1638652499999,146257229.40684,33549,1143.765,56099410.09052,0
1638652500000,48845.48,49020.49,48755.28,48922.73,2347.319,1638653399999,114773126.93895,27179,1134.155,55464289.39989,0
1638653400000,48919.55,48923.13,48641.69,48711.14,2210.740,1638654299999,107878020.07343,25151,914.147,44619521.20909,0
1638654300000,48705.88,48807.49,48499.13,48688.86,3354.710,1638655199999,163211626.63064,38019,1576.543,76728693.42130,0
1638655200000,48687.97,48789.98,48591.84,48718.94,1656.975,1638656099999,80697784.58685,20911,960.320,46778375.84678,0
1638656100000,48718.95,48765.84,48624.31,48716.93,1503.688,1638656999999,73222626.08181,18092,751.807,36613240.37916,0
1638657000000,48716.92,49298.65,48712.43,49058.53,3893.615,1638657899999,190726382.05643,42515,2251.984,110305992.34027,0
1638657900000,49058.54,49200.00,48870.57,49188.28,2235.873,1638658799999,109668880.61525,23881,1194.422,58595124.69750,0
1638658800000,49188.27,49466.60,49100.00,49122.95,3930.943,1638659699999,193731439.30521,40798,1955.647,96403378.95418,0
1638659700000,49126.83,49256.00,49008.09,49097.16,1556.898,1638660599999,76482186.33851,21220,773.852,38022643.67563,0
1638660600000,49097.16,49137.14,48835.35,49066.33,2262.885,1638661499999,110887935.28065,27164,1248.424,61192235.75195,0
1638661500000,49066.33,49274.31,48800.00,49135.66,2082.958,1638662399999,102134277.59674,26227,983.770,48253746.99645,0
1638662400000,49135.66,49670.00,49080.65,49273.84,6109.251,1638663299999,301711867.81334,60412,3201.519,158176212.67815,0
1638663300000,49273.84,49699.49,49155.21,49237.00,5963.264,1638664199999,294875322.38700,53470,3248.880,160673636.56655,0
1638664200000,49237.01,49240.89,48317.31,48481.31,9573.231,1638665099999,466405911.41942,86422,3978.508,193800706.29442,0
1638665100000,48474.39,49064.77,48450.89,48934.62,4625.919,1638665999999,225864285.80075,52994,2671.539,130439930.84615,0
1638666000000,48934.62,48970.46,48643.18,48889.29,2847.017,1638666899999,138990488.84053,33394,1391.880,67956182.56348,0
1638666900000,48889.29,49066.79,48703.66,48748.90,2231.900,1638667799999,109154015.01715,27487,1076.775,52669494.44385,0
1638667800000,48748.89,49180.00,48716.01,49146.83,2114.392,1638668699999,103542899.32199,26149,1140.035,55816384.92278,0
1638668700000,49146.83,49240.89,49001.11,49014.49,2087.927,1638669599999,102547910.77849,23049,1013.394,49782266.10979,0
1638669600000,49009.55,49048.98,48785.35,48796.82,1721.970,1638670499999,84200793.61405,21615,813.846,39790053.56192,0
1638670500000,48796.82,49060.73,48788.36,48968.35,1558.998,1638671399999,76263053.16722,20592,823.397,40276215.53707,0
1638671400000,48968.34,49054.78,48818.60,48977.15,1359.871,1638672299999,66565192.09620,18966,679.411,33250408.83217,0
1638672300000,48977.15,49106.12,48859.49,49047.81,1494.817,1638673199999,73231933.88264,20644,770.344,37732900.18952,0
1638673200000,49047.81,49054.04,48834.44,49023.82,1402.336,1638674099999,68639043.17824,19134,691.286,33830353.37027,0
1638674100000,49023.82,49263.48,49004.29,49109.88,1972.692,1638674999999,96988893.16280,27025,1067.913,52506162.15544,0
1638675000000,49109.89,49358.13,49109.88,49129.11,2381.377,1638675899999,117267986.15214,25510,1310.515,64535925.21780,0
1638675900000,49129.10,49278.00,49090.00,49160.00,1303.026,1638676799999,64107139.06342,17827,745.283,36668760.60794,0
1638676800000,49160.00,49237.73,48935.74,48983.01,1753.328,1638677699999,86018497.85224,23077,791.606,38841109.28990,0
1638677700000,48983.01,49029.99,48870.13,48971.59,1598.858,1638678599999,78278691.30675,20555,712.437,34886053.51191,0
1638678600000,48971.59,49147.22,48897.74,49141.47,1248.367,1638679499999,61158831.01825,18621,743.311,36419268.55844,0
1638679500000,49141.47,49200.00,48805.00,48935.26,1902.779,1638680399999,93179615.38191,23638,827.377,40529550.67334,0
1638680400000,48932.27,49012.02,48836.84,48957.80,1275.787,1638681299999,62437180.95409,15753,654.750,32044332.36498,0
1638681300000,48957.80,49178.98,48940.40,49070.01,1582.521,1638682199999,77703085.32230,18529,911.066,44734308.80411,0
1638682200000,49070.01,49350.58,49060.00,49306.96,2301.798,1638683099999,113324720.89177,24562,1446.479,71217969.65270,0
1638683100000,49306.95,49420.99,49170.00,49406.30,1822.758,1638683999999,89911214.03126,23408,909.764,44886422.07196,0
1638684000000,49406.31,49414.68,49281.17,49329.60,1229.921,1638684899999,60681415.05526,17127,497.115,24526315.79679,0
1638684900000,49329.60,49532.03,49207.70,49466.71,1972.384,1638685799999,97370503.32058,22962,1214.770,59990389.88244,0
1638685800000,49466.71,49523.19,49272.49,49355.15,2604.456,1638686699999,128648334.07356,29119,1092.174,53934262.06462,0
1638686700000,49355.39,49619.27,49352.47,49435.12,2194.302,1638687599999,108603290.76432,23092,1140.366,56452072.35952,0
1638687600000,49438.27,49642.84,49406.62,49550.00,2289.199,1638688499999,113467303.41473,28794,1137.051,56366110.69844,0
1638688500000,49549.99,49610.50,49455.11,49488.96,1314.808,1638689399999,65113874.77080,18354,694.578,34400394.65124,0
1638689400000,49488.97,49523.00,49353.48,49410.38,1858.933,1638690299999,91901903.17020,20325,648.089,32041371.45832,0
1638690300000,49410.39,49412.00,49211.91,49267.19,1866.506,1638691199999,92005495.94732,23865,789.799,38928195.84060,0
1638691200000,49267.19,49456.26,49116.42,49342.09,2410.056,1638692099999,118773052.73784,29626,1223.555,60310939.30538,0
1638692100000,49342.10,49477.56,49229.97,49318.07,1843.244,1638692999999,90934297.37381,22470,890.217,43926955.14635,0
1638693000000,49320.00,49480.00,49240.00,49429.48,1283.119,1638693899999,63355642.09391,16946,676.127,33388071.01953,0
1638693900000,49429.47,49542.12,49391.59,49440.71,1160.032,1638694799999,57391078.01877,16869,629.828,31162680.34078,0
1638694800000,49440.71,49449.90,48918.88,48998.64,4430.396,1638695699999,217591424.56231,43803,1899.518,93266503.80676,0
1638695700000,48998.64,49065.00,48711.40,49034.02,5774.454,1638696599999,282230444.72948,51628,2956.625,144570708.43995,0
1638696600000,49034.01,49222.99,48921.66,49192.16,3182.688,1638697499999,156243228.86256,35652,1872.832,91948572.41231,0
1638697500000,49192.16,49249.99,48916.88,48981.75,1695.094,1638698399999,83183289.10457,22600,713.056,34995564.71015,0
1638698400000,48981.76,49135.10,48834.00,49059.81,2127.369,1638699299999,104211069.66685,27613,1029.905,50459069.87518,0
1638699300000,49059.81,49276.78,49042.21,49262.47,2199.672,1638700199999,108195942.15763,23804,1433.926,70531658.42177,0
1638700200000,49262.47,49399.00,49165.63,49330.85,2110.322,1638701099999,104023540.21827,25217,1241.214,61199687.69147,0
1638701100000,49330.85,49384.50,49182.82,49205.38,1631.346,1638701999999,80383212.39193,19308,669.167,32978135.51812,0
1638702000000,49203.71,49365.00,49176.08,49316.73,1179.929,1638702899999,58150817.32403,17467,641.587,31621194.52959,0
1638702900000,49316.72,49345.00,49230.13,49326.61,1136.148,1638703799999,56021865.11431,14944,663.253,32707581.18268,0
1638703800000,49326.61,49345.00,49055.14,49122.35,2063.145,1638704699999,101494446.92906,23011,925.560,45534527.45746,0
1638704700000,49123.84,49254.00,48958.45,49211.11,2604.757,1638705599999,127824331.41395,29204,1232.569,60509180.73513,0
1638705600000,49211.04,49397.73,49040.00,49382.53,2895.013,1638706499999,142521458.97416,32543,1620.037,79768290.57704,0
1638706500000,49378.88,49666.00,49275.60,49437.01,6288.813,1638707399999,311463840.63538,53125,3232.173,160094187.80404,0
1638707400000,49435.74,49635.53,49330.00,49437.74,3117.815,1638708299999,154335772.48772,34114,1637.385,81063392.73478,0
1638708300000,49438.87,49446.50,49266.84,49348.85,2792.383,1638709199999,137833313.51842,25657,1675.913,82732582.61780,0
1638709200000,49348.86,49348.86,49164.95,49297.47,2150.742,1638710099999,105914292.40906,23932,972.030,47880338.78761,0
1638710100000,49297.46,49321.85,49141.14,49169.74,1977.016,1638710999999,97268315.40693,21406,909.979,44769595.93320,0
1638711000000,49170.96,49390.26,49120.15,49378.83,2243.619,1638711899999,110568089.08754,24129,1213.288,59802472.48852,0
1638711900000,49378.84,49415.48,49264.40,49271.71,1162.556,1638712799999,57375190.52301,17200,497.918,24578110.78998,0
1638712800000,49271.72,49323.46,48796.88,48907.62,7187.973,1638713699999,352252634.00588,71113,3179.736,155805785.09629,0
1638713700000,48906.29,49167.13,48835.30,48954.85,3879.269,1638714599999,190058825.57413,46273,1962.545,96154996.87749,0
1638714600000,48954.86,49110.30,48871.01,49027.52,2075.089,1638715499999,101657111.28170,27930,1161.962,56932526.51066,0
1638715500000,49027.51,49130.00,48874.88,48915.82,2189.214,1638716399999,107298295.56029,29252,1065.449,52227727.26378,0
1638716400000,48912.57,49078.05,48550.00,48555.73,6066.209,1638717299999,295543938.48766,66830,2826.489,137727124.16235,0
1638717300000,48555.73,48676.77,48350.00,48447.85,6173.254,1638718199999,299524168.33870,70963,2924.850,141922114.68952,0
1638718200000,48447.99,48477.76,47822.26,47866.70,12423.655,1638719099999,596967588.19737,117230,5440.177,261362285.42257,0
1638719100000,47866.69,48043.27,47755.00,47954.99,6989.457,1638719999999,334747351.99652,68150,3520.913,168686395.45705,0
1638720000000,47954.99,48827.76,47900.00,48601.54,12223.220,1638720899999,591842979.86783,108358,7038.894,340779155.27536,0
1638720900000,48601.10,48661.61,48241.00,48291.39,4954.527,1638721799999,239805078.74244,54494,2031.258,98336626.96256,0
1638721800000,48291.38,48487.63,48095.00,48423.10,3388.197,1638722699999,163535570.18132,40215,1825.176,88113721.46672,0
1638722700000,48423.09,48678.75,48370.20,48476.82,2826.659,1638723599999,137227940.00976,36298,1394.078,67680670.42988,0
1638723600000,48476.63,48627.25,48353.39,48603.36,2702.295,1638724499999,131061880.97256,28044,1470.869,71341458.88496,0
1638724500000,48603.37,49080.55,48458.17,49024.98,4988.264,1638725399999,243498214.84080,54891,2958.127,144402236.49068,0
1638725400000,49027.08,49334.40,48999.99,49156.41,6716.757,1638726299999,330264218.98024,59049,3769.727,185406490.11307,0
1638726300000,49155.02,49330.00,49080.00,49251.02,3064.258,1638727199999,150763138.00431,33773,1655.976,81493154.63278,0
1638727200000,49251.02,49348.01,49146.07,49231.68,1981.383,1638728099999,97527982.21586,26659,927.763,45674785.93907,0
1638728100000,49232.65,49295.00,49060.01,49140.92,1678.783,1638728999999,82527281.32402,22954,747.397,36744260.47659,0
1638729000000,49140.92,49350.00,49085.17,49195.06,2430.292,1638729899999,119609853.19442,26419,1245.841,61311933.66923,0
1638729900000,49191.16,49296.16,49051.89,49084.81,1604.942,1638730799999,78895147.57004,19926,751.530,36947189.13929,0
1638730800000,49084.81,49127.96,48525.43,48614.74,4000.470,1638731699999,195394439.90720,43825,1434.103,70064276.37107,0
1638731700000,48613.49,48666.82,48275.76,48580.10,4953.397,1638732599999,239995176.47021,52842,2638.507,127846575.54183,0
1638732600000,48580.11,48874.85,48318.53,48793.74,3930.046,1638733499999,190925559.10044,39206,2130.493,103534532.17134,0
1638733500000,48793.75,48967.50,48653.00,48892.40,2514.253,1638734399999,122701757.98855,29916,1235.850,60316890.27873,0
1638734400000,48892.40,49022.60,48850.08,48996.67,2418.979,1638735299999,118369668.70438,27816,973.951,47667852.59215,0
1638735300000,48996.67,49017.68,48523.31,48540.91,2156.367,1638736199999,105120198.61053,27418,934.185,45521294.32959,0
1638736200000,48540.91,48850.00,48540.91,48850.00,2474.130,1638737099999,120559204.75193,25081,1496.355,72913950.38434,0
1638737100000,48850.00,48948.00,48728.99,48796.27,1704.217,1638737999999,83273481.41598,21744,852.609,41666374.76348,0
1638738000000,48796.27,48923.46,48614.56,48659.66,1718.535,1638738899999,83794624.05610,24713,780.374,38059566.22197,0
1638738900000,48659.66,48900.00,48480.00,48873.23,3273.836,1638739799999,159261923.24221,35234,1926.676,93731811.02165,0
1638739800000,48873.23,49100.29,48776.21,49092.06,2549.941,1638740699999,124770455.82367,27912,1579.369,77303886.85637,0
1638740700000,49092.07,49199.97,49000.97,49135.05,2516.620,1638741599999,123613976.93622,30886,1427.693,70136105.18608,0
1638741600000,49135.04,49187.48,48850.00,48850.01,2734.370,1638742499999,134010808.16074,29866,1045.097,51216297.52620,0
1638742500000,48850.01,49199.81,48823.63,49178.32,2221.097,1638743399999,108877581.34839,25542,1234.743,60523478.79621,0
1638743400000,49178.33,49200.00,48762.91,48908.10,1776.893,1638744299999,86966289.87972,24774,878.440,42987765.02924,0
1638744300000,48908.11,49216.39,48902.70,49197.90,1572.982,1638745199999,77198599.07890,20012,875.648,42978989.71159,0
1638745200000,49197.91,49517.00,49024.54,49489.66,4094.193,1638746099999,201963402.27520,45682,2369.483,116905888.14630,0
1638746100000,49489.65,49507.68,49033.00,49188.00,3191.365,1638746999999,157205950.97000,34469,1466.116,72205633.89739,0
1638747000000,49187.99,49350.00,49000.39,49187.56,2260.501,1638747899999,111200110.33922,26588,1229.870,60512111.86415,0
1638747900000,49185.41,49376.60,49084.00,49376.60,1804.072,1638748799999,88757180.03073,22223,931.309,45815626.90788,0
1638748800000,49373.83,49436.45,48802.65,48849.69,3905.223,1638749699999,191910650.46700,40389,1766.731,86858515.30156,0
1638749700000,48851.82,49029.68,48575.74,48697.37,5303.817,1638750599999,258621788.37602,53707,2605.186,127064622.35982,0
1638750600000,48697.36,48805.69,48509.68,48641.37,3068.033,1638751499999,149322951.83586,33377,1578.285,76832720.28190,0
1638751500000,48641.37,48775.89,48400.00,48741.78,3627.812,1638752399999,176314394.04852,35099,1792.384,87126693.43766,0
1638752400000,48741.78,48998.63,48610.31,48853.29,3264.760,1638753299999,159446763.05260,32073,2047.755,100020321.41380,0
1638753300000,48853.40,48911.03,48450.00,48466.81,3879.295,1638754199999,188667296.05607,35915,1799.208,87486995.80852,0
1638754200000,48464.66,48589.92,48274.02,48530.34,3035.257,1638755099999,146971511.29984,34299,1508.910,73083959.33084,0
1638755100000,48530.34,48873.32,48460.72,48806.02,3279.980,1638755999999,159864222.82920,31570,1907.168,92944949.03046,0
1638756000000,48806.03,49000.00,48714.37,48940.40,2498.115,1638756899999,122061029.80061,25622,1244.242,60830113.38149,0
1638756900000,48940.40,49143.97,48812.41,48849.87,2966.615,1638757799999,145263576.92184,29349,1398.400,68497680.40046,0
1638757800000,48849.88,49027.45,48760.00,48992.66,1625.587,1638758699999,79426333.41098,19694,989.852,48373505.39354,0
1638758700000,48992.67,49054.48,48844.75,48866.58,1241.136,1638759599999,60764447.78167,16134,521.296,25526356.69926,0
1638759600000,48866.66,48960.96,48804.72,48841.81,1333.537,1638760499999,65188691.35503,15767,585.505,28622706.66264,0
1638760500000,48841.80,49157.39,48838.91,48993.71,2082.198,1638761399999,102106915.99569,22918,1164.456,57110575.67180,0
1638761400000,48992.77,49027.40,48873.73,48944.30,1406.967,1638762299999,68859115.33770,15571,545.705,26712651.61623,0
1638762300000,48939.11,49177.86,48933.50,49001.78,1857.239,1638763199999,91150827.55457,20674,967.606,47496645.40473,0
1638763200000,49001.53,49150.00,48960.83,49134.85,1092.746,1638764099999,53600475.70935,15581,609.391,29892991.85397,0
1638764100000,49134.84,49253.31,49038.61,49146.01,1777.740,1638764999999,87379165.23179,20544,823.987,40510260.29310,0
1638765000000,49146.00,49211.79,49079.19,49110.42,1140.327,1638765899999,56026222.52911,14478,534.448,26257652.37213,0
1638765900000,49110.43,49140.00,48934.20,48962.43,1312.298,1638766799999,64339033.49243,16157,492.970,24169482.93839,0
1638766800000,48962.06,49069.11,48828.55,48851.60,1691.007,1638767699999,82735612.77969,20244,766.747,37522108.02420,0
1638767700000,48851.60,49040.48,48851.60,48911.42,1395.590,1638768599999,68290781.13985,14467,765.077,37437883.50584,0
1638768600000,48910.00,48941.77,48800.77,48820.90,1243.985,1638769499999,60787477.11107,15609,604.766,29555625.31130,0
1638769500000,48820.90,48908.93,48663.22,48666.74,1860.916,1638770399999,90767066.84546,20440,713.062,34783861.22873,0
1638770400000,48666.76,48745.09,48563.32,48583.78,1736.703,1638771299999,84519265.34095,21402,837.795,40782254.95969,0
1638771300000,48583.79,48699.31,48484.63,48675.45,1775.727,1638772199999,86315218.22565,23269,985.297,47906702.02345,0
1638772200000,48675.46,48749.99,48354.20,48465.14,2404.274,1638773099999,116728865.59538,29950,1116.718,54227199.47541,0
1638773100000,48465.14,48545.22,48034.77,48166.68,5526.981,1638773999999,266758313.88760,53228,2557.696,123452644.06040,0
1638774000000,48166.69,48294.44,48001.00,48164.64,4561.464,1638774899999,219532553.97952,50882,2434.310,117187284.72075,0
1638774900000,48164.65,48199.89,47695.18,47819.35,4746.904,1638775799999,227689048.07248,55380,1982.903,95171420.18496,0
1638775800000,47819.34,48176.04,47761.45,48012.80,3503.614,1638776699999,168243811.81569,45431,2019.047,96951829.05366,0
1638776700000,48012.81,48420.00,48012.81,48393.90,3959.706,1638777599999,191028878.46117,39194,2479.225,119616823.70352,0
1638777600000,48398.07,49499.99,48326.63,48458.30,19561.667,1638778499999,956100762.47999,169150,10172.725,497343934.64167,0
1638778500000,48458.30,48780.67,47845.09,48187.75,9500.493,1638779399999,458736795.04244,93552,4767.792,230242621.83817,0
1638779400000,48187.75,48269.96,47836.41,48206.60,5616.780,1638780299999,269689262.91638,61158,2782.201,133614415.28915,0
1638780300000,48206.60,48479.38,48050.91,48162.83,4869.796,1638781199999,235032765.37172,50139,2325.304,112240723.62546,0
1638781200000,48162.57,48334.25,47820.00,47940.44,4446.675,1638782099999,213674612.88389,53806,2004.557,96322204.19762,0
1638782100000,47940.11,48238.78,47924.87,48074.83,3101.639,1638782999999,149278254.83013,35531,1431.720,68894139.02005,0
1638783000000,48074.82,48135.58,47000.00,47425.91,13907.120,1638783899999,660222362.86599,133516,6079.426,288655625.09813,0
1638783900000,47425.91,47590.50,47318.25,47440.57,4922.539,1638784799999,233629629.39754,56155,2445.970,116097137.17334,0
1638784800000,47438.41,47775.76,47351.87,47697.09,5223.632,1638785699999,248711025.92384,58135,2925.293,139274311.25392,0
1638785700000,47698.39,47800.00,47499.08,47500.61,3636.814,1638786599999,173239962.62018,44549,1742.461,83026063.84449,0
1638786600000,47499.99,47630.00,47290.00,47614.26,5147.167,1638787499999,244448427.22014,51389,2814.093,133679015.98461,0
1638787500000,47614.25,47739.25,47429.80,47484.86,3275.215,1638788399999,155840111.69286,36648,1540.455,73305288.67862,0
1638788400000,47484.86,47569.02,47205.00,47285.73,5143.183,1638789299999,243573385.58455,50442,2425.105,114850990.81315,0
1638789300000,47285.74,47535.27,47215.00,47458.07,3413.736,1638790199999,161790823.54840,40865,1844.087,87405721.31821,0
1638790200000,47458.07,48390.00,47382.00,48318.19,8934.496,1638791099999,428116669.04066,80336,5511.690,264103575.66707,0
1638791100000,48318.19,48723.22,48015.04,48572.09,16326.826,1638791999999,790286905.24704,153358,8167.692,395461439.68161,0
1638792000000,48571.17,48607.24,48410.00,48436.83,4283.813,1638792899999,207839698.69338,49189,1906.677,92523943.06029,0
1638792900000,48436.83,48692.60,48305.00,48623.62,4560.578,1638793799999,221096549.74471,47850,2627.268,127406488.53942,0
1638793800000,48623.61,48800.00,48533.27,48640.36,3902.840,1638794699999,190018602.76596,48478,2019.902,98359437.70853,0
1638794700000,48640.36,48710.00,48433.64,48478.06,2463.800,1638795599999,119632204.47881,30429,1020.033,49543217.61659,0
1638795600000,48478.06,48696.90,48428.63,48510.51,2051.269,1638796499999,99614574.60334,30167,1097.057,53278039.22522,0
1638796500000,48510.52,48578.18,48344.00,48353.69,2623.978,1638797399999,127095487.09724,28482,1372.952,66514079.15980,0
1638797400000,48356.73,48413.00,48253.75,48295.69,2278.540,1638798299999,110097578.57699,29974,1137.448,54969880.25977,0
1638798300000,48295.69,48365.91,48021.00,48315.03,4271.494,1638799199999,205849460.18375,46455,2205.090,106283515.20355,0
1638799200000,48315.03,48438.37,48180.00,48426.80,2264.112,1638800099999,109414065.67784,29054,1308.871,63257921.53954,0
1638800100000,48426.81,48447.93,48272.41,48391.55,1801.934,1638800999999,87166011.71586,22661,892.825,43193132.99848,0
1638801000000,48391.56,48575.36,47816.98,48245.80,9527.197,1638801899999,458270515.83799,88791,4935.412,237467573.62872,0
1638801900000,48245.79,48304.19,47954.19,48212.09,3887.181,1638802799999,187026156.28870,43096,1967.661,94698635.26681,0
1638802800000,48209.80,48565.50,48011.28,48527.44,4635.793,1638803699999,223934394.24316,47298,2686.221,129819613.85292,0
1638803700000,48527.44,48800.00,48484.46,48779.98,5826.466,1638804599999,283737264.06261,59284,2766.110,134723089.93736,0
1638804600000,48779.98,48926.29,48510.14,48568.69,5955.283,1638805499999,290101176.43350,56590,2738.293,133457093.77684,0
1638805500000,48568.68,48950.00,48520.00,48922.12,3354.482,1638806399999,163495806.61992,38354,1853.854,90384287.09451,0
1638806400000,48923.27,49000.00,48690.36,48700.00,3345.746,1638807299999,163388532.13719,42259,1543.219,75373486.61362,0
1638807300000,48700.00,48928.00,48647.62,48864.53,1898.881,1638808199999,92674057.40846,26430,1000.018,48810059.46539,0
1638808200000,48864.54,49179.97,48849.00,49141.46,3912.128,1638809099999,191904663.36278,46834,2194.866,107664080.82815,0
1638809100000,49141.47,49179.60,48969.19,49112.73,2601.722,1638809999999,127672363.07123,30733,1210.110,59387778.63178,0
1638810000000,49112.74,49197.65,48987.12,49110.57,2010.058,1638810899999,98661763.19591,25912,988.609,48530624.49944,0
1638810900000,49110.58,49198.00,49008.17,49191.52,1524.273,1638811799999,74830241.91232,21298,711.240,34919080.06090,0
1638811800000,49191.53,49250.00,48838.91,48961.41,3035.327,1638812699999,148873581.38198,32506,1362.176,66841546.46714,0
1638812700000,48960.25,49036.73,48885.00,48950.18,1126.324,1638813599999,55152174.13170,17288,498.417,24409272.65176,0
1638813600000,48950.18,49007.61,48810.58,48867.69,1687.391,1638814499999,82469667.61666,20724,798.166,39012990.53729,0
1638814500000,48867.69,48970.00,48765.79,48956.81,1487.696,1638815399999,72692972.47919,20685,790.912,38656024.72517,0
1638815400000,48956.81,49200.00,48920.01,49115.59,2728.874,1638816299999,133897839.51580,27497,1586.730,77833566.70795,0
1638816300000,49115.59,49237.03,49066.01,49158.83,1264.128,1638817199999,62136280.08535,16291,607.676,29870001.75527,0
1638817200000,49160.12,49389.08,49157.04,49238.18,3308.396,1638818099999,163020843.85926,34505,1936.341,95428520.03410,0
1638818100000,49237.05,49355.08,49161.92,49239.00,1489.130,1638818999999,73354989.02565,20676,728.218,35876060.38776,0
1638819000000,49239.00,49300.00,49099.38,49105.73,1321.350,1638819899999,64986346.89768,19327,531.740,26154994.98153,0
1638819900000,49105.72,49150.24,49056.57,49095.33,1008.861,1638820799999,49545901.31457,15070,505.204,24813439.05977,0
1638820800000,49095.33,49187.22,49001.00,49041.67,1223.753,1638821699999,60056190.08544,18496,594.468,29178013.53975,0
1638821700000,49041.68,49150.00,49031.37,49125.33,747.625,1638822599999,36704674.88259,12602,435.677,21389158.48588,0
1638822600000,49125.34,49237.34,49051.00,49220.00,995.807,1638823499999,48939709.86495,14555,626.390,30788529.81409,0
1638823500000,49220.00,49224.10,48751.00,48826.71,2780.691,1638824399999,136088693.80349,31568,1106.671,54160972.01657,0
1638824400000,48826.70,48978.63,48803.32,48899.02,1310.247,1638825299999,64056105.69094,19682,692.653,33865068.07736,0
1638825300000,48899.02,49223.14,48896.80,49106.25,1611.967,1638826199999,79097531.80027,22372,914.368,44868727.55847,0
1638826200000,49108.59,49432.19,49099.50,49345.63,3027.662,1638827099999,149213803.52090,35601,1795.743,88527291.79789,0
1638827100000,49345.64,50588.00,49345.63,50063.93,17713.563,1638827999999,887032520.37611,168720,10125.470,506883560.40752,0
1638828000000,50061.74,50828.00,50061.74,50533.36,7975.732,1638828899999,402469375.52174,81622,4545.935,229432111.02619,0
1638828900000,50533.34,50797.95,50420.96,50474.46,5159.271,1638829799999,261147514.43065,60797,2309.274,116912707.65936,0
1638829800000,50474.47,50792.95,50347.14,50725.73,3103.521,1638830699999,156911188.28693,42654,1637.264,82791906.90534,0
1638830700000,50725.73,50888.00,50651.03,50729.79,3151.018,1638831599999,159953725.70521,38063,1454.624,73859115.03467,0
1638831600000,50729.79,50847.01,50576.48,50621.83,3082.251,1638832499999,156354430.59100,31587,1350.066,68493629.74156,0
1638832500000,50621.83,50671.80,50266.44,50374.77,3130.806,1638833399999,157904963.29896,39500,1318.111,66482808.24974,0
1638833400000,50374.96,50507.52,50255.39,50379.99,1992.019,1638834299999,100382699.28908,25825,1022.105,51515631.17129,0
1638834300000,50380.00,50560.06,50278.00,50424.72,2132.720,1638835199999,107541187.07406,23712,1165.613,58781384.21382,0
1638835200000,50424.72,50689.19,50322.30,50631.80,2978.358,1638836099999,150406079.57619,32423,1672.935,84501567.59869,0
1638836100000,50631.80,50643.25,50359.96,50583.67,2024.449,1638836999999,102255948.24110,23987,940.502,47513381.31146,0
1638837000000,50581.74,50643.00,50487.15,50623.41,1154.135,1638837899999,58363112.63529,16562,576.280,29144733.32729,0
1638837900000,50623.41,50747.00,50574.17,50612.98,1546.311,1638838799999,78325655.27250,21459,791.726,40108198.10451,0
1638838800000,50612.99,50768.00,50564.67,50740.80,1433.399,1638839699999,72651984.65967,18920,810.967,41113286.28587,0
1638839700000,50740.79,51499.99,50711.00,50716.34,9284.642,1638840599999,474141505.98354,82812,5355.789,273665920.82855,0
1638840600000,50716.33,50761.00,50330.70,50492.74,4310.226,1638841499999,217760767.45706,44502,2063.910,104253260.74344,0
1638841500000,50491.38,50689.19,50460.00,50596.01,2204.399,1638842399999,111525798.54301,23601,1235.688,62520108.05909,0
1638842400000,50596.01,50800.00,50552.22,50572.66,2105.253,1638843299999,106687269.23471,23297,1287.581,65269998.33008,0
1638843300000,50572.14,50845.91,50523.89,50795.75,1763.823,1638844199999,89450763.22163,22179,994.392,50439024.51251,0
1638844200000,50795.76,50836.99,50601.63,50612.64,1122.070,1638845099999,56909486.78987,15826,465.501,23614388.56407,0
1638845100000,50610.12,50763.49,50550.69,50614.69,1388.215,1638845999999,70322512.37317,17615,647.151,32782751.89424,0
1638846000000,50616.96,50724.21,50565.57,50701.68,984.469,1638846899999,49866747.91982,13689,411.211,20833865.60532,0
1638846900000,50701.68,50821.85,50690.01,50784.17,1004.792,1638847799999,51008135.02212,13429,559.805,28419910.04772,0
1638847800000,50785.60,50990.00,50766.11,50791.93,2257.325,1638848699999,114839876.38952,25738,1093.901,55661510.94311,0
1638848700000,50791.94,50944.00,50731.58,50922.04,1196.748,1638849599999,60845462.81682,15627,664.435,33782062.50677,0
1638849600000,50922.05,51150.00,50904.32,51129.05,2540.730,1638850499999,129644877.00677,30046,1438.795,73425930.49366,0
1638850500000,51128.73,51168.30,51026.36,51145.76,1475.020,1638851399999,75367174.23351,19288,691.177,35319013.55658,0
1638851400000,51145.77,51163.17,50827.65,50889.29,2336.227,1638852299999,119041836.77555,26274,878.618,44754783.97777,0
1638852300000,50889.30,50904.72,50756.55,50879.95,1287.851,1638853199999,65457824.66340,15642,541.606,27535235.63477,0
1638853200000,50880.84,51183.58,50880.84,51069.09,2067.638,1638854099999,105563960.18391,23816,1031.054,52632107.03169,0
1638854100000,51065.79,51065.79,50910.00,50988.39,1338.957,1638854999999,68271519.75825,16187,586.459,29902425.43623,0
1638855000000,50988.40,51028.94,50814.02,50930.56,1412.597,1638855899999,71877087.83163,16988,643.949,32768191.67862,0
1638855900000,50930.56,50982.74,50800.00,50852.58,1108.592,1638856799999,56437755.65261,15522,482.799,24580536.76042,0
1638856800000,50852.58,50973.93,50835.85,50919.99,754.882,1638857699999,38432536.37834,12232,382.875,19493603.98265,0
1638857700000,50919.60,51128.40,50880.74,51108.45,1314.439,1638858599999,67048790.93363,17637,672.109,34285624.84619,0
1638858600000,51108.45,51173.00,51029.14,51063.62,1540.444,1638859499999,78719632.20634,20176,669.707,34227112.48054,0
1638859500000,51063.61,51138.24,51006.74,51130.36,1050.807,1638860399999,53643158.04923,14158,578.724,29544923.31466,0
1638860400000,51130.37,51324.53,50957.66,51007.00,3158.288,1638861299999,161490390.75264,34834,1419.567,72615149.09646,0
1638861300000,51006.99,51048.00,50900.00,50966.65,1405.548,1638862199999,71648570.85996,18010,623.789,31804323.98051,0
1638862200000,50966.65,51022.48,50855.00,50872.26,1228.750,1638863099999,62599257.22081,16436,581.842,29650310.40083,0
1638863100000,50872.26,50937.74,50793.38,50890.15,1683.229,1638863999999,85636523.31509,19791,740.203,37663622.53969,0
1638864000000,50892.43,51040.31,50811.00,50981.38,1514.739,1638864899999,77152320.20193,20692,885.167,45091392.74260,0
1638864900000,50981.38,51130.95,50882.65,51047.96,1575.619,1638865799999,80412912.45936,20650,818.292,41767421.25203,0
1638865800000,51047.97,51265.23,50930.14,51158.15,2857.037,1638866699999,146005959.04229,30204,1609.973,82284523.46602,0
1638866700000,51159.09,51228.40,51101.13,51188.99,1857.945,1638867599999,95092804.40477,22926,796.578,40773989.03578,0
1638867600000,51188.99,51490.00,51028.12,51200.83,5462.173,1638868499999,279868273.55429,50321,2647.142,135673690.60405,0
1638868500000,51200.83,51391.08,51156.36,51304.52,2173.970,1638869399999,111524758.73695,26995,1055.228,54136430.74469,0
1638869400000,51304.53,51533.10,51220.00,51254.64,3757.970,1638870299999,193043353.70799,40148,1769.421,90921086.99134,0
1638870300000,51254.55,51284.14,51180.00,51239.04,1730.464,1638871199999,88632002.20735,20883,757.499,38803079.74014,0
1638871200000,51237.37,51296.34,51115.12,51126.53,1916.107,1638872099999,98073971.33488,25837,954.080,48835388.97064,0
1638872100000,51126.53,51208.30,51097.20,51159.81,977.327,1638872999999,50000299.48692,14777,523.866,26804582.79288,0
1638873000000,51159.77,51299.98,51154.63,51290.00,1107.312,1638873899999,56747534.60625,15766,677.315,34711162.27223,0
1638873900000,51290.01,51375.00,51205.50,51298.55,1157.235,1638874799999,59371003.66391,16224,616.002,31607945.68144,0
1638874800000,51298.55,51399.00,51264.76,51349.74,1631.753,1638875699999,83801256.93071,18467,964.201,49525019.20637,0
1638875700000,51349.74,51463.85,51244.35,51360.00,1951.618,1638876599999,100237773.04724,23925,1034.217,53127147.69640,0
1638876600000,51360.00,51360.01,51231.72,51284.99,937.784,1638877499999,48082129.53523,14541,415.293,21293793.29947,0
1638877500000,51284.99,51480.00,51246.05,51433.34,1656.264,1638878399999,85100722.93502,19463,926.034,47582124.90405,0
1638878400000,51433.34,51549.29,51166.60,51300.37,5343.955,1638879299999,274491349.73610,50946,2720.692,139749404.28938,0
1638879300000,51300.38,51343.38,50844.02,50967.26,6012.043,1638880199999,306743672.62010,67212,2732.663,139431080.16968,0
1638880200000,50967.22,51046.00,50639.00,50879.60,5753.692,1638881099999,292154997.96431,65569,2793.415,141866863.69329,0
1638881100000,50879.61,50949.48,50734.47,50906.25,2518.769,1638881999999,128139154.31454,31948,1255.333,63869669.62319,0
1638882000000,50908.49,51050.00,50864.64,51000.00,2472.363,1638882899999,126016942.85139,31160,1264.993,64482005.08366,0
1638882900000,51000.00,51073.44,50812.74,50851.26,1736.156,1638883799999,88390258.41181,22944,756.593,38523631.44694,0
1638883800000,50851.26,51041.74,50804.58,50969.27,1651.301,1638884699999,84069426.58696,21509,878.573,44734439.60077,0
1638884700000,50969.27,50998.10,50866.00,50899.00,1079.856,1638885599999,54989376.60477,15831,535.763,27283336.81600,0
1638885600000,50899.01,50958.87,50823.65,50939.24,1380.222,1638886499999,70232139.15025,17653,683.841,34802336.96464,0
1638886500000,50939.24,51030.06,50857.70,50916.38,1296.722,1638887399999,66069485.57728,18237,617.217,31453177.73077,0
1638887400000,50916.38,51367.85,50913.06,51357.86,4191.985,1638888299999,214541020.70956,49666,2491.154,127498480.42126,0
1638888300000,51354.50,51460.00,51230.00,51435.78,2740.475,1638889199999,140720284.35043,34096,1401.980,72002512.84530,0
1638889200000,51437.55,51700.79,51384.66,51541.33,6026.000,1638890099999,310623237.19263,64368,3148.143,162300068.59059,0
1638890100000,51541.34,51662.01,51375.81,51394.91,3816.036,1638890999999,196674169.11116,42688,1536.514,79216471.60337,0
1638891000000,51392.24,51900.00,51335.10,51846.94,7437.130,1638891899999,384617762.25282,68391,4290.666,221935846.46124,0
1638891900000,51846.94,51929.00,51620.48,51721.54,3473.709,1638892799999,179807445.07909,36201,1627.139,84244639.54642,0
1638892800000,51717.31,51857.68,51618.22,51623.00,2630.244,1638893699999,136115973.74818,33222,1382.799,71576319.18023,0
1638893700000,51623.01,51663.89,51500.00,51567.78,2583.771,1638894599999,133279938.18322,29791,1206.731,62253258.76162,0
1638894600000,51567.78,51567.78,51238.74,51275.00,3425.649,1638895499999,176037871.17258,36548,1486.103,76380775.35388,0
1638895500000,51275.01,51332.73,51069.51,51332.71,4137.182,1638896399999,211799194.07271,38821,2084.837,106750660.59677,0
1638896400000,51332.71,51349.41,51159.56,51245.52,1484.833,1638897299999,76091950.88910,19669,742.800,38068401.94115,0
1638897300000,51245.52,51311.95,50998.49,51015.54,2151.209,1638898199999,110028349.80650,24957,853.332,43663944.66977,0
1638898200000,51015.54,51118.59,50838.00,50917.57,3426.605,1638899099999,174590034.88331,35666,1491.419,75993931.39894,0
1638899100000,50917.57,51085.59,50916.85,50979.90,1879.247,1638899999999,95870713.95479,21003,981.278,50056236.79174,0
1638900000000,50979.90,51150.00,50883.79,50980.61,1701.484,1638900899999,86826551.42239,22679,887.983,45326877.28381,0
1638900900000,50980.61,51092.09,50924.95,51074.67,1448.236,1638901799999,73888733.73199,16610,782.040,39899436.21143,0
1638901800000,51074.66,51129.99,50902.00,50972.81,1298.154,1638902699999,66215305.19824,15400,653.851,33350322.42321,0
1638902700000,50972.82,51060.97,50906.01,50926.00,850.463,1638903599999,43353169.18165,12962,455.475,23219895.32207,0
1638903600000,50926.00,50974.63,50652.19,50959.30,2820.216,1638904499999,143323297.89275,34976,1292.301,65686663.42553,0
1638904500000,50959.30,51195.44,50880.00,51057.01,1978.642,1638905399999,100998884.70865,25295,1157.015,59064044.58978,0
1638905400000,51057.02,51133.60,50931.97,50943.90,893.144,1638906299999,45586377.48619,13127,436.585,22288282.47631,0
1638906300000,50943.90,50995.93,50801.71,50880.70,1369.598,1638907199999,69683638.29795,17290,743.155,37810266.58212,0
1638907200000,50880.69,50999.85,50724.02,50749.33,1406.160,1638908099999,71541646.76947,16019,687.861,35011748.35941,0
1638908100000,50749.33,50868.00,50418.00,50490.43,4161.134,1638908999999,210433182.08010,43160,1803.377,91204133.16279,0
1638909000000,50490.44,50573.14,50190.00,50387.30,5675.009,1638909899999,285675541.22938,51086,2852.624,143643821.62000,0
1638909900000,50387.29,50499.90,50158.17,50442.70,2807.939,1638910799999,141258492.11539,33013,1412.924,71101491.56178,0
1638910800000,50442.70,50764.62,50366.62,50679.01,3159.387,1638911699999,159823525.20429,33280,1797.504,90935606.75856,0
1638911700000,50679.00,50836.81,50563.73,50694.87,2266.373,1638912599999,114912376.15068,24123,1133.675,57498879.15178,0
1638912600000,50694.88,50756.90,50568.97,50656.58,1103.800,1638913499999,55917799.52566,13175,440.857,22336673.92895,0
1638913500000,50656.59,50851.41,50435.44,50492.44,1859.085,1638914399999,94005950.89443,21857,829.792,41969179.87021,0
1638914400000,50492.45,50544.27,50211.74,50287.36,2233.681,1638915299999,112529646.10009,25782,998.077,50275657.74211,0
1638915300000,50287.36,50369.98,50012.00,50312.65,4520.949,1638916199999,226879347.10635,48655,2237.023,112297239.87805,0
1638916200000,50312.66,50612.97,50312.65,50425.82,1707.285,1638917099999,86129915.01533,22884,902.112,45509306.74153,0
1638917100000,50425.82,50457.78,50030.13,50239.32,2321.887,1638917999999,116632038.48958,24331,1131.576,56843663.78557,0
1638918000000,50238.70,50435.00,50127.99,50407.20,1444.996,1638918899999,72695639.17548,17338,796.274,40056093.09062,0
1638918900000,50407.20,50559.80,50350.99,50377.54,1542.409,1638919799999,77823251.42008,18221,757.476,38223766.72669,0
1638919800000,50377.55,50721.35,50367.85,50680.00,1618.834,1638920699999,81876033.44106,17692,1031.893,52197214.20633,0
1638920700000,50679.31,50679.58,50495.00,50577.20,1104.669,1638921599999,55878069.01561,14148,521.292,26372016.57447,0
1638921600000,50577.20,50651.10,50356.11,50519.38,2222.570,1638922499999,112244709.11985,23748,1142.645,57716963.85495,0
1638922500000,50519.37,50543.31,50318.00,50496.73,1759.398,1638923399999,88695135.26723,18507,1010.169,50928926.11612,0
1638923400000,50496.73,50746.02,50399.67,50676.62,1979.473,1638924299999,100194429.47639,23557,1036.112,52444514.50287,0
1638924300000,50674.59,50727.26,50546.00,50727.26,1166.520,1638925199999,59064121.77610,12673,712.787,36097905.86620,0
1638925200000,50727.26,50789.38,50632.73,50695.93,1448.329,1638926099999,73469948.25240,15968,785.124,39826686.77833,0
1638926100000,50695.92,50758.03,50643.74,50653.69,921.906,1638926999999,46730539.18873,11032,478.537,24258165.71966,0
1638927000000,50653.70,50700.00,50420.00,50478.88,1483.495,1638927899999,74970925.35027,16637,632.397,31953145.40343,0
1638927900000,50478.88,50520.00,50350.01,50429.70,1033.135,1638928799999,52092399.52904,13683,616.289,31077851.12803,0
1638928800000,50429.70,50605.00,50413.32,50578.86,979.419,1638929699999,49454295.36264,13039,603.255,30458831.72278,0
1638929700000,50579.54,50665.99,50456.46,50661.21,1307.230,1638930599999,66047831.97866,13044,650.993,32893472.55915,0
1638930600000,50660.93,50696.00,50518.34,50558.51,899.029,1638931499999,45496259.03204,11700,393.440,19909228.72692,0
1638931500000,50558.50,50625.77,50303.38,50334.09,1656.267,1638932399999,83536596.16081,16910,726.561,36655616.48714,0
1638932400000,50334.09,50474.28,50285.38,50424.70,1425.491,1638933299999,71799573.08040,16665,909.095,45797269.05674,0
1638933300000,50424.71,50479.00,50332.36,50332.61,940.151,1638934199999,47386073.20113,12802,449.965,22684098.94283,0
1638934200000,50332.61,50444.35,50326.11,50333.84,715.653,1638935099999,36053307.23202,10184,346.842,17473953.70072,0
1638935100000,50333.84,50372.87,50105.00,50121.08,2541.664,1638935999999,127573798.26943,26470,1109.464,55688104.51428,0
1638936000000,50121.09,50337.14,50105.00,50329.40,1666.116,1638936899999,83700904.04924,20370,946.077,47535104.74430,0
1638936900000,50329.41,50421.00,50175.92,50192.68,1843.336,1638937799999,92760159.77960,19408,760.491,38281980.61466,0
1638937800000,50192.68,50286.56,50079.04,50286.56,1538.153,1638938699999,77166989.57400,18897,781.201,39198877.51718,0
1638938700000,50286.55,50330.00,50120.00,50244.29,1689.871,1638939599999,84875891.75622,17793,686.238,34465361.00857,0
1638939600000,50244.69,50435.00,50142.06,50407.96,1924.339,1638940499999,96799577.34080,19463,998.110,50217680.53317,0
1638940500000,50409.38,50550.66,50318.95,50498.41,2120.568,1638941399999,107009812.14171,19759,1308.384,66039085.14707,0
1638941400000,50498.41,50524.81,50418.43,50500.03,782.033,1638942299999,39460652.25561,10991,348.689,17595129.08173,0
1638942300000,50500.07,50518.14,50373.00,50403.71,926.906,1638943199999,46733415.73283,9943,308.289,15542747.57988,0
1638943200000,50403.71,50560.00,50384.31,50539.57,863.597,1638944099999,43593448.75163,12307,502.053,25344452.52602,0
1638944100000,50539.57,50690.00,50509.47,50620.30,1857.801,1638944999999,94043817.75045,20507,960.467,48620336.34802,0
1638945000000,50617.42,50654.66,50538.00,50591.00,904.357,1638945899999,45744891.95795,11082,422.934,21392711.22569,0
1638945900000,50591.01,50695.40,50579.00,50603.01,1101.100,1638946799999,55770304.83032,12791,607.858,30788455.38769,0
1638946800000,50603.01,50637.62,50490.37,50508.28,952.313,1638947699999,48146679.80593,12450,350.920,17744174.82027,0
1638947700000,50508.27,50545.10,50430.50,50518.69,1047.917,1638948599999,52907185.87890,13009,551.239,27834251.23055,0
1638948600000,50518.70,50570.00,50436.03,50509.99,683.523,1638949499999,34521785.32965,10276,386.369,19517668.73463,0
1638949500000,50509.99,50562.65,50397.92,50489.99,927.738,1638950399999,46814225.71325,13928,416.458,21014755.82361,0
1638950400000,50489.99,50628.00,50443.10,50565.43,1274.979,1638951299999,64445762.78686,15977,773.414,39094863.03169,0
1638951300000,50565.44,50573.91,50337.14,50346.67,1501.646,1638952199999,75719415.53937,16595,480.422,24225234.71340,0
1638952200000,50346.67,50412.75,50288.88,50329.99,1246.724,1638953099999,62770344.91164,14963,575.450,28978209.19478,0
1638953100000,50329.99,50421.32,50296.66,50411.99,734.905,1638953999999,37020712.71359,10618,429.322,21627704.02118,0
1638954000000,50411.99,50521.89,50410.05,50456.53,1091.103,1638954899999,55070368.73039,14107,610.660,30824944.86386,0
1638954900000,50456.53,50530.00,50318.98,50334.99,955.563,1638955799999,48193060.40190,14015,450.936,22745613.02786,0
1638955800000,50332.02,50352.00,50210.72,50230.68,1558.970,1638956699999,78357457.59714,20066,762.523,38329602.88452,0
1638956700000,50230.40,50272.81,50127.01,50128.00,2166.799,1638957599999,108761193.43563,23119,1063.960,53413049.20514,0
1638957600000,50129.56,50295.55,50126.00,50274.01,2284.394,1638958499999,114685983.28003,21101,1535.711,77098401.58299,0
1638958500000,50274.01,50328.00,50181.95,50196.00,908.054,1638959399999,45631896.73946,13703,438.594,22044498.43961,0
1638959400000,50195.99,50284.84,49442.22,49540.00,10098.928,1638960299999,502304949.57707,96654,3774.981,187659753.34351,0
1638960300000,49540.00,49648.90,49170.03,49232.88,8222.486,1638961199999,406034187.84559,88908,3898.064,192497745.11556,0
1638961200000,49232.87,49359.00,48820.00,49151.70,10627.800,1638962099999,521544075.62298,111582,5099.702,250326769.41928,0
1638962100000,49151.71,49427.66,49052.01,49082.09,4346.844,1638962999999,213958267.31794,49304,2131.798,104952369.65543,0
1638963000000,49082.10,49274.35,48869.54,49040.00,3793.060,1638963899999,186038831.56856,43687,1938.587,95081876.57286,0
1638963900000,49039.99,49266.00,49013.78,49180.57,3756.378,1638964799999,184710794.70287,40244,1908.821,93863620.62940,0
1638964800000,49180.57,49300.00,48936.31,49020.86,4076.144,1638965699999,200300392.69290,42997,1908.016,93781399.56027,0
1638965700000,49020.86,49120.00,48533.33,48835.64,5926.426,1638966599999,289288323.42894,65125,2475.541,120872564.64143,0
1638966600000,48835.64,49123.00,48776.10,49074.10,3616.171,1638967499999,177239999.78492,38709,2036.263,99803007.07394,0
1638967500000,49074.01,49248.00,49001.00,49220.01,2839.989,1638968399999,139626731.53220,32363,1593.323,78345424.21602,0
1638968400000,49220.01,49370.00,49103.17,49240.01,3717.501,1638969299999,183167143.17371,37629,2006.881,98902282.68683,0
1638969300000,49240.01,49304.25,49011.43,49095.11,2484.319,1638970199999,122086324.04137,27236,1029.910,50616384.57627,0
1638970200000,49095.11,49349.41,49094.27,49133.37,2602.340,1638971099999,128067898.41963,25875,1397.722,68801419.04854,0
1638971100000,49130.96,49229.62,48959.61,49035.01,2088.019,1638971999999,102505271.91136,24365,977.274,47987489.12427,0
1638972000000,49035.01,49319.88,48933.00,49262.83,3173.046,1638972899999,155781058.54444,33830,1830.996,89908875.81088,0
1638972900000,49262.83,50379.15,49252.34,50296.25,14284.828,1638973799999,711380823.14569,123768,8121.968,404544030.88998,0
1638973800000,50296.25,50344.00,49851.00,50103.55,7997.046,1638974699999,400471858.42370,76334,3514.641,176028608.12994,0
1638974700000,50103.54,51095.85,50073.94,50712.68,13939.715,1638975599999,706809358.79121,128656,7797.775,395327930.35869,0
1638975600000,50720.00,50950.00,50644.78,50901.00,4280.544,1638976499999,217497139.47355,49492,2116.736,107571086.42456,0
1638976500000,50901.01,51210.60,50763.26,50766.31,6069.091,1638977399999,309381531.07479,60605,2913.081,148541190.43161,0
1638977400000,50766.41,50921.26,50450.00,50522.97,5965.531,1638978299999,302410066.85554,55483,2513.786,127482439.82257,0
1638978300000,50522.97,50688.59,50450.00,50626.17,3045.085,1638979199999,154033471.89099,32602,1732.371,87647879.34775,0
1638979200000,50625.94,50755.00,50545.53,50659.04,2528.742,1638980099999,128116130.86475,26886,1318.499,66812864.25434,0
1638980100000,50659.03,50675.00,50480.00,50500.00,1996.025,1638980999999,100893238.30658,22234,665.401,33640350.40874,0
1638981000000,50500.00,50594.14,50150.39,50475.60,6225.951,1638981899999,313614475.22678,54241,3188.174,160619070.69603,0
1638981900000,50475.60,50622.90,50312.98,50441.66,2187.027,1638982799999,110336480.84058,23897,1050.932,53029920.99174,0
1638982800000,50442.01,50487.00,50360.22,50465.65,994.092,1638983699999,50137478.96557,15177,529.236,26694459.43293,0
1638983700000,50465.66,50485.00,50274.49,50416.63,1572.632,1638984599999,79190360.28227,19653,768.958,38727524.33366,0
1638984600000,50416.62,50416.62,50266.16,50334.74,1047.578,1638985499999,52705732.52252,13369,440.135,22143183.96048,0
1638985500000,50334.73,50335.00,50168.75,50270.98,1340.072,1638986399999,67328958.01537,17346,655.143,32918611.75009,0
1638986400000,50270.99,50374.92,50044.00,50312.42,3391.637,1638987299999,170312435.03516,31657,1554.677,78102117.99457,0
1638987300000,50310.91,50440.00,50275.75,50421.06,1421.318,1638988199999,71607045.71699,16993,899.563,45323341.78884,0
1638988200000,50421.06,50679.48,50257.83,50557.80,1937.335,1638989099999,97722952.48306,23070,1039.533,52456498.74649,0
1638989100000,50557.81,50607.38,50398.49,50527.98,1655.127,1638989999999,83575441.91676,18080,911.748,46032963.47662,0
1638990000000,50527.99,50589.10,50358.90,50450.00,1394.662,1638990899999,70374828.90784,15889,571.628,28847469.55743,0
1638990900000,50449.99,50640.00,50426.74,50639.99,925.044,1638991799999,46740221.30848,11840,534.958,27031325.05208,0
1638991800000,50639.99,50847.53,50481.77,50501.85,2589.964,1638992699999,131286903.26673,28291,1229.855,62358709.24659,0
1638992700000,50502.00,50558.35,50300.00,50416.92,1853.062,1638993599999,93417238.78858,21059,843.169,42511230.43953,0
1638993600000,50416.93,50562.50,50304.01,50445.02,1450.988,1638994499999,73193674.59326,17250,734.683,37065071.67996,0
1638994500000,50444.97,50558.76,50420.00,50524.61,1375.151,1638995399999,69431062.37198,13783,619.067,31252170.06885,0
1638995400000,50524.61,50713.79,50514.29,50699.58,1610.221,1638996299999,81526486.18115,16726,971.384,49174559.93849,0
1638996300000,50695.54,50840.00,50615.51,50668.02,1846.378,1638997199999,93686999.73444,19341,883.975,44861097.40617,0
1638997200000,50668.03,50799.97,50620.00,50714.01,1171.660,1638998099999,59399641.49858,15060,556.220,28198878.94520,0
1638998100000,50714.00,50789.44,50550.72,50573.35,1070.361,1638998999999,54219721.03846,13543,458.179,23213727.99617,0
1638999000000,50573.37,50687.99,50477.00,50632.42,1036.351,1638999899999,52416683.32277,14421,528.034,26710067.65593,0
1638999900000,50632.42,50663.63,50555.00,50579.77,616.568,1639000799999,31205660.57447,10180,334.796,16945085.55229,0
1639000800000,50579.77,50646.47,50500.00,50501.57,626.351,1639001699999,31670819.88729,11497,302.227,15280832.19634,0
1639001700000,50501.57,50647.63,50425.00,50647.63,985.414,1639002599999,49802155.33219,13672,502.910,25421137.80238,0
1639002600000,50647.63,50800.48,50647.62,50784.00,1146.282,1639003499999,58160686.78547,13993,791.484,40162351.81820,0
1639003500000,50784.00,50800.00,50066.00,50214.61,3505.399,1639004399999,176319537.33898,38356,1500.386,75450549.50930,0
1639004400000,50214.62,50396.12,50150.00,50363.72,2215.067,1639005299999,111394905.37961,24889,1113.005,55970181.54523,0
1639005300000,50363.72,50554.94,50360.65,50428.34,1178.042,1639006199999,59440396.18319,17618,557.101,28108957.02904,0
1639006200000,50428.34,50509.09,50379.07,50483.73,644.538,1639007099999,32512705.91847,10238,303.710,15320359.47240,0
1639007100000,50483.69,50493.94,50360.65,50455.61,707.019,1639007999999,35653878.48060,10438,311.042,15686197.83979,0
1639008000000,50459.61,50773.03,50420.00,50772.09,2644.324,1639008899999,133929941.05387,31515,1478.637,74896810.17719,0
1639008900000,50772.09,50772.10,50300.00,50452.88,2801.143,1639009799999,141449582.60341,28311,1138.178,57458132.93266,0
1639009800000,50452.89,50598.00,50396.45,50558.62,1162.491,1639010699999,58703890.14939,14894,704.876,35595853.48441,0
1639010700000,50558.61,50659.93,50371.67,50387.88,1140.827,1639011599999,57648588.03301,14854,563.406,28472504.71414,0
1639011600000,50387.88,50466.62,50250.02,50270.60,1566.331,1639012499999,78863976.56265,18203,713.372,35925866.08448,0
1639012500000,50270.60,50415.32,50268.46,50369.10,886.312,1639013399999,44615561.16635,11709,488.090,24570172.23030,0
1639013400000,50369.11,50396.64,50280.00,50340.38,637.556,1639014299999,32085384.21219,9128,281.157,14149198.59232,0
1639014300000,50340.38,50417.25,50136.20,50175.25,1475.944,1639015199999,74158660.50314,17009,657.446,33036887.13777,0
1639015200000,50175.25,50265.57,50071.42,50196.18,1498.027,1639016099999,75151730.42207,19277,661.045,33168824.65501,0
1639016100000,50196.19,50230.19,49600.00,49840.60,6256.633,1639016999999,311776873.92010,60476,2650.502,132045982.54170,0
1639017000000,49840.60,49947.00,49731.01,49851.73,1584.124,1639017899999,79008994.24013,20090,854.579,42625818.92912,0
1639017900000,49855.21,49977.00,49790.54,49867.61,1136.339,1639018799999,56688662.64996,15026,522.229,26057588.85437,0
1639018800000,49867.62,49918.05,49700.21,49800.00,1237.481,1639019699999,61651559.73410,16709,561.392,27970496.14465,0
1639019700000,49800.00,49848.92,49730.00,49832.07,916.238,1639020599999,45629234.02654,13284,457.498,22786368.13199,0
1639020600000,49832.07,49885.79,49619.21,49710.91,1509.302,1639021499999,75065014.02912,17719,752.359,37428224.26627,0
1639021500000,49710.54,49721.25,49401.74,49507.24,2739.254,1639022399999,135720606.69020,32272,1267.015,62780892.98226,0
1639022400000,49506.76,49740.34,49410.00,49626.19,2067.300,1639023299999,102581666.61803,23232,1150.009,57070831.57215,0
1639023300000,49626.19,49736.54,49567.01,49706.71,1037.902,1639024199999,51536011.82891,13676,625.986,31086022.76816,0
1639024200000,49709.50,49723.73,49606.23,49653.32,651.559,1639025099999,32360343.60766,11179,307.174,15256950.44462,0
1639025100000,49653.32,49799.99,49632.67,49799.04,1139.512,1639025999999,56672258.90271,14578,758.570,37729676.82899,0
1639026000000,49799.17,49868.00,49705.50,49756.92,1392.858,1639026899999,69333654.74311,16441,766.846,38174857.15207,0
1639026900000,49756.93,49765.00,49609.33,49707.24,1128.778,1639027799999,56079566.47486,13817,411.209,20429118.29739,0
1639027800000,49704.98,49821.24,49642.26,49769.94,826.704,1639028699999,41123774.47772,11496,477.573,23756205.98723,0
1639028700000,49769.93,49865.00,49711.33,49749.36,864.530,1639029599999,43043486.59165,13056,441.610,21988676.00019,0
1639029600000,49749.36,49848.98,49688.77,49796.01,1149.557,1639030499999,57183467.56502,14115,641.834,31927335.62790,0
1639030500000,49796.01,49800.65,49636.36,49683.38,962.777,1639031399999,47860110.99828,11830,421.438,20950577.02500,0
1639031400000,49683.39,49737.82,49460.00,49513.24,2226.078,1639032299999,110278773.88730,24229,975.937,48345445.53540,0
1639032300000,49513.25,49699.00,49476.28,49605.87,2023.259,1639033199999,100341871.37557,19281,1109.078,55008437.06104,0
1639033200000,49605.34,49632.04,49142.00,49333.00,4317.528,1639034099999,212930886.50480,46458,1940.394,95704269.84809,0
1639034100000,49333.00,49642.08,49329.25,49560.53,2564.428,1639034999999,126917164.14790,29008,1522.318,75337861.18247,0
1639035000000,49560.53,50333.00,49560.52,50058.33,8127.659,1639035899999,406643509.26349,78350,4661.021,233154723.74750,0
1639035900000,50058.96,50200.41,49945.79,49987.90,2319.450,1639036799999,116074453.22576,27095,1198.499,59986002.70908,0
1639036800000,49987.91,49992.56,49565.84,49698.20,3581.949,1639037699999,178299702.77823,40915,1523.085,75819849.15174,0
1639037700000,49695.45,49766.98,49457.35,49593.01,2608.970,1639038599999,129356755.39318,31663,1272.658,63117277.89087,0
1639038600000,49593.01,49663.61,49220.00,49501.91,3985.890,1639039499999,197124258.58062,40958,1938.659,95893137.73734,0
1639039500000,49502.96,49599.85,49417.20,49494.13,1418.377,1639040399999,70212966.42838,18730,840.212,41596606.87540,0
1639040400000,49494.13,49525.78,49350.00,49373.86,1756.690,1639041299999,86832010.56601,22295,834.981,41280515.94785,0
1639041300000,49373.87,49500.00,49244.26,49303.01,2726.211,1639042199999,134598622.89334,29686,1306.918,64531317.72389,0
1639042200000,49303.00,49303.84,48861.01,49183.26,8904.706,1639043099999,436872506.28462,87023,4218.581,207001926.45818,0
1639043100000,49185.98,49270.94,49033.01,49186.55,2690.534,1639043999999,132239365.66598,30259,1351.784,66450959.92455,0
1639044000000,49186.55,49228.22,48888.29,49022.01,3131.443,1639044899999,153582506.00698,34895,1491.997,73190661.80727,0
1639044900000,49022.01,49172.40,48973.16,48986.78,1884.547,1639045799999,92518595.03154,23215,987.862,48502878.01870,0
1639045800000,48986.78,49368.87,48984.32,49245.08,3384.695,1639046699999,166466987.32216,34348,2020.479,99368377.72030,0
1639046700000,49245.07,49388.26,49202.00,49291.64,1900.822,1639047599999,93715377.29987,23666,1003.569,49483549.40243,0
1639047600000,49291.65,49399.00,49200.00,49203.04,1714.114,1639048499999,84479084.59530,19724,698.699,34450089.48915,0
1639048500000,49203.03,49262.99,49087.00,49164.44,2567.500,1639049399999,126250731.16896,23886,1128.355,55480860.23049,0
1639049400000,49164.43,49211.42,49021.82,49186.74,1557.828,1639050299999,76499675.26445,20661,820.750,40311264.86716,0
1639050300000,49186.74,49335.41,49118.94,49150.01,1869.112,1639051199999,92010462.47322,18961,977.991,48153415.33742,0
1639051200000,49150.00,49344.14,48935.35,49297.85,3487.054,1639052099999,171264418.63769,39369,1908.922,93756749.37730,0
1639052100000,49298.89,49646.12,49060.00,49241.41,5308.843,1639052999999,262066022.24057,51771,2714.565,134026310.94117,0
1639053000000,49241.41,49358.00,49174.28,49357.99,1476.899,1639053899999,72739659.33046,18076,796.090,39220704.18399,0
1639053900000,49357.99,49457.61,49271.93,49382.63,2171.337,1639054799999,107226356.73932,22995,1130.456,55824075.37920,0
1639054800000,49382.65,49388.82,49100.00,49153.08,1952.994,1639055699999,96181131.92621,23318,814.807,40124039.43357,0
1639055700000,49153.08,49241.18,49033.00,49150.00,1993.515,1639056599999,97923705.74526,25328,1066.857,52412951.41175,0
1639056600000,49150.01,49385.00,49070.00,49272.00,2236.137,1639057499999,110041159.20997,24954,1002.461,49345624.91080,0
1639057500000,49272.00,49367.06,49192.45,49321.08,1324.298,1639058399999,65256458.10282,17670,650.219,32046149.93255,0
1639058400000,49321.99,49431.57,49241.75,49317.82,1562.891,1639059299999,77109338.44343,20649,721.039,35581641.54239,0
1639059300000,49317.82,49389.00,49001.03,49043.54,2853.737,1639060199999,140206971.65852,33946,1358.937,66773096.31279,0
1639060200000,49043.55,49062.22,48680.00,48854.10,7128.120,1639061099999,348284204.30952,72858,3302.200,161372017.27722,0
1639061100000,48854.11,48869.67,48478.17,48569.96,7428.738,1639061999999,361257850.67706,78219,3328.566,161877306.62357,0
1639062000000,48569.96,48760.84,48300.00,48691.96,7098.941,1639062899999,344733357.52987,77485,3559.706,172953698.77957,0
1639062900000,48691.95,48771.06,48123.56,48200.79,7956.296,1639063799999,384444728.42156,82229,3349.726,161903025.39736,0
1639063800000,48200.79,48337.94,48062.50,48255.72,5764.271,1639064699999,277832096.35392,63565,2977.911,143563921.57056,0
1639064700000,48255.71,48653.67,48254.92,48454.96,6138.828,1639065599999,297516540.20590,58160,3661.082,177462454.50622,0
1639065600000,48452.02,48488.00,48237.86,48263.53,2823.153,1639066499999,136553613.50660,34085,1171.046,56651636.43993,0
1639066500000,48263.53,48600.00,48211.46,48540.44,3331.300,1639067399999,161236275.61509,36298,1972.595,95492964.34895,0
1639067400000,48539.67,48853.37,48485.47,48663.38,4318.831,1639068299999,210187941.56359,46776,2434.021,118488780.94771,0
1639068300000,48661.31,48699.99,48500.95,48501.05,2063.182,1639069199999,100318668.98495,23843,774.897,37684759.98226,0
1639069200000,48503.76,48697.56,48445.97,48634.87,1987.575,1639070099999,96538164.74558,22536,1074.298,52187523.94077,0
1639070100000,48634.87,48699.99,48535.26,48565.21,1609.978,1639070999999,78283429.98425,17826,913.126,44409764.16427,0
1639071000000,48562.41,48583.40,48400.00,48407.57,1832.288,1639071899999,88848388.20626,22995,778.336,37741526.10798,0
1639071900000,48407.57,48528.26,48116.06,48179.00,2727.780,1639072799999,131839140.40710,30993,1161.114,56145406.52011,0
1639072800000,48178.99,48359.77,48146.61,48259.47,2288.806,1639073699999,110429793.88504,28895,1121.629,54121899.59415,0
1639073700000,48259.47,48362.48,47657.88,47869.55,9701.373,1639074599999,465322820.86075,88913,4194.668,201196598.35311,0
1639074600000,47869.55,47884.69,47556.01,47685.41,5453.887,1639075499999,260225831.37689,64475,2902.760,138532784.00801,0
1639075500000,47685.42,47858.15,47501.00,47749.87,5398.339,1639076399999,257276004.16815,55050,2860.384,136369014.27546,0
1639076400000,47749.60,48000.00,47585.48,47648.28,5047.561,1639077299999,241258798.45511,47819,2351.874,112445088.83554,0
1639077300000,47648.17,47861.83,47550.00,47781.60,2420.030,1639078199999,115517657.58130,28540,1292.418,61692423.69161,0
1639078200000,47781.60,47963.02,47716.00,47770.84,2476.166,1639079099999,118462724.65343,27716,1182.148,56563509.82190,0
1639079100000,47770.84,47857.77,47605.00,47619.50,2180.435,1639079999999,104084319.28765,23822,985.775,47063698.31361,0
1639080000000,47619.49,47713.80,47361.61,47404.92,5028.506,1639080899999,238939162.94209,54023,2505.746,119100902.29412,0
1639080900000,47404.91,47709.98,47394.00,47521.22,3049.924,1639081799999,145051973.79056,35457,1735.634,82548402.88862,0
1639081800000,47521.22,47610.48,47312.89,47378.68,2843.859,1639082699999,134847657.64334,31333,1463.946,69422492.47121,0
1639082700000,47380.83,47740.82,47320.49,47688.90,3569.329,1639083599999,169626805.49520,35866,2059.335,97882989.01370,0
1639083600000,47685.42,47789.65,47568.30,47752.59,2396.749,1639084499999,114298681.07161,29139,1274.721,60790096.70283,0
1639084500000,47752.58,47950.00,47688.00,47867.37,4307.893,1639085399999,205985019.94306,35070,2182.203,104337351.08812,0
1639085400000,47867.36,48117.31,47703.57,48108.09,2554.945,1639086299999,122339801.30077,28637,1227.817,58833989.04397,0
1639086300000,48108.08,48140.00,47900.00,47957.04,2129.817,1639087199999,102276325.06152,25595,956.548,45943141.02158,0
1639087200000,47957.04,48467.58,47935.29,48151.72,3833.495,1639088099999,184931061.48987,43266,2043.963,98588694.55920,0
1639088100000,48151.72,48252.61,48066.91,48128.16,1696.597,1639088999999,81677009.20394,21708,799.379,38489201.53482,0
1639089000000,48136.54,48136.54,47651.68,47720.01,2370.339,1639089899999,113473146.23400,30610,870.643,41663593.57203,0
1639089900000,47720.01,47988.96,47706.52,47930.00,1584.555,1639090799999,75850150.50423,21078,851.256,40744049.56944,0
1639090800000,47929.99,48195.00,47785.00,48139.93,2922.589,1639091699999,140321954.57314,26242,1622.392,77904843.54078,0
1639091700000,48139.92,48249.01,48010.15,48072.14,1326.833,1639092599999,63830456.10014,16229,591.495,28458391.49493,0
1639092600000,48072.15,48115.15,47855.50,47906.19,1758.734,1639093499999,84364914.89496,18778,781.646,37498393.07350,0
1639093500000,47906.20,47950.00,47502.48,47539.76,2492.746,1639094399999,119012034.92451,29969,1215.816,58065890.73784,0
1639094400000,47539.34,48068.18,47438.00,47943.04,4876.528,1639095299999,232708726.86535,52953,2554.180,121882244.37023,0
1639095300000,47943.05,48051.20,47811.74,47972.97,1656.636,1639096199999,79376380.80823,22301,821.939,39383641.89311,0
1639096200000,47974.63,48764.44,47934.00,48230.99,10223.585,1639097099999,495318528.70369,97807,5309.669,257181962.53936,0
1639097100000,48230.99,48262.62,47925.00,48007.03,2836.653,1639097999999,136440636.73138,32569,1147.832,55212087.81820,0
1639098000000,48007.04,48216.80,47745.03,48199.00,5262.921,1639098899999,252195541.24762,50038,2497.081,119672704.12093,0
1639098900000,48199.00,48489.72,48098.00,48458.96,3403.943,1639099799999,164448441.53519,33187,2097.568,101346715.38402,0
1639099800000,48458.95,48493.27,48330.00,48437.90,1779.563,1639100699999,86148558.93310,20972,916.775,44379678.58630,0
1639100700000,48437.90,48546.64,48349.12,48391.55,1550.428,1639101599999,75105461.87635,18483,815.640,39514108.73182,0
1639101600000,48391.54,48571.99,48274.01,48502.67,2953.193,1639102499999,142941606.79343,28290,1475.298,71413367.45625,0
1639102500000,48502.68,48785.88,48429.50,48471.81,2709.080,1639103399999,131614577.10734,31665,1367.595,66435319.47806,0
1639103400000,48471.82,48633.00,48400.00,48592.40,1508.027,1639104299999,73186735.41738,19323,834.976,40527520.31495,0
1639104300000,48592.40,48596.78,48418.00,48509.40,1033.497,1639105199999,50129298.52957,13984,466.819,22640474.50457,0
1639105200000,48509.92,48547.72,48383.24,48407.71,950.667,1639106099999,46064380.32422,13054,330.157,15999010.13670,0
1639106100000,48407.72,48456.75,48312.00,48371.99,972.264,1639106999999,47033893.54358,14010,473.436,22903531.33771,0
1639107000000,48371.99,48388.00,48204.07,48247.49,1200.167,1639107899999,57955483.19317,16552,587.705,28381541.91028,0
1639107900000,48254.59,48403.62,48242.13,48348.78,1080.289,1639108799999,52212750.39448,13746,621.432,30038537.88706,0
1639108800000,48348.77,48440.00,48150.00,48360.81,1481.309,1639109699999,71535853.57430,19373,704.058,34005872.11228,0
1639109700000,48360.81,48567.61,48340.76,48440.29,1495.440,1639110599999,72445578.08354,19003,814.412,39458833.20674,0
1639110600000,48442.62,48515.31,48224.17,48282.47,1003.132,1639111499999,48496063.23879,14000,471.019,22771640.86358,0
1639111500000,48282.47,48374.50,48142.55,48154.89,1087.911,1639112399999,52500340.83008,15011,501.660,24216075.46975,0
1639112400000,48154.89,48291.40,48120.00,48212.72,1169.989,1639113299999,56387644.85166,15843,584.819,28188554.96870,0
1639113300000,48212.72,48344.76,48104.82,48162.03,1088.308,1639114199999,52471813.22742,16002,585.710,28236777.87996,0
1639114200000,48162.03,48241.88,48027.48,48153.49,1217.650,1639115099999,58601546.34653,17214,583.522,28086032.59299,0
1639115100000,48156.88,48274.35,48094.96,48240.10,860.523,1639115999999,41473944.27203,14208,472.030,22751972.52296,0
1639116000000,48240.11,48375.60,48155.61,48271.73,1165.417,1639116899999,56264692.74709,17460,559.735,27026126.95382,0
1639116900000,48271.72,48430.78,48150.00,48154.82,1461.048,1639117799999,70569863.74635,17895,685.508,33120374.22549,0
1639117800000,48154.81,48273.60,48079.39,48264.06,1503.213,1639118699999,72426996.85836,18515,812.992,39173921.78103,0
1639118700000,48264.06,48329.79,47800.00,47841.18,3462.843,1639119599999,166162300.29290,38823,1576.047,75632587.41584,0
1639119600000,47841.19,47945.80,47676.73,47828.05,3789.171,1639120499999,181170282.39217,42608,1920.800,91863195.73926,0
1639120500000,47827.63,47973.04,47707.67,47945.85,2434.032,1639121399999,116442194.50199,29455,1283.382,61407121.30626,0
1639121400000,47945.85,48029.00,47792.85,47892.01,2691.079,1639122299999,128936328.54242,27653,1152.917,55253355.15201,0
1639122300000,47892.01,47925.00,47540.00,47685.30,3649.719,1639123199999,173966810.00985,40629,1702.611,81159283.84652,0
1639123200000,47685.30,47794.50,47624.47,47715.94,2113.621,1639124099999,100853134.54107,25755,1076.986,51394615.46609,0
1639124100000,47715.94,48035.53,47715.94,47950.02,2556.889,1639124999999,122441206.95209,29231,1361.993,65208342.33468,0
1639125000000,47950.02,48137.00,47875.29,47964.83,2791.363,1639125899999,134013058.36273,31052,1355.499,65081244.66500,0
1639125900000,47964.83,48164.87,47910.62,48072.43,1715.154,1639126799999,82417875.68913,23086,944.082,45374300.71785,0
1639126800000,48071.81,48200.00,48012.00,48031.87,1763.790,1639127699999,84868944.02563,22696,786.862,37871162.92460,0
1639127700000,48031.88,48145.91,47900.23,47900.23,1658.783,1639128599999,79656522.29207,20784,693.992,33336740.45614,0
1639128600000,47900.23,48388.54,47845.00,48305.97,3716.819,1639129499999,179014654.74211,39176,2154.547,103803993.55268,0
1639129500000,48305.97,48490.00,48185.30,48344.56,2845.624,1639130399999,137530414.36741,31641,1429.536,69098245.51446,0
1639130400000,48344.57,48480.00,48210.01,48269.80,2191.094,1639131299999,105905966.44555,26846,893.224,43180016.25108,0
1639131300000,48269.80,48300.00,48209.00,48240.72,960.364,1639132199999,46348630.56895,16631,456.290,22022774.18052,0
1639132200000,48240.72,48298.87,48150.00,48259.97,1175.573,1639133099999,56702633.75061,17363,542.958,26192410.33404,0
1639133100000,48259.97,48358.95,48122.00,48194.77,1446.586,1639133999999,69758113.08554,19331,671.498,32389522.11649,0
1639134000000,48194.77,48664.25,48183.05,48491.23,2919.511,1639134899999,141399812.92498,37012,1798.360,87095055.26531,0
1639134900000,48491.24,48495.46,48306.83,48399.38,1101.635,1639135799999,53313263.14880,18527,504.019,24394526.60889,0
1639135800000,48399.38,48600.00,48365.43,48557.02,1621.889,1639136699999,78686008.24268,23587,832.753,40400265.90018,0
1639136700000,48553.46,48727.78,48475.53,48697.41,2724.281,1639137599999,132515196.36803,34852,1567.174,76240312.04330,0
1639137600000,48697.40,49217.71,48634.80,49081.98,8206.577,1639138499999,402202237.51691,93630,4198.184,205750651.85315,0
1639138500000,49081.99,49092.89,48802.97,48902.08,2509.668,1639139399999,122781272.33428,37022,1217.843,59573902.47397,0
1639139400000,48902.08,48993.37,48823.07,48954.81,1806.242,1639140299999,88338605.96555,25188,916.408,44826967.85290,0
1639140300000,48954.80,49090.00,48888.20,49064.08,2260.280,1639141199999,110774358.61435,27569,1243.290,60936009.09851,0
1639141200000,49064.08,49187.99,48958.88,49091.20,2407.021,1639142099999,118124934.56499,29354,1150.632,56481669.50402,0
1639142100000,49091.19,49098.94,48820.00,48893.19,2634.227,1639142999999,128893119.04950,33748,1032.406,50511809.10252,0
1639143000000,48892.74,50188.42,48872.03,49720.00,18900.485,1639143899999,938274445.12515,181009,10494.561,520782783.81397,0
1639143900000,49720.00,49839.68,49550.01,49589.99,4526.589,1639144799999,224907574.74728,51614,2175.298,108119320.38439,0
1639144800000,49589.99,49818.84,49570.00,49657.97,2920.213,1639145699999,145172563.40013,36131,1507.336,74935322.78539,0
1639145700000,49657.96,49682.05,49452.28,49473.64,3312.654,1639146599999,164147954.05938,38678,1474.825,73088681.88812,0
1639146600000,49473.64,49677.74,49351.94,49453.98,3769.312,1639147499999,186567947.20467,41597,1923.554,95226235.47934,0
1639147500000,49453.99,49485.01,48126.00,48269.77,18420.781,1639148399999,895635687.86486,173977,7770.425,377669594.34480,0
1639148400000,48269.77,48421.99,47893.88,48218.95,8682.495,1639149299999,418382948.54339,94925,4484.496,216137381.10808,0
1639149300000,48218.95,48609.30,48150.09,48363.72,6412.308,1639150199999,310550491.13566,59810,3131.488,151671046.97939,0
1639150200000,48363.73,48378.09,48094.83,48208.04,3130.403,1639151099999,150939229.26404,38353,1357.162,65452029.77241,0
1639151100000,48208.04,48210.54,47743.00,47973.40,5624.339,1639151999999,269559908.22708,69440,2752.574,131943496.88320,0
1639152000000,47973.40,47980.49,47500.00,47694.12,6747.377,1639152899999,322050180.72011,75342,3135.771,149724045.32817,0
1639152900000,47694.45,47772.18,47221.32,47668.42,10358.446,1639153799999,492020788.96042,110451,4884.787,232123410.29477,0
1639153800000,47668.97,47756.31,47331.10,47621.95,5302.729,1639154699999,252157094.95123,55346,2486.180,118268950.60333,0
1639154700000,47621.87,47815.36,47480.00,47520.58,4375.542,1639155599999,208634561.41606,45732,2271.298,108323299.70506,0
1639155600000,47520.58,47690.00,47442.14,47688.70,2988.201,1639156499999,142211252.82997,32570,1627.192,77442462.51500,0
1639156500000,47688.71,47688.71,47378.69,47402.78,2517.995,1639157399999,119617825.59856,28323,1075.912,51112614.06321,0
1639157400000,47402.54,47585.98,47272.42,47455.68,4118.856,1639158299999,195340725.77776,40110,1916.534,90882342.44744,0
1639158300000,47455.68,47739.80,47430.36,47695.00,2683.417,1639159199999,127709329.89368,32890,1415.336,67365050.29650,0
1639159200000,47696.33,48154.22,47613.81,48014.10,4769.785,1639160099999,228371279.01274,53395,2848.627,136400434.99985,0
1639160100000,48014.10,48327.58,47946.42,48027.10,5608.186,1639160999999,270005626.72837,55856,3155.868,151968191.66979,0
1639161000000,48027.10,48055.27,47811.00,47934.78,2387.224,1639161899999,114447859.77227,28969,1039.615,49853916.70331,0
1639161900000,47934.78,47951.69,47710.00,47818.99,2247.613,1639162799999,107486397.70744,24947,991.212,47405582.41432,0
1639162800000,47819.00,47862.75,47655.05,47714.56,2365.457,1639163699999,112940559.04184,28361,1194.029,57010160.80224,0
1639163700000,47714.56,48058.59,47714.55,47975.72,2041.556,1639164599999,97818094.16001,23707,1355.551,64955459.53436,0
1639164600000,47975.73,48174.98,47969.95,48100.00,2290.311,1639165499999,110116664.86890,25303,1036.540,49838467.99883,0
1639165500000,48100.00,48197.69,48063.16,48101.35,1522.364,1639166399999,73291000.68688,17791,691.649,33304682.85100,0
1639166400000,48101.35,48389.80,48080.17,48211.49,2063.155,1639167299999,99524394.76076,27855,1276.267,61572579.33813,0
1639167300000,48211.48,48349.76,48115.26,48290.90,1647.739,1639168199999,79482267.60613,19829,789.008,38075772.88610,0
1639168200000,48290.90,48377.47,48188.00,48209.18,1392.657,1639169099999,67224268.35640,16459,692.254,33430686.01214,0
1639169100000,48209.19,48479.14,48209.18,48432.47,1280.601,1639169999999,61899508.50365,18227,803.230,38834075.68769,0
1639170000000,48432.46,48525.55,48265.73,48306.63,1730.470,1639170899999,83690316.75446,22672,868.546,42016818.46505,0
1639170900000,48306.63,48388.42,48136.39,48271.61,1502.994,1639171799999,72576478.02826,19089,621.732,30022659.08114,0
1639171800000,48271.61,48372.82,48174.43,48221.70,1229.661,1639172699999,59351224.77121,15344,458.414,22135326.82404,0
1639172700000,48221.70,48279.97,47766.88,47916.90,3758.898,1639173599999,180359669.54097,41858,1662.363,79759317.50235,0
1639173600000,47916.90,48037.87,47755.93,47930.00,1547.827,1639174499999,74135067.10960,23817,821.078,39333881.74987,0
1639174500000,47929.99,48096.99,47830.32,47867.54,1318.162,1639175399999,63215495.55594,19422,661.817,31743376.63464,0
1639175400000,47867.54,47962.97,47697.32,47950.04,1234.448,1639176299999,59021028.84528,19469,618.261,29564385.27960,0
1639176300000,47950.04,47950.05,47437.50,47524.21,2751.201,1639177199999,130972379.65227,33912,1230.408,58560913.17465,0
1639177200000,47524.78,47704.53,47310.72,47517.66,2861.926,1639178099999,135999512.32527,34086,1516.371,72080402.72971,0
1639178100000,47525.34,47804.51,47513.09,47625.25,1480.719,1639178999999,70582823.08763,21225,796.011,37946642.10375,0
1639179000000,47625.26,47714.20,47333.00,47496.81,2936.087,1639179899999,139404450.52236,37175,1330.269,63166580.50603,0
1639179900000,47492.13,47582.01,46828.23,47136.35,9528.030,1639180799999,449253991.96574,98553,4072.137,192057454.57137,0
1639180800000,47132.31,47339.22,46837.20,46979.57,6060.904,1639181699999,285465721.30852,65819,3020.064,142284855.57802,0
1639181700000,46979.57,48303.99,46724.35,48202.83,12263.039,1639182599999,581793500.05884,120415,6965.485,330619369.53271,0
1639182600000,48202.53,48444.00,47792.25,47895.93,6890.234,1639183499999,331563999.47582,78908,3267.362,157246303.41715,0
1639183500000,47895.93,48047.18,47655.39,47741.13,3464.529,1639184399999,165711008.07904,41806,1781.171,85205293.67743,0
1639184400000,47743.97,48048.00,47644.61,47944.54,2906.581,1639185299999,139182476.11386,33704,1653.296,79175448.53515,0
1639185300000,47942.70,48055.47,47855.77,48020.12,1881.596,1639186199999,90288071.54084,21759,884.078,42426542.46070,0
1639186200000,48020.11,48237.00,47967.18,48082.43,2129.689,1639187099999,102490551.55746,25866,1093.282,52614928.93708,0
1639187100000,48082.43,48084.99,47866.47,47913.53,1536.217,1639187999999,73662822.13826,18969,688.526,33011144.11105,0
1639188000000,47913.53,48230.00,47893.45,48143.92,1913.967,1639188899999,92071513.54117,22868,1119.353,53843641.63045,0
1639188900000,48143.92,48167.47,47940.20,48090.00,1085.935,1639189799999,52172267.09141,15623,531.164,25518527.79661,0
1639189800000,48090.00,48208.30,47900.48,48139.99,1672.958,1639190699999,80429117.09530,18638,879.657,42297968.24596,0
1639190700000,48140.00,48250.00,48095.94,48249.99,1276.868,1639191599999,61518588.71120,15526,730.462,35198235.26561,0
1639191600000,48249.98,48428.04,48158.56,48359.56,2475.652,1639192499999,119620377.30864,29759,1384.879,66926099.95871,0
1639192500000,48363.15,48684.00,48350.00,48425.44,2760.077,1639193399999,133974135.69796,35504,1548.964,75190746.43211,0
1639193400000,48425.44,48577.00,48350.00,48388.53,1663.784,1639194299999,80636092.84812,18953,837.173,40585756.01725,0
1639194300000,48388.54,48400.00,48274.30,48296.60,1244.637,1639195199999,60167120.28989,15699,520.583,25169216.68070,0
1639195200000,48296.60,48485.58,48248.69,48452.00,1550.900,1639196099999,75033073.10577,18922,799.278,38674983.63027,0
1639196100000,48452.00,48478.00,48283.70,48329.96,882.351,1639196999999,42657346.96748,13100,403.749,19520381.62986,0
1639197000000,48327.77,48461.35,48272.66,48332.71,868.465,1639197899999,42011544.89841,11997,461.475,22328116.17069,0
1639197900000,48332.72,48600.00,48327.63,48518.93,1530.839,1639198799999,74238790.81734,20187,723.706,35098786.76326,0
1639198800000,48518.93,48585.98,48435.74,48448.00,793.768,1639199699999,38494781.45132,14363,375.704,18223098.47095,0
1639199700000,48448.00,48487.54,48345.01,48474.75,925.242,1639200599999,44791806.02114,14603,472.317,22866818.65073,0
1639200600000,48474.76,48542.08,48438.89,48519.88,817.689,1639201499999,39650625.11794,13272,387.291,18780338.03855,0
1639201500000,48517.36,48560.78,48210.02,48310.75,2463.920,1639202399999,119135583.92128,26416,1073.269,51879301.10246,0
1639202400000,48310.75,48893.08,48206.00,48760.51,4437.518,1639203299999,215709304.17456,46545,2751.386,133738170.51069,0
1639203300000,48760.51,48824.83,48270.26,48340.39,3200.369,1639204199999,155248091.81339,36487,1441.136,69931120.96846,0
1639204200000,48340.39,48404.90,48140.00,48343.15,1842.272,1639205099999,88928140.93070,24950,896.768,43296280.34275,0
1639205100000,48343.16,48343.16,48000.00,48038.72,3645.671,1639205999999,175431140.31543,35772,1364.790,65682046.95758,0
1639206000000,48038.71,48126.61,47950.04,48074.07,1607.428,1639206899999,77244129.82102,24735,860.667,41367377.94692,0
1639206900000,48074.06,48140.00,47970.03,47970.04,1203.563,1639207799999,57824953.79435,21219,543.780,26131378.39593,0
1639207800000,47970.02,48128.34,47758.89,48016.20,3998.459,1639208699999,191650782.89279,39076,1968.313,94377474.43598,0
1639208700000,48016.19,48170.00,48001.00,48018.81,1573.521,1639209599999,75650223.12397,21393,738.926,35530272.81551,0
1639209600000,48018.54,48122.00,47835.90,48065.30,2190.927,1639210499999,105131636.04148,26819,988.740,47466414.96828,0
1639210500000,48065.31,48872.26,48065.31,48838.71,6193.814,1639211399999,300021724.01579,59937,3952.199,191434406.31215,0
1639211400000,48838.71,48915.27,48378.77,48475.72,6516.086,1639212299999,317024969.60481,64946,2595.336,126307380.94588,0
1639212300000,48475.73,48499.88,48261.80,48389.20,3121.394,1639213199999,151012747.11522,34477,1447.052,70021029.61524,0
1639213200000,48389.20,48416.43,48121.00,48212.61,3665.925,1639214099999,176838764.98468,34667,1641.776,79205702.77265,0
1639214100000,48212.61,48430.00,48187.51,48419.93,2016.461,1639214999999,97440071.46248,22217,1257.425,60769209.24733,0
1639215000000,48419.92,48496.55,48375.00,48463.15,1640.245,1639215899999,79464511.83343,19514,835.274,40471284.95626,0
1639215900000,48463.15,48630.00,48327.27,48516.01,1876.838,1639216799999,90953313.99906,19198,1008.632,48899025.63844,0
1639216800000,48516.00,48580.83,48359.52,48370.01,1955.563,1639217699999,94809423.61636,22141,807.279,39151660.38169,0
1639217700000,48370.00,48450.00,48301.33,48424.85,989.852,1639218599999,47889215.50577,17420,470.325,22756667.84170,0
1639218600000,48424.84,48511.28,48385.58,48444.30,762.343,1639219499999,36934290.05373,12941,397.414,19254777.19806,0
1639219500000,48444.33,48507.00,48357.12,48379.32,840.195,1639220399999,40691718.73870,14270,383.794,18588798.84760,0
1639220400000,48379.99,48454.85,48269.37,48417.82,974.405,1639221299999,47122787.51078,15907,476.322,23039427.98261,0
1639221300000,48417.81,48421.71,48150.00,48232.57,2004.045,1639222199999,96664598.80461,24294,840.318,40534069.83968,0
1639222200000,48232.56,48318.35,48160.00,48281.34,874.944,1639223099999,42218714.00467,15053,501.964,24224568.17266,0
1639223100000,48281.34,48327.88,48157.83,48222.24,996.719,1639223999999,48074600.23858,14738,417.433,20139051.78767,0
1639224000000,48222.23,48420.00,48167.35,48366.46,1723.550,1639224899999,83263458.45537,22918,1015.810,49076617.26836,0
1639224900000,48366.45,48564.41,48279.55,48473.59,1895.807,1639225799999,91857869.38247,25197,962.448,46635498.07681,0
1639225800000,48473.39,48547.17,48404.84,48539.99,931.167,1639226699999,45129004.93087,16529,488.439,23675703.25541,0
1639226700000,48541.44,48541.44,48432.44,48494.73,804.313,1639227599999,38999948.98111,14357,384.566,18647685.61875,0
1639227600000,48494.73,48934.06,48200.48,48278.24,6573.924,1639228499999,319284169.78256,61813,3239.045,157442836.96211,0
1639228500000,48278.13,48550.00,48204.20,48435.39,2851.595,1639229399999,137993864.10193,32847,1571.254,76057636.22609,0
1639229400000,48435.40,48587.99,48400.00,48400.00,1601.623,1639230299999,77650968.17071,20416,741.811,35972601.47269,0
1639230300000,48400.00,48435.17,48200.01,48346.96,2267.306,1639231199999,109517465.14941,24898,954.654,46113848.32973,0
1639231200000,48346.96,48379.32,48150.00,48271.84,2366.799,1639232099999,114204391.18377,24966,983.346,47446313.07054,0
1639232100000,48271.83,48341.27,48180.00,48285.52,1321.941,1639232999999,63801758.50396,16879,679.588,32804753.79300,0
1639233000000,48288.04,48440.00,48196.65,48439.98,1292.769,1639233899999,62451887.34663,17434,756.153,36534863.45467,0
1639233900000,48439.99,48551.91,48351.52,48451.85,2531.837,1639234799999,122713891.83429,27463,1147.910,55648482.56821,0
1639234800000,48451.88,48630.00,48410.70,48425.63,1668.615,1639235699999,80960301.91782,23583,823.568,39966144.86766,0
1639235700000,48425.63,48580.00,48425.62,48519.81,1238.993,1639236599999,60114055.92052,15822,742.977,36050363.41916,0
1639236600000,48521.53,48700.00,48517.11,48602.57,2129.652,1639237499999,103550903.94302,22671,894.176,43476952.91751,0
1639237500000,48602.58,48762.00,48551.02,48730.51,1732.802,1639238399999,84284977.17059,21096,1010.515,49164364.05588,0
1639238400000,48730.51,49138.33,48666.56,48915.59,6195.337,1639239299999,302746830.42430,69707,3397.033,166036831.00634,0
1639239300000,48921.94,49285.51,48870.02,49132.31,4578.913,1639240199999,224781421.72388,58525,2395.613,117646465.85115,0
1639240200000,49132.31,49250.00,49032.31,49130.72,2627.959,1639241099999,129150363.58350,36788,1209.873,59461663.96093,0
1639241100000,49130.72,49136.16,48922.00,48984.36,2332.001,1639241999999,114279178.65255,33039,1044.296,51171674.31689,0
1639242000000,48984.35,49035.75,48779.00,48870.81,2576.508,1639242899999,125977262.57825,33968,1311.431,64137909.82698,0
1639242900000,48870.82,48964.11,48841.22,48930.70,1273.109,1639243799999,62267321.85004,18566,607.318,29708096.85291,0
1639243800000,48930.70,48961.23,48805.91,48852.28,985.565,1639244699999,48163693.59720,16120,487.995,23850884.71766,0
1639244700000,48853.20,48888.00,48555.01,48693.04,3013.703,1639245599999,146789952.09619,34598,1339.855,65251865.31242,0
1639245600000,48693.04,48818.00,48619.58,48665.41,1692.692,1639246499999,82486021.16928,22314,921.601,44915814.22898,0
1639246500000,48665.40,48675.45,48555.00,48605.82,1132.644,1639247399999,55055964.04058,16437,605.350,29426834.01466,0
1639247400000,48605.82,48799.76,48605.81,48715.15,1277.133,1639248299999,62220135.47090,17620,770.032,37513707.15405,0
1639248300000,48715.16,48860.00,48618.50,48660.93,1021.121,1639249199999,49777791.67022,16622,546.363,26640059.63529,0
1639249200000,48660.92,48788.55,48627.01,48733.20,653.898,1639250099999,31852758.29165,12834,369.896,18017938.76241,0
1639250100000,48733.20,48780.38,48666.00,48689.75,489.494,1639250999999,23849235.81706,10582,246.055,11989596.14566,0
1639251000000,48689.75,48729.48,48460.29,48479.47,1553.785,1639251899999,75428393.78124,22573,679.623,32989418.35485,0
1639251900000,48482.28,48586.93,48370.00,48400.00,1761.986,1639252799999,85382489.42220,22303,767.038,37171255.02381,0
1639252800000,48400.00,48546.31,48379.95,48475.00,1089.226,1639253699999,52798710.84662,15244,603.316,29244257.75360,0
1639253700000,48475.00,48570.00,48401.73,48541.74,885.418,1639254599999,42932289.27220,13575,572.081,27740738.51765,0
1639254600000,48541.75,48737.00,48475.01,48684.80,1567.747,1639255499999,76246586.88753,20171,883.882,42989701.20923,0
1639255500000,48684.81,48700.00,48550.00,48559.18,620.022,1639256399999,30140363.08520,12301,252.728,12287410.47427,0
1639256400000,48559.18,48582.96,48394.33,48450.01,1169.491,1639257299999,56686312.51683,16588,459.171,22255328.66827,0
1639257300000,48450.00,48623.82,48417.45,48529.86,821.829,1639258199999,39887161.61363,12507,473.416,22975300.57754,0
1639258200000,48529.86,48603.00,48386.49,48482.16,787.860,1639259099999,38184712.63327,13309,366.261,17755040.79124,0
1639259100000,48482.15,48830.00,48450.00,48763.68,1691.639,1639259999999,82381194.80897,23429,1044.058,50850478.12043,0
1639260000000,48765.97,48850.00,48682.91,48772.78,1092.618,1639260899999,53290959.34135,18044,574.163,28008303.73990,0
1639260900000,48772.79,48790.00,48620.06,48731.34,873.498,1639261799999,42545538.05319,13553,365.021,17781113.24768,0
1639261800000,48731.34,49149.96,48726.90,48995.67,3364.831,1639262699999,164758575.14299,30053,2034.150,99560198.93112,0
1639262700000,48990.00,48993.60,48811.10,48811.10,993.376,1639263599999,48573054.09971,15897,427.972,20929094.32450,0
1639263600000,48813.12,49406.00,48779.35,49182.34,3771.860,1639264499999,185443554.57626,42105,2293.960,112780938.61641,0
1639264500000,49182.35,49350.00,49126.96,49338.44,1763.811,1639265399999,86857483.60933,26617,929.318,45768700.18520,0
1639265400000,49338.44,49499.05,49104.30,49228.41,3540.907,1639266299999,174565769.13874,40269,1478.238,72935424.28934,0
1639266300000,49228.41,49381.15,49104.12,49381.15,1638.920,1639267199999,80735704.07742,21801,705.919,34781765.57576,0
1639267200000,49379.51,49572.39,49297.60,49423.04,2815.764,1639268099999,139167625.48606,36540,1649.286,81534568.42315,0
1639268100000,49422.79,49684.55,49395.00,49569.79,1789.848,1639268999999,88707959.67800,28988,1017.644,50445424.35884,0
1639269000000,49573.03,49643.07,49286.16,49331.98,3122.082,1639269899999,154231243.57109,32079,1291.050,63782244.66955,0
1639269900000,49331.99,49360.00,49200.00,49309.61,1571.016,1639270799999,77426210.41548,20645,776.038,38245511.30232,0
1639270800000,49309.61,49438.19,49271.00,49346.36,1345.446,1639271699999,66411593.43967,19377,618.053,30513371.68250,0
1639271700000,49346.37,49442.57,49055.00,49216.18,1947.930,1639272599999,95835649.89257,26729,922.136,45374121.12296,0
1639272600000,49216.17,49273.30,49131.85,49242.58,1097.207,1639273499999,53990205.50557,14949,549.976,27062647.04015,0
1639273500000,49243.60,49268.28,49142.75,49162.71,721.524,1639274399999,35509040.20107,11662,379.694,18687339.14671,0
1639274400000,49162.71,49249.08,49096.58,49138.78,862.515,1639275299999,42410072.23371,14646,431.348,21212260.77650,0
1639275300000,49135.11,49249.45,49129.48,49190.25,741.222,1639276199999,36465060.39983,11228,442.456,21768600.47577,0
1639276200000,49190.25,49300.00,49129.99,49299.99,1122.565,1639277099999,55235581.81384,13416,697.857,34344821.88662,0
1639277100000,49297.60,49350.00,49010.01,49040.36,1575.691,1639277999999,77428872.64525,19466,705.219,34660427.94572,0
1639278000000,49040.37,49100.00,49026.71,49077.70,586.809,1639278899999,28792756.83309,11125,308.936,15158574.57111,0
1639278900000,49077.71,49201.96,49070.00,49151.91,660.348,1639279799999,32444955.46200,11159,411.221,20205566.53092,0
1639279800000,49151.91,49369.75,49130.00,49312.88,1015.949,1639280699999,50041940.13269,17784,612.968,30193754.23238,0
1639280700000,49312.87,49339.98,49234.78,49279.08,1014.637,1639281599999,50004897.40303,14656,491.913,24243983.47775,0
1639281600000,49279.09,49329.99,49098.72,49102.44,1980.386,1639282499999,97374026.14943,19564,526.224,25873778.44263,0
1639282500000,49102.44,49251.12,49069.07,49185.66,808.260,1639283399999,39738437.68902,13188,447.501,22000791.73981,0
1639283400000,49185.66,49260.00,49050.00,49060.11,1101.685,1639284299999,54149547.20601,14634,391.762,19261160.44115,0
1639284300000,49060.12,49100.97,48800.14,48851.37,3123.744,1639285199999,152770436.73499,33924,1208.644,59104130.26620,0
1639285200000,48848.79,49029.08,48807.49,48987.23,1496.266,1639286099999,73223542.24682,19064,895.632,43827598.11259,0
1639286100000,48987.22,49022.72,48868.60,48926.02,776.664,1639286999999,38019947.26168,12513,353.530,17310266.73156,0
1639287000000,48926.01,49053.19,48895.16,48967.65,1020.895,1639287899999,50019492.83749,14054,596.063,29206990.75898,0
1639287900000,48967.64,48995.41,48870.01,48967.66,705.747,1639288799999,34527661.61981,10679,336.176,16449417.24259,0
1639288800000,48967.66,49080.00,48925.02,49049.76,972.420,1639289699999,47664046.86585,13195,590.144,28926803.29804,0
1639289700000,49049.76,49223.15,48961.16,48988.30,1202.406,1639290599999,59009631.36835,16530,619.059,30387003.46942,0
1639290600000,48988.31,49135.86,48988.30,49104.90,736.981,1639291499999,36162603.01199,10584,446.355,21904587.49723,0
1639291500000,49104.89,49181.97,49058.22,49147.21,788.191,1639292399999,38709230.35442,10680,440.329,21626199.95312,0
1639292400000,49147.21,49184.85,49063.51,49087.54,848.723,1639293299999,41690072.96732,12081,329.177,16171473.86221,0
1639293300000,49087.53,49341.92,49072.58,49273.00,1323.172,1639294199999,65135879.06747,16620,782.548,38523819.44230,0
1639294200000,49273.00,49296.25,49222.94,49266.90,709.330,1639295099999,34938215.48555,13065,325.519,16034156.86470,0
1639295100000,49269.99,49338.00,49204.22,49276.18,913.035,1639295999999,44979489.62769,13661,418.360,20614009.83344,0
1639296000000,49276.19,49360.00,49231.35,49303.70,972.005,1639296899999,47912711.60763,15241,554.814,27350401.44450,0
1639296900000,49303.70,49329.15,49135.50,49154.32,1150.940,1639297799999,56644128.18324,15558,383.574,18878738.73175,0
1639297800000,49151.41,49167.64,48970.00,49047.64,1532.869,1639298699999,75207867.91053,23362,671.213,32939015.62462,0
1639298700000,49047.64,49076.55,48930.00,48952.24,1573.146,1639299599999,77077180.08430,20791,659.021,32295419.13408,0
1639299600000,48952.25,49055.09,48910.00,48943.16,1167.571,1639300499999,57193823.55398,17005,524.255,25685905.43138,0
1639300500000,48943.16,49141.63,48854.58,49043.49,1844.281,1639301399999,90348804.93328,22494,965.539,47317825.09197,0
1639301400000,49043.90,49043.90,48884.01,48917.71,1096.264,1639302299999,53673115.71299,15360,461.433,22592294.36981,0
1639302300000,48917.71,48949.65,48688.88,48804.94,2815.694,1639303199999,137445326.21569,33864,1196.097,58396049.70756,0
1639303200000,48804.94,48866.10,48616.16,48746.83,2568.938,1639304099999,125177466.52890,30851,1076.490,52460250.59715,0
1639304100000,48746.83,48909.17,48683.81,48865.86,2417.939,1639304999999,118011787.46080,25485,1552.621,75791588.78581,0
1639305000000,48865.87,48949.00,48737.63,48817.85,1902.524,1639305899999,92902896.17063,21031,962.831,47017937.50686,0
1639305900000,48817.85,48942.65,48757.07,48909.69,929.758,1639306799999,45407817.16306,13774,601.858,29397747.08313,0
1639306800000,48909.70,48983.17,48815.90,48894.44,1478.921,1639307699999,72341074.92171,18684,731.663,35799471.41675,0
1639307700000,48894.45,49075.00,48872.62,48996.18,1466.802,1639308599999,71860701.70006,19166,839.299,41122262.94448,0
1639308600000,48996.19,49266.61,48933.03,49242.92,3202.930,1639309499999,157344219.38846,31017,1926.505,94656146.60498,0
1639309500000,49241.26,49287.39,49053.02,49103.88,2391.963,1639310399999,117568188.86817,28866,975.447,47948941.81182,0
1639310400000,49103.90,49548.27,49088.29,49369.00,4710.866,1639311299999,232194578.10062,46057,3034.128,149554365.86062,0
1639311300000,49369.55,49600.00,49280.00,49538.12,3253.563,1639312199999,160957043.92646,42736,1798.907,89009091.26631,0
1639312200000,49538.13,49619.26,49375.00,49465.74,3304.297,1639313099999,163460721.59835,35420,1478.985,73168329.68869,0
1639313100000,49465.74,49546.44,49410.00,49500.07,2175.894,1639313999999,107665838.95502,25848,1066.949,52797824.43029,0
1639314000000,49500.08,49835.20,49481.97,49680.01,4636.759,1639314899999,230287686.95327,52009,2565.265,127415525.95276,0
1639314900000,49680.00,49750.00,49545.06,49564.04,2299.665,1639315799999,114137061.46763,27954,766.413,38039574.70416,0
1639315800000,49564.05,49730.00,49550.00,49687.46,1788.760,1639316699999,88784256.04191,22876,860.380,42710914.44253,0
1639316700000,49687.46,49898.87,49558.82,49778.83,2725.613,1639317599999,135497057.47849,33565,1506.787,74930854.62506,0
1639317600000,49778.83,49927.23,49705.26,49873.10,3174.735,1639318499999,158145195.62587,40353,1647.210,82066591.11297,0
1639318500000,49873.10,49912.92,49623.10,49666.37,2244.242,1639319399999,111638009.63615,30821,883.727,43961657.30492,0
1639319400000,49666.36,49780.00,49474.93,49737.67,3375.384,1639320299999,167490536.76006,39256,1680.839,83425178.51398,0
1639320300000,49737.67,49886.00,49691.06,49836.01,1705.094,1639321199999,84916094.95280,27867,793.563,39524020.32560,0
1639321200000,49836.01,49898.45,49638.88,49697.88,2198.571,1639322099999,109366157.17664,28674,928.387,46186014.52929,0
1639322100000,49697.87,49837.07,49606.95,49747.39,1700.816,1639322999999,84576141.10998,23916,1058.223,52620134.91730,0
1639323000000,49747.02,49791.25,49619.08,49681.52,1184.572,1639323899999,58867138.81421,18295,555.812,27620085.71933,0
1639323900000,49681.53,49686.33,49555.00,49609.38,1459.032,1639324799999,72384013.70339,20809,700.995,34780469.95823,0
1639324800000,49609.39,49770.74,49500.00,49535.32,2328.591,1639325699999,115496771.85539,30823,1141.820,56642692.19759,0
1639325700000,49535.32,49720.00,49500.00,49684.50,1660.261,1639326599999,82346149.67925,23411,865.489,42937450.60150,0
1639326600000,49684.51,49825.00,49677.65,49766.01,1535.155,1639327499999,76386617.18418,23429,795.825,39602580.54636,0
1639327500000,49766.01,49899.63,49691.90,49857.87,1373.209,1639328399999,68378090.84454,19696,869.189,43288806.12263,0
1639328400000,49857.87,50376.63,49789.89,50113.57,9093.144,1639329299999,455920559.11175,96917,5503.282,275970849.21476,0
1639329300000,50113.57,50483.07,50061.55,50097.29,4087.952,1639330199999,205388056.92560,55623,2122.834,106686035.67116,0
1639330200000,50096.94,50113.68,49747.70,50006.08,6339.641,1639331099999,316519171.45142,58990,2914.918,145552040.37854,0
1639331100000,50006.08,50295.00,49971.37,50233.47,3207.907,1639331999999,160962311.57529,39064,1798.773,90260633.57617,0
1639332000000,50233.48,50699.75,50233.47,50633.21,6129.867,1639332899999,309421141.17049,81283,3497.309,176569944.30123,0
1639332900000,50633.20,50768.00,50421.48,50503.75,4064.234,1639333799999,205624109.53057,57315,1792.572,90709781.33587,0
1639333800000,50503.74,50598.84,50445.27,50510.21,1709.336,1639334699999,86338937.77107,25447,895.858,45253305.37244,0
1639334700000,50510.21,50522.11,50407.12,50461.98,1291.069,1639335599999,65135911.36805,19823,615.665,31066436.56845,0
1639335600000,50461.99,50589.43,50425.35,50429.73,1878.825,1639336499999,94868420.26977,23564,703.042,35507762.95637,0
1639336500000,50429.73,50460.47,50200.00,50264.99,2623.685,1639337399999,132029895.48075,29103,1042.929,52486273.05034,0
1639337400000,50265.74,50415.99,50213.34,50274.64,1669.644,1639338299999,84016038.92440,21450,879.601,44268336.91722,0
1639338300000,50274.64,50274.65,50118.83,50214.67,1567.703,1639339199999,78690682.90680,21304,761.908,38249109.95534,0
1639339200000,50214.67,50467.54,50150.33,50351.28,2543.149,1639340099999,127989199.45142,29956,1669.513,84010468.78050,0
1639340100000,50351.29,50538.86,50341.20,50488.00,1114.009,1639340999999,56167041.48163,17582,665.138,33537389.02513,0
1639341000000,50487.99,50537.60,50370.00,50382.14,1039.522,1639341899999,52429478.68348,15905,465.294,23469349.74175,0
1639341900000,50382.13,50383.00,50230.00,50266.30,927.891,1639342799999,46677780.67714,15072,398.733,20060151.92143,0
1639342800000,50263.09,50268.64,50178.00,50255.49,890.509,1639343699999,44725644.13187,16396,513.916,25813620.92999,0
1639343700000,50255.50,50315.65,50186.43,50219.82,654.562,1639344599999,32888006.76367,13192,315.131,15835415.01748,0
1639344600000,50219.81,50219.81,49960.00,50064.02,2966.056,1639345499999,148560276.40334,29818,1200.238,60122615.44476,0
1639345500000,50064.02,50129.63,49863.56,49952.44,1883.279,1639346399999,94121038.45585,24270,904.656,45219266.17974,0
1639346400000,49952.44,50104.97,49915.49,50064.84,1329.785,1639347299999,66494900.86934,19317,888.187,44417752.66158,0
1639347300000,50067.97,50069.99,49934.54,49998.44,950.431,1639348199999,47516886.25028,15989,425.766,21286361.75467,0
1639348200000,49996.38,50151.00,49972.53,50112.23,1110.073,1639349099999,55568261.84685,15079,616.758,30876966.41180,0
1639349100000,50112.23,50292.15,50077.00,50262.87,1321.325,1639349999999,66298513.53190,20242,743.425,37305169.97902,0
1639350000000,50262.88,50356.10,50175.17,50246.98,1829.726,1639350899999,92015301.88663,23977,961.795,48376889.80551,0
1639350900000,50247.88,50248.97,50176.57,50224.69,731.417,1639351799999,36723662.68710,13541,367.539,18454888.49021,0
1639351800000,50224.69,50265.50,49951.00,50035.31,1684.579,1639352699999,84351070.90708,21735,791.523,39624421.96543,0
1639352700000,50035.31,50146.12,49968.05,50057.01,948.883,1639353599999,47502225.91672,15361,498.888,24977216.58801,0
1639353600000,50057.02,50180.00,50000.00,50150.01,1193.047,1639354499999,59771742.61209,16781,671.926,33664924.75834,0
1639354500000,50150.01,50180.00,49651.52,49940.99,3414.622,1639355399999,170331744.45664,38970,1327.426,66207464.22929,0
1639355400000,49938.92,49940.00,49661.30,49813.11,1763.493,1639356299999,87812689.51374,24396,863.418,42994466.70163,0
1639356300000,49813.11,49845.81,49525.00,49630.94,3172.051,1639357199999,157548012.94184,33298,1608.692,79921784.73006,0
1639357200000,49630.94,49630.94,49001.00,49110.23,7375.524,1639358099999,363912091.37378,76289,2854.977,140921488.93291,0
1639358100000,49110.23,49222.11,48787.70,48987.13,5144.884,1639358999999,252306700.99991,61104,2661.372,130560613.41412,0
1639359000000,48986.97,49083.43,48810.00,48996.00,3591.798,1639359899999,175851710.88865,38593,1872.624,91690900.56348,0
1639359900000,48993.87,49068.95,48519.06,48580.67,4428.116,1639360799999,216103634.57567,49430,1913.618,93440857.94809,0
1639360800000,48582.22,48865.00,48500.00,48787.54,3882.594,1639361699999,189148995.63476,45730,2150.275,104753928.20058,0
1639361700000,48787.55,48867.99,48667.00,48720.01,1626.277,1639362599999,79298372.78049,22570,822.616,40116322.71193,0
1639362600000,48723.30,48767.32,48411.47,48670.59,3084.267,1639363499999,149912403.68850,38263,1551.997,75454198.42719,0
1639363500000,48670.58,48821.90,48640.46,48756.34,2027.788,1639364399999,98874989.09736,20228,1179.673,57518560.35023,0
1639364400000,48756.34,48860.00,48674.90,48827.94,1586.731,1639365299999,77375897.13239,19107,986.013,48084999.98697,0
1639365300000,48827.93,48891.39,48712.50,48873.05,2157.258,1639366199999,105293062.93664,20763,984.795,48067890.61200,0
1639366200000,48873.05,49074.84,48836.52,49044.96,2544.243,1639367099999,124537460.66299,29579,1606.279,78632840.61983,0
1639367100000,49044.96,49049.00,48823.00,48852.97,1467.683,1639367999999,71837506.05573,19933,589.389,28847526.12361,0
1639368000000,48852.96,48920.00,48724.18,48919.99,2456.136,1639368899999,119874620.04766,21999,1275.236,62253057.71102,0
1639368900000,48920.00,48974.68,48813.41,48931.76,1071.704,1639369799999,52413045.30534,15891,556.530,27219750.89406,0
1639369800000,48929.25,49080.00,48891.10,49044.25,1391.029,1639370699999,68160001.20874,17676,824.334,40396883.01114,0
1639370700000,49044.24,49098.61,48934.16,49011.00,1806.357,1639371599999,88536211.44585,16813,1090.654,53468255.58469,0
1639371600000,49011.08,49014.55,48946.42,48985.55,727.345,1639372499999,35622928.47135,11725,340.091,16657465.31192,0
1639372500000,48979.57,49070.30,48863.56,48918.36,1505.842,1639373399999,73710444.31859,17662,528.999,25904115.93698,0
1639373400000,48918.36,48973.55,48825.28,48951.31,1045.796,1639374299999,51133109.88695,16694,521.269,25489990.15484,0
1639374300000,48951.30,49329.45,48951.30,49221.11,5222.605,1639375199999,256886597.25831,47021,3002.847,147653956.45399,0
1639375200000,49220.82,49295.00,49145.67,49156.99,1478.341,1639376099999,72749538.14361,18883,736.803,36261053.88621,0
1639376100000,49156.98,49198.80,48990.37,49064.45,1636.243,1639376999999,80319718.98375,21192,765.195,37561249.33860,0
1639377000000,49064.74,49132.61,48955.79,49084.64,1472.889,1639377899999,72248726.95302,19689,820.001,40226897.26407,0
1639377900000,49084.65,49084.65,48862.19,48922.00,1413.947,1639378799999,69242896.53766,21391,526.961,25804493.39614,0
1639378800000,48922.00,48980.73,48707.00,48754.92,3443.528,1639379699999,168088869.49592,32526,1707.970,83365580.18613,0
1639379700000,48752.93,48867.00,48701.00,48800.00,1787.708,1639380599999,87197147.75455,22186,1011.517,49341929.16229,0
1639380600000,48800.00,48899.99,48555.72,48644.27,3234.169,1639381499999,157547474.20597,32875,1423.570,69377617.18082,0
1639381500000,48643.00,48777.00,48622.03,48731.03,1501.147,1639382399999,73120234.28135,21782,824.559,40165066.95607,0
1639382400000,48731.02,49147.90,48078.20,48888.23,9606.424,1639383299999,467597439.49653,95272,4769.473,232372113.98320,0
1639383300000,48888.24,48995.75,48772.00,48871.90,2808.206,1639384199999,137264289.22805,36521,1205.091,58907798.37953,0
1639384200000,48871.91,49050.00,48871.91,49037.99,1946.800,1639385099999,95323919.84680,24097,1070.450,52415963.78067,0
1639385100000,49038.00,49160.00,48980.00,48994.26,1852.406,1639385999999,90871840.07994,24326,912.432,44769275.67509,0
1639386000000,48994.26,49010.00,48802.94,48887.66,2214.144,1639386899999,108274317.34068,24939,837.534,40955119.02415,0
1639386900000,48887.67,48887.67,48750.00,48817.99,1178.027,1639387799999,57502044.69361,17711,548.505,26775606.18508,0
1639387800000,48818.00,48825.25,48687.88,48802.54,1851.221,1639388699999,90247817.10725,23675,1109.944,54112288.83826,0
1639388700000,48802.55,48886.13,48790.03,48844.66,900.412,1639389599999,43977427.54961,13347,533.614,26062713.97479,0
1639389600000,48844.65,48899.99,48607.53,48775.01,1624.808,1639390499999,79220817.16721,22720,716.926,34962671.36242,0
1639390500000,48775.01,48815.26,48625.00,48659.74,1401.393,1639391399999,68233571.51094,20467,686.198,33413418.40432,0
1639391400000,48659.73,48757.15,48468.00,48705.33,2553.141,1639392299999,124179713.63804,28733,1399.619,68097862.26360,0
1639392300000,48705.32,48806.74,48611.86,48680.01,1592.980,1639393199999,77580830.59799,19822,737.349,35920262.85610,0
1639393200000,48680.00,48731.33,48555.08,48709.70,1602.049,1639394099999,77936386.44565,21113,832.887,40523972.85920,0
1639394100000,48709.69,48800.00,48646.72,48704.56,1517.363,1639394999999,73956568.38556,22267,812.681,39617406.11987,0
1639395000000,48704.57,48881.00,48701.06,48828.74,1622.114,1639395899999,79197989.49300,19976,1004.872,49065215.52569,0
1639395900000,48827.64,48888.88,48739.18,48825.17,972.848,1639396799999,47479369.98211,14190,453.332,22130611.90726,0
1639396800000,48824.53,48990.57,48765.00,48964.73,2085.428,1639397699999,101910163.27046,22885,1229.451,60085806.59499,0
1639397700000,48964.72,48983.24,48872.60,48878.11,1236.381,1639398599999,60495112.58102,19374,569.308,27858409.78435,0
1639398600000,48878.11,48896.82,48610.00,48652.76,2224.818,1639399499999,108420802.19770,28711,957.645,46653687.77277,0
1639399500000,48652.77,48677.49,48530.00,48579.78,3095.244,1639400399999,150376478.94452,34438,1460.333,70954428.76731,0
1639400400000,48579.79,48631.86,48280.13,48409.50,5135.433,1639401299999,248973898.09273,53603,2219.357,107610578.47369,0
1639401300000,48409.50,48511.00,48155.00,48363.45,5403.188,1639402199999,261151139.17635,62447,2902.390,140298993.68816,0
1639402200000,48363.44,48564.92,48319.33,48506.91,2755.749,1639403099999,133452647.55271,33648,1546.198,74893976.33760,0
1639403100000,48506.91,48525.91,48405.45,48415.59,1199.913,1639403999999,58148629.52235,19697,546.892,26504391.55475,0
1639404000000,48415.59,48418.99,48100.00,48126.78,3906.923,1639404899999,188444063.96000,48641,1788.202,86260294.77159,0
1639404900000,48130.57,48192.10,47813.00,47934.28,7651.168,1639405799999,367112248.22256,90668,3764.834,180675116.20902,0
1639405800000,47934.28,48014.36,47699.70,47840.50,5448.098,1639406699999,260559370.69428,67468,2796.911,133799684.35036,0
1639406700000,47840.50,47978.42,47739.06,47941.52,4051.399,1639407599999,193997622.64529,45179,2083.716,99783156.88052,0
1639407600000,47941.53,47947.96,47583.72,47674.15,4448.391,1639408499999,212329114.85591,56034,2098.338,100172581.04803,0
1639408500000,47674.15,47780.29,47312.96,47510.50,9023.556,1639409399999,428894769.72119,101212,4052.316,192675515.23170,0
1639409400000,47510.50,47618.97,47306.63,47491.14,5906.981,1639410299999,280447058.05788,68090,2961.016,140586512.14572,0
1639410300000,47492.30,47549.35,47000.00,47239.07,9798.725,1639411199999,462607908.50655,107814,4750.914,224341522.59591,0
1639411200000,47239.07,47549.00,46888.00,47367.09,11279.620,1639412099999,533059396.43671,125875,5864.476,277273005.97155,0
1639412100000,47367.09,47419.11,46572.01,47056.02,11237.759,1639412999999,528112040.82457,121675,5209.618,244953387.63196,0
1639413000000,47056.02,47171.00,46738.79,47111.94,7201.850,1639413899999,338354168.55969,79662,3630.882,170585287.24306,0
1639413900000,47111.95,47326.88,46911.00,47141.09,5993.879,1639414799999,282618421.87689,66765,3176.595,149788829.11612,0
1639414800000,47141.09,47900.00,47056.24,47662.10,10845.395,1639415699999,515936271.92359,102191,6273.155,298455446.98009,0
1639415700000,47662.10,47686.34,47382.88,47475.51,3488.732,1639416599999,165743597.18136,44482,1630.132,77450724.44432,0
1639416600000,47474.73,47635.16,47278.70,47313.75,3338.683,1639417499999,158410605.16535,37625,1732.618,82228182.15708,0
1639417500000,47313.74,47550.00,47236.69,47492.46,3210.657,1639418399999,152176033.94685,33377,1661.762,78778247.87434,0
1639418400000,47495.32,47629.51,47413.68,47569.99,2279.092,1639419299999,108341865.34519,26941,1211.930,57612229.88604,0
1639419300000,47570.00,47668.78,47376.39,47458.43,2084.409,1639420199999,99071864.93060,25999,938.574,44614791.40053,0
1639420200000,47458.43,47463.04,47322.42,47341.85,1651.153,1639421099999,78242828.54380,21102,674.889,31979738.26352,0
1639421100000,47341.84,47500.00,47300.33,47434.59,2071.997,1639421999999,98186338.74741,21897,1098.881,52078822.23474,0
1639422000000,47434.59,47440.40,47111.00,47168.81,2921.951,1639422899999,137984394.32817,38086,1398.649,66049740.52398,0
1639422900000,47167.06,47227.35,45898.00,46429.71,16408.137,1639423799999,764096021.17772,163873,6550.582,305191498.30928,0
1639423800000,46429.66,46456.76,45600.00,46048.69,19114.848,1639424699999,879304838.94337,209692,9287.707,427363522.53504,0
1639424700000,46048.67,46814.46,45961.95,46699.36,9492.501,1639425599999,440836047.56323,119645,4921.696,228522068.90452,0
1639425600000,46699.36,46931.64,46554.16,46871.35,6259.017,1639426499999,292594959.79107,77041,3040.288,142146482.17745,0
1639426500000,46871.28,46900.26,46461.00,46650.12,4819.015,1639427399999,224749525.03251,57794,2039.855,95126691.44173,0
1639427400000,46650.11,46734.78,46306.79,46467.63,4071.164,1639428299999,189223458.59994,48698,1880.571,87408960.33082,0
1639428300000,46467.63,46726.00,46437.55,46630.70,2470.255,1639429199999,115086488.70819,33906,1327.552,61855672.96020,0
1639429200000,46631.50,46716.95,46208.55,46390.30,4090.473,1639430099999,189836134.71495,47611,1693.281,78613275.73630,0
1639430100000,46390.30,46541.00,46234.12,46518.61,2203.246,1639430999999,102205273.93708,32340,1243.581,57694734.88378,0
1639431000000,46518.62,46700.00,46351.00,46479.46,1983.147,1639431899999,92265329.01165,30901,1018.287,47377634.61535,0
1639431900000,46479.46,46878.00,46479.46,46760.07,3090.581,1639432799999,144537098.93307,42529,1653.585,77330999.27204,0
1639432800000,46759.84,47315.13,46646.89,47128.98,5915.178,1639433699999,278074130.47147,72482,3253.739,152989917.04557,0
1639433700000,47132.78,47146.42,46900.00,47043.70,1719.811,1639434599999,80858790.59308,31491,824.643,38771855.35456,0
1639434600000,47043.70,47192.89,46916.61,46969.99,1737.350,1639435499999,81744463.11199,26775,800.080,37654910.39951,0
1639435500000,46970.00,47053.42,46846.70,46865.73,1095.354,1639436399999,51443307.34531,18129,501.436,23553044.92150,0
1639436400000,46865.73,46998.00,46688.00,46989.99,2623.605,1639437299999,122903745.46565,33469,1348.568,63191312.17729,0
1639437300000,46990.00,47050.38,46750.00,46791.16,1345.670,1639438199999,63102243.58040,20968,670.984,31473714.02152,0
1639438200000,46786.27,46841.84,46547.60,46691.67,2370.171,1639439099999,110687957.85502,29060,1126.539,52625998.68643,0
1639439100000,46694.56,46789.99,46550.24,46679.93,1865.729,1639439999999,87103759.05278,22095,950.404,44376829.23420,0
1639440000000,46679.93,46769.98,46397.07,46485.08,4505.619,1639440899999,209790177.53808,52044,2148.751,100059377.83095,0
1639440900000,46486.88,46824.43,46255.60,46767.58,3590.136,1639441799999,166977210.54853,42215,1964.465,91410092.88801,0
1639441800000,46766.84,47200.00,46763.23,47199.99,4725.737,1639442699999,222210890.20907,52455,2592.173,121903741.95220,0
1639442700000,47200.00,47200.00,46970.00,46970.00,1900.725,1639443599999,89503479.07912,25058,743.054,34983096.20659,0
1639443600000,46970.01,47025.52,46868.28,46990.29,1939.341,1639444499999,91027106.61396,23692,897.447,42126748.24627,0
1639444500000,46990.30,47100.00,46817.29,46825.66,2124.571,1639445399999,99783336.38873,25189,978.535,45973840.39121,0
1639445400000,46825.65,46855.70,46582.09,46691.90,3166.210,1639446299999,147861866.13651,32330,1583.548,73942039.97695,0
1639446300000,46691.89,46972.73,46566.66,46855.01,1944.422,1639447199999,90952419.80756,25309,1130.058,52864489.69454,0
1639447200000,46855.01,46946.19,46770.26,46896.22,1284.345,1639448099999,60209010.23639,17982,615.907,28875749.71421,0
1639448100000,46896.23,46906.83,46661.00,46744.05,1743.527,1639448999999,81528620.60415,22337,860.625,40248213.92648,0
1639449000000,46744.04,47025.00,46677.72,46941.79,2142.626,1639449899999,100456930.95693,23900,1355.164,63542989.36679,0
1639449900000,46941.79,47049.95,46777.34,47003.82,1324.943,1639450799999,62148333.70982,21165,745.462,34972825.70297,0
1639450800000,47003.81,47098.71,46919.61,46951.19,1514.152,1639451699999,71183032.82486,23775,770.409,36225557.13411,0
1639451700000,46951.20,47050.00,46864.00,47013.29,1175.344,1639452599999,55167522.33615,20366,639.669,30026482.21268,0
1639452600000,47013.29,47041.88,46762.71,46804.67,1364.110,1639453499999,63954077.53852,20673,600.250,28137493.50800,0
1639453500000,46806.31,46950.00,46730.48,46937.26,1358.281,1639454399999,63624085.96128,20439,688.839,32267321.57908,0
1639454400000,46937.26,47147.84,46843.81,47144.99,2258.791,1639455299999,106220762.12133,28627,1273.285,59894642.82585,0
1639455300000,47144.98,47150.00,46991.36,47060.45,1530.463,1639456199999,72030287.31135,19856,583.374,27460667.74645,0
1639456200000,47060.46,47145.00,46923.00,47039.00,1279.228,1639457099999,60187766.28424,22680,627.766,29539986.52090,0
1639457100000,47039.00,47066.11,46880.00,46962.99,1180.248,1639457999999,55403507.19756,18509,590.759,27732753.01992,0
1639458000000,46962.99,47020.00,46821.07,46827.73,1309.617,1639458899999,61448801.15783,17426,655.399,30758960.54028,0
1639458900000,46827.72,47000.00,46820.01,47000.00,1097.503,1639459799999,51488852.45165,16049,633.682,29730974.97540,0
1639459800000,47000.00,47119.44,46961.86,46997.12,1446.903,1639460699999,68063598.77471,19644,821.554,38649757.91133,0
1639460700000,46992.54,47029.00,46650.11,46677.99,3231.810,1639461599999,151230762.95701,33419,1328.726,62182026.35745,0
1639461600000,46678.00,46832.41,46674.34,46738.35,2019.619,1639462499999,94410870.04287,25771,1250.649,58461454.32587,0
1639462500000,46738.35,46752.22,46450.97,46482.40,3533.336,1639463399999,164549517.84133,41912,1513.113,70474731.17008,0
1639463400000,46482.98,46614.62,46309.44,46462.64,2598.353,1639464299999,120797691.89002,32741,1284.653,59733942.38172,0
1639464300000,46465.19,46714.39,46388.28,46656.90,2736.714,1639465199999,127397638.98380,34925,1556.842,72484898.62965,0
1639465200000,46656.89,46818.56,46528.95,46553.76,2115.792,1639466099999,98734999.53070,30532,1062.220,49577814.80845,0
1639466100000,46553.76,46779.69,46543.47,46693.99,1277.652,1639466999999,59657954.50295,21207,679.003,31704577.60188,0
1639467000000,46694.00,46887.08,46686.69,46782.31,1686.662,1639467899999,78933226.49597,24708,927.502,43408473.03242,0
1639467900000,46784.68,47048.04,46777.49,46981.79,3434.245,1639468799999,161134312.81710,35099,1819.850,85390753.14635,0
1639468800000,46981.78,47267.00,46939.13,47086.54,5560.733,1639469699999,261869129.38730,59740,2732.661,128707361.38312,0
1639469700000,47086.54,47171.84,47034.70,47122.48,1895.958,1639470599999,89297343.20240,27273,953.641,44917821.63909,0
1639470600000,47123.64,47439.67,47079.93,47364.94,3536.432,1639471499999,167216219.09294,44868,2076.332,98194075.01724,0
1639471500000,47364.94,47496.00,47257.85,47434.16,2640.202,1639472399999,125033572.64783,36685,1308.386,61972370.67083,0
1639472400000,47434.17,47468.66,47264.73,47270.30,2547.206,1639473299999,120631967.77951,34181,991.552,46960657.61927,0
1639473300000,47270.30,47372.78,47255.27,47260.95,1499.336,1639474199999,70934693.78630,22546,791.639,37459357.93334,0
1639474200000,47260.94,47341.90,46958.61,46959.48,5544.336,1639475099999,261151315.41253,49464,2403.036,113194492.73687,0
1639475100000,46959.47,47050.00,46768.01,46820.43,3444.514,1639475999999,161603299.84852,42044,1657.632,77789589.43224,0
1639476000000,46818.66,46950.00,46780.75,46935.00,1941.884,1639476899999,91045519.30318,25184,1188.002,55702209.64312,0
1639476900000,46935.00,47074.00,46867.80,46981.52,1458.797,1639477799999,68521182.65990,23482,863.131,40543318.35185,0
1639477800000,46983.45,47280.00,46960.19,47104.48,3126.196,1639478699999,147376052.31181,41665,1696.628,79989200.82286,0
1639478700000,47104.48,47368.00,47100.00,47316.00,2548.317,1639479599999,120365408.52331,34129,1418.991,67021771.84987,0
1639479600000,47316.00,47385.00,47212.79,47253.51,2247.628,1639480499999,106288147.72023,30221,921.980,43604221.25150,0
1639480500000,47253.50,47428.08,47220.32,47283.19,1662.716,1639481399999,78697368.20589,26686,813.344,38501200.17393,0
1639481400000,47283.20,47379.80,47155.35,47379.72,1696.522,1639482299999,80174496.06796,25764,846.374,40006818.84986,0
1639482300000,47377.72,47762.90,47257.94,47599.90,4577.093,1639483199999,217625590.70994,54539,2596.095,123447990.22066,0
1639483200000,47599.90,47872.00,47585.27,47763.55,4695.147,1639484099999,224299027.22821,61136,2579.310,123229481.35717,0
1639484100000,47763.56,47958.62,47696.94,47720.01,3843.224,1639484999999,183748088.35381,45546,1936.294,92600318.01811,0
1639485000000,47720.01,47747.21,47515.60,47601.35,3267.054,1639485899999,155591557.12942,39192,1622.935,77295677.01719,0
1639485900000,47599.25,47666.94,47476.01,47483.53,2064.812,1639486799999,98237268.18592,29571,892.361,42471497.72001,0
1639486800000,47483.54,47647.94,47481.72,47588.02,1545.753,1639487699999,73547998.15489,23316,882.399,41982929.35856,0
1639487700000,47587.07,47587.07,47280.00,47395.13,3179.499,1639488599999,150677723.01763,42078,1421.131,67344689.90335,0
1639488600000,47395.13,47395.13,47000.00,47049.71,4770.938,1639489499999,224960624.56518,58411,2153.299,101553796.75861,0
1639489500000,47049.72,47217.83,46960.00,47154.28,2943.025,1639490399999,138585903.69468,38348,1610.174,75836027.61727,0
1639490400000,47157.26,47285.84,46860.00,46941.78,4012.461,1639491299999,188772880.68445,48018,1681.779,79158957.90194,0
1639491300000,46940.34,46992.24,46803.00,46915.78,3024.660,1639492199999,141837009.39338,39647,1629.990,76442652.55154,0
1639492200000,46916.70,47220.97,46880.00,47152.37,3371.139,1639493099999,158638278.19132,42449,1862.859,87664453.35969,0
1639493100000,47152.37,47315.48,47075.79,47262.72,2424.107,1639493999999,114422835.77584,36127,1273.618,60128065.24112,0
1639494000000,47260.24,47341.91,47042.28,47043.16,2447.537,1639494899999,115503549.47546,32831,983.622,46430996.84214,0
1639494900000,47043.16,47498.00,47020.01,47441.27,3543.914,1639495799999,167631075.12376,43120,2068.985,97890908.56125,0
1639495800000,47445.19,47490.00,47162.37,47285.17,2600.631,1639496699999,123084718.27582,33331,1073.913,50828970.97331,0
1639496700000,47285.16,47329.97,46590.00,46833.09,8473.330,1639497599999,397287048.80841,88452,3485.743,163426542.13018,0
1639497600000,46833.08,47112.52,46615.10,46870.87,4732.961,1639498499999,221826386.95518,61010,2588.050,121314366.49880,0
1639498500000,46870.87,46965.03,46530.00,46920.29,4056.374,1639499399999,189624041.52016,54087,2022.951,94579612.61886,0
1639499400000,46920.30,47134.88,46796.25,46923.35,3513.281,1639500299999,165076873.25263,43423,1800.586,84620083.87125,0
1639500300000,46923.35,47084.40,46692.36,46725.43,2356.054,1639501199999,110433430.16748,34864,1044.418,48958915.26666,0
1639501200000,46725.43,46918.23,46650.00,46843.99,2038.887,1639502099999,95403749.49583,32788,1163.272,54433018.37988,0
1639502100000,46844.00,47069.20,46800.03,47046.80,2461.987,1639502999999,115666631.70202,30383,1465.134,68825992.99843,0
1639503000000,47046.80,47046.81,46764.18,46799.40,1651.930,1639503899999,77480301.67870,24245,723.984,33957780.03785,0
1639503900000,46799.39,46812.00,46535.07,46614.11,2995.413,1639504799999,139793068.51560,39630,1483.950,69258834.51035,0
1639504800000,46614.11,46933.48,46570.00,46812.29,2214.719,1639505699999,103586705.15081,35231,1165.426,54497669.86687,0
1639505700000,46812.30,46876.41,46638.30,46817.40,2071.712,1639506599999,96859142.17955,28212,1066.345,49857580.69834,0
1639506600000,46817.41,46829.64,46435.25,46497.89,3988.137,1639507499999,185668045.71543,50876,1809.296,84236361.66744,0
1639507500000,46497.88,46672.12,46497.70,46639.90,1431.350,1639508399999,66713336.83177,22696,708.983,33044195.59799,0
1639508400000,46639.89,46978.98,46622.80,46850.02,2850.367,1639509299999,133459084.47495,37221,1573.981,73700535.07279,0
1639509300000,46850.01,47028.42,46828.18,46976.12,2494.810,1639510199999,117116259.75449,27587,1359.365,63822147.35626,0
1639510200000,46975.91,47062.98,46842.16,46868.31,1732.262,1639511099999,81336300.36209,23022,777.274,36503437.99133,0
1639511100000,46868.31,46943.25,46723.01,46844.02,1332.111,1639511999999,62388062.96475,19990,677.774,31749106.60077,0
1639512000000,46844.15,47162.96,46825.33,47051.16,2404.423,1639512899999,113139915.98138,31803,1362.059,64090146.94182,0
1639512900000,47051.16,47266.32,47038.59,47173.99,3239.436,1639513799999,152768277.68261,32050,1917.797,90444006.41939,0
1639513800000,47174.00,47885.32,47110.30,47793.24,8686.141,1639514699999,413726038.79783,81595,5212.933,248181248.78037,0
1639514700000,47793.93,47817.96,47606.89,47774.58,3258.024,1639515599999,155422272.99913,40229,1495.527,71343420.73901,0
1639515600000,47774.58,48339.55,47727.84,48213.50,7016.428,1639516499999,337274718.53021,79226,4298.089,206652031.74935,0
1639516500000,48210.53,48340.24,48080.54,48278.70,3311.674,1639517399999,159627534.17949,41501,1683.316,81155659.19608,0
1639517400000,48278.69,48657.92,48195.22,48450.99,5577.713,1639518299999,270183616.51965,67896,3008.403,145763210.13836,0
1639518300000,48451.00,48626.60,48188.16,48280.22,3966.264,1639519199999,191990509.08235,51259,1781.414,86249417.43109,0
1639519200000,48280.22,48458.05,48197.53,48286.27,2704.597,1639520099999,130684338.68906,37349,1504.701,72712753.39742,0
1639520100000,48286.26,48398.10,48107.88,48134.76,2146.424,1639520999999,103557130.91429,33572,941.045,45420088.77128,0
1639521000000,48134.77,48380.05,47994.86,48361.28,3572.838,1639521899999,171991327.15056,40250,1951.174,94004209.74485,0
1639521900000,48360.26,48389.26,48214.24,48251.94,1320.293,1639522799999,63756132.78537,20112,659.734,31860516.66780,0
1639522800000,48251.94,48369.47,48138.00,48278.67,1751.089,1639523699999,84491374.53501,25206,809.509,39063104.87374,0
1639523700000,48278.67,48287.00,48161.45,48180.01,1048.245,1639524599999,50544804.53052,17830,512.109,24694935.87431,0
1639524600000,48180.00,48270.00,48127.71,48251.74,1001.229,1639525499999,48256760.87949,16639,512.402,24699384.68168,0
1639525500000,48251.74,48435.60,48164.80,48324.04,2610.328,1639526399999,126148182.38118,27456,1457.532,70437228.24497,0
1639526400000,48324.00,48375.00,48215.87,48315.02,1871.620,1639527299999,90415552.95983,25807,882.201,42620586.41010,0
1639527300000,48315.03,48784.23,48213.73,48461.90,6008.196,1639528199999,291392214.27908,60077,3221.166,156229422.73969,0
1639528200000,48461.90,48522.95,48100.00,48151.44,2857.050,1639529099999,137988428.42443,31948,1028.499,49708204.41068,0
1639529100000,48152.07,48243.87,48058.00,48135.63,2475.713,1639529999999,119203140.69538,33565,1181.248,56879975.50699,0
1639530000000,48135.62,48166.05,48037.00,48075.10,1813.558,1639530899999,87224106.29023,27983,938.193,45124915.03364,0
1639530900000,48075.11,48162.29,48038.64,48094.61,868.411,1639531799999,41776199.96352,15978,471.847,22700762.59377,0
1639531800000,48094.61,48145.53,47950.00,48030.13,1495.620,1639532699999,71829369.06266,23758,647.514,31100408.73215,0
1639532700000,48030.13,48110.00,47990.00,48063.52,998.785,1639533599999,47983074.77429,17101,485.610,23331981.82080,0
1639533600000,48062.37,48084.40,47830.00,47897.80,2269.727,1639534499999,108760009.33489,29839,932.430,44676074.94987,0
1639534500000,47897.79,47965.46,47850.00,47915.93,1178.218,1639535399999,56451376.92575,16151,597.747,28639868.68972,0
1639535400000,47915.94,47983.95,47858.40,47903.75,885.140,1639536299999,42415384.56055,14223,510.828,24482903.26896,0
1639536300000,47903.75,47994.46,47873.44,47987.99,1059.659,1639537199999,50791938.35859,14812,685.876,32878757.68487,0
1639537200000,47988.00,48017.09,47928.00,47953.99,957.311,1639538099999,45918673.94340,16334,552.607,26509909.58970,0
1639538100000,47954.00,48133.32,47928.00,48083.94,1829.340,1639538999999,87863680.03485,21340,1232.112,59181592.01625,0
1639539000000,48083.94,48143.45,48026.45,48125.28,938.871,1639539899999,45148463.54211,16408,495.584,23833347.99724,0
1639539900000,48125.28,48290.00,48074.80,48250.16,1798.735,1639540799999,86673981.34902,23179,942.618,45427632.27929,0
1639540800000,48250.17,48345.00,48062.00,48138.37,2682.122,1639541699999,129262919.49852,35803,1362.857,65687370.86954,0
1639541700000,48139.42,48431.21,48107.58,48367.74,2249.239,1639542599999,108654545.25041,32970,1095.779,52944554.69032,0
1639542600000,48367.74,48400.00,48260.38,48322.19,985.648,1639543499999,47637672.34936,18123,504.625,24393520.10474,0
1639543500000,48322.19,48338.00,48156.09,48216.16,1088.606,1639544399999,52501346.53854,19655,484.624,23372527.25193,0
1639544400000,48217.02,48309.24,48088.68,48154.99,1652.238,1639545299999,79646130.47973,21705,777.919,37502616.34306,0
1639545300000,48152.29,48160.00,48050.06,48082.14,1100.628,1639546199999,52937594.96879,18702,497.238,23916652.21200,0
1639546200000,48082.15,48228.48,48061.01,48122.88,1146.393,1639547099999,55199872.68443,18273,606.125,29189246.39740,0
1639547100000,48124.35,48148.87,48034.35,48109.13,867.948,1639547999999,41733678.23093,15404,392.572,18877543.53856,0
1639548000000,48111.31,48193.74,48043.01,48130.82,940.903,1639548899999,45283654.08498,16977,453.423,21826307.46777,0
1639548900000,48130.81,48312.70,48095.30,48245.25,1408.791,1639549799999,67944419.55078,20189,824.766,39776119.75411,0
1639549800000,48245.24,48308.00,48001.16,48015.76,1485.348,1639550699999,71488439.24133,20985,513.938,24740055.02516,0
1639550700000,48015.76,48099.00,48000.00,48050.10,899.979,1639551599999,43249128.48131,15181,491.334,23612644.77346,0
1639551600000,48050.09,48293.11,47913.77,48245.64,3098.976,1639552499999,148982522.04890,32763,1822.560,87640640.27500,0
1639552500000,48248.11,48339.00,48117.76,48126.63,2082.390,1639553399999,100416519.76042,26813,898.708,43342902.54600,0
1639553400000,48126.64,48249.75,48095.76,48200.71,1134.689,1639554299999,54673390.71105,16771,656.966,31657228.28762,0
1639554300000,48202.26,48300.00,48164.80,48200.00,1047.253,1639555199999,50514038.77877,15721,540.973,26097322.84318,0
1639555200000,48199.99,48371.62,48199.99,48267.06,1526.746,1639556099999,73731182.76007,21415,898.631,43394614.28880,0
1639556100000,48267.05,48569.97,48245.38,48479.37,4022.766,1639556999999,194971209.73849,42618,2040.911,98901754.14775,0
1639557000000,48479.37,48763.23,48464.52,48644.95,4009.081,1639557899999,194991631.03137,49631,2099.158,102106111.70171,0
1639557900000,48644.95,48721.26,48470.74,48565.79,2458.955,1639558799999,119450183.50474,36716,1020.656,49581938.16819,0
1639558800000,48560.44,48587.99,48420.00,48445.89,1464.206,1639559699999,71032830.73366,23803,623.156,30234435.29150,0
1639559700000,48445.89,48520.00,48400.00,48457.04,1398.886,1639560599999,67784459.57838,22210,704.089,34120661.52421,0
1639560600000,48457.04,48467.70,48380.00,48426.66,1266.635,1639561499999,61329680.07054,19754,641.762,31075488.62942,0
1639561500000,48426.65,48574.20,48426.65,48491.41,1479.604,1639562399999,71747703.57511,19752,847.532,41099903.76983,0
1639562400000,48491.41,48598.86,48450.00,48509.58,1867.993,1639563299999,90654390.44051,21254,1032.899,50129163.50014,0
1639563300000,48509.58,48509.58,48254.15,48352.97,2742.861,1639564199999,132621305.04304,34110,1227.075,59322886.97079,0
1639564200000,48354.34,48355.30,48200.00,48234.47,1755.709,1639565099999,84727249.47827,25507,753.226,36348425.68981,0
1639565100000,48234.46,48324.99,48200.00,48247.31,1394.771,1639565999999,67314766.66525,21797,725.201,35001279.12210,0
1639566000000,48247.64,48326.82,48150.21,48300.00,1966.408,1639566899999,94867694.09203,27456,1016.304,49037651.21277,0
1639566900000,48300.00,48354.96,48069.85,48110.74,2476.754,1639567799999,119340142.77963,37424,1162.301,56025523.33604,0
1639567800000,48110.74,48238.00,48100.00,48199.64,1342.006,1639568699999,64647966.98089,23400,709.490,34178265.74234,0
1639568700000,48199.65,48272.97,48125.00,48135.18,1103.758,1639569599999,53196525.03923,19647,595.384,28701058.71377,0
1639569600000,48135.19,48300.00,48025.00,48209.38,2664.203,1639570499999,128304607.86538,32356,1347.893,64937878.45838,0
1639570500000,48209.37,48274.23,48166.13,48245.17,1160.931,1639571399999,55982030.26857,19952,629.203,30344555.22569,0
1639571400000,48243.61,48270.01,47610.00,47873.79,7969.255,1639572299999,381870980.15565,86685,3123.098,149643387.82710,0
1639572300000,47873.79,47890.00,47506.24,47592.53,5501.591,1639573199999,262335572.00921,65973,2396.785,114303041.24605,0
1639573200000,47592.41,47721.52,47520.61,47641.57,3448.696,1639574099999,164222581.61215,47491,1856.098,88401797.16690,0
1639574100000,47641.57,47690.00,47416.66,47623.31,3959.957,1639574999999,188265147.06686,48748,1856.888,88299536.41080,0
1639575000000,47622.00,47798.91,47591.11,47731.97,3417.654,1639575899999,163058747.37323,41603,2116.114,100972003.49111,0
1639575900000,47731.97,47794.03,47568.00,47647.58,1909.999,1639576799999,91070415.05366,28530,865.169,41248214.26122,0
1639576800000,47647.59,47759.98,47568.84,47755.23,1625.861,1639577699999,77475290.30124,26170,991.728,47263839.98450,0
1639577700000,47755.01,47757.93,47637.25,47687.62,1687.941,1639578599999,80508316.69074,22349,770.635,36759763.18685,0
1639578600000,47689.92,47707.62,47222.00,47267.26,6094.265,1639579499999,288921956.42421,67678,2567.031,121716904.12505,0
1639579500000,47267.26,47379.21,47200.00,47364.74,3219.010,1639580399999,152207494.35146,42215,1767.254,83571277.97638,0
1639580400000,47364.77,47479.83,46902.10,46963.96,9125.017,1639581299999,430117808.95553,91143,3912.522,184517831.95630,0
1639581300000,46963.97,47069.96,46852.00,46961.60,5348.254,1639582199999,251125101.56160,61141,2992.111,140526733.82469,0
1639582200000,46957.55,47194.24,46907.40,46925.28,4976.687,1639583099999,234225645.47267,55401,2719.116,127986829.09673,0
1639583100000,46925.28,46989.87,46545.21,46622.38,8084.476,1639583999999,378076782.02264,89870,3162.573,147925948.94300,0
1639584000000,46621.85,46979.97,46518.73,46911.57,7130.477,1639584899999,333637120.70357,77811,3913.218,183123283.38269,0
1639584900000,46911.58,47035.07,46700.00,46945.37,3523.721,1639585799999,165135448.09681,47956,1863.977,87374311.57111,0
1639585800000,46945.37,46970.00,46612.48,46800.27,3727.676,1639586699999,174417192.22079,42279,1730.239,80985466.38362,0
1639586700000,46800.26,47014.87,46708.93,46986.62,2316.867,1639587599999,108574196.10618,33167,1414.932,66320937.88393,0
1639587600000,46986.61,47150.00,46925.61,46945.78,3834.130,1639588499999,180283811.68611,42820,2043.009,96085085.29696,0
1639588500000,46945.78,47040.73,46846.06,47018.75,1800.286,1639589399999,84462046.12355,28088,905.189,42473374.90040,0
1639589400000,47017.02,47370.10,46974.40,47180.18,5017.478,1639590299999,236834290.69074,55965,2894.290,136622433.23622,0
1639590300000,47180.18,47186.01,47065.90,47075.93,1962.046,1639591199999,92442193.15677,26427,1007.360,47466257.49325,0
1639591200000,47075.94,47181.91,47013.06,47128.72,2444.049,1639592099999,115073177.26890,27277,1223.176,57594364.45977,0
1639592100000,47128.73,47374.98,47091.00,47268.68,2668.319,1639592999999,126104986.50871,34234,1450.349,68543876.44909,0
1639593000000,47268.68,47697.30,47243.12,47646.77,5296.388,1639593899999,251510160.04874,59655,3043.195,144522464.09517,0
1639593900000,47646.77,48240.00,47506.51,47819.72,13881.061,1639594799999,664272940.09193,146288,7127.213,341067972.32711,0
1639594800000,47819.95,49256.03,47193.11,48949.99,39222.568,1639595699999,1900808983.76864,371339,20339.312,985923236.73090,0
1639595700000,48949.82,49019.14,47777.42,48076.99,16953.571,1639596599999,820422859.80199,188054,7386.632,357550916.93179,0
1639596600000,48076.30,48908.96,47875.75,48455.11,16825.163,1639597499999,815228775.47671,168442,8820.385,427375687.79517,0
1639597500000,48455.10,48847.55,48399.00,48659.07,5845.956,1639598399999,284391286.98440,70086,2903.901,141254563.91883,0
1639598400000,48656.02,49111.37,48520.00,48993.56,8985.683,1639599299999,439592620.09744,103011,4683.583,229189484.22248,0
1639599300000,48993.56,49439.00,48808.18,49238.94,8891.920,1639600199999,436347559.51144,92926,5017.948,246338354.20506,0
1639600200000,49236.00,49479.75,49110.76,49239.51,7667.620,1639601099999,378098219.82506,85746,3691.767,182083267.24144,0
1639601100000,49239.51,49419.16,49000.00,49191.28,5687.711,1639601999999,279882237.51166,67604,2710.010,133414826.34457,0
1639602000000,49191.29,49336.52,48958.29,48978.73,3754.751,1639602899999,184462598.18973,46713,1763.001,86633271.18495,0
1639602900000,48978.74,49188.88,48899.60,49121.32,2758.836,1639603799999,135331121.95831,41411,1361.853,66820167.17919,0
1639603800000,49121.32,49199.99,49013.91,49056.53,1710.082,1639604699999,83968427.07228,26070,807.681,39660798.00477,0
1639604700000,49056.53,49264.38,48965.08,49154.30,2551.392,1639605599999,125333545.25316,28392,1469.407,72194129.32864,0
1639605600000,49154.31,49220.00,48960.00,48967.60,1568.218,1639606499999,76990087.29610,25093,755.696,37102067.10654,0
1639606500000,48967.60,49026.19,48811.01,48866.22,2038.301,1639607399999,99689211.02211,31668,964.397,47171482.20686,0
1639607400000,48866.22,48897.85,48750.00,48834.41,1942.465,1639608299999,94830555.83878,27008,890.455,43477664.02740,0
1639608300000,48834.41,48915.60,48654.93,48748.27,2923.833,1639609199999,142565449.06294,27490,1582.245,77157283.72959,0
1639609200000,48748.27,48946.27,48743.82,48876.16,2362.455,1639610099999,115457712.96695,29546,1334.533,65219931.52059,0
1639610100000,48876.16,48938.98,48767.78,48811.68,1341.166,1639610999999,65507166.16133,18501,604.844,29545638.92522,0
1639611000000,48811.68,48875.49,48701.00,48701.00,1129.875,1639611899999,55109867.85677,17041,554.740,27057541.64201,0
1639611900000,48701.01,48953.97,48700.00,48870.48,1827.786,1639612799999,89269287.18062,24875,1051.451,51352022.06894,0
1639612800000,48870.48,48943.70,48733.00,48886.16,3768.924,1639613699999,184077651.80790,32686,1598.294,78059226.32923,0
1639613700000,48886.74,49166.00,48879.28,49010.19,2444.951,1639614599999,119835081.42744,31784,1427.442,69965537.59748,0
1639614600000,49010.11,49147.99,48930.11,49112.79,1633.174,1639615499999,80094720.70888,21267,815.162,39982144.40588,0
1639615500000,49114.64,49270.00,49011.52,49047.79,2509.198,1639616399999,123329343.92753,26928,1380.080,67849826.25502,0
1639616400000,49046.94,49134.06,48901.00,48953.00,1984.999,1639617299999,97242721.72357,21406,832.177,40769138.76077,0
1639617300000,48953.00,48993.28,48851.68,48915.50,1139.943,1639618199999,55780586.44036,15428,517.436,25323841.36484,0
1639618200000,48915.50,48962.91,48826.26,48898.03,963.809,1639619099999,47129744.83521,14646,431.633,21108875.93647,0
1639619100000,48898.02,49041.57,48865.00,49032.27,1024.362,1639619999999,50146415.32818,13981,630.886,30888720.62651,0
1639620000000,49032.26,49056.48,48932.10,48970.14,821.713,1639620899999,40257003.22511,13033,372.205,18236319.54600,0
1639620900000,48965.61,49030.67,48858.23,48963.86,1041.801,1639621799999,50984424.33424,15066,532.638,26070555.11855,0
1639621800000,48962.17,49050.44,48943.30,48971.49,905.075,1639622699999,44345231.53142,12650,408.483,20016091.86394,0
1639622700000,48971.50,49069.17,48934.06,49008.45,800.125,1639623599999,39208955.54907,11580,452.050,22154281.16437,0
1639623600000,49008.44,49055.53,48912.76,48919.94,1319.442,1639624499999,64656707.60016,15264,460.744,22579631.90364,0
1639624500000,48919.94,48952.00,48767.44,48798.08,2086.769,1639625399999,101956078.55614,21977,773.624,37808890.14477,0
1639625400000,48798.08,48836.44,48710.00,48790.71,1416.076,1639626299999,69074751.28432,19187,787.497,38415094.66925,0
1639626300000,48790.71,48847.60,48764.90,48821.44,722.912,1639627199999,35286119.48036,13231,396.111,19335232.08152,0
1639627200000,48822.43,48893.79,48750.00,48769.53,850.962,1639628099999,41544513.13192,14370,396.760,19370642.14857,0
1639628100000,48769.54,48780.04,48575.39,48721.32,3100.822,1639628999999,150893899.00208,31288,1536.373,74771654.44417,0
1639629000000,48721.31,48758.00,48634.43,48711.70,985.270,1639629899999,47989982.95523,16049,519.869,25322619.86082,0
1639629900000,48713.73,48828.54,48705.55,48746.61,1021.005,1639630799999,49791330.16350,14686,468.717,22862256.48306,0
1639630800000,48746.61,48810.00,48652.24,48740.76,1004.197,1639631699999,48919972.91871,15173,517.878,25227519.68536,0
1639631700000,48740.77,48778.54,48633.58,48707.39,1206.659,1639632599999,58763208.98827,15344,717.156,34922287.01626,0
1639632600000,48707.40,48746.53,48630.32,48644.94,670.999,1639633499999,32669886.33144,11832,341.197,16613094.71383,0
1639633500000,48644.95,48691.59,48503.13,48520.01,1390.574,1639634399999,67589299.39062,20750,627.609,30513766.29619,0
1639634400000,48520.01,48630.48,48508.00,48622.46,1266.649,1639635299999,61527946.87770,19053,757.708,36808276.84202,0
1639635300000,48622.46,48744.00,48586.99,48733.50,1651.545,1639636199999,80429544.42347,22470,914.317,44523006.56257,0
1639636200000,48733.49,48792.47,48696.45,48773.70,927.121,1639637099999,45190935.03191,15801,503.674,24552617.17409,0
1639637100000,48773.71,48924.10,48750.00,48885.88,1670.003,1639637999999,81589916.42105,22478,896.629,43806216.12208,0
1639638000000,48885.88,48995.70,48842.31,48906.16,1929.769,1639638899999,94426633.66759,27572,961.994,47075841.99417,0
1639638900000,48904.81,49028.38,48875.00,48948.52,1527.836,1639639799999,74778468.76095,20453,925.308,45291034.27150,0
1639639800000,48948.53,48988.95,48863.14,48910.91,894.206,1639640699999,43731886.88450,15297,376.351,18405720.81057,0
1639640700000,48910.91,48916.14,48677.47,48718.17,1793.530,1639641599999,87466440.62559,24625,778.950,37982383.79679,0
1639641600000,48718.16,48788.00,48632.04,48639.87,1561.470,1639642499999,76068034.97511,19533,656.404,31980843.90396,0
1639642500000,48639.88,48765.18,48610.00,48700.35,1205.364,1639643399999,58703504.99876,17295,717.633,34950579.83306,0
1639643400000,48702.52,48849.10,48688.00,48839.89,1143.611,1639644299999,55797342.85667,15989,730.263,35632181.23276,0
1639644300000,48839.88,48927.36,48742.25,48766.00,1520.716,1639645199999,74273075.39487,20472,705.980,34486054.37612,0
1639645200000,48765.99,48870.00,48732.41,48750.02,775.215,1639646099999,37837355.38612,13925,388.957,18987437.43483,0
1639646100000,48750.01,48874.04,48750.00,48859.99,1002.720,1639646999999,48959325.92687,15502,601.210,29355318.57728,0
1639647000000,48859.99,48919.69,48815.79,48908.19,1017.259,1639647899999,49731125.31731,16644,559.529,27355179.38009,0
1639647900000,48908.19,48979.00,48878.29,48954.59,1093.067,1639648799999,53480880.86127,17838,579.515,28356755.82592,0
1639648800000,48954.60,49195.52,48908.97,49136.51,3421.823,1639649699999,167965892.70565,42524,1905.990,93550600.61081,0
1639649700000,49138.19,49243.58,49044.36,49068.99,2151.671,1639650599999,105724544.44840,29437,1112.118,54653035.57407,0
1639650600000,49068.98,49159.46,49033.51,49067.31,1246.020,1639651499999,61166331.92259,19231,616.845,30283982.46639,0
1639651500000,49068.30,49169.57,49032.14,49137.99,993.749,1639652399999,48790398.13459,16870,538.399,26435976.05764,0
1639652400000,49138.00,49170.00,48851.11,48937.43,3338.258,1639653299999,163489332.83468,35184,1462.273,71605266.16268,0
1639653300000,48937.43,49046.00,48859.44,49004.99,1633.617,1639654199999,79959629.48954,24539,824.077,40339247.73646,0
1639654200000,49004.99,49381.88,48990.00,49374.24,3807.242,1639655099999,187457333.86828,46560,2177.568,107214562.08001,0
1639655100000,49374.21,49439.79,49082.23,49198.04,3043.360,1639655999999,149894274.21737,38850,1318.981,64972962.90008,0
1639656000000,49198.05,49210.03,49040.59,49058.65,2144.421,1639656899999,105306857.84254,29483,1034.396,50798301.43553,0
1639656900000,49058.66,49165.00,48970.00,49072.67,1764.791,1639657799999,86604142.79310,24730,869.548,42679468.52472,0
1639657800000,49072.66,49192.36,48701.35,48816.88,5151.703,1639658699999,251808967.78899,54792,2267.293,110827752.63797,0
1639658700000,48813.86,48821.00,48620.76,48685.12,4792.016,1639659599999,233412040.46295,55498,2109.418,102752027.18709,0
1639659600000,48685.12,48743.01,48400.00,48524.73,5832.549,1639660499999,283117291.06932,66289,2738.343,132929280.27615,0
1639660500000,48525.75,48800.00,48450.50,48796.34,4249.220,1639661399999,206678532.90004,49213,2489.812,121122009.55666,0
1639661400000,48796.35,48889.99,48626.63,48860.00,3210.799,1639662299999,156546558.35769,36674,1582.348,77174772.17691,0
1639662300000,48856.46,49282.58,48793.46,49006.71,5034.914,1639663199999,246708213.21876,59194,2778.574,136170730.05064,0
1639663200000,49006.71,49014.66,48622.90,48714.12,3288.603,1639664099999,160367478.18231,43351,1496.589,72979088.52844,0
1639664100000,48714.11,48872.41,48560.00,48749.84,3181.497,1639664999999,154910868.04701,33556,1743.118,84876058.95170,0
1639665000000,48749.84,48899.52,48583.01,48603.92,3503.614,1639665899999,170687715.20652,39948,1695.359,82613796.57410,0
1639665900000,48603.92,48742.65,48511.32,48542.14,2214.488,1639666799999,107644006.77932,32091,1071.033,52073430.13111,0
1639666800000,48542.44,48552.74,48244.05,48393.29,6703.326,1639667699999,324197141.49063,72786,2877.991,139187524.98477,0
1639667700000,48393.29,48660.76,48321.38,48620.79,3806.840,1639668599999,184624901.47429,43332,2261.256,109681732.90051,0
1639668600000,48620.79,48730.44,48466.43,48484.30,2778.758,1639669499999,135026330.04343,35460,1219.955,59302836.56073,0
1639669500000,48484.62,48696.37,48462.63,48584.85,2150.266,1639670399999,104482744.60608,29509,1220.143,59288611.24255,0
1639670400000,48584.84,48630.73,48312.45,48411.72,3563.530,1639671299999,172637678.83987,39896,1647.649,79831675.88710,0
1639671300000,48411.71,48497.20,48314.15,48488.54,2002.017,1639672199999,96935225.00385,30100,1083.936,52487670.48091,0
1639672200000,48486.92,48530.00,48301.10,48469.20,1806.772,1639673099999,87455964.12350,27120,887.938,42985140.59921,0
1639673100000,48467.44,48700.00,48366.56,48503.17,2936.606,1639673999999,142634873.92041,38469,1513.285,73508082.09422,0
1639674000000,48505.67,48514.36,48122.23,48218.42,4955.589,1639674899999,239180424.82797,52194,2463.059,118880924.35232,0
1639674900000,48218.41,48314.00,48077.00,48158.82,2764.195,1639675799999,133216146.62030,34833,1311.308,63208579.00419,0
1639675800000,48158.82,48229.99,48066.00,48105.86,2167.827,1639676699999,104372096.16833,30362,1007.906,48534758.72984,0
1639676700000,48105.86,48219.96,48075.43,48093.89,2097.818,1639677599999,101008828.43994,25827,1140.428,54916893.19176,0
1639677600000,48093.90,48320.00,48070.00,48279.97,2325.075,1639678499999,112042989.69063,29787,1525.161,73499207.64249,0
1639678500000,48280.00,48290.90,48172.82,48219.99,1521.285,1639679399999,73354519.66871,18715,816.356,39363419.56534,0
1639679400000,48220.00,48220.00,47855.00,47962.99,4327.833,1639680299999,207726347.08655,49953,1639.773,78695921.42941,0
1639680300000,47963.00,48027.82,47864.47,47996.20,2422.407,1639681199999,116166046.33801,28752,1427.775,68472658.08305,0
1639681200000,47994.29,48126.32,47922.09,47940.40,2093.415,1639682099999,100523935.16522,27808,1068.622,51322056.46419,0
1639682100000,47940.40,47977.62,47733.65,47800.00,2879.743,1639682999999,137690117.25699,40261,1106.410,52908245.72178,0
1639683000000,47800.00,47938.00,47727.63,47868.99,2030.703,1639683899999,97148656.54566,29832,1135.263,54321118.28406,0
1639683900000,47868.99,47898.42,47667.52,47874.00,2819.332,1639684799999,134666246.91303,35895,1402.745,67020201.62435,0
1639684800000,47874.00,48040.00,47838.11,47915.68,2373.017,1639685699999,113787537.09977,31845,1342.363,64370471.22450,0
1639685700000,47915.68,48400.75,47887.49,48321.06,4226.596,1639686599999,203606833.72062,47364,2678.609,129042890.61032,0
1639686600000,48321.06,48383.24,48070.00,48070.00,3967.881,1639687499999,191373681.07922,38907,1727.795,83339441.85614,0
1639687500000,48070.00,48129.82,47918.77,47934.61,2450.944,1639688399999,117774479.59823,29243,1012.378,48660000.68476,0
1639688400000,47935.26,48143.34,47896.63,48126.03,1372.320,1639689299999,65933519.64522,21670,774.051,37190339.56080,0
1639689300000,48123.56,48165.30,47975.75,48104.00,1290.618,1639690199999,62035115.68523,17107,685.301,32943179.68013,0
1639690200000,48104.01,48132.60,48015.22,48072.36,930.287,1639691099999,44713556.66237,14325,476.743,22913364.86504,0
1639691100000,48072.36,48138.12,48031.77,48089.91,945.779,1639691999999,45472283.98075,13059,490.433,23580387.76770,0
1639692000000,48089.92,48160.00,47500.00,47758.37,6383.591,1639692899999,304878081.59021,72072,2624.442,125306025.26199,0
1639692900000,47758.37,47849.64,47657.25,47714.12,2662.403,1639693799999,127175329.95506,31900,1206.421,57637346.22145,0
1639693800000,47714.12,47929.36,47714.12,47865.08,1322.443,1639694699999,63253962.94043,19713,746.820,35720348.69404,0
1639694700000,47865.09,47939.99,47786.35,47815.48,1116.115,1639695599999,53438581.41402,15614,491.192,23522200.49821,0
1639695600000,47815.48,47815.48,47558.00,47678.00,3521.318,1639696499999,167856914.90175,33822,1901.756,90661059.96171,0
1639696500000,47678.00,47775.00,47656.51,47714.59,1221.897,1639697399999,58321212.93116,17927,614.269,29320082.03974,0
1639697400000,47714.60,47727.03,47522.56,47560.21,2185.913,1639698299999,104050720.67145,26816,1000.815,47638218.97325,0
1639698300000,47560.20,47765.42,47520.01,47624.50,1951.531,1639699199999,92989981.45229,24202,986.294,46993663.18322,0
1639699200000,47629.10,47866.97,47358.66,47830.00,6090.799,1639700099999,290221357.45324,60262,2802.172,133606542.29282,0
1639700100000,47830.00,47863.17,47614.60,47757.70,1864.844,1639700999999,89034389.85691,26306,879.563,42008358.93742,0
1639701000000,47757.65,47988.27,47679.54,47815.67,2671.035,1639701899999,127788251.66850,27316,1553.708,74349490.69629,0
1639701900000,47815.66,47884.50,47758.84,47786.19,1400.584,1639702799999,66970296.08992,17660,642.117,30708452.09649,0
1639702800000,47786.18,47950.00,47775.00,47930.92,1250.413,1639703699999,59879620.43983,19054,730.599,34987923.08118,0
1639703700000,47930.93,47984.00,47800.00,47811.01,1317.232,1639704599999,63116387.10434,18732,596.689,28594718.95730,0
1639704600000,47811.01,47840.40,47700.02,47742.81,1653.822,1639705499999,78986219.07488,19892,688.469,32883303.75339,0
1639705500000,47742.80,47847.48,47711.59,47837.93,858.377,1639706399999,41015724.67845,14709,478.298,22855691.55953,0
1639706400000,47837.94,47866.60,47632.17,47653.00,1572.028,1639707299999,74999664.17016,22527,678.262,32364093.44389,0
1639707300000,47654.40,47756.34,47630.05,47733.00,1055.377,1639708199999,50331995.71869,15056,548.558,26163072.37086,0
1639708200000,47733.00,47760.00,47628.00,47721.60,1114.693,1639709099999,53166851.92416,14219,606.368,28920907.91227,0
1639709100000,47721.60,47813.51,47718.38,47804.97,900.546,1639709999999,43019128.36435,13096,511.284,24425198.15536,0
1639710000000,47804.96,47807.12,47638.82,47686.00,1099.433,1639710899999,52460009.87026,14114,484.580,23120721.75905,0
1639710900000,47686.00,47765.00,47670.88,47743.44,679.290,1639711799999,32417800.21957,11271,354.251,16906382.78337,0
1639711800000,47743.44,47804.61,47710.00,47775.01,811.723,1639712699999,38777948.18320,12972,461.410,22043242.55110,0
1639712700000,47775.01,47809.93,47751.11,47762.21,614.652,1639713599999,29368925.37691,10943,322.493,15410381.85206,0
1639713600000,47762.20,47879.22,47737.68,47856.11,1027.178,1639714499999,49134709.84311,17083,554.526,26526227.41331,0
1639714500000,47856.12,47940.00,47760.00,47774.37,1189.683,1639715399999,56926556.20257,17068,571.951,27374385.46042,0
1639715400000,47774.37,47891.03,47750.01,47842.21,865.022,1639716299999,41357104.55960,12659,453.899,21703895.11503,0
1639716300000,47842.22,47916.99,47835.00,47904.62,846.642,1639717199999,40538534.62828,12165,426.090,20403136.32486,0
1639717200000,47904.62,47948.38,47777.00,47802.31,1029.961,1639718099999,49283141.77790,15465,487.140,23312084.65832,0
1639718100000,47802.31,47876.72,47737.66,47876.72,1663.962,1639718999999,79571947.74030,18103,988.274,47263763.90551,0
1639719000000,47876.83,47888.00,47601.60,47651.67,1791.063,1639719899999,85466046.63796,21612,729.382,34805695.38454,0
1639719900000,47651.66,47723.80,47614.73,47695.44,1532.717,1639720799999,73052586.19524,20654,894.335,42625614.08468,0
1639720800000,47694.85,47733.18,47500.00,47549.60,2097.289,1639721699999,99830080.97305,27884,910.915,43358923.87194,0
1639721700000,47548.13,47571.54,47454.07,47559.86,1895.766,1639722599999,90080724.96199,26731,1015.676,48265299.67892,0
1639722600000,47559.59,47603.87,47511.37,47537.27,1112.143,1639723499999,52901005.93553,19951,662.243,31502287.14841,0
1639723500000,47537.26,47542.71,47400.00,47418.40,2010.050,1639724399999,95421712.86070,26603,870.402,41323549.01669,0
1639724400000,47418.40,47435.42,46888.00,47010.50,9519.045,1639725299999,448729794.14611,103145,4066.557,191682874.35571,0
1639725300000,47010.50,47088.00,46825.21,47000.00,5353.051,1639726199999,251335893.65297,62163,2593.929,121816848.31472,0
1639726200000,47000.00,47022.64,46818.99,46890.54,4401.510,1639727099999,206534756.54909,44642,2259.979,106066190.20804,0
1639727100000,46890.64,47042.95,46700.00,46990.01,4546.981,1639727999999,213179199.63338,58336,2077.975,97459054.11421,0
1639728000000,46990.00,47150.00,46920.56,46978.97,3662.756,1639728899999,172273220.58295,43381,2036.283,95792930.80165,0
1639728900000,46980.38,46988.00,46874.27,46920.84,2079.125,1639729799999,97580402.41646,30276,1196.738,56168529.91302,0
1639729800000,46920.83,47172.16,46915.00,47101.72,2557.445,1639730699999,120413935.63039,31165,1456.269,68565726.82922,0
1639730700000,47101.72,47179.22,47041.27,47115.74,1398.598,1639731599999,65880943.16038,24041,750.431,35348540.30517,0
1639731600000,47115.73,47120.30,46950.00,46974.05,1808.700,1639732499999,85062236.39142,27192,689.768,32444975.92469,0
1639732500000,46974.04,47230.00,46951.07,47181.53,2374.418,1639733399999,111919636.47278,37057,1337.462,63042002.14762,0
1639733400000,47181.52,47199.99,47071.48,47103.87,1342.394,1639734299999,63283397.89699,22428,649.064,30600277.92072,0
1639734300000,47103.87,47270.00,47062.49,47206.11,1463.559,1639735199999,69054453.23701,23302,815.437,38479061.56737,0
1639735200000,47206.11,47231.21,47066.11,47081.34,1691.830,1639736099999,79746579.38509,24519,809.175,38146542.95046,0
1639736100000,47081.34,47147.49,46831.01,46849.99,3586.406,1639736999999,168453593.66292,44357,1531.773,71944215.77196,0
1639737000000,46850.04,47034.81,46748.79,47000.38,3240.457,1639737899999,152049594.51357,39469,1681.595,78920762.06484,0
1639737900000,47000.39,47075.68,46856.68,46931.46,2170.900,1639738799999,101947370.94577,30502,1002.873,47105054.16941,0
1639738800000,46933.33,47190.20,46855.42,47133.93,2885.720,1639739699999,135825481.16853,35505,1572.291,74009687.90139,0
1639739700000,47133.96,47285.17,47068.10,47212.58,2556.611,1639740599999,120632724.89232,28591,1409.068,66487282.12913,0
1639740600000,47212.58,47260.00,47107.93,47184.87,1770.252,1639741499999,83506591.69406,24170,740.670,34941137.03771,0
1639741500000,47184.86,47188.02,47001.13,47100.00,1767.063,1639742399999,83190248.06703,23503,898.785,42312712.73296,0
1639742400000,47100.01,47193.79,46911.41,47065.01,2246.245,1639743299999,105687397.85409,32208,1165.210,54829033.86857,0
1639743300000,47065.01,47362.52,47038.51,47215.51,3408.585,1639744199999,160994506.59446,40952,1911.920,90314926.97586,0
1639744200000,47216.00,47227.33,47068.11,47131.00,1520.264,1639745099999,71687435.23397,25983,768.315,36229503.49603,0
1639745100000,47131.00,47180.90,47000.00,47026.98,1958.943,1639745999999,92179418.15575,26516,1002.180,47158787.59617,0
1639746000000,47025.92,47150.00,46957.51,47008.00,1854.346,1639746899999,87238417.12230,28818,905.237,42591013.57971,0
1639746900000,47008.00,47184.77,46988.49,47161.00,1401.070,1639747799999,65998889.03912,23968,723.343,34071948.77460,0
1639747800000,47160.99,47220.57,47050.01,47106.36,1406.184,1639748699999,66295368.22437,24233,684.216,32260938.81411,0
1639748700000,47106.35,47146.00,46863.87,46935.00,2798.561,1639749599999,131467347.92687,35157,1090.657,51245965.27114,0
1639749600000,46935.00,46990.00,46610.00,46712.51,6770.063,1639750499999,316412514.44592,75474,3002.314,140330948.45643,0
1639750500000,46712.52,46814.77,46540.00,46676.60,4369.249,1639751399999,203875875.12110,54815,2067.538,96497900.09640,0
1639751400000,46676.59,46748.72,45750.00,45854.53,18052.019,1639752299999,833389523.16569,178310,7156.746,330409107.13285,0
1639752300000,45854.53,46131.77,45678.00,45940.29,12922.559,1639753199999,593178978.87896,134706,6950.382,319142134.95971,0
1639753200000,45944.63,45949.95,45500.00,45674.73,10915.657,1639754099999,498974576.37766,117241,4968.023,227170670.34818,0
1639754100000,45673.70,45981.52,45373.11,45899.82,10799.671,1639754999999,493453559.36584,111093,5267.466,240797266.40823,0
1639755000000,45899.82,46452.32,45884.93,46294.92,11793.046,1639755899999,545418011.04950,118427,6254.883,289196492.18266,0
1639755900000,46291.56,46576.68,46280.61,46487.19,6801.309,1639756799999,315896872.30564,73759,3309.167,153728186.64281,0
1639756800000,46490.50,46869.94,46351.41,46727.21,7494.751,1639757699999,349328461.73757,82671,4140.489,193042552.58249,0
1639757700000,46727.20,47393.84,46660.00,47339.00,10102.254,1639758599999,474661294.47652,108883,5596.332,263054518.15122,0
1639758600000,47342.99,47430.00,46767.55,46864.25,10212.471,1639759499999,481041831.58041,103341,4790.735,225718786.88191,0
1639759500000,46864.25,47100.00,46717.46,47059.43,5736.201,1639760399999,268872106.39994,62700,2898.230,135917811.53090,0
1639760400000,47060.69,47064.43,46791.00,46945.60,2510.190,1639761299999,117755776.30599,39270,1137.559,53365452.10850,0
1639761300000,46945.60,47000.00,46728.98,46844.98,2635.182,1639762199999,123475397.88790,37331,1330.932,62374150.07491,0
1639762200000,46842.46,46917.98,46650.00,46680.64,2532.241,1639763099999,118496360.92827,35391,1031.092,48262925.52351,0
1639763100000,46680.64,46783.12,46600.00,46748.83,3111.291,1639763999999,145276796.39013,40529,1557.648,72744893.06247,0
1639764000000,46748.84,46855.77,46642.00,46642.47,2684.888,1639764899999,125522036.31397,32183,1127.551,52718962.06453,0
1639764900000,46642.47,46774.00,46635.69,46745.01,1172.633,1639765799999,54772659.79783,20993,633.593,29594094.75077,0
1639765800000,46745.01,46758.47,46605.24,46632.07,1224.974,1639766699999,57186129.52784,21346,637.975,29785263.40863,0
1639766700000,46632.07,47080.26,46612.87,46975.05,4373.090,1639767599999,204859494.24440,45597,2845.446,133316673.27239,0
1639767600000,46975.51,47108.26,46868.40,46909.77,3396.180,1639768499999,159537804.33123,36393,1589.436,74670424.69914,0
1639768500000,46909.77,47009.86,46765.00,46830.71,1781.511,1639769399999,83550158.58856,26535,703.204,32987520.77305,0
1639769400000,46830.71,46859.09,46680.08,46779.88,1779.114,1639770299999,83188088.98922,25876,866.059,40501082.68981,0
1639770300000,46778.07,46835.52,46670.00,46742.66,1268.671,1639771199999,59308389.79690,20041,598.478,27983346.52241,0
1639771200000,46742.66,46820.54,46670.14,46678.12,1157.399,1639772099999,54113209.95419,20053,619.211,28955214.67715,0
1639772100000,46678.11,46726.35,46224.46,46388.19,6179.224,1639772999999,287188881.30780,61813,2341.261,108854859.72847,0
1639773000000,46388.20,46408.00,46127.42,46283.07,4244.899,1639773899999,196363215.56600,48875,2044.489,94583820.58440,0
1639773900000,46283.30,46418.64,46171.26,46171.27,2421.791,1639774799999,112076849.66920,31667,1354.825,62706911.22072,0
1639774800000,46171.26,46372.43,46096.17,46354.98,3063.082,1639775699999,141592423.31721,35751,1776.888,82146618.68447,0
1639775700000,46354.99,46668.29,46350.00,46491.84,3805.439,1639776599999,177021163.67942,41397,2225.175,103514008.97029,0
1639776600000,46491.83,47090.38,46491.83,46880.07,5666.695,1639777499999,265551227.74308,54781,3148.155,147462661.24653,0
1639777500000,46880.07,46992.40,46799.26,46840.71,2029.220,1639778399999,95155842.29368,29870,945.578,44348573.04665,0
1639778400000,46840.72,46954.44,46103.91,46236.12,7933.749,1639779299999,368220043.05969,78600,2876.804,133411139.12201,0
1639779300000,46236.12,46369.19,45500.00,46295.83,12096.150,1639780199999,555292447.25831,132139,5568.150,255690402.30412,0
1639780200000,46299.99,46425.48,45903.00,46179.96,4069.274,1639781099999,188047474.96709,52592,1768.698,81759411.61144,0
1639781100000,46179.96,46673.04,46178.37,46522.00,3123.302,1639781999999,144972953.43581,42098,1865.362,86586353.54973,0
1639782000000,46522.00,46532.14,46336.60,46357.95,1790.063,1639782899999,83068421.75468,29930,834.028,38707094.59984,0
1639782900000,46357.94,46473.59,46243.00,46307.47,1655.215,1639783799999,76705799.98476,27183,689.782,31979685.03896,0
1639783800000,46307.47,46430.07,46165.63,46382.77,1779.533,1639784699999,82438854.88433,29384,833.787,38629179.60319,0
1639784700000,46382.77,46395.90,46064.07,46125.33,2216.542,1639785599999,102440292.29612,31969,1027.034,47460247.74546,0
1639785600000,46125.33,46248.06,45750.00,45852.45,4681.005,1639786499999,215236411.07054,55160,2285.127,105083973.18086,0
1639786500000,45852.44,46095.29,45752.69,45906.52,3006.025,1639787399999,138076087.53636,35642,1598.010,73410277.67340,0
1639787400000,45905.22,46300.00,45776.47,46185.41,3919.196,1639788299999,180506116.29115,43821,2214.733,102007226.76247,0
1639788300000,46181.92,46365.00,46138.91,46287.94,1892.762,1639789199999,87556529.02743,22857,936.623,43327056.06734,0
1639789200000,46287.94,46341.27,45847.14,45940.25,3537.156,1639790099999,162962469.44179,34241,1300.975,59926815.95214,0
1639790100000,45941.63,46082.18,45668.86,45775.80,3616.383,1639790999999,165692426.75323,43396,1851.782,84869233.06335,0
1639791000000,45776.34,45866.84,45620.00,45850.00,2864.966,1639791899999,131001949.80556,30495,1765.096,80723915.75570,0
1639791900000,45850.00,45880.00,45605.13,45641.96,2316.674,1639792799999,105911288.44206,29890,988.794,45211259.09537,0
1639792800000,45641.96,45862.47,45438.43,45853.23,4663.868,1639793699999,212850093.29176,57577,2270.424,103685791.62086,0
1639793700000,45853.23,45945.73,45775.01,45831.63,2420.889,1639794599999,111034865.66260,32907,1161.761,53292240.83187,0
1639794600000,45831.63,45941.57,45676.44,45902.82,1899.821,1639795499999,87035537.26400,28489,1008.125,46195129.41558,0
1639795500000,45902.82,45902.83,45600.21,45676.79,1869.608,1639796399999,85464912.52185,29131,839.539,38377756.92576,0
1639796400000,45676.88,45900.00,45652.53,45900.00,1528.094,1639797299999,69991945.68913,25465,862.040,39484444.83563,0
1639797300000,45900.00,46040.00,45852.86,45943.92,1871.586,1639798199999,86024199.23140,27834,1078.353,49570605.61055,0
1639798200000,45943.92,46535.58,45942.57,46365.62,6128.317,1639799099999,283647494.85322,67708,3351.031,155065832.32857,0
1639799100000,46363.97,46375.99,46193.02,46267.44,1939.220,1639799999999,89760124.71851,26863,1007.283,46624308.94158,0
1639800000000,46267.45,46320.00,46046.01,46157.15,2062.588,1639800899999,95193870.58265,31270,980.496,45253926.40338,0
1639800900000,46158.69,46359.95,46128.00,46277.20,1980.322,1639801799999,91627292.33899,25241,1066.619,49345669.91178,0
1639801800000,46277.20,46403.87,46170.26,46400.88,1422.337,1639802699999,65823826.63012,23944,753.924,34898595.16364,0
1639802700000,46400.85,46489.78,46336.43,46380.01,1584.406,1639803599999,73537428.27404,27366,717.450,33304065.52444,0
1639803600000,46380.00,46509.62,46189.12,46458.87,2284.258,1639804499999,105881892.10316,31550,1065.318,49397066.23264,0
1639804500000,46456.42,46778.00,46426.79,46668.92,3804.481,1639805399999,177234086.09095,42939,2313.004,107771409.46031,0
1639805400000,46668.92,46841.37,46627.00,46700.04,3183.538,1639806299999,148720462.10793,38062,1610.412,75248126.25881,0
1639806300000,46700.03,46847.60,46567.89,46578.92,2474.328,1639807199999,115542310.46916,31200,1106.209,51676480.74920,0
1639807200000,46578.92,46745.18,46492.44,46492.45,2402.001,1639808099999,111932527.26961,31467,1025.053,47778793.90650,0
1639808100000,46495.73,46571.42,46417.92,46466.28,1806.947,1639808999999,83987101.26738,27478,805.215,37428223.53258,0
1639809000000,46466.28,46526.84,46330.98,46374.31,2030.604,1639809899999,94262637.59808,27583,1024.335,47553200.08861,0
1639809900000,46374.31,46410.00,46238.28,46310.60,1892.015,1639810799999,87669172.58634,26679,822.898,38135288.61175,0
1639810800000,46310.61,46440.00,46305.04,46378.53,1478.297,1639811699999,68544537.60400,21955,889.713,41255610.79714,0
1639811700000,46380.59,46450.00,46320.83,46420.63,925.016,1639812599999,42908626.49688,19088,559.268,25945991.72322,0
1639812600000,46420.62,46449.00,46308.49,46353.42,980.099,1639813499999,45443056.87154,16483,418.903,19425325.28354,0
1639813500000,46353.41,46412.99,46274.35,46324.60,1024.020,1639814399999,47462081.67134,17793,438.475,20325357.10125,0
1639814400000,46327.75,46607.35,46321.43,46552.97,2005.178,1639815299999,93237392.17559,30256,1234.730,57409388.21830,0
1639815300000,46552.97,46645.64,46505.56,46560.11,1326.926,1639816199999,61804535.92969,25664,620.855,28919455.78189,0
1639816200000,46560.11,46606.73,46220.01,46235.05,2896.889,1639817099999,134400015.89232,33676,954.699,44300530.24350,0
1639817100000,46236.50,46330.00,46169.17,46308.87,2100.134,1639817999999,97107267.41414,30930,1093.168,50554382.12678,0
1639818000000,46308.88,46523.82,46301.79,46492.46,1843.129,1639818899999,85580728.08064,28509,1112.233,51647634.36746,0
1639818900000,46492.47,46536.94,46428.40,46430.65,973.386,1639819799999,45240549.99710,18938,410.664,19088277.54838,0
1639819800000,46430.65,46616.72,46430.00,46575.32,1537.570,1639820699999,71572870.30872,23533,771.704,35924634.60926,0
1639820700000,46575.32,46841.70,46528.60,46813.94,3236.088,1639821599999,151140344.27721,38442,1933.071,90300174.78551,0
1639821600000,46813.94,46927.00,46671.23,46726.73,3386.976,1639822499999,158555831.03037,45708,1552.516,72693265.71660,0
1639822500000,46725.61,46999.00,46692.82,46807.00,2299.278,1639823399999,107703326.00128,35057,1248.639,58495517.14497,0
1639823400000,46807.00,47050.00,46783.07,46947.14,2382.451,1639824299999,111792062.15822,33534,1365.175,64065366.75933,0
1639824300000,46947.14,47328.49,46947.13,47299.82,6050.293,1639825199999,285528331.29091,72572,3486.182,164520711.01509,0
1639825200000,47302.86,47336.99,47154.54,47161.78,2679.172,1639826099999,126524230.03558,38953,1165.716,55064124.22731,0
1639826100000,47161.77,47181.62,47031.51,47100.00,2481.176,1639826999999,116853212.16445,33413,1269.491,59791682.95963,0
1639827000000,47100.00,47218.11,47090.00,47150.01,1345.751,1639827899999,63469818.64605,23613,668.430,31526958.82368,0
1639827900000,47150.01,47150.01,46907.40,47059.59,2398.998,1639828799999,112811668.66574,33656,1008.033,47402197.74186,0
1639828800000,47055.71,47150.00,47016.21,47087.74,1398.896,1639829699999,65878123.92915,25337,725.471,34166827.30162,0
1639829700000,47087.75,47087.75,46865.95,46952.56,2026.996,1639830599999,95213701.74090,28330,859.729,40380904.89126,0
1639830600000,46953.43,47025.42,46910.53,46955.99,1134.899,1639831499999,53297569.20072,19968,636.982,29915063.57874,0
1639831500000,46955.99,47078.30,46950.00,47018.28,1293.927,1639832399999,60835801.70521,21712,686.206,32263851.71973,0
1639832400000,47018.28,47071.40,46950.46,47009.40,1184.624,1639833299999,55689808.44587,20555,632.187,29719484.94990,0
1639833300000,47009.40,47026.92,46871.10,46959.40,1378.533,1639834199999,64733062.94269,22222,732.300,34390720.07046,0
1639834200000,46959.40,47006.60,46762.00,46790.80,2391.348,1639835099999,112086071.26917,30607,802.676,37631586.27419,0
1639835100000,46790.80,46856.53,46550.00,46621.71,3279.858,1639835999999,153208106.76018,39844,1338.187,62535993.47310,0
1639836000000,46622.15,46780.46,46590.00,46765.98,2501.739,1639836899999,116808880.86923,35045,1481.865,69198327.78463,0
1639836900000,46765.98,46973.00,46743.96,46799.00,2601.732,1639837799999,121877141.94801,35423,1500.388,70296470.43985,0
1639837800000,46799.24,46939.95,46750.02,46909.05,1312.212,1639838699999,61470491.80679,24097,753.979,35324698.12684,0
1639838700000,46909.06,47035.60,46909.06,46980.68,1528.072,1639839599999,71784715.63393,26203,853.688,40106559.49764,0
1639839600000,46982.92,47069.03,46904.56,47027.60,1324.425,1639840499999,62231650.08132,23177,683.112,32103622.23773,0
1639840500000,47027.61,47220.97,47019.24,47040.98,2450.591,1639841399999,115415158.99541,31822,1328.584,62584985.41962,0
1639841400000,47040.98,47043.47,46876.50,47020.23,1652.664,1639842299999,77612653.97085,25580,775.129,36405137.95610,0
1639842300000,47020.22,47041.42,46800.14,46846.39,2344.637,1639843199999,109916668.81880,31001,973.742,45656851.62040,0
1639843200000,46845.24,46914.97,46728.47,46888.29,2215.652,1639844099999,103742541.61953,30659,1193.112,55871703.03970,0
1639844100000,46887.95,46977.65,46831.80,46922.42,1256.664,1639844999999,58953180.20714,21331,639.252,29990824.15497,0
1639845000000,46925.32,46926.20,46753.18,46829.55,1743.230,1639845899999,81640275.04691,24698,848.216,39723028.11371,0
1639845900000,46829.55,46930.68,46770.32,46783.80,1206.606,1639846799999,56538175.30808,22343,603.900,28299365.63837,0
1639846800000,46783.80,46848.21,46728.60,46803.10,1339.213,1639847699999,62655739.56609,23479,610.296,28554236.91005,0
1639847700000,46803.10,46835.55,46632.00,46705.69,1671.738,1639848599999,78136438.46998,25039,775.736,36262164.90880,0
1639848600000,46705.70,46799.31,46642.21,46709.99,1292.910,1639849499999,60396268.71765,24441,625.417,29218885.00943,0
1639849500000,46709.99,46730.86,46590.00,46657.55,1347.070,1639850399999,62850323.52700,27407,609.231,28427970.24152,0
1639850400000,46657.54,46762.64,46618.00,46688.59,1098.746,1639851299999,51300711.77589,20066,677.731,31646618.92352,0
1639851300000,46688.59,46774.87,46635.66,46688.60,901.001,1639852199999,42091509.53992,17387,453.171,21171840.00959,0
1639852200000,46688.60,46749.78,46663.37,46717.69,594.514,1639853099999,27768998.44040,13728,324.385,15152001.66691,0
1639853100000,46721.86,46757.65,46684.15,46720.28,653.058,1639853999999,30515845.58779,13537,292.159,13652701.10824,0
1639854000000,46720.28,46762.37,46310.00,46428.38,4144.933,1639854899999,192623185.56017,49477,1574.487,73175424.06401,0
1639854900000,46430.54,46562.09,46340.00,46503.63,2062.490,1639855799999,95825759.81892,28872,1152.606,53552780.51834,0
1639855800000,46503.63,46582.27,46447.15,46552.82,1036.167,1639856699999,48206943.33290,18954,545.981,25403271.21198,0
1639856700000,46553.30,46721.23,46551.73,46623.99,1448.202,1639857599999,67547251.51541,24068,763.174,35597401.94085,0
1639857600000,46623.99,46659.02,46506.52,46576.37,965.352,1639858499999,44948030.91326,18797,414.527,19302401.42543,0
1639858500000,46576.37,46679.23,46523.32,46669.10,762.191,1639859399999,35533454.54496,15320,410.438,19136851.06211,0
1639859400000,46669.10,46701.48,46610.72,46674.71,725.554,1639860299999,33859900.44368,14609,401.586,18742648.29192,0
1639860300000,46677.13,46868.96,46661.80,46835.56,2120.100,1639861199999,99189275.36853,27743,1357.862,63527760.00298,0
1639861200000,46835.48,46913.37,46775.00,46803.21,1623.470,1639862099999,76056126.61942,24683,832.652,39013008.95443,0
1639862100000,46803.22,46815.16,46719.56,46800.20,886.053,1639862999999,41435287.56231,15738,395.805,18511062.48312,0
1639863000000,46800.20,46964.17,46800.20,46876.15,1023.523,1639863899999,47984590.66636,19256,549.062,25741299.97607,0
1639863900000,46875.61,46934.51,46850.00,46916.99,701.199,1639864799999,32880033.52384,14079,349.362,16382911.92380,0
1639864800000,46916.98,47087.42,46782.42,46912.72,1883.231,1639865699999,88371376.04873,25355,974.418,45743712.39714,0
1639865700000,46914.31,47098.60,46841.36,46859.35,1757.461,1639866599999,82582611.81824,25189,818.998,38492200.37834,0
1639866600000,46857.30,46914.99,46790.00,46825.97,1004.444,1639867499999,47056445.81483,18276,372.717,17462679.75983,0
1639867500000,46825.96,46845.25,46637.62,46762.67,1019.637,1639868399999,47678595.39838,17039,443.676,20748498.54582,0
1639868400000,46762.66,46879.07,46629.17,46799.05,1198.540,1639869299999,56059192.22611,20767,641.009,29985106.03491,0
1639869300000,46799.05,46833.94,46626.12,46814.13,1033.794,1639870199999,48310045.63014,18542,488.497,22830575.12835,0
1639870200000,46814.14,46983.99,46811.89,46922.82,1162.016,1639871099999,54508709.32297,20188,669.534,31406805.54419,0
1639871100000,46922.83,46967.10,46777.00,46815.99,888.281,1639871999999,41631541.57535,17044,332.588,15589162.06647,0
1639872000000,46815.99,46881.23,46720.00,46805.57,1108.853,1639872899999,51881348.47869,15547,569.578,26653277.02228,0
1639872900000,46805.56,46808.00,46622.00,46647.32,1396.913,1639873799999,65230863.75690,20220,619.978,28950779.22401,0
1639873800000,46647.31,46725.65,46552.92,46599.41,1532.798,1639874699999,71486344.93936,21346,678.631,31651484.88539,0
1639874700000,46599.41,46666.66,46530.00,46648.65,891.868,1639875599999,41565512.70942,16324,460.689,21473124.16600,0
1639875600000,46648.66,46805.61,46613.70,46770.58,1536.196,1639876499999,71783944.21809,17820,825.246,38552007.26925,0
1639876500000,46770.58,46778.43,46399.37,46461.81,2122.461,1639877399999,98794205.16489,28575,921.146,42870696.87783,0
1639877400000,46461.81,46588.30,46415.17,46509.56,1197.664,1639878299999,55713256.30812,19215,710.943,33069030.53701,0
1639878300000,46510.79,46605.41,46470.45,46558.13,954.171,1639879199999,44419292.75764,15589,485.218,22591225.75853,0
1639879200000,46560.90,46640.00,46520.00,46634.99,767.316,1639880099999,35758613.05086,15673,435.363,20289530.58918,0
1639880100000,46635.00,46727.00,46582.73,46709.36,936.940,1639880999999,43717957.74737,16977,486.660,22711184.32831,0
1639881000000,46709.37,46918.42,46681.75,46911.31,1949.718,1639881899999,91286154.55062,26872,1038.999,48644674.29113,0
1639881900000,46911.32,47160.92,46904.39,47121.61,3387.531,1639882799999,159302401.54520,39257,1703.628,80122859.63321,0
1639882800000,47120.29,47511.83,47100.17,47394.15,5583.195,1639883699999,264017538.57067,59732,3198.918,151278404.65353,0
1639883700000,47394.14,47888.00,47394.14,47810.00,7354.475,1639884599999,350541991.35876,81758,4222.100,201206932.52357,0
1639884600000,47810.00,47950.00,47713.44,47713.44,5891.961,1639885499999,281839835.86829,57786,2641.901,126391236.19718,0
1639885500000,47713.44,47814.04,47627.51,47685.96,3299.630,1639886399999,157426481.96099,35474,1263.206,60277725.47062,0
1639886400000,47685.96,47942.35,47682.47,47862.22,2782.973,1639887299999,133192689.78485,35456,1590.099,76105521.69622,0
1639887300000,47859.94,47924.18,47767.19,47845.38,1648.774,1639888199999,78878604.70430,23246,623.672,29840952.38854,0
1639888200000,47845.39,48055.00,47830.12,47934.37,3933.965,1639889099999,188658189.26858,40975,2090.959,100275148.28204,0
1639889100000,47933.05,48022.00,47864.02,47871.31,2150.517,1639889999999,103091636.79360,24338,1091.442,52329355.29107,0
1639890000000,47871.32,47966.76,47806.51,47943.69,2011.462,1639890899999,96286469.67292,26154,1137.219,54443394.92550,0
1639890900000,47943.70,48009.89,47819.50,47837.40,1529.249,1639891799999,73290815.92898,21806,680.032,32590578.84214,0
1639891800000,47840.04,47859.00,47687.46,47701.42,2288.251,1639892699999,109263791.49848,28294,855.326,40843924.73175,0
1639892700000,47705.17,47736.99,47522.86,47601.88,3002.296,1639893599999,143010299.69988,37922,1295.589,61725109.23409,0
1639893600000,47601.89,47666.00,47506.66,47645.21,2056.667,1639894499999,97886806.08523,28013,1102.492,52480721.12676,0
1639894500000,47645.20,47665.92,47570.00,47582.29,1177.431,1639895399999,56065573.34501,19413,661.917,31520579.50875,0
1639895400000,47582.29,47615.06,47476.42,47528.48,1575.167,1639896299999,74876724.17375,23415,720.181,34235040.06511,0
1639896300000,47528.49,47562.44,47429.07,47471.12,1209.831,1639897199999,57460778.76747,20599,596.562,28336468.54616,0
1639897200000,47470.94,47666.00,47434.51,47627.41,2314.795,1639898099999,110077005.41768,28661,1389.010,66060529.66273,0
1639898100000,47627.42,47644.37,47533.90,47613.70,1526.372,1639898999999,72636032.91198,20064,581.151,27660237.28333,0
1639899000000,47613.70,47732.98,47570.39,47631.13,1448.404,1639899899999,69021242.78568,21711,760.475,36247022.42480,0
1639899900000,47631.13,47662.47,47422.24,47507.85,1727.498,1639900799999,82101269.27075,24222,692.856,32931674.97148,0
1639900800000,47507.85,47628.50,47480.92,47589.19,1263.197,1639901699999,60084905.36571,20964,669.887,31866172.02043,0
1639901700000,47589.18,47610.00,47475.27,47504.66,804.606,1639902599999,38249332.94529,16090,365.573,17379870.33417,0
1639902600000,47505.10,47555.00,47392.45,47534.57,1531.800,1639903499999,72723225.26343,22409,723.529,34353570.63893,0
1639903500000,47534.57,47535.00,47450.00,47462.68,689.781,1639904399999,32754608.08101,14635,348.076,16528677.03459,0
1639904400000,47463.03,47548.11,47200.00,47228.68,3998.048,1639905299999,189247069.73127,43984,1768.734,83741263.34137,0
1639905300000,47228.67,47255.48,47089.41,47089.41,4665.070,1639906199999,220062502.02808,48071,2284.609,107790968.30961,0
1639906200000,47090.01,47176.54,47014.89,47126.81,3979.990,1639907099999,187473233.12111,42956,2138.271,100731215.82255,0
1639907100000,47126.80,47168.96,47046.41,47093.60,1726.822,1639907999999,81347053.28342,22962,844.566,39792070.85636,0
1639908000000,47093.60,47129.00,46902.27,46978.10,3227.167,1639908899999,151676114.96238,40646,1523.801,71630703.47729,0
1639908900000,46978.11,47025.37,46800.00,47015.74,3044.028,1639909799999,142807032.54228,37754,1612.698,75673222.49024,0
1639909800000,47015.74,47179.98,46987.04,47156.29,2399.842,1639910699999,112971099.51922,29364,1572.929,74050767.98959,0
1639910700000,47156.30,47224.89,47078.00,47126.85,2301.321,1639911599999,108511686.86531,27677,1223.112,57679063.33316,0
1639911600000,47126.86,47131.87,46960.00,47052.32,2107.515,1639912499999,99094838.61454,27722,990.876,46587006.30162,0
1639912500000,47052.47,47111.94,46970.00,46970.01,1102.028,1639913399999,51861673.28481,18943,521.276,24535358.23766,0
1639913400000,46970.01,47170.00,46949.64,47129.39,1842.058,1639914299999,86727844.73265,21834,1182.742,55691869.05920,0
1639914300000,47129.39,47189.73,47050.00,47141.22,1598.408,1639915199999,75326784.94207,20212,754.507,35563268.03735,0
1639915200000,47141.22,47169.88,46918.50,46942.68,2736.192,1639916099999,128666962.27548,31353,924.204,43460998.09907,0
1639916100000,46942.68,47094.00,46844.13,47058.25,1917.469,1639916999999,90087840.96539,27169,985.210,46297794.76487,0
1639917000000,47058.24,47134.84,47010.00,47081.29,1217.917,1639917899999,57340565.01913,20562,616.987,29051067.54209,0
1639917900000,47082.15,47275.00,47071.19,47234.99,2505.681,1639918799999,118254363.89948,32078,1459.550,68881125.92707,0
1639918800000,47235.18,47446.89,47200.00,47420.59,3455.851,1639919699999,163536365.54378,41388,2115.188,100110755.45213,0
1639919700000,47420.59,47422.46,47166.96,47167.27,2169.778,1639920599999,102631623.73293,29340,712.729,33716653.69086,0
1639920600000,47169.71,47199.36,46860.00,46986.00,4883.875,1639921499999,229554656.35811,54797,2225.747,104621484.94194,0
1639921500000,46984.57,47750.00,46915.97,47607.22,7799.186,1639922399999,369481840.35053,76144,4552.292,215578789.85920,0
1639922400000,47606.89,48461.17,46958.61,47190.99,21876.838,1639923299999,1045914032.30457,200279,11095.667,530858487.27360,0
1639923300000,47189.02,47379.25,47067.00,47263.45,6421.534,1639924199999,303400301.00670,70349,3387.053,160044645.31481,0
1639924200000,47263.40,47681.72,47215.94,47513.52,4920.655,1639925099999,233424796.52324,54478,2515.346,119313025.58393,0
1639925100000,47513.52,47513.53,47214.02,47372.69,2590.140,1639925999999,122655793.31510,30569,1129.422,53480756.65253,0
1639926000000,47372.69,47452.37,47199.13,47249.98,1958.794,1639926899999,92656074.55918,27162,841.176,39796754.34418,0
1639926900000,47249.99,47340.04,47152.23,47314.36,1737.099,1639927799999,82067133.96829,24668,896.166,42342518.05555,0
1639927800000,47314.36,47342.58,47170.00,47228.53,984.772,1639928699999,46524534.07421,15711,409.941,19367985.89629,0
1639928700000,47228.54,47273.63,47125.00,47228.69,1394.522,1639929599999,65808338.82258,16447,680.187,32105770.97578,0
1639929600000,47230.34,47315.83,47129.23,47289.94,1637.180,1639930499999,77317282.05928,19756,976.536,46128051.37303,0
1639930500000,47289.94,47473.33,47222.15,47321.64,2868.514,1639931399999,135801960.65152,31252,1397.858,66173692.46934,0
1639931400000,47321.64,47353.07,47165.00,47193.96,1412.618,1639932299999,66737248.67965,16108,682.046,32227684.05005,0
1639932300000,47193.96,47260.84,47140.00,47162.00,1192.651,1639933199999,56274876.89100,16399,612.103,28884737.39050,0
1639933200000,47162.01,47234.46,47032.23,47206.09,2772.212,1639934099999,130662453.45959,29046,1220.429,57535751.95238,0
1639934100000,47206.09,47213.00,47014.00,47088.26,1653.824,1639934999999,77870915.96458,19912,743.158,34994148.35894,0
1639935000000,47090.95,47132.99,47046.76,47078.41,1041.449,1639935899999,49049211.85759,13878,545.463,25691968.50094,0
1639935900000,47078.40,47130.00,47022.00,47129.99,965.156,1639936799999,45437279.59730,13961,527.736,24847644.31382,0
1639936800000,47129.98,47129.99,46860.00,46903.82,2164.451,1639937699999,101675756.06661,28864,826.460,38835855.51247,0
1639937700000,46903.82,46999.00,46867.14,46990.62,1368.337,1639938599999,64234995.07262,19261,753.544,35376979.87925,0
1639938600000,46990.62,47078.00,46924.55,47071.23,1278.756,1639939499999,60104277.88522,15200,810.793,38114317.44886,0
1639939500000,47071.23,47176.02,47000.00,47104.73,1414.533,1639940399999,66610488.36976,17137,623.286,29351459.04861,0
1639940400000,47104.73,47144.92,46897.26,46930.11,1311.734,1639941299999,61677024.93686,16404,481.658,22651568.34816,0
1639941300000,46930.11,46997.84,46447.05,46684.06,6547.499,1639942199999,305657818.75317,62644,2344.148,109463702.20499,0
1639942200000,46681.17,46747.34,46580.00,46701.72,1775.883,1639943099999,82890630.18446,25559,956.493,44651120.32514,0
1639943100000,46702.26,46742.04,46570.10,46656.13,1628.838,1639943999999,75992281.12029,21215,721.496,33668194.69575,0
1639944000000,46658.72,46798.71,46450.00,46797.87,2764.562,1639944899999,128830424.00709,35303,1425.268,66450281.28206,0
1639944900000,46797.86,46824.68,46668.14,46678.15,1506.151,1639945799999,70413222.19450,19139,708.538,33130639.60938,0
1639945800000,46678.15,46814.33,46676.09,46757.66,777.880,1639946699999,36378584.96595,12548,421.818,19727424.36508,0
1639946700000,46757.66,46874.92,46737.63,46753.58,1860.946,1639947599999,87100184.10931,18830,944.274,44201030.28436,0
1639947600000,46752.09,46827.99,46700.00,46762.41,1039.221,1639948499999,48584475.79152,13366,424.103,19830345.43835,0
1639948500000,46762.34,46842.00,46715.44,46808.01,826.632,1639949399999,38681147.42788,11298,407.334,19061933.26050,0
1639949400000,46809.05,46865.49,46764.00,46834.46,604.687,1639950299999,28307844.73797,9577,326.777,15298169.89345,0
1639950300000,46834.46,46834.46,46620.00,46714.99,1773.400,1639951199999,82827656.79974,17789,725.391,33880650.46544,0
1639951200000,46714.99,47182.45,46638.02,47090.73,3407.274,1639952099999,160002818.77904,40599,2050.692,96278427.41888,0
1639952100000,47090.74,47120.00,47000.00,47063.74,1544.571,1639952999999,72694157.49030,19380,828.924,39014911.56856,0
1639953000000,47063.74,47073.49,46960.00,47015.40,907.573,1639953899999,42667275.48018,12065,365.212,17171247.30026,0
1639953900000,47015.40,47549.79,47010.00,47282.40,5241.366,1639954799999,247987426.99181,50229,3152.829,149144557.13433,0
1639954800000,47282.39,47426.06,47067.70,47113.32,3097.478,1639955699999,146226443.10169,31756,1355.925,64022390.49161,0
1639955700000,47113.32,47143.42,46923.01,46983.68,1946.719,1639956599999,91567234.11155,23448,889.371,41839188.65358,0
1639956600000,46983.69,47033.63,46771.58,46929.00,3051.756,1639957499999,143024145.36915,30883,1501.150,70361747.64731,0
1639957500000,46929.00,46937.05,46560.00,46668.63,3167.364,1639958399999,147958663.71638,35048,1202.104,56146173.68824,0
1639958400000,46668.65,46735.64,46222.00,46384.50,7346.238,1639959299999,341663094.22073,74653,3282.018,152732484.62130,0
1639959300000,46383.13,46550.00,46200.00,46503.05,4339.771,1639960199999,201172100.57127,48234,2371.887,109988116.59853,0
1639960200000,46503.05,46663.14,46439.17,46657.21,1938.243,1639961099999,90228998.92473,23290,1129.230,52572809.72051,0
1639961100000,46658.12,46870.84,46567.58,46866.62,2842.633,1639961999999,132811200.29743,29875,1649.607,77099203.18782,0
1639962000000,46866.61,47203.22,46800.11,47117.51,5014.431,1639962899999,235695193.84352,50714,2713.083,127565027.24778,0
1639962900000,47117.51,47189.64,46715.83,46797.10,3553.542,1639963799999,166631517.86513,37326,1379.385,64697781.44554,0
1639963800000,46797.10,46823.42,46481.00,46517.61,3506.820,1639964699999,163491332.33859,36516,1501.933,70017088.51565,0
1639964700000,46517.61,46765.57,46517.61,46605.53,1763.714,1639965599999,82260048.83016,21059,993.152,46321772.13257,0
1639965600000,46605.52,46645.00,46450.00,46528.98,1642.591,1639966499999,76438484.75768,21472,699.979,32572681.67367,0
1639966500000,46528.98,46820.00,46516.45,46687.31,1930.306,1639967399999,90069003.95340,23993,1090.342,50876440.17208,0
1639967400000,46687.98,46813.28,46606.40,46727.93,1414.862,1639968299999,66105203.20372,17692,734.031,34296853.32981,0
1639968300000,46730.11,46787.73,46587.76,46717.81,1045.985,1639969199999,48826708.49174,16082,498.976,23295538.36211,0
1639969200000,46717.81,46830.00,46663.91,46725.04,1023.561,1639970099999,47861705.68494,15005,494.534,23125990.55780,0
1639970100000,46728.62,46728.62,46501.00,46536.84,1535.130,1639970999999,71490014.78734,24458,690.543,32154021.26205,0
1639971000000,46536.85,46617.32,46480.00,46561.14,1833.504,1639971899999,85335767.90315,25241,881.195,41017574.36296,0
1639971900000,46561.13,46727.20,46560.86,46676.54,1321.350,1639972799999,61667486.86147,21693,713.379,33294635.13304,0
1639972800000,46676.54,46849.33,46650.00,46818.56,2116.079,1639973699999,98994684.62658,25473,1063.124,49735740.07329,0
1639973700000,46818.57,46910.39,46732.16,46807.97,1458.407,1639974599999,68297518.86876,23720,643.924,30159640.85725,0
1639974600000,46807.97,46929.62,46770.12,46863.07,1003.685,1639975499999,47027915.00228,17607,516.534,24204121.14149,0
1639975500000,46863.06,47026.00,46803.42,46950.75,1714.876,1639976399999,80516783.34293,23427,897.519,42140678.82569,0
1639976400000,46950.76,47027.60,46888.63,46940.24,1488.413,1639977299999,69899681.34330,21750,685.193,32184574.10419,0
1639977300000,46940.23,46976.50,46703.45,46775.85,1803.799,1639978199999,84486412.44661,24847,764.247,35794809.55382,0
1639978200000,46775.84,46816.76,46506.44,46569.11,1924.450,1639979099999,89778776.23417,30331,902.742,42117637.99969,0
1639979100000,46569.11,46633.79,46364.77,46432.80,4159.456,1639979999999,193423949.11152,49984,2320.800,107944245.21376,0
1639980000000,46432.80,46660.49,46266.23,46594.22,3943.048,1639980899999,183214068.28775,50770,2105.597,97854574.41178,0
1639980900000,46592.99,46644.19,46389.27,46389.27,1604.731,1639981799999,74644875.26484,25847,655.512,30500372.23893,0
1639981800000,46389.13,46478.23,46250.00,46456.76,3141.655,1639982699999,145616279.93047,41192,1581.873,73338347.83507,0
1639982700000,46456.77,46590.84,46400.14,46545.18,1730.660,1639983599999,80513452.67369,27052,894.594,41616998.56739,0
1639983600000,46545.19,46545.19,46200.00,46338.63,3006.101,1639984499999,139293960.71332,38877,1369.137,63447176.74713,0
1639984500000,46337.56,46369.88,46069.65,46345.38,4714.256,1639985399999,217917997.79242,49340,2350.816,108708967.19676,0
1639985400000,46345.37,46453.78,46300.19,46445.06,1830.083,1639986299999,84899071.55679,25348,1089.700,50557059.77069,0
1639986300000,46445.22,46540.00,46356.52,46421.66,1840.924,1639987199999,85512794.78665,26507,920.897,42781332.55337,0
1639987200000,46421.66,46497.10,46293.08,46468.93,1631.225,1639988099999,75694934.35254,26284,842.498,39100411.70772,0
1639988100000,46468.92,46548.04,46424.02,46492.06,2208.441,1639988999999,102669791.72355,24130,852.245,39622387.05790,0
1639989000000,46490.02,46503.95,46193.18,46312.18,2358.371,1639989899999,109256201.23090,34154,1115.166,51655270.33022,0
1639989900000,46312.18,46316.36,46127.55,46271.34,2614.623,1639990799999,120858266.95349,36481,1257.544,58139102.57910,0
1639990800000,46271.48,46300.71,45888.42,45964.20,6170.220,1639991699999,284039158.57590,73526,2389.911,110038217.29993,0
1639991700000,45964.20,46113.15,45825.78,46044.40,4249.417,1639992599999,195343505.27057,56220,2330.490,107153860.50354,0
1639992600000,46044.39,46080.00,45900.00,45949.35,2542.746,1639993499999,116919279.82643,35078,1168.437,53732258.37083,0
1639993500000,45949.34,46024.60,45801.19,45837.00,3124.372,1639994399999,143439129.16705,37372,1392.023,63929136.32285,0
1639994400000,45837.00,46145.96,45736.00,46065.30,4529.631,1639995299999,208086509.21446,53967,2577.223,118416980.74814,0
1639995300000,46066.87,46114.00,45908.62,45925.02,2101.809,1639996199999,96713677.95320,29269,959.189,44138639.26908,0
1639996200000,45925.01,45987.23,45870.05,45935.45,1515.414,1639997099999,69600093.99228,22856,744.930,34215926.07862,0
1639997100000,45935.44,46023.34,45825.45,45879.75,1935.972,1639997999999,88875059.56087,25884,921.422,42307558.37364,0
1639998000000,45879.74,46092.16,45813.59,46021.39,2978.550,1639998899999,136868351.98692,36283,1599.184,73475330.52015,0
1639998900000,46021.39,46119.79,45976.01,46106.30,1898.018,1639999799999,87401074.21178,27316,1076.750,49588569.19588,0
1639999800000,46106.29,46129.84,45969.64,46007.42,1679.227,1640000699999,77317841.38314,24695,732.308,33720821.87291,0
1640000700000,46010.19,46110.00,45983.34,46074.13,1761.499,1640001599999,81125824.82244,22727,842.023,38780405.15606,0
1640001600000,46074.13,46078.95,45890.00,45972.57,2073.802,1640002499999,95330345.98485,27594,940.882,43251358.41699,0
1640002500000,45969.79,45969.80,45654.21,45852.38,3626.822,1640003399999,166152360.51221,44694,1623.571,74397493.51375,0
1640003400000,45849.29,45916.28,45705.87,45755.99,3287.909,1640004299999,150639424.95577,38959,1709.567,78327163.41863,0
1640004300000,45755.98,45790.29,45622.00,45711.83,3075.471,1640005199999,140570004.22557,42516,1466.800,67058884.10079,0
1640005200000,45711.83,45913.57,45550.00,45896.72,4683.290,1640006099999,214040395.37274,55268,2277.623,104121169.38385,0
1640006100000,45896.71,45978.51,45746.50,45878.55,3277.815,1640006999999,150335084.20878,40551,1624.013,74484122.17654,0
1640007000000,45878.53,45931.68,45775.84,45869.55,1751.870,1640007899999,80342526.82376,26468,881.371,40422404.38417,0
1640007900000,45869.55,45912.90,45673.70,45703.07,2342.787,1640008799999,107245400.45202,32971,1024.639,46911766.07183,0
1640008800000,45700.93,45817.09,45567.46,45618.82,4013.309,1640009699999,183284051.51808,47225,1851.319,84560401.35177,0
1640009700000,45618.32,45916.24,45530.67,45712.48,6129.265,1640010599999,280076477.58647,68030,3038.049,138843225.62419,0
1640010600000,45712.48,45965.00,45569.12,45924.63,6606.200,1640011499999,302407742.65202,70625,3357.505,153727321.66918,0
1640011500000,45926.67,46300.00,45819.00,46282.07,11691.179,1640012399999,538694744.99107,123645,6454.621,297424912.11393,0
1640012400000,46280.82,46285.65,45977.41,46118.52,4297.167,1640013299999,198139031.80180,52846,1902.493,87742039.18058,0
1640013300000,46118.52,46269.68,46041.42,46191.86,3126.123,1640014199999,144339977.78138,39319,1450.173,66965681.76999,0
1640014200000,46190.09,46199.81,46062.70,46134.84,1568.571,1640015099999,72343671.76766,25801,763.627,35218815.91087,0
1640015100000,46134.81,46146.29,45900.00,45969.00,2613.600,1640015999999,120239175.30737,34503,1090.309,50157739.16291,0
1640016000000,45969.13,46155.00,45850.33,46028.18,3116.314,1640016899999,143306173.49230,37683,1801.208,82843921.45145,0
1640016900000,46030.03,46223.51,46021.29,46100.97,2193.519,1640017799999,101152659.16938,30774,1175.800,54225689.50449,0
1640017800000,46100.98,46252.41,46070.34,46252.41,2135.816,1640018699999,98561205.73018,29433,1155.773,53340881.13671,0
1640018700000,46252.40,46482.00,46151.00,46391.53,5221.732,1640019599999,241976568.80025,57591,2851.178,132139369.76706,0
1640019600000,46391.53,46412.46,46264.35,46327.79,2079.923,1640020499999,96368461.48724,29459,1034.478,47933714.71917,0
1640020500000,46327.78,46485.49,46230.01,46258.82,2598.945,1640021399999,120464264.33463,32361,1221.739,56652922.61871,0
1640021400000,46258.83,46266.37,46153.01,46235.70,2121.457,1640022299999,98003504.33294,26489,1122.060,51834504.29486,0
1640022300000,46235.70,46330.60,46063.05,46099.82,2524.784,1640023199999,116616344.18323,29061,909.745,42038550.97037,0
1640023200000,46099.83,46191.92,46055.10,46164.82,2218.548,1640024099999,102319897.27028,27587,1103.953,50917767.82879,0
1640024100000,46164.82,46242.77,46103.46,46118.67,1213.553,1640024999999,56035802.86865,19323,523.749,24187849.75879,0
1640025000000,46118.68,46276.07,46017.00,46204.67,2391.203,1640025899999,110299141.81200,28978,1282.410,59162542.63273,0
1640025900000,46204.66,46315.00,46195.71,46240.74,1409.866,1640026799999,65218248.57274,21801,656.072,30350045.78477,0
1640026800000,46242.12,46565.84,46212.89,46494.13,3642.041,1640027699999,168997247.48658,39019,2240.055,103948314.02041,0
1640027700000,46494.13,46580.00,46403.50,46466.53,3415.925,1640028599999,158810105.82560,34021,1938.933,90160486.11645,0
1640028600000,46466.52,46498.03,46366.00,46407.70,1987.111,1640029499999,92254941.58940,23042,899.330,41753985.57941,0
1640029500000,46407.71,46684.85,46395.00,46559.71,3249.623,1640030399999,151406404.10105,36285,1668.197,77724911.28389,0
1640030400000,46559.71,46790.00,46559.71,46697.78,2824.503,1640031299999,131942677.33829,37220,1443.401,67426360.11886,0
1640031300000,46697.78,46883.31,46691.32,46749.35,2652.923,1640032199999,124124166.83159,34037,1331.217,62292464.72721,0
1640032200000,46749.51,46834.96,46636.14,46775.67,2178.786,1640033099999,101779571.44149,26951,1024.616,47870054.99253,0
1640033100000,46775.83,47252.02,46772.79,46991.66,6878.396,1640033999999,323460998.60809,76116,3598.464,169239356.13644,0
1640034000000,46991.65,47300.00,46973.19,47293.07,3915.494,1640034899999,184675527.16194,47837,2074.388,97848799.12453,0
1640034900000,47291.11,47533.42,47121.00,47249.64,6586.118,1640035799999,311498368.84677,66516,3553.595,168118979.70595,0
1640035800000,47250.50,47290.91,47129.17,47152.25,2028.585,1640036699999,95718312.22902,27755,753.656,35563884.07227,0
1640036700000,47152.25,47210.38,46921.19,46948.24,3084.895,1640037599999,145185619.12446,38644,1132.589,53326502.74710,0
1640037600000,46948.24,47090.00,46944.53,46957.11,1364.010,1640038499999,64167019.84642,24273,657.006,30907689.15414,0
1640038500000,46957.10,47027.90,46760.58,46827.43,2647.971,1640039399999,124154976.04439,38914,1153.249,54074788.80506,0
1640039400000,46827.44,46943.12,46827.44,46848.26,1242.559,1640040299999,58250287.10332,19921,670.878,31452143.11317,0
1640040300000,46846.48,46949.99,46712.88,46751.57,2440.438,1640041199999,114342210.35950,24787,1211.258,56763076.63528,0
1640041200000,46751.57,46890.00,46736.20,46825.20,1884.086,1640042099999,88179243.74951,22322,953.427,44620122.23262,0
1640042100000,46825.20,47028.81,46767.00,46982.66,1758.446,1640042999999,82434400.92044,23538,998.590,46822001.29736,0
1640043000000,46982.67,47085.77,46903.56,47040.69,1901.356,1640043899999,89334426.41539,23810,1190.158,55924669.86457,0
1640043900000,47038.35,47068.29,46837.29,46898.14,1897.314,1640044799999,89034838.86914,23500,940.829,44152606.26654,0
1640044800000,46896.82,47023.77,46842.20,46945.57,2272.940,1640045699999,106685907.94629,27697,1242.937,58349970.38849,0
1640045700000,46945.57,47071.22,46890.46,47055.07,1681.579,1640046599999,79012005.67544,21610,1031.042,48441943.87269,0
1640046600000,47055.08,47057.38,46810.00,46816.01,2896.790,1640047499999,135856493.85341,27073,1021.577,47888318.58511,0
1640047500000,46818.44,46894.48,46750.00,46788.72,2009.777,1640048399999,94084341.67793,22561,755.626,35374771.39848,0
1640048400000,46788.72,46882.35,46680.00,46709.16,2438.056,1640049299999,114033629.41623,27768,1139.898,53330368.23897,0
1640049300000,46709.17,46771.17,46650.00,46729.92,1827.241,1640050199999,85343343.85254,25903,930.241,43453036.18725,0
1640050200000,46729.91,46978.43,46722.71,46886.29,2886.850,1640051099999,135322912.18084,27937,1816.663,85144070.07841,0
1640051100000,46887.90,46998.74,46863.36,46942.36,1151.066,1640051999999,54013209.67955,17745,616.427,28927165.09614,0
1640052000000,46942.37,47064.72,46880.06,46921.21,1540.870,1640052899999,72337997.63735,22168,840.915,39483040.31342,0
1640052900000,46921.22,46984.15,46872.01,46906.16,1224.321,1640053799999,57440365.07070,16580,562.589,26396415.04613,0
1640053800000,46906.17,47047.00,46880.00,46918.15,1706.808,1640054699999,80177241.26110,20805,806.814,37892495.42068,0
1640054700000,46918.15,46959.00,46892.66,46943.27,698.227,1640055599999,32766568.11269,14207,335.285,15734988.52154,0
1640055600000,46943.27,47097.82,46915.67,47082.43,1660.682,1640056499999,78087267.91964,22566,1012.949,47635628.25832,0
1640056500000,47082.44,47298.00,47056.59,47258.55,3457.201,1640057399999,163144048.68012,39770,1779.470,83962308.28294,0
1640057400000,47258.54,47750.70,47201.97,47361.63,7664.683,1640058299999,363890019.57733,74849,4243.800,201536463.13951,0
1640058300000,47362.01,48103.10,47360.00,47927.51,9543.664,1640059199999,456572950.56956,97074,5262.302,251679764.84707,0
1640059200000,47927.52,48419.36,47925.00,48286.37,9881.390,1640060099999,476321938.01196,101792,4881.214,235332703.08404,0
1640060100000,48286.02,48748.46,48285.03,48621.00,9592.031,1640060999999,465744435.81944,105379,5195.441,252281726.33973,0
1640061000000,48621.00,48800.00,48549.38,48597.77,6129.066,1640061899999,298211126.71208,75918,2971.480,144600761.97312,0
1640061900000,48597.77,48659.89,48501.32,48548.24,3198.312,1640062799999,155301195.12459,40874,1392.134,67598723.70289,0
1640062800000,48548.24,48750.00,48548.24,48651.64,3210.544,1640063699999,156313402.82091,39321,1682.608,81919032.53389,0
1640063700000,48651.63,48699.85,48533.00,48538.02,2708.636,1640064599999,131673560.28695,32639,1204.650,58568439.96791,0
1640064600000,48538.02,48628.82,48282.00,48316.89,4885.612,1640065499999,236531360.37159,51408,1842.790,89218880.76464,0
1640065500000,48316.90,48636.24,48309.20,48584.19,3529.907,1640066399999,171222582.34986,41472,2040.612,98976433.02907,0
1640066400000,48585.47,48665.98,48454.68,48488.07,2162.979,1640067299999,104998728.55392,29787,1115.017,54125918.33917,0
1640067300000,48488.07,48538.01,48342.48,48381.56,1491.134,1640068199999,72214992.43574,25776,687.361,33290182.93795,0
1640068200000,48381.57,48480.00,48329.02,48349.04,1526.761,1640069099999,73889304.25102,24814,797.386,38592335.69160,0
1640069100000,48349.05,48595.00,48335.03,48537.34,2138.470,1640069999999,103669383.79295,29443,1238.957,60062928.06134,0
1640070000000,48537.33,48560.00,48423.31,48511.40,1289.327,1640070899999,62517976.42964,22250,589.688,28594693.62903,0
1640070900000,48511.41,48669.88,48440.02,48661.29,1898.942,1640071799999,92230929.32963,27453,1079.105,52413324.28064,0
1640071800000,48660.53,48660.53,48400.12,48451.59,2401.303,1640072699999,116488945.07950,28577,1171.313,56807637.56797,0
1640072700000,48451.59,48595.00,48410.00,48574.38,1817.805,1640073599999,88170730.53060,24650,1085.612,52664087.41920,0
1640073600000,48574.39,49089.47,48515.16,48714.89,7685.889,1640074499999,375033392.38882,90619,4340.039,211788365.90633,0
1640074500000,48714.75,48921.18,48593.80,48862.24,4132.589,1640075399999,201507536.77622,50405,2140.864,104406768.44240,0
1640075400000,48862.25,48878.66,48602.98,48605.01,2600.193,1640076299999,126689221.67288,35206,1070.449,52154409.84244,0
1640076300000,48605.01,48684.60,48501.00,48558.44,2349.510,1640077199999,114158174.01891,32712,1103.049,53605924.71160,0
1640077200000,48558.44,48646.44,48431.34,48536.01,3300.368,1640078099999,160145448.76948,42450,1598.967,77591699.59774,0
1640078100000,48536.00,48549.11,48425.77,48541.00,1955.286,1640078999999,94809234.62519,30522,983.043,47669171.63019,0
1640079000000,48541.00,48689.31,48500.00,48611.36,2381.494,1640079899999,115766326.70214,32755,1373.530,66770913.93183,0
1640079900000,48611.36,48670.40,48554.77,48582.12,1396.346,1640080799999,67875499.52357,22597,729.845,35479726.65741,0
1640080800000,48582.12,48696.16,48556.30,48640.44,1294.116,1640081699999,62930168.95048,23479,616.615,29982982.72565,0
1640081700000,48640.44,48744.31,48586.78,48705.58,1380.897,1640082599999,67195988.21802,24160,754.050,36696115.75385,0
1640082600000,48705.59,48776.00,48636.51,48708.29,1620.764,1640083499999,78944848.74866,26522,834.575,40654044.51481,0
1640083500000,48710.09,48769.08,48635.00,48642.06,1131.317,1640084399999,55087333.64530,21647,543.178,26451705.20376,0
1640084400000,48642.07,48721.00,48611.75,48680.19,1322.193,1640085299999,64343867.66885,21987,693.045,33729123.47477,0
1640085300000,48680.19,48800.00,48640.00,48799.46,2195.198,1640086199999,106951662.65822,27492,1451.445,70716519.96938,0
1640086200000,48799.99,48877.51,48690.00,48723.82,2444.810,1640087099999,119262972.50487,34715,1181.115,57623342.73091,0
1640087100000,48722.03,48885.95,48699.80,48844.63,2183.416,1640087999999,106563521.10345,27740,1104.631,53909756.55279,0
1640088000000,48842.65,48894.88,48789.50,48873.95,2102.827,1640088899999,102678360.75863,29856,954.610,46620464.76626,0
1640088900000,48873.95,49266.41,48837.27,49061.30,7209.707,1640089799999,353654835.25629,87277,4146.110,203414036.08651,0
1640089800000,49061.31,49298.78,49002.80,49052.74,6411.052,1640090699999,315229264.37001,82910,3213.594,158042372.16002,0
1640090700000,49052.75,49122.25,48600.00,48720.89,9010.374,1640091599999,440135015.28721,87407,3754.721,183435066.99031,0
1640091600000,48720.89,48804.88,48570.35,48640.79,4227.812,1640092499999,205809083.62153,59246,2128.963,103650275.83427,0
1640092500000,48640.78,48852.70,48588.54,48788.02,3072.683,1640093399999,149680631.52219,45857,1618.616,78855691.91928,0
1640093400000,48793.50,48940.00,48731.60,48824.00,2508.906,1640094299999,122520871.53839,41013,1242.823,60698691.20784,0
1640094300000,48823.99,48920.00,48742.25,48873.19,1555.863,1640095199999,75972259.00937,29437,794.336,38792851.33937,0
1640095200000,48874.79,48935.86,48789.48,48825.40,1520.837,1640096099999,74304668.50640,27023,751.565,36725482.92188,0
1640096100000,48822.99,48826.79,48600.00,48645.79,3068.983,1640096999999,149411049.41185,39665,1336.796,65082522.18146,0
1640097000000,48645.80,48878.06,48645.79,48740.65,2397.069,1640097899999,116919975.11359,35359,1273.540,62117078.96628,0
1640097900000,48740.66,48746.38,48500.00,48603.60,3579.028,1640098799999,173918522.65968,46769,1565.694,76088863.14431,0
1640098800000,48603.60,48691.74,48568.82,48635.51,1955.807,1640099699999,95102180.64869,30348,1083.184,52675206.98817,0
1640099700000,48635.51,48763.84,48420.01,48446.00,4553.999,1640100599999,221324183.93752,52005,1985.337,96528635.73337,0
1640100600000,48446.01,48522.34,48295.67,48429.27,5879.960,1640101499999,284592348.89371,68601,2847.528,137848402.16924,0
1640101500000,48429.28,48519.99,48385.00,48408.64,2211.872,1640102399999,107177308.39429,31390,1094.745,53053173.33438,0
1640102400000,48408.64,48641.00,48370.00,48600.00,3470.307,1640103299999,168403741.11873,43945,1892.202,91825917.72818,0
1640103300000,48600.00,48601.91,48450.00,48510.07,1618.823,1640104199999,78534572.21791,26175,781.994,37936143.79507,0
1640104200000,48510.06,48700.00,48454.34,48659.99,2264.645,1640105099999,110038216.02809,30933,1426.437,69314212.98316,0
1640105100000,48659.98,48734.66,48599.57,48664.71,1758.987,1640105999999,85615697.44911,27755,909.690,44281980.37575,0
1640106000000,48665.09,48794.39,48620.00,48709.68,1631.495,1640106899999,79452382.90408,24517,802.055,39061826.70769,0
1640106900000,48708.32,48880.00,48638.70,48644.52,2137.229,1640107799999,104203002.54265,27755,1196.621,58363073.68195,0
1640107800000,48644.51,48717.84,48620.69,48647.75,1124.506,1640108699999,54721097.46063,17219,508.014,24722800.53619,0
1640108700000,48647.74,48647.75,48552.00,48636.87,1410.621,1640109599999,68554968.51078,19721,671.040,32612792.51824,0
1640109600000,48636.87,48671.00,48560.10,48580.18,1053.705,1640110499999,51224290.51654,17657,563.021,27371711.87267,0
1640110500000,48580.18,48608.64,48500.06,48528.91,1042.193,1640111399999,50592138.64642,18202,509.085,24713703.31627,0
1640111400000,48528.91,48598.20,48517.95,48565.70,832.927,1640112299999,40446274.80983,14773,518.438,25175688.58453,0
1640112300000,48565.71,48600.00,48411.76,48440.47,1388.929,1640113199999,67335742.72767,21179,592.095,28707263.65294,0
1640113200000,48440.48,48550.00,48428.05,48526.82,873.231,1640114099999,42342698.21553,17786,510.673,24762096.84008,0
1640114100000,48526.82,48568.87,48512.81,48541.08,738.604,1640114999999,35850635.76386,14750,429.711,20858550.95017,0
1640115000000,48541.07,48555.06,48350.00,48359.63,1429.153,1640115899999,69222518.73123,21005,524.486,25409573.62382,0
1640115900000,48359.62,48662.75,48327.00,48606.89,3089.933,1640116799999,149845893.33191,38905,1821.027,88294633.89000,0
1640116800000,48606.89,48790.00,48576.00,48693.58,2236.220,1640117699999,108909749.08832,33306,1277.341,62215670.70979,0
1640117700000,48693.58,48704.00,48482.45,48530.02,1542.235,1640118599999,74911607.08857,22868,746.325,36257253.68749,0
1640118600000,48530.01,48569.32,48466.01,48492.96,1182.504,1640119499999,57360594.43129,20692,622.968,30220515.42717,0
1640119500000,48492.97,48670.21,48453.55,48593.76,1422.481,1640120399999,69074719.62890,20223,821.814,39908744.71036,0
1640120400000,48589.82,48699.00,48517.83,48665.39,1119.490,1640121299999,54413693.44175,18649,574.700,27934927.23795,0
1640121300000,48666.41,48774.19,48649.32,48763.67,1321.537,1640122199999,64362835.28761,20749,710.177,34591106.29157,0
1640122200000,48763.68,49181.67,48718.35,49161.04,4614.586,1640123099999,225901837.76026,54427,2927.225,143337638.82026,0
1640123100000,49161.93,49168.72,48886.44,49074.93,2838.413,1640123999999,139126710.11230,40320,1259.091,61706120.64492,0
1640124000000,49074.94,49081.18,48952.99,48980.03,1498.220,1640124899999,73419640.36680,24172,639.757,31354208.39255,0
1640124900000,48980.03,49060.47,48944.81,48963.93,1356.269,1640125799999,66458731.71641,20785,646.069,31660674.74984,0
1640125800000,48964.99,49099.91,48924.19,49040.34,1670.565,1640126699999,81887922.49955,22414,989.923,48527027.53620,0
1640126700000,49040.34,49280.00,49014.04,49274.08,2610.766,1640127599999,128390454.86958,34863,1454.654,71537310.81702,0
1640127600000,49272.77,49274.09,49081.90,49088.85,2078.525,1640128499999,102215469.37349,29066,890.750,43805697.38451,0
1640128500000,49088.85,49196.20,49011.07,49169.87,1705.107,1640129399999,83705800.93160,24803,903.663,44368734.45316,0
1640129400000,49170.27,49223.61,49050.91,49056.65,1405.875,1640130299999,69063315.24943,21389,570.865,28046251.27647,0
1640130300000,49056.65,49063.01,48826.01,48875.15,2376.138,1640131199999,116295025.73921,30327,922.054,45125595.13676,0
1640131200000,48875.88,48965.00,48750.00,48884.43,2586.241,1640132099999,126372167.93450,27776,1366.090,66759425.00505,0
1640132100000,48884.42,48940.23,48881.08,48902.91,1568.549,1640132999999,76721482.84380,20118,672.633,32900897.25932,0
1640133000000,48902.91,48936.42,48834.85,48845.54,1193.680,1640133899999,58354585.02345,18106,503.207,24600812.25649,0
1640133900000,48845.54,48872.49,48610.00,48633.90,2694.221,1640134799999,131215858.12461,32515,1156.319,56313338.37178,0
1640134800000,48633.91,48680.00,48571.37,48660.81,2022.856,1640135699999,98361123.09648,25398,948.530,46127971.69863,0
1640135700000,48660.82,48817.78,48659.46,48813.40,1764.515,1640136599999,85988230.00442,21618,1141.376,55620704.72031,0
1640136600000,48813.40,48820.66,48694.00,48733.45,1014.459,1640137499999,49451180.35121,16420,422.361,20588708.48995,0
1640137500000,48733.44,48817.05,48708.93,48801.66,1038.177,1640138399999,50623648.26924,15341,628.515,30647519.32439,0
1640138400000,48801.66,49039.78,48712.00,48982.12,2056.018,1640139299999,100513344.27487,28839,1141.115,55789794.06459,0
1640139300000,48984.21,49260.85,48954.15,49224.22,4009.084,1640140199999,197031768.55053,44532,2165.800,106444559.20252,0
1640140200000,49223.14,49599.00,49223.14,49437.33,8511.956,1640141099999,420760900.62751,92169,4846.597,239586132.90778,0
1640141100000,49438.08,49541.79,49294.84,49323.42,3010.656,1640141999999,148850331.23682,41020,1294.030,63990394.63432,0
1640142000000,49323.42,49451.64,49201.03,49235.30,2736.806,1640142899999,134965432.19179,31801,1318.518,65036029.82737,0
1640142900000,49235.29,49347.70,49231.17,49244.20,1155.585,1640143799999,56953780.25115,19806,617.663,30442580.05528,0
1640143800000,49243.71,49324.79,49230.08,49315.99,966.302,1640144699999,47621238.63798,17548,549.509,27082074.56757,0
1640144700000,49317.53,49377.02,49115.01,49236.80,2283.301,1640145599999,112436528.12459,30980,988.597,48689517.71706,0
1640145600000,49237.13,49310.10,49061.00,49216.56,3657.789,1640146499999,179961637.08264,36205,1614.576,79462093.46586,0
1640146500000,49216.56,49282.87,49163.35,49266.15,1157.212,1640147399999,56972426.58924,18366,717.122,35308438.73288,0
1640147400000,49265.33,49313.89,49180.80,49263.04,1416.170,1640148299999,69764663.07485,21171,769.337,37901970.25024,0
1640148300000,49263.01,49323.04,49225.00,49306.46,885.956,1640149199999,43667845.01315,16528,491.819,24242627.69261,0
1640149200000,49306.47,49324.44,49162.96,49174.01,1216.609,1640150099999,59930620.07768,19041,527.495,25988847.25888,0
1640150100000,49174.00,49209.40,49029.60,49049.28,2697.498,1640150999999,132452793.57441,28828,1065.814,52332588.16394,0
1640151000000,49049.28,49074.00,49000.00,49070.11,1541.016,1640151899999,75561287.25627,21705,856.599,42004884.04644,0
1640151900000,49071.09,49082.45,48908.00,48961.42,2336.046,1640152799999,114384367.02187,25758,872.526,42720744.29839,0
1640152800000,48961.72,49046.49,48915.00,49044.69,1810.152,1640153699999,88676344.21542,20775,1148.588,56270430.63942,0
1640153700000,49044.69,49111.00,49006.00,49100.81,1590.162,1640154599999,78017399.57102,19823,911.100,44701051.36723,0
1640154600000,49100.82,49220.82,49100.29,49187.77,2082.040,1640155499999,102359170.06188,25104,1141.095,56100319.89397,0
1640155500000,49187.77,49194.87,49039.69,49047.51,1419.809,1640156399999,69754585.35894,18142,463.727,22781280.63467,0
1640156400000,49047.50,49216.97,49042.35,49199.17,1043.869,1640157299999,51283324.86495,17011,613.333,30132897.33571,0
1640157300000,49199.18,49280.00,49151.90,49179.99,1772.408,1640158199999,87246973.46187,24463,917.930,45188674.51860,0
1640158200000,49180.00,49242.62,49138.13,49205.51,1226.004,1640159099999,60303706.71816,17753,586.037,28824208.69121,0
1640159100000,49205.51,49289.60,49162.33,49175.75,1477.385,1640159999999,72739798.24567,20665,696.747,34305006.65112,0
1640160000000,49175.75,49244.74,49090.00,49219.99,2136.967,1640160899999,105070093.28759,25803,893.023,43913993.50668,0
1640160900000,49219.99,49372.00,49186.21,49344.73,2502.507,1640161799999,123332080.54037,29524,1370.224,67528260.97873,0
1640161800000,49344.74,49522.28,49292.41,49437.25,3287.430,1640162699999,162498752.50496,38899,1674.524,82779977.44526,0
1640162700000,49436.54,49463.72,49237.25,49238.61,2335.507,1640163599999,115255272.75611,29221,976.372,48176362.16226,0
1640163600000,49238.61,49307.76,49230.58,49292.99,1225.875,1640164499999,60407391.18993,18208,632.085,31148003.80938,0
1640164500000,49293.00,49293.27,49127.67,49137.54,1974.701,1640165399999,97146680.03799,24291,947.736,46622428.64663,0
1640165400000,49137.53,49156.24,48850.00,48982.29,4676.700,1640166299999,229168709.39565,50575,2157.005,105711744.98307,0
1640166300000,48982.28,48999.99,48830.00,48924.99,2902.570,1640167199999,141960522.67062,36627,1322.114,64670088.46937,0
1640167200000,48924.99,49090.00,48850.30,49069.68,3038.403,1640168099999,148804147.22002,31516,1865.038,91332787.57275,0
1640168100000,49069.69,49085.56,49002.11,49021.24,1244.821,1640168999999,61049283.79503,20834,534.299,26204939.36899,0
1640169000000,49021.24,49050.00,48921.87,49007.81,1398.111,1640169899999,68482973.87546,23327,636.545,31181336.37921,0
1640169900000,49007.80,49145.36,49007.80,49071.22,1401.626,1640170799999,68815017.83283,23144,779.597,38275636.19901,0
1640170800000,49071.21,49229.75,49064.09,49177.19,1657.868,1640171699999,81504929.84948,25276,850.390,41810302.45198,0
1640171700000,49177.19,49210.86,49023.00,49023.01,1643.357,1640172599999,80703503.17145,24161,579.358,28454821.58651,0
1640172600000,49023.00,49092.16,48977.10,48977.63,1403.921,1640173499999,68843976.70846,23377,668.805,32800880.73250,0
1640173500000,48977.63,49003.38,48888.00,48979.40,1712.926,1640174399999,83855262.35146,25875,877.215,42947876.38242,0
1640174400000,48979.41,49120.00,48978.18,49108.79,1668.282,1640175299999,81859470.50121,24954,951.468,46685597.09060,0
1640175300000,49108.78,49113.00,48646.01,48809.76,5401.067,1640176199999,263708654.88368,59212,2246.166,109679446.90717,0
1640176200000,48809.75,48829.93,48617.76,48734.40,3582.676,1640177099999,174513398.92955,45762,1928.362,93938427.19365,0
1640177100000,48734.41,48786.58,48507.00,48576.34,5153.329,1640177999999,250509543.27396,58201,2325.576,113067457.12302,0
1640178000000,48576.35,48780.00,48557.45,48668.88,3008.143,1640178899999,146458695.87951,39933,1698.466,82695427.47903,0
1640178900000,48673.82,48706.69,48444.00,48494.99,4158.460,1640179799999,201939159.35446,42993,1931.139,93788384.29772,0
1640179800000,48495.00,48591.55,48420.02,48512.37,3030.084,1640180699999,146943954.14983,41126,1473.392,71465860.83165,0
1640180700000,48512.36,48612.50,48447.00,48558.33,3009.315,1640181599999,146035706.12431,36626,1682.536,81651081.28846,0
1640181600000,48561.67,48693.21,48520.87,48670.00,2585.742,1640182499999,125773314.48058,31249,1374.113,66840207.11493,0
1640182500000,48670.00,48773.00,48650.00,48749.08,2263.022,1640183399999,110243165.06362,28493,1279.950,62353579.89792,0
1640183400000,48748.42,48851.86,48631.03,48842.30,3182.841,1640184299999,155056270.54916,31675,1324.146,64534271.55862,0
1640184300000,48842.30,48930.00,48754.00,48787.37,3464.952,1640185199999,169254190.82405,39955,1534.658,74969184.15317,0
1640185200000,48789.33,48839.30,48683.11,48721.01,1983.553,1640186099999,96710780.76105,28128,963.232,46973023.03153,0
1640186100000,48721.00,48826.80,48611.98,48614.51,1785.045,1640186999999,86980068.07929,25546,747.261,36421259.53955,0
1640187000000,48614.51,48900.00,48614.50,48818.91,2599.902,1640187899999,126861227.22612,30319,1445.452,70524919.79388,0
1640187900000,48814.31,48888.00,48760.00,48858.42,1339.035,1640188799999,65401769.60573,22221,673.317,32886335.84819,0
1640188800000,48858.42,49250.00,48746.87,49111.28,6150.307,1640189699999,301642650.34870,59284,3404.077,166968680.19948,0
1640189700000,49111.28,49173.95,48901.17,48981.86,2676.688,1640190599999,131208657.94311,32974,1274.673,62480848.12655,0
1640190600000,48980.96,49072.32,48930.00,48948.55,1421.464,1640191499999,69651753.82418,21603,728.713,35710953.17764,0
1640191500000,48950.00,48987.62,48843.34,48982.94,1652.609,1640192399999,80832050.02990,21866,899.275,43986091.17844,0
1640192400000,48982.93,49088.78,48855.00,48885.00,2317.533,1640193299999,113433963.74544,25335,1023.545,50104813.12882,0
1640193300000,48885.00,48954.54,48800.10,48831.98,1608.789,1640194199999,78613752.38167,19945,756.611,36974779.92166,0
1640194200000,48831.97,48883.99,48700.22,48715.00,2209.486,1640195099999,107833083.71426,24951,1035.919,50567862.19876,0
1640195100000,48715.00,48768.94,48671.84,48695.07,1792.326,1640195999999,87337689.59892,22796,933.665,45502901.26677,0
1640196000000,48695.07,48808.72,48650.06,48778.41,1866.701,1640196899999,90986765.75884,22393,1025.258,49977870.45245,0
1640196900000,48778.41,48831.37,48729.49,48817.79,894.651,1640197799999,43653327.69343,15654,452.676,22089309.14517,0
1640197800000,48817.80,48829.24,48550.00,48589.32,2134.246,1640198699999,103846783.32243,28077,800.146,38942478.90119,0
1640198700000,48591.36,48720.72,48516.71,48573.83,2168.260,1640199599999,105374898.43466,28779,1141.112,55461523.51789,0
1640199600000,48573.83,48703.52,48500.15,48703.43,1930.914,1640200499999,93805442.90590,25729,1006.776,48920573.08100,0
1640200500000,48703.51,48761.78,48670.53,48721.63,1219.662,1640201399999,59419023.88846,19245,563.337,27445430.22279,0
1640201400000,48721.63,48919.12,48721.63,48876.51,2265.051,1640202299999,110617305.31310,23078,1439.334,70299157.03030,0
1640202300000,48876.51,48940.00,48808.66,48911.21,1962.282,1640203199999,95914025.80778,22455,889.852,43494994.79765,0
1640203200000,48911.21,49001.34,48844.00,48967.17,1749.939,1640204099999,85603937.55606,21518,1007.143,49276997.56395,0
1640204100000,48967.17,48970.34,48900.00,48900.01,893.541,1640204999999,43723666.37768,15576,333.201,16305062.16139,0
1640205000000,48900.00,48976.32,48884.51,48958.04,722.368,1640205899999,35340237.50216,15007,320.744,15692544.70056,0
1640205900000,48957.54,49125.19,48865.10,48940.80,3204.635,1640206799999,157034149.28583,37460,1453.506,71239740.17386,0
1640206800000,48942.42,48960.00,48825.27,48871.68,1395.217,1640207699999,68198898.02513,20886,597.160,29191784.47657,0
1640207700000,48871.67,48975.00,48854.21,48958.62,1286.383,1640208599999,62942179.57011,18035,713.516,34913372.32115,0
1640208600000,48958.61,48985.00,48867.31,48964.66,1951.258,1640209499999,95475200.82343,19911,1182.094,57839241.06019,0
1640209500000,48962.69,49121.96,48948.97,49019.91,2219.665,1640210399999,108836734.87881,22871,1103.201,54102842.21642,0
1640210400000,49019.90,49052.83,48839.12,48881.04,1537.909,1640211299999,75266318.43715,21655,476.135,23313345.57187,0
1640211300000,48881.04,48928.79,48760.12,48864.50,1329.744,1640212199999,64941887.15821,22141,634.349,30984509.14435,0
1640212200000,48864.51,48900.00,48830.20,48860.00,555.539,1640213099999,27146889.37011,12972,254.828,12453166.23806,0
1640213100000,48860.00,49050.56,48856.37,48950.83,1173.390,1640213999999,57449870.74835,17664,678.570,33225837.70279,0
1640214000000,48951.42,48960.00,48705.44,48731.22,1650.581,1640214899999,80550925.17651,23940,717.464,35013802.39040,0
1640214900000,48731.21,48783.80,48605.00,48769.56,1863.172,1640215799999,90723448.98049,28132,1013.633,49362012.26297,0
1640215800000,48769.57,48781.74,48514.22,48542.32,2390.520,1640216699999,116248222.80370,26840,785.015,38184022.11535,0
1640216700000,48542.33,48665.82,48542.31,48569.69,1567.590,1640217599999,76193783.09958,21812,868.291,42205362.25961,0
1640217600000,48569.69,48650.00,48251.42,48382.22,4902.314,1640218499999,237426570.17570,51925,1923.533,93178099.35334,0
1640218500000,48382.21,48432.27,48100.00,48211.52,5881.779,1640219399999,283535532.33965,61917,2662.567,128372538.12179,0
1640219400000,48211.11,48328.96,48020.00,48285.54,4176.962,1640220299999,201174188.86259,46754,2161.098,104114159.47255,0
1640220300000,48285.54,48346.29,48205.92,48275.78,1787.622,1640221199999,86324820.01033,25016,954.862,46116386.41545,0
1640221200000,48275.79,48376.00,48180.40,48235.44,2290.276,1640222099999,110568733.66254,25189,1139.392,55002496.96174,0
1640222100000,48235.44,48299.74,48061.00,48290.92,2498.499,1640222999999,120349611.85885,28952,1311.024,63158128.52864,0
1640223000000,48289.09,48363.51,48269.45,48347.90,1385.539,1640223899999,66945548.75504,21240,705.687,34099105.72063,0
1640223900000,48347.89,48458.28,48337.80,48437.64,1568.035,1640224799999,75896233.58971,22673,841.364,40723405.19271,0
1640224800000,48437.64,48643.99,48337.01,48588.87,3425.089,1640225699999,166114784.81240,38415,1821.169,88335729.45151,0
1640225700000,48588.86,48721.81,48526.00,48611.25,2280.649,1640226599999,110881441.33462,24952,1083.666,52691502.50648,0
1640226600000,48610.41,48691.69,48558.87,48566.09,1240.851,1640227499999,60338189.11348,15631,605.169,29431056.73466,0
1640227500000,48566.08,48567.64,48302.17,48338.85,2296.082,1640228399999,111237673.08032,23952,850.029,41172429.67739,0
1640228400000,48339.05,48410.97,48224.17,48236.46,1823.448,1640229299999,88095269.08447,21066,892.589,43127206.22359,0
1640229300000,48236.47,48349.00,48181.24,48349.00,1688.433,1640230199999,81483615.71208,21409,1048.626,50611924.62335,0
1640230200000,48349.00,48430.00,48321.86,48372.03,1187.739,1640231099999,57466302.58322,14179,636.603,30800922.56143,0
1640231100000,48374.96,48542.79,48370.03,48509.30,1852.275,1640231999999,89776294.06189,18508,1145.533,55514342.99646,0
1640232000000,48509.29,48544.82,48430.01,48461.70,1107.224,1640232899999,53687851.16248,12889,480.932,23323250.94643,0
1640232900000,48461.69,48567.79,48442.50,48524.08,870.617,1640233799999,42238173.73518,10584,440.498,21370928.38104,0
1640233800000,48526.58,48537.53,48475.56,48513.29,628.828,1640234699999,30503225.04805,8941,258.358,12532792.55119,0
1640234700000,48513.29,48515.73,48336.44,48353.17,1263.482,1640235599999,61147466.49864,14487,529.432,25619636.79414,0
1640235600000,48353.18,48557.76,48352.48,48520.23,1173.769,1640236499999,56881338.47480,14447,662.521,32098731.87397,0
1640236500000,48520.23,48537.49,48381.12,48425.06,967.169,1640237399999,46854789.78107,12947,438.365,21234285.71147,0
1640237400000,48424.46,48492.46,48238.20,48264.18,1684.151,1640238299999,81433494.23367,19487,851.116,41163097.33090,0
1640238300000,48264.19,48389.69,48233.00,48374.46,1203.285,1640239199999,58129680.35960,15373,774.710,37429028.37141,0
1640239200000,48374.45,48427.28,48290.00,48412.43,1122.349,1640240099999,54268095.48443,13153,601.422,29084160.87272,0
1640240100000,48412.42,48449.95,48369.02,48419.41,848.822,1640240999999,41103690.00612,11096,442.127,21410366.83381,0
1640241000000,48419.40,48468.51,48257.60,48285.64,1622.778,1640241899999,78473206.07176,17069,635.686,30746162.57381,0
1640241900000,48285.65,48486.25,48243.67,48447.80,1928.227,1640242799999,93254591.45227,16435,1295.405,62662085.49042,0
1640242800000,48447.81,48491.95,48410.50,48415.01,1041.433,1640243699999,50463778.19280,14607,492.405,23862699.64596,0
1640243700000,48415.00,48472.86,48366.85,48452.08,751.023,1640244599999,36355875.96934,10630,396.097,19175926.16072,0
1640244600000,48452.08,48452.30,48227.88,48299.43,1504.340,1640245499999,72679254.01642,18341,646.318,31224206.35181,0
1640245500000,48299.42,48308.44,48034.03,48118.00,5612.851,1640246399999,270125664.46995,54926,2736.802,131706601.01493,0
1640246400000,48118.01,48264.22,48067.57,48243.42,2912.446,1640247299999,140297365.96500,32655,1685.924,81216303.98422,0
1640247300000,48243.42,48293.29,48130.80,48221.55,1313.578,1640248199999,63314324.96689,19650,689.670,33243248.62704,0
1640248200000,48221.56,48326.50,48212.11,48279.99,2079.030,1640249099999,100358500.25021,21337,987.913,47691967.05651,0
1640249100000,48280.00,48350.00,48240.00,48337.09,810.726,1640249999999,39152631.86903,12912,447.238,21601124.84518,0
1640250000000,48335.25,48385.00,48249.41,48297.61,1186.606,1640250899999,57325161.69726,16958,592.391,28621338.77938,0
1640250900000,48297.61,48330.98,48197.35,48266.09,1192.889,1640251799999,57576474.70097,16542,489.955,23651825.33606,0
1640251800000,48265.34,48344.49,48131.02,48338.96,1828.960,1640252699999,88210716.25253,22910,905.426,43671314.22990,0
1640252700000,48338.95,48425.82,48202.90,48361.69,1448.205,1640253599999,69990375.93247,20129,750.221,36262010.21514,0
1640253600000,48361.68,48409.20,48225.00,48243.46,1355.702,1640254499999,65519189.52470,18757,602.631,29129610.99274,0
1640254500000,48243.47,48336.83,48200.66,48336.83,1124.517,1640255399999,54275722.74921,15317,655.838,31655469.15668,0
1640255400000,48336.82,48338.72,48237.19,48302.86,813.151,1640256299999,39255803.45868,11669,333.362,16093718.56155,0
1640256300000,48302.86,48448.00,48296.95,48413.32,1660.413,1640257199999,80337527.23165,20689,919.944,44512865.16344,0
1640257200000,48414.60,48537.76,48386.00,48441.49,2088.648,1640258099999,101220830.06658,25937,1135.180,55017552.05238,0
1640258100000,48441.49,48452.23,48316.00,48332.94,1731.287,1640258999999,83748528.35437,21616,772.525,37371564.43908,0
1640259000000,48332.94,48332.94,48210.00,48250.00,1957.532,1640259899999,94483982.81402,22186,1014.433,48962759.63552,0
1640259900000,48249.69,48430.00,48246.59,48344.91,1851.873,1640260799999,89577647.33202,19456,1087.630,52603738.20241,0
1640260800000,48341.46,48472.22,48340.54,48423.67,1231.362,1640261699999,59634263.69406,18157,555.457,26899366.96891,0
1640261700000,48423.68,48474.02,48310.04,48464.01,1261.454,1640262599999,61035300.73346,17941,624.463,30217696.28716,0
1640262600000,48464.94,48694.00,48422.69,48648.34,4478.439,1640263499999,217628565.24265,48483,2504.467,121701315.57096,0
1640263500000,48647.86,48775.00,48555.00,48591.50,3231.956,1640264399999,157312257.45060,38006,1666.292,81119032.36026,0
1640264400000,48591.55,48850.00,48589.63,48657.02,4225.389,1640265299999,205893035.44382,42250,2306.585,112417701.53309,0
1640265300000,48657.02,48777.73,48646.05,48760.24,1347.773,1640266199999,65659385.41625,20927,642.979,31325152.21937,0
1640266200000,48760.23,48815.60,48669.99,48674.93,1795.100,1640267099999,87510797.10228,25677,870.143,42426819.05813,0
1640267100000,48674.93,48727.00,48555.00,48589.22,1900.929,1640267999999,92484252.77469,22395,739.042,35960694.86717,0
1640268000000,48589.23,48677.94,48555.13,48638.14,1302.283,1640268899999,63320437.46083,19226,648.029,31510087.36981,0
1640268900000,48638.15,48663.52,48479.00,48554.12,2769.145,1640269799999,134396591.27244,27701,1208.706,58661812.13580,0
1640269800000,48554.12,48621.59,48509.80,48538.00,1463.936,1640270699999,71100852.92168,18779,778.337,37809572.39205,0
1640270700000,48538.01,48597.97,48444.27,48577.45,1878.724,1640271599999,91122067.59831,24080,878.044,42590437.74806,0
1640271600000,48577.44,48700.00,48552.66,48664.84,1382.657,1640272499999,67222249.40048,18479,796.180,38710847.76515,0
1640272500000,48668.82,48828.91,48639.79,48758.41,2538.022,1640273399999,123736080.08206,27419,1251.424,61016619.97826,0
1640273400000,48758.40,48815.89,48696.01,48731.68,1332.858,1640274299999,64977208.36392,17023,497.850,24272303.21879,0
1640274300000,48731.69,48813.00,48676.17,48788.00,1573.973,1640275199999,76745176.80150,17958,731.319,35661057.56183,0
1640275200000,48788.00,48985.00,48780.00,48822.94,4980.376,1640276099999,243525217.31671,46253,2711.225,132586851.36815,0
1640276100000,48823.43,48920.01,48708.72,48716.33,2148.476,1640276999999,104838502.50323,24176,886.697,43277532.83376,0
1640277000000,48718.44,48809.00,48656.98,48809.00,1712.468,1640277899999,83419354.26315,21398,925.205,45071791.97403,0
1640277900000,48809.00,49140.43,48808.99,49061.47,5334.712,1640278799999,261467745.14299,54192,2768.705,135701983.68549,0
1640278800000,49061.47,49179.87,48973.88,49109.38,2902.540,1640279699999,142471642.31068,34179,1349.554,66255409.09092,0
1640279700000,49109.38,49237.60,49051.39,49173.67,3342.572,1640280599999,164294244.71112,34284,1915.300,94148424.37718,0
1640280600000,49173.09,49895.04,49168.78,49751.16,10982.861,1640281499999,544165387.40482,105127,6426.565,318469979.78545,0
1640281500000,49751.15,50194.29,49717.95,50030.94,12053.953,1640282399999,602333033.96462,111190,6197.136,309715509.09727,0
1640282400000,50030.95,50449.45,50029.05,50347.06,9451.034,1640283299999,475436739.19923,94621,4839.334,243405432.74136,0
1640283300000,50347.05,50750.00,50347.05,50693.60,10355.376,1640284199999,522979872.07050,95646,5448.973,275259228.82377,0
1640284200000,50693.61,50747.19,50426.02,50467.18,6493.551,1640285099999,328639753.98840,65856,2679.770,135642080.57944,0
1640285100000,50465.04,50676.45,50408.05,50582.98,4617.394,1640285999999,233333869.78565,47640,2274.864,114962682.47194,0
1640286000000,50582.98,50642.89,50471.47,50597.10,3060.823,1640286899999,154812413.18134,31231,1264.525,63955494.08479,0
1640286900000,50597.11,50978.64,50596.00,50783.95,6850.812,1640287799999,348123250.01320,68338,3545.862,180191831.79513,0
1640287800000,50783.94,51253.00,50777.34,51122.92,7119.302,1640288699999,362982731.52512,65638,3988.148,203404165.60643,0
1640288700000,51124.65,51377.74,51034.24,51082.35,8566.420,1640289599999,438703837.34603,81439,4169.991,213580087.12861,0
1640289600000,51082.35,51139.91,50857.13,50961.32,6121.369,1640290499999,312042973.82726,67028,2710.718,138181740.51881,0
1640290500000,50961.33,51003.90,50716.00,50824.99,3798.453,1640291399999,193055670.79861,45663,1746.057,88749362.34955,0
1640291400000,50824.99,50936.46,50784.01,50921.41,1968.771,1640292299999,100145777.84642,27068,1095.845,55745265.29098,0
1640292300000,50921.41,51050.00,50868.00,50901.91,2142.089,1640293199999,109162430.70464,28206,1104.475,56293760.17650,0
1640293200000,50905.26,50959.59,50738.66,50790.00,1749.299,1640294099999,88928395.45688,24494,703.466,35759078.71066,0
1640294100000,50790.00,50822.49,50633.24,50715.00,2621.918,1640294999999,132974000.27830,29532,1349.245,68436036.20075,0
1640295000000,50715.00,50850.00,50622.05,50760.79,2252.640,1640295899999,114295163.02744,25343,1162.281,58979264.57217,0
1640295900000,50760.80,50828.12,50714.91,50808.71,1072.466,1640296799999,54463324.94416,14984,518.910,26352856.01147,0
1640296800000,50803.23,50850.01,50687.78,50731.61,1248.393,1640297699999,63378950.27252,16910,501.967,25489071.68791,0
1640297700000,50731.60,50820.00,50687.57,50810.00,998.078,1640298599999,50660620.60038,13730,513.429,26062819.38375,0
1640298600000,50810.01,50873.23,50755.49,50841.93,1074.324,1640299499999,54592385.72056,13550,574.503,29194991.58487,0
1640299500000,50841.92,50980.00,50741.00,50741.01,1803.143,1640300399999,91700284.74526,19018,914.958,46544455.31057,0
1640300400000,50741.01,50823.95,50666.00,50675.12,1415.031,1640301299999,71789732.74426,16432,689.435,34979681.67861,0
1640301300000,50676.17,50739.85,50611.00,50677.41,1707.316,1640302199999,86517259.16522,18857,877.258,44459636.75772,0
1640302200000,50677.41,50686.05,50533.87,50628.18,1680.417,1640303099999,85022507.91842,21423,731.669,37022620.16359,0
1640303100000,50628.18,50817.92,50628.17,50817.92,1573.600,1640303999999,79823344.43977,16967,875.552,44410523.72763,0
1640304000000,50817.94,50865.00,50650.00,50669.73,2727.768,1640304899999,138434169.81046,22923,1269.425,64420606.68497,0
1640304900000,50669.73,50813.47,50633.19,50785.61,2147.982,1640305799999,108976299.02520,16599,1193.423,60537149.19607,0
1640305800000,50785.60,50850.00,50717.64,50781.90,1693.680,1640306699999,86006145.05701,14834,712.753,36201457.93025,0
1640306700000,50781.90,50983.95,50755.02,50859.27,2040.029,1640307599999,103788362.39691,18380,1304.494,66371945.38499,0
1640307600000,50861.53,51326.72,50825.43,51156.93,4528.356,1640308499999,231369498.92757,41248,2887.227,147537743.29856,0
1640308500000,51156.93,51159.73,50940.81,51064.12,2275.603,1640309399999,116152680.83085,24050,1002.026,51141367.34966,0
1640309400000,51064.12,51285.00,51064.12,51221.70,3517.297,1640310299999,180088686.18983,36132,1805.968,92463826.33244,0
1640310300000,51221.70,51331.39,51106.58,51309.45,2600.333,1640311199999,133199368.33669,28977,1435.905,73555076.43833,0
1640311200000,51309.44,51498.87,51200.00,51230.99,5919.973,1640312099999,304148816.15218,60841,3139.931,161354266.85297,0
1640312100000,51230.99,51261.13,51137.32,51217.59,2185.511,1640312999999,111897758.18033,23769,1019.362,52193701.53239,0
1640313000000,51216.99,51225.78,51050.00,51050.01,2044.530,1640313899999,104554611.30395,23662,976.351,49935378.71764,0
1640313900000,51050.01,51111.00,51000.00,51036.13,1737.652,1640314799999,88718687.88410,22778,816.388,41687032.75095,0
1640314800000,51036.13,51071.59,50932.43,51065.06,2569.910,1640315699999,131049083.34768,26798,1278.406,65196550.19982,0
1640315700000,51066.00,51157.65,50998.52,51036.45,1668.849,1640316599999,85245879.65882,17859,982.907,50216626.42910,0
1640316600000,51036.44,51052.93,51000.22,51030.46,712.837,1640317499999,36374601.61682,9481,328.477,16761919.41568,0
1640317500000,51029.47,51047.24,50850.36,51029.98,2229.967,1640318399999,113611838.89465,21730,1075.447,54799984.26533,0
1640318400000,51029.99,51083.22,50980.00,51077.78,944.471,1640319299999,48209243.54443,12969,485.371,24776896.52039,0
1640319300000,51076.24,51087.48,50953.16,51050.00,844.051,1640320199999,43058847.58663,10794,359.340,18332434.11897,0
1640320200000,51049.99,51089.89,50984.94,51070.99,786.345,1640321099999,40131948.03251,9324,367.688,18768835.88945,0
1640321100000,51072.17,51074.40,50915.01,50934.06,1132.364,1640321999999,57742498.53336,11378,486.247,24794654.61849,0
1640322000000,50935.07,50968.72,50817.02,50951.09,2095.274,1640322899999,106612309.36344,20748,1032.846,52559936.63443,0
1640322900000,50951.08,51008.47,50820.00,50856.32,1283.816,1640323799999,65380120.80695,14044,633.406,32259781.48889,0
1640323800000,50856.32,50968.88,50854.81,50951.04,792.050,1640324699999,40327084.22616,11230,413.606,21058329.35107,0
1640324700000,50951.05,51007.00,50927.09,51004.65,968.155,1640325599999,49354412.96831,12742,567.523,28930406.59489,0
1640325600000,51004.65,51004.66,50792.92,50865.06,1575.212,1640326499999,80144359.22953,17184,557.654,28375919.90863,0
1640326500000,50865.06,50938.00,50730.79,50906.14,2028.022,1640327399999,103075974.63643,21415,1046.528,53193692.12399,0
1640327400000,50903.92,50953.12,50887.44,50927.03,794.994,1640328299999,40489800.62728,11249,355.311,18096454.49114,0
1640328300000,50927.03,50980.00,50833.00,50878.84,1106.952,1640329199999,56363872.85682,12771,482.108,24551529.27238,0
1640329200000,50878.83,50981.90,50815.86,50981.90,1009.513,1640330099999,51374972.40039,13438,513.224,26123922.48139,0
1640330100000,50981.90,51057.01,50928.38,51022.10,1763.025,1640330999999,89929250.18425,18811,1154.110,58873667.47626,0
1640331000000,51022.11,51074.78,50908.81,50925.05,927.023,1640331899999,47250856.31300,11948,416.537,21234852.97413,0
1640331900000,50929.19,50997.71,50914.00,50990.00,683.803,1640332799999,34838623.46369,9895,440.897,22463383.42717,0
1640332800000,50989.99,51081.78,50889.09,51057.30,1401.695,1640333699999,71448534.43165,17985,754.579,38471073.96481,0
1640333700000,51057.31,51179.41,51035.54,51144.86,2544.020,1640334599999,130009395.08722,26218,1481.441,75710380.51292,0
1640334600000,51144.86,51180.00,51063.26,51092.50,1356.929,1640335499999,69377848.02915,16673,578.665,29588884.76840,0
1640335500000,51092.51,51170.00,51045.52,51062.62,1384.133,1640336399999,70735229.76474,15387,775.330,39628718.83752,0
1640336400000,51062.62,51129.96,51033.34,51118.77,795.294,1640337299999,40625480.31199,12545,397.376,20299639.63272,0
1640337300000,51118.77,51297.62,51104.33,51270.42,2496.578,1640338199999,127863106.76018,25706,1542.442,78991494.67985,0
1640338200000,51270.41,51280.86,51177.50,51189.99,1353.134,1640339099999,69327774.31786,17470,531.803,27248417.03073,0
1640339100000,51189.99,51267.00,51171.73,51263.75,839.930,1640339999999,43013400.47972,12998,499.354,25573906.30214,0
1640340000000,51261.20,51264.88,51100.60,51130.94,1274.232,1640340899999,65197781.13560,16632,523.023,26760625.53162,0
1640340900000,51130.93,51169.12,51065.92,51101.07,1356.408,1640341799999,69321405.96499,15497,648.858,33162397.19507,0
1640341800000,51101.07,51214.53,51077.99,51190.54,766.674,1640342699999,39214963.71743,11344,404.137,20674141.28600,0
1640342700000,51190.55,51229.93,51115.64,51177.10,924.939,1640343599999,47331322.72959,12373,400.140,20477317.06543,0
1640343600000,51177.09,51265.00,51100.00,51255.71,1282.614,1640344499999,65650919.48650,14957,708.905,36289549.19293,0
1640344500000,51255.71,51453.07,51182.03,51182.03,4396.135,1640345399999,225650778.11544,50681,2115.753,108623566.32947,0
1640345400000,51182.03,51194.99,51021.48,51026.46,3015.961,1640346299999,154146074.62200,31118,1212.831,61991649.54214,0
1640346300000,51026.47,51082.42,50837.03,50976.00,4156.174,1640347199999,211798223.78934,43068,2043.223,104129135.10856,0
1640347200000,50976.00,51032.51,50812.02,50949.58,2709.314,1640348099999,137904347.68149,31689,1362.365,69347539.36683,0
1640348100000,50949.59,51069.96,50875.28,50908.00,2317.811,1640348999999,118163158.54634,25078,1066.563,54387477.90248,0
1640349000000,50907.99,50987.99,50837.01,50916.86,1553.404,1640349899999,79073765.43016,19779,773.676,39387792.68261,0
1640349900000,50916.87,51068.78,50880.61,51007.90,1640.859,1640350799999,83706497.10087,18743,919.124,46892872.42379,0
1640350800000,51007.89,51007.90,50843.44,50876.87,1613.855,1640351699999,82146278.81505,19927,687.717,35006426.52908,0
1640351700000,50876.80,51054.68,50874.23,51011.75,1689.540,1640352599999,86128133.00899,17860,1082.788,55198066.92850,0
1640352600000,51008.23,51134.08,50890.71,51121.72,2112.640,1640353499999,107772003.02782,22381,1148.968,58625114.44922,0
1640353500000,51121.98,51163.06,50984.65,51027.82,1833.506,1640354399999,93647008.19984,19754,755.286,38583608.52106,0
1640354400000,51027.82,51222.62,50986.04,51217.22,2121.942,1640355299999,108517500.71704,23546,1192.714,60998172.41018,0
1640355300000,51217.23,51221.79,51051.00,51088.00,1408.951,1640356199999,72026433.45803,17990,618.813,31631751.68254,0
1640356200000,51088.00,51163.58,51060.00,51136.37,855.266,1640357099999,43707119.41407,13385,455.023,23254578.12253,0
1640357100000,51136.36,51172.49,50608.11,50728.96,5664.359,1640357999999,288055078.25662,51822,2016.558,102531686.21594,0
1640358000000,50727.31,50731.13,50379.25,50662.47,10957.592,1640358899999,554143989.85243,96874,5207.331,263407979.32828,0
1640358900000,50662.46,50851.44,50631.05,50808.08,4000.151,1640359799999,203018782.48573,43275,2054.877,104300491.03165,0
1640359800000,50808.07,50844.40,50695.61,50765.75,1425.388,1640360699999,72359272.74343,20117,632.617,32116445.37305,0
1640360700000,50765.75,50980.03,50706.46,50923.47,2125.438,1640361599999,108110290.92943,26448,1097.294,55815335.37768,0
1640361600000,50923.47,51215.10,50862.00,51145.50,4729.890,1640362499999,241650876.02895,47218,2657.152,135759166.57941,0
1640362500000,51150.09,51210.47,51016.00,51139.38,2543.526,1640363399999,129986297.27557,28013,1235.414,63140468.05806,0
1640363400000,51139.38,51163.77,50826.75,50849.58,3188.958,1640364299999,162550574.28258,29718,1164.691,59372955.09910,0
1640364300000,50849.90,50984.65,50812.74,50926.63,2712.085,1640365199999,138053774.56740,25481,1284.523,65396226.87754,0
1640365200000,50926.63,50977.42,50820.00,50868.04,1110.967,1640366099999,56523707.69726,16494,550.083,27988516.03757,0
1640366100000,50868.04,50874.99,50720.00,50765.77,1603.856,1640366999999,81449532.89152,20067,767.531,38980824.84225,0
1640367000000,50765.77,50918.13,50765.77,50897.40,1024.845,1640367899999,52129020.34267,13071,645.034,32809709.63171,0
1640367900000,50899.84,51093.00,50875.00,51089.30,1471.527,1640368799999,75048454.87420,20075,880.332,44897094.87643,0
1640368800000,51089.30,51198.00,51053.87,51129.18,2245.929,1640369699999,114823456.64757,26236,1021.421,52224622.57012,0
1640369700000,51129.17,51287.87,51069.22,51174.18,2430.921,1640370599999,124402595.65577,25863,1285.352,65790686.09266,0
1640370600000,51174.18,51379.00,51151.67,51351.00,3501.657,1640371499999,179536995.25096,33549,2044.400,104833352.58834,0
1640371500000,51351.00,51650.00,51294.54,51582.10,9357.895,1640372399999,481986888.68273,78313,5168.006,266204546.46955,0
1640372400000,51580.85,51805.00,51559.38,51669.20,6203.300,1640373299999,320636285.07453,55777,3058.348,158093449.67675,0
1640373300000,51669.22,51774.58,51387.37,51479.06,4181.370,1640374199999,215437652.57487,39610,1698.790,87522822.94225,0
1640374200000,51479.05,51500.00,51233.00,51265.12,3849.882,1640375099999,197714890.82441,34964,1569.819,80629072.69947,0
1640375100000,51265.12,51410.61,51080.00,51127.36,3009.904,1640375999999,154210608.21519,34732,1517.860,77795749.80644,0
1640376000000,51127.36,51139.86,50778.37,51127.08,6508.852,1640376899999,331610528.63433,65213,3539.243,180342118.39673,0
1640376900000,51128.01,51187.77,50937.50,51039.90,3005.801,1640377799999,153519964.22941,35662,1449.215,74035340.87739,0
1640377800000,51039.91,51175.63,50981.59,51169.34,1720.216,1640378699999,87906585.33237,21149,872.291,44579466.03683,0
1640378700000,51169.34,51222.73,51030.31,51098.62,1402.567,1640379599999,71697217.28045,18342,628.780,32144980.77462,0
1640379600000,51098.63,51130.43,51007.80,51012.01,910.214,1640380499999,46484616.50875,13100,399.936,20426132.23978,0
1640380500000,51011.75,51125.60,50940.93,51069.01,1188.472,1640381399999,60643366.26401,14847,562.624,28712060.93557,0
1640381400000,51080.93,51102.81,50871.00,50883.01,1227.248,1640382299999,62524827.42899,16636,564.470,28756482.69936,0
1640382300000,50884.81,51009.65,50842.60,50872.08,1057.177,1640383199999,53832047.50220,14753,485.459,24726125.50446,0
1640383200000,50869.02,50905.77,50718.04,50730.40,2459.941,1640384099999,124955604.25757,24762,1219.854,61970080.21221,0
1640384100000,50730.40,50923.30,50612.90,50871.30,2782.876,1640384999999,141219569.79164,28857,1422.857,72215778.84143,0
1640385000000,50870.89,50935.00,50680.00,50686.11,1126.233,1640385899999,57246206.72396,15039,450.591,22911693.70715,0
1640385900000,50686.12,50790.22,50555.76,50762.59,2792.837,1640386799999,141469567.96572,31065,1523.751,77190957.96852,0
1640386800000,50762.59,50785.18,50507.02,50556.05,2405.062,1640387699999,121773508.14983,28683,1119.670,56700018.06785,0
1640387700000,50555.99,50770.94,50470.00,50720.80,2146.025,1640388599999,108635547.85284,23769,1017.299,51503746.94608,0
1640388600000,50720.80,50880.00,50675.74,50842.40,1621.389,1640389499999,82378092.40028,19684,892.220,45330831.73832,0
1640389500000,50842.41,50847.85,50607.31,50808.55,1977.090,1640390399999,100266229.05134,19440,884.187,44849980.38092,0
1640390400000,50809.37,50885.00,50600.00,50833.30,1668.570,1640391299999,84725774.69718,19935,830.080,42152584.07431,0
1640391300000,50833.30,50930.00,50804.83,50881.11,993.022,1640392199999,50517214.58883,12312,546.831,27820300.78324,0
1640392200000,50881.11,51031.38,50835.47,50909.40,1793.435,1640393099999,91401144.76532,17632,942.867,48055660.07317,0
1640393100000,50909.40,51060.00,50909.40,51031.42,1038.407,1640393999999,52954973.29770,12579,604.228,30812758.03505,0
1640394000000,51031.43,51085.77,50975.32,51022.51,1246.807,1640394899999,63625038.43085,14895,546.276,27878206.81538,0
1640394900000,51022.50,51060.00,50928.08,50959.61,964.496,1640395799999,49159724.44292,11050,409.536,20873512.46983,0
1640395800000,50959.61,50981.22,50833.26,50835.19,943.813,1640396699999,48036184.25470,11548,326.566,16621572.01996,0
1640396700000,50836.58,50974.94,50822.79,50969.68,880.496,1640397599999,44826559.85204,10607,471.948,24028339.65619,0
1640397600000,50969.67,51023.94,50933.00,50967.32,914.394,1640398499999,46622437.41784,12482,493.652,25170969.98464,0
1640398500000,50967.32,51072.71,50967.32,51050.01,675.291,1640399399999,34455958.97153,10305,394.782,20143420.06425,0
1640399400000,51050.01,51122.95,50940.00,50944.70,1030.528,1640400299999,52604446.78872,12580,488.425,24941465.10435,0
1640400300000,50944.11,50944.11,50761.74,50764.11,1327.928,1640401199999,67529441.44589,16873,595.606,30290307.98536,0
1640401200000,50763.72,50871.27,50671.54,50849.99,2054.101,1640402099999,104282048.88329,20161,973.994,49460339.26614,0
1640402100000,50849.99,50899.33,50801.86,50899.33,540.285,1640402999999,27476265.81204,7761,296.514,15079756.18309,0
1640403000000,50899.32,50923.76,50869.19,50911.29,491.713,1640403899999,25029014.55721,7492,230.250,11720624.28791,0
1640403900000,50911.30,50920.57,50782.65,50833.29,712.904,1640404799999,36246247.41025,8881,283.755,14428245.86361,0
1640404800000,50833.29,50967.59,50790.00,50959.87,776.808,1640405699999,39526664.60750,9765,457.892,23301621.42169,0
1640405700000,50959.86,51030.00,50907.50,50972.51,1248.776,1640406599999,63655305.69306,12557,584.276,29785388.52022,0
1640406600000,50971.17,50971.17,50866.00,50872.06,647.621,1640407499999,32974293.92132,7691,262.209,13349724.77540,0
1640407500000,50872.06,50916.00,50815.76,50867.79,487.991,1640408399999,24822534.33802,8069,256.169,13030736.67243,0
1640408400000,50867.78,50971.06,50841.50,50941.67,577.004,1640409299999,29371945.59029,8900,357.730,18209883.69760,0
1640409300000,50941.66,50998.30,50938.39,50964.63,529.880,1640410199999,27007158.79117,8843,251.592,12823575.20491,0
1640410200000,50963.61,50990.48,50870.00,50899.02,644.457,1640411099999,32814837.75383,9900,258.381,13154952.05461,0
1640411100000,50899.02,50916.01,50851.00,50880.64,433.460,1640411999999,22054381.94850,7274,222.235,11307889.92064,0
1640412000000,50880.16,50880.17,50650.00,50650.01,2242.809,1640412899999,113839489.36532,20604,738.060,37471827.50884,0
1640412900000,50650.00,50868.47,50650.00,50850.26,2396.608,1640413799999,121667260.12930,19105,1436.496,72923450.83634,0
1640413800000,50850.26,50977.70,50849.50,50963.60,1148.689,1640414699999,58487957.07119,13462,670.448,34138039.48678,0
1640414700000,50963.60,50963.60,50883.53,50947.07,730.194,1640415599999,37190852.70354,8669,291.340,14839087.40236,0
1640415600000,50947.07,51030.48,50865.55,51028.47,1335.514,1640416499999,68046017.58782,14279,694.809,35409352.82818,0
1640416500000,51027.57,51043.48,50955.00,51025.43,839.545,1640417399999,42822830.85420,11187,422.767,21564549.61695,0
1640417400000,51025.43,51077.00,50818.87,50822.01,1362.132,1640418299999,69357279.71543,17625,544.491,27729570.45262,0
1640418300000,50822.01,50925.70,50817.44,50916.29,905.352,1640419199999,46061431.14648,12414,599.595,30504776.30325,0
1640419200000,50916.30,50970.06,50863.65,50863.65,762.857,1640420099999,38846120.22050,10165,330.539,16835473.52968,0
1640420100000,50863.66,50878.62,50787.25,50820.96,1088.374,1640420999999,55309135.31638,13970,548.074,27853892.01625,0
1640421000000,50820.96,50861.30,50796.02,50826.61,551.194,1640421899999,28016079.80229,8992,309.400,15726744.37064,0
1640421900000,50823.75,50906.89,50799.52,50878.45,723.110,1640422799999,36780743.45021,8790,418.612,21292306.39304,0
1640422800000,50878.44,50907.31,50845.85,50904.76,530.912,1640423699999,27015042.58092,8606,278.503,14171304.30499,0
1640423700000,50904.75,51009.50,50880.73,50893.73,1316.328,1640424599999,67068296.35708,15262,674.531,34370297.26048,0
1640424600000,50893.73,50929.99,50867.00,50880.98,468.621,1640425499999,23850146.90634,8332,225.906,11497990.46745,0
1640425500000,50880.99,50908.44,50804.02,50811.39,765.173,1640426399999,38910357.89399,10357,324.516,16502995.42065,0
1640426400000,50811.40,50832.93,50725.54,50830.69,1630.250,1640427299999,82800355.09869,19422,816.258,41459769.25061,0
1640427300000,50829.63,50829.63,50702.01,50731.97,1866.796,1640428199999,94729284.11087,18714,1050.189,53287469.34124,0
1640428200000,50731.98,50749.87,50616.44,50683.20,2031.257,1640429099999,102950602.40718,25238,910.576,46155164.85021,0
1640429100000,50683.21,50768.80,50550.00,50648.01,2686.178,1640429999999,136020676.43074,30698,1274.277,64534300.12574,0
1640430000000,50647.29,50786.82,50590.00,50777.15,1727.231,1640430899999,87551722.16507,23217,936.559,47477394.86988,0
1640430900000,50777.16,50819.88,50678.66,50732.99,1119.758,1640431799999,56813482.09193,16070,510.908,25922792.63699,0
1640431800000,50732.99,50732.99,50630.00,50690.79,666.915,1640432699999,33800498.47195,11149,299.567,15183148.59224,0
1640432700000,50690.79,50697.72,50599.00,50685.22,884.800,1640433599999,44804335.90806,13440,461.500,23370575.63007,0
1640433600000,50686.71,50761.99,50683.24,50696.52,886.399,1640434499999,44952710.13043,13912,421.573,21379973.33055,0
1640434500000,50696.51,50895.00,50694.21,50864.25,2034.324,1640435399999,103393692.07150,24520,1072.768,54517797.66100,0
1640435400000,50864.25,50929.31,50824.15,50860.30,1514.209,1640436299999,77042236.27848,21888,617.380,31416044.10467,0
1640436300000,50860.31,50860.31,50770.04,50790.94,943.980,1640437199999,47969458.94417,12790,337.772,17164670.00392,0
1640437200000,50794.19,50796.10,50695.00,50731.83,1248.091,1640438099999,63324541.30221,16150,602.236,30554406.60207,0
1640438100000,50731.83,50806.65,50731.83,50753.03,810.925,1640438999999,41168065.24109,12263,465.411,23627709.30915,0
1640439000000,50753.04,50878.70,50634.00,50844.76,2849.978,1640439899999,144658984.34107,26017,1721.859,87413489.72569,0
1640439900000,50844.75,50909.12,50778.00,50846.61,1573.533,1640440799999,80018220.80235,18035,719.803,36606953.17936,0
1640440800000,50846.61,50871.97,50737.71,50750.00,888.629,1640441699999,45144887.64001,13426,325.221,16522751.70024,0
1640441700000,50750.00,50777.97,50702.00,50750.04,902.516,1640442599999,45790098.02365,12584,519.025,26334215.42504,0
1640442600000,50750.04,50769.38,50681.38,50701.01,688.177,1640443499999,34908049.70519,11549,312.583,15857062.91035,0
1640443500000,50702.92,50748.49,50686.48,50747.49,631.307,1640444399999,32016644.96228,10907,346.534,17575155.86996,0
1640444400000,50747.49,50815.81,50671.63,50730.00,1504.073,1640445299999,76315592.28825,18151,674.517,34228952.58568,0
1640445300000,50730.01,50766.64,50670.00,50751.80,962.327,1640446199999,48796664.44261,13591,450.002,22820329.87390,0
1640446200000,50751.79,50818.39,50748.22,50762.63,972.839,1640447099999,49404667.06944,12384,516.983,26256106.83409,0
1640447100000,50762.64,50774.74,50657.00,50669.01,1114.666,1640447999999,56520345.31551,12489,394.468,20002589.18012,0
1640448000000,50669.01,50731.36,50606.56,50624.02,1663.135,1640448899999,84258801.71251,24133,849.064,43018651.75433,0
1640448900000,50624.01,50758.26,50478.10,50729.99,3716.256,1640449799999,188134886.07927,42074,1846.192,93506388.85340,0
1640449800000,50729.99,50770.23,50568.00,50607.99,2032.890,1640450699999,103012210.95848,21647,845.536,42850288.38207,0
1640450700000,50607.99,50665.66,50567.33,50611.43,1242.684,1640451599999,62889696.42364,17432,665.430,33678891.75435,0
1640451600000,50611.44,50664.70,50563.69,50623.94,1420.331,1640452499999,71885883.62935,16999,728.778,36888769.55864,0
1640452500000,50623.93,50649.94,50105.00,50308.39,8146.045,1640453399999,409854502.54994,78191,3250.737,163558034.19530,0
1640453400000,50308.39,50448.91,50250.00,50378.24,2779.514,1640454299999,139972062.38395,32561,1562.743,78697037.15416,0
1640454300000,50378.24,50861.00,50372.90,50787.07,5653.174,1640455199999,286172183.94795,51157,3356.661,169905495.28568,0
1640455200000,50787.07,50890.00,50716.85,50809.62,2670.403,1640456099999,135630177.50626,31983,1225.046,62226117.72881,0
1640456100000,50809.61,50984.25,50802.94,50952.93,2324.067,1640456999999,118280558.74533,27278,1294.196,65874751.70718,0
1640457000000,50952.94,51190.00,50868.12,50909.87,4875.989,1640457899999,248808840.99055,49449,2563.606,130850928.33266,0
1640457900000,50909.87,51068.21,50851.61,50988.40,2598.686,1640458799999,132415243.20445,23213,1641.925,83678399.29866,0
1640458800000,50988.40,51061.90,50851.47,50907.63,1523.180,1640459699999,77611090.86803,19166,756.386,38544395.11386,0
1640459700000,50907.20,50955.64,50820.20,50870.95,927.757,1640460599999,47208511.69457,13347,412.118,20971824.55228,0
1640460600000,50870.95,50946.29,50826.63,50890.50,764.862,1640461499999,38918893.49872,11223,484.645,24662591.68117,0
1640461500000,50887.02,50927.31,50831.61,50901.01,488.808,1640462399999,24865529.10164,8275,254.677,12955720.47209,0
1640462400000,50901.01,50997.86,50880.00,50917.39,937.686,1640463299999,47758984.77617,12783,534.148,27207907.81564,0
1640463300000,50917.39,50949.96,50820.16,50836.74,610.573,1640464199999,31066158.00581,8348,233.800,11896239.14226,0
1640464200000,50839.17,50912.53,50750.00,50853.76,2392.260,1640465099999,121586266.21366,18715,1366.338,69455721.24536,0
1640465100000,50853.75,50999.83,50830.00,50867.17,1748.249,1640465999999,89033837.02588,15944,910.515,46374685.99730,0
1640466000000,50867.17,50986.99,50835.30,50954.39,843.221,1640466899999,42943147.08283,14008,387.857,19753479.93995,0
1640466900000,50954.39,51027.35,50933.00,50998.01,1000.609,1640467799999,51012168.79866,13063,555.875,28343443.62075,0
1640467800000,50998.01,51080.00,50975.00,51065.32,976.831,1640468699999,49844465.51074,13075,608.211,31036743.48169,0
1640468700000,51064.58,51065.33,50945.63,50951.51,746.933,1640469599999,38090421.77025,10812,270.755,13807690.79146,0
1640469600000,50951.50,50971.07,50850.00,50867.56,866.505,1640470499999,44122018.58162,12644,371.258,18905568.59273,0
1640470500000,50867.56,50900.00,50623.75,50688.02,3355.130,1640471399999,170213652.59629,28337,1388.829,70456913.40788,0
1640471400000,50688.02,50730.07,50601.16,50653.39,2889.280,1640472299999,146356657.78951,20804,1208.868,61232236.52102,0
1640472300000,50653.39,50730.18,50580.91,50605.11,2041.959,1640473199999,103414969.45197,16770,880.750,44615883.90039,0
1640473200000,50605.11,50653.00,50535.00,50608.77,3744.233,1640474099999,189397687.85966,23149,2167.555,109637410.89326,0
1640474100000,50608.77,50625.07,50450.00,50484.53,3166.790,1640474999999,160016276.95978,23352,1377.541,69603595.61198,0
1640475000000,50484.53,50691.00,50480.00,50675.91,4372.242,1640475899999,221117705.19045,25650,2340.437,118361337.38644,0
1640475900000,50675.92,50677.74,50341.41,50403.64,3213.399,1640476799999,162170314.40873,24756,1242.274,62689838.20363,0
1640476800000,50403.64,50474.27,50320.13,50435.62,3579.681,1640477699999,180381417.86542,29023,1575.417,79391475.23651,0
1640477700000,50435.62,50547.67,50382.90,50529.75,1292.641,1640478599999,65235800.50932,15257,794.462,40099253.18820,0
1640478600000,50529.74,50571.41,50254.01,50296.34,2113.033,1640479499999,106464432.24332,23448,783.112,39458490.85365,0
1640479500000,50296.34,50431.47,50296.34,50383.36,1318.355,1640480399999,66389418.50911,15646,727.973,36656595.67603,0
1640480400000,50382.92,50468.16,50317.17,50424.42,957.251,1640481299999,48254615.63208,12746,515.111,25968124.30593,0
1640481300000,50424.43,50521.22,50353.07,50421.68,1513.144,1640482199999,76322735.25774,14563,631.740,31867979.04793,0
1640482200000,50421.68,50644.07,50360.94,50606.45,2947.726,1640483099999,149040343.13482,21070,1630.104,82405544.02455,0
1640483100000,50606.45,50677.20,50462.01,50532.13,2301.030,1640483999999,116409248.01144,20234,1114.274,56393261.51236,0
1640484000000,50532.13,50558.18,50463.50,50486.99,1201.913,1640484899999,60695150.77473,13409,534.561,26994499.90761,0
1640484900000,50487.00,50500.00,50275.00,50310.00,2048.509,1640485799999,103180020.81461,19143,937.862,47246438.69144,0
1640485800000,50310.00,50348.49,49827.53,50090.95,11023.990,1640486699999,551360702.98213,86791,4656.516,232856982.89366,0
1640486700000,50090.95,50195.65,49983.33,50032.32,2717.330,1640487599999,136109032.98027,25378,1141.182,57170439.35152,0
1640487600000,50031.62,50034.60,49701.00,49880.47,5270.222,1640488499999,262836778.14521,47958,2387.677,119078426.73325,0
1640488500000,49880.46,49951.00,49761.20,49945.19,2057.615,1640489399999,102630427.62220,25158,1109.177,55334197.40687,0
1640489400000,49945.19,49990.58,49651.09,49763.76,6025.246,1640490299999,299713471.43897,48620,2499.270,124336918.80408,0
1640490300000,49762.51,49817.54,49611.45,49672.67,3868.837,1640491199999,192276751.33703,34542,1878.750,93384311.58922,0
1640491200000,49672.68,49878.29,49616.00,49825.97,4257.752,1640492099999,211662099.87110,32458,2168.732,107828596.02078,0
1640492100000,49825.96,49879.99,49681.52,49696.52,1381.823,1640492999999,68792031.57963,17828,651.286,32426541.10163,0
1640493000000,49692.64,49835.68,49680.00,49793.30,1180.079,1640493899999,58729265.57756,14707,605.608,30143025.60245,0
1640493900000,49793.30,49886.88,49788.89,49860.04,749.858,1640494799999,37370241.34198,10970,460.745,22962207.19765,0
1640494800000,49860.04,49907.14,49789.24,49870.00,1015.560,1640495699999,50625261.92747,13602,517.196,25783881.80923,0
1640495700000,49870.00,49950.00,49835.00,49908.96,1084.315,1640496599999,54103755.83955,13177,630.549,31461958.38516,0
1640496600000,49908.96,49969.00,49840.37,49908.64,1062.637,1640497499999,53033487.05419,12638,522.951,26101500.16650,0
1640497500000,49908.65,49931.94,49792.13,49851.38,790.010,1640498399999,39381645.37927,10934,306.036,15256478.11359,0
1640498400000,49851.38,49940.00,49821.58,49903.15,827.849,1640499299999,41306617.66556,10692,483.275,24113704.63331,0
1640499300000,49902.22,49908.86,49830.33,49870.09,651.862,1640500199999,32507033.58340,10661,264.046,13168287.04003,0
1640500200000,49870.09,49958.09,49783.50,49813.42,1230.180,1640501099999,61321867.17630,14397,444.540,22165467.98301,0
1640501100000,49813.42,49899.85,49805.00,49889.01,657.639,1640501999999,32791712.33384,9815,327.418,16325968.46857,0
1640502000000,49889.01,49899.58,49700.00,49800.01,1291.136,1640502899999,64286108.34468,15993,470.122,23409068.30508,0
1640502900000,49800.65,49887.75,49790.98,49872.60,705.492,1640503799999,35166797.98486,11192,381.361,19009021.60631,0
1640503800000,49872.59,49904.00,49836.87,49872.06,673.537,1640504699999,33594128.46018,9909,336.633,16790831.01679,0
1640504700000,49872.05,49959.00,49815.00,49915.86,1143.826,1640505599999,57075288.73709,13742,616.097,30744039.80498,0
1640505600000,49915.87,50020.00,49866.00,50016.13,1274.505,1640506499999,63653739.66251,17011,782.840,39103361.91161,0
1640506500000,50016.12,50089.99,50000.00,50029.99,1886.905,1640507399999,94422485.48893,21144,989.370,49512211.96339,0
1640507400000,50029.48,50035.24,49876.84,49878.21,1314.729,1640508299999,65670359.99008,17214,549.370,27436958.93976,0
1640508300000,49878.22,49888.86,49823.33,49881.85,1106.667,1640509199999,55174334.85045,13921,587.006,29266002.13609,0
1640509200000,49881.85,49887.88,49830.71,49860.00,699.693,1640510099999,34885063.92823,9993,346.964,17299313.48739,0
1640510100000,49860.01,49958.34,49860.00,49912.27,877.563,1640510999999,43810653.70186,10510,534.362,26676702.83082,0
1640511000000,49912.27,49980.00,49880.43,49965.78,711.218,1640511899999,35516681.59385,10611,375.494,18752378.25916,0
1640511900000,49970.00,50158.96,49949.51,50000.14,4414.305,1640512799999,220916343.21341,34885,2027.902,101501297.04935,0
1640512800000,50000.92,50074.59,49921.17,49946.38,1311.697,1640513699999,65566405.74522,16325,708.565,35421022.38989,0
1640513700000,49946.37,50051.41,49927.44,50000.41,770.426,1640514599999,38511916.01852,10470,453.306,22661540.06316,0
1640514600000,50000.40,50100.00,49953.74,50080.85,1414.745,1640515499999,70795405.99247,15617,836.599,41867581.93439,0
1640515500000,50080.86,50102.26,49972.75,50069.01,1086.076,1640516399999,54341293.84988,12210,562.137,28126366.35924,0
1640516400000,50069.02,50116.12,50015.42,50037.87,1137.572,1640517299999,56970271.88825,14142,544.404,27265836.08223,0
1640517300000,50037.88,50089.00,50002.01,50041.20,593.021,1640518199999,29682627.72446,9836,325.094,16272592.21611,0
1640518200000,50041.21,50055.00,49752.25,49850.03,3505.524,1640519099999,174818565.83271,33916,1463.286,72959177.31757,0
1640519100000,49851.62,49855.45,49350.00,49729.35,7794.472,1640519999999,386592906.27662,78687,2974.878,147598831.63410,0
1640520000000,49729.35,49845.24,49624.11,49796.46,2919.866,1640520899999,145298993.32441,32203,1593.551,79310974.76458,0
1640520900000,49796.46,49802.12,49652.00,49703.97,1399.941,1640521799999,69622505.40155,17539,579.092,28801901.18372,0
1640521800000,49703.97,49869.99,49669.54,49854.82,1470.757,1640522699999,73227672.40810,17410,827.401,41198396.98941,0
1640522700000,49854.83,49947.75,49804.63,49862.04,1816.781,1640523599999,90632334.38268,20193,899.148,44857415.66452,0
1640523600000,49862.03,49922.06,49840.00,49883.29,912.582,1640524499999,45515509.66701,12106,491.124,24497357.69207,0
1640524500000,49883.55,49975.48,49788.00,49798.00,1505.460,1640525399999,75098734.83452,16246,648.227,32344303.37831,0
1640525400000,49801.51,49898.99,49801.51,49806.09,708.006,1640526299999,35292314.86324,10777,336.031,16750933.00085,0
1640526300000,49806.09,49858.30,49765.66,49833.92,914.713,1640527199999,45563010.81019,12155,458.757,22851844.14652,0
1640527200000,49833.93,49887.36,49821.00,49831.53,685.415,1640528099999,34174913.48532,10035,371.257,18511266.12588,0
1640528100000,49831.53,49831.54,49723.44,49759.33,1396.555,1640528999999,69500546.82269,15486,643.249,32012823.01424,0
1640529000000,49759.33,49847.94,49743.00,49829.99,725.922,1640529899999,36145361.71457,10661,402.608,20047342.42523,0
1640529900000,49829.99,49950.00,49735.36,49890.33,1587.158,1640530799999,79147455.57510,17577,767.906,38300453.62077,0
1640530800000,49890.32,49934.30,49879.50,49910.92,659.490,1640531699999,32912608.25394,11336,274.577,13704284.81607,0
1640531700000,49910.92,50278.67,49910.92,50122.29,5736.276,1640532599999,287458863.58381,51399,3591.990,179997971.34524,0
1640532600000,50122.30,50173.59,50081.91,50102.50,1143.095,1640533499999,57284447.07043,16303,504.377,25277753.02459,0
1640533500000,50102.51,50111.67,49960.15,50039.10,1807.568,1640534399999,90426121.31263,18524,680.036,34016685.84112,0
1640534400000,50039.10,50166.83,50010.88,50019.81,1880.657,1640535299999,94218333.71890,20240,931.935,46692341.13027,0
1640535300000,50018.02,50185.34,50004.15,50170.01,880.430,1640536199999,44109465.93531,11659,531.537,26632888.19775,0
1640536200000,50170.01,50352.55,50140.14,50284.64,2991.934,1640537099999,150381842.25572,30217,1606.045,80726450.81340,0
1640537100000,50284.65,50399.86,50215.84,50230.00,1888.597,1640537999999,95019485.14175,22164,936.438,47125427.31980,0
1640538000000,50230.01,50297.97,50200.39,50237.39,816.794,1640538899999,41030555.99442,12797,403.918,20290453.18134,0
1640538900000,50237.39,50321.30,50216.09,50253.21,870.818,1640539799999,43769801.80608,11372,465.487,23398364.46739,0
1640539800000,50253.22,50367.00,50240.00,50333.89,862.214,1640540699999,43383878.46279,12836,450.406,22663480.84173,0
1640540700000,50333.89,50349.75,50150.26,50237.34,1992.373,1640541599999,100085358.49860,16516,598.492,30060872.04580,0
1640541600000,50236.84,50247.29,50130.81,50161.53,1715.365,1640542499999,86079537.10929,17322,590.351,29628546.08432,0
1640542500000,50162.61,50237.00,50162.61,50211.20,493.579,1640543399999,24782840.71442,8790,285.573,14339017.50387,0
1640543400000,50213.94,50235.00,50168.60,50206.97,443.893,1640544299999,22286492.80658,8409,167.446,8408054.75779,0
1640544300000,50206.97,50396.82,50128.63,50335.63,2588.731,1640545199999,130133759.71537,20959,1506.390,75723553.14624,0
1640545200000,50335.63,50450.00,50275.00,50290.72,2057.240,1640546099999,103633495.02916,22632,1173.697,59135507.55339,0
1640546100000,50290.72,50325.00,50196.96,50264.47,1117.808,1640546999999,56188115.50971,12994,559.789,28138489.47457,0
1640547000000,50264.47,50383.00,50244.98,50331.61,853.840,1640547899999,42983695.21480,10474,432.515,21772518.36523,0
1640547900000,50331.61,50362.11,50280.60,50330.01,422.580,1640548799999,21266901.55834,7495,181.695,9144196.96114,0
1640548800000,50330.00,50364.99,50285.59,50287.25,592.438,1640549699999,29818327.91393,9207,250.549,12612628.80064,0
1640549700000,50287.26,50360.97,50263.58,50303.68,565.275,1640550599999,28436198.69762,8932,274.227,13795960.62670,0
1640550600000,50303.68,50330.00,50252.08,50314.27,504.441,1640551499999,25368333.46492,7978,217.753,10950687.09119,0
1640551500000,50314.27,50355.20,50255.00,50256.24,709.537,1640552399999,35702806.10845,8327,300.115,15103480.92870,0
1640552400000,50256.24,50262.00,49899.42,50050.00,4488.173,1640553299999,224669969.22155,39621,1704.634,85319961.10634,0
1640553300000,50050.00,50448.91,49984.43,50377.12,2988.835,1640554199999,150143982.47425,29961,1801.770,90508612.08280,0
1640554200000,50377.11,50876.54,50377.11,50801.41,6533.996,1640555099999,330995000.94738,64644,3788.546,191856723.82153,0
1640555100000,50801.42,51065.99,50733.30,50777.32,5851.370,1640555999999,297775706.03284,57528,2999.497,152657877.88826,0
1640556000000,50777.32,50917.54,50777.31,50834.52,1652.507,1640556899999,84046640.78742,21898,785.479,39951023.03140,0
1640556900000,50834.52,50900.00,50766.48,50848.58,1121.170,1640557799999,56995951.49898,16720,516.271,26246619.64202,0
1640557800000,50850.00,51300.00,50844.07,51093.81,4026.534,1640558699999,205796292.92337,50131,2203.584,112628378.93155,0
1640558700000,51093.81,51100.84,50898.85,50963.96,1980.678,1640559599999,100967601.09694,20385,948.858,48370452.86649,0
1640559600000,50963.97,51046.54,50752.98,50841.74,3858.268,1640560499999,196246119.65743,28876,1749.224,88988823.08710,0
1640560500000,50841.74,50845.05,50645.00,50718.25,1716.389,1640561399999,87090530.70241,20364,769.856,39066040.50431,0
1640561400000,50718.26,50834.20,50668.50,50757.12,1413.744,1640562299999,71756116.63125,14083,810.289,41128747.07459,0
1640562300000,50757.12,50819.09,50726.00,50765.73,691.627,1640563199999,35114891.26480,10303,341.336,17331295.32620,0
1640563200000,50765.73,50973.55,50764.19,50900.16,1450.027,1640564099999,73709218.72255,17237,856.157,43526412.53072,0
1640564100000,50900.16,50932.00,50819.81,50858.89,1138.575,1640564999999,57926919.97052,14073,576.010,29307499.21554,0
1640565000000,50858.89,50910.00,50575.00,50624.20,3267.562,1640565899999,165606309.56646,29220,1206.959,61168624.81554,0
1640565900000,50624.19,50723.70,50562.77,50617.73,2508.839,1640566799999,127039359.95070,20705,1149.674,58221213.38189,0
1640566800000,50617.73,50620.60,50450.00,50496.52,2367.856,1640567699999,119580971.34855,23636,1148.226,57988005.99529,0
1640567700000,50496.52,50635.60,50450.20,50629.50,1434.592,1640568599999,72538056.17317,14360,941.323,47593912.48476,0
1640568600000,50629.50,50672.35,50600.00,50669.99,756.837,1640569499999,38314039.37176,9200,387.276,19608147.97643,0
1640569500000,50669.65,50815.00,50667.62,50772.06,1467.626,1640570399999,74464075.64108,15489,887.336,45020648.25112,0
1640570400000,50772.06,50796.42,50655.00,50760.57,1883.115,1640571299999,95530601.45432,16112,662.111,33597111.33496,0
1640571300000,50760.57,50793.31,50701.01,50768.40,749.664,1640572199999,38039763.75080,10526,373.779,18967498.23886,0
1640572200000,50769.02,50882.27,50760.00,50860.90,1375.446,1640573099999,69911665.09524,14534,840.157,42704299.31153,0
1640573100000,50861.55,50942.09,50810.00,50813.26,1725.205,1640573999999,87784995.96406,20232,986.373,50195235.10577,0
1640574000000,50813.26,50968.00,50792.08,50934.55,1147.622,1640574899999,58386833.84670,14230,606.742,30871399.84345,0
1640574900000,50934.56,51124.99,50926.78,51035.56,2137.659,1640575799999,109086471.27024,23872,1217.315,62119405.41755,0
1640575800000,51037.95,51111.00,50988.11,51096.06,1594.100,1640576699999,81368392.72217,17748,818.916,41803226.37577,0
1640576700000,51096.05,51133.00,50985.92,51007.02,1796.813,1640577599999,91721786.02177,16712,631.174,32227431.87146,0
1640577600000,51007.02,51102.25,50870.45,51029.38,2632.929,1640578499999,134222425.01005,22877,1222.166,62323526.14304,0
1640578500000,51032.16,51042.50,50859.01,50912.11,1776.270,1640579399999,90463926.02117,18896,719.685,36654565.05883,0
1640579400000,50906.67,50995.89,50859.01,50956.44,983.381,1640580299999,50078612.26497,12640,414.753,21123454.18518,0
1640580300000,50956.44,51033.14,50893.40,50996.60,1314.437,1640581199999,67001240.00733,14658,694.504,35401701.63010,0
1640581200000,50996.61,51019.28,50860.00,50918.30,908.424,1640582099999,46262336.90394,11950,405.682,20659794.69742,0
1640582100000,50920.20,50954.42,50826.75,50907.37,1289.977,1640582999999,65648572.90032,13149,671.356,34168467.54208,0
1640583000000,50907.37,50950.00,50867.29,50943.73,650.127,1640583899999,33104101.08305,8517,331.117,16860808.00758,0
1640583900000,50943.72,50962.12,50842.34,50852.91,931.829,1640584799999,47419412.74838,10361,408.687,20799269.97128,0
1640584800000,50852.90,50896.70,50736.72,50745.04,1978.711,1640585699999,100564802.59335,18979,753.707,38308011.99976,0
1640585700000,50744.86,50869.90,50734.16,50846.50,1111.454,1640586599999,56470132.51974,12361,713.068,36228363.12977,0
1640586600000,50848.08,50932.64,50842.12,50905.78,823.991,1640587499999,41931245.66195,9622,513.854,26148983.46813,0
1640587500000,50905.78,50979.03,50852.73,50933.62,1709.047,1640588399999,87015802.70319,15042,946.446,48190077.24723,0
1640588400000,50933.63,50978.90,50890.01,50907.12,716.818,1640589299999,36508103.18019,9512,390.349,19881213.04927,0
1640589300000,50907.13,50981.41,50820.50,50851.00,1339.564,1640590199999,68182625.11810,13890,557.864,28397302.80311,0
1640590200000,50851.00,50851.01,50750.00,50788.49,1545.686,1640591099999,78517732.68623,15496,647.328,32885170.18417,0
1640591100000,50788.49,50792.31,50630.76,50693.01,3063.411,1640591999999,155302903.87050,25456,1333.595,67611075.20668,0
1640592000000,50693.01,50846.75,50654.55,50825.99,1427.928,1640592899999,72478208.46311,17707,783.971,39795275.98509,0
1640592900000,50826.00,50828.00,50745.30,50774.73,989.192,1640593799999,50247224.05878,11785,401.879,20414886.27283,0
1640593800000,50774.72,50785.27,50721.11,50762.62,683.807,1640594699999,34706881.04258,10081,291.510,14795888.95470,0
1640594700000,50760.39,50762.81,50550.00,50559.88,2899.486,1640595599999,146755327.63650,27528,1183.776,59913349.02920,0
1640595600000,50559.54,50639.00,50501.71,50628.14,2726.557,1640596499999,137863793.99211,26982,1198.940,60632782.34097,0
1640596500000,50628.14,50680.00,50604.96,50661.15,1214.557,1640597399999,61511378.97382,14498,635.401,32181482.83533,0
1640597400000,50661.15,50679.99,50559.00,50657.07,1319.969,1640598299999,66820960.65887,15995,611.123,30939960.86148,0
1640598300000,50657.06,50769.99,50648.10,50750.16,1317.163,1640599199999,66817567.86775,15455,804.224,40796736.39434,0
1640599200000,50750.16,50844.70,50740.00,50751.51,1482.326,1640600099999,75284611.19804,15326,691.807,35137632.64221,0
1640600100000,50751.50,50799.52,50712.17,50774.16,683.114,1640600999999,34679535.45633,9853,339.582,17240434.68950,0
1640601000000,50774.04,50791.95,50684.90,50757.30,1298.770,1640601899999,65900785.07948,12762,589.271,29901072.08428,0
1640601900000,50757.30,50917.68,50718.64,50788.35,3341.931,1640602799999,169892539.30670,27503,1516.105,77080886.77122,0
1640602800000,50788.35,50868.52,50765.00,50791.74,1560.307,1640603699999,79288536.48012,16445,774.047,39334707.12541,0
1640603700000,50791.74,50818.03,50685.00,50691.40,1459.519,1640604599999,74052178.84287,16238,602.632,30579328.45721,0
1640604600000,50691.60,50774.50,50669.29,50757.87,1011.089,1640605499999,51294541.41450,13378,611.706,31032999.74920,0
1640605500000,50757.87,50776.63,50693.76,50765.06,813.064,1640606399999,41248456.14147,12508,417.487,21180607.19455,0
1640606400000,50765.07,50794.54,50725.84,50759.61,637.078,1640607299999,32341338.52288,10634,338.032,17161222.37266,0
1640607300000,50762.16,50863.24,50582.00,50863.23,3534.537,1640608199999,179220386.22868,30261,1782.848,90423604.03844,0
1640608200000,50863.24,51170.00,50857.20,51148.00,6814.091,1640609099999,347674494.09181,60664,3798.731,193826859.38789,0
1640609100000,51147.99,51180.20,51024.83,51108.62,3457.919,1640609999999,176724502.16368,40564,1656.771,84682834.27076,0
1640610000000,51108.63,51245.26,50966.00,51011.88,3778.904,1640610899999,193225663.27059,41556,1856.081,94940115.63983,0
1640610900000,51011.86,51473.07,51008.66,51346.18,5592.046,1640611799999,286622388.67115,53172,3623.818,185752852.37719,0
1640611800000,51346.18,51410.00,51221.16,51226.76,2844.274,1640612699999,145929324.94224,32524,1139.494,58473991.18324,0
1640612700000,51225.77,51350.00,51171.40,51293.82,1972.596,1640613599999,101154926.61607,21926,989.277,50735791.20268,0
1640613600000,51293.82,51393.38,51240.19,51325.93,2049.041,1640614499999,105187136.13112,25749,978.635,50243065.32835,0
1640614500000,51325.04,51600.00,51205.86,51213.41,5135.535,1640615399999,264041982.64755,56401,2713.545,139572056.88752,0
1640615400000,51214.24,51668.68,51203.51,51564.65,5439.799,1640616299999,280051493.94117,54442,3119.222,160585217.20595,0
1640616300000,51564.64,51686.28,51472.00,51490.09,3840.348,1640617199999,198041438.71694,39489,1764.705,91009513.07465,0
1640617200000,51490.09,51650.00,51472.57,51539.96,3071.833,1640618099999,158438324.92979,30640,1533.619,79115414.37413,0
1640618100000,51539.96,51559.80,51451.31,51486.23,1775.257,1640618999999,91418865.73976,21970,724.971,37336749.55308,0
1640619000000,51486.23,51501.36,51350.00,51430.88,2356.531,1640619899999,121182052.40623,24117,902.747,46426960.47300,0
1640619900000,51430.87,51476.17,51380.00,51449.29,1658.640,1640620799999,85313805.86041,18725,848.128,43627409.71551,0
1640620800000,51449.29,51526.11,51311.73,51372.11,2166.981,1640621699999,111386421.39960,25473,951.694,48929560.28928,0
1640621700000,51372.10,51383.00,51230.00,51345.13,2369.368,1640622599999,121569852.12423,26354,1126.266,57788396.96180,0
1640622600000,51345.13,51433.30,51327.25,51427.79,1312.298,1640623499999,67426880.30607,16008,815.518,41903579.86689,0
1640623500000,51427.09,51480.68,51418.15,51460.00,1103.740,1640624399999,56785826.28528,13680,538.984,27730851.64595,0
1640624400000,51457.91,51585.39,51434.01,51585.38,2411.106,1640625299999,124185233.54332,20791,1127.743,58091323.81597,0
1640625300000,51585.38,51900.00,51539.05,51765.00,7387.506,1640626199999,382212211.68153,66202,4059.565,210024153.47424,0
1640626200000,51764.99,52000.00,51738.04,51895.81,6590.089,1640627099999,341964014.87102,66313,3515.643,182438405.65131,0
1640627100000,51895.81,52134.00,51762.03,51834.03,6170.230,1640627999999,320331718.43113,58374,2972.114,154372364.83405,0
1640628000000,51834.03,51930.40,51727.92,51753.48,2942.387,1640628899999,152480609.82335,31351,1265.624,65596202.75077,0
1640628900000,51753.48,51779.99,51666.00,51671.33,2506.151,1640629799999,129623526.14653,27020,1097.762,56780665.58939,0
1640629800000,51671.33,51784.80,51633.28,51684.37,2701.636,1640630699999,139712627.54639,23978,1345.402,69584304.14687,0
1640630700000,51684.37,51699.99,51620.00,51691.99,1608.245,1640631599999,83077557.20097,19118,780.873,40340172.60173,0
1640631600000,51692.00,51706.51,51580.21,51627.11,1703.913,1640632499999,87969621.48755,17429,878.824,45373959.71151,0
1640632500000,51627.12,51630.00,51425.06,51509.95,2957.084,1640633399999,152349299.93525,27905,1015.817,52346172.07715,0
1640633400000,51509.95,51565.95,51400.00,51484.62,2451.749,1640634299999,126224392.23416,25896,1324.144,68173182.67026,0
1640634300000,51484.61,51572.98,51200.00,51207.92,5107.030,1640635199999,262097605.58008,47244,2325.464,119377487.91300,0
1640635200000,51207.93,51365.00,51142.86,51325.17,3471.168,1640636099999,178020555.47798,33067,2071.862,106273506.48106,0
1640636100000,51325.17,51325.17,51100.11,51167.17,3160.609,1640636999999,161774363.75121,31829,1272.367,65123699.16690,0
1640637000000,51167.17,51212.12,50900.09,51010.00,4047.669,1640637899999,206540121.61737,40878,1647.060,84050420.15302,0
1640637900000,51009.99,51248.90,50989.30,51217.45,2677.939,1640638799999,136887420.78694,28112,1812.808,92670339.45255,0
1640638800000,51217.46,51297.69,51202.40,51232.39,1810.171,1640639699999,92763065.10895,20876,878.792,45035979.09946,0
1640639700000,51232.40,51292.19,51130.00,51285.01,1230.447,1640640599999,63009852.07247,15116,539.238,27618689.72991,0
1640640600000,51285.01,51299.99,51150.64,51163.28,743.435,1640641499999,38089487.02888,11830,284.699,14588828.32478,0
1640641500000,51163.28,51163.28,50923.62,50972.15,2985.107,1640642399999,152335039.12196,29591,1263.718,64488713.72617,0
1640642400000,50972.82,51179.81,50940.01,51170.67,1434.282,1640643299999,73265180.77623,19255,942.533,48144662.05050,0
1640643300000,51170.67,51230.00,51052.02,51099.28,1147.501,1640644199999,58677990.43867,17666,534.857,27354886.58123,0
1640644200000,51099.27,51155.33,50800.78,50867.54,2515.114,1640645099999,128135594.32460,27913,907.492,46256114.64661,0
1640645100000,50867.55,51019.74,50704.40,51007.08,3623.777,1640645999999,184303288.04060,37568,1800.579,91600763.15428,0
1640646000000,51007.08,51048.22,50846.00,50953.07,1520.023,1640646899999,77461152.14062,20557,808.055,41182551.12560,0
1640646900000,50953.06,51010.00,50760.00,50884.57,1992.729,1640647799999,101351298.52411,24961,977.423,49709566.14023,0
1640647800000,50884.58,50884.58,50650.16,50813.99,2384.212,1640648699999,120988656.16049,28644,1103.387,55993580.23233,0
1640648700000,50813.98,50868.98,50620.02,50707.72,2226.765,1640649599999,112965865.82848,25842,1037.921,52669895.74114,0
1640649600000,50707.72,50713.56,50314.89,50571.06,6467.555,1640650499999,326837793.74120,64122,2663.076,134633176.63701,0
1640650500000,50573.59,50576.11,50153.90,50322.99,5627.678,1640651399999,283021114.23993,62164,2646.427,133091957.76819,0
1640651400000,50320.22,50325.47,50030.00,50216.40,4756.747,1640652299999,238567246.03211,51741,2275.703,114165602.47823,0
1640652300000,50216.40,50449.00,50215.39,50346.01,3429.906,1640653199999,172686271.66671,33996,1997.508,100574006.06527,0
1640653200000,50346.00,50346.00,50109.00,50152.61,2618.925,1640654099999,131506463.33875,27951,1116.870,56076611.98316,0
1640654100000,50152.62,50253.11,49990.70,50160.01,3827.849,1640654999999,191842733.18041,39012,1727.424,86609410.31343,0
1640655000000,50160.02,50160.02,49714.73,49800.17,7236.312,1640655899999,361043635.69668,68837,2974.430,148409276.52935,0
1640655900000,49800.17,49880.00,49600.00,49818.13,6205.150,1640656799999,308760530.91704,53081,2800.498,139368588.27882,0
1640656800000,49818.14,49967.77,49700.00,49761.00,3729.814,1640657699999,185845074.45946,35943,1941.755,96770967.21360,0
1640657700000,49760.99,49810.37,49566.00,49810.35,3725.116,1640658599999,185078588.31942,38960,1759.564,87436947.00395,0
1640658600000,49810.21,49855.65,49642.98,49805.90,2184.960,1640659499999,108740372.89722,25682,1168.296,58147541.51981,0
1640659500000,49805.91,49816.20,49631.17,49780.66,2120.657,1640660399999,105446813.19934,23983,1143.003,56837445.27026,0
1640660400000,49780.66,49780.67,49500.00,49533.75,3647.078,1640661299999,180937511.68038,40326,1626.786,80719597.88150,0
1640661300000,49533.75,49719.47,49501.71,49667.63,2630.826,1640662199999,130614825.96178,28233,1513.375,75127682.54329,0
1640662200000,49667.64,49690.00,49513.97,49646.38,2684.309,1640663099999,133129145.08002,27312,1297.688,64364720.49376,0
1640663100000,49646.39,49845.00,49561.62,49826.48,2940.614,1640663999999,146217813.95020,30119,1670.753,83075663.35345,0
1640664000000,49826.47,49826.48,49600.26,49621.44,3676.459,1640664899999,182708039.09430,29167,1766.920,87819213.12955,0
1640664900000,49621.84,49635.54,48555.00,48921.18,18924.835,1640665799999,926992058.36223,175154,6989.252,342243584.68863,0
1640665800000,48921.18,49092.78,48764.53,49092.78,5024.628,1640666699999,245873410.63271,48786,2732.664,133767122.93631,0
1640666700000,49092.77,49164.11,48972.74,49040.16,2836.541,1640667599999,139247978.17382,31474,1280.308,62859789.97924,0
1640667600000,49040.15,49147.42,48964.64,49135.38,2401.324,1640668499999,117868191.48535,23305,1243.153,61023171.85001,0
1640668500000,49135.38,49148.16,48940.55,48971.32,1801.634,1640669399999,88361676.77136,21554,707.516,34703014.19307,0
1640669400000,48971.31,49157.68,48950.00,49157.67,1461.062,1640670299999,71713768.72876,18265,862.109,42318728.97115,0
1640670300000,49157.68,49220.00,49131.50,49176.79,1988.128,1640671199999,97779210.89232,22904,1078.902,53062872.00268,0
1640671200000,49176.79,49229.24,49088.00,49167.27,1911.503,1640672099999,93988797.64278,20320,1039.357,51110830.77853,0
1640672100000,49167.27,49295.85,49164.00,49280.40,1818.246,1640672999999,89523862.02434,20865,1074.546,52912185.24284,0
1640673000000,49280.40,49322.88,49207.00,49238.91,2316.575,1640673899999,114174763.84503,24088,1154.420,56902454.16034,0
1640673900000,49238.92,49274.97,49061.37,49199.97,2891.185,1640674799999,142118634.81874,26184,1175.346,57774885.15315,0
1640674800000,49197.56,49358.43,49125.43,49250.56,2912.050,1640675699999,143446563.13453,24227,1764.892,86942792.37248,0
1640675700000,49250.57,49296.65,49074.86,49179.60,1803.430,1640676599999,88681296.72148,18568,871.748,42870026.93218,0
1640676600000,49179.60,49179.60,49029.00,49140.01,1519.818,1640677499999,74649388.83386,17607,748.435,36764527.96554,0
1640677500000,49140.02,49235.40,49123.36,49197.91,1049.723,1640678399999,51633636.05223,14068,547.539,26932702.07367,0
1640678400000,49197.91,49429.40,49092.56,49413.40,4300.647,1640679299999,212029098.17849,34158,2400.727,118375269.37430,0
1640679300000,49415.32,49418.88,49288.44,49380.40,1709.491,1640680199999,84371591.46286,20957,772.387,38122145.53230,0
1640680200000,49380.41,49394.77,49300.08,49351.82,1066.057,1640681099999,52609886.66161,15379,488.428,24104863.76538,0
1640681100000,49351.83,49410.50,49202.62,49353.59,2687.944,1640681999999,132567619.43936,25215,1222.466,60310985.59352,0
1640682000000,49353.58,49416.97,49304.36,49304.36,1923.339,1640682899999,94954146.85162,19989,1032.096,50959258.10759,0
1640682900000,49304.36,49349.22,49200.63,49290.00,1915.857,1640683799999,94395948.36804,20296,892.575,43979782.38757,0
1640683800000,49289.99,49339.81,49118.45,49174.18,2281.839,1640684699999,112336941.75193,22425,1100.229,54174402.47636,0
1640684700000,49174.18,49254.20,49002.04,49010.37,3445.278,1640685599999,169160173.23458,36404,1488.173,73067286.03171,0
1640685600000,49013.40,49160.96,48745.18,48867.57,6021.504,1640686499999,294626837.30358,64750,2588.917,126719356.76239,0
1640686500000,48867.57,49082.69,48867.57,49057.47,3678.393,1640687399999,180225134.18504,37684,1996.214,97808064.20708,0
1640687400000,49057.48,49076.00,48943.62,48998.39,2183.495,1640688299999,106998898.94616,24354,888.451,43537722.80591,0
1640688300000,48998.40,49041.66,48920.00,49026.85,1460.092,1640689199999,71531813.98608,18131,790.347,38721632.86749,0
1640689200000,49026.85,49073.40,48892.22,49002.10,2052.680,1640690099999,100545442.78121,23393,1085.276,53161498.75461,0
1640690100000,49002.10,49190.22,48984.20,49099.99,2628.437,1640690999999,129107982.80600,28391,1405.956,69060589.93966,0
1640691000000,49099.99,49187.31,49090.07,49122.53,1369.528,1640691899999,67289295.27964,20441,738.557,36288746.15252,0
1640691900000,49120.35,49220.25,49120.35,49182.14,1353.066,1640692799999,66544050.66756,18839,781.708,38444366.59844,0
1640692800000,49182.13,49182.14,49069.41,49163.02,1285.111,1640693699999,63143505.68963,18349,548.302,26942940.62842,0
1640693700000,49163.03,49273.00,49141.99,49247.00,1509.109,1640694599999,74294292.01967,20160,863.986,42535400.11992,0
1640694600000,49247.01,49360.99,49192.56,49204.84,2846.340,1640695499999,140260540.36912,27977,1395.844,68799735.26398,0
1640695500000,49204.83,49243.96,49081.21,49087.52,1785.885,1640696399999,87787966.96480,21177,769.148,37809278.90112,0
1640696400000,49087.52,49175.63,48957.75,49074.54,3045.360,1640697299999,149446523.02743,33340,1344.903,66002209.10937,0
1640697300000,49074.54,49148.42,49052.90,49125.47,1070.416,1640698199999,52554889.08490,17467,545.916,26804880.41785,0
1640698200000,49133.77,49274.59,49059.34,49250.07,1730.745,1640699099999,85111612.64934,20133,1076.839,52966876.37516,0
1640699100000,49250.08,49253.99,48965.00,49012.26,4805.238,1640699999999,235925284.48166,37913,2166.606,106359414.76639,0
1640700000000,49012.27,49095.38,48811.02,48936.28,5056.877,1640700899999,247437169.22668,52219,2609.243,127705163.43771,0
1640700900000,48936.29,49073.79,48900.26,49044.06,1888.433,1640701799999,92537977.48472,25418,929.765,45562633.43547,0
1640701800000,49044.07,49054.33,48113.26,48933.00,13012.089,1640702699999,633387050.64066,120267,5472.840,266581889.31956,0
1640702700000,48933.01,49152.00,48795.27,49060.26,6543.236,1640703599999,320620078.53951,64534,3492.627,171162893.82044,0
1640703600000,49060.26,49230.67,48950.00,49009.16,4092.722,1640704499999,200995893.46561,46133,2012.228,98844884.20506,0
1640704500000,49007.55,49059.29,48872.12,49056.63,2489.275,1640705399999,121881420.44585,31667,1248.916,61159117.65345,0
1640705400000,49052.08,49119.18,48927.55,48955.99,1771.748,1640706299999,86890596.61642,22202,856.178,41998794.47842,0
1640706300000,48955.99,49007.92,48888.00,48921.84,1936.563,1640707199999,94765563.63268,21940,1138.954,55733851.97540,0
1640707200000,48921.83,48961.77,48525.40,48589.31,6309.439,1640708099999,307359533.47628,65530,2789.899,135907709.50697,0
1640708100000,48590.51,48655.78,48090.00,48290.43,10984.214,1640708999999,531213416.84381,108232,4927.274,238360670.85410,0
1640709000000,48287.57,48581.32,48286.13,48488.49,5563.877,1640709899999,269634048.44714,54226,3373.409,163493344.44674,0
1640709900000,48489.17,48631.00,48450.00,48617.45,2581.697,1640710799999,125362863.92658,29103,1340.698,65108975.94074,0
1640710800000,48617.45,48637.00,48260.21,48327.31,3583.836,1640711699999,173569071.86116,35697,1511.584,73209521.20510,0
1640711700000,48327.30,48391.53,48010.52,48028.85,6337.707,1640712599999,305455047.34350,65248,2895.708,139623928.77145,0
1640712600000,48026.11,48147.80,47636.59,47900.02,14366.185,1640713499999,687692291.61153,135896,6098.639,292011482.29680,0
1640713500000,47900.02,48039.98,47761.36,48017.79,4594.740,1640714399999,220029226.67915,46348,2441.806,116950979.74942,0
1640714400000,48017.79,48023.08,47714.17,47847.86,4993.278,1640715299999,238937438.16534,44760,2628.805,125804828.55628,0
1640715300000,47845.26,47950.00,47762.11,47897.07,2307.547,1640716199999,110421854.90779,25698,1174.386,56197951.76313,0
1640716200000,47897.08,47969.21,47823.51,47862.79,2164.099,1640717099999,103653875.71776,21943,1094.671,52431970.90314,0
1640717100000,47862.79,47862.79,47620.00,47793.64,4324.483,1640717999999,206401189.72823,40912,2020.502,96456462.61678,0
1640718000000,47793.64,47799.05,47290.00,47420.00,11246.467,1640718899999,533966690.37856,96535,4346.891,206421388.27416,0
1640718900000,47420.00,47650.00,47350.11,47510.04,3922.318,1640719799999,186377926.11411,39033,2091.727,99412153.57385,0
1640719800000,47510.03,47728.70,47461.77,47650.48,2925.878,1640720699999,139274529.64428,30106,1677.132,79844092.61544,0
1640720700000,47650.49,47775.15,47630.20,47676.66,2029.328,1640721599999,96795767.69176,23680,1134.478,54118407.25476,0
1640721600000,47676.66,47767.81,47562.85,47760.23,2237.891,1640722499999,106648888.43782,26433,1114.266,53109972.46681,0
1640722500000,47760.22,47876.91,47710.77,47792.06,2725.066,1640723399999,130250461.41686,28078,1477.372,70624185.02225,0
1640723400000,47793.94,47990.00,47732.54,47965.32,2569.838,1640724299999,123003110.68977,27305,1616.237,77377705.95736,0
1640724300000,47965.32,48021.01,47622.02,47768.03,5336.480,1640725199999,255093160.55727,38509,2533.818,121137926.74433,0
1640725200000,47768.03,47800.00,47660.00,47719.99,2117.440,1640726099999,101045200.43369,21765,803.909,38365367.78145,0
1640726100000,47720.00,47824.97,47660.00,47764.81,1242.989,1640726999999,59344903.28011,15880,554.491,26479274.13131,0
1640727000000,47764.82,47819.99,47644.01,47649.10,1116.447,1640727899999,53305186.82013,15941,560.183,26753469.54395,0
1640727900000,47649.55,47679.93,47439.76,47535.71,2485.823,1640728799999,118217470.40797,28466,972.729,46270845.55462,0
1640728800000,47534.50,47659.49,47407.19,47458.99,1715.504,1640729699999,81561503.50930,21748,874.268,41575511.53217,0
1640729700000,47458.66,47643.81,47445.70,47470.00,1844.000,1640730599999,87681068.90062,20976,1013.169,48170809.98018,0
1640730600000,47470.00,47479.21,47294.52,47470.00,2989.278,1640731499999,141725240.13413,28577,1690.499,80172792.80753,0
1640731500000,47469.99,47727.96,47469.99,47658.27,2283.687,1640732399999,108698078.26233,24514,1221.042,58118484.02215,0
1640732400000,47658.26,47720.93,47500.38,47615.25,1859.864,1640733299999,88514322.53657,18892,827.075,39366814.34260,0
1640733300000,47615.25,47706.46,47613.35,47676.36,1131.698,1640734199999,53946893.60323,12472,633.998,30223453.02623,0
1640734200000,47676.36,47777.00,47612.47,47705.27,1423.926,1640735099999,67937587.12565,14874,866.546,41345539.09565,0
1640735100000,47705.53,47729.89,47491.13,47522.03,1650.885,1640735999999,78590429.69147,16821,591.923,28181080.52487,0
1640736000000,47522.02,47824.92,47420.00,47794.24,3472.144,1640736899999,165335223.06212,31645,1855.094,88344649.45666,0
1640736900000,47794.24,47833.00,47700.00,47712.95,1539.672,1640737799999,73551405.41972,18535,672.555,32129935.29595,0
1640737800000,47712.95,47720.17,47533.67,47606.32,1940.934,1640738699999,92421258.27294,20633,987.218,47007508.16798,0
1640738700000,47606.31,47756.09,47580.00,47751.63,1148.421,1640739599999,54742601.66416,13941,674.030,32130529.40511,0
1640739600000,47751.62,47918.00,47727.84,47917.25,2226.417,1640740499999,106526849.18343,22195,1170.897,56021490.31214,0
1640740500000,47917.24,47962.45,47780.06,47788.77,2317.275,1640741399999,110952436.45076,22271,1061.718,50856835.16309,0
1640741400000,47788.77,47850.00,47700.00,47839.33,1686.997,1640742299999,80584645.44605,18461,842.179,40236618.42100,0
1640742300000,47839.34,47849.97,47667.54,47717.88,1207.033,1640743199999,57660643.16477,13467,425.188,20320622.85434,0
1640743200000,47714.57,47866.38,47651.00,47832.42,1273.373,1640744099999,60818736.98485,15778,728.138,34784216.21699,0
1640744100000,47834.16,47932.29,47809.66,47885.70,1177.713,1640744999999,56386615.35737,14027,714.204,34195957.09848,0
1640745000000,47885.70,47946.41,47810.00,47891.55,1040.233,1640745899999,49803030.12459,13204,595.406,28508010.61861,0
1640745900000,47891.54,48033.12,47891.54,47974.56,1816.805,1640746799999,87154034.32792,18837,1063.122,50999117.24668,0
1640746800000,47974.56,48125.97,47929.98,48082.77,2134.970,1640747699999,102592379.10884,24035,1273.388,61197065.91753,0
1640747700000,48082.77,48091.89,47883.65,47921.55,2491.187,1640748599999,119559888.91937,23458,972.437,46684236.93048,0
1640748600000,47921.56,47971.88,47872.80,47937.90,1003.352,1640749499999,48087223.96874,12882,547.632,26246966.68343,0
1640749500000,47937.90,48009.19,47930.91,47979.43,733.564,1640750399999,35188172.99781,10020,414.726,19894860.97088,0
1640750400000,47979.44,48041.00,47902.00,47920.29,1224.350,1640751299999,58753494.48727,15161,548.094,26306833.75551,0
1640751300000,47921.90,47928.30,47827.27,47859.85,1388.227,1640752199999,66457253.36921,15303,555.397,26589944.17976,0
1640752200000,47859.84,47939.89,47786.00,47922.81,1555.581,1640753099999,74474585.50078,14660,855.285,40952013.40650,0
1640753100000,47922.80,47933.99,47755.00,47770.05,1166.611,1640753999999,55790378.13542,13872,421.575,20161501.98670,0
1640754000000,47770.06,47876.57,47755.00,47846.83,972.939,1640754899999,46507788.86159,13442,507.835,24276573.43712,0
1640754900000,47846.84,47899.79,47759.34,47777.60,995.307,1640755799999,47623899.16090,13101,456.838,21862168.76034,0
1640755800000,47775.00,47844.82,47721.00,47754.63,1078.126,1640756699999,51520790.53200,13774,524.449,25060861.96205,0
1640756700000,47758.18,47893.30,47750.00,47880.79,1018.200,1640757599999,48713173.29068,12911,610.461,29204805.32995,0
1640757600000,47880.78,47931.84,47852.40,47906.38,935.757,1640758499999,44817752.29407,13783,460.735,22067393.99811,0
1640758500000,47906.37,47973.03,47889.77,47895.39,970.918,1640759399999,46536288.81759,11995,435.307,20866973.57861,0
1640759400000,47895.39,47968.00,47820.21,47822.86,1067.189,1640760299999,51106539.44640,13187,462.475,22150079.11417,0
1640760300000,47822.86,47835.25,47731.22,47833.58,1422.938,1640761199999,67984502.91770,17712,738.171,35269627.04696,0
1640761200000,47833.58,47857.02,47616.00,47637.72,2035.864,1640762099999,97171417.55591,21637,632.463,30189475.85185,0
1640762100000,47637.71,47700.00,47574.00,47620.51,1651.417,1640762999999,78664019.12547,19730,793.274,37789268.78797,0
1640763000000,47620.50,47687.01,47586.14,47595.03,1239.814,1640763899999,59065421.29264,15392,633.668,30191868.60001,0
1640763900000,47595.03,47628.43,47512.59,47558.50,1872.841,1640764799999,89080020.67525,22271,829.441,39455306.77193,0
1640764800000,47561.68,47735.21,47530.19,47694.56,1820.608,1640765699999,86749186.07007,22675,1112.282,52999028.76476,0
1640765700000,47694.57,47727.52,47600.01,47657.25,1176.564,1640766599999,56089982.54556,14023,563.057,26845620.17697,0
1640766600000,47657.24,47780.00,47628.25,47760.86,1234.234,1640767499999,58892473.71285,13851,696.683,33243452.01838,0
1640767500000,47760.86,47829.83,47673.51,47715.00,1489.506,1640768399999,71147638.88643,16279,730.305,34884864.52448,0
1640768400000,47715.00,47739.90,47613.07,47672.71,1400.948,1640769299999,66805901.54009,16359,556.281,26527271.52440,0
1640769300000,47672.71,47715.16,47381.00,47502.88,5210.171,1640770199999,247396115.28767,45457,2055.540,97615917.97648,0
1640770200000,47502.88,47647.07,47473.62,47613.96,2019.240,1640771099999,96087895.94416,22267,1139.036,54199487.61349,0
1640771100000,47613.95,48084.80,47594.75,47932.19,6958.551,1640771999999,333408227.16312,59382,3879.243,185867718.40237,0
1640772000000,47932.20,47983.35,47831.25,47913.34,2075.112,1640772899999,99377735.24086,26418,1033.884,49516713.18684,0
1640772900000,47913.35,47933.00,47776.00,47808.17,1626.512,1640773799999,77781256.92145,22098,765.661,36612560.32629,0
1640773800000,47808.17,47909.03,47717.00,47745.81,1828.346,1640774699999,87406373.82816,21713,842.283,40272745.13014,0
1640774700000,47745.81,47750.00,47625.55,47693.14,2085.047,1640775599999,99422136.68333,23295,953.136,45449958.76451,0
1640775600000,47693.13,47764.60,47622.00,47676.40,1154.173,1640776499999,55045320.26019,16562,573.183,27338422.74500,0
1640776500000,47676.39,47685.44,47500.00,47551.37,2525.990,1640777399999,120185151.44415,27577,1239.098,58958840.31929,0
1640777400000,47551.37,47668.50,47545.00,47598.28,1264.535,1640778299999,60207955.22253,15267,643.954,30662472.77865,0
1640778300000,47598.28,47752.04,47531.00,47734.91,1566.601,1640779199999,74644064.95275,18661,953.917,45456761.20024,0
1640779200000,47734.91,47778.91,46666.00,46987.23,18493.196,1640780099999,871233003.04912,160009,7662.756,361007528.39607,0
1640780100000,46983.21,47070.43,46596.90,46785.13,8453.882,1640780999999,395931439.93479,89791,4034.354,189015566.07891,0
1640781000000,46785.14,46921.36,46721.46,46864.61,4792.341,1640781899999,224342883.01975,50741,2674.310,125204397.98415,0
1640781900000,46864.61,46967.72,46781.96,46810.00,4504.694,1640782799999,211223720.57718,38914,2284.811,107144344.35862,0
1640782800000,46810.01,46983.20,46770.00,46873.91,3394.127,1640783699999,159156761.99742,31358,1997.533,93681600.16395,0
1640783700000,46873.92,46900.00,46559.46,46653.02,6192.814,1640784599999,289364244.12840,56260,2794.673,130615745.71122,0
1640784600000,46653.02,46933.00,46613.43,46883.00,4570.461,1640785499999,213898070.60518,40342,2730.777,127804732.83447,0
1640785500000,46883.01,47450.00,46871.76,47386.82,10810.508,1640786399999,510224365.86482,90866,5826.444,274955293.05370,0
1640786400000,47386.82,47554.49,47283.62,47316.21,7148.804,1640787299999,338968739.38931,61234,3505.873,166264933.65797,0
1640787300000,47316.21,47400.68,47222.32,47310.20,2851.135,1640788199999,134898932.91622,31549,1500.972,71030814.72102,0
1640788200000,47310.19,47886.18,47307.32,47742.15,10022.690,1640789099999,478183476.26191,82711,5637.631,268927604.47447,0
1640789100000,47742.15,47890.30,47643.80,47807.78,4118.497,1640789999999,196760332.40237,36936,1834.418,87631032.19636,0
1640790000000,47807.76,48040.00,47755.00,47798.37,5597.514,1640790899999,268077312.21352,53515,2874.071,137676971.30109,0
1640790900000,47798.36,47884.87,47715.00,47808.72,2952.564,1640791799999,141105855.27676,28718,1421.660,67957050.54156,0
1640791800000,47808.72,47882.64,47736.75,47861.32,2045.233,1640792699999,97795879.52591,20872,1093.092,52273080.64249,0
1640792700000,47861.22,48006.71,47823.05,47941.37,2508.376,1640793599999,120223032.87011,25919,1406.826,67435326.92300,0
1640793600000,47941.37,48033.00,47790.00,47816.66,2899.541,1640794499999,138890559.59331,29378,1255.893,60182183.95924,0
1640794500000,47816.67,47879.73,47706.53,47736.25,2205.128,1640795399999,105401444.27445,21896,994.628,47548970.02033,0
1640795400000,47736.25,47752.76,47600.00,47666.42,4333.955,1640796299999,206612437.57301,38321,2041.905,97355976.63681,0
1640796300000,47666.41,47755.14,47640.27,47721.81,1437.028,1640797199999,68552344.39672,16793,798.617,38100368.88179,0
1640797200000,47721.80,47726.71,47630.00,47651.77,1128.457,1640798099999,53803141.61257,15134,492.240,23468722.72562,0
1640798100000,47651.77,47701.48,47597.40,47614.00,1064.451,1640798999999,50712545.42567,12156,435.541,20751375.54310,0
1640799000000,47614.00,47698.55,47502.00,47679.74,2113.636,1640799899999,100611111.69847,21841,1043.366,49680839.39711,0
1640799900000,47679.75,47708.10,47450.03,47550.00,2678.111,1640800799999,127343065.85544,23812,1194.579,56810934.59345,0
1640800800000,47550.00,47634.24,47526.50,47589.83,1170.728,1640801699999,55726496.12711,14078,682.732,32498347.94368,0
1640801700000,47589.83,47710.00,47589.82,47662.40,1623.392,1640802599999,77380764.48540,17704,958.482,45688489.06718,0
1640802600000,47662.40,47762.67,47525.67,47536.86,2054.122,1640803499999,97874095.91391,20053,916.401,43679862.83131,0
1640803500000,47536.85,47555.00,47340.30,47515.29,2997.695,1640804399999,142245236.73815,27940,1334.578,63337975.49178,0
1640804400000,47515.29,47539.32,47328.00,47349.90,2189.708,1640805299999,103818302.23073,22134,958.432,45444474.02261,0
1640805300000,47349.90,47434.88,47275.00,47411.62,1919.874,1640806199999,90900881.36373,20494,947.066,44854243.00099,0
1640806200000,47411.62,47431.18,47043.73,47101.97,4767.030,1640807099999,224980227.75692,43246,2032.802,95925844.77093,0
1640807100000,47101.97,47180.21,47000.00,47123.01,2744.238,1640807999999,129267870.25083,26196,1520.044,71610345.22370,0
1640808000000,47123.00,47333.00,47062.90,47219.99,2736.908,1640808899999,129250553.42391,26909,1586.949,74946099.64915,0
1640808900000,47219.99,47497.57,47216.67,47482.00,2297.678,1640809799999,108808073.73619,22102,1402.320,66417779.02299,0
1640809800000,47481.99,47706.52,47472.68,47479.05,3920.517,1640810699999,186557761.33963,35509,2023.973,96322848.45809,0
1640810700000,47479.06,47589.52,47327.52,47362.33,2236.609,1640811599999,106113226.08438,21269,1083.042,51396201.31498,0
1640811600000,47365.82,47396.37,47050.00,47111.00,3468.531,1640812499999,163785411.90679,32780,1441.781,68101946.69050,0
1640812500000,47111.00,47289.81,47100.00,47233.11,1922.048,1640813399999,90743283.20631,20620,1011.590,47760315.09533,0
1640813400000,47233.10,47290.00,47116.21,47220.00,1272.210,1640814299999,60046952.51634,14330,604.016,28513065.77561,0
1640814300000,47220.00,47260.32,47126.39,47228.23,1122.451,1640815199999,52974728.50221,13193,575.159,27145865.79231,0
1640815200000,47228.22,47228.23,47078.35,47179.32,1307.291,1640816099999,61644463.57135,16833,658.935,31073499.00893,0
1640816100000,47181.66,47380.63,47176.06,47351.06,1527.240,1640816999999,72220016.94124,16370,950.060,44930038.63883,0
1640817000000,47351.07,47469.51,47287.05,47420.16,1609.479,1640817899999,76289795.98036,15061,855.173,40532687.64743,0
1640817900000,47420.16,47421.89,47174.25,47273.37,1593.989,1640818799999,75355610.57651,16721,720.224,34035770.95548,0
1640818800000,47273.37,47377.24,47125.00,47149.38,1695.957,1640819699999,80095112.82792,18095,790.303,37330956.04657,0
1640819700000,47149.38,47170.00,46000.00,46383.54,18266.552,1640820599999,849201109.47256,161290,7461.870,346761765.48998,0
1640820600000,46382.60,46475.32,46132.26,46272.80,5485.633,1640821499999,254061516.12793,61059,2646.329,122586421.05469,0
1640821500000,46272.79,46459.00,46039.03,46436.54,5306.048,1640822399999,245575604.14741,54310,2821.634,130612499.54487,0
1640822400000,46436.53,46536.67,46124.85,46250.01,5070.958,1640823299999,234889494.68518,48016,2501.002,115872163.55917,0
1640823300000,46250.01,46656.00,45880.00,46477.46,12014.513,1640824199999,555450352.61689,108363,5832.979,269836731.64792,0
1640824200000,46477.46,46747.13,46466.03,46655.05,4419.481,1640825099999,206137895.55226,44759,2160.309,100761712.12331,0
1640825100000,46655.05,46840.08,46577.30,46670.92,3522.976,1640825999999,164477269.39361,31266,2028.411,94717407.95290,0
1640826000000,46670.92,46686.94,46431.79,46658.84,3368.474,1640826899999,156761902.61296,33283,1682.163,78292869.63283,0
1640826900000,46657.96,46700.00,46520.00,46552.97,1639.586,1640827799999,76415212.19159,18370,795.705,37089247.62266,0
1640827800000,46552.97,46720.00,46418.00,46716.88,1894.819,1640828699999,88226249.55677,19686,1016.459,47339987.02794,0
1640828700000,46716.87,46743.47,46550.00,46553.43,2191.620,1640829599999,102193296.94602,18428,906.592,42284627.78019,0
1640829600000,46553.42,46585.00,46223.09,46268.44,4587.446,1640830499999,212691524.67423,39327,2083.415,96623063.64557,0
1640830500000,46269.51,46535.96,46253.86,46494.50,2676.950,1640831399999,124213188.22417,26273,1637.623,75986518.68313,0
1640831400000,46494.51,46584.63,46428.84,46583.25,1333.723,1640832299999,62048435.30444,14710,650.708,30274702.34003,0
1640832300000,46583.25,46657.00,46500.00,46650.95,1368.059,1640833199999,63717440.64285,15571,673.917,31394355.00467,0
1640833200000,46650.95,46698.21,46605.21,46626.07,1695.482,1640834099999,79099534.75746,17585,812.979,37931915.66388,0
1640834100000,46626.07,46629.86,46452.36,46544.87,1683.325,1640834999999,78355796.23932,16851,699.496,32560885.62505,0
1640835000000,46544.86,46664.00,46520.00,46653.43,1312.370,1640835899999,61149485.65228,16415,751.351,35008755.43513,0
1640835900000,46653.44,46696.96,46448.81,46495.88,1517.076,1640836799999,70669774.92211,16470,665.603,31010274.15488,0
1640836800000,46495.87,46818.11,46471.22,46741.43,2232.918,1640837699999,104219385.12195,22860,1384.873,64642012.39021,0
1640837700000,46741.43,46932.00,46707.73,46784.13,3809.135,1640838599999,178426657.99447,34288,1930.000,90415736.14623,0
1640838600000,46785.06,46843.66,46721.55,46731.90,1230.049,1640839499999,57542151.27509,14404,620.636,29036065.67613,0
1640839500000,46731.91,46796.21,46700.01,46715.12,794.057,1640840399999,37115589.96842,10271,446.227,20859434.25821,0
1640840400000,46715.11,46769.66,46625.32,46700.53,1662.454,1640841299999,77623244.45419,16257,899.180,41990830.27170,0
1640841300000,46702.63,46794.44,46659.94,46683.52,1259.790,1640842199999,58878561.60099,12854,782.638,36579769.76932,0
1640842200000,46683.51,46700.00,46554.25,46688.32,1800.226,1640843099999,83926001.10809,17282,692.172,32273819.87483,0
1640843100000,46688.31,46764.00,46621.00,46745.72,900.359,1640843999999,42043187.27374,11482,499.682,23334902.49818,0
1640844000000,46745.13,46790.00,46687.56,46713.00,812.653,1640844899999,37977116.45604,10550,405.488,18952058.60464,0
1640844900000,46713.01,46786.20,46680.86,46746.21,696.445,1640845799999,32549981.17512,9074,360.673,16857584.20546,0
1640845800000,46746.77,46948.79,46746.77,46903.63,2167.382,1640846699999,101534231.27120,19581,1403.557,65752575.93335,0
1640846700000,46903.91,46935.17,46866.26,46874.34,1420.493,1640847599999,66624852.57755,16806,667.927,31328386.28926,0
1640847600000,46874.34,47088.82,46812.06,46997.99,3508.986,1640848499999,164853557.56810,34555,1879.902,88339539.55301,0
1640848500000,46998.00,47069.50,46848.31,46982.90,2563.296,1640849399999,120382721.48745,21740,1128.867,53010901.55207,0
1640849400000,46982.91,47074.60,46954.63,46991.47,1648.896,1640850299999,77526793.95285,17209,867.485,40790930.02447,0
1640850300000,46991.47,47038.53,46945.57,46953.32,1057.218,1640851199999,49680476.79688,14149,507.789,23864801.96235,0
1640851200000,46953.31,47200.00,46953.31,47060.11,3151.639,1640852099999,148386027.61361,29158,1858.372,87512127.69054,0
1640852100000,47060.12,47061.59,46828.30,46958.50,3469.628,1640852999999,162870835.49739,27309,1412.459,66305608.21980,0
1640853000000,46958.50,46958.50,46850.01,46856.26,1151.996,1640853899999,54017284.48596,13504,533.017,24992956.57816,0
1640853900000,46855.86,46904.76,46750.00,46784.35,1965.067,1640854799999,92002965.47521,20007,772.856,36193809.89753,0
1640854800000,46784.35,46916.04,46784.35,46880.00,1535.338,1640855699999,71952964.38675,14914,933.740,43757782.44518,0
1640855700000,46879.99,46914.79,46857.66,46905.91,1104.174,1640856599999,51772673.60439,10628,691.001,32400497.69574,0
1640856600000,46905.71,46945.94,46880.07,46940.00,774.171,1640857499999,36313279.65897,10161,428.544,20102866.48618,0
1640857500000,46939.99,46990.00,46708.02,46739.99,3887.509,1640858399999,181938421.21198,32814,1529.738,71592747.03329,0
1640858400000,46740.00,46918.55,46650.00,46900.00,2350.637,1640859299999,110032823.18917,25932,1183.417,55420013.08816,0
1640859300000,46899.99,46946.80,46825.46,46837.80,1415.939,1640860199999,66388917.02626,15966,678.364,31806875.44194,0
1640860200000,46837.81,46868.56,46730.01,46831.34,1544.327,1640861099999,72267485.16450,17752,851.071,39828578.27919,0
1640861100000,46831.34,46949.20,46808.03,46935.50,1635.572,1640861999999,76710147.78293,16126,946.192,44375284.43715,0
1640862000000,46935.50,46999.77,46880.00,46912.79,1635.147,1640862899999,76759331.70372,17532,757.350,35555384.88344,0
1640862900000,46912.80,47063.00,46882.77,47055.01,1562.773,1640863799999,73437291.78372,17429,1023.853,48113589.12554,0
1640863800000,47055.01,47445.00,46999.78,47404.87,6434.682,1640864699999,304048908.28951,52039,3836.230,181315100.45526,0
1640864700000,47406.84,47550.00,47329.26,47492.99,4985.056,1640865599999,236616655.81686,47496,2436.108,115649038.67567,0
1640865600000,47493.00,47529.93,47370.00,47440.95,3057.768,1640866499999,145045966.19542,28655,1221.505,57950501.03449,0
1640866500000,47440.95,47694.10,47440.02,47622.72,3951.654,1640867399999,188068203.03345,36767,2286.656,108819827.85854,0
1640867400000,47622.72,47675.05,47560.51,47567.57,2091.594,1640868299999,99574378.42107,20873,910.445,43346397.79904,0
1640868300000,47567.56,47634.59,47488.35,47491.65,2175.319,1640869199999,103450283.35896,19731,903.143,42953379.41540,0
1640869200000,47491.74,47541.60,47411.61,47425.76,2040.070,1640870099999,96861054.64713,22326,857.829,40732553.90839,0
1640870100000,47425.78,47490.94,47410.00,47453.61,1535.225,1640870999999,72845707.53921,16321,796.060,37774939.78024,0
1640871000000,47453.62,47547.27,47414.58,47416.98,1690.321,1640871899999,80272966.86111,16318,912.750,43347520.37822,0
1640871900000,47416.99,47433.15,47282.73,47300.00,3089.218,1640872799999,146247331.18153,30835,1258.346,59571169.66896,0
1640872800000,47300.00,47348.88,47250.10,47290.10,1566.815,1640873699999,74124931.45113,18053,843.893,39927029.25343,0
1640873700000,47290.34,47292.05,47162.00,47222.50,2347.963,1640874599999,110879650.98468,26590,1005.664,47492788.09793,0
1640874600000,47222.49,47430.88,47157.37,47236.87,4155.304,1640875499999,196567461.67106,34610,2302.357,108939756.85715,0
1640875500000,47236.87,47340.39,47212.35,47334.97,1509.681,1640876399999,71380287.75183,17816,832.482,39362313.52629,0
1640876400000,47334.28,47444.99,47273.43,47392.30,1667.624,1640877299999,78987722.07199,19544,915.369,43364540.98795,0
1640877300000,47392.30,47487.96,47323.16,47342.00,1907.656,1640878199999,90431787.10186,19162,938.970,44515319.82152,0
1640878200000,47341.99,47352.01,47271.84,47321.72,1241.217,1640879099999,58718593.16634,13885,625.049,29569520.06495,0
1640879100000,47321.71,47352.01,47101.09,47144.27,2376.074,1640879999999,112203347.86747,23402,1033.554,48815816.10267,0
1640880000000,47144.80,47220.00,47058.19,47203.40,2553.196,1640880899999,120390674.58715,25322,1232.433,58122088.68341,0
1640880900000,47203.40,47286.55,47175.01,47202.69,1422.768,1640881799999,67198642.47594,14541,687.952,32492256.29584,0
1640881800000,47202.69,47460.00,47202.68,47401.74,3505.730,1640882699999,165998808.06598,26023,1942.308,91970281.98876,0
1640882700000,47401.74,47633.00,47389.50,47570.06,3865.855,1640883599999,183787067.41808,33379,2141.567,101811469.21153,0
1640883600000,47570.06,47600.44,47452.72,47517.44,2210.379,1640884499999,105030605.45328,20224,999.792,47514011.00832,0
1640884500000,47516.18,47794.23,47454.33,47668.76,3912.099,1640885399999,186374326.35250,35309,2130.531,101508802.68627,0
1640885400000,47668.76,47682.68,47504.57,47588.57,1865.908,1640886299999,88767149.18933,19322,810.661,38564150.59405,0
1640886300000,47592.38,47679.86,47551.64,47633.69,1337.127,1640887199999,63691422.34430,14984,683.752,32569923.56805,0
1640887200000,47633.69,47649.35,47456.50,47507.47,1584.767,1640888099999,75328917.03718,15828,564.282,26822128.74615,0
1640888100000,47507.47,47680.00,47492.67,47666.34,1502.415,1640888999999,71523759.66977,16280,817.133,38897967.81853,0
1640889000000,47666.34,47680.00,47560.00,47593.47,951.845,1640889899999,45319153.60268,10811,435.595,20739175.85260,0
1640889900000,47593.46,47911.68,47575.00,47835.85,3806.719,1640890799999,181937532.49614,33389,2412.148,115293618.36922,0
1640890800000,47835.85,47851.36,47725.00,47850.27,2273.880,1640891699999,108660368.08577,21494,1006.157,48082205.46967,0
1640891700000,47850.27,47850.28,47722.12,47801.46,2098.292,1640892599999,100274811.70332,15047,1137.718,54377180.28813,0
1640892600000,47801.46,47878.37,47773.06,47775.68,1272.350,1640893499999,60855526.30396,13537,687.966,32909292.99132,0
1640893500000,47775.68,47792.65,47500.22,47540.18,3506.824,1640894399999,167011976.29120,25461,1379.075,65677824.35444,0
1640894400000,47540.18,47584.01,47445.76,47518.12,2195.210,1640895299999,104301351.64159,19748,1187.236,56417308.06142,0
1640895300000,47517.45,47650.00,47517.44,47550.83,1577.327,1640896199999,75074338.14278,15369,973.084,46314566.77109,0
1640896200000,47550.82,47632.97,47318.96,47407.82,2540.438,1640897099999,120520504.19397,23026,1103.685,52358916.39079,0
1640897100000,47407.81,47407.82,47012.00,47178.56,5564.334,1640897999999,262517065.89150,46619,2409.790,113687589.18491,0
1640898000000,47183.28,47238.85,46856.90,47126.83,3995.706,1640898899999,188027398.71088,40121,1895.324,89231347.45089,0
1640898900000,47126.82,47294.00,47077.78,47260.01,2220.771,1640899799999,104864298.11301,20887,1440.822,68035416.38015,0
1640899800000,47260.01,47321.26,47217.92,47269.49,1482.782,1640900699999,70088987.24713,13122,663.326,31355969.66440,0
1640900700000,47269.49,47312.62,47129.71,47281.36,1557.668,1640901599999,73546158.35711,14455,608.800,28748206.57311,0
1640901600000,47281.36,47313.78,47180.00,47243.24,1600.118,1640902499999,75608719.21209,13597,882.586,41707047.27280,0
1640902500000,47243.23,47296.89,47090.00,47187.34,1273.998,1640903399999,60104587.52743,14659,627.918,29627294.54568,0
1640903400000,47187.34,47200.00,46700.00,46838.53,3927.115,1640904299999,184085211.31839,38269,1806.378,84665791.82083,0
1640904300000,46838.53,47073.29,46838.52,47068.00,2714.496,1640905199999,127491136.05459,23553,1726.984,81113598.50282,0
1640905200000,47067.99,47182.99,46961.41,47076.31,3273.553,1640906099999,154076523.96954,26358,1785.955,84076346.36148,0
1640906100000,47081.26,47228.21,47002.92,47096.83,2252.849,1640906999999,106153466.73068,18684,1086.356,51211767.68433,0
1640907000000,47096.41,47136.57,46911.13,47064.46,2146.583,1640907899999,100918514.86957,18980,950.124,44668647.91561,0
1640907900000,47064.46,47153.24,47015.16,47095.02,1069.813,1640908799999,50377224.61450,12586,525.812,24761739.97811,0
1640908800000,47095.02,47369.95,47055.00,47264.23,3859.549,1640909699999,182416085.89487,32509,2177.832,102943999.75086,0
1640909700000,47264.22,47300.00,46960.01,47018.08,2231.798,1640910599999,105191954.37731,20707,916.978,43214530.30962,0
1640910600000,47018.07,47057.79,46815.41,46904.58,2686.391,1640911499999,126061516.55827,25759,1226.040,57548132.48559,0
1640911500000,46904.59,47170.00,46886.40,47040.00,2032.151,1640912399999,95625877.70333,18898,1090.454,51304407.50679,0
1640912400000,47039.53,47100.00,46830.00,46935.71,2245.070,1640913299999,105412896.57005,21685,1012.970,47554322.54194,0
1640913300000,46935.70,47268.59,46888.34,47160.01,2384.231,1640914199999,112370193.30623,23109,1345.488,63394599.26747,0
1640914200000,47160.01,47337.31,47115.85,47146.89,1875.125,1640915099999,88520497.11639,17309,992.649,46870359.09782,0
1640915100000,47146.88,47186.38,47000.00,47111.25,1472.719,1640915999999,69345174.19288,15796,837.511,39437667.57436,0
1640916000000,47111.25,47114.98,46952.95,46977.99,1607.697,1640916899999,75567109.22462,16411,852.924,40090329.73547,0
1640916900000,46978.00,47034.69,46827.00,46877.56,2783.560,1640917799999,130620200.62638,20666,1429.044,67061707.75426,0
1640917800000,46877.01,46960.36,46803.81,46874.51,2190.742,1640918699999,102674183.24942,18587,1063.238,49835451.99723,0
1640918700000,46874.50,47016.44,46870.00,46985.95,1226.825,1640919599999,57607685.61921,12329,784.943,36857828.70772,0
1640919600000,46985.94,47017.94,46889.02,46944.79,1218.240,1640920499999,57212168.40640,11979,701.099,32927219.27271,0
1640920500000,46944.79,47172.99,46939.01,47130.49,1706.160,1640921399999,80331102.51330,15963,1084.272,51051201.17947,0
1640921400000,47130.48,47265.00,47066.60,47239.35,1975.459,1640922299999,93178643.80920,18317,1043.808,49242747.87538,0
1640922300000,47239.35,47244.73,47136.95,47185.18,1138.426,1640923199999,53724623.23212,12867,415.240,19596262.53819,0
1640923200000,47185.18,47276.11,47114.03,47165.92,1725.423,1640924099999,81433330.51520,15950,777.731,36717951.17942,0
1640924100000,47165.93,47448.99,47145.00,47386.80,2867.475,1640924999999,135726043.04110,24983,1768.958,83731683.30902,0
1640925000000,47386.80,47403.29,47281.97,47368.20,1487.122,1640925899999,70401798.91200,13511,871.202,41246613.95312,0
1640925900000,47364.30,47367.70,47280.02,47326.12,900.638,1640926799999,42623152.48253,10458,417.225,19747118.95619,0
1640926800000,47326.67,47385.47,47283.69,47360.86,781.576,1640927699999,37000602.52252,10631,396.941,18793245.15314,0
1640927700000,47360.85,47360.85,47216.40,47244.00,932.189,1640928599999,44075429.94636,11100,341.201,16132299.63168,0
1640928600000,47244.00,47300.50,47175.49,47270.31,1220.391,1640929499999,57648738.06051,13955,593.550,28043809.41090,0
1640929500000,47270.30,47324.00,47247.61,47247.62,797.237,1640930399999,37700570.49341,10271,350.986,16598430.89028,0
1640930400000,47247.62,47311.88,47125.21,47290.45,2643.509,1640931299999,124825030.84051,19233,1197.575,56551941.06459,0
1640931300000,47293.99,47545.00,47228.73,47415.44,2595.988,1640932199999,123105091.63489,25282,1504.016,71324919.54913,0
1640932200000,47415.43,47437.99,47302.63,47324.99,902.698,1640933099999,42764688.26317,11149,359.335,17025370.70414,0
1640933100000,47324.99,47467.08,47302.18,47367.17,1201.039,1640933999999,56921486.64272,12264,686.926,32553125.58129,0
1640934000000,47367.18,47435.98,47201.07,47216.28,1277.074,1640934899999,60433485.93698,14381,511.580,24213345.91482,0
1640934900000,47216.29,47240.55,47028.12,47031.83,2841.957,1640935799999,133952714.68575,27488,1256.666,59244572.29918,0
1640935800000,47031.83,47110.99,46860.00,46874.30,3955.915,1640936699999,185786250.98204,39636,2043.310,95970827.09181,0
1640936700000,46872.23,47175.00,46828.70,47168.94,4758.141,1640937599999,223469238.20113,42399,2626.704,123381061.60043,0
1640937600000,47168.94,47187.50,47051.42,47145.55,2429.320,1640938499999,114491976.66058,26766,1140.021,53731524.98524,0
1640938500000,47145.55,48000.00,47129.68,47864.89,12708.316,1640939399999,605944710.49436,103664,7734.872,368764318.65109,0
1640939400000,47859.26,48480.00,47847.11,48346.88,13737.236,1640940299999,662671869.08035,125428,7360.024,354984509.01466,0
1640940300000,48342.49,48575.00,48205.00,48426.51,8135.384,1640941199999,393519807.07038,70514,3870.575,187316252.33050,0
1640941200000,48425.08,48542.51,48332.53,48442.68,5123.295,1640942099999,248253077.50093,51406,2321.113,112480016.85792,0
1640942100000,48442.68,48537.66,48228.49,48380.72,4187.075,1640942999999,202540417.11271,43205,1972.405,95432562.01074,0
1640943000000,48380.72,48424.69,48221.00,48253.70,2863.941,1640943899999,138362630.98051,29706,1348.160,65133993.27277,0
1640943900000,48253.71,48333.00,48203.41,48279.47,2390.591,1640944799999,115386872.85967,22594,1140.663,55063926.60345,0
1640944800000,48279.00,48312.70,48126.18,48224.64,2183.442,1640945699999,105285307.24484,24143,953.209,45971515.32871,0
1640945700000,48224.64,48360.75,48193.71,48349.96,1754.248,1640946599999,84735513.67336,20001,1024.215,49471458.62901,0
1640946600000,48349.95,48434.89,48313.93,48401.73,1971.315,1640947499999,95394755.72491,20945,1034.680,50070779.86687,0
1640947500000,48401.73,48412.89,47863.81,48012.03,5495.452,1640948399999,264488763.07311,49347,2181.402,105003433.22783,0
1640948400000,48012.04,48172.04,47968.00,48060.88,3493.103,1640949299999,167924759.77288,37105,2011.076,96691740.24425,0
1640949300000,48062.05,48196.94,48024.51,48077.60,2353.207,1640950199999,113223259.71100,23218,1232.584,59310140.09842,0
1640950200000,48077.61,48109.99,47968.94,48032.88,1574.627,1640951099999,75642931.95888,18904,712.135,34214127.93773,0
1640951100000,48032.88,48068.26,47895.68,47977.58,3228.270,1640951999999,154828459.37892,28332,1427.392,68463760.55389,0
1640952000000,47977.58,48006.79,47810.00,47966.46,3275.827,1640952899999,156938366.67514,33468,1813.191,86880405.57794,0
1640952900000,47966.47,48018.00,47906.31,47967.51,1758.542,1640953799999,84364792.43759,19225,1045.343,50148471.99660,0
1640953800000,47967.50,48100.00,47960.88,48068.83,1818.599,1640954699999,87359378.72519,18724,1151.311,55304522.87353,0
1640954700000,48068.83,48068.83,47903.38,47977.99,1722.864,1640955599999,82645193.46306,18512,769.014,36887429.66310,0
1640955600000,47975.17,48057.66,47932.32,47970.20,1345.979,1640956499999,64603112.98209,14168,667.684,32050431.79460,0
1640956500000,47970.21,47988.55,47876.37,47984.10,1444.405,1640957399999,69229048.17689,15250,694.519,33287647.12795,0
1640957400000,47984.10,48075.00,47966.32,48038.35,1374.656,1640958299999,66016855.11182,14275,824.428,39594133.30047,0
1640958300000,48038.35,48049.38,47904.68,47943.72,1553.172,1640959199999,74494132.77534,16506,634.795,30447880.76215,0
1640959200000,47943.72,47983.47,47860.00,47910.99,1735.461,1640960099999,83163183.51744,20660,894.029,42844385.60528,0
1640960100000,47913.37,48018.51,47829.21,48011.61,2108.474,1640960999999,101042336.02780,22473,1320.625,63299888.50785,0
1640961000000,48011.61,48140.18,47920.00,47947.76,3122.392,1640961899999,149970767.53155,28265,1529.615,73485213.38468,0
1640961900000,47947.76,48069.96,47947.75,47974.86,1952.844,1640962799999,93769276.49074,16700,1011.550,48574246.53764,0
1640962800000,47974.85,48049.79,47908.57,48001.90,1863.209,1640963699999,89401440.14584,16561,942.563,45233615.59558,0
1640963700000,48001.89,48123.63,47965.00,48000.50,2050.463,1640964599999,98504486.22662,18799,1056.046,50736859.64152,0
1640964600000,48000.50,48009.78,47907.48,47934.91,1530.378,1640965499999,73392418.11193,14938,743.183,35644164.76068,0
1640965500000,47934.92,48004.73,47864.30,48004.73,1875.681,1640966399999,89864533.38401,18339,1016.236,48696629.05909,0
1640966400000,48004.76,48033.14,47914.24,48018.39,1928.866,1640967299999,92562024.23034,16109,1009.012,48420775.42062,0
1640967300000,48018.39,48110.35,48007.55,48101.90,1421.146,1640968199999,68294136.65422,14986,741.430,35631316.59583,0
1640968200000,48101.90,48102.28,47873.11,47897.87,3175.208,1640969099999,152265209.63956,23844,1364.802,65430795.36706,0
1640969100000,47897.87,47918.52,47404.86,47469.54,8474.000,1640969999999,403317872.13033,79043,3498.315,166484426.19982,0
1640970000000,47469.51,47547.47,47206.00,47254.70,5501.320,1640970899999,260606862.69593,54494,2501.966,118544990.80240,0
1640970900000,47257.86,47329.70,46917.00,46947.94,6838.881,1640971799999,322274871.08617,66035,2924.938,137902429.50422,0
1640971800000,46942.81,47054.68,46862.87,47022.02,5096.366,1640972699999,239360463.34929,45079,2715.666,127568574.10570,0
1640972700000,47022.01,47044.59,46890.00,47000.02,2132.936,1640973599999,100183653.47216,23508,1055.699,49590425.53401,0
1640973600000,47000.01,47021.92,46926.62,46936.65,2676.960,1640974499999,125777568.50737,21064,1462.447,68712663.55738,0
1640974500000,46936.65,47044.97,46900.00,46938.92,1696.834,1640975399999,79703732.08353,18717,995.666,46777952.38871,0
1640975400000,46938.84,46989.74,46306.98,46692.57,7246.374,1640976299999,338367191.02906,62733,2672.458,124839834.37851,0
1640976300000,46692.58,46762.81,46551.36,46673.43,3080.467,1640977199999,143767581.61254,29315,1478.801,69031384.47092,0
1640977200000,46676.46,46680.00,46331.54,46413.17,4439.786,1640978099999,206414140.46667,44041,1865.397,86739190.42248,0
1640978100000,46413.16,46433.00,46058.00,46067.27,6662.132,1640978999999,308044367.60703,63295,2789.012,128978950.12364,0
1640979000000,46067.30,46300.00,45900.00,46007.24,8044.200,1640979899999,370909262.43971,72243,3929.799,181262207.24881,0
1640979900000,46007.24,46077.79,45656.00,45707.62,8572.905,1640980799999,393130969.43385,85902,3576.278,164032027.29835,0
1640980800000,45707.62,46199.86,45650.00,46113.41,7032.898,1640981699999,323625297.92156,66520,4247.182,195423465.14757,0
1640981700000,46113.42,46123.14,45812.11,46035.10,4175.909,1640982599999,191867266.51536,40586,1987.085,91302856.46672,0
1640982600000,46035.10,46117.17,45864.84,45969.87,2669.333,1640983499999,122748214.28994,24462,1328.269,61083948.38049,0
1640983500000,45969.87,45973.00,45808.00,45869.26,2009.005,1640984399999,92194208.12739,20557,1056.570,48487654.93032,0
1640984400000,45873.21,46090.07,45750.00,45810.01,4110.714,1640985299999,188680154.65591,35117,2076.663,95353616.84763,0
1640985300000,45810.01,46088.00,45770.03,46083.28,2059.648,1640986199999,94614842.01145,21742,1259.965,57876601.15133,0
1640986200000,46083.29,46512.32,46083.28,46226.84,6168.252,1640987099999,285558545.39594,52148,3696.683,171173462.65419,0
1640987100000,46226.83,46333.00,46150.00,46313.36,1721.120,1640987999999,79573286.77829,19099,919.680,42524488.40254,0
1640988000000,46313.36,46542.96,46277.96,46415.01,2479.995,1640988899999,115141830.74188,26629,1273.843,59149243.25417,0
1640988900000,46415.01,46558.39,46370.30,46379.25,1749.818,1640989799999,81254558.87226,19920,741.341,34424493.59250,0
1640989800000,46376.89,46380.00,46280.00,46287.19,1201.802,1640990699999,55670364.04640,13635,500.481,23183080.00833,0
1640990700000,46287.19,46453.46,46219.32,46298.11,1718.657,1640991599999,79660615.08850,17515,827.126,38347539.83572,0
1640991600000,46298.12,46450.00,46294.95,46412.64,1124.249,1640992499999,52150394.56306,12467,645.203,29927476.65097,0
1640992500000,46412.64,46461.77,46328.12,46338.21,924.499,1640993399999,42893674.75789,10740,406.512,18863897.71822,0
1640993400000,46338.20,46508.15,46332.56,46460.89,1369.937,1640994299999,63608335.42343,12697,896.288,41618925.94683,0
1640994300000,46460.90,46460.90,46127.85,46210.56,1997.503,1640995199999,92439978.15241,20788,708.729,32808961.24326,0
