1619827200000,57688.29,58100.00,57410.00,57948.88,6086.240,1619828099999,351669979.74010,60576,3212.901,185714430.99137,0
1619828100000,57948.87,58087.65,57786.30,58015.15,3191.706,1619828999999,184979920.04459,34927,1545.208,89564920.78654,0
1619829000000,58015.15,58038.84,57773.70,57812.48,2551.862,1619829899999,147705236.22466,27022,1066.218,61721260.29794,0
1619829900000,57812.48,57914.62,57650.00,57820.60,2060.261,1619830799999,119033365.07801,24820,1000.400,57809660.67136,0
1619830800000,57820.59,57820.59,57500.50,57640.61,2902.865,1619831699999,167240099.23662,28385,1367.093,78767891.31358,0
1619831700000,57640.61,57943.34,57640.61,57836.32,2636.428,1619832599999,152401925.34447,26087,1408.683,81422243.26319,0
1619832600000,57836.32,58322.00,57741.79,58233.05,3648.168,1619833499999,211692616.44113,36232,2088.581,121238095.41220,0
1619833500000,58233.05,58488.17,58114.94,58444.58,5686.022,1619834399999,331801558.91090,55110,2720.936,158798320.52642,0
1619834400000,58443.51,58454.76,58158.76,58230.99,3235.780,1619835299999,188658251.46879,33533,1419.520,82774476.57435,0
1619835300000,58233.88,58358.27,58218.00,58331.99,1640.500,1619836199999,95627256.74545,18862,897.687,52329883.20550,0
1619836200000,58332.68,58372.66,58169.21,58195.40,1689.857,1619837099999,98479669.57158,17573,731.137,42614399.34782,0
1619837100000,58195.40,58196.99,57966.00,58128.66,2681.911,1619837999999,155805582.17250,28001,1202.949,69889715.29247,0
1619838000000,58128.66,58169.82,58059.38,58092.69,1039.062,1619838899999,60388854.55998,13190,484.014,28130453.71291,0
1619838900000,58092.69,58274.93,58088.01,58239.99,1289.918,1619839799999,75088419.21086,16011,746.154,43433746.49031,0
1619839800000,58239.72,58250.00,58090.00,58173.48,1249.653,1619840699999,72705235.51703,14185,581.634,33839727.01709,0
1619840700000,58173.48,58225.00,58132.75,58206.90,901.531,1619841599999,52461399.43479,10745,433.860,25246913.20468,0
1619841600000,58206.89,58277.11,58050.00,58215.00,2017.077,1619842499999,117329042.64500,20113,1031.243,59984435.47665,0
1619842500000,58215.00,58243.18,58000.00,58062.94,1526.595,1619843399999,88697477.96983,16555,621.146,36090573.13949,0
1619843400000,58062.94,58068.95,57720.00,57910.83,3404.647,1619844299999,197048772.27810,33149,1533.635,88762132.76985,0
1619844300000,57913.19,58138.38,57826.33,58100.65,2070.766,1619845199999,120097540.93604,20059,1165.553,67598419.71814,0
1619845200000,58100.27,58150.00,57940.62,58079.99,1682.198,1619846099999,97597229.79963,18448,806.428,46790618.45468,0
1619846100000,58079.99,58461.81,58007.33,58238.01,3892.678,1619846999999,226877246.39863,38033,2000.770,116589816.65245,0
1619847000000,58238.02,58372.13,58225.60,58289.08,1673.891,1619847899999,97597925.10320,16029,849.603,49534631.84075,0
1619847900000,58289.65,58312.90,58074.52,58183.60,1794.927,1619848799999,104423279.31155,18905,846.228,49228379.38202,0
1619848800000,58183.60,58183.60,58000.00,58042.70,1552.954,1619849699999,90148886.83634,17602,645.027,37444052.93054,0
1619849700000,58042.70,58276.35,58028.03,58219.86,1278.645,1619850599999,74362281.69083,14111,723.959,42098376.56660,0
1619850600000,58219.86,58220.00,58020.00,58026.73,1301.729,1619851499999,75666470.82061,14907,515.801,29981857.34599,0
1619851500000,58026.72,58085.74,57860.42,57931.10,2365.924,1619852399999,137176555.41368,23478,1032.379,59865759.99344,0
1619852400000,57931.11,58049.14,57749.76,57775.79,2081.607,1619853299999,120498709.93078,25162,951.372,55078761.97324,0
1619853300000,57775.78,58049.44,57767.00,57949.87,1792.746,1619854199999,103885474.39640,20250,952.286,55180286.47744,0
1619854200000,57949.87,58096.80,57838.10,57871.63,1676.897,1619855099999,97210690.70227,18114,718.874,41680994.63808,0
1619855100000,57871.63,57955.09,57616.95,57770.19,2139.136,1619855999999,123632455.82015,25068,915.837,52946706.92265,0
1619856000000,57771.38,57979.73,57743.63,57882.94,2202.589,1619856899999,127476666.09258,22966,1151.432,66634691.21936,0
1619856900000,57882.95,57926.29,57765.71,57863.20,2051.069,1619857799999,118633978.44260,19092,960.236,55539776.58729,0
1619857800000,57863.20,57864.59,57555.00,57610.12,2523.405,1619858699999,145536868.50822,28234,1125.402,64915518.80541,0
1619858700000,57609.64,57698.99,57522.00,57522.00,2585.428,1619859599999,148929287.36226,25364,1189.921,68550335.40657,0
1619859600000,57522.00,57542.32,57205.00,57397.14,6608.042,1619860499999,379256514.32978,63316,2938.798,168687861.49054,0
1619860500000,57390.58,57683.00,57308.87,57597.18,2909.475,1619861399999,167302423.35908,32872,1563.727,89921456.10610,0
1619861400000,57597.19,57950.00,57594.31,57807.65,3712.650,1619862299999,214576885.86255,36479,1999.930,115578464.51902,0
1619862300000,57807.65,57807.66,57430.00,57563.11,3123.046,1619863199999,179809333.35625,30058,1453.308,83664306.48118,0
1619863200000,57563.12,57575.03,57388.67,57461.43,1882.994,1619864099999,108244862.40776,21700,882.547,50738020.10706,0
1619864100000,57461.44,57578.04,57423.06,57577.53,1242.047,1619864999999,71421555.15837,15252,659.057,37900301.72824,0
1619865000000,57577.53,57731.49,57555.17,57605.28,1871.099,1619865899999,107867676.48216,21289,909.951,52461124.18634,0
1619865900000,57605.29,57605.29,57405.01,57443.83,1695.383,1619866799999,97484411.80893,18977,773.504,44479234.83924,0
1619866800000,57443.82,57689.00,57431.77,57650.00,2266.391,1619867699999,130488203.02027,19829,1413.043,81356327.93793,0
1619867700000,57650.99,57837.39,57630.47,57690.47,2049.707,1619868599999,118313374.36342,22757,1021.141,58948861.44936,0
1619868600000,57690.00,57856.94,57560.01,57711.91,1945.548,1619869499999,112295191.31820,21721,1013.891,58527923.90903,0
1619869500000,57711.90,57868.95,57705.09,57846.83,1219.155,1619870399999,70458112.54647,15737,681.973,39414036.14196,0
1619870400000,57846.83,58097.79,57736.00,58012.47,3418.086,1619871299999,198048253.60682,33984,1745.869,101167578.18225,0
1619871300000,58008.00,58012.47,57824.27,57868.99,1879.134,1619872199999,108814582.10984,19875,774.305,44837724.95888,0
1619872200000,57868.99,57918.74,57712.00,57904.10,1898.990,1619873099999,109791515.73255,18945,821.653,47513572.81755,0
1619873100000,57904.11,58027.97,57769.00,57807.60,1936.715,1619873999999,112126883.04331,19982,974.574,56427564.22588,0
1619874000000,57807.59,57999.00,57780.00,57887.26,1676.704,1619874899999,97077256.31183,17911,881.290,51020406.24703,0
1619874900000,57887.27,58050.00,57805.45,57892.76,2085.725,1619875799999,120829002.09564,21165,998.755,57861645.98261,0
1619875800000,57892.75,57899.68,57568.12,57678.34,2833.400,1619876699999,163571908.75111,28699,1231.098,71076270.90434,0
1619876700000,57678.33,57759.00,57580.01,57680.00,1762.868,1619877599999,101694771.83996,18360,865.596,49935694.67385,0
1619877600000,57680.83,57749.89,57261.08,57452.85,4233.527,1619878499999,243407836.53383,42283,1821.733,104759221.21320,0
1619878500000,57452.84,57641.89,57431.98,57553.38,2111.554,1619879399999,121498988.11841,23050,1111.452,63954262.66540,0
1619879400000,57553.37,57713.86,57455.01,57468.81,2280.267,1619880299999,131287989.23060,26206,1058.038,60919970.53352,0
1619880300000,57468.81,57560.00,57349.04,57479.48,2070.539,1619881199999,118947312.98807,22502,930.131,53447676.85188,0
1619881200000,57479.48,57536.22,57220.00,57301.53,3101.669,1619882099999,177856411.51849,32599,1394.994,79995727.03674,0
1619882100000,57301.54,57450.64,57051.23,57178.08,4309.997,1619882999999,246656097.90634,39870,1872.715,107179358.42049,0
1619883000000,57178.08,57435.83,57132.43,57406.04,3634.831,1619883899999,208356880.71788,30333,1882.436,107906460.09958,0
1619883900000,57406.04,57565.04,57325.00,57399.06,2909.971,1619884799999,167113510.44547,24652,1351.784,77631456.32192,0
1619884800000,57395.33,57520.00,57249.44,57486.44,2816.568,1619885699999,161642151.82933,27433,1428.824,82019356.50164,0
1619885700000,57484.06,57750.58,57413.01,57449.45,3546.844,1619886599999,204312263.78890,33074,1905.337,109771628.21193,0
1619886600000,57456.93,57473.56,57351.64,57451.39,1745.970,1619887499999,100230844.73181,15959,985.075,56551886.26641,0
1619887500000,57451.39,57577.51,57380.00,57539.98,1704.737,1619888399999,98001257.13849,16520,940.501,54065492.57776,0
1619888400000,57539.98,57825.00,57536.65,57693.28,3804.216,1619889299999,219498008.25123,34078,2036.562,117508860.64260,0
1619889300000,57693.28,57766.57,57604.75,57762.99,1107.141,1619890199999,63870868.29474,14026,551.146,31797628.65209,0
1619890200000,57762.98,57763.36,57615.57,57680.00,1072.791,1619891099999,61899549.91477,12969,421.137,24299699.93663,0
1619891100000,57680.00,57750.00,57580.34,57626.08,1405.574,1619891999999,81036067.69583,15746,714.218,41178848.45243,0
1619892000000,57626.07,57681.76,57473.75,57520.66,1386.407,1619892899999,79798083.06042,16667,594.732,34232760.96282,0
1619892900000,57520.66,57596.91,57461.51,57555.18,1078.605,1619893799999,62046081.87687,12396,593.640,34151789.76423,0
1619893800000,57555.18,57657.03,57512.70,57622.00,1021.138,1619894699999,58806316.62711,12170,564.544,32512686.73922,0
1619894700000,57622.01,57713.01,57553.00,57671.00,954.307,1619895599999,55007545.84353,11303,525.684,30303855.08041,0
1619895600000,57671.00,57679.04,57523.41,57567.26,760.821,1619896499999,43812853.75549,10989,325.901,18768918.07300,0
1619896500000,57567.27,58075.39,57486.00,58028.91,3145.879,1619897399999,181878822.82829,31663,1984.444,114765270.95013,0
1619897400000,58029.48,58031.24,57765.13,57925.29,2870.260,1619898299999,166181294.26199,27666,1442.528,83524168.72999,0
1619898300000,57925.30,57959.56,57782.41,57797.74,1497.436,1619899199999,86635130.46154,16514,651.206,37675776.90801,0
1619899200000,57797.75,57868.14,57750.00,57776.21,1153.917,1619900099999,66692347.53270,13457,579.068,33469158.24022,0
1619900100000,57776.21,57839.34,57664.74,57789.02,1310.915,1619900999999,75695739.73544,15183,735.659,42483060.17083,0
1619901000000,57789.01,57909.91,57774.00,57829.34,1413.781,1619901899999,81783014.40642,14091,718.769,41577887.76813,0
1619901900000,57829.33,57855.40,57701.95,57740.87,1187.807,1619902799999,68629103.28259,12594,520.638,30084171.65540,0
1619902800000,57740.86,57748.99,57600.00,57713.47,1322.005,1619903699999,76245916.17118,16033,626.775,36149704.94849,0
1619903700000,57715.86,57725.00,57559.00,57651.35,1155.281,1619904599999,66561514.19037,16439,574.695,33110834.19780,0
1619904600000,57651.36,57715.60,57517.00,57553.26,935.097,1619905499999,53901299.82088,13600,359.129,20705628.76822,0
1619905500000,57553.20,57554.35,57400.00,57499.43,1892.733,1619906399999,108777457.88450,20992,752.103,43231946.05767,0
1619906400000,57499.42,57546.24,57300.72,57491.18,1678.025,1619907299999,96397647.37985,18483,785.245,45122642.32391,0
1619907300000,57491.18,57650.00,57491.18,57579.39,1483.263,1619908199999,85420712.73534,15460,773.056,44518740.62339,0
1619908200000,57579.36,57737.32,57543.68,57676.17,1194.583,1619909099999,68862884.82564,12479,700.874,40401306.12612,0
1619909100000,57676.17,57754.56,57650.00,57710.00,892.657,1619909999999,51505086.56973,10258,488.436,28183257.32214,0
1619910000000,57710.79,57719.73,57629.89,57687.74,1084.644,1619910899999,62562960.53799,11663,566.048,32650547.77196,0
1619910900000,57687.73,57898.98,57679.41,57880.99,1451.874,1619911799999,83917813.78311,16362,761.800,44026917.54902,0
1619911800000,57880.99,57992.88,57777.00,57925.82,1816.041,1619912699999,105148404.61668,18720,825.200,47782074.90778,0
1619912700000,57925.82,57925.82,57801.06,57836.34,1186.895,1619913599999,68662819.03886,12884,432.442,25016776.75991,0
1619913600000,57836.35,57959.97,57528.96,57690.65,2966.431,1619914499999,171233572.43586,26972,1442.262,83262929.65246,0
1619914500000,57690.65,57693.00,57602.05,57603.57,887.333,1619915399999,51144679.16950,12161,472.495,27235001.05051,0
1619915400000,57603.57,57629.43,57420.00,57483.49,1577.836,1619916299999,90748015.03898,18606,650.238,37398221.31482,0
1619916300000,57483.48,57563.67,57435.24,57496.02,1249.358,1619917199999,71847658.58351,14003,720.010,41408212.28504,0
1619917200000,57501.42,57501.43,57338.88,57425.00,1752.601,1619918099999,100608975.61500,19007,773.424,44399411.29886,0
1619918100000,57425.00,57533.12,57419.24,57442.61,1015.257,1619918999999,58357899.57599,11911,585.734,33669387.55427,0
1619919000000,57442.61,57500.00,57327.00,57440.00,1122.144,1619919899999,64438193.56567,13813,554.061,31819477.89787,0
1619919900000,57439.80,57525.00,57430.03,57476.59,625.430,1619920799999,35953502.58256,9017,395.329,22726720.98391,0
1619920800000,57476.58,57627.00,57476.58,57602.93,1150.297,1619921699999,66238920.29305,13297,673.112,38759687.10519,0
1619921700000,57602.94,57750.00,57602.65,57696.66,1280.616,1619922599999,73886748.22499,14823,684.621,39495918.33066,0
1619922600000,57694.18,57739.51,57614.50,57709.67,996.453,1619923499999,57455093.56559,11083,506.053,29179791.61990,0
1619923500000,57709.66,57768.99,57664.73,57697.08,1026.975,1619924399999,59282354.19532,11856,468.721,27057915.34056,0
1619924400000,57697.08,57746.70,57621.08,57684.96,717.923,1619925299999,41414027.20975,9360,340.072,19617862.75853,0
1619925300000,57684.95,57684.96,57350.00,57385.87,2875.369,1619926199999,165277157.01647,25418,1186.581,68197875.65091,0
1619926200000,57385.86,57385.87,56523.01,56890.00,10890.852,1619927099999,619364487.20069,100468,4467.254,253975019.14992,0
1619927100000,56890.00,56897.03,56348.21,56510.01,6392.297,1619927999999,361803751.47732,55874,2826.893,160033240.25038,0
1619928000000,56510.00,56730.00,56200.00,56672.00,7197.062,1619928899999,406369416.47557,74469,3755.544,212128953.12804,0
1619928900000,56672.00,56950.00,56625.54,56707.41,4403.894,1619929799999,250114936.43963,43877,2259.897,128358391.29935,0
1619929800000,56707.41,56884.91,56666.00,56787.01,1933.102,1619930699999,109719204.67390,20922,1012.710,57483976.79855,0
1619930700000,56787.01,56999.00,56710.01,56957.09,2064.962,1619931599999,117455065.49179,22472,1170.645,66582764.29651,0
1619931600000,56957.09,56967.89,56816.98,56865.01,1121.672,1619932499999,63806145.72051,15254,467.310,26583074.60823,0
1619932500000,56865.01,57189.17,56672.33,57045.24,3187.789,1619933399999,181620717.09866,33059,1554.628,88610855.70196,0
1619933400000,57045.24,57058.47,56904.94,57039.93,1382.344,1619934299999,78763496.38746,16374,688.958,39256873.84817,0
1619934300000,57039.93,57125.00,56936.07,56952.88,1474.552,1619935199999,84095232.92578,15718,729.145,41587424.12942,0
1619935200000,56952.88,57099.46,56937.25,56980.48,991.848,1619936099999,56563806.46936,12665,477.610,27237035.77276,0
1619936100000,56980.48,57062.19,56873.00,56934.21,1263.394,1619936999999,71962841.47300,14394,534.545,30451240.05603,0
1619937000000,56934.21,57000.00,56732.93,56747.56,1395.796,1619937899999,79400947.22356,16332,584.286,33244426.90727,0
1619937900000,56747.55,56986.25,56732.00,56938.60,1428.750,1619938799999,81276747.31950,16753,734.707,41798334.73459,0
1619938800000,56938.61,57044.96,56840.00,56885.48,1315.152,1619939699999,74898726.68404,15766,681.966,38842388.19778,0
1619939700000,56885.49,56888.98,56543.87,56621.64,3236.822,1619940599999,183576821.03406,33460,1410.959,80027523.88666,0
1619940600000,56621.64,56723.49,56453.66,56599.99,3259.513,1619941499999,184403090.91534,31865,1643.834,93013875.33189,0
1619941500000,56600.00,56781.40,56555.55,56682.01,1552.196,1619942399999,87966952.30294,17865,819.571,46444797.73837,0
1619942400000,56682.01,56829.00,56377.00,56465.12,3114.765,1619943299999,176272230.14789,34378,1441.458,81577029.96961,0
1619943300000,56467.14,56587.47,56300.00,56348.87,3478.074,1619944199999,196233998.77259,37992,1633.839,92190250.69125,0
1619944200000,56348.87,56560.50,56210.00,56380.03,3356.235,1619945099999,189262933.07681,36641,1642.503,92634402.22230,0
1619945100000,56380.03,56637.00,56370.72,56583.08,2123.660,1619945999999,120091508.83963,21608,1140.347,64485489.27664,0
1619946000000,56586.92,56715.25,56456.22,56560.01,2261.488,1619946899999,127988333.48548,23448,1211.331,68570248.11856,0
1619946900000,56560.02,56626.64,56100.00,56265.22,4610.572,1619947799999,259578903.35698,45662,2037.961,114757068.98174,0
1619947800000,56265.21,56382.97,56150.00,56323.41,2577.820,1619948699999,145039686.49124,28438,1309.159,73661254.46726,0
1619948700000,56320.02,56534.02,56167.68,56521.47,3276.582,1619949599999,184726377.15005,29463,1682.135,94841069.27609,0
1619949600000,56521.47,56808.66,56446.94,56785.99,3697.679,1619950499999,209445819.23831,36141,1890.492,107095570.31652,0
1619950500000,56786.00,56940.00,56730.00,56763.52,3852.877,1619951399999,218925387.76140,35231,1966.433,111742804.29294,0
1619951400000,56763.52,56894.11,56687.76,56816.31,1587.657,1619952299999,90158596.44780,19476,842.822,47866057.42995,0
1619952300000,56816.31,56980.00,56756.97,56892.45,1985.442,1619953199999,112887980.12045,21772,987.775,56169095.78920,0
1619953200000,56885.69,56900.73,56757.24,56781.15,1522.519,1619954099999,86521172.48445,16750,761.543,43277495.03645,0
1619954100000,56781.15,56848.76,56724.99,56786.91,1419.354,1619954999999,80606417.75727,15671,632.847,35941209.81990,0
1619955000000,56786.91,56844.33,56617.39,56742.76,1645.882,1619955899999,93386584.85106,17851,775.517,44007622.23570,0
1619955900000,56742.76,57158.17,56699.00,57158.17,2893.078,1619956799999,164765441.20242,30612,1776.170,101164024.28977,0
1619956800000,57158.17,57355.00,56861.25,56906.39,6149.000,1619957699999,351249106.54075,55536,3142.026,179509384.90438,0
1619957700000,56905.47,56924.60,56753.19,56880.86,2362.163,1619958599999,134285887.80108,23645,1105.493,62854487.25462,0
1619958600000,56880.85,57030.00,56858.67,56876.33,2154.178,1619959499999,122662968.46223,21310,1058.773,60298035.71167,0
1619959500000,56876.33,56964.63,56822.50,56894.51,1028.292,1619960399999,58510192.34311,13230,540.261,30742346.13980,0
1619960400000,56894.52,56963.95,56763.09,56804.40,1450.978,1619961299999,82489838.70735,17646,659.220,37478135.91229,0
1619961300000,56804.39,56870.08,56721.49,56840.64,1167.745,1619962199999,66343997.56746,13639,590.670,33558908.07338,0
1619962200000,56840.63,56908.00,56657.34,56749.99,1529.201,1619963099999,86804765.02281,18736,731.539,41527998.58128,0
1619963100000,56749.93,56750.40,56515.00,56736.11,2122.982,1619963999999,120219624.76860,25110,1036.448,58699281.04847,0
1619964000000,56735.67,57022.92,56706.15,56900.00,3045.437,1619964899999,173257926.33614,29370,1525.986,86818454.29131,0
1619964900000,56897.40,56943.51,56830.00,56851.45,1282.657,1619965799999,72967112.31539,13762,603.500,34333935.06262,0
1619965800000,56851.44,56943.00,56778.89,56846.72,1367.094,1619966699999,77737316.14633,14870,666.273,37889725.33559,0
1619966700000,56845.89,57047.00,56841.24,56873.20,1848.979,1619967599999,105288695.02089,19672,939.436,53495426.99523,0
1619967600000,56873.20,56902.87,56634.00,56778.84,3189.053,1619968499999,181017241.18126,29987,1517.518,86137340.77212,0
1619968500000,56778.84,56904.65,56650.00,56679.05,1832.335,1619969399999,104021206.74030,19022,882.862,50125610.78220,0
1619969400000,56679.05,56735.66,56531.48,56693.70,2519.414,1619970299999,142703102.73862,26009,1273.783,72153241.32469,0
1619970300000,56693.70,56771.91,56611.37,56654.38,1168.879,1619971199999,66261344.84747,14684,539.127,30563124.87832,0
1619971200000,56654.37,56847.13,56370.60,56744.47,4043.506,1619972099999,228905199.19295,40923,1917.655,108597230.92904,0
1619972100000,56744.46,56812.14,56560.00,56587.33,1575.695,1619972999999,89321154.11613,19367,744.722,42214578.94288,0
1619973000000,56584.36,56800.05,56510.00,56722.74,1873.478,1619973899999,106184603.39631,21227,918.402,52054914.88689,0
1619973900000,56722.69,56753.78,56605.00,56635.59,992.874,1619974799999,56272239.72880,12772,464.880,26351048.98887,0
1619974800000,56635.58,56662.00,56538.47,56659.31,1104.796,1619975699999,62531412.79242,13824,608.304,34432165.40418,0
1619975700000,56659.31,56776.38,56633.00,56681.98,1121.811,1619976599999,63608148.47354,13084,579.894,32882036.14843,0
1619976600000,56681.97,56923.15,56680.24,56864.38,1690.142,1619977499999,95993545.98188,16685,901.659,51210768.54765,0
1619977500000,56863.24,56882.91,56810.17,56836.34,842.192,1619978399999,47869362.48342,10234,421.755,23973061.34759,0
1619978400000,56836.34,56881.52,56772.08,56794.90,833.477,1619979299999,47351761.67127,10896,426.778,24247266.39474,0
1619979300000,56794.89,56959.00,56760.87,56861.98,1325.845,1619980199999,75413221.66744,14348,699.524,39791282.03315,0
1619980200000,56861.98,56877.22,56772.39,56833.49,1009.796,1619981099999,57377013.06564,11518,547.691,31121124.43837,0
1619981100000,56833.49,56947.83,56788.74,56907.01,1043.216,1619981999999,59337986.31133,11882,601.164,34192414.11524,0
1619982000000,56906.37,56931.30,56750.94,56781.23,1025.419,1619982899999,58261927.67211,12094,463.685,26345333.87956,0
1619982900000,56781.23,56781.99,56637.81,56771.35,1339.484,1619983799999,75957498.72502,14788,625.972,35499410.16584,0
1619983800000,56771.35,56837.81,56692.73,56786.49,1300.889,1619984699999,73858579.18437,13614,655.002,37189718.85953,0
1619984700000,56786.49,57015.35,56776.01,56908.00,1910.356,1619985599999,108763079.45481,20416,927.294,52791435.45210,0
1619985600000,56907.99,57045.20,56858.80,56902.13,1238.657,1619986499999,70550847.81844,14973,587.429,33465141.87042,0
1619986500000,56895.77,56922.05,56810.89,56900.00,1036.536,1619987399999,58946341.71712,13251,494.119,28099520.02688,0
1619987400000,56900.00,56944.00,56735.48,56813.32,1400.766,1619988299999,79570223.57106,15883,752.004,42719788.67745,0
1619988300000,56813.32,57084.20,56800.02,57056.39,1540.671,1619989199999,87764801.60120,18712,874.692,49828098.60998,0
1619989200000,57056.38,57205.85,56904.00,56962.02,2793.366,1619990099999,159449290.04973,32454,1348.254,76967189.05013,0
1619990100000,56962.01,57056.86,56882.23,57054.19,1324.517,1619990999999,75444727.84068,16300,750.639,42762470.94284,0
1619991000000,57054.18,57181.10,56922.80,56945.56,1776.474,1619991899999,101349724.34041,21283,829.195,47312231.03451,0
1619991900000,56945.56,56965.26,56660.60,56704.46,2652.929,1619992799999,150721928.65295,26483,1180.102,67063890.56800,0
1619992800000,56704.47,56795.34,56562.82,56603.20,2491.642,1619993699999,141208346.50214,23789,1230.181,69729849.84342,0
1619993700000,56609.26,56620.00,56403.00,56508.65,3756.392,1619994599999,212261850.51663,34970,1959.546,110746867.18258,0
1619994600000,56508.66,56521.51,56250.00,56326.18,3087.714,1619995499999,174086861.05038,31290,1189.839,67104382.54017,0
1619995500000,56323.58,56471.18,56317.45,56427.82,1457.158,1619996399999,82207599.52870,17548,792.372,44704798.54984,0
1619996400000,56431.73,56618.51,56360.00,56540.92,1506.526,1619997299999,85093357.87058,17274,852.559,48161847.27529,0
1619997300000,56540.92,56561.00,56376.58,56557.41,1085.909,1619998199999,61318913.35675,14682,521.037,29421777.02728,0
1619998200000,56557.40,56643.27,56453.08,56584.30,1096.684,1619999099999,62041156.94375,14671,569.136,32199089.48250,0
1619999100000,56584.30,56652.89,56572.54,56630.33,1075.507,1619999999999,60889405.63034,11385,503.085,28484020.39813,0
1620000000000,56630.34,57081.53,56559.80,57025.04,4520.235,1620000899999,256989905.39276,42970,2325.457,132219619.38818,0
1620000900000,57022.18,57484.30,57022.18,57230.25,5447.295,1620001799999,312028815.80845,52430,2835.047,162389436.73150,0
1620001800000,57233.30,57649.60,57233.29,57490.01,3554.430,1620002699999,204249918.50123,41242,1886.174,108394743.80111,0
1620002700000,57490.00,57649.68,57356.71,57456.12,2794.527,1620003599999,160669492.38082,28332,1232.504,70869349.93801,0
1620003600000,57456.12,57792.21,57401.01,57596.04,3535.117,1620004499999,203662517.82420,33202,1823.906,105099528.16086,0
1620004500000,57596.03,57768.00,57563.07,57680.67,1790.854,1620005399999,103247982.52013,18509,871.274,50240678.84087,0
1620005400000,57680.67,58384.22,57664.84,58189.18,7169.746,1620006299999,416341124.42245,65696,3977.881,230971987.56037,0
1620006300000,58189.19,58190.59,58032.97,58100.00,3154.063,1620007199999,183281101.77386,27311,1298.088,75437717.11478,0
1620007200000,58100.00,58223.97,57914.81,57992.43,3768.719,1620008099999,218757002.65005,33093,1703.226,98896070.91318,0
1620008100000,57992.43,58250.00,57950.00,58209.62,2535.204,1620008999999,147359880.40145,24768,1336.422,77686064.79901,0
1620009000000,58209.63,58300.00,58122.63,58122.79,1945.721,1620009899999,113268305.72487,19315,905.183,52706305.86949,0
1620009900000,58122.79,58199.32,58053.61,58128.77,1478.731,1620010799999,85957359.56905,15876,740.735,43061204.47752,0
1620010800000,58128.76,58199.32,58078.22,58136.90,1506.090,1620011699999,87574438.67433,16385,675.320,39270315.26917,0
1620011700000,58137.83,58319.74,58001.00,58022.80,2459.356,1620012599999,143028755.89644,23689,1213.642,70609047.62294,0
1620012600000,58022.81,58184.76,58020.36,58037.01,1561.783,1620013499999,90743096.01601,16979,791.749,46004735.42210,0
1620013500000,58037.00,58089.74,57818.18,58004.55,2333.944,1620014399999,135289402.16771,22776,938.982,54439976.98284,0
1620014400000,58004.56,58115.83,57973.15,58076.91,1387.888,1620015299999,80572936.42031,14833,733.750,42599492.60846,0
1620015300000,58076.90,58076.91,57951.86,57960.28,1160.384,1620016199999,67319503.11172,12926,531.594,30841799.68870,0
1620016200000,57961.78,58054.00,57760.00,57780.26,1833.052,1620017099999,106147237.83768,19772,737.067,42693522.04588,0
1620017100000,57780.27,57924.35,57750.01,57879.17,1552.891,1620017999999,89830773.05895,16851,795.098,45998159.63722,0
1620018000000,57879.17,58049.36,57849.50,57968.14,1482.731,1620018899999,85926878.52440,17281,841.661,48777037.86455,0
1620018900000,57968.13,58077.04,57906.79,57962.04,1153.818,1620019799999,66890203.93953,14731,566.512,32845960.60558,0
1620019800000,57962.05,58158.32,57914.00,58052.57,2116.389,1620020699999,122803145.11472,20710,1272.901,73868978.07417,0
1620020700000,58055.39,58109.91,57943.49,57977.64,1378.469,1620021599999,79977643.20857,16522,714.499,41456647.00142,0
1620021600000,57977.63,58087.23,57940.97,58080.90,1455.927,1620022499999,84452385.39371,16649,732.243,42479046.78739,0
1620022500000,58080.90,58085.00,57938.88,57964.71,1108.332,1620023399999,64285966.93048,13854,467.412,27112396.93345,0
1620023400000,57964.70,58095.98,57888.00,58065.38,1564.683,1620024299999,90720826.77231,17182,854.580,49558627.65205,0
1620024300000,58065.38,58080.00,57926.25,57984.99,1121.796,1620025199999,65068804.49470,13778,424.036,24595505.51706,0
1620025200000,57981.86,58007.87,57858.85,57975.14,1165.507,1620026099999,67522062.31669,14647,549.789,31851546.46549,0
1620026100000,57975.14,58588.88,57968.93,58529.15,4021.500,1620026999999,234331161.04455,42211,2455.876,143143772.25775,0
1620027000000,58529.15,58879.91,58430.91,58717.32,8724.044,1620027899999,512265725.99128,86074,4348.033,255314881.44983,0
1620027900000,58717.31,58907.60,58713.00,58845.47,3434.748,1620028799999,202004826.48965,34734,1968.601,115785855.61447,0
1620028800000,58847.37,58869.88,58677.00,58689.20,2637.420,1620029699999,154996866.22612,28270,1103.703,64863796.97362,0
1620029700000,58690.53,58871.66,58674.00,58859.56,1921.860,1620030599999,112931539.95270,21191,1103.353,64842171.35187,0
1620030600000,58859.57,59056.59,58694.93,58735.58,4582.247,1620031499999,269838010.57388,45959,2227.378,131185232.12652,0
1620031500000,58735.59,58861.99,58702.85,58814.01,2022.129,1620032399999,118876848.61342,20819,964.381,56695518.39074,0
1620032400000,58814.00,58859.37,58320.01,58516.25,5615.319,1620033299999,328875201.14455,52373,2388.627,139893280.22705,0
1620033300000,58516.05,58639.84,58477.00,58567.01,2231.690,1620034199999,130704872.67486,24027,1155.355,67672031.40366,0
1620034200000,58567.71,58737.70,58558.23,58648.64,2214.693,1620035099999,129886063.95410,21531,1220.889,71613572.84679,0
1620035100000,58648.65,58667.27,58430.00,58492.10,1697.412,1620035999999,99348649.44884,18841,706.445,41349702.06466,0
1620036000000,58492.10,58643.55,58450.00,58617.03,1697.331,1620036899999,99381344.72985,18639,931.014,54514267.08385,0
1620036900000,58614.55,58687.38,58452.84,58599.19,1953.506,1620037799999,114418054.41148,20861,1007.160,58987064.10223,0
1620037800000,58599.19,58618.54,58417.34,58427.08,1458.071,1620038699999,85297629.38870,17947,608.373,35593031.79861,0
1620038700000,58427.08,58584.86,58425.46,58534.30,1106.020,1620039599999,64715536.90191,14964,620.066,36282869.39286,0
1620039600000,58535.49,58692.90,58534.34,58654.31,1802.318,1620040499999,105683809.05051,19957,898.631,52695486.51316,0
1620040500000,58651.08,58977.64,58642.00,58875.00,3514.212,1620041399999,206781047.71126,36947,1846.298,108636053.60804,0
1620041400000,58875.00,59022.68,58815.66,58841.10,2713.224,1620042299999,159819346.99608,29862,1296.777,76397520.67361,0
1620042300000,58841.10,58900.01,58701.00,58727.95,1957.109,1620043199999,115084264.84334,21215,822.552,48373984.00131,0
1620043200000,58727.95,58851.78,58667.18,58755.09,1973.836,1620044099999,115998785.53360,20683,972.727,57170514.04406,0
1620044100000,58755.09,58755.10,58550.00,58579.12,1879.138,1620044999999,110203013.98123,23001,789.281,46292184.55759,0
1620045000000,58578.03,58662.26,58367.04,58648.05,3762.459,1620045899999,220288677.72333,35554,1812.892,106161342.89393,0
1620045900000,58648.04,58657.12,58572.01,58631.58,951.248,1620046799999,55765573.36594,12922,454.770,26661237.27988,0
1620046800000,58633.96,58726.60,58468.63,58703.90,2069.973,1620047699999,121311603.64965,21347,1116.814,65473549.27723,0
1620047700000,58708.13,58710.00,58517.47,58616.62,1962.002,1620048599999,115018018.93899,19156,915.965,53696589.50203,0
1620048600000,58617.73,58729.17,58050.00,58300.00,5618.839,1620049499999,327690981.90006,54352,2327.057,135731980.21505,0
1620049500000,58300.00,58308.29,57322.94,57774.53,14591.341,1620050399999,843283889.59564,131835,6630.912,383242244.78300,0
1620050400000,57774.53,57932.94,57663.37,57839.76,4833.905,1620051299999,279462426.83418,43741,2442.162,141204446.32945,0
1620051300000,57839.77,58049.37,57839.76,58043.16,2755.739,1620052199999,159750022.00941,28306,1446.593,83861055.84932,0
1620052200000,58043.16,58255.00,57800.00,58207.49,4862.235,1620053099999,282113013.98938,45359,2533.200,147020296.05974,0
1620053100000,58207.48,58217.99,57827.00,57827.00,3522.542,1620053999999,204340385.13902,35521,1666.752,96694662.43260,0
1620054000000,57828.10,58000.00,57756.00,57890.02,2457.391,1620054899999,142257089.45794,25844,1226.307,71002887.91215,0
1620054900000,57890.21,58100.00,57800.00,58019.31,1933.378,1620055799999,112046764.70479,20961,999.675,57946113.24483,0
1620055800000,58019.30,58092.86,57601.00,57630.57,3458.019,1620056699999,199869132.50899,33699,1420.652,82116856.54975,0
1620056700000,57631.97,57809.38,57450.00,57682.93,4282.301,1620057599999,246906945.70728,41100,2110.232,121680187.46144,0
1620057600000,57682.93,57840.65,57240.42,57341.20,5180.988,1620058499999,298250831.76994,50456,2253.194,129760423.13660,0
1620058500000,57341.20,57650.00,57290.00,57600.99,3274.100,1620059399999,188346154.60513,39805,1756.893,101060322.65935,0
1620059400000,57602.11,58025.99,57513.38,57864.31,3802.888,1620060299999,219718093.56810,37874,2163.662,125018516.25107,0
1620060300000,57863.34,57995.01,57736.32,57763.59,2561.722,1620061199999,148150054.32452,22692,1122.551,64935234.61307,0
1620061200000,57763.58,57967.86,57644.65,57899.95,2309.604,1620062099999,133525353.80529,23979,1236.293,71485017.60652,0
1620062100000,57899.95,57943.58,57772.01,57943.57,1445.417,1620062999999,83614961.63277,17489,679.660,39319263.99864,0
1620063000000,57943.57,58230.00,57849.18,58177.68,3590.208,1620063899999,208582701.65706,35356,2025.832,117693637.29881,0
1620063900000,58177.68,58188.80,57909.00,57993.79,2151.052,1620064799999,124873381.04978,21081,851.181,49418920.87267,0
1620064800000,57997.47,58118.69,57901.25,57975.56,1959.856,1620065699999,113712882.82011,20224,956.127,55481502.18158,0
1620065700000,57975.56,58031.53,57824.40,57897.41,1610.624,1620066599999,93287818.04988,18147,708.212,41022171.78228,0
1620066600000,57897.41,57987.62,57855.34,57874.05,1055.942,1620067499999,61157271.84059,12463,524.320,30369271.31648,0
1620067500000,57874.05,57950.00,57810.36,57816.88,1234.762,1620068399999,71478125.17153,12926,585.387,33891066.49318,0
1620068400000,57816.87,57824.01,57531.00,57559.75,2353.463,1620069299999,135793076.96189,26522,1052.852,60757520.70536,0
1620069300000,57559.75,57683.19,57450.00,57632.49,2471.244,1620070199999,142273226.40855,25988,1233.404,71019223.91941,0
1620070200000,57632.49,57691.83,57560.77,57628.76,1457.410,1620071099999,83976363.93251,15912,723.638,41700171.85931,0
1620071100000,57628.75,57656.35,57407.11,57649.99,1922.340,1620071999999,110577827.95064,20545,869.276,50005351.97194,0
1620072000000,57650.00,57650.00,57312.34,57540.89,2630.860,1620072899999,151135765.29443,28584,1158.334,66557557.99661,0
1620072900000,57540.89,57551.70,57305.90,57412.47,1650.645,1620073799999,94719957.12746,19594,754.827,43314493.17784,0
1620073800000,57413.99,57414.00,56604.11,57046.35,9652.798,1620074699999,549682420.80230,89959,4163.289,237034823.16137,0
1620074700000,57046.35,57216.90,56826.42,56861.89,4149.891,1620075599999,236728474.00069,40476,1863.760,106351361.29900,0
1620075600000,56861.88,57012.84,56500.65,56661.03,4598.604,1620076499999,260980245.22627,48902,1911.739,108543749.14750,0
1620076500000,56660.84,56989.00,56610.70,56984.20,2263.235,1620077399999,128579081.74800,30571,1340.494,76162409.47045,0
1620077400000,56984.20,57049.00,56777.01,57009.94,1578.072,1620078299999,89815820.36892,22408,847.212,48227579.31294,0
1620078300000,57007.48,57214.87,56858.13,57144.06,2494.264,1620079199999,142320217.93924,29606,1317.806,75204267.48692,0
1620079200000,57144.05,57280.00,56869.78,57068.96,2775.806,1620080099999,158393807.51313,29845,1366.964,78011481.85432,0
1620080100000,57068.95,57170.34,56774.43,57165.82,2566.212,1620080999999,146251126.88652,26813,1261.999,71942983.19183,0
1620081000000,57165.82,57272.00,56969.18,57211.94,2229.925,1620081899999,127386947.52865,24145,1156.005,66047616.33113,0
1620081900000,57211.94,57458.97,57124.37,57318.73,3373.565,1620082799999,193353192.61914,32614,1786.441,102400986.90378,0
1620082800000,57318.73,57318.73,57144.00,57210.01,2243.399,1620083699999,128389172.31112,20049,1045.855,59850645.83605,0
1620083700000,57210.00,57210.01,56933.42,57188.90,2641.718,1620084599999,150802470.57657,25888,1258.153,71822852.10439,0
1620084600000,57188.90,57500.00,57165.87,57328.94,2892.909,1620085499999,165979636.36998,29326,1408.385,80809597.96720,0
1620085500000,57328.76,57333.13,57144.01,57214.83,1353.568,1620086399999,77460199.26339,14793,670.618,38379143.64867,0
1620086400000,57214.84,57253.76,56558.74,56610.82,6364.700,1620087299999,361560178.52659,63003,2854.103,162122115.14629,0
1620087300000,56610.82,56897.21,56520.00,56599.01,3262.180,1620088199999,185130572.62510,34568,1487.975,84455495.83771,0
1620088200000,56599.01,56846.53,56356.54,56713.83,5688.170,1620089099999,321956574.47347,54477,2649.370,150043687.33098,0
1620089100000,56710.69,56830.44,54450.31,55318.69,24515.370,1620089999999,1360070777.29867,227493,10051.474,557589289.64454,0
1620090000000,55314.49,55524.40,55124.03,55467.08,10107.363,1620090899999,559387965.20534,99091,5125.707,283722712.66802,0
1620090900000,55467.08,55781.00,55333.06,55557.02,6134.495,1620091799999,341019146.58732,61394,3034.834,168725387.02387,0
1620091800000,55559.25,55742.99,55400.00,55601.55,3819.986,1620092699999,212278291.25487,37311,1889.543,105015383.46358,0
1620092700000,55596.89,55879.46,55570.00,55721.65,3895.190,1620093599999,217224430.03636,37133,1954.232,108983479.97155,0
1620093600000,55721.65,55977.21,55652.99,55769.54,4181.083,1620094499999,233445575.12411,36607,1771.792,98954114.29695,0
1620094500000,55770.04,55830.33,55482.86,55769.54,3944.912,1620095399999,219574946.75481,35820,2040.825,113601314.77081,0
1620095400000,55769.55,56050.00,55731.26,55818.63,3259.432,1620096299999,182190036.56645,32362,1644.361,91918926.19086,0
1620096300000,55818.63,55911.50,55636.80,55730.66,3293.310,1620097199999,183642293.56277,31218,1648.410,91924847.01887,0
1620097200000,55729.91,55999.75,55515.67,55773.44,3535.601,1620098099999,197301462.54210,35431,1682.795,93923045.42960,0
1620098100000,55773.44,55876.82,55650.00,55853.70,1674.281,1620098999999,93362633.95637,20976,909.495,50717505.58304,0
1620099000000,55853.71,55853.71,55570.00,55590.02,1677.326,1620099899999,93427426.17094,20050,734.933,40940376.88777,0
1620099900000,55590.02,55659.99,55301.76,55519.15,3472.120,1620100799999,192666476.08920,34939,1599.482,88767412.58456,0
1620100800000,55519.14,55748.26,55249.00,55740.00,4381.816,1620101699999,243374758.26740,37587,2248.009,124873941.17760,0
1620101700000,55740.01,55840.92,55650.00,55770.07,2015.405,1620102599999,112388641.62481,20571,1021.142,56947803.63457,0
1620102600000,55770.07,55845.43,55658.33,55785.27,1491.137,1620103499999,83149585.70377,16167,725.730,40473772.27619,0
1620103500000,55785.27,55950.00,55765.42,55842.77,2266.072,1620104399999,126586523.87095,21441,1239.261,69228129.13871,0
1620104400000,55842.76,56355.35,55800.00,56138.50,5057.730,1620105299999,283678383.63215,44810,2770.567,155465974.45016,0
1620105300000,56138.50,56174.99,55969.00,56025.26,2372.758,1620106199999,133049396.35204,22470,1128.235,63271495.20104,0
1620106200000,56025.26,56056.16,55880.88,55917.25,1798.807,1620107099999,100673466.71904,19269,816.745,45714115.03637,0
1620107100000,55915.62,56201.20,55905.07,56014.63,2005.670,1620107999999,112451424.07286,19622,1114.470,62474326.50608,0
1620108000000,56014.63,56130.00,55934.22,55970.00,1827.474,1620108899999,102436692.12967,19757,813.446,45600301.72496,0
1620108900000,55969.99,56179.60,55861.15,56175.54,1844.698,1620109799999,103374749.81068,20222,990.937,55543797.87588,0
1620109800000,56175.54,56179.52,56021.96,56079.50,1556.998,1620110699999,87356533.82140,17204,747.465,41936075.47520,0
1620110700000,56079.33,56119.97,55950.00,56118.11,1586.112,1620111599999,88870419.57766,15898,761.750,42685263.95457,0
1620111600000,56118.12,56383.28,56104.30,56366.00,2645.089,1620112499999,148794568.55435,26851,1448.921,81506088.72322,0
1620112500000,56366.00,56374.32,56150.00,56184.13,2040.279,1620113399999,114779016.37095,20323,978.423,55038759.55153,0
1620113400000,56184.12,56217.50,55955.00,56021.19,2006.357,1620114299999,112541746.89358,22312,833.467,46755027.37144,0
1620114300000,56021.19,56104.58,55876.00,55951.22,2921.986,1620115199999,163580704.43518,27723,1271.914,71218038.42364,0
1620115200000,55955.03,56051.53,55581.17,55659.29,5163.180,1620116099999,288212051.24325,46737,2476.461,138254643.51958,0
1620116100000,55659.29,55861.30,55659.29,55802.42,2698.954,1620116999999,150538132.04473,26516,1447.714,80742174.72787,0
1620117000000,55797.96,56020.28,55656.72,55679.26,2988.561,1620117899999,166967780.33397,29853,1544.503,86312137.41663,0
1620117900000,55679.26,55886.38,55661.90,55799.99,1798.113,1620118799999,100311010.39131,19916,889.787,49638685.14961,0
1620118800000,55800.00,56224.83,55799.99,56224.83,3354.096,1620119699999,188029117.38281,35337,1744.144,97764896.87493,0
1620119700000,56222.56,56460.23,56102.52,56315.40,4274.447,1620120599999,240575144.51906,40125,2221.784,125066097.35486,0
1620120600000,56315.41,56319.00,56081.00,56177.01,2893.893,1620121499999,162653265.85077,28217,1125.442,63261901.19451,0
1620121500000,56177.00,56340.69,56050.91,56119.82,2004.535,1620122399999,112621788.14430,22767,871.726,48984594.73204,0
1620122400000,56119.82,56543.19,56119.82,56520.84,2702.858,1620123299999,152337580.51919,31102,1697.687,95685583.78545,0
1620123300000,56520.84,56670.00,56388.00,56413.81,3633.483,1620124199999,205355714.37725,36758,1760.255,99496209.88234,0
1620124200000,56413.81,56539.36,56309.24,56324.82,2209.088,1620125099999,124632224.00975,23626,1154.374,65143448.71809,0
1620125100000,56324.83,56526.12,56262.00,56450.00,2037.003,1620125999999,114876347.66790,21220,1102.575,62185903.05329,0
1620126000000,56449.01,56476.21,56125.66,56213.74,2615.702,1620126899999,147249119.68386,27529,1090.684,61401617.74319,0
1620126900000,56210.85,56215.14,55909.09,56199.99,3272.760,1620127799999,183569047.48892,34158,1563.064,87690906.02418,0
1620127800000,56200.00,56333.00,56031.67,56097.83,2677.379,1620128699999,150461856.07876,28002,1243.755,69903230.83762,0
1620128700000,56097.83,56258.35,55922.00,56192.31,3564.480,1620129599999,200043725.60463,32732,1987.501,111560810.25804,0
1620129600000,56192.30,56225.13,55659.58,55782.26,5381.864,1620130499999,300691239.74157,51121,2495.520,139414422.40522,0
1620130500000,55782.26,55882.81,55503.12,55825.84,4450.414,1620131399999,248078162.17534,41191,2219.509,123748171.95649,0
1620131400000,55828.92,56279.00,55756.98,56229.69,4668.839,1620132299999,261356366.78166,48352,2622.824,146829335.80273,0
1620132300000,56229.70,56399.00,56013.54,56082.96,4274.991,1620133199999,240322816.27177,38591,1599.409,89917814.99487,0
1620133200000,56079.25,56079.26,55810.27,55989.96,2924.537,1620134099999,163632317.40787,29100,1478.440,82729649.80262,0
1620134100000,55989.97,56195.24,55910.07,55978.25,2447.185,1620134999999,137224018.72400,25749,1166.076,65392346.01671,0
1620135000000,55977.75,56050.00,55603.54,55727.38,4115.025,1620135899999,229560148.35287,39754,1933.330,107845671.48119,0
1620135900000,55727.38,55798.97,55292.34,55552.50,7725.033,1620136799999,428856826.90659,67789,3722.998,206760665.76845,0
1620136800000,55552.44,55638.14,55002.00,55336.61,8577.698,1620137699999,474245163.00875,76439,3758.632,207910417.55791,0
1620137700000,55336.61,55540.57,55052.49,55371.67,6481.474,1620138599999,358914103.00207,61468,3038.168,168284338.45149,0
1620138600000,55371.66,55412.54,54500.00,54826.47,11793.876,1620139499999,647797159.38197,117154,5462.867,300080272.92481,0
1620139500000,54826.58,55169.97,54622.00,54899.33,5801.692,1620140399999,318695806.27652,61480,2920.103,160439573.72406,0
1620140400000,54899.33,55046.27,54142.47,54209.99,10525.451,1620141299999,574052901.03164,111519,4440.485,242350219.25524,0
1620141300000,54210.00,54332.43,53558.57,54308.51,15558.365,1620142199999,839433649.62591,169586,7506.494,405155072.15363,0
1620142200000,54308.52,54600.00,54207.97,54520.80,7100.841,1620143099999,386508163.71168,81188,3703.234,201622447.34092,0
1620143100000,54520.79,54554.26,53804.54,53881.84,6015.432,1620143999999,326030362.84629,64838,2576.151,139642935.17301,0
1620144000000,53876.71,54401.45,53520.03,54202.37,9023.253,1620144899999,487103848.42683,111827,4652.109,251270077.50290,0
1620144900000,54202.38,54276.22,53825.46,54112.37,5764.456,1620145799999,311595688.66351,75338,2824.258,152687730.67704,0
1620145800000,54111.05,54111.06,53616.95,53636.17,7132.833,1620146699999,383735117.48154,78436,3350.271,180270577.74672,0
1620146700000,53636.18,53940.00,53218.30,53927.75,10154.778,1620147599999,544147584.14381,103293,4910.317,263222969.62756,0
1620147600000,53927.74,54243.79,53862.00,54003.97,4690.218,1620148499999,253754178.92246,52377,2242.057,121317754.16992,0
1620148500000,54003.79,54197.82,53779.01,54164.63,3180.741,1620149399999,171700574.07431,39418,1575.612,85069669.17573,0
1620149400000,54164.64,54300.00,53955.27,54290.01,2927.454,1620150299999,158517112.89992,33698,1512.771,81926049.67477,0
1620150300000,54286.05,54341.00,54050.16,54200.00,2412.724,1620151199999,130779922.83715,29819,1142.434,61931200.20319,0
1620151200000,54200.00,54350.00,54058.15,54261.38,2250.350,1620152099999,122037128.54034,28199,1096.414,59463866.47720,0
1620152100000,54261.38,54261.39,54023.00,54172.84,1769.446,1620152999999,95809442.76054,22640,802.769,43470373.36438,0
1620153000000,54172.83,54705.53,54095.00,54607.94,4988.547,1620153899999,271733222.65085,47191,2668.250,145360106.52638,0
1620153900000,54607.95,54789.00,54525.00,54544.22,3334.037,1620154799999,182149777.42987,35830,1650.439,90194301.64256,0
1620154800000,54544.22,54588.07,54313.00,54353.00,2506.549,1620155699999,136539210.73766,27098,1228.509,66929107.05784,0
1620155700000,54353.00,54543.70,54322.84,54358.95,1885.361,1620156599999,102643925.36181,20031,1023.533,55730337.78650,0
1620156600000,54358.95,54530.00,54259.65,54498.58,1873.248,1620157499999,101921441.44540,19691,898.236,48883866.07175,0
1620157500000,54498.59,54615.00,54353.82,54586.68,1403.501,1620158399999,76489664.50676,17166,736.031,40118582.17957,0
1620158400000,54587.94,54733.70,54482.00,54664.03,1615.839,1620159299999,88247707.37037,19737,920.079,50255845.76651,0
1620159300000,54664.02,54719.42,54017.15,54053.37,2909.963,1620160199999,158116472.45452,33908,1152.129,62617773.91339,0
1620160200000,54053.38,54371.18,53952.85,54318.90,3030.883,1620161099999,164137020.75934,32494,1625.822,88066894.80877,0
1620161100000,54323.72,54879.76,54323.72,54774.40,3464.598,1620161999999,189492357.97411,37793,1750.696,95735505.64535,0
1620162000000,54774.39,54848.05,54487.46,54701.57,2504.913,1620162899999,136844038.15319,28064,1214.067,66318732.93765,0
1620162900000,54701.57,54701.57,54541.15,54640.00,947.982,1620163799999,51777368.49173,15500,477.648,26088512.97253,0
1620163800000,54640.00,54675.19,54330.91,54393.39,1347.329,1620164699999,73392518.14019,22226,581.385,31670572.27899,0
1620164700000,54393.38,54493.30,54224.57,54403.82,1369.437,1620165599999,74479869.72580,18804,682.223,37116125.55844,0
1620165600000,54403.82,54488.92,54005.53,54112.45,2243.041,1620166499999,121641567.73623,26881,998.434,54155827.45930,0
1620166500000,54112.44,54185.00,54001.29,54033.34,1612.653,1620167399999,87255733.25131,20882,829.877,44908970.28742,0
1620167400000,54033.33,54033.34,53591.01,53666.63,3783.224,1620168299999,203512052.96544,41390,1521.509,81848996.37708,0
1620168300000,53666.62,54188.00,53634.65,54130.08,2873.685,1620169199999,155149216.74807,30536,1838.475,99245321.17259,0
1620169200000,54129.97,54290.00,53921.95,54217.12,2067.855,1620170099999,111847859.59348,24695,1070.285,57906116.08607,0
1620170100000,54217.13,54222.67,53852.00,54074.01,2445.746,1620170999999,132238586.09507,26048,1247.030,67427969.59698,0
1620171000000,54074.00,54270.00,53805.91,53825.54,1704.794,1620171899999,92165758.36771,21977,759.564,41073799.80657,0
1620171900000,53825.55,53859.77,53094.59,53263.32,7394.160,1620172799999,394840179.21316,75065,3300.156,176225851.10181,0
1620172800000,53263.32,53888.00,52880.38,53803.45,8169.969,1620173699999,436371798.41014,91448,3951.296,211139898.04399,0
1620173700000,53803.45,54128.66,53793.23,54088.47,3117.453,1620174599999,168171656.66970,37121,1765.954,95276688.02182,0
1620174600000,54088.48,54780.00,54081.18,54697.94,5349.793,1620175499999,291387986.74986,54980,2708.700,147543646.02560,0
1620175500000,54697.94,54931.55,54570.00,54599.99,5009.520,1620176399999,274257269.60068,45671,2533.102,138710731.29631,0
1620176400000,54599.99,55121.46,54599.99,54976.48,4656.064,1620177299999,255571237.61337,45370,2721.168,149390477.68719,0
1620177300000,54977.07,55131.96,54727.97,54814.92,2289.163,1620178199999,125711433.98577,26728,1032.911,56749832.67418,0
1620178200000,54814.91,54876.67,54639.00,54740.01,2521.513,1620179099999,138036226.90900,26272,1291.144,70685095.63854,0
1620179100000,54748.32,54924.69,54687.48,54802.84,1691.545,1620179999999,92751606.94933,18281,951.373,52169685.81207,0
1620180000000,54802.84,55334.98,54708.43,55293.99,3657.613,1620180899999,201468527.77434,37532,2229.258,122823183.21090,0
1620180900000,55293.98,55462.80,55093.63,55230.07,3056.292,1620181799999,168908817.74665,30220,1481.689,81908125.19500,0
1620181800000,55230.06,55386.10,55042.59,55115.01,2476.101,1620182699999,136684643.41590,23997,1112.069,61402822.33639,0
1620182700000,55115.01,55218.56,54934.16,55089.96,1709.265,1620183599999,94111907.24489,20443,878.090,48352358.74875,0
1620183600000,55089.97,55222.23,54911.70,54937.25,2290.855,1620184499999,126117851.25975,21655,1107.181,60970899.98366,0
1620184500000,54937.25,55265.00,54910.00,55062.22,2250.671,1620185399999,123987166.50359,22870,1378.004,75928329.93723,0
1620185400000,55062.21,55286.93,54950.00,55033.49,2074.667,1620186299999,114357180.12562,19459,937.657,51685904.29167,0
1620186300000,55033.49,55033.49,54764.00,54874.99,2600.156,1620187199999,142755650.69917,24169,1247.540,68502222.22593,0
1620187200000,54874.99,55066.17,54847.37,54921.04,2475.402,1620188099999,136011737.56967,22917,1024.568,56302225.75638,0
1620188100000,54921.49,54954.06,54801.02,54893.54,1252.305,1620188999999,68722235.71915,17926,593.478,32569216.78252,0
1620189000000,54893.55,55366.63,54781.56,54798.23,4006.802,1620189899999,220736327.92444,37537,1916.942,105621697.80641,0
1620189900000,54801.90,54898.19,54510.00,54616.72,3074.098,1620190799999,168137984.53899,30144,1400.314,76610203.59739,0
1620190800000,54616.72,54674.70,54332.00,54550.87,3768.069,1620191699999,205213675.12461,34300,1820.183,99151239.77401,0
1620191700000,54550.88,54807.57,54486.33,54683.31,2033.413,1620192599999,111172674.83447,22028,1147.067,62709752.42154,0
1620192600000,54683.31,54961.03,54626.89,54811.57,1763.854,1620193499999,96713245.67310,22090,929.026,50950076.25293,0
1620193500000,54814.70,54819.64,54484.00,54774.35,2082.528,1620194399999,113822978.92216,22699,963.709,52678173.81471,0
1620194400000,54774.35,54800.65,54589.32,54651.00,1148.556,1620195299999,62825285.14080,14760,573.185,31353989.43770,0
1620195300000,54652.03,54679.67,54126.00,54385.32,3838.804,1620196199999,208593997.50735,37762,1653.892,89865715.17094,0
1620196200000,54385.32,54385.33,54000.53,54115.17,2927.576,1620197099999,158532141.48070,30221,1311.482,71020614.32566,0
1620197100000,54114.67,54491.00,54107.35,54456.92,2205.820,1620197999999,119809278.61648,24080,1262.217,68558169.10965,0
1620198000000,54456.73,54545.00,54355.08,54530.00,1657.501,1620198899999,90292412.65501,19535,901.066,49090449.80069,0
1620198900000,54530.00,54625.57,54486.01,54566.39,1252.430,1620199799999,68327611.93258,17239,612.587,33423547.54227,0
1620199800000,54566.38,54786.00,54541.73,54777.48,1423.162,1620200699999,77781095.97593,17203,810.584,44308730.60063,0
1620200700000,54777.47,55074.48,54725.02,54901.33,3187.231,1620201599999,175057774.86455,32034,1558.829,85618648.55355,0
1620201600000,54901.33,55029.33,54750.87,54755.27,2490.770,1620202499999,136734318.32923,25997,1123.061,61666214.91177,0
1620202500000,54755.27,55296.18,54755.26,55284.94,2716.081,1620203399999,149565539.62919,29323,1582.842,87151173.21093,0
1620203400000,55284.93,55397.12,55187.56,55323.35,2302.796,1620204299999,127325065.94076,27369,1166.121,64486109.84600,0
1620204300000,55323.35,55614.84,55318.36,55460.01,4123.896,1620205199999,228792338.94327,38806,2350.608,130422151.73260,0
1620205200000,55460.00,55530.94,55267.61,55297.34,2628.409,1620206099999,145540724.11955,25593,1005.383,55674214.05922,0
1620206100000,55297.33,55402.60,55118.88,55179.98,2644.142,1620206999999,146145021.76647,22872,1254.860,69373569.38118,0
1620207000000,55179.99,55460.37,55179.98,55276.03,1764.908,1620207899999,97677497.30841,19754,928.926,51412864.02423,0
1620207900000,55272.70,55446.52,55261.09,55420.84,1720.596,1620208799999,95259542.47090,17390,853.661,47267537.34422,0
1620208800000,55420.85,55542.70,55279.00,55310.35,4060.430,1620209699999,224846094.30191,29097,1620.251,89737295.37240,0
1620209700000,55310.35,55398.69,55161.95,55315.11,3617.988,1620210599999,199953726.32691,29857,1549.465,85641654.18541,0
1620210600000,55315.10,55609.48,55311.08,55398.56,4012.330,1620211499999,222491084.72191,30041,1491.877,82741914.41435,0
1620211500000,55396.36,55913.94,55290.03,55700.00,4344.980,1620212399999,241967983.04146,44509,2355.371,131167730.40728,0
1620212400000,55700.01,55749.00,55357.00,55445.69,2952.475,1620213299999,163875770.00466,31099,1312.983,72873935.58042,0
1620213300000,55445.69,55531.82,55236.86,55280.00,3946.133,1620214199999,218542977.50151,28086,1206.656,66830200.25854,0
1620214200000,55280.00,55390.27,55227.86,55289.73,1108.743,1620215099999,61324765.98620,14780,521.021,28819211.73980,0
1620215100000,55289.73,55381.66,55065.09,55191.60,2600.674,1620215999999,143638171.73023,26683,1116.867,61705976.50471,0
1620216000000,55198.07,55430.00,55115.49,55337.93,1989.077,1620216899999,109934298.88633,24501,1127.502,62327815.03533,0
1620216900000,55337.93,55887.58,55337.92,55490.00,5455.280,1620217799999,303563772.20471,51640,2759.361,153563690.95017,0
1620217800000,55490.00,55592.47,55342.00,55413.15,2795.463,1620218699999,154977829.99105,25482,1398.697,77550478.37361,0
1620218700000,55413.15,55718.80,55369.88,55634.86,1935.729,1620219599999,107539504.92896,22137,1071.751,59545382.66673,0
1620219600000,55634.87,55822.00,55588.85,55640.81,2585.255,1620220499999,144045278.73529,27347,1141.011,63579071.42208,0
1620220500000,55640.80,56159.00,55600.00,55979.99,5128.233,1620221399999,286831360.44628,54694,2917.274,163198212.32546,0
1620221400000,55975.01,56198.00,55826.51,56156.70,5199.481,1620222299999,291254932.74415,49401,2527.090,141584411.84973,0
1620222300000,56155.63,56293.82,56074.89,56271.73,4089.818,1620223199999,229841260.80040,47414,2029.697,114079720.59049,0
1620223200000,56271.74,56370.00,55722.55,56077.28,6770.160,1620224099999,379064998.73453,64690,3281.008,183713861.44220,0
1620224100000,56077.28,56083.93,55673.01,55850.55,5450.474,1620224999999,304345061.84409,47642,2620.515,146343022.10993,0
1620225000000,55850.00,56399.08,55845.35,56378.34,3682.886,1620225899999,206598728.61820,37657,2174.958,122024543.78287,0
1620225900000,56378.66,57058.51,56350.00,56982.56,11145.244,1620226799999,632293606.58288,110141,5913.749,335511598.34932,0
1620226800000,56982.57,57348.57,56952.31,57202.15,11597.085,1620227699999,662791516.63910,110442,5994.945,342660854.61185,0
1620227700000,57200.50,57472.71,56881.00,56989.91,10399.380,1620228599999,594442602.80388,99110,5133.293,293435564.70384,0
1620228600000,56989.91,57238.00,56952.71,57141.87,4613.069,1620229499999,263351175.77055,50853,2713.889,154910186.28416,0
1620229500000,57141.88,57700.00,57137.02,57596.10,6087.205,1620230399999,349623298.99615,63988,3373.548,193791802.56544,0
1620230400000,57596.09,57940.00,57413.05,57687.67,11060.063,1620231299999,638192490.68297,115038,5594.254,322828765.06467,0
1620231300000,57687.68,57817.10,57465.30,57581.30,4231.881,1620232199999,243671616.61461,42803,1919.898,110557908.89681,0
1620232200000,57581.30,57745.58,57302.00,57461.70,4818.528,1620233099999,276959958.78206,46852,2425.779,139442828.88768,0
1620233100000,57461.70,57542.99,57324.56,57459.49,2285.435,1620233999999,131311322.35959,25701,1108.093,63667798.63046,0
1620234000000,57459.50,57613.04,57314.44,57476.93,2354.152,1620234899999,135262821.46309,25867,1225.994,70458212.38461,0
1620234900000,57476.93,57740.00,57406.42,57587.00,2624.585,1620235799999,151165734.23294,27560,1298.998,74823207.94832,0
1620235800000,57586.33,57717.70,57300.00,57363.35,2694.956,1620236699999,154819603.89180,25463,1176.577,67602427.94033,0
1620236700000,57363.35,57516.37,57281.69,57342.85,1990.491,1620237599999,114260237.42008,19591,949.785,54526341.25361,0
1620237600000,57345.75,57577.96,57334.44,57483.86,1744.370,1620238499999,100253586.33335,19455,939.181,53979246.39240,0
1620238500000,57482.32,57500.00,57320.00,57408.21,1437.534,1620239399999,82516262.58563,16862,716.991,41157926.29478,0
1620239400000,57408.20,57575.78,57122.18,57168.54,2634.380,1620240299999,151108451.38196,26591,1122.939,64454122.26487,0
1620240300000,57166.92,57431.70,57166.74,57393.08,2141.412,1620241199999,122758696.00553,21062,1167.384,66919745.54492,0
1620241200000,57393.08,57525.00,57332.31,57496.89,2087.121,1620242099999,119861346.25409,19808,1088.877,62539574.53854,0
1620242100000,57496.87,57591.29,57369.49,57379.12,1632.124,1620242999999,93816139.22064,18012,869.042,49958271.61310,0
1620243000000,57379.11,57431.19,57170.00,57197.14,2149.626,1620243899999,123156335.43514,18709,1015.121,58157929.54336,0
1620243900000,57197.15,57323.00,57151.39,57243.40,2850.910,1620244799999,163171493.40032,21077,1407.101,80531612.82906,0
1620244800000,57243.40,57338.02,57003.00,57333.14,3512.521,1620245699999,200711312.04236,31074,1577.712,90173458.88020,0
1620245700000,57333.13,57333.13,56722.62,56920.74,6723.645,1620246599999,382723787.46688,50975,2798.333,159274158.57104,0
1620246600000,56920.40,57080.46,56694.66,56844.37,4351.625,1620247499999,247472359.53438,36219,2068.699,117662644.97071,0
1620247500000,56844.37,57040.90,56786.51,56940.90,2249.514,1620248399999,128065840.43842,22714,1226.160,69809257.18605,0
1620248400000,56940.89,57062.71,56826.43,56981.78,1491.728,1620249299999,84976312.32106,18061,770.519,43895889.55799,0
1620249300000,56979.61,57040.70,56893.78,56911.49,1008.887,1620250199999,57466103.38549,13965,489.602,27890709.45728,0
1620250200000,56911.49,56963.16,56785.62,56792.87,1129.716,1620251099999,64255926.77934,15258,491.096,27935834.37785,0
1620251100000,56792.87,57070.31,56772.47,56888.81,1582.979,1620251999999,90117993.92246,18756,853.815,48605696.26343,0
1620252000000,56888.81,56969.00,56818.37,56954.76,1315.638,1620252899999,74859058.81204,16004,664.495,37810248.23516,0
1620252900000,56954.76,57579.58,56946.32,57576.11,5742.416,1620253799999,329502694.56377,49406,3051.165,175044238.80014,0
1620253800000,57576.11,57668.00,57275.33,57323.37,3959.804,1620254699999,227563307.57613,30601,1901.199,109248591.38054,0
1620254700000,57323.36,57399.00,57115.89,57137.11,2174.260,1620255599999,124479219.96756,23056,1041.468,59627245.31213,0
1620255600000,57137.11,57287.57,57012.00,57076.19,2037.095,1620256499999,116391443.10506,20589,947.549,54143856.92630,0
1620256500000,57076.18,57477.56,57070.83,57237.07,2005.619,1620257399999,114885636.16618,20316,1116.491,63935083.60212,0
1620257400000,57236.66,57480.65,57200.00,57314.78,1499.113,1620258299999,85969649.04935,17961,776.661,44538740.49353,0
1620258300000,57314.77,57525.70,57230.20,57497.77,1312.196,1620259199999,75273998.28553,15641,702.538,40305225.18317,0
1620259200000,57497.76,57674.98,57243.74,57564.82,3952.929,1620260099999,227127958.72306,35490,1946.575,111852550.99247,0
1620260100000,57568.73,57599.91,56760.00,56957.89,5560.172,1620260999999,317528860.02961,47476,2449.794,139873351.03457,0
1620261000000,56952.15,57199.95,56625.00,56646.67,5146.998,1620261899999,292957232.24601,43930,2309.074,131452679.66195,0
1620261900000,56646.67,57100.00,56624.73,57024.72,3765.060,1620262799999,214107134.03720,30172,1964.607,111716099.55751,0
1620262800000,57020.08,57020.08,56675.00,56832.08,3010.149,1620263699999,171121240.67666,29898,1435.843,81620034.39685,0
1620263700000,56832.08,57039.99,56666.00,57018.37,2407.403,1620264599999,136891614.69241,22819,1254.111,71316870.26335,0
1620264600000,57018.38,57269.33,56982.98,57156.12,2697.913,1620265499999,154257455.26408,22595,1387.540,79329022.98706,0
1620265500000,57156.12,57270.00,56843.00,56882.67,1751.839,1620266399999,99841063.03771,19115,802.254,45717702.73385,0
1620266400000,56882.67,57121.53,56772.92,56964.18,1382.802,1620267299999,78741912.87656,15854,757.143,43116456.88007,0
1620267300000,56964.18,57244.00,56890.50,57213.00,1587.677,1620268199999,90682161.71388,18154,834.460,47663153.07755,0
1620268200000,57212.99,57223.00,57041.71,57052.59,897.522,1620269099999,51280591.27970,11921,449.158,25664580.57968,0
1620269100000,57052.60,57174.02,56931.83,57101.12,1224.431,1620269999999,69867393.37539,13937,532.084,30363212.12916,0
1620270000000,57101.12,57101.12,56850.00,56959.99,1211.720,1620270899999,68984806.72453,15612,581.831,33124919.96379,0
1620270900000,56960.00,56960.00,56800.32,56860.00,985.052,1620271799999,56025438.69267,12122,457.164,26002658.44679,0
1620271800000,56859.99,56952.94,56755.00,56781.62,1136.767,1620272699999,64629352.31384,13636,537.911,30585805.65439,0
1620272700000,56781.62,56977.22,56710.37,56869.89,1061.417,1620273599999,60386686.60906,13187,538.570,30642181.71497,0
1620273600000,56869.89,57202.47,56800.02,57138.19,1906.012,1620274499999,108766162.27210,22104,1034.885,59047116.65869,0
1620274500000,57138.20,57478.43,57111.90,57471.70,2282.922,1620275399999,130881835.29330,24388,1344.100,77066508.38351,0
1620275400000,57469.33,57645.39,57187.41,57254.31,3459.616,1620276299999,198645617.28048,32487,1666.507,95738252.56393,0
1620276300000,57254.30,57254.30,56892.00,57020.47,2383.046,1620277199999,135977501.62991,24352,1074.803,61322892.40615,0
1620277200000,57020.47,57020.47,56820.00,56978.73,1983.744,1620278099999,112893573.82981,20295,1049.718,59743175.95393,0
1620278100000,56978.73,57159.77,56978.72,57133.74,1293.685,1620278999999,73824834.26938,15218,728.363,41566265.03139,0
1620279000000,57133.75,57400.00,57047.63,57138.69,2109.438,1620279899999,120770526.84043,24082,940.333,53838887.83465,0
1620279900000,57138.70,57339.96,56961.09,57231.48,2129.829,1620280799999,121763255.94450,22305,1070.034,61180593.77397,0
1620280800000,57230.00,57230.00,56870.04,56922.86,1882.029,1620281699999,107276379.30016,20911,886.624,50537329.91519,0
1620281700000,56922.86,57154.68,56905.00,56949.49,1788.920,1620282599999,102007860.63582,18902,879.650,50157924.55221,0
1620282600000,56949.49,56974.89,56774.00,56920.06,2176.979,1620283499999,123805063.83753,22731,1004.861,57154771.99332,0
1620283500000,56921.19,56921.20,56523.00,56669.16,4377.358,1620284399999,248192435.27164,42742,1853.280,105099267.19338,0
1620284400000,56669.16,56848.94,56423.01,56700.03,3673.300,1620285299999,208080693.90949,37433,1640.547,92971099.00638,0
1620285300000,56700.03,56860.00,56603.07,56854.16,2011.540,1620286199999,114198782.32821,21265,1117.728,63456530.94058,0
1620286200000,56854.15,56974.99,56764.81,56824.95,1893.328,1620287099999,107672371.55363,20579,1118.030,63589929.97841,0
1620287100000,56824.95,56930.00,56675.51,56865.01,1526.532,1620287999999,86727634.48517,19206,688.194,39102572.17665,0
1620288000000,56865.02,57154.15,56848.04,57025.66,2481.607,1620288899999,141566100.73056,27344,1473.411,84058649.70036,0
1620288900000,57025.67,57273.42,56906.82,57258.54,2200.939,1620289799999,125640113.21911,24402,1129.835,64514488.47636,0
1620289800000,57260.41,57281.81,57060.00,57141.48,1643.685,1620290699999,93956381.81099,20362,769.953,44012315.77718,0
1620290700000,57141.48,57148.00,56911.98,56989.35,1661.994,1620291599999,94746417.25456,20246,676.474,38563093.18473,0
1620291600000,56988.21,57165.97,56868.49,57048.04,1627.874,1620292499999,92790388.77241,19449,768.247,43791127.39614,0
1620292500000,57048.03,57237.64,56855.00,57237.63,1840.610,1620293399999,104990082.44812,22149,962.839,54927992.14308,0
1620293400000,57237.64,57378.00,57101.85,57376.99,2166.927,1620294299999,124014001.84039,22615,1243.948,71212088.04902,0
1620294300000,57376.99,57415.40,57232.96,57320.19,1976.347,1620295199999,113290297.66193,21848,947.384,54310743.37678,0
1620295200000,57320.02,58133.62,57202.53,58040.81,7129.271,1620296099999,411837747.79115,74304,4059.114,234477617.97812,0
1620296100000,58041.63,58450.00,58040.81,58334.84,8739.774,1620296999999,509171759.52010,84880,4152.411,241937533.93731,0
1620297000000,58334.84,58411.31,58130.10,58200.00,3586.001,1620297899999,208832120.90190,35911,1759.691,102484400.16080,0
1620297900000,58199.99,58238.89,58012.88,58062.54,2878.661,1620298799999,167276010.06449,28568,1411.823,82046911.22045,0
1620298800000,58062.54,58105.00,57756.25,57894.27,3675.825,1620299699999,212935601.90459,39367,1600.363,92722466.50070,0
1620299700000,57894.27,58050.37,57802.22,57905.63,2087.631,1620300599999,120914213.36928,22482,1107.594,64161208.27835,0
1620300600000,57905.63,58180.55,57831.01,58127.32,2919.298,1620301499999,169479446.52149,29719,1548.976,89919399.03280,0
1620301500000,58124.19,58222.00,57965.64,58081.30,2186.767,1620302399999,126969122.72519,22875,991.462,57578733.70492,0
1620302400000,58081.31,58174.41,57811.14,57837.40,2230.766,1620303299999,129360475.92377,25328,1002.396,58146552.51389,0
1620303300000,57839.97,57942.69,57640.64,57879.22,3400.345,1620304199999,196501438.17086,32614,1733.346,100183737.36184,0
1620304200000,57879.23,57880.39,57715.73,57785.52,1433.351,1620305099999,82843220.59210,17710,697.951,40338595.27001,0
1620305100000,57785.51,57826.37,57518.88,57713.55,2508.123,1620305999999,144655726.41462,28414,990.393,57132298.26470,0
1620306000000,57710.01,57798.79,57340.00,57461.50,3795.157,1620306899999,218349608.54326,39584,1642.577,94523271.32591,0
1620306900000,57461.50,57607.00,57261.03,57482.15,3935.761,1620307799999,226105101.54898,37761,2097.572,120524029.95624,0
1620307800000,57480.68,57595.81,57346.36,57467.75,2048.416,1620308699999,117715724.29511,22949,1024.738,58898845.58337,0
1620308700000,57467.76,57615.00,57100.52,57354.69,3753.529,1620309599999,215372635.53592,36559,1821.987,104609813.97768,0
1620309600000,57354.69,57439.96,56922.11,57161.51,4590.491,1620310499999,262391988.17087,41995,2103.206,120243345.70158,0
1620310500000,57161.51,57381.95,57120.00,57346.33,3577.092,1620311399999,204812624.44118,30334,1803.140,103242088.86919,0
1620311400000,57346.33,57454.26,57230.34,57254.99,1859.073,1620312299999,106576601.32341,21270,997.592,57197804.90092,0
1620312300000,57253.38,57489.07,57205.00,57243.62,2458.401,1620313199999,140995081.05047,23173,1274.646,73117056.80575,0
1620313200000,57243.63,57349.00,56950.00,57136.91,3320.981,1620314099999,189653604.16837,34675,1491.052,85162704.56668,0
1620314100000,57136.91,57207.15,57002.15,57096.38,1933.445,1620314999999,110448320.24309,22436,909.937,51985917.05618,0
1620315000000,57096.00,57222.15,57038.77,57158.74,1754.212,1620315899999,100230387.10694,20205,899.724,51409828.25113,0
1620315900000,57163.50,57440.54,56843.00,57173.49,5735.507,1620316799999,327721045.56822,54831,2688.444,153649383.80856,0
1620316800000,57173.48,57321.59,56924.95,57232.46,4211.100,1620317699999,240793659.03800,38780,2079.761,118927301.32556,0
1620317700000,57230.09,57564.88,57070.71,57354.66,3876.925,1620318599999,222493873.57893,38184,1851.034,106232267.98977,0
1620318600000,57350.01,57388.77,57078.99,57156.16,2727.474,1620319499999,156083141.23141,28943,1360.799,77872691.97576,0
1620319500000,57156.09,57160.11,56632.16,56794.28,6007.590,1620320399999,341681856.01194,56354,2421.776,137764266.80015,0
1620320400000,56794.28,57063.51,56764.80,56979.37,1995.104,1620321299999,113680685.84795,22239,1058.793,60323632.27321,0
1620321300000,56979.36,57095.99,56969.72,57070.95,1096.638,1620322199999,62565779.64984,14781,594.831,33937462.76412,0
1620322200000,57070.95,57169.85,56981.63,57047.07,1574.089,1620323099999,89863656.56034,18614,841.631,48054366.89613,0
1620323100000,57047.06,57130.00,56840.01,56871.94,2043.372,1620323999999,116418150.35339,22661,958.367,54601111.86988,0
1620324000000,56871.94,57059.74,56754.85,56933.98,2651.578,1620324899999,150905104.24818,24181,1295.234,73704939.52977,0
1620324900000,56933.98,57015.03,56773.62,56777.04,1983.274,1620325799999,112842742.61772,19746,1046.839,59565640.40668,0
1620325800000,56777.03,56848.00,55634.28,55709.87,14831.148,1620326699999,830649002.28131,154888,5972.250,334417003.46409,0
1620326700000,55712.98,56068.25,55529.59,55859.80,9610.425,1620327599999,536956108.41744,82019,4089.052,228504745.71009,0
1620327600000,55859.80,56050.00,55530.70,55723.57,5419.658,1620328499999,302448043.01501,60623,2423.582,135271085.62277,0
1620328500000,55723.58,55749.61,55297.91,55731.01,7044.996,1620329399999,391137378.56441,73919,3363.256,186766485.63205,0
1620329400000,55731.01,56052.17,55722.01,55977.52,3526.957,1620330299999,197151498.24428,36897,1791.681,100152681.00099,0
1620330300000,55977.52,56425.73,55962.96,56186.01,4808.488,1620331199999,270290315.40175,42499,2693.685,151408708.33298,0
1620331200000,56186.01,56240.94,55716.93,55855.88,4216.927,1620332099999,236005444.93475,40799,1707.454,95556738.61582,0
1620332100000,55855.87,56068.03,55736.88,56068.03,2335.500,1620332999999,130609107.95060,27567,1249.189,69868832.50197,0
1620333000000,56068.02,56318.37,55850.00,55926.13,2798.225,1620333899999,156883584.72128,31920,1401.718,78595244.33366,0
1620333900000,55925.41,56116.04,55873.66,55970.89,1459.219,1620334799999,81704614.71321,19658,759.799,42545463.21468,0
1620334800000,55970.90,56198.00,55950.00,56184.27,1595.731,1620335699999,89461112.88314,21564,804.348,45095322.16729,0
1620335700000,56180.83,56300.00,56077.00,56277.66,1905.717,1620336599999,107122406.22177,22222,911.423,51233468.36208,0
1620336600000,56277.67,56382.33,56197.25,56321.06,1398.884,1620337499999,78737707.15703,19018,785.549,44216306.15788,0
1620337500000,56320.99,56499.00,56290.00,56336.51,1868.336,1620338399999,105310794.81439,21475,1030.822,58109535.34370,0
1620338400000,56336.52,56437.33,56232.22,56268.38,1606.120,1620339299999,90453885.51576,19730,632.840,35649871.89688,0
1620339300000,56265.50,56500.00,56260.89,56295.65,1591.990,1620340199999,89782464.14298,20192,755.891,42632232.66805,0
1620340200000,56298.55,56616.98,56298.55,56526.07,1366.370,1620341099999,77171998.03216,17912,771.364,43568807.11063,0
1620341100000,56526.07,56559.17,56416.80,56544.45,936.883,1620341999999,52915204.44515,13870,451.562,25506181.98006,0
1620342000000,56544.45,56595.44,56368.40,56574.54,1073.256,1620342899999,60620866.32557,15892,495.397,27984587.36709,0
1620342900000,56574.54,56708.37,56302.82,56579.39,2084.166,1620343799999,117768088.97414,26432,958.437,54173570.17406,0
1620343800000,56579.39,56850.00,56457.18,56519.86,2371.423,1620344699999,134410457.94600,27817,1178.958,66824381.18168,0
1620344700000,56519.85,56666.62,56350.00,56435.35,1657.651,1620345599999,93651635.67820,21080,810.464,45799521.26068,0
1620345600000,56435.35,56819.63,56092.17,56755.52,4048.529,1620346499999,228374959.78402,44690,1959.729,110588751.44696,0
1620346500000,56755.52,57179.13,56750.00,56838.10,4398.661,1620347399999,250638667.16809,47381,2208.298,125822502.68745,0
1620347400000,56837.62,56906.02,56622.39,56781.56,2657.736,1620348299999,150842153.43389,27357,1386.734,78715687.69899,0
1620348300000,56781.55,56898.75,56423.81,56437.74,2411.718,1620349199999,136607035.29578,24491,1006.035,57010504.48506,0
1620349200000,56437.75,56616.00,55936.44,56100.03,5095.609,1620350099999,286626290.39607,45053,2217.859,124827764.56150,0
1620350100000,56100.03,56349.94,56100.02,56330.82,2005.096,1620350999999,112761534.65497,22354,1107.909,62303714.69343,0
1620351000000,56330.82,56384.82,56118.01,56173.69,1506.221,1620351899999,84750667.61106,18028,644.358,36268238.66888,0
1620351900000,56173.68,56353.56,56021.18,56255.83,1716.225,1620352799999,96427372.62577,19222,886.050,49800010.15795,0
1620352800000,56255.45,56464.59,56183.60,56349.00,1670.691,1620353699999,94082691.52909,19965,908.977,51194081.62811,0
1620353700000,56348.99,56360.00,55954.16,55954.16,1905.976,1620354599999,107070331.33671,21438,714.398,40155352.78060,0
1620354600000,55954.16,56022.81,55541.09,55709.21,5242.183,1620355499999,292463254.78610,55729,2252.579,125686438.91759,0
1620355500000,55710.61,56027.89,55708.96,55889.00,2255.445,1620356399999,126054717.89031,25181,1268.266,70878905.69279,0
1620356400000,55889.01,56189.38,55736.60,55975.01,2522.762,1620357299999,141218756.81334,29278,1394.183,78062454.19084,0
1620357300000,55975.00,56059.04,55565.36,55676.29,2352.014,1620358199999,131246540.23683,24552,1126.654,62879214.57729,0
1620358200000,55676.28,55947.20,55555.55,55807.40,2044.905,1620359099999,114086965.74053,23909,1136.731,63420506.33238,0
1620359100000,55807.40,56014.48,55760.02,55770.02,1218.734,1620359999999,68109390.81625,15432,606.297,33890650.48634,0
1620360000000,55770.01,55812.94,55410.00,55808.43,3752.328,1620360899999,208578696.05513,39937,1852.313,102992401.38305,0
1620360900000,55808.43,55900.00,55480.60,55500.79,2664.645,1620361799999,148344908.92932,30710,1157.403,64439243.75584,0
1620361800000,55500.79,55763.72,55300.00,55749.10,3460.070,1620362699999,192042448.35822,37386,1759.786,97710213.04963,0
1620362700000,55748.09,55949.45,55537.91,55889.69,2331.731,1620363599999,129985344.06012,25886,1235.063,68879256.05750,0
1620363600000,55889.69,56046.59,55779.68,55963.27,1760.433,1620364499999,98426542.19565,22169,886.759,49589020.74359,0
1620364500000,55963.28,56020.63,55830.85,55996.57,1647.190,1620365399999,92131902.87802,20288,818.385,45781459.22648,0
1620365400000,55996.57,56148.82,55904.67,56016.93,1651.135,1620366299999,92503263.52875,20660,772.024,43258414.20276,0
1620366300000,56016.92,56028.87,55860.00,55863.87,1097.915,1620367199999,61407748.35708,15577,489.704,27389943.75397,0
1620367200000,55867.74,56120.00,55691.00,56094.35,2373.784,1620368099999,132720297.83970,27205,1209.177,67625163.73040,0
1620368100000,56094.34,56200.00,56004.11,56039.79,1221.748,1620368999999,68528437.31092,17488,608.122,34115899.58634,0
1620369000000,56039.78,56149.61,55965.30,56147.16,960.252,1620369899999,53806900.42715,14486,528.068,29594733.64352,0
1620369900000,56141.28,56257.44,56120.00,56164.24,1460.502,1620370799999,82054813.70914,18512,811.022,45566333.21772,0
1620370800000,56164.25,56288.70,56031.28,56183.37,1716.188,1620371699999,96373225.59975,21995,834.016,46840227.95452,0
1620371700000,56184.50,56331.31,56097.01,56287.38,1655.149,1620372599999,93071630.21051,19486,889.696,50042119.58657,0
1620372600000,56287.37,56295.72,55936.85,56028.93,1657.896,1620373499999,92947721.93984,23526,760.385,42625963.93099,0
1620373500000,56028.93,56087.02,55758.81,55854.40,2596.832,1620374399999,145124755.34739,27705,1229.120,68698938.92505,0
1620374400000,55854.41,56122.71,55645.25,55671.87,3467.639,1620375299999,193822681.40482,35101,1629.853,91143772.79829,0
1620375300000,55668.61,55913.58,55659.75,55896.43,1882.795,1620376199999,105027238.40217,21806,1097.613,61228783.58080,0
1620376200000,55896.42,55996.39,55711.14,55847.61,1224.058,1620377099999,68348154.80624,16828,559.236,31229556.21103,0
1620377100000,55847.61,56227.52,55843.20,56159.70,2001.196,1620377999999,112148894.66847,23284,1123.198,62955333.21179,0
1620378000000,56158.00,56401.25,56157.35,56220.00,2614.893,1620378899999,147191867.66097,29974,1173.544,66067917.27174,0
1620378900000,56220.00,56333.79,56120.00,56288.13,1316.230,1620379799999,73984514.31055,17603,668.953,37606181.91715,0
1620379800000,56288.14,56594.25,56288.13,56405.97,3109.655,1620380699999,175467649.60043,32393,1752.287,98873245.30431,0
1620380700000,56405.97,56405.98,56260.43,56293.78,1341.476,1620381599999,75578831.73572,16962,554.970,31269209.62791,0
1620381600000,56293.78,56721.00,56293.78,56576.19,2848.899,1620382499999,161205644.15009,31135,1465.629,82929814.73070,0
1620382500000,56577.49,56673.00,56424.10,56466.28,1549.547,1620383399999,87573792.34368,18930,734.313,41505078.96802,0
1620383400000,56470.41,56600.00,56392.28,56589.50,1210.340,1620384299999,68357688.97281,18074,638.351,36058576.21139,0
1620384300000,56589.51,56714.44,56450.00,56450.07,1677.943,1620385199999,94957427.19857,21553,740.148,41892460.31692,0
1620385200000,56450.08,56550.95,56318.37,56367.57,2075.867,1620386099999,117148374.17921,23940,976.284,55101223.37491,0
1620386100000,56367.56,56724.42,56261.50,56672.00,2176.650,1620386999999,122935268.55317,26632,1147.868,64844701.21905,0
1620387000000,56671.99,56837.34,56603.30,56646.12,2674.158,1620387899999,151745893.77545,30251,1297.400,73624790.48009,0
1620387900000,56646.11,56684.24,56473.48,56510.58,1709.598,1620388799999,96735365.88187,18632,821.193,46469826.48990,0
1620388800000,56510.55,56709.60,56351.12,56485.03,2351.796,1620389699999,132938600.27766,27346,1116.551,63114947.08767,0
1620389700000,56485.02,56611.30,56270.00,56503.45,2192.431,1620390599999,123698736.98673,25549,1098.108,61972122.91442,0
1620390600000,56503.46,57460.48,56503.45,57401.47,10079.012,1620391499999,575626562.53612,97188,5597.532,319617467.28307,0
1620391500000,57401.48,57618.78,57158.57,57493.07,6107.715,1620392399999,350554631.78114,59750,3066.130,176022129.83965,0
1620392400000,57493.06,57730.36,57300.00,57340.19,5206.423,1620393299999,299392054.78566,51726,2667.960,153423051.39591,0
1620393300000,57340.20,57360.00,57150.00,57199.96,3404.257,1620394199999,194849521.87748,31094,1585.769,90772080.96693,0
1620394200000,57199.96,57292.93,57030.00,57130.04,2893.278,1620395099999,165380604.68484,28888,1263.831,72265901.65873,0
1620395100000,57130.02,57244.69,56939.13,57050.29,2117.174,1620395999999,120880457.03471,24696,912.025,52087789.53354,0
1620396000000,57050.80,57154.80,56725.66,56952.00,4673.868,1620396899999,265998811.65400,45690,2225.694,126698860.55142,0
1620396900000,56952.00,57119.63,56938.55,56986.00,2173.014,1620397799999,123944126.19181,23390,1132.747,64613114.81116,0
1620397800000,56985.99,57248.93,56900.00,57101.01,2231.844,1620398699999,127450179.24349,26727,1135.267,64839038.39405,0
1620398700000,57101.01,57207.66,57030.00,57166.57,1373.159,1620399599999,78425449.39867,18539,683.321,39026675.85667,0
1620399600000,57166.56,57500.00,57083.28,57489.76,3152.285,1620400499999,180660432.82039,34479,1771.010,101514345.75035,0
1620400500000,57489.76,57500.00,57269.59,57356.95,1914.208,1620401399999,109800479.53545,24344,893.572,51257708.28657,0
1620401400000,57356.95,57426.38,57151.09,57399.00,1730.449,1620402299999,99109178.57112,21469,791.252,45328123.01940,0
1620402300000,57399.00,57659.98,57324.56,57558.06,3460.995,1620403199999,198994159.12675,37941,1771.760,101875030.22059,0
1620403200000,57558.07,58062.60,57168.30,57888.54,7532.972,1620404099999,434473795.87265,76548,3967.467,228853910.22575,0
1620404100000,57888.52,58060.04,57555.00,57613.55,5141.536,1620404999999,297365080.44477,54377,2356.063,136286803.83529,0
1620405000000,57613.55,57870.31,57552.82,57754.91,3418.468,1620405899999,197345135.12046,33192,2007.303,115905481.35806,0
1620405900000,57754.92,58386.34,57670.21,58375.54,6376.286,1620406799999,370382345.17497,61277,3477.780,202066364.73843,0
1620406800000,58375.55,58800.00,58370.88,58530.29,9304.751,1620407699999,545370557.72134,95373,4791.890,280892636.95763,0
1620407700000,58530.29,58539.10,58265.22,58395.12,4229.582,1620408599999,246895345.50508,41406,1988.349,116069061.70652,0
1620408600000,58395.12,58440.32,58010.00,58198.22,2904.932,1620409499999,169216555.38191,32160,1183.373,68966730.75668,0
1620409500000,58198.22,58268.30,58116.40,58208.83,1741.741,1620410399999,101350060.32930,19428,935.116,54416547.53852,0
1620410400000,58208.84,58222.46,57710.00,57888.00,4976.850,1620411299999,288209259.55619,46567,2030.358,117554868.16143,0
1620411300000,57888.00,58078.00,57806.03,58073.44,2153.525,1620412199999,124832334.93787,23313,1309.155,75894010.15057,0
1620412200000,58073.43,58191.78,57932.92,57959.29,2284.811,1620413099999,132662912.10395,23571,1064.615,61830369.00300,0
1620413100000,57959.30,58169.77,57883.90,57960.01,1411.086,1620413999999,81871378.31877,18222,717.868,41663232.96124,0
1620414000000,57960.01,58066.80,57838.58,57915.00,1635.822,1620414899999,94783791.55762,18931,747.182,43298879.52619,0
1620414900000,57915.00,57916.70,57547.50,57708.19,3466.585,1620415799999,199954897.85687,34735,1372.872,79192874.54262,0
1620415800000,57708.19,57767.72,57515.15,57683.99,2442.496,1620416699999,140873898.92890,24447,1092.810,63037918.51450,0
1620416700000,57683.99,57730.28,57533.87,57670.62,1595.380,1620417599999,91951015.97322,17915,745.995,42997357.45399,0
1620417600000,57670.63,58126.00,57670.63,58094.11,3522.636,1620418499999,204103164.71587,35059,2064.062,119570068.68362,0
1620418500000,58094.11,58104.79,57733.20,57795.95,1774.390,1620419399999,102704680.49312,21494,752.040,43537857.59512,0
1620419400000,57795.95,57862.60,57629.00,57682.87,1591.637,1620420299999,91891825.46693,20389,743.159,42912865.57783,0
1620420300000,57682.87,57786.10,57425.35,57685.79,2185.565,1620421199999,125825379.89470,26570,988.655,56928208.30664,0
1620421200000,57685.78,57698.90,57426.89,57444.83,1638.008,1620422099999,94220596.12391,20286,730.520,42025648.93043,0
1620422100000,57447.11,57540.00,57153.33,57451.47,3392.326,1620422999999,194491677.73853,35822,1484.195,85120843.27800,0
1620423000000,57452.85,57690.20,57436.93,57621.33,1522.934,1620423899999,87663349.63197,20389,798.886,45990652.99457,0
1620423900000,57621.34,57625.68,57330.00,57435.42,1238.284,1620424799999,71143900.76126,16918,543.306,31215303.47532,0
1620424800000,57435.42,57636.59,57262.69,57293.94,1546.799,1620425699999,88879051.68564,18764,839.500,48242718.56290,0
1620425700000,57293.46,57453.99,56951.11,57111.44,3938.185,1620426599999,225301449.05481,40444,1800.680,103077832.51482,0
1620426600000,57111.44,57237.64,56969.52,56998.92,2300.927,1620427499999,131392568.84533,24399,1179.626,67370424.20094,0
1620427500000,56998.92,57160.00,56820.00,57096.62,2088.622,1620428399999,119065268.16332,24496,970.152,55322915.09543,0
1620428400000,57096.61,57345.00,57084.67,57343.16,1443.955,1620429299999,82633153.36690,19235,867.595,49651779.02064,0
1620429300000,57343.16,57348.48,57142.40,57343.64,1455.846,1620430199999,83346098.73477,17372,635.800,36405531.47645,0
1620430200000,57343.64,57442.10,57230.02,57290.81,1755.824,1620431099999,100690104.08342,18768,903.443,51817494.86951,0
1620431100000,57285.63,57432.42,57272.28,57350.88,1143.588,1620431999999,65603289.41385,13355,626.678,35952909.30959,0
1620432000000,57350.89,57633.00,56961.25,57109.01,3825.447,1620432899999,219250817.29833,39854,1793.382,102806352.44360,0
1620432900000,57109.00,57529.68,57109.00,57332.15,2157.579,1620433799999,123792677.03798,26121,1128.732,64758351.11182,0
1620433800000,57333.09,57621.51,57332.15,57513.63,1659.214,1620434699999,95421433.04078,19730,943.464,54255501.20016,0
1620434700000,57512.47,57811.73,57492.21,57742.62,2264.771,1620435599999,130663712.88795,25587,1344.926,77592243.54042,0
1620435600000,57742.61,57770.05,57601.47,57651.23,1198.372,1620436499999,69096460.04214,16926,558.329,32194147.45985,0
1620436500000,57651.22,57651.23,57551.00,57580.20,1011.076,1620437399999,58234149.31608,13619,439.635,25322563.99653,0
1620437400000,57580.19,57863.90,57483.00,57832.99,1543.498,1620438299999,89029903.54314,18256,865.116,49916311.21574,0
1620438300000,57832.99,57832.99,57593.18,57612.65,1252.344,1620439199999,72255278.30407,15859,533.671,30790521.30880,0
1620439200000,57612.64,57778.61,57550.00,57698.40,994.016,1620440099999,57314536.28399,16012,485.788,28014201.94537,0
1620440100000,57698.40,57776.81,57580.59,57656.61,1451.981,1620440999999,83733100.98174,16296,890.724,51364105.27585,0
1620441000000,57656.60,58050.00,57655.00,58017.21,2029.609,1620441899999,117472881.06288,24950,1149.778,66554233.12544,0
1620441900000,58018.10,58387.44,57901.03,58309.80,3673.333,1620442799999,213746867.92753,41179,1969.195,114576994.73304,0
1620442800000,58309.80,58476.67,58300.00,58339.45,2099.952,1620443699999,122595199.21977,27744,1015.720,59305295.14441,0
1620443700000,58339.46,58346.37,58112.82,58124.16,2028.146,1620444599999,118076272.89925,23081,847.517,49347490.92856,0
1620444600000,58124.16,58316.31,58035.50,58220.01,2197.401,1620445499999,127817827.10265,22335,1319.087,76744342.27516,0
1620445500000,58219.66,58282.39,58057.00,58172.21,1306.453,1620446399999,75972087.13107,16484,656.537,38178704.71809,0
1620446400000,58172.21,58248.98,58006.85,58225.04,1592.631,1620447299999,92552045.17734,18593,827.121,48081471.65946,0
1620447300000,58225.04,58688.00,58163.74,58399.08,4474.458,1620448199999,261720936.08878,44133,2282.318,133492790.84526,0
1620448200000,58397.93,58467.59,58261.35,58286.84,1655.394,1620449099999,96581923.52066,19881,763.431,44546152.48175,0
1620449100000,58286.84,58290.00,58060.72,58114.07,1996.640,1620449999999,116089978.97969,22503,984.225,57227558.10908,0
1620450000000,58114.08,58130.09,57924.66,58007.46,2017.020,1620450899999,117004617.62992,23402,971.004,56333551.54648,0
1620450900000,58007.45,58046.00,57850.50,57978.15,1699.652,1620451799999,98514466.13668,18148,839.952,48697122.88410,0
1620451800000,57971.96,58026.49,57871.21,57874.41,1221.858,1620452699999,70811787.27701,14839,581.411,33698875.66150,0
1620452700000,57874.40,58065.00,57874.40,57947.14,1528.413,1620453599999,88612250.87733,17160,790.198,45814045.03048,0
1620453600000,57940.87,58027.00,57751.90,57822.82,1847.968,1620454499999,106959465.14192,21928,739.874,42832302.36273,0
1620454500000,57822.82,57834.32,57637.00,57826.37,2046.086,1620455399999,118162251.67546,22660,963.004,55621847.48239,0
1620455400000,57826.38,57827.19,57518.47,57789.06,2496.406,1620456299999,144011733.16569,25859,1035.072,59731113.59568,0
1620456300000,57789.27,57866.01,57675.01,57863.03,1372.792,1620457199999,79314108.77652,16628,771.320,44565938.86721,0
1620457200000,57863.03,57863.03,57660.25,57801.39,1793.801,1620458099999,103592291.02020,20213,815.865,47115215.70924,0
1620458100000,57801.77,58151.90,57763.01,58105.40,2983.593,1620458999999,172945117.67175,29170,1683.749,97601214.42261,0
1620459000000,58101.10,58350.58,58060.09,58224.25,2718.614,1620459899999,158260050.20177,29160,1493.154,86925178.46699,0
1620459900000,58224.24,58589.36,58215.32,58500.00,4971.606,1620460799999,290670823.13202,47804,2621.532,153259225.45883,0
1620460800000,58500.00,59137.01,58499.99,59055.91,11793.787,1620461699999,694404465.85834,117948,6291.109,370437858.68594,0
1620461700000,59055.91,59469.53,59029.51,59226.24,9257.288,1620462599999,548692012.50375,100290,4726.934,280186873.80407,0
1620462600000,59226.23,59394.21,59061.14,59147.60,4146.864,1620463499999,245617492.58973,46829,1890.518,111979161.33916,0
1620463500000,59143.01,59143.01,58845.68,58958.01,4080.670,1620464399999,240706090.45490,41848,1806.374,106561691.19330,0
1620464400000,58958.00,59084.30,58723.00,58742.31,3688.644,1620465299999,217174562.80073,38916,1487.220,87588077.15060,0
1620465300000,58742.31,59264.78,58742.30,59156.00,4643.498,1620466199999,274018348.46283,42140,3037.658,179242329.14030,0
1620466200000,59156.00,59157.82,58830.57,58842.22,2446.993,1620467099999,144211651.92257,29561,1136.568,66970646.48229,0
1620467100000,58840.84,58930.85,58735.00,58872.42,1789.542,1620467999999,105283900.45684,23205,911.168,53615425.57096,0
1620468000000,58872.42,58872.42,58665.07,58721.48,1822.445,1620468899999,107132796.47105,22142,766.709,45082263.33138,0
1620468900000,58721.49,58871.00,58687.60,58854.96,1738.170,1620469799999,102170024.63975,19379,981.938,57725169.98129,0
1620469800000,58854.96,58949.00,58466.00,58466.78,3554.426,1620470699999,208644781.54768,35097,1442.593,84727754.25493,0
1620470700000,58466.77,58640.35,58332.00,58599.20,3555.221,1620471599999,208009005.68455,36269,1597.819,93513593.92406,0
1620471600000,58599.20,58678.76,58538.35,58628.82,1398.092,1620472499999,81954301.86037,18575,701.145,41103774.03733,0
1620472500000,58628.82,58669.00,58454.49,58625.00,1791.507,1620473399999,104937165.02587,20535,825.754,48376632.47554,0
1620473400000,58625.00,58698.65,58416.56,58647.01,1808.908,1620474299999,105991612.06307,21885,894.542,52421524.59864,0
1620474300000,58647.01,58842.41,58563.10,58593.08,2273.970,1620475199999,133495617.94310,26782,1178.136,69170387.80365,0
1620475200000,58593.08,58642.51,58238.53,58387.31,3583.143,1620476099999,209328220.45301,37775,1551.165,90633194.49393,0
1620476100000,58387.31,58588.00,58358.33,58584.54,1320.473,1620476999999,77237152.42623,19107,715.135,41829092.77621,0
1620477000000,58576.57,58799.00,58465.00,58667.46,2599.913,1620477899999,152456040.15933,29555,1370.751,80377859.91181,0
1620477900000,58667.46,59146.09,58651.89,58900.00,4500.553,1620478799999,265057173.58855,49393,2460.307,144906639.91207,0
1620478800000,58901.11,59078.55,58730.24,58979.03,2691.804,1620479699999,158584551.63278,33829,1266.223,74606406.75499,0
1620479700000,58979.04,59262.06,58959.05,59258.91,2968.896,1620480599999,175493772.14487,39449,1602.163,94716521.99214,0
1620480600000,59260.41,59513.69,59090.00,59385.81,5261.356,1620481499999,312154054.93321,59669,2779.009,164943435.54562,0
1620481500000,59385.80,59429.97,58906.90,58933.84,5261.504,1620482399999,311157868.48265,58361,2203.288,130312741.89462,0
1620482400000,58931.76,59059.04,58719.97,58804.30,3921.321,1620483299999,230841432.39416,46245,1888.586,111202344.55463,0
1620483300000,58804.29,58876.54,58671.21,58783.32,2191.396,1620484199999,128852955.57691,25036,1106.115,65050465.09982,0
1620484200000,58783.33,59144.70,58778.16,59011.99,2907.290,1620485099999,171462185.09341,34562,1558.279,91905531.84076,0
1620485100000,59009.76,59114.89,58908.97,59016.11,1699.452,1620485999999,100327271.55491,22502,770.313,45478685.89496,0
1620486000000,59016.60,59022.32,58600.00,58722.24,2832.474,1620486899999,166497865.11213,33061,1016.523,59760731.23177,0
1620486900000,58722.24,58776.89,58556.89,58742.76,2306.349,1620487799999,135292196.09071,28681,1160.141,68063423.17319,0
1620487800000,58742.77,58779.57,58380.03,58548.06,3387.553,1620488699999,198341486.28654,39504,1495.381,87562763.46107,0
1620488700000,58548.06,58549.97,57529.94,57660.76,13914.577,1620489599999,807039753.32553,132226,5757.702,333857539.53693,0
1620489600000,57660.76,58267.88,57660.76,58198.63,7801.044,1620490499999,452621384.46153,84434,4050.851,235006982.78333,0
1620490500000,58198.62,58461.73,58020.23,58194.46,5177.630,1620491399999,301504625.94101,50440,2877.782,167593895.67661,0
1620491400000,58195.23,58271.00,58075.26,58208.06,1998.611,1620492299999,116258321.24745,24985,939.893,54680437.25660,0
1620492300000,58208.06,58576.94,58109.13,58441.63,3364.275,1620493199999,196370811.74639,37146,1830.069,106831218.31014,0
1620493200000,58441.63,59059.66,58210.00,58941.00,5920.034,1620494099999,347471402.98167,62797,3131.825,183807317.86622,0
1620494100000,58941.00,59110.32,58757.69,58777.03,3234.399,1620494999999,190625369.89915,35698,1436.571,84683362.18843,0
1620495000000,58777.03,58970.50,58714.00,58869.60,2378.726,1620495899999,139957386.38619,24969,1128.636,66414130.47990,0
1620495900000,58869.59,59047.14,58811.90,58994.76,1760.668,1620496799999,103767083.54094,19657,970.891,57226713.78133,0
1620496800000,58994.75,59243.72,58994.75,59072.97,2790.199,1620497699999,164932027.46583,33047,1436.995,84943050.09685,0
1620497700000,59072.97,59342.00,59000.36,59164.95,2583.725,1620498599999,152900882.68179,30522,1338.977,79252453.16492,0
1620498600000,59164.94,59353.22,59065.46,59226.49,1935.516,1620499499999,114606578.24077,24243,923.098,54668801.29531,0
1620499500000,59226.49,59243.45,59058.27,59132.33,1717.126,1620500399999,101558403.17743,20367,709.425,41960965.78241,0
1620500400000,59132.34,59397.00,59028.93,59363.64,1904.284,1620501299999,112775019.93896,22913,977.761,57931806.67820,0
1620501300000,59363.64,59363.68,59068.70,59199.45,1999.738,1620502199999,118321611.38264,22864,880.703,52111687.85481,0
1620502200000,59199.45,59271.00,59055.00,59086.72,1338.495,1620503099999,79220521.81142,17717,616.256,36480417.61568,0
1620503100000,59086.73,59185.68,58955.03,59097.42,1875.161,1620503999999,110749873.18879,22350,812.080,47976903.57002,0
1620504000000,59097.41,59169.87,58812.64,59038.64,2173.097,1620504899999,128160638.65459,24940,961.229,56703309.55966,0
1620504900000,59038.63,59580.00,58979.94,59530.80,3989.448,1620505799999,236874034.99461,44955,2512.264,149182538.78185,0
1620505800000,59530.81,59590.96,59050.29,59071.07,3194.210,1620506699999,189194395.84006,35393,1489.690,88224407.15154,0
1620506700000,59071.06,59143.98,58839.32,58991.34,1867.451,1620507599999,110158113.41672,23124,875.329,51641141.00660,0
1620507600000,58991.34,59051.19,58842.72,58976.63,1557.634,1620508499999,91840235.36725,20454,801.077,47234510.40772,0
1620508500000,58976.63,58987.82,58702.18,58869.99,1945.341,1620509399999,114498586.91411,24519,794.945,46798295.23642,0
1620509400000,58870.00,59131.54,58851.33,59019.50,1487.836,1620510299999,87795560.63678,20624,916.191,54063000.12047,0
1620510300000,59019.49,59105.06,58777.90,58826.26,1270.279,1620511199999,74820026.05101,17586,558.399,32893995.14284,0
1620511200000,58826.27,58912.79,58756.00,58828.00,934.352,1620512099999,54983356.64475,15116,512.271,30148879.05386,0
1620512100000,58831.67,59172.73,58800.00,59006.53,1512.776,1620512999999,89303860.30863,20332,742.787,43845682.54786,0
1620513000000,59006.54,59006.54,58546.92,58769.01,3180.690,1620513899999,186760605.17342,34075,1435.078,84254641.44811,0
1620513900000,58769.00,58788.19,58551.99,58628.30,1340.912,1620514799999,78697141.90106,17691,588.227,34524215.53706,0
1620514800000,58628.30,58826.03,58591.37,58675.55,999.737,1620515699999,58685233.76074,15497,511.525,30030510.90379,0
1620515700000,58675.56,58739.56,58586.13,58648.56,853.759,1620516599999,50071611.25740,13483,388.737,22800292.25592,0
1620516600000,58648.55,58760.00,58542.29,58654.27,1117.285,1620517499999,65530409.36503,16329,504.194,29574078.75335,0
1620517500000,58654.27,58972.79,58579.18,58924.98,1454.088,1620518399999,85466719.82682,18795,864.881,50843078.33655,0
1620518400000,58926.36,59100.00,58757.50,58868.64,2226.798,1620519299999,131225510.11022,26927,1090.017,64242689.99337,0
1620519300000,58868.63,59165.73,58819.53,59040.00,1803.186,1620520199999,106418125.15178,21086,981.914,57950659.47926,0
1620520200000,59040.01,59111.82,58927.00,58960.72,1435.735,1620521099999,84725739.07550,15524,670.668,39579121.87240,0
1620521100000,58960.73,58999.99,58582.60,58617.30,1936.728,1620521999999,113783759.36557,21014,833.968,48986711.65585,0
1620522000000,58617.30,58742.00,58436.40,58689.75,2196.381,1620522899999,128691941.27647,24183,1072.559,62861187.97923,0
1620522900000,58689.76,58710.90,58409.10,58468.25,2155.638,1620523799999,126211072.05174,21882,912.499,53430919.80376,0
1620523800000,58468.24,59229.27,58412.00,59168.11,6123.704,1620524699999,360333196.36345,45843,3779.646,222475663.25759,0
1620524700000,59168.10,59335.19,59066.99,59230.23,3230.681,1620525599999,191246725.01437,32897,1594.351,94393798.21583,0
1620525600000,59231.00,59246.89,59038.54,59136.00,1779.262,1620526499999,105226811.26605,20703,832.137,49215437.17431,0
1620526500000,59136.00,59139.29,58819.01,58856.59,1885.882,1620527399999,111214356.52313,23665,685.341,40419211.68353,0
1620527400000,58856.16,58893.88,58573.00,58632.50,2486.752,1620528299999,145974901.35218,28835,1097.075,64391759.95110,0
1620528300000,58632.50,58740.00,58583.84,58661.47,1843.928,1620529199999,108199835.50875,21052,890.558,52256858.09666,0
1620529200000,58661.48,58892.55,58610.00,58843.46,2095.312,1620530099999,123079758.69345,24260,1044.184,61346909.41378,0
1620530100000,58842.89,59050.00,58813.79,58999.99,2436.301,1620530999999,143591640.64902,27256,1099.983,64832271.84545,0
1620531000000,58999.99,59055.90,58615.71,58860.64,3142.182,1620531899999,184973846.18823,33672,1374.177,80895354.76781,0
1620531900000,58860.64,59056.00,58509.95,58651.17,4802.435,1620532799999,282027336.80097,44874,2386.212,140150126.59707,0
1620532800000,58651.16,58909.65,58142.23,58157.98,5635.981,1620533699999,329750062.85613,55472,2296.490,134466681.09728,0
1620533700000,58155.41,58449.27,57820.00,58440.98,8696.933,1620534599999,505670745.98985,90904,4143.269,240991687.22308,0
1620534600000,58440.99,58462.55,57952.61,58156.26,3705.495,1620535499999,215647031.61370,45512,1738.866,101190897.53791,0
1620535500000,58154.91,58267.04,58044.00,58213.17,2029.281,1620536399999,118027210.75745,22683,1024.790,59608162.72763,0
1620536400000,58217.73,58414.63,58010.00,58301.38,2351.887,1620537299999,137015457.78109,27525,1228.686,71583889.79078,0
1620537300000,58301.37,58467.90,58293.62,58459.16,1266.133,1620538199999,73937327.05237,14887,725.931,42391981.79696,0
1620538200000,58458.15,58468.80,58256.90,58380.00,1631.262,1620539099999,95231026.27351,18268,784.288,45787756.80660,0
1620539100000,58379.99,58625.41,58304.01,58491.19,1628.820,1620539999999,95285815.98428,19080,791.633,46311970.40608,0
1620540000000,58491.19,58600.00,58432.00,58490.00,1326.864,1620540899999,77631113.51558,14988,709.108,41485404.07779,0
1620540900000,58490.01,58620.00,58485.65,58537.33,958.563,1620541799999,56125934.61665,12963,508.954,29800983.20178,0
1620541800000,58537.33,58576.86,58400.74,58474.15,1149.276,1620542699999,67221055.03869,14835,550.090,32177829.59431,0
1620542700000,58474.15,58524.37,58290.71,58401.35,1659.706,1620543599999,96957091.43326,18876,782.619,45726864.28983,0
1620543600000,58401.36,58419.96,58196.95,58217.82,1636.046,1620544499999,95352743.74899,19322,690.612,40249214.05918,0
1620544500000,58217.82,58272.17,57970.00,58110.50,2607.400,1620545399999,151527271.87575,27214,1071.211,62264668.90200,0
1620545400000,58110.50,58120.78,57888.00,57926.23,3140.157,1620546299999,182149822.09875,30936,1573.841,91301654.38317,0
1620546300000,57926.23,58096.46,57731.37,57997.20,2837.763,1620547199999,164438522.39675,30643,1409.426,81707852.47824,0
1620547200000,57997.21,58059.08,57868.76,57967.39,1529.996,1620548099999,88702973.63152,20367,745.895,43247165.86859,0
1620548100000,57967.38,58181.60,57870.06,58153.38,2141.289,1620548999999,124239558.44052,22361,1121.371,65080794.36018,0
1620549000000,58153.38,58250.00,58101.53,58132.01,1492.328,1620549899999,86826758.25301,19047,708.389,41215857.50371,0
1620549900000,58132.01,58308.30,58062.89,58212.10,1631.176,1620550799999,94947521.20518,18090,852.252,49613619.96460,0
1620550800000,58211.60,58284.64,58010.98,58031.06,1649.631,1620551699999,95896235.95805,19613,719.069,41806303.31170,0
1620551700000,58035.57,58437.02,57971.04,58257.13,2876.511,1620552599999,167646747.12915,28756,1517.851,88468918.12428,0
1620552600000,58257.12,58275.95,57643.04,57924.41,5448.820,1620553499999,315478702.30687,52139,2411.900,139670928.13225,0
1620553500000,57924.41,58125.58,57842.32,58004.25,2520.888,1620554399999,146239357.87008,25192,1172.735,68029590.99484,0
1620554400000,58004.24,58007.15,57688.64,57713.87,2562.006,1620555299999,148176078.09347,30276,1125.003,65071595.95554,0
1620555300000,57713.87,57888.00,57600.01,57862.19,3098.608,1620556199999,178927988.68878,31517,1561.863,90202332.29583,0
1620556200000,57862.18,57943.28,57750.70,57929.10,1530.440,1620557099999,88547146.16298,18900,665.515,38508147.87181,0
1620557100000,57929.10,58113.38,57926.76,58027.03,2074.485,1620557999999,120368353.12241,21093,960.669,55743482.94677,0
1620558000000,58027.02,58147.19,57950.00,58115.04,1525.699,1620558899999,88580607.24212,18635,815.621,47357939.93852,0
1620558900000,58115.03,58202.64,57980.00,58101.32,1594.754,1620559799999,92646064.66274,18405,836.133,48579408.65306,0
1620559800000,58101.32,58285.64,58064.36,58175.18,2214.573,1620560699999,128896941.22167,24334,1150.444,66962899.68249,0
1620560700000,58175.62,58225.00,57975.00,57975.01,1854.073,1620561599999,107706441.13536,20512,847.415,49235533.82352,0
1620561600000,57975.00,58077.21,57200.00,57303.18,8551.765,1620562499999,492262758.89278,86874,3446.539,198430445.48080,0
1620562500000,57303.19,57417.00,56808.15,56996.42,11632.121,1620563399999,664167221.93525,115837,5589.149,319213214.08685,0
1620563400000,56996.41,57282.80,56918.69,57193.84,5785.493,1620564299999,330399196.16952,51550,3359.762,191870522.53111,0
1620564300000,57193.85,57219.58,56316.00,56523.14,9739.865,1620565199999,552599243.54595,89567,4083.632,231752657.46198,0
1620565200000,56523.14,57052.84,56495.00,57016.65,7091.513,1620566099999,402817816.64714,63706,3952.033,224437225.50154,0
1620566100000,57014.11,57100.00,56875.00,56907.85,2913.648,1620566999999,166072618.29865,29476,1171.309,66773119.13072,0
1620567000000,56907.86,57152.56,56855.94,57117.11,2862.314,1620567899999,163285709.30068,28623,1578.920,90088305.43075,0
1620567900000,57117.11,57475.32,57115.00,57284.00,4441.761,1620568799999,254289544.75005,35124,2453.878,140512335.27452,0
1620568800000,57284.01,57529.81,57284.00,57330.67,4196.364,1620569699999,240867507.80969,36647,2184.393,125390397.28151,0
1620569700000,57330.84,57461.77,57222.92,57375.00,2318.655,1620570599999,132976823.23119,24224,1023.221,58687177.87290,0
1620570600000,57375.00,57433.00,57237.95,57329.37,1737.098,1620571499999,99589303.44352,18421,820.236,47023470.71357,0
1620571500000,57329.37,57460.00,57214.82,57244.60,2200.601,1620572399999,126167525.56039,23626,1036.246,59416274.95619,0
1620572400000,57244.62,57389.00,57069.00,57258.30,2358.554,1620573299999,135053731.86248,26068,1082.313,61992827.13185,0
1620573300000,57258.30,57456.20,57256.23,57409.47,1445.594,1620574199999,82955025.68978,17563,910.457,52246799.35227,0
1620574200000,57409.48,57472.99,57265.00,57350.01,1337.805,1620575099999,76747437.33987,17444,644.500,36975386.53087,0
1620575100000,57350.01,57504.71,57350.01,57461.83,1597.563,1620575999999,91762082.15778,18124,881.578,50637050.67592,0
1620576000000,57461.84,57679.81,57388.66,57634.97,3237.265,1620576899999,186397550.01559,33670,1716.862,98854039.01204,0
1620576900000,57634.98,57950.00,57629.73,57707.53,3540.241,1620577799999,204585790.94610,38949,1790.139,103451224.17805,0
1620577800000,57707.53,57725.88,57580.05,57651.91,1505.710,1620578699999,86804526.45042,17767,708.329,40837170.10045,0
1620578700000,57651.90,57795.39,57526.00,57651.27,1556.848,1620579599999,89731735.66456,17486,826.932,47667838.82639,0
1620579600000,57651.27,57717.55,57445.46,57550.37,2027.021,1620580499999,116711142.38408,21225,930.747,53592171.02368,0
1620580500000,57550.37,57589.02,57417.84,57507.35,1437.670,1620581399999,82671475.48393,15960,608.324,34982833.43454,0
1620581400000,57507.34,57617.93,57360.34,57430.00,1355.613,1620582299999,77890772.96663,17479,649.788,37339106.82989,0
1620582300000,57429.99,57559.76,57397.85,57539.10,844.827,1620583199999,48563619.97352,10818,471.380,27097611.82434,0
1620583200000,57539.09,57731.00,57461.85,57583.36,1461.162,1620584099999,84158649.46010,16422,766.290,44134790.05036,0
1620584100000,57583.37,57607.99,57430.00,57547.02,921.820,1620584999999,53035944.96004,14043,426.104,24516668.63998,0
1620585000000,57547.01,57626.64,57266.11,57404.79,1721.859,1620585899999,98837491.47844,22395,782.156,44899051.69742,0
1620585900000,57404.78,57618.88,57353.55,57516.70,948.335,1620586799999,54550119.73493,13544,491.572,28278342.84917,0
1620586800000,57516.71,57650.00,57447.81,57548.42,1031.850,1620587699999,59384815.51008,14505,488.562,28116299.12730,0
1620587700000,57548.43,57621.00,57085.95,57210.34,2411.068,1620588599999,138136538.77089,26036,1044.308,59847865.65929,0
1620588600000,57210.34,57503.39,57188.77,57205.50,1511.695,1620589499999,86700018.69070,20472,777.140,44571323.25570,0
1620589500000,57205.50,57432.09,57160.00,57343.03,1160.906,1620590399999,66521101.38881,16309,657.009,37645260.09852,0
1620590400000,57343.03,57962.00,57255.60,57941.22,3528.690,1620591299999,203675115.85178,42173,1931.517,111499038.45035,0
1620591300000,57938.43,57938.44,57700.37,57700.97,1608.274,1620592199999,92940615.45683,18948,747.654,43202680.52672,0
1620592200000,57700.97,57988.95,57665.32,57821.03,1948.835,1620593099999,112714365.15829,20917,1035.224,59878225.37286,0
1620593100000,57821.04,57960.73,57785.91,57885.90,1211.054,1620593999999,70069123.69320,15937,647.286,37453052.88922,0
1620594000000,57885.90,58048.03,57839.55,58000.01,2633.997,1620594899999,152628397.59432,26623,1270.213,73616565.39665,0
1620594900000,58000.00,58006.00,57824.97,57864.00,1150.324,1620595799999,66602891.91740,17255,462.711,26788757.18747,0
1620595800000,57864.00,58149.99,57846.36,58034.69,1686.029,1620596699999,97843231.33222,25214,840.654,48783325.45091,0
1620596700000,58034.69,58189.00,58010.00,58045.87,1367.869,1620597599999,79463351.33317,19487,731.205,42481924.72308,0
1620597600000,58045.87,58199.00,57960.72,58092.68,1641.834,1620598499999,95365801.66591,20437,749.432,43538093.43141,0
1620598500000,58092.69,58263.68,58074.25,58154.42,1825.249,1620599399999,106170964.82755,21155,1028.588,59834957.47761,0
1620599400000,58152.34,58256.07,57966.13,57989.38,1533.511,1620600299999,89156295.77802,18255,664.420,38637265.81689,0
1620600300000,57989.39,58196.65,57911.20,57981.95,2129.200,1620601199999,123570069.04051,21613,848.604,49256924.59715,0
1620601200000,57983.79,58215.86,57983.79,58071.41,1342.422,1620602099999,78040395.58041,15473,670.238,38957735.26920,0
1620602100000,58071.42,58387.85,58009.75,58291.92,1882.848,1620602999999,109588331.62330,21297,1112.457,64747941.64951,0
1620603000000,58291.93,58472.55,58273.53,58322.80,2605.836,1620603899999,152096812.24363,26623,1260.424,73567511.78749,0
1620603900000,58322.80,58348.40,58171.58,58292.53,1385.689,1620604799999,80695113.82116,16262,704.240,41010751.94009,0
1620604800000,58292.53,58430.00,58125.57,58191.99,2358.815,1620605699999,137430147.57991,22983,1123.845,65483235.89501,0
1620605700000,58191.02,58358.19,58088.88,58200.00,1634.660,1620606599999,95144385.94259,18144,825.672,48065203.82235,0
1620606600000,58199.99,58610.00,58187.25,58578.00,2020.977,1620607499999,118079493.76074,24056,1139.891,66607075.79222,0
1620607500000,58578.00,58946.74,58524.01,58913.17,3508.067,1620608399999,206114096.19048,37115,2009.986,118113036.34843,0
1620608400000,58913.17,59059.09,58739.69,58849.49,3722.418,1620609299999,219274943.24979,36188,1665.557,98128132.64201,0
1620609300000,58848.99,58870.68,58731.89,58758.22,1296.313,1620610199999,76214978.91691,14576,615.779,36206031.07735,0
1620610200000,58758.22,58798.40,58688.74,58717.44,1074.754,1620611099999,63117849.30607,12872,580.119,34070124.88927,0
1620611100000,58715.18,59071.83,58710.42,58762.89,2566.403,1620611999999,151143180.62280,23013,1485.930,87512540.69020,0
1620612000000,58762.89,59041.03,58762.88,58782.13,1730.597,1620612899999,101931031.39800,18699,910.821,53652788.18943,0
1620612900000,58780.91,58845.19,58728.64,58774.47,1256.352,1620613799999,73843648.97139,14024,676.656,39770167.86166,0
1620613800000,58774.47,58928.10,58761.77,58858.32,956.033,1620614699999,56243266.29365,13175,571.947,33647708.01898,0
1620614700000,58858.39,59181.20,58858.39,59063.32,2741.412,1620615599999,161853752.68389,29889,1437.776,84888080.75661,0
1620615600000,59063.32,59333.00,59003.21,59267.02,3115.536,1620616499999,184502273.92111,35687,1704.198,100927221.89086,0
1620616500000,59267.03,59394.52,59206.24,59391.27,2265.784,1620617399999,134345003.07503,24630,1155.850,68540626.38801,0
1620617400000,59389.38,59544.30,59237.92,59413.41,4038.496,1620618299999,239858322.37015,37987,2181.228,129567783.14108,0
1620618300000,59414.19,59487.75,59308.97,59428.55,1463.169,1620619199999,86918195.64671,18829,653.137,38798724.79039,0
1620619200000,59428.56,59654.00,59107.60,59146.52,4684.655,1620620099999,278367121.21568,46497,2230.045,132598237.22396,0
1620620100000,59146.51,59333.00,59121.19,59256.59,2736.659,1620620999999,162063068.55133,21735,1814.695,107455895.51922,0
1620621000000,59256.59,59458.30,59161.35,59407.09,2279.299,1620621899999,135149675.58515,21078,1196.007,70933824.76661,0
1620621900000,59407.09,59407.10,59244.00,59244.00,1456.861,1620622799999,86403551.77484,13831,624.251,37024818.06062,0
1620622800000,59244.00,59533.56,59241.28,59378.79,2217.329,1620623699999,131730130.50659,22563,1125.465,66861830.54904,0
1620623700000,59378.79,59425.21,58813.05,59021.18,3875.716,1620624599999,228939598.63757,37362,1652.331,97593426.95922,0
1620624600000,59024.18,59094.23,58800.00,58910.93,3468.031,1620625499999,204346411.42077,28849,1621.354,95545114.24145,0
1620625500000,58910.93,59150.24,58895.22,59149.55,1985.305,1620626399999,117176061.08274,18403,1135.962,67051284.44514,0
1620626400000,59149.55,59265.87,59004.09,59199.24,1945.754,1620627299999,115090789.69478,22556,982.264,58105597.30754,0
1620627300000,59195.18,59214.37,59001.00,59025.15,1828.134,1620628199999,108052848.29639,19056,710.743,42009705.72647,0
1620628200000,59025.14,59060.21,58900.00,59000.00,1851.463,1620629099999,109203325.97530,18529,898.510,52998634.38979,0
1620629100000,58999.99,59009.11,58825.00,58936.73,1471.907,1620629999999,86741940.80081,17048,754.466,44466212.51431,0
1620630000000,58936.72,59049.61,58738.20,58833.94,2138.881,1620630899999,125914821.30513,22619,982.210,57827033.02277,0
1620630900000,58833.01,58985.06,58832.28,58910.94,1270.812,1620631799999,74887072.69074,14690,715.762,42177570.36606,0
1620631800000,58910.93,58970.00,58760.00,58787.00,1401.381,1620632699999,82472209.90508,16447,663.160,39030831.88206,0
1620632700000,58787.47,58857.09,58418.56,58465.01,5299.813,1620633599999,310665478.49005,53284,2243.166,131514404.46794,0
1620633600000,58465.00,58676.88,58189.23,58308.22,7325.199,1620634499999,427716504.49376,72850,3379.574,197362093.41990,0
1620634500000,58308.22,58458.07,58120.00,58387.40,4553.508,1620635399999,265513543.14935,44099,2435.174,142032353.40121,0
1620635400000,58387.41,58574.97,58356.25,58529.70,2441.152,1620636299999,142737404.94081,23537,1328.880,77707727.74966,0
1620636300000,58529.71,58538.00,58421.65,58484.26,1528.384,1620637199999,89382761.64818,16054,637.209,37267540.54483,0
1620637200000,58484.26,58695.57,58360.00,58403.12,3025.632,1620638099999,177105466.81652,30630,1430.266,83741395.13083,0
1620638100000,58402.15,58450.42,58206.44,58227.14,2941.867,1620638999999,171560604.71440,28736,1333.162,77749215.07559,0
1620639000000,58227.14,58250.00,57865.00,57914.03,4928.491,1620639899999,286116460.11809,49582,1997.426,115964686.62518,0
1620639900000,57914.03,58182.82,57832.00,57990.00,3684.257,1620640799999,213781471.50570,36480,1908.342,110735130.61068,0
1620640800000,57990.00,58120.00,57755.00,57926.41,4044.717,1620641699999,234276322.67019,42166,1939.228,112340744.41631,0
1620641700000,57926.42,58256.00,57926.00,58255.99,1876.674,1620642599999,109072988.72285,21559,1106.838,64333321.52013,0
1620642600000,58256.00,58256.68,57953.98,58187.14,2102.507,1620643499999,122137907.10012,22536,951.344,55265866.74848,0
1620643500000,58187.14,58202.00,57623.58,57975.44,4859.642,1620644399999,281193003.75289,48236,2213.846,128128741.72112,0
1620644400000,57975.11,57978.95,57620.00,57638.29,3571.759,1620645299999,206376573.07905,36645,1706.757,98624945.81518,0
1620645300000,57638.29,57877.55,57446.09,57865.77,7944.930,1620646199999,457767857.45289,64198,3195.371,184233903.15634,0
1620646200000,57866.44,58300.00,57842.37,58263.59,4765.263,1620647099999,276804012.22104,48321,2539.679,147526555.75603,0
1620647100000,58263.59,58386.24,58063.69,58168.62,3159.232,1620647999999,183931640.67302,29443,1597.196,92991936.86156,0
1620648000000,58168.63,58299.00,57906.84,58100.42,3803.772,1620648899999,221064336.55874,34975,1849.498,107499653.80966,0
1620648900000,58100.42,58183.64,57600.00,57861.33,5702.659,1620649799999,330011279.03283,49333,2434.987,140933490.42914,0
1620649800000,57860.14,58274.63,57749.56,57974.14,4486.236,1620650699999,260375041.33033,42793,2313.083,134253678.32116,0
1620650700000,57974.15,57974.15,57570.36,57722.16,3749.727,1620651599999,216617178.16953,34877,1770.157,102270903.34446,0
1620651600000,57722.15,58007.24,57523.89,57944.93,3903.754,1620652499999,225540037.26028,38498,2083.440,120390301.52238,0
1620652500000,57944.93,57944.93,57614.50,57686.52,2428.696,1620653399999,140315838.99382,26898,1081.808,62503918.95640,0
1620653400000,57686.51,57946.97,57555.74,57945.28,2695.348,1620654299999,155666708.24096,28823,1360.777,78600250.24842,0
1620654300000,57943.84,57946.97,57600.00,57747.75,3022.244,1620655199999,174467521.20367,30377,1440.105,83128009.95569,0
1620655200000,57747.75,57747.75,57226.00,57667.03,8278.515,1620656099999,475679188.79685,71525,3220.815,185168004.24997,0
1620656100000,57667.03,57677.01,57326.74,57350.30,4754.364,1620656999999,273126610.00259,40538,1650.869,94862121.73803,0
1620657000000,57350.93,57605.73,57262.70,57584.00,3508.991,1620657899999,201528907.95603,36313,1845.064,105980557.51692,0
1620657900000,57583.99,57584.00,56841.75,56879.14,5248.163,1620658799999,300249257.50031,56435,1962.525,112373491.72538,0
1620658800000,56879.14,57376.34,56700.00,57244.07,8243.705,1620659699999,470773882.90148,84889,4070.029,232537534.86799,0
1620659700000,57244.06,57545.46,57203.95,57456.20,2751.451,1620660599999,158048684.86834,30358,1582.604,90906289.21329,0
1620660600000,57458.63,57495.60,57285.80,57371.10,2138.078,1620661499999,122716973.91646,24645,1023.134,58727952.24167,0
1620661500000,57366.81,58408.20,57321.37,58359.23,8100.088,1620662399999,469651786.17583,91285,4763.104,276158894.56017,0
1620662400000,58359.24,58671.01,58237.16,58342.63,9886.364,1620663299999,577932156.48702,105313,4966.648,290389989.55794,0
1620663300000,58342.63,58431.00,58079.59,58085.74,5569.603,1620664199999,324220711.37153,42692,3248.877,189144611.94358,0
1620664200000,58088.72,58164.00,57828.64,57918.78,3873.936,1620665099999,224630898.44352,36319,1448.639,84010556.13290,0
1620665100000,57918.77,57986.00,57666.37,57666.37,3048.554,1620665999999,176341350.72200,30201,1355.577,78441443.87828,0
1620666000000,57666.37,57728.00,57500.00,57629.01,4989.009,1620666899999,287486497.54278,40939,2770.787,159682822.30623,0
1620666900000,57629.02,57777.00,57400.00,57475.40,2532.694,1620667799999,145737681.19532,27239,1266.546,72900704.24732,0
1620667800000,57475.39,57582.05,57141.24,57287.21,3435.421,1620668699999,197042914.68414,35087,1386.143,79538598.56783,0
1620668700000,57287.20,57680.55,56905.00,57053.75,8444.570,1620669599999,483721961.42746,76245,3992.833,228922081.23950,0
1620669600000,57053.76,57251.93,56834.38,57128.00,3399.314,1620670499999,194034226.09131,39554,1699.940,97056677.09672,0
1620670500000,57127.99,57129.95,56600.21,56805.06,6442.394,1620671399999,366207275.05484,65414,3135.083,178252429.92509,0
1620671400000,56805.06,56979.22,56450.00,56854.21,6524.119,1620672299999,370128129.14800,62846,3114.730,176783454.72876,0
1620672300000,56854.21,57125.00,56601.00,56850.00,4104.249,1620673199999,233345276.15892,44269,2062.363,117275915.93233,0
1620673200000,56847.20,57058.57,56625.00,57040.15,3005.166,1620674099999,170711288.83792,31850,1505.543,85542790.32557,0
1620674100000,57040.14,57051.22,56531.44,56603.62,4654.104,1620674999999,263912760.68796,40510,1956.202,110939532.42149,0
1620675000000,56603.62,56808.91,56060.00,56126.93,7876.483,1620675899999,444124288.32402,80550,2923.854,164905786.82811,0
1620675900000,56126.20,56432.00,55600.00,55828.14,10651.480,1620676799999,595944776.23965,116166,4793.311,268229221.47009,0
1620676800000,55828.13,55828.14,53250.00,55006.02,28882.424,1620677699999,1578563727.89970,354790,11710.463,639677690.51451,0
1620677700000,55006.03,55344.92,54600.38,55090.29,9613.051,1620678599999,528918746.83109,108756,5244.050,288636019.13335,0
1620678600000,55093.01,55487.49,54809.32,55278.70,7668.185,1620679499999,423824309.31032,85405,3658.581,202290995.11533,0
1620679500000,55278.70,55314.99,54594.50,55271.00,10333.651,1620680399999,568730018.94465,105695,4594.606,252869754.02162,0
1620680400000,55270.99,55706.71,55056.01,55609.69,6057.579,1620681299999,336288472.29904,69555,3225.158,179067003.59606,0
1620681300000,55610.81,55617.99,55371.02,55409.61,2648.180,1620682199999,146904478.69559,36217,1157.516,64220955.63709,0
1620682200000,55408.57,55796.64,55387.50,55770.69,2222.379,1620683099999,123644385.80469,31705,1292.949,71927257.10167,0
1620683100000,55774.05,55830.78,55614.12,55684.75,2071.423,1620683999999,115390276.72869,29895,1071.247,59680843.71149,0
1620684000000,55684.74,55985.96,55566.66,55964.61,2635.454,1620684899999,147065219.98921,33391,1397.728,78023389.43718,0
1620684900000,55964.60,56040.54,55640.14,55815.59,2989.672,1620685799999,166963431.02374,33494,1462.537,81697315.29672,0
1620685800000,55815.58,55815.59,55431.01,55697.41,3232.900,1620686699999,179725197.26268,34021,1473.517,81924066.98101,0
1620686700000,55697.41,56280.61,55670.00,56274.82,4312.183,1620687599999,241785023.74730,43234,2576.904,144475292.20855,0
1620687600000,56273.44,56278.00,55763.04,55883.65,4322.228,1620688499999,242093259.39661,38554,1816.864,101777040.43331,0
1620688500000,55883.66,56026.11,55624.21,55727.11,3512.883,1620689399999,196160978.89952,37290,1520.458,84930307.36223,0
1620689400000,55727.10,56192.74,55546.55,55921.54,3960.330,1620690299999,221379801.87492,40770,1984.814,110972761.69413,0
1620690300000,55921.54,56045.49,55772.89,55869.67,2106.360,1620691199999,117763891.95943,22330,1080.573,60416030.93817,0
1620691200000,55869.41,56067.31,55550.00,55608.99,3959.284,1620692099999,220697784.00752,41397,1796.252,100148630.72999,0
1620692100000,55606.26,56500.00,55512.00,56430.65,4969.330,1620692999999,278586417.47954,51398,2691.536,150901301.81152,0
1620693000000,56430.65,56460.06,55992.00,56047.26,3166.126,1620693899999,177968019.89609,32952,1432.682,80532563.19946,0
1620693900000,56052.48,56127.26,55530.00,55539.00,3463.799,1620694799999,193112020.95929,35342,1538.729,85817669.68400,0
1620694800000,55539.00,55889.34,55135.61,55265.38,5840.366,1620695699999,324424553.42105,55884,2707.667,150543964.27789,0
1620695700000,55265.38,55669.27,55217.29,55394.83,4589.623,1620696599999,254526331.16727,40376,2356.221,130725555.04776,0
1620696600000,55394.83,55778.97,55293.86,55761.42,3681.275,1620697499999,204857833.67436,33370,2114.573,117666902.91141,0
1620697500000,55761.42,55769.97,55541.23,55631.48,1493.569,1620698399999,83115966.54567,17997,676.018,37621535.27160,0
1620698400000,55631.48,55678.00,55268.34,55561.83,3174.681,1620699299999,176061418.27410,30098,1664.860,92338138.79463,0
1620699300000,55561.84,55998.76,55561.84,55847.71,3421.619,1620700199999,190953972.44706,36895,1667.038,93035505.05366,0
1620700200000,55847.71,55880.00,55201.77,55388.93,3728.591,1620701099999,206708388.48474,34806,1670.038,92566026.99828,0
1620701100000,55389.21,55402.03,54577.07,54684.65,7983.831,1620701999999,438131578.23133,76877,3534.537,193955585.93868,0
1620702000000,54684.65,55050.78,54541.33,54820.89,4795.967,1620702899999,262917095.70654,47028,2512.676,137761752.23922,0
1620702900000,54820.89,54982.43,54645.60,54873.81,3459.144,1620703799999,189628962.60789,34866,1721.404,94388780.48322,0
1620703800000,54873.82,55250.00,54800.00,55190.82,3185.745,1620704699999,175439349.50557,33820,1691.587,93162445.09054,0
1620704700000,55190.81,55337.28,55010.00,55197.59,2112.409,1620705599999,116525118.46202,25624,1070.032,59026986.07760,0
1620705600000,55197.60,55486.14,55055.00,55388.44,2497.878,1620706499999,138134220.42043,30278,1330.165,73566360.68950,0
1620706500000,55388.45,55599.00,55370.85,55553.12,2101.900,1620707399999,116630596.30393,26156,1120.758,62194279.87538,0
1620707400000,55551.89,55569.53,55351.16,55383.90,2021.241,1620708299999,112059176.02002,22396,814.249,45146700.41637,0
1620708300000,55384.21,55464.77,55111.18,55397.04,2500.461,1620709199999,138262192.31292,26729,1171.010,64766325.51253,0
1620709200000,55397.05,55557.41,55138.00,55277.00,2463.988,1620710099999,136357468.97149,25821,1257.629,69607065.74360,0
1620710100000,55274.25,55449.00,55000.00,55155.52,2708.085,1620710999999,149480699.56577,26351,1300.818,71835522.91946,0
1620711000000,55155.53,55155.53,54620.72,54741.31,3360.641,1620711899999,184369434.35810,38764,1493.461,81941496.53488,0
1620711900000,54741.31,55187.80,54734.02,54842.63,2880.441,1620712799999,158350155.25248,31466,1612.792,88668739.02682,0
1620712800000,54845.69,55156.28,54778.39,55109.39,2216.614,1620713699999,121915029.62770,25620,1149.235,63214212.38019,0
1620713700000,55109.68,55287.04,55020.00,55199.89,1909.928,1620714599999,105411594.23097,22365,1019.717,56281610.62979,0
1620714600000,55199.89,55510.00,55199.89,55409.02,2175.791,1620715499999,120493449.13945,25065,1214.908,67279191.05621,0
1620715500000,55409.03,55837.67,55409.03,55718.16,3413.475,1620716399999,190037920.35035,35103,1911.961,106435580.51583,0
1620716400000,55718.16,55888.88,55580.00,55695.33,2538.197,1620717299999,141421203.61450,28671,1189.969,66312994.32050,0
1620717300000,55695.33,55826.22,55486.00,55567.89,1723.072,1620718199999,95833472.75424,21689,835.871,46495443.45729,0
1620718200000,55567.89,55700.00,55480.00,55514.53,1551.494,1620719099999,86209020.08050,20075,760.571,42267248.99757,0
1620719100000,55514.54,55857.34,55490.01,55792.83,1629.333,1620719999999,90694473.46917,21268,887.494,49406795.72349,0
1620720000000,55792.83,55914.00,55623.23,55680.00,2554.776,1620720899999,142474008.65892,30337,1268.303,70739208.23260,0
1620720900000,55680.01,55684.92,55317.87,55422.01,3393.219,1620721799999,188331916.27056,34112,1419.385,78798023.37812,0
1620721800000,55422.02,55564.55,55288.64,55452.45,2070.661,1620722699999,114802769.55047,27118,1062.966,58942548.82349,0
1620722700000,55452.45,55672.70,55224.00,55401.39,2640.189,1620723599999,146335994.59860,29873,1310.563,72655796.78304,0
1620723600000,55401.39,55630.33,55369.23,55584.20,1858.845,1620724499999,103167546.17629,21510,948.108,52624262.15268,0
1620724500000,55584.20,55780.00,55505.00,55515.57,2178.064,1620725399999,121219773.52510,23942,1059.164,58954552.38552,0
1620725400000,55515.43,55828.00,55500.97,55760.42,1867.704,1620726299999,104046553.85352,20743,1066.171,59392601.23226,0
1620726300000,55760.43,56083.57,55618.76,55950.00,3569.645,1620727199999,199493586.73489,37526,1884.480,105338090.15665,0
1620727200000,55950.01,56151.00,55882.74,56044.63,3036.188,1620728099999,170097568.89144,32871,1454.625,81500942.51280,0
1620728100000,56044.63,56262.61,55982.30,56100.00,2551.084,1620728999999,143098837.71053,29614,1293.386,72562279.59067,0
1620729000000,56100.00,56159.62,55822.35,55904.98,2646.588,1620729899999,148071337.93201,29410,1124.148,62895340.96392,0
1620729900000,55904.97,55964.63,55788.13,55892.28,1871.551,1620730799999,104555209.71422,20944,957.057,53471755.37710,0
1620730800000,55892.29,56024.08,55648.53,55727.24,2785.735,1620731699999,155475598.85660,29093,1346.157,75145709.25955,0
1620731700000,55726.02,56009.44,55687.25,56000.01,1652.755,1620732599999,92385899.38004,19997,891.511,49835667.81897,0
1620732600000,56000.00,56000.01,55549.88,55606.11,2398.529,1620733499999,133722297.11454,26652,936.501,52225869.23689,0
1620733500000,55606.11,55687.13,55205.00,55276.56,4850.221,1620734399999,268883107.90603,48286,2134.247,118316721.10370,0
1620734400000,55276.55,55380.70,55076.59,55309.46,3901.843,1620735299999,215547118.18889,44541,2001.472,110586764.15396,0
1620735300000,55309.29,55314.77,54905.38,54988.09,4856.942,1620736199999,267456263.61363,51044,2154.300,118634458.53446,0
1620736200000,54986.89,55256.00,54821.00,55246.87,3850.776,1620737099999,211960669.04147,41314,1994.916,109837750.34530,0
1620737100000,55246.87,55455.39,55207.36,55425.29,3936.446,1620737999999,217917424.19939,39415,1968.745,108993138.14509,0
1620738000000,55425.30,55774.96,55425.29,55508.12,4677.629,1620738899999,260158989.63980,46360,2315.658,128799153.75369,0
1620738900000,55508.11,55650.00,54969.48,55044.66,4476.502,1620739799999,247392030.32973,47851,2007.921,110968820.82647,0
1620739800000,55044.67,55435.02,54927.19,55371.95,4559.630,1620740699999,251731210.25762,46965,2388.756,131874929.76933,0
1620740700000,55371.95,55790.00,55260.28,55786.45,4184.952,1620741599999,232554426.80508,42632,2137.320,118777198.59359,0
1620741600000,55786.45,55892.78,55528.98,55837.21,4378.579,1620742499999,243950862.83472,43303,2210.190,123156760.50926,0
1620742500000,55837.21,55947.43,55708.52,55887.44,2940.402,1620743399999,164163359.82790,31758,1412.827,78887308.06480,0
1620743400000,55887.42,55897.92,55589.73,55842.88,2890.806,1620744299999,161087619.57583,28634,1411.459,78656601.32365,0
1620744300000,55842.87,55885.94,55559.59,55717.77,3324.183,1620745199999,185311337.06161,28755,1499.783,83612655.73882,0
1620745200000,55717.77,55963.54,55574.19,55908.34,3051.520,1620746099999,170197289.72199,31255,1697.328,94673670.24263,0
1620746100000,55908.35,56175.39,55819.27,56124.00,4573.417,1620746999999,256371508.59143,44739,2464.610,138174091.46977,0
1620747000000,56121.75,56199.00,55889.58,55921.76,2297.534,1620747899999,128718358.83882,26215,1042.733,58432743.04859,0
1620747900000,55919.02,56199.00,55880.58,56084.25,2009.991,1620748799999,112670560.71627,23445,1087.919,60980952.06277,0
1620748800000,56086.62,56634.10,55872.37,56223.80,7878.241,1620749699999,443498788.06292,77879,4302.626,242279429.30089,0
1620749700000,56223.18,56426.75,56104.36,56248.17,3057.728,1620750599999,172015125.18603,32344,1539.027,86588795.80932,0
1620750600000,56248.17,56278.45,55908.73,55921.95,2394.638,1620751499999,134230144.24860,28718,996.660,55871020.99798,0
1620751500000,55921.94,56131.96,55800.00,56036.04,2549.865,1620752399999,142687446.15155,29477,1336.589,74806388.05839,0
1620752400000,56036.05,56280.63,55965.00,56136.92,2092.274,1620753299999,117478869.19630,24866,1093.836,61425829.19158,0
1620753300000,56136.93,56500.00,56000.00,56463.51,2278.382,1620754199999,128217879.44128,26794,1241.986,69904001.34877,0
1620754200000,56463.50,56559.82,56298.01,56431.89,2193.381,1620755099999,123747618.58636,24862,1082.540,61084788.99672,0
1620755100000,56431.89,56484.94,56304.79,56415.81,1342.974,1620755999999,75739495.47961,16790,584.214,32949465.54755,0
1620756000000,56415.82,56595.00,56357.04,56504.41,2048.074,1620756899999,115649897.64358,22883,1037.237,58574730.94417,0
1620756900000,56510.23,56734.42,56404.00,56710.76,2135.964,1620757799999,120823676.87887,25636,1150.414,65085513.82720,0
1620757800000,56710.76,56710.77,56454.89,56537.35,2081.087,1620758699999,117768040.11684,22972,917.182,51898109.33405,0
1620758700000,56537.35,56537.35,56280.33,56408.80,1876.178,1620759599999,105803255.87735,20793,762.739,43012031.87229,0
1620759600000,56408.80,56734.42,56368.90,56381.44,2506.013,1620760499999,141788611.39227,27979,1299.416,73520626.41166,0
1620760500000,56381.44,56847.00,56379.30,56786.83,2646.149,1620761399999,149970787.96192,29276,1469.916,83308445.61229,0
1620761400000,56786.83,56908.66,56655.00,56700.77,2146.277,1620762299999,121820375.69219,24670,1085.546,61622344.54970,0
1620762300000,56702.66,56702.66,56550.00,56657.12,1424.036,1620763199999,80616920.56448,15994,673.686,38136301.50237,0
1620763200000,56657.11,56744.76,56510.27,56690.30,1750.363,1620764099999,99137089.88189,20035,920.685,52148501.62662,0
1620764100000,56690.30,56847.97,56657.61,56763.60,1496.475,1620764999999,84932565.95566,18835,723.909,41087046.43236,0
1620765000000,56764.64,56875.99,56697.88,56727.09,1179.738,1620765899999,66992375.57143,15801,574.190,32606710.47092,0
1620765900000,56727.09,56885.00,56680.87,56844.37,1287.145,1620766799999,73088916.94548,17057,641.529,36431235.00546,0
1620766800000,56844.37,56905.63,56680.44,56741.55,1483.089,1620767699999,84232845.31144,18194,739.310,41993191.89203,0
1620767700000,56741.55,56769.83,56608.57,56610.95,1791.041,1620768599999,101529005.84653,20282,766.145,43431422.87588,0
1620768600000,56615.29,56820.98,56560.95,56574.99,1361.952,1620769499999,77244456.39723,20179,637.004,36135437.92322,0
1620769500000,56574.98,56646.30,56350.59,56559.96,2163.626,1620770399999,122167087.10600,27132,1100.736,62156109.17408,0
1620770400000,56559.95,56674.88,56423.00,56543.80,1470.101,1620771299999,83151391.97196,19976,757.683,42855913.07074,0
1620771300000,56543.80,56611.09,56361.66,56561.49,1187.759,1620772199999,67102684.77456,15446,528.585,29868799.75099,0
1620772200000,56561.49,56666.58,56467.01,56535.78,1086.886,1620773099999,61487630.12648,13138,536.921,30378432.14544,0
1620773100000,56535.79,56568.00,56378.51,56445.98,1120.188,1620773999999,63237970.85308,13316,525.658,29672927.20477,0
1620774000000,56445.98,56640.00,56396.00,56464.95,1750.520,1620774899999,98946337.24333,18518,966.964,54667157.35290,0
1620774900000,56464.94,56532.15,56300.00,56355.60,1407.488,1620775799999,79395974.09254,16721,631.561,35635809.43885,0
1620775800000,56358.09,56616.50,56259.81,56529.23,1749.510,1620776699999,98747371.40157,19807,879.419,49647182.93039,0
1620776700000,56529.23,56819.01,56527.60,56710.43,1734.158,1620777599999,98354783.83045,21218,887.198,50316342.30242,0
1620777600000,56712.70,57280.75,56600.00,57047.69,5177.159,1620778499999,295197466.22964,59044,3011.906,171731098.40192,0
1620778500000,57047.70,57073.13,56879.22,57021.92,2543.897,1620779399999,144967714.04599,24472,1027.207,58532283.21266,0
1620779400000,57021.92,57354.06,56982.18,57124.79,3388.925,1620780299999,193746612.23326,32596,2064.567,118062189.67908,0
1620780300000,57127.60,57400.00,57089.10,57387.20,2312.831,1620781199999,132407433.79812,24555,1155.481,66161611.78356,0
1620781200000,57387.20,57405.60,57151.91,57275.18,1774.364,1620782099999,101558643.51393,20204,778.328,44552063.01851,0
1620782100000,57275.19,57275.19,57100.00,57115.99,1199.902,1620782999999,68578097.89838,13360,510.335,29165647.97967,0
1620783000000,57115.99,57178.66,57038.26,57159.00,1248.766,1620783899999,71308389.72035,14002,605.171,34559586.13063,0
1620783900000,57157.38,57157.39,56970.59,57075.30,1502.270,1620784799999,85733588.41013,15415,721.682,41189803.94522,0
1620784800000,57075.29,57117.99,56969.59,57030.40,941.413,1620785699999,53697581.19067,12508,431.194,24596603.56955,0
1620785700000,57030.39,57371.28,57024.22,57268.14,2196.848,1620786599999,125767379.91359,22381,1169.412,66945617.93278,0
1620786600000,57268.14,57323.92,57033.00,57110.95,2169.037,1620787499999,123955967.68293,20365,992.538,56719893.41078,0
1620787500000,57110.94,57203.94,56984.59,57203.94,1162.419,1620788399999,66336413.29569,14809,614.799,35088143.26378,0
1620788400000,57204.35,57315.56,57016.40,57284.26,1732.239,1620789299999,99035795.90243,18424,876.810,50133136.73439,0
1620789300000,57284.25,57291.76,57062.71,57289.78,1461.203,1620790199999,83555889.29847,15895,709.192,40550632.66436,0
1620790200000,57289.79,57763.91,57195.09,57666.46,4341.307,1620791099999,249654979.26895,45369,2423.707,139384119.24853,0
1620791100000,57666.45,57922.01,57666.45,57813.05,4394.421,1620791999999,253998154.03140,40069,2235.322,129210306.98927,0
1620792000000,57815.71,58049.99,57730.35,57970.18,3651.489,1620792899999,211395745.73561,38517,1944.809,112603736.86646,0
1620792900000,57971.42,58023.19,57700.00,57737.18,2215.109,1620793799999,128082519.74021,21469,876.370,50681636.17263,0
1620793800000,57737.19,57758.24,57410.00,57471.19,3595.064,1620794699999,206911162.72393,28830,1528.540,87956802.52325,0
1620794700000,57471.19,57500.00,57341.32,57407.56,2498.235,1620795599999,143488924.68782,21853,1260.272,72391580.97822,0
1620795600000,57407.57,57548.91,57272.00,57446.05,3852.461,1620796499999,221289137.20595,24914,2447.258,140618919.06575,0
1620796500000,57446.06,57550.00,57367.00,57461.44,1241.115,1620797399999,71307052.85017,13256,661.526,38009279.43596,0
1620797400000,57461.45,57513.21,57320.00,57380.68,1270.359,1620798299999,72919416.13208,13610,546.961,31394849.11723,0
1620798300000,57380.67,57437.59,57211.21,57279.11,1857.807,1620799199999,106442354.18599,18632,828.844,47492666.45335,0
1620799200000,57279.10,57419.68,57120.49,57248.16,1923.699,1620800099999,110145741.11555,21730,946.710,54219196.71615,0
1620800100000,57248.15,57299.00,57011.00,57168.50,2293.454,1620800999999,131078785.60493,24627,1021.059,58370256.87233,0
1620801000000,57168.51,57285.00,57155.32,57180.82,1334.027,1620801899999,76336741.40368,16324,666.126,38117425.66963,0
1620801900000,57180.82,57281.54,56960.03,57080.01,2051.634,1620802799999,117195418.47038,22369,956.301,54646189.66673,0
1620802800000,57080.00,57251.10,57047.14,57142.78,1522.909,1620803699999,87076099.81533,17623,814.667,46580173.42213,0
1620803700000,57142.31,57294.95,57142.31,57269.02,1509.440,1620804599999,86416627.95781,15203,955.733,54719013.96978,0
1620804600000,57269.03,57269.03,57082.31,57114.09,1421.432,1620805499999,81271557.33112,14842,679.215,38836190.46280,0
1620805500000,57114.10,57250.78,56933.40,57177.01,2392.711,1620806399999,136617258.23311,24668,1343.061,76704193.47938,0
1620806400000,57176.69,57259.99,56801.31,56917.60,3483.276,1620807299999,198600349.89732,33764,1575.417,89833685.56952,0
1620807300000,56917.60,57057.14,56702.25,56717.62,3556.369,1620808199999,202197888.81927,32877,1619.342,92076413.51020,0
1620808200000,56716.86,56950.00,56702.25,56811.07,2819.943,1620809099999,160400666.71847,22362,1459.111,82997500.57469,0
1620809100000,56811.07,57000.00,56755.40,56998.36,2739.221,1620809999999,155892064.46965,22080,1627.482,92632134.35176,0
1620810000000,56998.91,57000.00,56835.55,56940.00,2026.162,1620810899999,115359038.09161,17761,1130.038,64337999.98896,0
1620810900000,56940.01,56965.82,56805.60,56939.85,1636.889,1620811799999,93120864.21406,16591,771.329,43881417.83711,0
1620811800000,56939.84,57187.36,56886.95,57125.22,3444.757,1620812699999,196441411.33890,25039,2273.780,129663254.69860,0
1620812700000,57125.22,57265.00,56875.00,56896.84,3360.360,1620813599999,191816615.39296,31518,1493.740,85285985.81764,0
1620813600000,56896.85,56903.71,56365.14,56371.91,6798.078,1620814499999,384417294.62471,65754,3001.171,169694443.84917,0
1620814500000,56374.85,56614.77,56311.01,56461.24,4203.466,1620815399999,237319040.60117,36747,2089.631,117989307.20437,0
1620815400000,56461.23,56512.06,56078.00,56127.55,5634.846,1620816299999,316932368.89904,51420,2537.534,142727037.81997,0
1620816300000,56127.55,56278.45,56035.98,56116.47,3819.643,1620817199999,214540201.12035,35385,1861.163,104550044.16589,0
1620817200000,56116.48,56320.78,56088.28,56156.38,3122.730,1620818099999,175569955.25243,28780,1691.696,95118565.10779,0
1620818100000,56156.37,56425.71,56120.33,56273.85,2996.822,1620818999999,168745797.08917,30267,1594.902,89810729.91918,0
1620819000000,56274.37,56479.99,56247.00,56438.01,2296.129,1620819899999,129428746.58338,24547,1334.902,75252272.59044,0
1620819900000,56438.01,56530.00,56383.77,56472.06,2453.599,1620820799999,138550871.97986,24928,1154.374,65190324.75467,0
1620820800000,56472.06,56630.42,56270.00,56475.51,3400.889,1620821699999,191989293.15711,34406,1828.449,103254747.42211,0
1620821700000,56475.52,56662.00,56408.95,56632.89,1926.104,1620822599999,108940892.25403,21243,958.682,54233792.47119,0
1620822600000,56632.88,56633.15,56244.00,56409.95,5310.148,1620823499999,299200879.25089,42499,2269.108,127854149.68526,0
1620823500000,56409.96,56576.55,56289.00,56360.44,2262.829,1620824399999,127720683.10283,25047,1105.812,62421739.78391,0
1620824400000,56360.44,56457.00,56115.00,56182.52,4725.007,1620825299999,265777995.54207,33133,1754.876,98715166.65031,0
1620825300000,56182.53,56291.00,55867.00,55950.31,7163.331,1620826199999,401365347.40914,55946,2846.380,159521752.30784,0
1620826200000,55950.30,56420.00,55824.88,56403.67,5281.440,1620827099999,296596284.56464,51356,2873.388,161387783.44919,0
1620827100000,56403.67,56912.30,56377.46,56788.00,6157.291,1620827999999,349245807.54854,61632,3375.986,191449612.80511,0
1620828000000,56788.00,56796.00,56534.86,56653.42,3056.295,1620828899999,173136775.36497,30761,1473.691,83484340.28776,0
1620828900000,56653.42,56888.88,56573.50,56725.00,4724.619,1620829799999,268331066.22956,35563,2871.371,163109748.11657,0
1620829800000,56724.72,56788.88,56468.00,56478.03,3239.427,1620830699999,183563414.99962,28985,1352.635,76671398.16292,0
1620830700000,56478.03,56478.03,56051.00,56112.06,5762.992,1620831599999,324061800.35115,53536,2771.980,155890669.74636,0
1620831600000,56112.05,56170.00,55599.21,55914.86,9815.384,1620832499999,548805924.24231,87185,3892.385,217642121.20628,0
1620832500000,55914.87,56040.00,55452.27,55659.61,6647.178,1620833399999,370384206.76045,67066,3080.029,171680396.04814,0
1620833400000,55659.62,55830.54,55300.00,55830.53,6804.242,1620834299999,378226856.79990,74082,3568.561,198429295.17361,0
1620834300000,55830.54,55830.54,55404.50,55540.65,3602.120,1620835199999,200330689.59914,38662,1624.457,90355135.73538,0
1620835200000,55540.65,55719.49,55115.20,55266.00,8782.768,1620836099999,486574898.67131,91192,4145.258,229735659.86609,0
1620836100000,55265.42,55270.07,54754.20,55133.94,11065.837,1620836999999,608724193.26502,117996,5119.032,281678422.64897,0
1620837000000,55133.94,55233.37,54560.00,54683.31,7387.135,1620837899999,405209853.66668,81293,3388.588,185945166.40792,0
1620837900000,54683.30,55080.00,54450.81,55070.00,8358.184,1620838799999,457847587.09484,85421,4381.014,240086493.67691,0
1620838800000,55069.97,55352.25,55000.60,55191.92,5484.241,1620839699999,302841266.33535,51950,2790.717,154111468.99218,0
1620839700000,55194.03,55194.03,54744.62,55107.20,5193.846,1620840599999,285489915.16259,51568,2583.637,142007956.55651,0
1620840600000,55106.91,55240.00,54947.84,55084.87,3102.495,1620841499999,171015582.76086,32671,1609.822,88744029.45509,0
1620841500000,55084.87,55120.00,54810.00,54924.14,2901.176,1620842399999,159467653.77330,28851,1548.706,85126789.86323,0
1620842400000,54924.13,55193.00,54548.67,54616.29,5227.772,1620843299999,286633427.30309,49786,2294.995,125899713.39923,0
1620843300000,54616.29,54633.52,54060.00,54428.78,8742.487,1620844199999,474581034.74137,97330,4097.109,222396843.61084,0
1620844200000,54430.28,54430.28,53616.29,54187.70,11804.983,1620845099999,637223831.76179,131414,5432.177,293284882.41973,0
1620845100000,54187.70,54400.00,53923.35,54141.12,5798.968,1620845999999,314351043.01939,65335,2831.754,153524696.58371,0
1620846000000,54141.11,54148.46,53640.04,53712.44,5902.224,1620846899999,317949972.92023,61826,2865.128,154358741.60694,0
1620846900000,53712.45,54300.00,53555.85,54164.27,6316.053,1620847799999,341533787.03857,67108,3399.088,183853552.39185,0
1620847800000,54166.92,54524.97,53927.00,54479.03,4685.505,1620848699999,254060505.11884,47208,2436.530,132176260.53523,0
1620848700000,54479.03,54564.58,54215.74,54468.36,3197.030,1620849599999,173809383.49176,33842,1586.565,86253164.86261,0
1620849600000,54468.97,54510.80,54222.93,54289.25,2814.467,1620850499999,153031416.26244,30339,1277.032,69441514.64462,0
1620850500000,54290.08,54369.83,54040.00,54075.57,2743.722,1620851399999,148762648.92417,29692,1205.281,65356527.97621,0
1620851400000,54073.92,54697.10,54027.48,54559.39,3659.194,1620852299999,199296192.58755,38815,1963.172,106933058.30387,0
1620852300000,54559.39,54559.39,54341.01,54459.49,2448.582,1620853199999,133300864.84462,25538,1374.100,74803001.59131,0
1620853200000,54459.49,54546.57,54329.78,54542.49,1573.071,1620854099999,85605673.48215,21498,806.712,43900425.37448,0
1620854100000,54542.48,54761.90,54515.94,54742.47,1880.418,1620854999999,102760748.85658,27176,1043.020,56999880.73273,0
1620855000000,54741.58,54753.30,54426.68,54575.01,1452.113,1620855899999,79245504.77961,21559,628.727,34310678.59839,0
1620855900000,54575.01,54650.00,54356.00,54562.00,1830.812,1620856799999,99740391.77560,22918,904.469,49280801.10994,0
1620856800000,54562.00,54772.05,51771.97,52607.34,24072.231,1620857699999,1278043494.17748,273023,9591.190,508826621.26145,0
1620857700000,52605.60,53229.39,52446.40,52771.50,17787.703,1620858599999,939973514.70387,208926,9426.549,498201376.32936,0
1620858600000,52771.49,52771.50,51561.65,52348.21,20669.641,1620859499999,1076768467.75824,255242,9950.815,518525498.54884,0
1620859500000,52347.37,52984.01,52124.02,52944.27,9494.625,1620860399999,499459237.98163,119769,4992.359,262658964.83153,0
1620860400000,52944.26,52949.00,52353.37,52703.35,7382.530,1620861299999,388613580.93954,86299,3353.319,176545238.00397,0
1620861300000,52702.51,52817.29,51243.00,51640.56,13219.519,1620862199999,687625043.39249,144414,5165.791,269113130.29306,0
1620862200000,51641.67,52125.89,50444.00,51226.83,22185.245,1620863099999,1137047412.35275,267013,10256.315,526239270.68673,0
1620863100000,51226.63,51500.00,48503.74,49595.76,28715.043,1620863999999,1436684028.91108,319360,12182.761,610049752.88798,0
1620864000000,49596.75,49704.00,45596.32,48260.57,45655.961,1620864899999,2183698989.02728,633329,21226.722,1016304693.38344,0
1620864900000,48261.07,49632.99,47798.61,49617.64,20505.081,1620865799999,1005853606.82141,281092,10931.597,536520501.80630,0
1620865800000,49617.64,50463.81,49554.35,49892.98,20044.176,1620866699999,1002460422.05735,249557,10577.713,529078172.27117,0
1620866700000,49892.98,50325.83,49548.40,49664.00,9430.126,1620867599999,470897713.59227,121343,4550.550,227330211.88973,0
1620867600000,49664.11,50580.00,49319.96,50199.18,14792.223,1620868499999,740094469.96457,177665,7644.183,382662948.56175,0
1620868500000,50196.51,50433.79,49968.37,50335.63,6586.766,1620869399999,330880156.76083,79310,3222.739,161954999.89577,0
1620869400000,50335.16,50390.01,49664.33,49903.22,8147.923,1620870299999,406741012.12326,86466,3664.916,182971830.93427,0
1620870300000,49903.22,50536.48,49887.46,50522.19,4494.795,1620871199999,225862151.12374,48291,2552.164,128284832.73335,0
1620871200000,50521.38,50686.97,50242.88,50675.05,7070.511,1620872099999,356733080.93244,76377,3584.719,180926094.78685,0
1620872100000,50675.06,50836.85,50300.00,50388.39,4933.518,1620872999999,249443932.20952,53398,2384.199,120576728.08326,0
1620873000000,50388.39,50504.67,50043.21,50415.01,4681.408,1620873899999,235309611.46730,49701,2257.179,113494528.14964,0
1620873900000,50415.01,50586.14,50207.55,50293.25,3624.229,1620874799999,182696887.70798,40535,1731.063,87271708.69389,0
1620874800000,50293.24,50293.24,49630.28,49807.51,7258.337,1620875699999,362341226.48596,71167,3019.761,150756140.69386,0
1620875700000,49811.76,50138.60,49730.00,49822.19,5288.827,1620876599999,264161730.41197,50691,2734.091,136600238.06013,0
1620876600000,49822.19,50067.15,49580.00,49613.37,6045.022,1620877499999,300970995.72432,64083,3215.707,160139419.04207,0
1620877500000,49613.36,50526.11,49570.30,50477.14,6664.531,1620878399999,333010362.53957,63825,3857.051,192839710.52057,0
1620878400000,50477.05,51000.00,50417.00,50935.39,8430.517,1620879299999,428583964.67088,92205,4805.389,244281578.17299,0
1620879300000,50935.39,50973.90,50709.26,50930.19,4210.925,1620880199999,214058526.59265,41699,2122.953,107941573.41857,0
1620880200000,50929.64,50929.65,50540.28,50618.42,3727.021,1620881099999,188992264.87995,37209,1522.752,77232214.94194,0
1620881100000,50618.43,50648.11,50301.71,50454.41,4120.741,1620881999999,207954370.92909,42702,1915.804,96691056.79424,0
1620882000000,50454.41,50904.02,50446.32,50830.87,3754.252,1620882899999,190457998.19088,40842,2087.447,105899707.44655,0
1620882900000,50830.88,51066.00,50765.58,51043.56,3563.809,1620883799999,181462187.68042,35195,2017.704,102764028.59391,0
1620883800000,51044.57,51054.97,50863.90,51037.87,2754.002,1620884699999,140397204.44297,31247,1403.557,71560610.64954,0
1620884700000,51037.88,51054.98,50801.57,50890.92,2966.356,1620885599999,151039940.64730,30412,1148.211,58471582.84534,0
1620885600000,50892.34,51250.00,50809.74,51024.61,4907.441,1620886499999,250755172.55467,44722,2777.112,141920987.81280,0
1620886500000,51022.87,51130.00,50800.00,50841.93,2717.201,1620887399999,138409565.22363,29608,1193.589,60808809.32765,0
1620887400000,50844.43,51057.14,50748.17,51054.95,2298.779,1620888299999,117016610.65677,25797,1254.972,63894197.01412,0
1620888300000,51052.14,51334.26,51000.00,51320.06,3340.253,1620889199999,171042013.84305,36507,1751.542,89697816.68669,0
1620889200000,51320.05,51358.00,51080.00,51280.74,2137.491,1620890099999,109461329.53364,27990,992.629,50840432.34091,0
1620890100000,51280.74,51286.21,50939.16,50950.02,2510.820,1620890999999,128226835.16000,27679,1024.527,52329420.01489,0
1620891000000,50950.00,51009.85,50670.10,50723.56,3091.069,1620891899999,157171063.74041,35323,1375.223,69924313.94863,0
1620891900000,50723.55,50906.89,50723.55,50893.36,2403.306,1620892799999,122130200.46986,26813,1404.611,71387378.63884,0
1620892800000,50893.36,50963.89,50363.39,50378.60,4658.274,1620893699999,235969073.52270,51233,1819.101,92206808.26896,0
1620893700000,50377.74,50597.15,50245.43,50505.21,4655.100,1620894599999,234711226.54574,49076,2335.288,117779440.85039,0
1620894600000,50505.20,50710.00,50326.66,50338.34,3246.029,1620895499999,163952949.49636,35833,1527.119,77155142.37243,0
1620895500000,50338.34,50465.92,50000.00,50079.90,6263.588,1620896399999,314391119.46146,67803,2940.902,147619749.17703,0
1620896400000,50079.89,50408.08,49926.69,50024.47,6247.555,1620897299999,313969461.42256,61224,2911.884,146395970.52154,0
1620897300000,50024.47,50438.50,49776.60,49829.38,6079.030,1620898199999,304585042.97140,67869,2679.423,134338762.24187,0
1620898200000,49836.62,50150.52,49531.96,49623.30,6919.633,1620899099999,344805488.57567,87214,3371.781,168064919.05300,0
1620899100000,49623.30,49740.00,48820.68,49294.71,14426.256,1620899999999,710014337.06313,173186,6504.481,320176506.17932,0
1620900000000,49298.40,50067.53,49286.02,50027.76,10468.620,1620900899999,520696592.79639,132703,6066.453,301736453.12168,0
1620900900000,50027.77,50324.00,49600.00,49761.80,8386.190,1620901799999,418796217.07472,103474,4094.727,204538669.87233,0
1620901800000,49754.89,49769.65,49285.87,49394.35,6359.460,1620902699999,314781484.84520,85019,3049.480,150980504.27320,0
1620902700000,49394.36,49790.26,48950.00,49226.00,8114.137,1620903599999,400121455.02225,99846,3926.490,193733157.01183,0
1620903600000,49225.99,49305.36,48500.00,48950.92,13977.493,1620904499999,682121601.53808,149202,7616.572,371776860.51805,0
1620904500000,48945.56,49489.28,48940.81,49460.76,5822.969,1620905399999,287198832.46802,77951,2900.379,143058284.65938,0
1620905400000,49458.70,49885.00,49426.81,49757.17,5647.490,1620906299999,280621022.05336,74721,2999.014,149031385.28518,0
1620906300000,49757.17,49941.14,49553.71,49813.31,3712.491,1620907199999,184780849.14501,44282,1880.678,93614725.49996,0
1620907200000,49813.31,50327.00,49549.42,50088.68,7280.937,1620908099999,363417142.86589,75458,4148.019,207159470.33296,0
1620908100000,50088.67,50399.00,50033.13,50287.47,5071.105,1620908999999,254752756.45412,58401,2552.268,128229155.98025,0
1620909000000,50288.34,50295.00,49975.00,50106.06,3972.255,1620909899999,199050008.76735,40287,1813.404,90866288.59054,0
1620909900000,50106.07,50347.66,49948.68,50188.44,3767.212,1620910799999,188923993.90761,40231,2009.336,100797741.05840,0
1620910800000,50188.44,50450.00,50030.00,50119.75,4764.602,1620911699999,239571127.99141,42879,2452.034,123334074.95260,0
1620911700000,50119.74,50119.74,49640.00,50015.59,6962.985,1620912599999,347058197.37037,69861,3396.835,169324464.20608,0
1620912600000,50007.74,50628.54,50006.64,50375.00,6425.054,1620913499999,323553126.34666,71412,3393.616,170919831.25474,0
1620913500000,50375.00,50594.99,50292.40,50520.89,4107.973,1620914399999,207209199.33314,40630,2110.767,106486840.82203,0
1620914400000,50520.88,50878.95,50375.00,50787.51,6913.998,1620915299999,350718199.75282,63174,3647.783,185050331.91076,0
1620915300000,50787.52,50790.97,50468.40,50556.97,3762.063,1620916199999,190485513.49259,38066,1604.642,81256930.88783,0
1620916200000,50559.43,50693.78,50299.26,50330.51,4802.851,1620917099999,242420886.02835,47047,1944.579,98177894.88866,0
1620917100000,50333.65,50519.00,50250.17,50340.01,3423.494,1620917999999,172465262.46329,36374,1674.417,84371909.20123,0
1620918000000,50340.01,50433.66,49876.91,50022.91,6300.397,1620918899999,315611487.80861,63538,2680.143,134284980.79418,0
1620918900000,50022.92,50277.64,49945.94,49988.67,3851.736,1620919799999,193030301.67974,39544,1916.207,96053046.43490,0
1620919800000,49991.66,50238.84,49700.48,49789.05,5183.382,1620920699999,259007288.31449,50968,2320.932,115985755.75645,0
1620920700000,49782.87,49989.00,49522.11,49679.57,6179.494,1620921599999,307439948.22524,65726,3036.287,151112906.98096,0
1620921600000,49678.96,50226.82,49662.70,49980.03,6893.579,1620922499999,344779441.38337,71976,3684.206,184307486.93700,0
1620922500000,49980.03,50464.21,49980.03,50343.00,4422.813,1620923399999,222335866.90937,50796,2498.840,125623737.15973,0
1620923400000,50344.50,50363.77,49535.11,49590.44,4525.544,1620924299999,226354876.79714,49901,1737.382,86914122.50187,0
1620924300000,49590.43,49596.62,48500.00,48685.42,18876.140,1620925199999,923343437.86755,213817,8689.138,425028972.17295,0
1620925200000,48685.42,48865.41,48005.00,48228.87,20091.455,1620926099999,972106687.83935,201193,8686.818,420435386.38506,0
1620926100000,48228.86,48885.10,47297.59,47542.44,19102.978,1620926999999,920184182.39980,215440,8754.554,422301923.58586,0
1620927000000,47540.33,47898.56,46994.97,47840.00,18842.608,1620927899999,894464836.24889,226754,9549.273,453633042.54347,0
1620927900000,47834.84,48494.00,47834.84,48476.39,10089.158,1620928799999,486441682.84477,116343,5770.754,278269684.98628,0
1620928800000,48474.94,48982.35,48215.41,48834.11,8459.033,1620929699999,411739684.63142,93857,4265.709,207697250.01836,0
1620929700000,48833.94,48919.12,48163.04,48460.39,8431.808,1620930599999,408648395.60799,93135,3876.865,187906369.02000,0
1620930600000,48460.39,48739.28,47716.45,47834.83,9121.995,1620931499999,440191902.30530,104786,4027.986,194575955.19734,0
1620931500000,47833.10,48554.76,47750.00,47906.68,8742.782,1620932399999,421106071.99800,104075,4495.360,216581090.33776,0
1620932400000,47903.94,48733.30,47892.22,48702.96,7279.246,1620933299999,351903536.98226,90462,3887.199,187953177.03095,0
1620933300000,48702.97,49092.36,48370.00,48899.81,6560.827,1620934199999,319840970.93497,78483,3324.005,162117207.29430,0
1620934200000,48897.39,49400.00,48897.39,49303.30,6766.626,1620935099999,332954271.54093,77246,3492.290,171876881.94720,0
1620935100000,49303.31,49314.99,48577.91,48635.63,4646.059,1620935999999,227372864.13165,54643,1979.707,96901190.37693,0
1620936000000,48635.03,49276.80,48410.00,49272.90,5638.980,1620936899999,275412100.14132,74077,3101.789,151540997.89457,0
1620936900000,49272.92,49499.74,48939.28,49126.82,4207.763,1620937799999,207078389.77313,55468,2073.979,102100669.67251,0
1620937800000,49125.69,49462.80,49094.40,49303.50,3372.451,1620938699999,166198233.87192,42556,1657.136,81671275.73249,0
1620938700000,49303.50,49507.66,49103.66,49350.23,3640.767,1620939599999,179333738.33120,40083,1808.708,89114719.21262,0
1620939600000,49350.22,49800.00,49052.49,49799.99,4073.385,1620940499999,201526433.47587,54114,2353.290,116499336.37899,0
1620940500000,49800.00,49863.50,49600.61,49693.62,3070.040,1620941399999,152669415.88696,39366,1505.710,74883228.55137,0
1620941400000,49693.62,49751.10,49414.19,49507.58,2863.183,1620942299999,141935825.45511,32535,1407.590,69794039.55452,0
1620942300000,49507.59,49918.99,49462.81,49605.68,2295.451,1620943199999,114044234.39499,34030,1191.109,59192474.03628,0
1620943200000,49605.69,49636.64,49038.34,49098.70,3333.757,1620944099999,164486091.55693,41878,1217.751,60106720.23700,0
1620944100000,49098.69,49489.62,49050.62,49372.14,3012.025,1620944999999,148371498.16568,33603,1645.140,81048931.32851,0
1620945000000,49374.06,49932.90,49374.06,49724.28,3682.715,1620945899999,183210883.34395,38682,2014.953,100227152.25904,0
1620945900000,49724.28,49839.50,48889.89,48896.21,4088.916,1620946799999,201710833.71887,45734,1727.654,85256454.61679,0
1620946800000,48896.21,49163.11,48447.02,49155.65,6299.473,1620947699999,307386316.90708,72287,3231.019,157725703.48686,0
1620947700000,49155.65,49390.73,48764.42,49184.39,4188.427,1620948599999,205660537.90949,49043,2015.129,98955593.53982,0
1620948600000,49184.39,49592.41,49010.94,49460.94,3360.007,1620949499999,165748642.94114,42178,1823.213,89938967.60424,0
1620949500000,49460.94,49773.57,49371.72,49707.90,2585.428,1620950399999,128251075.57744,31351,1338.640,66412909.75794,0
1620950400000,49706.27,50209.80,49534.30,50153.00,7505.117,1620951299999,374913582.25707,73453,4276.734,213687490.11213,0
1620951300000,50153.01,50170.98,49761.01,49777.79,3166.115,1620952199999,158129121.94477,34385,1353.681,67616987.77947,0
1620952200000,49777.80,50123.95,49750.00,49929.71,3033.359,1620953099999,151435732.99197,33782,1632.355,81497816.71820,0
1620953100000,49928.79,50279.97,49834.87,50062.54,3326.607,1620953999999,166585419.99356,38487,1736.614,86971585.41724,0
1620954000000,50062.54,50300.00,49888.00,50295.79,3987.354,1620954899999,199851092.41367,39982,2049.124,102747090.67603,0
1620954900000,50295.78,50414.05,50102.66,50203.34,3120.686,1620955799999,156923332.41445,33689,1480.130,74442688.91023,0
1620955800000,50202.78,50274.59,50000.00,50158.36,2197.170,1620956699999,110098495.71262,24103,1063.101,53276175.39004,0
1620956700000,50159.45,50315.79,50000.00,50069.78,2419.448,1620957599999,121324354.66557,26615,1124.582,56406387.34875,0
1620957600000,50069.77,50117.58,49650.00,49672.40,3182.369,1620958499999,158663796.57139,34558,1168.276,58249068.23396,0
1620958500000,49672.39,49792.04,49478.10,49536.42,3951.372,1620959399999,196016599.13882,38602,2025.896,100519677.99657,0
1620959400000,49536.43,49790.00,49529.60,49642.58,2492.598,1620960299999,123841931.35184,25052,1397.954,69459443.19445,0
1620960300000,49642.58,49746.68,49482.43,49503.10,2862.732,1620961199999,142005253.54706,24891,1265.585,62785640.28601,0
1620961200000,49503.10,49700.27,49402.00,49461.04,2397.152,1620962099999,118776549.04313,26298,1119.173,55467576.58740,0
1620962100000,49462.87,49669.37,49313.24,49578.86,3041.572,1620962999999,150451566.84143,30262,1575.954,77980414.25822,0
1620963000000,49578.86,49578.87,49256.76,49400.47,2445.879,1620963899999,120854821.49172,26312,1105.194,54618524.44910,0
1620963900000,49400.48,49461.84,49064.52,49203.15,3132.578,1620964799999,154302362.80818,33033,1337.345,65883874.33722,0
1620964800000,49203.66,49566.00,49203.66,49493.63,2828.931,1620965699999,139806381.70675,29150,1625.072,80315711.84129,0
1620965700000,49493.64,49581.14,49245.63,49308.72,1893.582,1620966599999,93576093.36381,22790,897.982,44389357.80799,0
1620966600000,49308.71,49540.55,48870.41,48894.19,4054.816,1620967499999,199367580.68718,41692,1783.232,87747259.81059,0
1620967500000,48894.19,49319.98,48894.18,49241.72,4220.470,1620968399999,207340850.36394,38700,2332.961,114602750.42197,0
1620968400000,49242.84,49519.43,49096.01,49504.91,2551.758,1620969299999,125742421.00626,29704,1297.667,63950836.05414,0
1620969300000,49504.91,49525.32,49212.99,49344.87,1843.743,1620970199999,91013342.65428,24154,945.894,46696194.17233,0
1620970200000,49346.78,49422.00,49152.77,49363.14,1823.946,1620971099999,89904086.53881,20920,859.325,42349933.97416,0
1620971100000,49363.15,49785.00,49363.14,49694.16,3602.421,1620971999999,178787989.61917,36588,2149.901,106698793.53349,0
1620972000000,49690.42,49744.30,49355.00,49362.53,2315.822,1620972899999,114713874.38513,24978,947.462,46944835.56927,0
1620972900000,49362.54,49398.84,48972.75,49053.00,3661.308,1620973799999,180034580.54755,38941,1739.182,85537467.38519,0
1620973800000,49052.99,49252.03,48886.07,48997.48,3813.623,1620974699999,187054725.28936,37478,1530.597,75124392.15657,0
1620974700000,49000.00,49190.00,48900.43,49105.00,2471.078,1620975599999,121181969.23018,27127,1330.766,65280627.52832,0
1620975600000,49105.01,49909.33,49105.00,49889.10,5791.725,1620976499999,286981714.14447,53366,3523.212,174557988.83203,0
1620976500000,49892.14,50167.29,49731.20,49961.07,7071.169,1620977399999,352884930.19749,60779,3872.383,193289250.50814,0
1620977400000,49961.06,50319.04,49873.24,49991.08,4797.407,1620978299999,240342310.34673,47650,2430.558,121785534.11922,0
1620978300000,49991.08,50165.86,49962.64,50043.74,2639.020,1620979199999,132110772.14874,28429,1261.257,63149994.75203,0
1620979200000,50045.73,50487.21,49941.05,50326.51,4814.149,1620980099999,241873490.10712,48845,2693.873,135382617.62212,0
1620980100000,50326.50,50350.00,50097.99,50191.98,3913.398,1620980999999,196499706.63092,37692,1782.882,89537016.11487,0
1620981000000,50191.98,50393.62,50116.44,50280.75,2455.874,1620981899999,123425373.80348,27119,1286.977,64680192.63283,0
1620981900000,50280.74,50476.64,50274.13,50420.27,2574.412,1620982799999,129655400.24079,26228,1331.620,67073317.95140,0
1620982800000,50420.27,50649.00,50212.32,50600.10,3994.128,1620983699999,201429750.19671,38461,2217.515,111894865.24402,0
1620983700000,50600.11,50800.00,50438.92,50652.57,4513.623,1620984599999,228406616.75359,41883,2051.680,103832787.44314,0
1620984600000,50652.58,50844.00,50555.00,50765.87,3868.279,1620985499999,196210690.48952,38092,1821.763,92407423.07758,0
1620985500000,50765.88,50765.88,50440.60,50457.54,3391.117,1620986399999,171417947.00601,33788,1317.993,66632300.65914,0
1620986400000,50457.54,50568.06,50251.11,50441.99,4726.648,1620987299999,238303811.73861,39065,2247.809,113384272.40844,0
1620987300000,50442.00,50566.91,50287.64,50412.09,2401.039,1620988199999,121010269.60889,24171,1271.010,64082562.51623,0
1620988200000,50412.10,50520.17,50324.22,50463.70,1920.831,1620989099999,96884412.31361,19684,1153.208,58178076.84834,0
1620989100000,50463.69,50790.11,50460.41,50760.00,3091.206,1620989999999,156559392.97537,32398,1730.981,87675676.90759,0
1620990000000,50759.99,51000.00,50581.68,50843.71,4578.679,1620990899999,232759388.12476,46655,2366.879,120337889.68212,0
1620990900000,50843.71,50859.22,50624.72,50666.39,2670.169,1620991799999,135501443.35411,25945,1195.788,60691600.78384,0
1620991800000,50666.00,50771.54,50514.04,50771.54,2495.295,1620992699999,126326776.05638,26715,1360.398,68878329.41442,0
1620992700000,50771.53,50776.52,50510.43,50569.00,2066.004,1620993599999,104524975.41983,22164,793.983,40170520.46328,0
1620993600000,50568.99,50649.76,50358.79,50425.01,3060.474,1620994499999,154516556.78896,32108,1289.990,65147329.86347,0
1620994500000,50426.97,50500.00,50272.25,50365.69,2690.410,1620995399999,135500138.40933,29592,1314.325,66204029.66368,0
1620995400000,50365.68,50480.45,50317.18,50403.89,2369.998,1620996299999,119445761.49748,23042,1296.358,65347020.63731,0
1620996300000,50403.89,50568.00,50264.94,50349.99,2453.401,1620997199999,123600903.71257,25789,1270.398,64018303.50524,0
1620997200000,50350.00,50438.29,50170.00,50273.00,3184.475,1620998099999,160184974.27011,32476,1382.379,69554369.07565,0
1620998100000,50272.99,50387.14,50052.96,50384.93,2864.287,1620998999999,143864236.53731,31314,1445.731,72637003.35669,0
1620999000000,50384.92,50871.95,50365.62,50661.62,4761.119,1620999899999,241202685.04650,51377,2585.339,130953340.78213,0
1620999900000,50661.62,51019.92,50590.02,50960.71,4927.472,1621000799999,250674672.02152,46570,2569.868,130738813.95221,0
1621000800000,50959.49,50974.99,50674.00,50763.42,3218.894,1621001699999,163501525.29560,32587,1463.621,74344055.79684,0
1621001700000,50763.41,50800.00,50575.00,50607.46,2605.227,1621002599999,132011603.28179,27038,1315.235,66652619.33660,0
1621002600000,50607.46,50773.70,50521.46,50563.48,2759.473,1621003499999,139696712.91452,28362,1379.522,69846873.19447,0
1621003500000,50563.69,50980.00,50563.69,50920.07,2951.576,1621004399999,149977322.12529,29916,1649.506,83820315.03695,0
1621004400000,50920.06,51457.00,50920.06,51369.59,7249.555,1621005299999,371777416.65976,77802,3773.820,193486868.39825,0
1621005300000,51369.59,51533.00,51162.37,51377.09,4699.652,1621006199999,241442602.25754,47846,2377.646,122188349.06711,0
1621006200000,51384.92,51442.13,51225.00,51241.28,2718.568,1621007099999,139465129.00522,28199,1263.713,64833540.01673,0
1621007100000,51245.81,51298.52,51077.00,51241.26,3357.370,1621007999999,171833271.27365,33552,1609.536,82383701.86965,0
1621008000000,51240.99,51348.35,51087.83,51157.52,2918.657,1621008899999,149435987.24055,31489,1474.260,75485015.78758,0
1621008900000,51158.18,51331.21,50975.63,51059.29,3064.410,1621009799999,156735067.29583,31646,1451.127,74236562.53437,0
1621009800000,51061.16,51216.13,50718.28,50775.66,4404.991,1621010699999,224399564.80688,45377,2019.462,102895275.99561,0
1621010700000,50775.66,51000.00,50772.89,50861.00,2563.803,1621011599999,130508208.79532,26850,1280.826,65202439.32937,0
1621011600000,50861.00,51068.55,50763.56,50900.82,3199.617,1621012499999,162955509.68739,30168,1663.829,84759678.19853,0
1621012500000,50900.83,50932.36,50771.97,50772.24,1652.781,1621013399999,84007753.97102,19197,764.531,38861080.97860,0
1621013400000,50772.23,50875.00,50560.31,50713.16,4002.132,1621014299999,202943492.81879,36574,1874.422,95073068.11124,0
1621014300000,50713.17,50758.67,50608.00,50622.40,1653.672,1621015199999,83822742.63807,17682,755.861,38316186.66076,0
1621015200000,50622.40,50719.99,50558.00,50689.82,1743.419,1621016099999,88308318.99303,19605,889.630,45066057.81644,0
1621016100000,50690.84,50770.95,50369.54,50425.72,2965.211,1621016999999,149888170.64423,31808,1225.057,61955819.85472,0
1621017000000,50430.00,50649.08,50381.46,50431.04,2534.276,1621017899999,127999914.38598,25458,1303.137,65821263.13447,0
1621017900000,50431.03,50642.97,50392.93,50516.16,3791.806,1621018799999,191587910.40049,26902,1796.569,90770759.27165,0
1621018800000,50518.39,50524.48,50124.25,50246.69,3426.182,1621019699999,172428389.10619,34872,1616.041,81334489.80284,0
1621019700000,50245.39,50393.37,50173.47,50231.42,2331.294,1621020599999,117233367.56151,25978,1127.244,56688945.70946,0
1621020600000,50231.54,50422.78,50231.54,50310.82,1978.661,1621021499999,99591896.17535,19837,1020.456,51366694.52888,0
1621021500000,50310.83,50319.90,50160.82,50188.78,2034.179,1621022399999,102175159.72386,18493,916.435,46033763.29637,0
1621022400000,50190.35,50342.74,50151.69,50300.35,2411.577,1621023299999,121213949.79799,22087,1231.848,61918681.41999,0
1621023300000,50300.35,50300.35,49706.44,49779.14,4616.574,1621024199999,230756579.58635,47820,1676.150,83828472.69457,0
1621024200000,49779.15,49798.34,49285.11,49525.32,8916.866,1621025099999,441645788.95645,88211,4136.949,204892999.67461,0
1621025100000,49525.32,49728.23,49100.00,49191.01,7374.217,1621025999999,364067884.79012,67542,3386.701,167250949.74492,0
1621026000000,49191.45,49534.41,49064.71,49374.28,5778.484,1621026899999,285109247.58171,55985,3031.445,149581366.39422,0
1621026900000,49374.27,49867.33,49374.27,49740.83,3885.785,1621027799999,193075683.90213,42019,2204.165,109495195.61505,0
1621027800000,49740.82,49849.71,49536.89,49677.23,2578.898,1621028699999,128122012.91151,29276,1287.991,63991551.82567,0
1621028700000,49677.23,49875.05,49611.96,49824.91,1970.091,1621029599999,98012897.79754,22864,971.128,48319417.83073,0
1621029600000,49824.92,49827.00,49674.81,49786.46,1705.991,1621030499999,84853838.98038,18345,780.222,38810552.22500,0
1621030500000,49786.69,49896.05,49640.99,49871.71,2411.692,1621031399999,120028308.53880,23316,1217.679,60617481.79570,0
1621031400000,49875.25,50157.00,49875.25,49982.89,4090.824,1621032299999,204680914.54168,34253,2326.880,116416674.91234,0
1621032300000,49982.89,49990.00,49728.00,49930.00,2802.084,1621033199999,139715532.14525,25126,1272.332,63440250.68592,0
1621033200000,49930.00,50061.81,49758.20,49991.63,2420.477,1621034099999,120871180.23732,23171,1135.254,56703160.50636,0
1621034100000,49989.17,50204.74,49941.42,49985.70,2254.827,1621034999999,112879232.16405,22211,1299.233,65049222.17848,0
1621035000000,49985.92,50130.62,49941.45,49949.75,2356.146,1621035899999,117865308.74988,19458,962.550,48160872.48161,0
1621035900000,49952.29,50011.72,49820.00,49873.27,2239.649,1621036799999,111800635.61355,20961,873.426,43604187.86384,0
1621036800000,49873.26,50338.64,49818.81,50159.04,4098.590,1621037699999,205295409.09525,36682,2408.474,120653242.68620,0
1621037700000,50159.04,50171.87,49350.00,49589.68,5508.870,1621038599999,273706278.62300,51612,2101.774,104391309.74722,0
1621038600000,49589.69,49841.08,49313.24,49523.43,4509.943,1621039499999,223516774.16903,45718,2098.112,103984699.35231,0
1621039500000,49523.43,49727.20,49310.83,49487.82,4202.217,1621040399999,207980352.07738,40881,2128.781,105372357.34689,0
1621040400000,49487.82,50089.82,49390.62,50080.33,4345.261,1621041299999,216207013.17105,43546,2557.961,127309355.70405,0
1621041300000,50080.34,50603.95,49992.38,50386.46,6052.427,1621042199999,304694511.33123,54831,3421.483,172235535.45004,0
1621042200000,50386.45,50393.80,50230.36,50315.43,2945.330,1621043099999,148165871.27986,25349,1508.927,75911697.71507,0
1621043100000,50310.35,50709.43,50260.80,50650.96,3221.645,1621043999999,162658295.37799,30457,1877.211,94790438.77279,0
1621044000000,50650.89,50682.33,50451.53,50496.03,2010.703,1621044899999,101611374.16995,22006,848.308,42869319.13845,0
1621044900000,50499.65,50544.20,50287.00,50324.28,2072.661,1621045799999,104484688.40816,20162,831.402,41915856.30243,0
1621045800000,50324.99,50421.35,50264.82,50326.51,1304.706,1621046699999,65702917.12120,16142,646.408,32556767.33739,0
1621046700000,50326.51,50373.46,50054.63,50124.99,2351.601,1621047599999,118018201.43323,23589,908.539,45605575.75095,0
1621047600000,50124.98,50124.99,49880.00,49973.90,2301.576,1621048499999,115072776.03630,25571,1070.070,53508199.88828,0
1621048500000,49973.90,49973.90,49760.67,49852.90,2183.419,1621049399999,108837801.60572,24014,1046.625,52175980.60853,0
1621049400000,49852.91,49991.25,49828.88,49877.92,1949.690,1621050299999,97333251.83478,20514,1033.559,51601691.03137,0
1621050300000,49877.91,49909.22,49639.21,49675.11,2732.334,1621051199999,135964634.42907,24848,1142.726,56867098.53440,0
1621051200000,49677.54,49819.84,49576.17,49703.03,3476.798,1621052099999,172802078.72296,28652,1704.139,84728434.86274,0
1621052100000,49703.04,49849.99,49703.03,49790.37,1318.141,1621052999999,65619438.37464,15376,786.844,39170841.69399,0
1621053000000,49790.37,49793.41,49412.30,49685.16,3305.292,1621053899999,163832180.62781,30621,1347.615,66808128.20648,0
1621053900000,49685.16,49900.00,49178.79,49352.01,5572.076,1621054799999,275874110.93350,52223,2438.729,120801821.07149,0
1621054800000,49352.00,49547.55,49150.28,49505.63,4297.348,1621055699999,212112293.38753,42241,2298.902,113504069.49230,0
1621055700000,49505.09,49619.00,49266.14,49439.03,2994.894,1621056599999,148095338.07693,30444,1449.902,71705261.83364,0
1621056600000,49439.23,49550.00,49234.69,49492.61,2843.362,1621057499999,140433419.53420,27179,1466.496,72444780.01286,0
1621057500000,49492.62,49750.00,49492.61,49696.20,2524.243,1621058399999,125355550.35556,25553,1366.116,67842445.33958,0
1621058400000,49696.20,49696.21,49212.30,49235.17,3251.764,1621059299999,160655819.64216,32090,1429.523,70620339.33390,0
1621059300000,49235.16,49575.71,48975.17,49480.00,6009.794,1621060199999,295968991.53052,58783,2790.600,137498581.67803,0
1621060200000,49480.00,49672.88,49065.30,49169.72,4479.654,1621061099999,221031484.33686,44968,2117.531,104502799.39960,0
1621061100000,49169.72,49169.72,48633.32,48992.35,7542.829,1621061999999,368737484.99880,76249,3330.181,162819982.71285,0
1621062000000,48997.65,49086.56,48555.00,48785.66,5531.583,1621062899999,270064666.75818,57488,2559.894,125006798.69002,0
1621062900000,48785.67,48912.92,48505.47,48888.91,5142.352,1621063799999,250547044.46131,54623,2762.410,134632170.49293,0
1621063800000,48888.92,49006.00,48811.95,48937.23,2694.428,1621064699999,131790044.44121,28645,1484.334,72608416.03226,0
1621064700000,48937.22,49034.00,48404.00,48510.00,5659.515,1621065599999,275705673.51284,57779,2469.512,120338355.82971,0
1621065600000,48510.01,48750.00,48229.27,48483.88,7849.499,1621066499999,380372885.04826,87899,3833.210,185790302.26862,0
1621066500000,48485.11,48783.15,48350.00,48663.87,4143.324,1621067399999,201307800.73644,42604,2309.418,112220415.55075,0
1621067400000,48663.87,48891.00,48587.02,48653.00,3213.855,1621068299999,156611830.71892,34632,1646.686,80259073.08881,0
1621068300000,48653.01,49084.05,48360.00,48863.22,5998.446,1621069199999,292553328.44502,60055,3034.735,148032502.54318,0
1621069200000,48863.22,49300.00,48860.29,49108.26,4844.373,1621070099999,238176593.26304,50549,2625.576,129087078.95659,0
1621070100000,49108.26,49110.38,48439.00,48543.80,5534.067,1621070999999,269722169.04941,55472,2451.094,119460344.71260,0
1621071000000,48543.81,48767.89,48360.70,48637.10,4284.832,1621071899999,208125429.00649,45494,2151.218,104509503.81236,0
1621071900000,48637.10,48850.00,48385.29,48695.89,4361.356,1621072799999,212206230.20718,41807,2186.874,106423910.34503,0
1621072800000,48695.89,48695.89,48066.00,48125.25,8655.515,1621073699999,418061795.29237,81194,3782.882,182824026.08586,0
1621073700000,48125.26,48276.90,47834.71,47990.48,7419.394,1621074599999,356424841.64787,79199,3223.879,154953336.18338,0
1621074600000,47990.49,48388.45,47809.27,48224.55,6271.222,1621075499999,302002499.20851,69055,3239.523,156041926.54849,0
1621075500000,48224.56,48550.00,48051.69,48408.71,5668.333,1621076399999,273997359.89940,57933,3045.348,147238309.51022,0
1621076400000,48408.70,48780.00,48371.40,48656.64,4527.212,1621077299999,220108010.27459,46665,2526.528,122849955.78954,0
1621077300000,48656.65,48888.00,48596.59,48765.34,3003.564,1621078199999,146338867.82581,32980,1738.405,84722600.24518,0
1621078200000,48765.33,48792.61,48485.70,48765.25,3289.295,1621079099999,159956996.24726,35519,1551.339,75451226.92478,0
1621079100000,48765.24,49035.00,48612.65,48959.41,3832.384,1621079999999,187308868.77841,41025,2222.111,108614222.36659,0
1621080000000,48959.41,49010.00,48770.00,48810.32,3387.227,1621080899999,165598570.45666,30886,1623.508,79390535.26304,0
1621080900000,48810.31,48987.51,48689.42,48889.93,3012.348,1621081799999,147088981.15741,29493,1562.504,76310275.41459,0
1621081800000,48889.94,49370.18,48871.93,49172.53,5871.538,1621082699999,288858849.64052,55361,3455.583,169996829.58223,0
1621082700000,49172.52,49330.10,49082.37,49205.76,2669.163,1621083599999,131361902.71071,28676,1299.303,63956633.04946,0
1621083600000,49205.76,49398.03,49140.14,49204.64,2426.099,1621084499999,119455558.32517,24159,1250.040,61563820.76779,0
1621084500000,49204.64,49206.04,48963.95,49093.13,2980.778,1621085399999,146291442.69967,29723,1292.311,63427300.52677,0
1621085400000,49093.13,49379.27,48763.70,49272.84,4987.685,1621086299999,244651688.43211,50441,2530.338,124170989.98196,0
1621086300000,49272.83,49378.09,48899.24,49049.00,3421.179,1621087199999,168021949.45715,36153,1728.209,84877389.01969,0
1621087200000,49048.99,49560.00,48970.18,49274.09,5591.611,1621088099999,275975962.81283,54436,2954.798,145822825.51935,0
1621088100000,49274.09,49274.09,48927.50,48973.28,3958.508,1621088999999,194286995.36722,39891,2018.219,99072905.16747,0
1621089000000,48972.64,49350.00,48878.96,49301.92,4183.064,1621089899999,205546987.58122,41463,2127.452,104545501.43077,0
1621089900000,49301.91,49575.71,49216.00,49405.83,5102.376,1621090799999,252225600.33868,53235,2582.828,127689704.12499,0
1621090800000,49404.08,49594.42,49260.76,49362.10,2931.124,1621091699999,144831601.51651,32449,1454.588,71890158.46959,0
1621091700000,49361.32,49403.35,49166.00,49287.72,1783.116,1621092599999,87874973.05893,22216,862.013,42488006.26470,0
1621092600000,49287.71,49327.51,48980.29,49050.64,2693.058,1621093499999,132273148.75936,30437,1195.814,58733243.47463,0
1621093500000,49050.63,49069.95,48867.81,49019.96,2618.077,1621094399999,128244552.46939,28407,1237.868,60641636.88358,0
1621094400000,49019.97,49033.08,48157.00,48369.24,9546.388,1621095299999,463032516.17023,107188,4201.368,203738028.08857,0
1621095300000,48369.24,48539.88,47879.46,47902.01,7183.905,1621096199999,346422350.44213,77258,3158.425,152429605.08075,0
1621096200000,47902.01,48168.67,47606.63,47928.25,11878.195,1621097099999,569218770.14557,120962,6140.226,294393775.14860,0
1621097100000,47927.51,48072.46,47562.25,47923.37,8101.634,1621097999999,387906527.36799,81380,4039.460,193501758.49304,0
1621098000000,47923.37,48007.75,47411.00,47561.01,8494.172,1621098899999,404782633.29557,90033,3860.206,183996366.74797,0
1621098900000,47561.01,47900.00,47501.00,47756.06,5558.924,1621099799999,265297002.70394,57495,3085.886,147298202.12455,0
1621099800000,47758.25,48254.16,47752.50,48163.38,5897.705,1621100699999,283541703.16793,59550,3414.669,164148812.95741,0
1621100700000,48163.38,48176.31,47788.97,47847.78,3495.788,1621101599999,167849671.79429,34030,1287.645,61846032.39466,0
1621101600000,47847.78,48248.58,47500.00,47877.18,6593.434,1621102499999,315540362.69913,68407,3116.846,149255091.31811,0
1621102500000,47877.18,48140.30,47636.24,48086.67,4951.957,1621103399999,237230632.63819,46424,2827.924,135507701.62900,0
1621103400000,48086.67,48152.00,47821.13,47893.21,3537.484,1621104299999,169683653.53409,34184,1726.144,82802882.58398,0
1621104300000,47890.00,48120.90,47850.00,47938.47,2507.428,1621105199999,120359990.87196,25365,1265.406,60745295.38736,0
1621105200000,47938.47,48085.30,47514.27,47588.85,3958.116,1621106099999,189115436.03771,41318,1808.032,86400159.33266,0
1621106100000,47588.85,47707.99,47050.00,47180.96,10683.749,1621106999999,505198658.22678,111441,4516.562,213633237.14482,0
1621107000000,47181.93,47637.70,46888.00,47619.56,9320.845,1621107899999,440620267.15787,101533,4861.050,229980266.56110,0
1621107900000,47620.19,48159.80,47602.23,48157.36,6076.552,1621108799999,290762491.17297,60196,3521.337,168576766.29943,0
1621108800000,48157.36,48545.00,48073.90,48385.00,6703.566,1621109699999,324095509.24635,70111,3563.083,172291457.69563,0
1621109700000,48385.00,48678.00,48158.64,48486.54,5317.336,1621110599999,257309190.81087,49217,2868.395,138881801.39684,0
1621110600000,48486.53,48526.54,48361.97,48372.91,2452.161,1621111499999,118760295.78639,25951,991.806,48039991.00005,0
1621111500000,48372.91,48490.38,48153.21,48275.08,2900.731,1621112399999,140147532.87974,27946,1233.379,59604517.88071,0
1621112400000,48275.07,48682.06,48257.28,48420.68,3572.630,1621113299999,173204059.49046,34539,2039.918,98905752.66477,0
1621113300000,48420.68,48556.83,48335.54,48480.54,1683.835,1621114199999,81522433.47843,19901,825.551,39971724.58011,0
1621114200000,48481.39,48800.00,48335.44,48594.30,2646.238,1621115099999,128575746.76118,28655,1671.508,81222283.70063,0
1621115100000,48594.29,48673.83,48426.68,48479.57,2148.828,1621115999999,104302384.00140,22232,1012.581,49151757.16804,0
1621116000000,48479.56,48625.69,48382.64,48599.02,2054.173,1621116899999,99636749.76070,20633,1055.084,51186031.53665,0
1621116900000,48599.02,48733.03,48464.00,48472.23,2085.887,1621117799999,101371817.02157,22060,1009.768,49078053.22422,0
1621117800000,48472.22,48539.60,47777.80,47934.87,5541.678,1621118699999,266438898.64559,56108,2190.182,105291826.14890,0
1621118700000,47934.87,48358.81,47932.19,48019.03,4627.541,1621119599999,222776760.44670,43261,2359.378,113586484.07403,0
1621119600000,48019.03,48100.00,47611.40,47717.23,5325.766,1621120499999,254530489.45516,49151,2604.324,124501265.77244,0
1621120500000,47717.22,47877.74,47353.31,47479.22,5068.691,1621121399999,241178312.54093,50575,2432.685,115786195.39062,0
1621121400000,47479.20,47577.82,46585.12,46802.57,13210.348,1621122299999,620927770.49559,126917,5917.413,278217312.62692,0
1621122300000,46799.58,47138.28,46584.32,46793.41,9949.143,1621123199999,466236344.30451,97600,5116.920,239843473.18570,0
1621123200000,46794.62,47579.04,46481.14,47563.72,14508.820,1621124099999,682747185.91091,150284,7364.479,346750316.46832,0
1621124100000,47563.71,47730.00,47386.00,47513.39,5390.201,1621124999999,256351996.79091,55219,2638.676,125510252.70867,0
1621125000000,47513.39,47739.66,47150.00,47257.35,5275.698,1621125899999,249796002.30916,51452,2528.430,119743627.21266,0
1621125900000,47257.34,47514.00,46950.00,47313.51,5300.787,1621126799999,250420520.80864,53740,2752.531,130090020.67767,0
1621126800000,47315.13,48152.44,47315.13,48100.03,5461.877,1621127699999,260837816.67164,57903,3092.247,147697158.28737,0
1621127700000,48100.03,48145.71,47850.00,47961.73,3230.063,1621128599999,154918728.56324,34696,1494.397,71678029.40298,0
1621128600000,47961.72,48000.00,47736.56,47994.91,2495.953,1621129499999,119421124.75125,26950,1298.088,62118009.00860,0
1621129500000,47991.98,48259.70,47982.27,48089.36,3115.662,1621130399999,149924379.55910,31790,1551.779,74678321.77624,0
1621130400000,48089.37,48279.00,47983.11,47993.33,2716.771,1621131299999,130670154.61258,25830,1231.366,59244034.99934,0
1621131300000,47993.33,48215.78,47993.33,48211.53,1960.277,1621132199999,94320074.10157,19838,1102.699,53057528.47334,0
1621132200000,48211.53,48255.00,48044.85,48048.21,1773.104,1621133099999,85319189.78848,17375,879.450,42321767.02863,0
1621133100000,48048.22,48359.72,48047.36,48168.43,2285.007,1621133999999,110155605.79476,23236,1217.242,58685680.96599,0
1621134000000,48168.43,48380.23,48044.00,48050.68,2699.947,1621134899999,130147357.42297,25582,1237.605,59669522.06861,0
1621134900000,48050.68,48150.00,47777.00,47809.78,2809.726,1621135799999,134764432.52764,27752,974.330,46758682.93979,0
1621135800000,47809.78,48000.00,47802.61,47923.39,2014.496,1621136699999,96549733.30234,21097,1097.992,52626893.46808,0
1621136700000,47926.29,48460.09,47900.00,48436.00,3347.102,1621137599999,161130537.77661,31686,1934.006,93124062.50106,0
1621137600000,48428.12,48831.29,48373.06,48425.43,6427.583,1621138499999,312430378.78140,61286,3286.258,159779727.97435,0
1621138500000,48425.43,48499.50,48323.24,48391.20,2314.787,1621139399999,112057978.98774,24325,1178.485,57054199.24094,0
1621139400000,48391.21,48402.84,48200.65,48246.02,2121.636,1621140299999,102460420.40939,20895,1003.620,48469191.20757,0
1621140300000,48246.01,48332.85,48093.15,48149.99,2255.453,1621141199999,108723835.26027,21458,1030.002,49666251.58319,0
1621141200000,48150.00,48396.21,48083.49,48095.54,3109.970,1621142099999,150114616.40900,28037,1471.207,71023880.25804,0
1621142100000,48095.54,48334.61,48095.54,48210.40,1933.203,1621142999999,93246549.10031,19683,1107.329,53409798.60307,0
1621143000000,48210.40,48337.82,48149.78,48302.95,1899.048,1621143899999,91617134.45057,19054,990.759,47800620.04254,0
1621143900000,48302.95,48368.00,48144.32,48214.81,1803.239,1621144799999,87023523.67669,19706,887.764,42844715.34740,0
1621144800000,48214.80,49361.41,48187.00,49360.01,7534.211,1621145699999,367831900.73829,68866,4791.582,234036614.98242,0
1621145700000,49360.00,49520.00,49150.38,49155.19,7773.300,1621146599999,383427687.94611,72439,3772.294,186130542.77044,0
1621146600000,49157.34,49347.72,49157.34,49159.56,3072.561,1621147499999,151266064.90666,29024,1710.037,84193079.74626,0
1621147500000,49159.55,49274.53,49051.25,49089.11,3333.080,1621148399999,163743322.86708,27843,1522.523,74789724.08059,0
1621148400000,49089.99,49130.00,48900.00,48989.41,2756.729,1621149299999,135069346.20046,28804,1335.006,65415273.98244,0
1621149300000,48987.69,49136.29,48874.93,48931.10,2292.440,1621150199999,112315475.59737,22134,1101.050,53963642.00403,0
1621150200000,48930.97,48994.00,48856.80,48935.56,1898.616,1621151099999,92869046.29258,19370,1012.307,49519298.79958,0
1621151100000,48935.56,49400.00,48925.98,49400.00,5202.777,1621151999999,255825220.11888,46813,2944.478,144781238.10986,0
1621152000000,49400.00,49433.92,48817.00,49073.70,5873.437,1621152899999,288210759.78187,54863,2574.812,126322794.58425,0
1621152900000,49073.70,49081.57,48860.00,48902.30,1802.678,1621153799999,88274311.33323,19925,824.420,40372207.25127,0
1621153800000,48902.30,48993.00,48670.11,48920.52,3306.448,1621154699999,161485713.33186,32046,1462.815,71456921.85074,0
1621154700000,48921.72,49069.79,48789.40,48916.34,3089.227,1621155599999,151151237.65688,26087,1435.521,70253161.06811,0
1621155600000,48916.35,49140.00,48905.91,49081.26,1893.439,1621156499999,92862062.64027,20968,1034.826,50752288.97262,0
1621156500000,49081.26,49242.12,49052.30,49142.29,2117.999,1621157399999,104089194.51131,22240,1140.776,56072903.51577,0
1621157400000,49142.30,49423.00,49100.00,49385.23,3804.599,1621158299999,187571051.01967,36290,2000.452,98632378.26302,0
1621158300000,49381.86,49495.00,49179.38,49280.99,3485.692,1621159199999,171926378.99847,31528,1482.029,73108274.09213,0
1621159200000,49280.99,49496.00,49244.27,49333.07,2580.673,1621160099999,127443076.03390,26219,1387.088,68513903.14183,0
1621160100000,49332.29,49480.00,49250.39,49457.00,2277.017,1621160999999,112356841.40791,21995,1222.908,60354230.18110,0
1621161000000,49457.00,49464.00,49290.00,49433.90,2215.053,1621161899999,109369410.33090,21865,1045.771,51638061.16393,0
1621161900000,49433.89,49829.39,49431.61,49590.80,5745.600,1621162799999,285282541.79400,57926,3173.842,157579744.42993,0
1621162800000,49591.78,49661.11,49370.00,49405.07,3601.566,1621163699999,178195603.87730,31496,1455.732,72037895.45333,0
1621163700000,49405.06,49463.41,49317.70,49324.39,1836.372,1621164599999,90688475.79937,20264,756.864,37383406.15019,0
1621164600000,49324.39,49378.41,49065.30,49167.65,3496.056,1621165499999,172084229.24563,34348,1400.890,68952016.90837,0
1621165500000,49164.16,49220.00,48937.00,49044.01,4029.724,1621166399999,197735354.67107,36037,2029.037,99583822.66470,0
1621166400000,49044.01,49182.10,49016.67,49035.46,2625.779,1621167299999,128958972.20053,23501,1376.403,67605245.05829,0
1621167300000,49035.45,49165.62,48920.45,49036.23,2556.603,1621168199999,125383597.47979,25582,1322.689,64882648.54266,0
1621168200000,49036.24,49083.28,48779.46,48815.78,3451.115,1621169099999,168843086.39861,33288,1487.303,72774910.05987,0
1621169100000,48815.78,48815.91,48560.00,48658.09,5699.303,1621169999999,277459441.94578,51165,2776.383,135173433.09033,0
1621170000000,48657.97,48800.00,48622.32,48646.38,3153.176,1621170899999,153638822.75270,29051,1623.052,79096278.93123,0
1621170900000,48646.38,48757.84,48529.27,48654.57,4706.583,1621171799999,228949516.70970,38957,2260.282,109961199.61438,0
1621171800000,48654.57,48950.97,48616.12,48876.63,5143.877,1621172699999,251077859.33307,39009,2963.341,144648570.32595,0
1621172700000,48876.38,49069.11,48865.00,48970.48,3891.132,1621173599999,190588512.88883,33674,1859.304,91064060.33235,0
1621173600000,48970.49,48982.76,48773.58,48897.40,2941.970,1621174499999,143739490.77106,27791,1295.650,63307766.96705,0
1621174500000,48897.41,49368.57,48412.31,48429.09,9047.788,1621175399999,442931237.35415,76626,4032.855,197714262.43442,0
1621175400000,48429.09,48620.58,48105.00,48343.57,9759.252,1621176299999,471740835.26915,91037,4644.857,224546410.80253,0
1621176300000,48342.33,48487.54,48266.07,48338.80,3446.961,1621177199999,166821136.12331,32500,1588.671,76899016.74082,0
1621177200000,48338.80,48381.80,48078.59,48130.00,3994.570,1621178099999,192646664.47124,39407,1913.447,92298061.46386,0
1621178100000,48130.01,48247.25,47866.25,47963.58,5977.230,1621178999999,286985265.41923,55453,2833.115,136037218.75754,0
1621179000000,47966.22,48275.08,47738.19,48012.05,6385.438,1621179899999,306682517.77468,58186,3360.374,161450429.62609,0
1621179900000,48012.05,48172.54,47694.71,47812.34,4923.704,1621180799999,235997652.46556,47145,2322.041,111345975.64969,0
1621180800000,47812.33,48090.84,47439.16,48090.84,9516.882,1621181699999,454524318.95507,106797,4772.703,228057051.26241,0
1621181700000,48090.83,48162.92,47689.36,47701.62,4397.333,1621182599999,210914807.64789,44648,2081.161,99834960.16055,0
1621182600000,47701.62,47724.00,47168.13,47202.32,8374.640,1621183499999,396825464.13343,92797,3922.568,185871705.32489,0
1621183500000,47202.32,47508.61,47034.24,47327.43,7701.441,1621184399999,364098958.13740,80682,3783.619,178935145.38632,0
1621184400000,47327.43,47501.52,46700.00,46727.29,10281.457,1621185299999,483974905.48041,99983,4437.783,209021246.01280,0
1621185300000,46727.29,47132.82,46225.99,47036.89,15497.480,1621186199999,724275496.76508,166290,7655.598,358037788.79477,0
1621186200000,47036.90,47280.39,46642.81,47187.80,8303.191,1621187099999,389754328.48061,74024,4631.782,217443324.14321,0
1621187100000,47188.08,47332.50,46918.68,47109.26,8284.352,1621187999999,390892511.84303,64444,4573.804,215894104.59378,0
1621188000000,47109.12,47403.45,46801.18,46933.71,9558.513,1621188899999,449889006.93283,81187,4956.161,233303981.07776,0
1621188900000,46934.02,47040.00,46200.00,46291.64,9383.336,1621189799999,436985420.58557,92339,4107.398,191349249.91236,0
1621189800000,46291.63,46812.21,45720.00,46460.31,18587.119,1621190699999,860013118.78133,198129,8765.065,405871706.60981,0
1621190700000,46457.54,46830.78,45300.00,45400.31,19200.744,1621191599999,882037747.42083,202114,8635.621,396841679.63309,0
1621191600000,45400.31,45869.73,45100.00,45586.08,17704.272,1621192499999,805559312.20253,208734,8917.332,405992369.64357,0
1621192500000,45586.09,46030.61,45408.30,45761.34,9842.093,1621193399999,450246399.66682,111008,5211.168,238489008.45673,0
1621193400000,45761.35,46230.99,45308.01,45315.76,9990.033,1621194299999,457637092.71805,105856,4533.624,207831714.27532,0
1621194300000,45315.77,45600.00,44368.52,45573.29,25246.512,1621195199999,1137455911.33094,260516,11874.792,535419184.30926,0
1621195200000,45572.68,45869.18,45376.61,45678.25,13116.056,1621196099999,598817324.89312,135968,6700.975,306009808.20866,0
1621196100000,45678.25,45805.31,44731.64,44783.97,11957.279,1621196999999,541221991.54989,121449,5501.818,249115889.51794,0
1621197000000,44780.95,45261.16,43957.00,44265.07,19544.969,1621197899999,871799179.44352,207906,8985.609,401318574.66828,0
1621197900000,44260.77,44682.18,43866.00,44126.46,20068.822,1621198799999,887063008.95296,229308,10229.607,452357531.50830,0
1621198800000,44116.16,44855.14,44116.15,44718.16,11675.776,1621199699999,520708973.31163,133527,6166.948,275050159.20635,0
1621199700000,44718.16,44722.34,43920.00,44611.62,10834.940,1621200599999,480423816.83683,133503,5321.841,236015073.28582,0
1621200600000,44611.62,45501.36,44261.96,45474.71,13284.726,1621201499999,596876889.69451,149610,7753.463,348606061.87018,0
1621201500000,45474.73,45615.78,45016.92,45207.65,8915.557,1621202399999,404014546.87428,95479,4058.841,184043859.79736,0
1621202400000,45209.97,45951.14,45181.42,45951.14,9155.298,1621203299999,418009894.75294,92543,5492.662,250772290.72311,0
1621203300000,45950.92,46277.70,45854.60,45899.99,9618.312,1621204199999,442827605.63046,98246,5103.320,234998161.77392,0
1621204200000,45897.99,45897.99,45542.99,45608.17,5187.797,1621205099999,237094053.65279,53247,2338.102,106861750.93811,0
1621205100000,45608.17,45877.73,45530.50,45572.15,4229.648,1621205999999,193201254.19272,39008,2009.326,91812068.58901,0
1621206000000,45577.59,45817.28,45383.97,45586.66,6842.247,1621206899999,311813758.65934,57823,3328.165,151786444.87573,0
1621206900000,45590.44,46188.49,45555.13,45958.35,6380.829,1621207799999,292780160.54158,57545,3559.572,163310644.84131,0
1621207800000,45958.36,46138.97,45638.22,46073.88,5656.930,1621208699999,259531784.39465,45508,2645.050,121373270.75176,0
1621208700000,46072.24,46500.00,45875.80,46429.28,7224.861,1621209599999,334190193.18626,65029,3969.032,183610993.40186,0
1621209600000,46429.28,46655.00,46050.00,46088.68,6614.916,1621210499999,306431552.32972,69963,3147.984,145866188.20729,0
1621210500000,46088.67,46226.74,45918.69,46024.11,3873.329,1621211399999,178471820.47669,38888,1898.393,87487131.81888,0
1621211400000,46024.10,46399.90,45960.38,46230.75,3949.982,1621212299999,182598297.31587,38335,2186.386,101073403.00183,0
1621212300000,46235.74,46358.31,45504.83,45577.77,6119.443,1621213199999,280679927.67759,57999,2447.108,112259938.98111,0
1621213200000,45576.24,45648.06,45066.66,45087.47,8243.031,1621214099999,373718678.40628,81166,3702.813,167904509.16657,0
1621214100000,45085.88,45240.05,44831.00,45110.80,7903.112,1621214999999,356051131.97265,80980,3952.837,178139188.90932,0
1621215000000,45108.85,45306.50,44839.33,45077.92,5876.340,1621215899999,265075741.04146,58806,3041.074,137228000.60638,0
1621215900000,45077.91,45268.94,44524.51,44923.00,9174.524,1621216799999,412047021.67887,88907,4276.389,192167186.18389,0
1621216800000,44923.00,45235.00,44717.03,45200.72,5580.943,1621217699999,251432808.36732,50320,3120.714,140620690.27686,0
1621217700000,45200.71,45298.89,44754.63,44868.27,4994.442,1621218599999,224842121.14229,47849,2381.538,107252439.90079,0
1621218600000,44868.28,44868.28,44288.00,44424.87,8426.379,1621219499999,375548106.09825,76981,3727.353,166147017.60418,0
1621219500000,44424.87,44659.81,44311.63,44550.01,5423.660,1621220399999,241501891.16853,51586,2931.710,130559602.71103,0
1621220400000,44550.01,44786.00,44100.00,44176.00,7328.995,1621221299999,325575081.84440,69272,3319.888,147580667.49340,0
1621221300000,44175.99,44322.76,43275.49,43316.03,18422.283,1621222199999,805507920.29760,159446,7753.445,339218188.02526,0
1621222200000,43316.03,43983.54,43010.10,43758.21,18094.051,1621223099999,787656904.81745,173884,9161.717,399084668.65189,0
1621223100000,43758.22,43991.01,42759.57,42990.79,16880.498,1621223999999,731022698.91208,155819,7728.259,334958625.42127,0
1621224000000,42991.01,43500.00,42200.00,43186.21,28395.938,1621224899999,1213557073.77059,256180,14477.949,619223119.17703,0
1621224900000,43184.52,43802.22,42730.18,43592.66,15511.866,1621225799999,672474709.49485,143612,7940.994,344424942.54024,0
1621225800000,43592.67,43811.73,43185.64,43194.73,10631.005,1621226699999,462775936.96919,93023,5388.306,234701949.50224,0
1621226700000,43194.73,43709.17,43003.74,43635.46,9060.773,1621227599999,393576142.04565,87873,4759.385,206794482.92252,0
1621227600000,43635.46,43840.86,43307.57,43361.96,6247.230,1621228499999,272338825.49021,65374,3111.595,135660551.93572,0
1621228500000,43361.96,43428.69,42919.69,43012.63,7947.016,1621229399999,343064973.52219,81556,3665.283,158319302.61403,0
1621229400000,43012.64,43392.88,42660.00,42712.63,9856.297,1621230299999,423929876.89115,96892,4972.010,213932786.34949,0
1621230300000,42713.49,44322.99,42476.39,44250.94,15748.369,1621231199999,679985268.19057,169888,9394.172,406124629.71381,0
1621231200000,44257.20,45143.53,43935.68,45040.21,28989.482,1621232099999,1295925538.14967,313032,15443.932,690696990.95962,0
1621232100000,45042.23,45347.96,44740.82,44880.11,12131.967,1621232999999,545845150.19175,122893,6012.850,270649696.38023,0
1621233000000,44880.12,44890.39,44436.36,44454.61,7179.961,1621233899999,320507361.92209,81838,3132.124,139831941.61267,0
1621233900000,44454.61,44575.67,44110.00,44380.76,7941.331,1621234799999,351832632.42205,82387,4081.753,180897228.54779,0
1621234800000,44380.76,44748.47,44160.42,44545.53,7612.089,1621235699999,338577210.05886,75345,3808.773,169522603.24047,0
1621235700000,44545.52,44870.06,44486.65,44713.93,5093.408,1621236599999,227724107.19348,54482,2513.099,112374525.64842,0
1621236600000,44713.92,45027.48,44649.21,44877.47,4504.372,1621237499999,201982266.19213,49801,2448.271,109805340.69495,0
1621237500000,44875.73,45273.31,44750.00,45182.45,6082.876,1621238399999,273860709.19383,62681,3099.684,139595453.44833,0
1621238400000,45175.74,45527.95,44851.89,45063.93,10877.652,1621239299999,492006354.37182,115931,5138.186,232465655.46777,0
1621239300000,45060.03,45187.26,44740.00,45178.75,5264.100,1621240199999,236626209.44123,55028,2889.129,129909718.78605,0
1621240200000,45178.42,45553.99,45107.25,45292.73,6978.241,1621241099999,316339537.40437,71854,3371.135,152847502.21292,0
1621241100000,45292.72,45565.44,45230.26,45359.03,4829.478,1621241999999,219232686.16856,49324,2570.215,116695936.25952,0
1621242000000,45355.42,45500.00,45040.00,45096.56,5207.572,1621242899999,235386877.82922,52300,2263.858,102345121.09633,0
1621242900000,45096.56,45190.94,45012.00,45143.77,4259.916,1621243799999,192089005.80793,38908,2166.307,97710976.67291,0
1621243800000,45143.76,45300.00,45020.00,45138.07,3141.649,1621244699999,141883594.92297,31675,1585.713,71627037.26848,0
1621244700000,45138.07,45567.48,45062.00,45458.58,6132.719,1621245599999,278094132.47521,54913,3209.739,145587064.38519,0
1621245600000,45458.59,45550.00,45250.02,45398.25,3492.985,1621246499999,158613881.38851,35511,1750.474,79506813.87880,0
1621246500000,45398.25,45398.25,45021.00,45024.01,5663.373,1621247399999,255612671.76296,50823,2594.660,117099979.65516,0
1621247400000,45024.00,45215.00,45020.00,45065.02,3251.685,1621248299999,146728521.95296,31108,1505.175,67929002.65372,0
1621248300000,45065.66,45168.74,44500.00,44620.50,12293.115,1621249199999,551116130.47424,99917,4473.067,200372985.71688,0
1621249200000,44620.28,44874.00,44428.00,44768.53,6558.283,1621250099999,292907512.49967,67539,3397.557,151817862.87779,0
1621250100000,44768.52,45411.13,44766.75,45161.99,7221.097,1621250999999,326382494.53518,79339,3853.400,174095311.28083,0
1621251000000,45161.24,45874.20,45158.66,45769.00,8806.812,1621251899999,401269345.32202,87938,5125.779,233524321.91520,0
1621251900000,45769.56,45835.12,45555.91,45799.97,5170.941,1621252799999,236373220.18031,53285,2666.201,121906762.04102,0
1621252800000,45799.97,45861.41,45515.45,45618.90,5315.402,1621253699999,242742830.62345,50807,2395.262,109412924.45294,0
1621253700000,45618.91,45670.00,45150.00,45159.05,5579.473,1621254599999,253238121.89365,58367,2414.733,109631902.57505,0
1621254600000,45159.15,45328.88,44757.58,44965.29,9309.789,1621255499999,418859380.28022,84272,4813.274,216549285.52510,0
1621255500000,44965.28,45145.42,44880.00,44980.97,5334.584,1621256399999,240161368.12386,48088,2547.800,114733773.84185,0
1621256400000,44980.96,45099.99,44644.00,44720.82,5195.881,1621257299999,233208182.76488,54345,2248.337,100952134.09821,0
1621257300000,44720.82,44983.05,44610.64,44610.82,4310.995,1621258199999,193168352.05487,45115,2241.394,100466106.97162,0
1621258200000,44610.83,45284.50,44610.11,45032.35,6600.703,1621259099999,296722522.53993,63142,3740.084,168128038.51951,0
1621259100000,45032.35,45148.00,44740.72,45072.32,4777.199,1621259999999,214651063.57200,49500,2453.555,110259185.75676,0
1621260000000,45070.56,45185.96,44240.00,44286.98,7643.279,1621260899999,341282406.21376,82168,3095.595,138323090.20635,0
1621260900000,44286.97,44426.05,44022.00,44173.33,10532.920,1621261799999,465453808.54255,106053,5335.348,235814806.47602,0
1621261800000,44173.33,44587.88,43810.00,44325.52,11032.977,1621262699999,487932998.16940,103780,5515.389,244142566.61843,0
1621262700000,44325.51,44584.18,44305.29,44488.79,4020.535,1621263599999,178799578.65724,44693,1905.150,84733104.45781,0
1621263600000,44488.80,44686.58,43926.00,44109.70,10345.214,1621264499999,457999134.65779,105276,4697.782,208047903.28300,0
1621264500000,44109.69,44319.63,43900.00,44043.38,7564.734,1621265399999,333469712.28739,80256,3879.175,171043912.05079,0
1621265400000,44045.34,44165.26,43520.00,43696.02,11148.087,1621266299999,488051729.36487,115723,5435.103,238019837.15570,0
1621266300000,43696.03,43810.00,43207.31,43401.14,10606.338,1621267199999,460914271.00810,118121,5104.028,221850833.09744,0
1621267200000,43401.14,43884.89,42924.00,42924.46,18859.955,1621268099999,818694220.32366,195971,9276.098,402959737.15141,0
1621268100000,42925.07,43620.00,42920.00,43585.22,10861.452,1621268999999,469686132.70968,121974,6043.194,261362795.83956,0
1621269000000,43585.22,43606.94,43017.23,43046.49,7508.107,1621269899999,324681129.50695,82161,3553.255,153670229.05893,0
1621269900000,43046.49,43279.21,42563.36,42629.97,12148.729,1621270799999,520504532.02497,133746,5696.097,244079450.37145,0
1621270800000,42629.98,43000.00,42317.17,42377.55,13141.027,1621271699999,559779773.81612,142831,6088.612,259456836.60176,0
1621271700000,42379.21,42800.00,42151.00,42489.45,13983.821,1621272599999,593579751.81394,147070,7204.282,305933193.83606,0
1621272600000,42489.22,43232.35,42483.14,42662.73,14182.058,1621273499999,608224317.52735,148550,7371.086,316193414.61300,0
1621273500000,42666.52,43083.70,42606.55,42641.47,6314.510,1621274399999,270558577.64971,73599,3123.171,133850874.44712,0
1621274400000,42641.35,43599.98,42368.02,43262.02,17110.876,1621275299999,737539529.37496,174330,9414.639,405783984.91938,0
1621275300000,43262.03,43280.89,42900.00,43060.36,7896.062,1621276199999,340118142.14004,87434,4019.582,173180827.66934,0
1621276200000,43060.37,43725.49,42857.80,43634.66,7800.845,1621277099999,338130708.47528,91542,4155.428,180210582.97004,0
1621277100000,43634.66,43785.78,43433.63,43535.00,5677.540,1621277999999,247679166.28223,64622,2723.407,118836089.20483,0
1621278000000,43535.00,44091.65,43535.00,43975.00,8095.498,1621278899999,355445781.97478,82633,4324.494,189867771.99029,0
1621278900000,43974.99,44429.59,43873.18,44157.73,7336.585,1621279799999,324304654.89924,75724,3614.138,159770509.69244,0
1621279800000,44157.73,44268.75,43980.00,44086.12,4096.447,1621280699999,180677244.84595,45709,1806.025,79671586.28770,0
1621280700000,44087.70,44313.59,44051.13,44246.97,3662.442,1621281599999,161882031.47520,38961,1782.288,78791450.36067,0
1621281600000,44246.99,44330.24,44104.16,44158.18,3610.450,1621282499999,159644853.45856,36108,1714.733,75827463.44193,0
1621282500000,44158.19,44550.00,44156.06,44348.98,5889.304,1621283399999,261424627.36802,51626,3178.845,141135178.75998,0
1621283400000,44348.99,44791.35,44298.39,44670.81,5247.126,1621284299999,234030862.39706,49266,3019.220,134688413.78208,0
1621284300000,44683.69,44995.00,44659.89,44800.00,5199.938,1621285199999,233174578.44208,51541,2692.409,120731403.38516,0
1621285200000,44800.00,44860.00,44235.22,44293.43,5868.438,1621286099999,261332864.79125,63627,2270.096,101102492.77575,0
1621286100000,44293.43,44523.69,44275.58,44380.00,3739.263,1621286999999,166124371.22742,36054,1859.749,82632426.43093,0
1621287000000,44380.00,44431.06,43944.35,44089.21,4341.757,1621287899999,191641846.94379,48926,1942.800,85745205.96607,0
1621287900000,44085.50,44089.21,43328.72,43576.59,8341.321,1621288799999,364119246.57572,97974,3880.947,169398065.75037,0
1621288800000,43576.58,44445.10,43576.58,44211.20,7577.073,1621289699999,334059500.23743,79322,4134.841,182248864.46810,0
1621289700000,44211.21,44257.72,43495.04,43523.01,7680.889,1621290599999,336928360.38266,76089,3520.094,154443793.39323,0
1621290600000,43523.96,43692.87,43050.00,43158.67,8044.046,1621291499999,348064827.72736,85228,3890.353,168359616.43417,0
1621291500000,43158.67,43324.58,42664.19,42944.15,9323.876,1621292399999,400173988.10035,93712,4437.266,190524216.55107,0
1621292400000,42941.77,43469.54,42525.30,42833.57,14262.345,1621293299999,613523264.86794,125626,7129.456,306719540.92426,0
1621293300000,42833.58,43484.30,42700.00,43239.01,9228.191,1621294199999,397766727.22754,92460,4865.914,209793766.19790,0
1621294200000,43239.01,43882.56,43097.30,43726.15,8209.983,1621295099999,358213752.80280,85240,4406.867,192359458.10922,0
1621295100000,43726.14,43857.13,43345.04,43566.18,5581.775,1621295999999,243170702.01344,56825,2464.469,107404512.18475,0
1621296000000,43565.11,44361.10,43189.26,44185.11,12983.590,1621296899999,569943452.20315,133854,6885.888,302380839.18648,0
1621296900000,44188.59,44666.00,44123.50,44484.66,8504.005,1621297799999,378023661.36691,81842,4548.892,202246617.20141,0
1621297800000,44484.65,44664.53,44255.77,44305.22,5168.443,1621298699999,229632565.75583,53072,2364.979,105108637.47280,0
1621298700000,44301.58,44570.00,44159.09,44421.68,4830.367,1621299599999,214295718.92575,45147,2531.000,112338976.09636,0
1621299600000,44421.69,45100.00,44345.33,45030.35,8476.315,1621300499999,379339038.20010,76439,5106.288,228584317.76621,0
1621300500000,45025.19,45332.40,44733.80,45126.18,7081.127,1621301399999,318737707.29769,70533,3799.826,171098313.01621,0
1621301400000,45126.18,45168.23,44823.24,44962.28,5795.377,1621302299999,260522107.24944,55104,2636.034,118521155.05661,0
1621302300000,44962.28,45232.27,44944.42,45117.46,3854.850,1621303199999,173707180.43955,39476,1974.214,88984723.76502,0
1621303200000,45117.45,45318.95,44701.01,44701.02,5165.295,1621304099999,232135335.48192,52329,2312.660,104000334.99075,0
1621304100000,44701.02,44843.25,44570.24,44703.25,3673.641,1621304999999,164163909.33732,39898,1732.691,77446533.64409,0
1621305000000,44703.24,45063.80,44703.24,45036.09,4047.559,1621305899999,181852579.19924,40740,2309.331,103757844.14208,0
1621305900000,45036.09,45246.00,44901.87,45060.72,3682.364,1621306799999,165987216.42855,38917,2019.099,91040275.03335,0
1621306800000,45060.72,45097.70,44830.00,44921.99,2710.621,1621307699999,121829559.23811,29326,1236.316,55565535.24666,0
1621307700000,44922.00,45025.59,44731.94,44992.77,2611.265,1621308599999,117205553.13183,30373,1305.467,58607245.66686,0
1621308600000,44991.41,45100.00,44715.27,44731.46,3203.442,1621309499999,143847322.14521,31966,1502.561,67484150.42418,0
1621309500000,44735.14,44923.40,44715.00,44819.75,1875.700,1621310399999,84062524.72031,23324,909.647,40767479.59818,0
1621310400000,44819.76,45457.16,44785.65,45191.30,6462.129,1621311299999,292070348.62373,65904,3562.771,161017805.69827,0
1621311300000,45184.79,45245.16,44990.00,45064.21,3652.210,1621312199999,164704189.01179,36028,1764.613,79577751.41149,0
1621312200000,45064.21,45488.28,45027.00,45462.01,4326.948,1621313099999,195959113.06952,41659,2218.389,100448683.07441,0
1621313100000,45462.02,45578.80,45263.44,45342.00,4177.925,1621313999999,189670558.34331,44097,2084.060,94623801.71452,0
1621314000000,45343.47,45520.97,45200.00,45393.87,3182.517,1621314899999,144395892.23125,34912,1612.260,73163811.51804,0
1621314900000,45393.87,45451.00,45210.00,45268.90,2939.083,1621315799999,133235693.80635,30152,1343.470,60905281.04816,0
1621315800000,45268.87,45450.00,45072.49,45425.77,3852.063,1621316699999,174325440.55649,39524,1957.281,88588506.95760,0
1621316700000,45425.76,45450.00,45142.00,45379.64,3903.050,1621317599999,176787189.85385,32879,1543.017,69896219.32755,0
1621317600000,45377.37,45846.61,45314.71,45727.74,7491.313,1621318499999,341753718.99810,64239,4545.045,207433201.28402,0
1621318500000,45727.74,45821.12,45295.85,45486.01,6092.571,1621319399999,277345482.88838,52761,2524.122,114951027.58248,0
1621319400000,45486.01,45535.70,45150.00,45269.67,4186.262,1621320299999,189459320.70875,41473,2000.000,90520672.01738,0
1621320300000,45269.67,45362.71,44832.47,44937.56,6016.475,1621321199999,271023427.22074,60228,2824.336,127226403.51384,0
1621321200000,44937.55,45099.86,44862.78,44958.61,3839.705,1621322099999,172815590.13878,38786,1901.703,85603239.42761,0
1621322100000,44958.64,45250.42,44955.00,45051.41,3916.245,1621322999999,176592890.39746,37705,1992.161,89854940.84059,0
1621323000000,45051.39,45215.00,44902.44,45059.60,3090.537,1621323899999,139358289.45850,34297,1607.417,72496228.20185,0
1621323900000,45059.60,45231.09,44905.44,45175.91,4332.372,1621324799999,195160925.22233,40693,2236.078,100735918.33916,0
1621324800000,45175.90,45298.58,45006.00,45240.04,3259.021,1621325699999,147171627.23006,37824,1695.974,76601028.07671,0
1621325700000,45240.05,45443.89,45170.00,45303.84,3399.128,1621326599999,154011967.86697,37236,1821.368,82538937.46791,0
1621326600000,45303.85,45350.00,44978.00,45000.00,3333.878,1621327499999,150584882.62867,36420,1459.564,65937542.04615,0
1621327500000,45000.01,45113.88,44872.23,44949.81,3937.530,1621328399999,177108293.96146,45332,1935.657,87074618.60615,0
1621328400000,44949.80,45063.74,44725.64,44797.73,4383.096,1621329299999,196595665.05715,45981,2010.809,90208788.97610,0
1621329300000,44797.74,44978.27,44644.08,44883.91,4932.946,1621330199999,221046522.56392,47244,2533.988,113590609.84726,0
1621330200000,44885.68,45081.71,44793.92,44977.71,3921.022,1621331099999,176255573.65998,39987,2037.244,91592654.01000,0
1621331100000,44983.20,45171.46,44871.96,44981.15,3237.459,1621331999999,145742617.18577,35138,1719.347,77419706.94027,0
1621332000000,44981.16,45070.03,44765.63,44947.98,2778.943,1621332899999,124845446.37365,30768,1333.713,59923070.91274,0
1621332900000,44948.85,45377.00,44905.31,45212.98,5330.775,1621333799999,240899766.91666,48322,3056.951,138150621.00991,0
1621333800000,45212.97,45523.19,45167.43,45381.80,3737.663,1621334699999,169493365.82476,37832,2044.942,92745186.20981,0
1621334700000,45381.79,45400.00,45240.80,45392.28,2523.300,1621335599999,114357203.06671,26776,1153.218,52269264.06997,0
1621335600000,45392.28,45429.99,45155.21,45266.31,3045.199,1621336499999,137898752.65000,30795,1325.639,60041576.49440,0
1621336500000,45266.30,45600.03,45205.72,45585.00,5208.427,1621337399999,236801925.01217,45207,2965.881,134838947.63317,0
1621337400000,45582.04,45676.79,45450.00,45486.76,2970.814,1621338299999,135311928.54745,35198,1382.477,62973420.75258,0
1621338300000,45483.63,45692.56,45323.41,45366.00,4103.695,1621339199999,186832276.05674,42452,1942.129,88444904.22081,0
1621339200000,45366.01,45393.27,44850.00,45042.16,8733.514,1621340099999,393483424.39699,89229,4195.592,189018152.66440,0
1621340100000,45042.16,45164.95,44715.00,44724.49,7407.476,1621340999999,333014856.71008,65561,3611.079,162383376.60664,0
1621341000000,44722.08,44924.08,44179.16,44223.27,12131.279,1621341899999,540005159.97935,112471,5421.252,241370429.47041,0
1621341900000,44223.28,44414.64,43754.46,43985.88,14719.489,1621342799999,648061106.33172,151667,7151.840,314904382.28036,0
1621342800000,43985.88,44096.00,43713.63,43779.23,8565.428,1621343699999,376575486.22531,84314,4241.288,186525894.18384,0
1621343700000,43780.52,43839.19,43300.00,43654.96,17299.872,1621344599999,753750948.97524,167943,8372.611,364896654.22387,0
1621344600000,43654.97,43963.82,43609.40,43936.26,8275.941,1621345499999,362330211.88916,85476,4543.673,198973495.88405,0
1621345500000,43936.25,43937.74,43581.36,43717.95,6573.553,1621346399999,287651749.05219,64654,3031.505,132670077.83588,0
1621346400000,43717.94,43721.60,42868.00,43131.26,16676.576,1621347299999,719940612.84414,176005,7727.041,333555099.75892,0
1621347300000,43133.19,43428.05,43115.60,43295.93,7067.594,1621348199999,306124556.50549,74113,3565.370,154434727.30835,0
1621348200000,43295.93,43350.00,42675.00,43025.35,14657.165,1621349099999,629249743.35612,150590,7086.895,304300498.23886,0
1621349100000,43024.99,43381.95,42682.90,43269.57,11131.076,1621349999999,479106899.62813,118681,6122.660,263610588.53599,0
1621350000000,43269.57,43704.46,42888.00,43609.39,13057.194,1621350899999,566759506.85408,135775,6855.858,297653143.66155,0
1621350900000,43609.40,43825.15,43422.37,43673.16,7401.477,1621351799999,322742700.55937,72045,3718.156,162164084.18900,0
1621351800000,43673.15,43678.73,43000.00,43083.50,9344.839,1621352699999,404705924.17760,88216,3868.926,167582392.51800,0
1621352700000,43083.51,43270.99,42806.92,43000.01,8132.392,1621353599999,350331180.07460,84816,3916.083,168721509.66471,0
1621353600000,43000.00,43430.87,42634.52,42717.46,13699.440,1621354499999,589510149.66134,144537,6654.608,286540785.79803,0
1621354500000,42717.46,43519.59,42693.00,43413.36,11839.825,1621355399999,509905106.09162,114876,6669.501,287395591.70508,0
1621355400000,43413.37,43583.16,43100.00,43459.50,8375.215,1621356299999,363078500.78585,86956,4288.210,185967661.72157,0
1621356300000,43457.04,43697.00,43344.48,43630.06,6790.026,1621357199999,295703500.15030,65670,3407.106,148392563.42148,0
1621357200000,43630.06,43736.58,43307.68,43616.90,6907.615,1621358099999,300421705.31170,71073,3456.178,150348119.82866,0
1621358100000,43616.90,43849.41,43389.47,43796.70,5714.251,1621358999999,249326366.75514,56219,3115.357,135966546.26510,0
1621359000000,43796.70,43836.99,43519.53,43596.05,4065.111,1621359899999,177399103.57757,40464,1858.686,81126882.30592,0
1621359900000,43596.05,43650.71,43333.00,43363.90,3962.259,1621360799999,172090462.84221,40324,1759.547,76417273.19159,0
1621360800000,43362.82,43366.20,42755.00,42949.59,10162.663,1621361699999,436693082.72647,98728,4364.502,187519369.29653,0
1621361700000,42949.59,43053.42,42720.00,42938.39,6524.289,1621362599999,279793549.97892,61765,3325.263,142654541.59693,0
1621362600000,42938.38,43044.15,42400.00,42775.78,10483.594,1621363499999,447218616.14572,106909,4674.910,199508305.82082,0
1621363500000,42775.77,42918.49,42466.18,42820.01,7629.822,1621364399999,325576578.21709,74329,3949.920,168591730.61759,0
1621364400000,42820.01,43030.00,42643.57,42695.84,5921.738,1621365299999,253834539.54710,60328,2839.703,121746859.16412,0
1621365300000,42695.85,42978.53,42525.00,42740.60,5698.226,1621366199999,243577302.73500,58323,2797.359,119587334.66897,0
1621366200000,42740.60,43518.10,42704.00,43495.17,8554.359,1621367099999,368372197.67654,79983,5103.407,219819345.49070,0
1621367100000,43495.16,43644.14,43205.00,43283.16,7137.893,1621367999999,309788587.38231,70126,3514.583,152586672.30620,0
1621368000000,43283.15,43314.83,42818.88,42923.67,5177.786,1621368899999,222983412.84463,51597,1985.892,85548136.44229,0
1621368900000,42923.67,43537.45,42732.18,43449.38,7266.500,1621369799999,313668585.01165,69162,4062.603,175389590.65688,0
1621369800000,43449.38,43499.71,43120.70,43293.60,3940.071,1621370699999,170513823.95400,41939,1929.885,83529661.65298,0
1621370700000,43293.61,43562.01,43161.21,43278.34,3801.725,1621371599999,164672024.63236,40723,1976.874,85654424.03101,0
1621371600000,43278.35,43521.26,43249.29,43367.17,3449.042,1621372499999,149658206.78327,40367,1594.633,69195387.07887,0
1621372500000,43367.18,43395.00,42956.00,43253.54,4761.075,1621373399999,205521003.19330,48914,2152.989,92936534.33084,0
1621373400000,43253.55,43263.00,42864.25,42873.43,3221.217,1621374299999,138784769.49187,37096,1419.155,61155543.07694,0
1621374300000,42870.15,43106.27,42800.00,43014.43,3902.613,1621375199999,167567604.26750,41344,1968.118,84526926.10972,0
1621375200000,43014.43,43111.69,42725.00,42911.18,4681.301,1621376099999,200905419.61692,46833,2343.048,100585396.58241,0
1621376100000,42911.35,43202.50,42852.27,43132.89,3011.914,1621376999999,129711069.48581,32746,1617.694,69675626.01586,0
1621377000000,43132.89,43271.91,43063.76,43262.89,2784.963,1621377899999,120282268.20140,28988,1256.171,54264292.99344,0
1621377900000,43262.90,43266.35,42778.00,42839.64,4075.947,1621378799999,175129197.24959,40036,1913.940,82224056.75436,0
1621378800000,42842.47,42847.98,42268.00,42435.44,10315.400,1621379699999,438417339.75589,95827,3950.959,167911323.10553,0
1621379700000,42435.43,42882.05,42369.12,42863.64,5314.391,1621380599999,226600549.26606,51817,2778.947,118515210.21237,0
1621380600000,42863.64,42863.64,42432.00,42715.22,5797.761,1621381499999,247305034.44683,54762,2954.473,126054716.35645,0
1621381500000,42715.82,43210.00,42533.11,42882.53,8987.433,1621382399999,386135275.07205,79908,4530.632,194671040.36019,0
1621382400000,42882.54,43615.93,42508.94,43439.50,15559.277,1621383299999,670957434.30333,148179,8108.638,349887594.27196,0
1621383300000,43439.51,43469.50,43177.95,43229.61,5355.905,1621384199999,231862386.34730,53545,2441.226,105679927.39265,0
1621384200000,43233.85,43238.98,42665.04,42875.17,7579.773,1621385099999,324926713.33716,69336,2911.935,124787522.40683,0
1621385100000,42874.99,42885.67,42573.09,42634.59,6043.429,1621385999999,258073483.15397,49856,2557.369,109239377.39818,0
1621386000000,42634.86,42723.15,42200.00,42200.00,7368.412,1621386899999,312965587.75180,73749,3162.914,134424326.08090,0
1621386900000,42200.01,42425.87,41312.00,41514.62,28302.550,1621387799999,1181203164.40097,277385,11910.881,496981928.34005,0
1621387800000,41514.62,41729.66,41013.95,41223.00,15829.088,1621388699999,654556125.86997,164627,7211.541,298362613.80709,0
1621388700000,41223.00,41372.20,40500.53,40875.75,25209.422,1621389599999,1030050140.15716,249435,11675.458,477131857.13520,0
1621389600000,40875.75,41326.57,40743.60,40832.13,12883.250,1621390499999,529265081.23047,129291,6441.174,264700956.12159,0
1621390500000,40831.45,41072.10,40599.34,40864.31,10940.144,1621391399999,447068849.87048,105911,5483.832,224166915.83971,0
1621391400000,40863.12,41159.25,40734.01,41129.99,7798.982,1621392299999,319457434.37572,82058,4142.708,169713174.44880,0
1621392300000,41129.99,41130.00,40256.44,40337.06,11091.464,1621393199999,450896838.54825,113057,4465.405,181657323.69453,0
1621393200000,40332.45,40888.00,40128.00,40587.48,15277.491,1621394099999,618450323.62856,164135,7909.259,320253187.67721,0
1621394100000,40587.47,41090.00,40469.61,40986.24,9980.143,1621394999999,407616356.18198,102496,5478.781,223798824.69376,0
1621395000000,40985.92,41000.00,40620.52,40637.52,6776.001,1621395899999,276643782.71132,64305,3191.796,130341226.05381,0
1621395900000,40636.10,40840.90,40490.00,40635.30,7527.099,1621396799999,305923887.59784,72148,3729.549,151615294.29684,0
1621396800000,40638.04,40886.88,40408.62,40418.50,9376.790,1621397699999,380670609.81168,86498,4568.211,185510158.18632,0
1621397700000,40418.49,40520.00,39500.00,39591.60,26682.282,1621398599999,1064873652.87844,243988,10947.786,436948460.18671,0
1621398600000,39591.59,40190.41,38903.18,39349.92,29593.854,1621399499999,1170943502.49744,287620,13955.464,552856318.92825,0
1621399500000,39348.97,39530.08,38644.87,39342.90,30936.591,1621400399999,1207688718.66117,307531,15493.599,605143891.92472,0
1621400400000,39341.94,39987.00,39200.00,39817.58,21757.117,1621401299999,860947284.21588,215537,11397.329,451159905.65715,0
1621401300000,39817.57,39897.69,39456.00,39737.76,10338.595,1621402199999,409980153.85354,109369,5466.936,216810908.64486,0
1621402200000,39737.75,39757.17,39061.23,39237.58,12308.399,1621403099999,484190394.83217,127179,5891.043,231751294.94366,0
1621403100000,39237.89,39566.51,39110.00,39270.33,10779.878,1621403999999,423946980.01625,107737,5420.225,213150114.04133,0
1621404000000,39270.30,39926.29,39260.18,39892.92,10877.616,1621404899999,431730435.36315,110573,6173.648,245081276.71848,0
1621404900000,39892.92,39895.32,39605.74,39794.32,6771.947,1621405799999,269322075.57309,69681,3342.942,132958540.60083,0
1621405800000,39794.33,39798.76,39420.27,39438.49,7085.989,1621406699999,280453604.51387,66816,3095.317,122526474.82577,0
1621406700000,39438.49,39487.70,39110.89,39422.74,11031.468,1621407599999,433493317.15472,98278,5366.206,210911297.86532,0
1621407600000,39422.40,39698.97,38913.98,38993.90,11190.833,1621408499999,439971638.26893,107233,5216.439,205314267.17672,0
1621408500000,38993.90,39654.90,38500.00,39607.30,20926.206,1621409399999,820451007.66691,190555,10731.997,421225696.18859,0
1621409400000,39607.30,40342.73,39411.98,40143.95,18329.362,1621410299999,730922928.47478,164247,10452.030,416939357.49584,0
1621410300000,40142.45,40522.37,40136.23,40372.57,13702.151,1621411199999,552612799.74540,133316,7235.779,291902595.20932,0
1621411200000,40369.92,40490.94,40090.98,40170.91,9284.442,1621412099999,373640420.35790,89542,4378.264,176222498.43876,0
1621412100000,40170.91,40350.14,39880.00,40333.54,9067.746,1621412999999,363570967.65534,88157,4706.806,188808231.58677,0
1621413000000,40331.90,40590.61,40169.89,40463.10,8180.121,1621413899999,330385685.16421,82186,4415.462,178357205.44503,0
1621413900000,40463.71,40853.00,40306.24,40491.13,9246.193,1621414799999,375293486.59447,82334,4719.340,191636131.68943,0
1621414800000,40491.12,40728.50,40422.38,40478.42,5286.604,1621415699999,214551492.91299,53431,2484.190,100826259.51122,0
1621415700000,40478.41,40478.41,40060.00,40173.98,7236.748,1621416599999,291637323.04238,70867,2949.328,118898072.68275,0
1621416600000,40178.65,40472.92,40138.12,40150.01,6453.770,1621417499999,259973322.72439,59661,3670.232,147865994.48708,0
1621417500000,40150.01,40481.06,40094.93,40359.66,5024.250,1621418399999,202293094.33194,50312,2406.637,96901171.74892,0
1621418400000,40359.68,40462.83,39534.56,39726.04,12298.219,1621419299999,491337759.32285,101235,4881.497,195109800.39268,0
1621419300000,39726.04,39826.19,39430.00,39618.92,10458.005,1621420199999,414663797.00774,97219,5047.694,200232954.70040,0
1621420200000,39618.54,39674.60,38964.32,39233.67,17763.324,1621421099999,697795546.49676,170456,8671.214,340663504.83960,0
1621421100000,39233.67,39576.16,38917.01,39464.19,13377.433,1621421999999,524990188.99841,133402,6884.805,270299876.41376,0
1621422000000,39464.20,39580.00,39174.99,39439.76,10213.783,1621422899999,401993995.04508,97067,5025.262,197847606.23811,0
1621422900000,39443.73,39483.86,38050.07,38171.06,28873.324,1621423799999,1116609832.29281,262852,11719.378,453220050.34730,0
1621423800000,38172.86,38753.94,36100.00,38407.79,59211.515,1621424699999,2230445691.79234,487337,28144.407,1062143297.81212,0
1621424700000,38407.78,38891.86,37800.00,38708.85,25923.009,1621425599999,994565342.32623,281734,13509.876,518562636.49055,0
1621425600000,38710.27,39263.52,38304.06,38770.26,18911.672,1621426499999,733444576.31008,203156,10004.014,388153655.93989,0
1621426500000,38770.39,38940.92,38167.30,38350.27,18747.707,1621427399999,722501265.30703,195307,8936.651,344494783.24245,0
1621427400000,38350.26,38350.27,36400.00,36430.70,28669.103,1621428299999,1079336380.63212,300846,12498.073,471702342.45747,0
1621428300000,36442.63,37372.31,31865.51,35060.39,77316.493,1621429199999,2697439367.06339,663388,33809.977,1180157146.13741,0
1621429200000,35060.39,35140.20,28688.00,32133.80,38881.477,1621430099999,1248031898.03111,392794,17673.173,568635778.60465,0
1621430100000,32093.54,36533.00,31650.00,33258.91,12220.836,1621430999999,412519700.14164,587860,7027.249,239976455.06653,0
1621431000000,33258.91,36580.00,33088.46,35900.00,7631.048,1621431899999,267337554.14473,278559,4513.821,158656509.92684,0
1621431900000,35939.40,36500.00,33500.00,35650.00,8479.756,1621432799999,297416695.76665,138926,4091.606,144277796.97651,0
1621432800000,35649.99,35753.51,32620.00,34878.83,19369.317,1621433699999,674727457.07455,124490,8482.953,296328686.48736,0
1621433700000,34856.21,35533.54,34280.47,35330.52,10242.896,1621434599999,357745702.83597,71041,5209.613,182135044.38300,0
1621434600000,35330.52,35342.37,34594.48,35230.81,8881.459,1621435499999,310578714.11360,78734,4574.414,159947978.50858,0
1621435500000,35234.80,37618.00,35167.26,37435.85,23002.558,1621436399999,841897096.21032,239126,12948.520,474065437.42052,0
1621436400000,37438.28,37550.21,36403.88,37018.31,18658.401,1621437299999,687487225.67342,193365,9463.547,348780126.52197,0
1621437300000,37018.30,37860.00,36643.40,36843.87,19216.392,1621438199999,715617166.42701,207595,9996.939,372479277.54321,0
1621438200000,36854.58,37614.33,36620.97,37538.25,18335.044,1621439099999,679877902.36474,178410,10234.836,379468394.16678,0
1621439100000,37539.66,37858.70,37055.86,37304.85,15076.654,1621439999999,564313731.88992,159844,7253.698,271550131.44294,0
1621440000000,37304.85,37551.51,36080.74,36499.98,19100.988,1621440899999,704467592.57271,229287,9085.449,335264916.97447,0
1621440900000,36500.26,37477.21,36494.06,37476.79,13606.045,1621441799999,504673836.28054,164057,7047.919,261431715.95805,0
1621441800000,37476.79,39585.63,37400.00,39431.23,26598.318,1621442699999,1026262527.05031,284068,14845.342,572533795.67768,0
1621442700000,39430.52,40145.00,38892.50,39638.23,24335.411,1621443599999,963031274.74048,287703,12238.544,484535799.36864,0
1621443600000,39635.74,40497.81,39501.00,40000.01,17718.917,1621444499999,708486589.41553,211218,9059.465,362386483.09058,0
1621444500000,40001.15,40464.17,39730.00,40028.74,11880.885,1621445399999,476034217.14567,142241,6010.603,240917640.59709,0
1621445400000,40028.74,40047.75,39080.52,39155.98,11289.623,1621446299999,445969470.19104,147828,5190.812,205096459.16516,0
1621446300000,39157.18,39743.53,38865.54,39372.57,9597.850,1621447199999,377525081.04461,124393,4775.803,187913002.95108,0
1621447200000,39372.55,39629.27,38222.00,38408.02,14178.896,1621448099999,549222016.88804,175144,6922.729,268164390.82012,0
1621448100000,38406.80,38761.39,37900.00,38571.96,13377.187,1621448999999,512355073.89646,155211,6667.911,255456879.33598,0
1621449000000,38571.96,38824.71,37635.34,37716.34,8936.699,1621449899999,342507388.98750,113599,4244.152,162767401.33960,0
1621449900000,37719.47,38269.16,37692.42,38020.96,7555.685,1621450799999,287149031.89482,96931,3934.160,149546199.91902,0
1621450800000,38020.96,38796.00,37730.00,38688.97,9573.649,1621451699999,367571766.95378,114499,4817.209,184997078.26504,0
1621451700000,38688.96,39047.00,38100.00,38645.01,8115.946,1621452599999,312773103.46535,100269,4046.867,156004476.96599,0
1621452600000,38645.01,39174.69,38110.16,39126.46,7336.664,1621453499999,282788036.39797,96176,3865.051,149068286.07651,0
1621453500000,39126.47,39519.41,38823.61,39340.27,8561.097,1621454399999,335463771.50664,106553,4282.103,167866724.00719,0
1621454400000,39337.79,40169.08,39268.31,39714.00,10815.167,1621455299999,430474223.21298,139266,5673.062,225819485.94428,0
1621455300000,39714.54,39831.17,39032.04,39079.79,7097.051,1621456199999,279670963.82121,86034,3238.170,127628258.64846,0
1621456200000,39080.15,39312.66,38336.55,38410.69,8880.396,1621457099999,343744586.39908,104406,4398.498,170308432.69739,0
1621457100000,38410.70,38712.50,38002.00,38222.45,6424.767,1621457999999,246404383.80372,78652,3195.002,122575463.40942,0
1621458000000,38225.33,38722.59,37650.00,37693.77,7081.195,1621458899999,270526177.65264,90198,3341.819,127776419.42016,0
1621458900000,37693.78,38150.00,37000.00,37667.76,12612.495,1621459799999,473312373.30607,148514,6328.408,237549047.01549,0
1621459800000,37667.76,38950.00,37664.40,38877.15,6119.680,1621460699999,234756947.38715,81300,3754.586,143955651.46467,0
1621460700000,38879.97,38945.48,38620.00,38782.93,3893.237,1621461599999,150951530.07517,50256,1694.950,65737489.81213,0
1621461600000,38782.94,39641.75,38270.00,39459.66,8893.593,1621462499999,346517666.55696,100831,4758.356,185575907.23937,0
1621462500000,39459.65,39500.00,38802.59,38967.88,6853.869,1621463399999,268181315.03847,75413,3228.269,126283930.05498,0
1621463400000,38967.87,39500.00,38888.74,39364.02,7132.579,1621464299999,279443237.57900,81819,3757.239,147248561.67265,0
1621464300000,39364.03,39528.06,38927.23,39073.80,6817.402,1621465199999,267369432.04785,75884,3060.142,120042341.84415,0
1621465200000,39073.80,39261.54,37754.80,38013.62,13380.090,1621466099999,513141893.46548,155096,6410.931,245770161.04019,0
1621466100000,38013.38,38400.00,37646.40,37849.05,9065.978,1621466999999,344511973.76672,111554,4717.683,179323503.24587,0
1621467000000,37849.05,38356.99,37468.35,37527.70,6898.284,1621467899999,262065603.31159,82793,3356.220,127628535.90723,0
1621467900000,37529.59,37745.25,36603.29,36689.14,13371.399,1621468799999,496382850.89689,170650,6123.877,227423742.59914,0
1621468800000,36689.14,37933.74,36676.27,37819.95,14761.563,1621469699999,551174282.68182,173233,7866.362,293748103.39174,0
1621469700000,37819.94,38187.70,36937.33,37002.29,9143.130,1621470599999,343545127.83530,112627,4285.478,161110819.11094,0
1621470600000,37001.20,37166.39,35456.00,35516.73,18141.721,1621471499999,659765144.33157,220929,8415.324,306455598.70019,0
1621471500000,35515.16,36234.63,34882.00,35803.92,20176.989,1621472399999,716920553.23220,264713,10071.941,358072917.08283,0
1621472400000,35802.24,37122.87,35518.26,36004.90,19484.675,1621473299999,706888000.10198,238050,10290.763,373559995.88297,0
1621473300000,36009.29,37517.20,35915.93,37174.53,17643.179,1621474199999,648340081.43404,197544,9822.541,361179810.72862,0
1621474200000,37174.54,37469.83,36808.00,36909.99,10176.883,1621475099999,377142567.54896,133133,4909.033,181984371.71807,0
1621475100000,36914.56,37285.12,36421.26,36973.38,8221.820,1621475999999,302797572.35143,111354,4162.053,153358958.26680,0
1621476000000,36974.73,38141.11,36843.31,37928.29,7864.181,1621476899999,295957296.93451,110083,4292.743,161589119.95471,0
1621476900000,37928.30,38015.46,37609.50,37864.53,6092.767,1621477799999,230384429.21471,74982,2908.486,109975538.96928,0
1621477800000,37863.43,38289.94,37500.00,37800.01,7302.106,1621478699999,276345923.73145,77155,3990.396,151062390.12893,0
1621478700000,37800.01,38200.00,37767.26,38054.78,5220.528,1621479599999,198298295.59522,60602,2643.919,100428790.26933,0
1621479600000,38054.78,38600.00,37930.25,38429.81,6774.853,1621480499999,259127867.41124,80925,3978.216,152214598.09613,0
1621480500000,38429.82,38439.28,37977.17,38387.99,4759.447,1621481399999,181748067.68318,58991,2529.295,96590839.21804,0
1621481400000,38387.99,38401.78,37844.30,37987.03,4234.123,1621482299999,160926018.93847,55536,2018.250,76708378.84801,0
1621482300000,37987.58,38367.82,37966.81,38341.24,4553.975,1621483199999,173919242.16103,55848,2313.192,88347171.65624,0
1621483200000,38341.24,39629.80,38209.72,39305.85,11207.262,1621484099999,437815154.73710,136932,6489.835,253468542.82685,0
1621484100000,39305.84,39788.00,39302.79,39585.82,6219.305,1621484999999,246156975.29917,78957,3174.312,125662471.44684,0
1621485000000,39585.82,39619.80,39131.78,39307.74,5175.392,1621485899999,203740282.77320,63126,2385.307,93898401.08654,0
1621485900000,39306.50,39596.69,39185.36,39423.44,4129.313,1621486799999,162579047.56100,48479,2270.725,89434137.00554,0
1621486800000,39423.44,39937.48,39380.35,39505.21,6633.659,1621487699999,263211830.14890,75121,3570.319,141698910.38944,0
1621487700000,39505.80,39748.40,39131.02,39226.40,5328.986,1621488599999,210142516.50288,64545,2390.048,94302947.82511,0
1621488600000,39226.40,39966.00,39216.15,39950.00,5787.161,1621489499999,229341621.53830,66811,3388.123,134244944.01708,0
1621489500000,39949.99,39984.79,39679.19,39930.91,4692.870,1621490399999,187057629.37111,57943,2315.612,92314626.17150,0
1621490400000,39931.67,40225.08,39364.85,39578.26,8535.447,1621491299999,339050422.01670,107763,4197.703,166846382.97150,0
1621491300000,39577.88,39686.87,39202.69,39328.38,5306.673,1621492199999,209106735.90377,64807,2514.396,99115240.81967,0
1621492200000,39328.39,40078.99,39323.18,40023.05,5989.925,1621493099999,238671717.63523,74294,3103.135,123619941.06823,0
1621493100000,40023.05,40251.10,39609.00,39686.97,6308.234,1621493999999,251911287.81030,72059,3054.269,122026549.58406,0
1621494000000,39686.97,40494.59,39657.02,40134.09,9300.697,1621494899999,373710535.22333,106332,4775.774,191924252.55749,0
1621494900000,40129.62,40800.00,40052.02,40664.41,8484.661,1621495799999,342794440.07403,95897,4811.231,194487262.45368,0
1621495800000,40664.31,40700.00,40245.00,40345.46,6327.771,1621496699999,256333136.21273,80376,2699.377,109397605.91070,0
1621496700000,40344.96,40516.98,39800.00,39946.92,7445.852,1621497599999,298236522.55117,90496,3288.833,131758621.95061,0
1621497600000,39946.92,40238.75,39500.99,39576.76,7148.296,1621498499999,285012547.40323,93435,3370.658,134461127.86992,0
1621498500000,39576.76,39941.96,39520.59,39726.14,4449.154,1621499399999,176907317.72176,60910,2320.942,92297653.92410,0
1621499400000,39726.13,39777.59,39343.03,39586.10,5639.591,1621500299999,223036803.81114,64384,2647.774,104745409.68218,0
1621500300000,39586.60,39855.10,39350.00,39831.33,5177.082,1621501199999,205042874.21601,59616,2904.605,115103310.51077,0
1621501200000,39830.73,39884.53,39438.00,39610.01,4246.081,1621502099999,168353473.08154,53503,1996.693,79180761.64710,0
1621502100000,39610.01,39682.59,39009.75,39050.08,7313.365,1621502999999,287125218.06220,85982,3261.489,128058282.63705,0
1621503000000,39050.08,39700.00,38737.20,39600.17,9152.411,1621503899999,358852125.95333,108430,4750.139,186444031.95899,0
1621503900000,39599.79,40250.00,39500.19,39955.00,9143.266,1621504799999,365315459.27731,107751,5067.246,202497656.48548,0
1621504800000,39957.80,40084.51,39765.06,40010.03,5917.319,1621505699999,236041270.20967,70524,2943.538,117451033.10670,0
1621505700000,40010.03,40246.31,39491.17,39917.34,7435.451,1621506599999,296014236.76976,89329,3643.763,145114314.29444,0
1621506600000,39917.34,40167.00,39560.39,39997.37,6530.187,1621507499999,260420426.82225,76374,3755.499,149819671.30200,0
1621507500000,39997.39,40500.00,39997.38,40401.24,8175.831,1621508399999,329364032.00611,98540,4465.748,179911373.28851,0
1621508400000,40401.08,40485.97,39950.01,39973.36,5409.916,1621509299999,217284608.27187,65363,2342.875,94139824.92356,0
1621509300000,39971.39,40204.27,39702.00,39743.87,6354.688,1621510199999,253730862.12764,74213,2772.715,110768501.79358,0
1621510200000,39745.47,40662.99,39744.24,40626.63,8741.199,1621511099999,352393124.44402,100412,5011.474,202003637.98678,0
1621511100000,40624.98,40689.69,40250.00,40458.36,5919.269,1621511999999,239299968.95820,69786,2939.554,118860792.50881,0
1621512000000,40458.36,40638.83,40070.50,40290.70,5960.412,1621512899999,240317359.10641,75176,2861.100,115367639.73055,0
1621512900000,40290.70,41850.00,40274.70,41746.62,22607.149,1621513799999,934590697.27440,267629,12958.583,535444077.21516,0
1621513800000,41744.62,41963.65,41375.41,41871.43,9522.206,1621514699999,397040552.71658,122842,4707.101,196394310.18621,0
1621514700000,41871.44,41905.00,41583.17,41677.91,6472.891,1621515599999,270199819.74968,90344,2958.131,123506853.59542,0
1621515600000,41677.91,41958.46,41605.83,41758.90,6783.500,1621516499999,283482260.83842,84030,3146.321,131529338.67365,0
1621516500000,41758.90,42460.00,41710.78,42263.59,12926.317,1621517399999,545255535.19198,157117,7354.466,310268938.25418,0
1621517400000,42263.60,42311.77,41350.00,41479.18,12306.641,1621518299999,514177827.69689,142059,5570.557,232722870.27071,0
1621518300000,41478.51,41960.00,41478.51,41707.78,6837.995,1621519199999,285854394.37669,80963,3581.343,149761243.20425,0
1621519200000,41707.80,42249.99,41522.85,41543.49,8716.042,1621520099999,365454365.71358,108845,4393.679,184326260.43860,0
1621520100000,41544.58,41744.00,41222.00,41708.23,7971.881,1621520999999,330908357.76869,99418,3986.958,165538619.30746,0
1621521000000,41710.26,42022.32,41435.01,41820.59,6724.907,1621521899999,280751818.80332,84159,3576.476,149371740.28841,0
1621521900000,41820.60,41977.76,41333.00,41447.41,6189.462,1621522799999,257615064.35152,81017,3017.019,125562388.79993,0
1621522800000,41446.76,41821.97,41359.12,41756.93,4701.716,1621523699999,195820698.34531,65071,2364.403,98482255.19826,0
1621523700000,41756.92,42000.00,41620.00,41715.94,5160.415,1621524599999,215828628.26909,71972,2633.496,110151062.22887,0
1621524600000,41715.94,41715.94,41388.00,41614.01,4469.995,1621525499999,185682917.71031,63113,2347.240,97520598.82767,0
1621525500000,41614.01,41813.13,40931.68,41448.84,10103.351,1621526399999,417387007.99032,125521,4703.900,194362591.71382,0
1621526400000,41445.80,41455.50,39100.00,39438.63,38156.512,1621527299999,1532326934.81713,421546,16967.597,681515694.23821,0
1621527300000,39437.95,39988.46,38952.23,39800.00,22405.787,1621528199999,888264951.55474,261119,12030.824,477203168.61803,0
1621528200000,39799.99,39896.64,38550.70,38571.00,18774.040,1621529099999,736125365.75753,234854,9316.038,365555866.16409,0
1621529100000,38571.92,39476.99,38091.68,39281.00,18743.009,1621529999999,727128550.89026,242353,10086.866,391429965.15139,0
1621530000000,39281.01,39731.65,39090.34,39209.00,10692.646,1621530899999,421532771.27747,141765,5347.120,210933613.01578,0
1621530900000,39201.20,39473.86,38720.63,39230.26,9963.244,1621531799999,389678647.30698,132379,4798.048,187722266.98299,0
1621531800000,39232.34,39664.84,39170.00,39526.99,4908.061,1621532699999,193541033.13158,72757,2808.287,110760232.63796,0
1621532700000,39530.00,40266.66,39386.10,39758.07,9086.420,1621533599999,361766190.75359,104400,5177.408,206210242.88087,0
1621533600000,39758.06,39758.07,39212.00,39304.99,6833.921,1621534499999,269640298.48825,90012,3336.675,131693979.11081,0
1621534500000,39305.00,39928.64,39303.76,39787.64,6111.056,1621535399999,242093583.49645,80715,3344.956,132518502.04849,0
1621535400000,39787.64,39877.38,39643.96,39744.99,3976.922,1621536299999,158108862.69488,45065,1965.237,78142231.78920,0
1621536300000,39744.99,40000.00,39724.14,39775.58,4206.921,1621537199999,167687573.64545,51930,2178.649,86850876.01935,0
1621537200000,39773.61,40125.00,39510.53,39693.14,4869.427,1621538099999,193817544.78928,63204,2384.725,94958239.33811,0
1621538100000,39693.13,40464.05,39561.95,40272.84,5986.079,1621538999999,239779067.46298,77913,3138.578,125769514.79150,0
1621539000000,40272.85,40278.42,39927.21,40106.04,3800.416,1621539899999,152289264.29539,50274,2074.395,83125846.91750,0
1621539900000,40106.03,40386.84,39954.93,40089.34,3297.844,1621540799999,132294675.44487,43779,1694.124,67966878.09739,0
1621540800000,40089.34,40617.81,39614.35,40195.26,8089.750,1621541699999,324991217.17243,108342,4071.516,163662548.93200,0
1621541700000,40194.47,40577.28,40190.58,40420.86,2663.736,1621542599999,107568205.25162,39765,1407.255,56827025.17515,0
1621542600000,40420.86,40456.92,40060.50,40152.40,3323.903,1621543499999,133725962.79970,41895,1453.389,58485828.81753,0
1621543500000,40152.40,40190.27,39800.00,39987.56,4105.497,1621544399999,164098796.48567,49998,1934.368,77326783.76387,0
1621544400000,39987.56,40340.98,39695.00,40322.40,4125.662,1621545299999,165038548.75489,57899,2165.600,86668919.99101,0
1621545300000,40322.40,40822.81,40217.81,40560.17,4434.120,1621546199999,179797641.41676,62732,2191.866,88902286.10807,0
1621546200000,40560.26,40794.89,40500.73,40599.93,2676.585,1621547099999,108695028.12663,32825,1467.762,59612699.49942,0
1621547100000,40599.93,40713.03,40552.38,40655.12,2249.132,1621547999999,91342669.73471,27185,1078.800,43821057.26482,0
1621548000000,40652.84,40668.27,40280.45,40318.03,3749.326,1621548899999,151672553.29216,43646,1646.681,66630591.36423,0
1621548900000,40322.15,40412.59,40100.00,40159.99,2786.462,1621549799999,112161463.99703,35422,1373.634,55312025.54056,0
1621549800000,40159.99,40160.00,39482.00,39635.37,6092.493,1621550699999,242212462.84672,75334,3037.476,120749435.84596,0
1621550700000,39635.38,41859.35,39629.80,41440.00,16423.539,1621551599999,673140376.09001,193537,9224.754,377731535.30341,0
1621551600000,41440.01,41728.94,40774.89,41032.97,10461.348,1621552499999,430148381.43690,130807,4903.971,201660903.38124,0
1621552500000,41032.98,41358.26,40909.80,40971.34,4029.702,1621553399999,165500030.15827,53639,2001.662,82243938.78015,0
1621553400000,40971.33,41167.27,40283.98,40681.63,6584.285,1621554299999,268222524.45141,83686,3168.401,129160221.07915,0
1621554300000,40681.89,40817.91,40223.64,40500.30,5944.134,1621555199999,240524815.67659,74325,2984.080,120830615.43351,0
1621555200000,40500.00,41147.65,40460.83,40993.86,7795.561,1621556099999,318191268.97301,95669,4143.062,169148273.12660,0
1621556100000,40993.86,41142.71,40705.00,40984.59,4359.622,1621556999999,178392861.37725,52734,2286.380,93572629.04462,0
1621557000000,40984.60,42270.42,40929.31,41973.92,10498.572,1621557899999,437424012.52804,117442,6077.741,253260341.08351,0
1621557900000,41973.93,42076.00,41566.37,41713.51,5637.381,1621558799999,235521081.76166,72749,2712.990,113373759.76283,0
1621558800000,41713.51,41807.03,41555.26,41588.69,2983.444,1621559699999,124312688.69788,38853,1453.490,60582172.79588,0
1621559700000,41589.13,41732.81,41400.00,41487.55,3175.153,1621560599999,131911695.35236,41911,1546.801,64278002.63232,0
1621560600000,41487.58,41793.73,41487.58,41640.00,2917.902,1621561499999,121563933.00523,37643,1574.303,65593434.05348,0
1621561500000,41639.46,41639.99,41229.24,41405.24,3944.612,1621562399999,163494733.37891,45056,1718.721,71241755.06221,0
1621562400000,41405.24,41491.91,41130.00,41427.45,3328.756,1621563299999,137670186.35805,39376,1528.012,63212442.99097,0
1621563300000,41427.44,41597.57,41020.00,41166.07,3923.796,1621564199999,161929909.93587,49259,1963.374,81041774.72193,0
1621564200000,41166.06,41299.30,41058.83,41220.01,2559.328,1621565099999,105456455.77817,31656,1339.683,55206747.40865,0
1621565100000,41220.01,41357.15,41110.55,41226.40,2522.380,1621565999999,103976521.07797,28826,1411.957,58208477.36976,0
1621566000000,41226.40,41246.67,40856.01,40932.99,3680.662,1621566899999,150967211.25261,44443,1659.670,68074958.18459,0
1621566900000,40933.00,41087.19,40547.05,40560.01,4400.379,1621567799999,179443315.95728,52665,2132.525,86966835.63681,0
1621567800000,40560.00,40858.36,40383.84,40671.82,5098.817,1621568699999,207185914.49749,54358,2770.674,112623390.60005,0
1621568700000,40675.11,40825.01,40586.63,40639.82,2618.160,1621569599999,106593677.70911,28841,1359.263,55352413.50896,0
1621569600000,40642.96,40706.33,40281.00,40326.03,5398.323,1621570499999,218495263.85645,61659,2456.164,99457562.40879,0
1621570500000,40330.00,40598.04,40015.00,40053.16,5356.142,1621571399999,215827683.50046,59492,2441.836,98417277.47159,0
1621571400000,40053.16,40232.03,39654.69,39812.56,6623.767,1621572299999,264275867.81286,78410,3271.736,130535901.32941,0
1621572300000,39812.55,40107.22,39802.60,39924.45,4207.242,1621573199999,168096143.11633,44362,2303.631,92056404.75911,0
1621573200000,39924.46,40292.00,39600.00,39671.72,5577.553,1621574099999,222892185.40640,64589,2806.230,112241178.87848,0
1621574100000,39671.72,40148.81,39566.56,39970.99,5336.296,1621574999999,212591286.67765,64138,2959.446,117934907.71299,0
1621575000000,39971.00,40187.20,39844.47,40083.22,4790.702,1621575899999,191787111.15855,47282,2790.485,111728329.04239,0
1621575900000,40083.23,40172.37,39729.10,39825.35,4229.725,1621576799999,168872546.73463,45663,1931.945,77128629.46290,0
1621576800000,39825.35,39834.70,39208.22,39222.64,7715.962,1621577699999,304695517.29397,88437,3457.924,136584625.37191,0
1621577700000,39222.64,39777.53,39214.93,39561.36,5277.800,1621578599999,208710300.26593,62591,2832.997,112013023.13115,0
1621578600000,39561.36,39885.09,39560.00,39794.99,3590.092,1621579499999,142821803.81210,41453,2014.206,80131945.45321,0
1621579500000,39794.99,40810.00,39545.07,40538.34,10977.907,1621580399999,441013526.39933,121524,6153.557,247290561.35800,0
1621580400000,40538.35,40563.07,39738.30,39840.00,8049.953,1621581299999,323169283.67154,89294,3903.843,156777067.00091,0
1621581300000,39836.56,39946.94,39510.23,39570.07,6819.287,1621582199999,270711952.71849,76640,3312.088,131518501.61929,0
1621582200000,39570.07,39750.00,39450.00,39624.58,5697.525,1621583099999,225671445.97086,53768,2676.047,106046590.14762,0
1621583100000,39624.59,39850.00,39624.59,39822.00,3642.615,1621583999999,144811947.06969,40675,1901.825,75607493.87992,0
1621584000000,39820.89,39989.41,39257.13,39457.92,7112.778,1621584899999,281239574.04295,83220,3509.346,138809022.57844,0
1621584900000,39458.84,40338.88,39406.72,40081.45,10201.740,1621585799999,408033815.61988,109496,5358.839,214246668.00547,0
1621585800000,40081.44,40230.00,39548.00,39640.00,8139.950,1621586699999,324340618.23520,80050,4186.195,166768445.92857,0
1621586700000,39639.71,40100.00,39595.46,39996.08,5713.728,1621587599999,227971901.54056,54815,2982.571,119011556.24646,0
1621587600000,39996.08,40485.00,39989.00,40117.93,5854.706,1621588499999,235458506.63953,64655,3106.683,124954061.67455,0
1621588500000,40117.93,40486.27,40117.93,40415.42,3821.028,1621589399999,154012547.17069,41279,2229.148,89860061.32169,0
1621589400000,40415.43,41199.00,40320.52,41067.54,9298.081,1621590299999,378173043.36651,100615,5137.202,209048925.86257,0
1621590300000,41067.54,41103.47,40704.00,40833.27,6198.881,1621591199999,253185835.72030,68420,3094.752,126399245.54206,0
1621591200000,40833.27,40889.00,40629.59,40753.09,4509.652,1621592099999,183819083.47396,47586,2226.883,90795874.17655,0
1621592100000,40753.10,41101.96,40513.00,40841.96,6600.387,1621592999999,269450519.38119,64047,3467.185,141625991.02714,0
1621593000000,40841.97,41143.37,40740.80,41086.07,5344.792,1621593899999,218811878.73319,59237,2750.126,112601683.61542,0
1621593900000,41086.07,41086.07,40628.32,40712.16,5265.243,1621594799999,214940488.30454,56810,2453.787,100192085.33649,0
1621594800000,40712.16,40840.01,40207.94,40443.37,8268.784,1621595699999,334377220.48491,90169,3785.632,153078659.87041,0
1621595700000,40443.37,40566.25,40323.00,40372.96,4357.000,1621596599999,176032026.38576,41876,2179.979,88105403.99435,0
1621596600000,40372.96,40744.32,40372.96,40548.48,5703.296,1621597499999,231384955.01012,61306,3027.551,122834550.99949,0
1621597500000,40549.98,41191.48,40549.98,41090.34,5409.883,1621598399999,220841362.73140,62184,2983.578,121831994.48840,0
1621598400000,41090.34,41583.05,40747.25,41206.87,11399.792,1621599299999,469518580.51089,130210,5913.283,243564935.38049,0
1621599300000,41208.29,41321.47,40800.00,40876.32,6361.050,1621600199999,260937645.10751,70997,2952.867,121140633.47230,0
1621600200000,40876.31,41080.00,40713.00,40898.19,5043.973,1621601099999,206333414.62146,59588,2574.669,105351067.33826,0
1621601100000,40898.20,40986.50,40450.00,40500.00,6524.409,1621601999999,265149407.20118,75504,2890.943,117526404.68025,0
1621602000000,40500.01,40772.59,40224.94,40701.57,5796.456,1621602899999,234922370.45252,69708,2882.905,116890250.54230,0
1621602900000,40701.58,41078.26,40690.00,41071.48,5363.233,1621603799999,219582058.11572,59678,2931.322,120031578.00001,0
1621603800000,41071.49,41270.97,40954.19,41138.14,4942.937,1621604699999,203263538.04698,57042,2369.287,97465918.06000,0
1621604700000,41136.79,41192.00,41009.22,41094.55,3686.650,1621605599999,151536621.75396,39118,1704.575,70071790.36048,0
1621605600000,41094.55,41740.26,40455.00,40529.64,15165.300,1621606499999,625391845.90861,161296,7437.974,306920895.30183,0
1621606500000,40530.08,40720.00,37443.20,38444.51,58164.060,1621607399999,2262818477.42909,597884,27760.056,1080205795.79724,0
1621607400000,38444.51,38985.95,36508.42,37956.95,50659.335,1621608299999,1904956036.04708,546307,26485.664,996339619.99463,0
1621608300000,37957.84,38400.00,37387.93,37802.26,25654.069,1621609199999,971305084.01560,334894,12682.977,480526006.92617,0
1621609200000,37807.89,38286.32,36950.00,37933.33,21137.341,1621610099999,798093812.75636,290271,10847.247,410033662.91718,0
1621610100000,37939.98,38099.64,37290.65,37614.64,13287.264,1621610999999,501719789.02383,172592,6378.193,241014836.61896,0
1621611000000,37614.62,37939.00,36910.03,37363.50,16626.751,1621611899999,621721692.41116,203977,8378.008,313469794.85246,0
1621611900000,37363.49,37599.82,36380.00,36818.07,20842.830,1621612799999,770105919.44431,244983,10106.842,373491901.97357,0
1621612800000,36818.53,37491.99,36060.00,36949.00,37268.141,1621613699999,1366694841.44249,400519,19269.440,706875353.90065,0
1621613700000,36949.00,37469.55,36725.00,37289.40,16337.838,1621614599999,607240876.77347,213846,8270.754,307441409.01071,0
1621614600000,37289.39,37811.74,37010.00,37284.06,14573.635,1621615499999,544555964.77519,181135,7603.871,284231992.34470,0
1621615500000,37282.11,37550.00,36957.79,37011.00,10354.983,1621616399999,385249793.22808,117274,5745.507,213831808.99338,0
1621616400000,37016.05,37359.35,36687.38,36966.82,14561.370,1621617299999,538801782.77726,159908,7530.847,278799373.84620,0
1621617300000,36966.82,37338.40,36872.87,36951.51,9245.759,1621618199999,343034155.36215,99090,4945.506,183469907.50437,0
1621618200000,36951.51,37100.00,36607.55,37043.87,10555.159,1621619099999,389008166.61476,107361,5266.542,194162172.18171,0
1621619100000,37043.87,37354.81,36906.68,37348.51,6847.312,1621619999999,254040173.97968,77761,3531.717,131056179.08747,0
1621620000000,37334.05,37348.51,36781.49,36783.82,6826.628,1621620899999,252736901.81350,79760,3320.711,122919633.72092,0
1621620900000,36783.82,36963.28,36361.88,36516.55,10816.761,1621621799999,395984290.17148,116254,4950.900,181230050.88632,0
1621621800000,36515.56,37270.00,36511.69,37124.70,7962.612,1621622699999,294140717.17911,91039,4016.524,148362719.59196,0
1621622700000,37124.69,37250.00,36727.26,37141.95,7746.946,1621623599999,287011836.67521,86084,3880.921,143808694.74842,0
1621623600000,37141.94,37146.37,36630.26,36968.22,7487.086,1621624499999,275649194.02900,84507,3779.100,139126686.46821,0
1621624500000,36970.00,36980.66,36013.51,36044.24,14110.982,1621625399999,513006202.47972,152756,6827.962,248268601.51685,0
1621625400000,36044.25,36193.57,35513.74,35703.12,19080.900,1621626299999,683785854.99450,210823,9364.472,335729552.89187,0
1621626300000,35701.79,36281.84,35462.80,36043.11,12526.244,1621627199999,450500830.84429,149154,6309.406,227041279.81857,0
1621627200000,36043.11,36314.57,35550.00,35582.89,9197.449,1621628099999,330225434.77724,111984,4666.339,167541598.01703,0
1621628100000,35585.97,36237.67,35112.00,36079.69,16009.658,1621628999999,569445317.21317,193080,7835.024,278963367.12868,0
1621629000000,36081.04,36131.59,35629.59,35971.57,7613.431,1621629899999,273085913.00724,94068,3768.062,135132555.05720,0
1621629900000,35970.69,36137.39,35137.62,35191.24,11127.502,1621630799999,395004068.10202,144235,5486.726,194823111.63342,0
1621630800000,35191.24,35570.00,34031.69,34113.18,23742.234,1621631699999,825212372.66864,297852,10323.810,359226393.67390,0
1621631700000,34109.95,35922.81,33400.00,35716.40,39614.701,1621632599999,1373114802.84042,432294,20294.560,704001991.54614,0
1621632600000,35716.93,36600.00,35289.00,36538.05,16517.463,1621633499999,596456242.68635,227791,8746.055,315899111.81770,0
1621633500000,36539.51,36577.00,36060.00,36524.01,8739.012,1621634399999,317436026.99106,114044,4246.623,154325328.07212,0
1621634400000,36526.26,36542.95,35922.51,36319.99,8313.266,1621635299999,300941777.21133,117848,3901.579,141262268.86021,0
1621635300000,36320.00,36600.00,36180.81,36579.57,6080.768,1621636199999,221227055.37672,82646,3459.653,125903382.58502,0
1621636200000,36581.59,37166.65,36406.09,36763.61,10343.264,1621637099999,381323079.04575,123692,5896.025,217373367.80241,0
1621637100000,36763.61,36932.44,36403.24,36610.63,5788.132,1621637999999,211893105.33562,86682,2838.285,103940725.87157,0
1621638000000,36607.36,37340.00,36238.42,37093.84,9652.346,1621638899999,355450623.08297,122846,5518.364,203385857.55731,0
1621638900000,37093.84,37420.00,36922.93,37165.10,6301.298,1621639799999,234250758.79525,90557,3156.483,117372445.53780,0
1621639800000,37167.34,37387.08,36801.42,36972.44,6071.125,1621640699999,224762411.17530,79212,2920.425,108161466.90128,0
1621640700000,36975.22,37269.04,36760.73,37211.02,4066.947,1621641599999,150500530.16143,51766,2174.081,80437824.08267,0
1621641600000,37210.01,37566.65,37000.15,37029.97,6981.918,1621642499999,260268016.25363,89237,3583.038,133597168.38163,0
1621642500000,37029.96,37192.27,36854.00,36897.52,4394.721,1621643399999,162688606.52124,55500,2063.764,76415170.45895,0
1621643400000,36897.49,37330.00,36896.59,37209.97,5224.650,1621644299999,193963866.54566,62069,2681.226,99531780.38052,0
1621644300000,37212.31,37688.00,37212.31,37603.19,5432.695,1621645199999,203710200.07167,66890,2808.532,105331788.64362,0
1621645200000,37603.19,37603.20,37163.01,37208.71,4525.599,1621646099999,169142399.61995,51725,2257.573,84399594.74968,0
1621646100000,37208.72,37967.99,37197.52,37900.01,6373.399,1621646999999,239956294.00885,69889,3413.665,128495093.92759,0
1621647000000,37900.00,37967.64,37725.00,37870.06,3679.649,1621647899999,139267412.53609,43285,1917.964,72609339.49212,0
1621647900000,37870.06,37897.96,37512.48,37586.83,4023.197,1621648799999,151420386.83363,40167,2029.733,76391343.55379,0
1621648800000,37586.84,38041.88,37558.31,37750.01,4515.863,1621649699999,170569849.97894,50960,2498.778,94391793.80830,0
1621649700000,37750.00,38065.00,37662.12,37865.87,5912.555,1621650599999,224077609.75201,56648,3005.475,113905380.85128,0
1621650600000,37865.80,37878.08,37325.00,37325.00,5645.315,1621651499999,212099386.82548,61445,2377.620,89341836.18592,0
1621651500000,37325.02,37543.91,37153.84,37360.30,5353.246,1621652399999,199925748.93015,61955,2541.110,94914821.61411,0
1621652400000,37360.31,37700.00,37332.80,37382.12,4333.807,1621653299999,162526621.85477,46043,2295.444,86088750.47782,0
1621653300000,37382.12,37460.17,36838.79,36996.82,8196.677,1621654199999,303939245.86152,97959,3803.508,141066938.40845,0
1621654200000,37000.00,37113.19,36511.23,36623.36,7709.373,1621655099999,283417065.35656,90167,3665.313,134765140.41755,0
1621655100000,36617.47,36998.00,36616.83,36938.44,5684.544,1621655999999,209336781.13743,65359,2994.873,110299370.84606,0
1621656000000,36935.18,37211.00,36850.61,37112.78,5099.988,1621656899999,189004545.55411,66096,2586.137,95849559.69845,0
1621656900000,37112.78,37119.99,36352.00,36449.73,6670.092,1621657799999,244697196.00806,81650,2957.194,108494297.04295,0
1621657800000,36449.73,36623.86,36250.00,36384.56,6713.937,1621658699999,244439462.53343,81896,3413.157,124290212.24988,0
1621658700000,36384.55,36436.00,35890.00,36294.68,9002.870,1621659599999,325465996.28114,105794,4452.044,160992873.71129,0
1621659600000,36296.36,36453.10,35600.00,35932.12,8736.485,1621660499999,314506181.66174,105159,4279.784,154074131.65650,0
1621660500000,35932.12,35994.99,35306.08,35407.61,9328.886,1621661399999,332902898.05167,111290,4673.481,166799904.25492,0
1621661400000,35407.62,35949.96,35201.11,35890.67,10451.396,1621662299999,373040642.14479,118802,5229.214,186653831.09111,0
1621662300000,35890.67,36692.88,35889.58,36354.59,9877.334,1621663199999,359280053.78524,119806,5302.686,192835288.59999,0
1621663200000,36355.10,36499.31,35750.00,35786.10,6824.505,1621664099999,246511403.40289,78551,3192.499,115383776.39111,0
1621664100000,35786.11,36090.27,35504.29,35666.24,7503.387,1621664999999,268507414.19243,82855,3733.145,133626981.34921,0
1621665000000,35666.23,36322.96,35570.40,35883.44,8146.775,1621665899999,292931131.41869,100345,4233.284,152205558.58536,0
1621665900000,35883.44,36482.18,35820.09,36392.09,5334.493,1621666799999,193291623.37344,63541,3040.537,110183776.63819,0
1621666800000,36392.09,36399.93,35713.00,35748.58,5804.388,1621667699999,209362120.85022,72620,2601.353,93831626.13086,0
1621667700000,35752.25,36246.77,35600.00,36110.46,6657.831,1621668599999,238758215.12464,86453,3571.032,128026585.75700,0
1621668600000,36110.46,36320.00,35800.00,36284.36,5266.382,1621669499999,189985745.35568,71221,2712.230,97844750.48503,0
1621669500000,36284.37,36500.00,36056.33,36259.78,6517.578,1621670399999,236564541.36430,79045,3285.915,119300342.26297,0
1621670400000,36258.88,36799.75,36245.37,36545.12,8739.578,1621671299999,319575333.71093,111171,4686.812,171408691.41541,0
1621671300000,36547.57,36749.58,36357.30,36570.00,5894.278,1621672199999,215530182.84324,63668,2587.803,94666402.67633,0
1621672200000,36570.00,36947.52,36490.09,36900.02,5673.553,1621673099999,208581027.03949,63260,3242.682,119215793.25629,0
1621673100000,36900.05,37100.00,36773.36,36781.72,6680.160,1621673999999,246734660.17079,67206,3192.688,117952736.70940,0
1621674000000,36781.72,36949.58,36607.35,36787.21,4558.951,1621674899999,167665344.29001,50456,2144.679,78896647.48855,0
1621674900000,36788.37,37414.58,36462.22,37100.00,9202.554,1621675799999,340011051.40877,110440,4826.593,178360348.80598,0
1621675800000,37100.00,37343.83,37064.53,37174.62,4425.320,1621676699999,164659842.20171,55041,2286.972,85106489.53953,0
1621676700000,37174.61,37236.87,36900.00,37154.81,4960.109,1621677599999,183779807.04280,51251,2538.241,94056413.35666,0
1621677600000,37154.80,37601.90,36802.00,37065.49,8886.979,1621678499999,329724467.26974,99148,4589.685,170508918.67372,0
1621678500000,37065.48,37469.00,36934.13,37384.12,5153.132,1621679399999,191631806.09290,57248,3077.384,114504893.24107,0
1621679400000,37388.22,37840.00,37305.40,37819.26,7623.994,1621680299999,286589092.59930,95305,4084.278,153536429.88226,0
1621680300000,37819.25,38851.34,37720.08,38331.23,18419.980,1621681199999,706745895.69882,208927,9850.288,377872766.61701,0
1621681200000,38332.62,38500.00,38171.24,38258.07,5810.569,1621682099999,222607098.14432,74921,3016.799,115592652.28721,0
1621682100000,38258.06,38376.57,38080.00,38147.93,3978.567,1621682999999,151907963.05832,48450,1993.228,76113012.29899,0
1621683000000,38147.93,38300.00,37474.00,37948.99,9146.768,1621683899999,346544975.71296,102202,3929.578,148981853.30813,0
1621683900000,37948.99,38269.73,37905.27,38136.03,3915.988,1621684799999,149064295.57011,48717,2235.199,85100601.31212,0
1621684800000,38137.97,38400.00,37800.61,37925.86,7800.650,1621685699999,297967964.56815,79383,4038.239,154341732.72935,0
1621685700000,37925.86,38599.00,37708.30,38455.33,10384.977,1621686599999,397318311.41557,117339,6051.888,231637596.81358,0
1621686600000,38455.32,38700.00,38319.17,38383.53,6074.899,1621687499999,233996929.08958,72453,3257.888,125543684.14412,0
1621687500000,38383.54,38414.22,38040.00,38135.63,5632.030,1621688399999,215198520.32890,65059,2546.077,97314740.71550,0
1621688400000,38141.18,38332.14,37933.72,38269.69,6281.397,1621689299999,239657074.90725,72210,2732.658,104299160.94732,0
1621689300000,38269.68,38544.38,38257.56,38516.48,5184.347,1621690199999,199203343.25551,58265,2729.494,104880888.92584,0
1621690200000,38516.48,38837.32,38355.00,38406.22,7858.121,1621691099999,303366959.08053,89673,3992.838,154181661.24343,0
1621691100000,38406.22,38671.35,38225.00,38282.10,5048.792,1621691999999,194125811.42546,63666,2497.781,96052277.06366,0
1621692000000,38282.11,38451.01,38004.70,38159.30,6661.424,1621692899999,254253874.59086,81618,3144.792,120049642.71756,0
1621692900000,38159.29,38520.00,38105.81,38356.41,4891.950,1621693799999,187550029.47153,61800,2670.969,102396215.53685,0
1621693800000,38356.40,38357.26,37500.00,37502.82,11653.847,1621694699999,440449085.89256,148141,5239.808,198028014.25946,0
1621694700000,37502.81,37919.00,37317.93,37801.51,10440.230,1621695599999,393247866.64403,127760,5074.549,191236041.90861,0
1621695600000,37801.51,37964.55,37123.00,37209.60,10190.948,1621696499999,382010782.56095,125756,4869.847,182523949.07110,0
1621696500000,37209.91,37583.33,37070.00,37501.23,9400.319,1621697399999,350884027.46996,104653,4986.783,186183703.88790,0
1621697400000,37501.24,38757.00,37445.00,38522.91,16089.035,1621698299999,613659257.85271,182207,8628.411,329308715.90810,0
1621698300000,38520.44,38522.98,38074.77,38139.69,8313.604,1621699199999,317904947.47572,89954,4099.250,156712527.30396,0
1621699200000,38140.97,38470.88,37540.03,38048.24,14968.882,1621700099999,568075492.66650,170085,7869.389,298687846.70308,0
1621700100000,38048.12,38284.14,37879.56,38255.55,5360.928,1621700999999,204025190.66690,65621,2845.815,108334692.00431,0
1621701000000,38255.54,38455.49,38068.00,38228.55,4929.462,1621701899999,188587273.75885,62410,2463.311,94265720.26663,0
1621701900000,38229.14,38330.33,38000.00,38137.42,4058.167,1621702799999,154924141.84794,49227,2071.060,79081020.44162,0
1621702800000,38138.90,38534.78,38123.18,38390.83,6851.163,1621703699999,262773055.52751,77060,3869.198,148386044.15362,0
1621703700000,38390.82,38399.01,38051.01,38176.92,4094.191,1621704599999,156359415.67761,48925,1922.218,73416611.19383,0
1621704600000,38179.00,38278.80,37767.50,37879.65,6097.287,1621705499999,231555048.93106,73747,2992.203,113659739.51680,0
1621705500000,37878.10,38100.00,37789.24,37956.91,3704.860,1621706399999,140576410.86424,47712,1803.875,68451298.52684,0
1621706400000,37956.92,38099.00,37630.93,37912.25,5118.798,1621707299999,193700176.18682,67588,2514.786,95188661.26115,0
1621707300000,37914.23,37924.00,37600.00,37628.18,3651.201,1621708199999,137915389.27388,45648,1756.231,66341267.81711,0
1621708200000,37628.17,37755.00,37287.80,37377.22,5563.148,1621709099999,208732813.20253,71409,2612.481,98045013.07244,0
1621709100000,37377.21,37689.72,37376.00,37629.98,3878.653,1621709999999,145701622.21413,46912,2005.440,75328564.19188,0
1621710000000,37630.00,37982.13,37389.32,37817.92,5837.177,1621710899999,220096095.78217,74013,3206.452,120917644.76503,0
1621710900000,37813.64,37838.01,37517.44,37720.11,2903.465,1621711799999,109362450.03429,37153,1381.827,52048657.98048,0
1621711800000,37720.11,37868.16,37697.61,37820.56,2056.027,1621712699999,77700672.00088,27425,1075.597,40651333.91028,0
1621712700000,37820.55,37847.03,37160.40,37275.30,5493.103,1621713599999,205548371.74185,68460,2638.317,98718282.15284,0
1621713600000,37275.31,37669.99,37252.71,37586.37,4099.848,1621714499999,153650376.86418,51946,2018.600,75643322.41687,0
1621714500000,37586.37,37983.67,37530.00,37777.81,3996.011,1621715399999,151115756.34862,49714,2118.047,80088390.22033,0
1621715400000,37777.81,38200.00,37650.28,38093.76,4450.322,1621716299999,168825472.75557,57465,2448.027,92865710.70921,0
1621716300000,38092.62,38098.94,37942.31,37992.13,2328.561,1621717199999,88484976.90460,29763,1176.267,44699171.93741,0
1621717200000,37992.14,38121.63,37888.85,37986.55,2718.662,1621718099999,103271692.90608,35867,1336.626,50778249.54723,0
1621718100000,37986.55,38126.91,37901.33,37965.99,2113.523,1621718999999,80308701.55332,30478,1135.917,43162099.55217,0
1621719000000,37965.54,38100.00,37800.00,37949.20,2179.291,1621719899999,82712052.60693,32335,1025.115,38913370.08051,0
1621719900000,37949.21,38355.28,37920.21,38134.98,3645.250,1621720799999,138992210.69137,48252,2007.753,76564416.86984,0
1621720800000,38134.99,38288.44,37801.03,37980.00,5157.758,1621721699999,196069570.46135,53698,2174.757,82666791.64002,0
1621721700000,37979.99,37980.00,37314.43,37682.36,6247.803,1621722599999,234474088.63108,80709,3138.949,117749981.16437,0
1621722600000,37679.84,37724.65,37326.00,37440.51,3551.567,1621723499999,133335993.36654,44019,1549.367,58173775.94613,0
1621723500000,37440.51,37650.00,37362.01,37599.55,2527.383,1621724399999,94848715.96960,33775,1350.653,50694322.27867,0
1621724400000,37599.54,37792.40,37532.00,37741.44,2468.757,1621725299999,93125333.35609,32639,1286.866,48542966.34303,0
1621725300000,37741.92,37825.36,37628.55,37791.13,1907.760,1621726199999,71981082.17028,25582,1007.313,38012544.46334,0
1621726200000,37791.12,37791.13,37454.10,37616.67,2740.749,1621727099999,103108776.97330,37613,1297.879,48825637.33407,0
1621727100000,37615.68,37616.98,37360.23,37432.58,2566.442,1621727999999,96218920.94367,33424,1340.304,50253602.48797,0
1621728000000,37436.00,37463.94,36643.77,37153.67,9917.295,1621728899999,366788709.98092,118868,4654.317,172152782.28573,0
1621728900000,37153.67,37550.00,36991.38,37534.25,4869.513,1621729799999,181594129.41478,58220,2566.965,95772627.73795,0
1621729800000,37533.27,38100.00,37496.13,38085.01,6185.821,1621730699999,234125193.61412,68747,3226.774,122167819.02975,0
1621730700000,38086.03,38261.71,37966.01,38168.24,4656.384,1621731599999,177524185.90981,52189,2283.625,87088379.37814,0
1621731600000,38168.24,38214.17,38050.01,38110.79,2899.461,1621732499999,110517699.75337,33664,1442.169,54975132.27054,0
1621732500000,38112.81,38177.11,38031.93,38128.12,1949.904,1621733399999,74288214.37560,25234,949.299,36170213.49214,0
1621733400000,38125.88,38173.77,37934.38,37977.47,2918.918,1621734299999,111053986.76852,31424,1382.533,52605403.25003,0
1621734300000,37977.47,38080.36,37858.35,37897.39,2774.177,1621735199999,105294021.61287,31599,1352.368,51338628.04459,0
1621735200000,37897.38,38001.00,37800.00,37827.56,2700.607,1621736099999,102355961.72384,28427,1448.093,54897333.96857,0
1621736100000,37828.11,37847.03,37502.91,37585.85,4225.293,1621736999999,159045780.60258,42772,2257.452,84967875.81109,0
1621737000000,37585.84,37799.72,37400.00,37492.50,4240.865,1621737899999,159261302.46205,46811,2145.981,80623244.50633,0
1621737900000,37492.50,37550.00,37342.14,37443.09,3187.537,1621738799999,119369523.15722,34970,1496.155,56039131.45336,0
1621738800000,37443.08,37550.09,37300.62,37365.07,3181.919,1621739699999,118990151.23175,31912,1773.142,66307231.47941,0
1621739700000,37365.08,37620.00,37200.43,37426.99,5259.397,1621740599999,196661199.21474,51436,2980.989,111472304.33131,0
1621740600000,37426.98,37630.00,37336.36,37549.76,3186.375,1621741499999,119444239.14700,36532,1699.304,63704643.50440,0
1621741500000,37546.51,37549.95,37333.01,37393.05,2423.777,1621742399999,90739485.89562,29352,1163.556,43564259.37726,0
1621742400000,37393.05,37393.05,37149.47,37349.12,3865.385,1621743299999,144034593.45221,45574,1785.710,66542272.13994,0
1621743300000,37349.11,37349.11,37023.76,37256.64,3912.557,1621744199999,145346228.22899,43444,2029.810,75404941.18818,0
1621744200000,37256.13,37339.51,37085.00,37339.51,2908.768,1621745099999,108205411.66637,33673,1407.484,52361959.91550,0
1621745100000,37338.05,37387.09,37100.14,37173.06,2776.057,1621745999999,103372859.43932,31857,1430.386,53262740.07580,0
1621746000000,37176.34,37176.35,36600.00,36836.69,8008.153,1621746899999,294820472.81644,96987,3689.218,135811662.15331,0
1621746900000,36836.68,37089.62,36630.00,36918.45,5643.337,1621747799999,207945108.10454,61292,2784.713,102648050.39541,0
1621747800000,36918.53,37047.92,36850.45,37029.99,2533.691,1621748699999,93602003.19011,32260,1316.526,48637631.73414,0
1621748700000,37029.99,37066.52,36857.99,36860.38,2821.040,1621749599999,104317079.90628,34153,1236.156,45719885.64590,0
1621749600000,36860.38,37315.23,36660.00,36788.14,8252.321,1621750499999,304650367.19964,94433,4426.597,163433469.58152,0
1621750500000,36788.84,36792.38,36533.00,36567.34,5228.125,1621751399999,191541297.89671,61715,2492.921,91346446.82819,0
1621751400000,36567.34,36682.78,36273.60,36529.81,7798.239,1621752299999,284536222.67620,89116,3567.172,130188969.47791,0
1621752300000,36530.51,36673.45,36402.38,36619.47,4622.828,1621753199999,168992834.57894,49283,2539.123,92837309.55865,0
1621753200000,36619.46,36770.00,36450.00,36672.89,4298.729,1621754099999,157451588.56010,48879,2492.876,91307968.69318,0
1621754100000,36672.89,36674.05,36118.00,36269.74,8331.224,1621754999999,302419389.59375,93165,3885.168,141011121.45101,0
1621755000000,36269.74,36377.90,36011.82,36034.70,6362.457,1621755899999,230261156.98278,72564,2979.705,107845288.10103,0
1621755900000,36034.71,36200.00,35501.01,35911.08,14205.739,1621756799999,508735244.11578,164855,6735.388,241231300.45723,0
1621756800000,35904.05,35916.86,34977.25,35063.44,14450.994,1621757699999,513001443.27170,166619,6615.898,235057589.48595,0
1621757700000,35067.78,35477.86,34407.73,35390.64,23806.670,1621758599999,835719253.53741,273284,12238.551,429957893.05313,0
1621758600000,35389.79,35389.79,34660.00,34845.52,15907.063,1621759499999,557116690.07613,194843,8048.316,281890557.05143,0
1621759500000,34845.52,34984.06,33771.68,34348.88,25659.371,1621760399999,880675935.71265,318229,12894.092,442710876.77888,0
1621760400000,34349.99,34894.00,34110.00,34124.31,22282.969,1621761299999,769327093.57147,260528,10958.068,378432460.77493,0
1621761300000,34121.71,35313.70,33951.10,34985.96,18119.004,1621762199999,627765748.13617,220856,9836.552,340921316.41550,0
1621762200000,34984.87,35087.05,34502.00,34539.26,10557.743,1621763099999,366690299.83738,129431,5422.891,188362453.43448,0
1621763100000,34538.10,34693.76,34024.49,34193.30,13715.638,1621763999999,469963136.77951,157491,7014.103,240387377.23297,0
1621764000000,34191.59,34900.00,34111.00,34747.87,12741.591,1621764899999,440715500.58978,138953,6694.187,231591411.98508,0
1621764900000,34753.51,35179.29,34636.87,35171.28,11040.784,1621765799999,386005434.85816,132066,6100.788,213320281.93560,0
1621765800000,35170.70,35802.58,34961.20,35361.65,13979.660,1621766699999,495613060.01218,160462,7685.082,272443418.00662,0
1621766700000,35361.65,35534.16,34950.67,34988.82,7503.535,1621767599999,264354191.85851,85777,3553.564,125219273.92475,0
1621767600000,34988.83,35347.48,34950.00,35128.60,6788.340,1621768499999,238964754.15476,77552,3628.319,127719091.87462,0
1621768500000,35130.82,35650.18,34538.58,35455.56,14241.435,1621769399999,499856423.90154,161788,7033.675,246959250.34653,0
1621769400000,35454.21,35786.19,35203.00,35623.04,7706.931,1621770299999,273373966.57942,91385,4324.424,153442764.84372,0
1621770300000,35623.53,35707.35,35312.73,35367.81,5665.525,1621771199999,201088339.14417,67783,2745.832,97460428.92840,0
1621771200000,35367.81,35767.66,34902.65,35310.28,12028.481,1621772099999,424162480.03296,143530,6050.285,213416910.94446,0
1621772100000,35310.28,35629.46,34950.00,35012.28,9453.200,1621772999999,333388357.97749,112272,4477.705,157961474.17625,0
1621773000000,35013.99,35193.15,33390.00,33433.00,23899.838,1621773899999,818669675.20725,261819,10868.379,372488977.82947,0
1621773900000,33427.76,34499.22,33000.00,33937.03,38281.659,1621774799999,1297511351.15939,393464,19595.430,664529452.37804,0
1621774800000,33937.03,34128.06,32928.68,33733.04,26133.774,1621775699999,876119640.25691,314789,13301.772,446249998.63422,0
1621775700000,33733.05,33850.00,32650.00,33011.00,25227.266,1621776599999,838505770.59667,303153,12010.604,399513106.19975,0
1621776600000,33016.44,33380.84,32566.82,33307.27,24365.347,1621777499999,803089275.02356,281565,12521.422,412935119.55352,0
1621777500000,33307.27,33938.76,33229.28,33624.89,17019.848,1621778399999,572726382.56847,188395,9402.192,316465616.15044,0
1621778400000,33626.74,33731.99,33171.37,33446.58,13040.401,1621779299999,435895727.11068,152631,6991.250,233719487.08332,0
1621779300000,33446.58,33690.33,33006.96,33677.63,10889.192,1621780199999,363296169.13084,131478,5654.065,188721501.07468,0
1621780200000,33677.64,34578.27,33417.49,34277.71,14364.926,1621781099999,488411083.38348,161974,8083.779,274863188.32702,0
1621781100000,34277.72,34360.00,33842.07,33880.28,11092.074,1621781999999,378512666.95405,131793,5772.499,197047101.65640,0
1621782000000,33879.68,33990.67,33319.76,33478.44,9139.810,1621782899999,307382861.15465,120221,4528.556,152335921.20681,0
1621782900000,33478.44,33955.19,33473.02,33867.54,7700.481,1621783799999,259310109.40361,97393,4184.197,140920066.12161,0
1621783800000,33867.53,33880.97,33160.33,33193.02,8035.813,1621784699999,268821511.88386,106148,3647.365,121989603.94576,0
1621784700000,33192.08,33428.03,33000.00,33306.95,10075.998,1621785599999,334372707.11241,121546,5275.030,175117082.16260,0
1621785600000,33307.00,33673.52,32121.00,32276.11,28807.565,1621786499999,942023071.84442,316006,12849.157,420291700.34868,0
1621786500000,32276.11,32600.00,31640.00,31954.50,28846.810,1621787399999,924898733.52299,345513,13954.229,447823372.62388,0
1621787400000,31959.09,32358.00,31096.70,31316.31,27855.361,1621788299999,878858458.23074,331897,13444.152,424611339.41481,0
1621788300000,31316.80,32706.62,31311.74,32231.82,25361.158,1621789199999,814836653.46457,293397,13751.177,441760500.21943,0
1621789200000,32231.82,33900.00,32103.04,33380.68,28336.979,1621790099999,942572656.62548,326708,15165.741,504348585.59756,0
1621790100000,33379.30,33411.79,32651.00,32889.94,14859.446,1621790999999,489410679.62377,189393,7687.606,253228006.39758,0
1621791000000,32890.33,33263.76,32508.44,32940.13,11433.602,1621791899999,376122479.62570,135996,6210.925,204379124.57951,0
1621791900000,32940.14,33231.19,32597.44,32708.66,8358.494,1621792799999,275169044.94924,95040,4210.018,138649161.77737,0
1621792800000,32709.09,32730.55,31800.00,32318.70,17063.541,1621793699999,548100338.18540,205413,8663.990,278275271.13134,0
1621793700000,32326.92,33000.00,32030.84,32886.81,10853.422,1621794599999,354183463.95844,129745,5916.414,193135817.87043,0
1621794600000,32886.82,33456.51,32533.55,32566.70,11674.341,1621795499999,384007611.59783,133212,6190.717,203780330.27278,0
1621795500000,32566.69,32871.89,32390.01,32530.06,9091.601,1621796399999,296111647.92366,95927,4798.300,156346742.68593,0
1621796400000,32530.07,32910.83,32226.92,32791.68,11543.875,1621797299999,375221453.58769,120199,6197.115,201539374.35825,0
1621797300000,32791.67,33440.00,32688.66,33186.11,12740.272,1621798199999,421492544.14585,136619,6873.879,227493514.71438,0
1621798200000,33186.10,33210.00,32856.06,32997.66,7353.880,1621799099999,242928706.89740,84192,3668.189,121217116.85382,0
1621799100000,32997.66,33142.41,32740.03,33033.85,4784.867,1621799999999,157375294.68472,59886,2557.954,84149899.32181,0
1621800000000,33033.84,33778.99,33031.50,33628.49,8237.320,1621800899999,275821742.39101,109734,4311.281,144365544.88697,0
1621800900000,33628.48,33630.00,33250.01,33315.87,4726.444,1621801799999,157866798.09307,60754,2250.814,75193352.89556,0
1621801800000,33315.87,33819.98,33315.87,33605.79,5921.724,1621802699999,199053034.89456,74148,3146.434,105764670.72976,0
1621802700000,33606.15,33920.00,33429.85,33593.15,7196.497,1621803599999,242553856.27336,85062,3676.379,123974016.39089,0
1621803600000,33593.16,34133.73,33565.14,34128.00,6125.125,1621804499999,207411974.09256,74155,3468.296,117505076.24975,0
1621804500000,34128.77,34418.92,34035.00,34138.06,7501.745,1621805399999,256957017.62511,99329,3950.343,135347628.55102,0
1621805400000,34138.06,34142.00,33742.23,33817.69,4950.030,1621806299999,167836531.93861,65883,2428.124,82327787.90507,0
1621806300000,33817.70,34039.95,33633.00,33981.60,4402.596,1621807199999,149115299.54660,54760,2209.525,74875380.48176,0
1621807200000,33981.61,34524.75,33976.95,34471.66,5550.436,1621808099999,190353104.90128,71263,3053.124,104727216.29904,0
1621808100000,34476.05,34846.76,34359.34,34404.33,6408.599,1621808999999,221854894.99571,85392,3388.722,117360023.48442,0
1621809000000,34403.79,34583.70,34099.00,34145.00,5358.293,1621809899999,183889523.54599,67144,2421.105,83106755.43938,0
1621809900000,34145.00,34274.37,33580.18,33814.51,7563.579,1621810799999,255909503.73595,92529,3493.170,118199088.62934,0
1621810800000,33814.57,34397.99,33810.61,34204.03,5468.965,1621811699999,186629352.49978,69661,2870.646,97936808.17819,0
1621811700000,34204.04,34833.72,34194.76,34702.65,6654.716,1621812599999,230322368.51611,75971,3645.376,126171545.74213,0
1621812600000,34702.66,34840.00,34351.16,34554.72,4844.892,1621813499999,167845027.38899,57984,2216.566,76808543.18759,0
1621813500000,34554.72,34955.00,34506.15,34651.60,5877.588,1621814399999,204441425.84981,63973,3265.483,113622324.84234,0
1621814400000,34656.53,35555.00,34648.21,35321.15,11122.982,1621815299999,391693800.13613,127004,5981.806,210565694.59734,0
1621815300000,35320.94,35690.00,35262.09,35579.94,6282.478,1621816199999,223163481.21172,77287,3145.523,111759855.87186,0
1621816200000,35581.80,35595.35,34918.42,35054.39,5860.342,1621817099999,206400682.64792,68695,2529.487,89084867.39841,0
1621817100000,35055.65,35280.00,35050.00,35164.09,4061.686,1621817999999,142877365.33108,49248,2125.262,74762882.48513,0
1621818000000,35164.10,35249.14,34666.00,34716.25,4852.645,1621818899999,169684150.66113,61663,2215.479,77519736.42496,0
1621818900000,34716.25,35059.36,34703.38,35021.94,3863.512,1621819799999,134817611.62067,48024,2249.009,78492765.93669,0
1621819800000,35021.93,35460.55,34875.46,35377.39,5262.937,1621820699999,185290125.36110,58968,3056.805,107654319.88670,0
1621820700000,35381.52,35539.00,35026.06,35071.74,5051.372,1621821599999,178215348.61318,52552,2322.877,81980862.15406,0
1621821600000,35073.05,35160.76,34780.08,35088.76,5051.307,1621822499999,176755729.31104,57136,2415.129,84527816.65002,0
1621822500000,35082.53,35376.10,35024.98,35314.50,3760.043,1621823399999,132453976.92602,44898,1865.062,65695309.59477,0
1621823400000,35314.50,35442.00,34920.52,35087.63,4349.833,1621824299999,152719269.75365,51157,2314.125,81240442.46792,0
1621824300000,35087.63,35390.00,34971.70,35254.33,4719.007,1621825199999,165973763.68071,51833,2330.939,81970123.96785,0
1621825200000,35254.33,35665.57,35094.73,35476.94,6137.486,1621826099999,217680516.74909,68907,3384.220,120054004.25412,0
1621826100000,35476.93,35921.33,35470.01,35651.66,8242.545,1621826999999,294186307.40887,77707,4342.911,155047562.29004,0
1621827000000,35651.66,35672.76,35326.00,35345.87,4591.706,1621827899999,162859704.33063,49809,2183.681,77463279.60684,0
1621827900000,35345.88,35420.00,35115.87,35221.25,4165.679,1621828799999,146777443.29917,46455,1889.849,66595007.35239,0
1621828800000,35221.25,35393.28,34904.59,35124.00,5070.897,1621829699999,178210314.60547,56174,2375.954,83545141.90954,0
1621829700000,35124.00,35279.03,35000.15,35034.26,3062.493,1621830599999,107516086.16893,37523,1521.054,53420373.97516,0
1621830600000,35033.59,35185.00,34366.00,34421.41,7903.712,1621831499999,274575643.47635,85513,3525.911,122535541.81635,0
1621831500000,34421.41,34970.00,34420.41,34864.49,7036.664,1621832399999,244467456.52049,74268,3736.771,129829710.60350,0
1621832400000,34867.24,35485.67,34867.24,35381.14,6537.609,1621833299999,230419373.95992,72757,3606.464,127119895.32706,0
1621833300000,35381.13,35383.29,35082.12,35124.61,3851.371,1621834199999,135501429.14528,42842,1920.741,67573960.50751,0
1621834200000,35126.67,35162.41,34746.57,34899.12,6101.842,1621835099999,213181587.48701,62703,3112.209,108723486.62793,0
1621835100000,34899.12,35309.53,34899.12,35285.43,3967.123,1621835999999,139418846.09420,44633,2120.580,74530761.31725,0
1621836000000,35285.41,35478.78,35004.06,35445.34,5718.094,1621836899999,201518828.83100,57305,2777.009,97870206.53239,0
1621836900000,35445.33,35458.94,35178.78,35398.32,4156.994,1621837799999,146881218.28027,47483,2041.365,72133006.12477,0
1621837800000,35398.32,35750.00,35267.14,35546.53,6858.128,1621838699999,243548978.40728,69559,3755.929,133362569.46487,0
1621838700000,35546.53,36244.00,35519.59,36071.42,7226.411,1621839599999,258685271.74481,74900,4344.592,155677106.76066,0
1621839600000,36065.96,36676.63,36063.40,36472.91,12507.126,1621840499999,455072109.02122,132858,6945.160,252752282.60996,0
1621840500000,36475.24,36477.36,36161.59,36164.43,6346.557,1621841399999,230589676.56344,68414,2950.362,107219104.69965,0
1621841400000,36163.40,36802.78,36163.40,36609.13,7757.493,1621842299999,283322031.89360,80971,4426.469,161623970.67976,0
1621842300000,36609.14,36881.39,36420.00,36612.34,7426.032,1621843199999,271953240.80838,76060,3909.742,143257579.20909,0
1621843200000,36612.34,36842.26,36354.00,36653.97,7681.484,1621844099999,281017393.57202,84085,3815.042,139619684.92562,0
1621844100000,36648.03,36804.52,36300.00,36345.50,7202.692,1621844999999,263125558.00658,76677,2997.883,109571532.71127,0
1621845000000,36345.49,36571.39,36130.57,36505.18,6534.917,1621845899999,237403008.35735,77278,3390.498,123219729.37603,0
1621845900000,36505.18,36690.00,36350.34,36594.90,5501.227,1621846799999,201017027.30451,58211,2709.182,99003779.44267,0
1621846800000,36594.46,36603.07,36210.00,36228.37,4600.305,1621847699999,167343630.22153,56310,2296.349,83538651.17235,0
1621847700000,36228.37,36448.88,36217.47,36331.99,5357.087,1621848599999,194653911.51800,55812,2601.065,94503997.40717,0
1621848600000,36334.99,36539.43,36262.90,36498.75,5018.225,1621849499999,182797394.94406,53907,2627.512,95710595.50618,0
1621849500000,36498.74,36502.37,36159.73,36191.93,5457.410,1621850399999,198120651.69916,57666,2848.505,103417060.40891,0
1621850400000,36191.92,36490.61,36189.03,36282.78,4795.180,1621851299999,174213692.76932,54539,2507.190,91109811.16784,0
1621851300000,36286.35,36699.83,36245.00,36324.40,5988.903,1621852199999,218251965.32435,63816,3257.656,118744475.56070,0
1621852200000,36324.39,36341.78,35860.42,36199.00,11720.458,1621853099999,422379892.51073,112435,5721.456,206198916.11067,0
1621853100000,36198.99,36500.00,36031.42,36388.48,7109.692,1621853999999,258041459.40152,73595,3656.920,132732760.74788,0
1621854000000,36388.66,37350.00,36370.28,36928.33,15233.588,1621854899999,563430787.68489,162717,8048.566,297568325.08457,0
1621854900000,36928.34,37184.95,36858.35,37163.07,6077.802,1621855799999,224991779.28213,67520,3615.870,133862927.47230,0
1621855800000,37163.08,37800.00,37100.00,37628.09,14389.583,1621856699999,540035034.86835,151347,7811.033,293117378.85759,0
1621856700000,37626.17,37893.19,37379.80,37558.30,10314.072,1621857599999,388217247.64823,107810,5138.211,193464098.66074,0
1621857600000,37558.30,37793.51,37332.08,37526.29,9027.350,1621858499999,338615590.17677,91633,4361.130,163652167.50276,0
1621858500000,37526.29,38181.08,37432.30,38080.99,12618.726,1621859399999,476684431.28599,118780,7347.381,277698680.73145,0
1621859400000,38079.91,38600.00,38064.00,38396.11,17895.820,1621860299999,686989434.14483,174874,9082.869,348727525.37766,0
1621860300000,38396.12,38520.00,38158.88,38184.99,8650.374,1621861199999,331394121.51874,90827,4286.916,164249264.78035,0
1621861200000,38186.10,38386.04,37912.04,38013.03,9267.968,1621862099999,353164450.71903,92642,4308.254,164163219.04474,0
1621862100000,38013.03,38039.23,37418.61,37828.71,12945.490,1621862999999,487800784.02956,128746,6599.669,248691535.03522,0
1621863000000,37828.57,38233.00,37716.12,37782.07,12052.814,1621863899999,457473037.98326,115224,6186.083,234846083.55531,0
1621863900000,37782.06,37994.79,37384.00,37569.33,11171.022,1621864799999,420759818.03066,105363,5230.815,197087623.88417,0
1621864800000,37569.02,38078.73,37494.33,38008.91,9681.304,1621865699999,365651500.69366,89674,5348.755,202155700.68130,0
1621865700000,38011.58,38017.67,37451.40,37539.24,8202.478,1621866599999,309379296.50919,84571,3832.711,144622372.43910,0
1621866600000,37539.16,37649.02,37306.60,37578.89,9782.493,1621867499999,366429104.35381,98416,4929.759,184707206.12411,0
1621867500000,37578.89,37749.00,37453.00,37674.92,6513.371,1621868399999,245056793.85367,65127,3150.804,118553195.35648,0
1621868400000,37674.93,37895.92,37284.49,37606.40,10535.793,1621869299999,396428193.59176,101862,5080.613,191221992.26587,0
1621869300000,37606.40,37999.00,37460.20,37906.85,8498.784,1621870199999,320924359.70824,92628,4629.451,174835530.91408,0
1621870200000,37906.85,38221.99,37700.00,37705.01,8208.007,1621871099999,311520656.92803,88962,4295.945,163063424.92153,0
1621871100000,37705.00,37707.21,37326.41,37535.20,8125.688,1621871999999,304691713.72107,81539,3910.878,146688174.71551,0
1621872000000,37538.03,37961.70,37150.00,37326.34,13586.154,1621872899999,509233781.33011,140541,6406.786,240275233.22010,0
1621872900000,37326.34,37449.98,36842.11,37201.71,12686.938,1621873799999,470412439.86338,129524,6144.480,227855656.05611,0
1621873800000,37201.72,37699.90,37059.96,37543.81,9711.394,1621874699999,362791850.60614,103286,4894.478,182908877.41695,0
1621874700000,37543.80,37599.47,37278.00,37365.61,4661.428,1621875599999,174488204.67425,50429,2109.295,78950915.49032,0
1621875600000,37365.62,37545.75,37190.00,37492.10,4499.848,1621876499999,168055372.39592,48654,2423.170,90528591.66988,0
1621876500000,37492.10,37891.86,37386.64,37643.13,7324.358,1621877399999,275646243.02264,74669,4029.892,151700665.25939,0
1621877400000,37643.13,37646.99,37350.00,37584.54,4744.943,1621878299999,177741624.32049,51239,2218.678,83101814.18528,0
1621878300000,37584.54,37763.51,37442.17,37649.99,4660.150,1621879199999,175328385.16005,49630,2329.782,87658597.14339,0
1621879200000,37650.00,37741.00,37385.12,37445.03,3592.549,1621880099999,134869199.78868,43439,1769.821,66445212.14795,0
1621880100000,37445.03,38220.66,37445.03,38119.23,6812.488,1621880999999,257757880.64744,75248,4143.015,156818810.62628,0
1621881000000,38119.23,38348.18,37775.16,37800.79,7123.692,1621881899999,271170032.30934,80401,3224.595,122786048.72554,0
1621881900000,37801.60,37994.99,37764.02,37879.48,4103.475,1621882799999,155429374.72712,44458,2169.834,82186255.27948,0
1621882800000,37879.47,38397.42,37854.88,38144.81,6415.063,1621883699999,244912836.76724,72759,3479.396,132827961.15279,0
1621883700000,38145.76,38300.00,37807.00,38068.75,5062.636,1621884599999,192595882.87171,59721,2393.082,91033653.67464,0
1621884600000,38066.55,39434.60,37707.25,39395.44,14138.456,1621885499999,544959670.64375,132647,8551.132,330138815.41748,0
1621885500000,39395.44,39778.33,38900.00,39563.58,23353.083,1621886399999,919252696.38510,257225,11327.056,445996394.92379,0
1621886400000,39563.88,39917.09,39400.00,39512.10,12659.071,1621887299999,501395231.32285,125827,6576.336,260613815.94276,0
1621887300000,39514.99,39517.22,38995.08,39108.48,8770.541,1621888199999,343597655.73732,99198,4254.727,166693084.93744,0
1621888200000,39108.48,39170.00,38707.54,38773.81,8046.339,1621889099999,313396712.87893,84349,3826.696,149133439.02876,0
1621889100000,38770.51,39103.47,38770.02,38946.17,5301.544,1621889999999,206525163.60318,54894,2832.176,110351044.27260,0
1621890000000,38946.17,39287.55,38925.00,39149.30,4822.671,1621890899999,188813841.63331,55782,2838.378,111134071.05996,0
1621890900000,39149.30,39284.89,38910.85,38949.99,3967.268,1621891799999,155054645.69301,46838,1575.783,61612276.68699,0
1621891800000,38949.99,39116.18,38351.00,38366.41,6385.132,1621892699999,247431593.13110,73993,2543.226,98595807.95196,0
1621892700000,38359.39,38824.27,38300.62,38465.66,7406.186,1621893599999,285852301.09896,77775,3620.940,139775511.11479,0
1621893600000,38465.67,38785.93,38420.00,38773.42,4934.500,1621894499999,190603078.87410,45073,2584.442,99843365.72291,0
1621894500000,38773.43,38875.29,38449.25,38461.44,5150.712,1621895399999,199045511.85916,52161,2718.855,105110649.96302,0
1621895400000,38461.45,38640.00,37954.45,38100.84,8405.920,1621896299999,321525021.21088,84502,3485.469,133420205.07142,0
1621896300000,38100.85,38500.00,38080.00,38428.84,6443.332,1621897199999,246957194.97207,63293,3614.516,138543248.63240,0
1621897200000,38428.84,38585.75,38314.53,38432.83,3938.034,1621898099999,151499832.03982,40123,2020.337,77732688.40652,0
1621898100000,38432.82,38553.62,38214.37,38411.60,4361.093,1621898999999,167328722.81748,45477,2052.946,78770795.10935,0
1621899000000,38409.67,38732.79,38406.56,38700.92,4360.408,1621899899999,168129362.86221,47733,2498.571,96352836.95854,0
1621899900000,38700.85,38883.85,38458.77,38779.66,5409.452,1621900799999,209085839.34015,56723,2741.387,105981842.45439,0
1621900800000,38783.58,39141.58,38483.15,38904.23,8116.952,1621901699999,315607784.88844,90613,4334.218,168562911.15472,0
1621901700000,38904.26,39492.12,38849.89,39430.77,6882.647,1621902599999,269802412.04856,74277,3857.301,151179335.09451,0
1621902600000,39430.78,39790.05,39259.00,39626.61,6489.593,1621903499999,256572446.86285,67137,3462.687,136959424.92134,0
1621903500000,39627.23,39654.55,39338.41,39388.00,5760.380,1621904399999,227510242.84453,61513,2368.016,93546132.44568,0
1621904400000,39388.01,39551.04,39150.00,39225.33,5025.893,1621905299999,197644094.45008,52562,2133.902,83921590.01057,0
1621905300000,39225.33,39431.90,38950.65,39000.00,5064.729,1621906199999,198515657.95081,51344,2367.326,92845974.02600,0
1621906200000,39000.00,39101.59,38659.03,38678.67,6435.148,1621907099999,250069403.61354,68294,3197.380,124286241.36591,0
1621907100000,38677.37,38920.00,38670.00,38800.94,3949.255,1621907999999,153277970.88334,42241,2152.596,83553880.63177,0
1621908000000,38800.39,38916.10,38222.00,38297.05,7779.175,1621908899999,299871764.31068,78424,3602.836,138873892.59057,0
1621908900000,38297.06,38480.00,38150.59,38288.93,6053.316,1621909799999,232091448.35196,64084,3067.550,117638390.12263,0
1621909800000,38288.93,38624.41,38288.93,38491.81,4208.811,1621910699999,161979747.85282,40985,2266.272,87221218.37705,0
1621910700000,38495.39,38499.33,37990.82,38081.89,5800.979,1621911599999,221824545.86738,55555,2561.847,97964063.41410,0
1621911600000,38081.88,38158.00,37808.00,38125.47,8455.655,1621912499999,321180940.83201,81475,4239.213,161060553.15669,0
1621912500000,38126.48,38330.80,38010.00,38233.63,5365.582,1621913399999,204895257.20674,49459,3061.898,116931379.57027,0
1621913400000,38232.78,38424.72,38062.24,38303.67,5239.136,1621914299999,200418677.81747,50636,2525.829,96648688.88901,0
1621914300000,38303.67,38350.00,38072.00,38300.27,3697.983,1621915199999,141394697.75200,37600,1889.691,72256186.50164,0
1621915200000,38300.28,38490.53,38115.03,38221.49,5226.150,1621916099999,200354311.23321,50717,2860.635,109673481.72621,0
1621916100000,38221.49,38304.39,37606.60,37915.08,9837.080,1621916999999,372507695.24361,95615,4344.335,164441028.19397,0
1621917000000,37915.08,38477.01,37844.30,38350.00,6809.124,1621917899999,259922768.31659,66558,3706.554,141460407.86017,0
1621917900000,38350.01,38700.00,38276.69,38366.29,6256.849,1621918799999,240825546.83031,63450,3196.139,123033601.93990,0
1621918800000,38364.20,38439.75,37970.15,38066.27,5670.861,1621919699999,216311815.88873,55844,2772.671,105754905.06981,0
1621919700000,38066.98,38399.50,38066.98,38222.23,4153.388,1621920599999,158853231.53175,41285,2126.843,81342154.76277,0
1621920600000,38223.94,38262.00,37861.50,38239.73,5048.178,1621921499999,192124563.68192,54019,2423.485,92237587.24167,0
1621921500000,38239.74,38438.80,38050.73,38352.07,4272.998,1621922399999,163599909.08978,45542,2147.980,82242770.92127,0
1621922400000,38352.07,38605.84,38105.00,38317.60,5774.272,1621923299999,221554897.99185,58772,3291.284,126284837.88153,0
1621923300000,38319.80,38549.44,38319.80,38420.01,3796.462,1621924199999,146083061.04633,39402,2001.123,77001898.78935,0
1621924200000,38420.01,38789.90,38385.22,38712.82,5665.500,1621925099999,219156273.14971,58264,2935.349,113546019.42607,0
1621925100000,38712.83,39196.75,38601.02,38870.00,6912.009,1621925999999,268741153.29106,73164,3791.437,147449090.04038,0
1621926000000,38870.00,39099.99,38780.00,39050.01,3670.864,1621926899999,142879966.95187,43829,1869.766,72785135.32828,0
1621926900000,39049.79,39175.79,38848.46,38914.78,4370.121,1621927799999,170336027.78125,47532,1966.291,76660233.16785,0
1621927800000,38914.78,38930.00,38614.61,38708.45,5041.308,1621928699999,195435152.70648,52973,2190.495,84926367.15108,0
1621928700000,38709.50,39050.00,38680.00,38985.21,4433.923,1621929599999,172318985.28999,45831,2485.802,96623691.35025,0
1621929600000,38985.22,39122.77,38530.17,38700.00,9467.253,1621930499999,367195196.48180,85789,4422.809,171555999.18376,0
1621930500000,38700.00,38720.00,38350.00,38540.49,6714.430,1621931399999,258440112.01337,64971,3166.136,121873301.25881,0
1621931400000,38538.59,38588.69,38135.00,38186.77,5719.040,1621932299999,219303708.73070,61212,2520.551,96656660.13377,0
1621932300000,38186.40,38307.00,38028.93,38144.84,5826.382,1621933199999,222223666.19693,58825,2899.871,110616244.81578,0
1621933200000,38144.84,38266.00,38051.10,38129.63,3814.729,1621934099999,145546961.62930,43833,2068.126,78915224.19319,0
1621934100000,38129.62,38266.00,37865.36,37996.15,6873.110,1621934999999,261508352.66798,75135,3171.838,120741080.91641,0
1621935000000,37996.15,38145.38,37760.00,38043.93,6955.003,1621935899999,263710742.83894,69108,3303.199,125274543.26413,0
1621935900000,38043.93,38091.93,37856.95,37947.47,3814.055,1621936799999,144772498.72978,42957,1879.274,71345639.03294,0
1621936800000,37946.10,37949.50,37232.00,37294.69,12886.281,1621937699999,483311739.77014,137356,6010.350,225411053.96474,0
1621937700000,37294.70,37560.62,37120.00,37270.87,10823.397,1621938599999,404179194.64624,113231,5443.066,203313029.93660,0
1621938600000,37270.88,37417.40,36670.86,36943.63,15587.909,1621939499999,576654962.98567,169838,7381.636,273103745.66949,0
1621939500000,36943.64,37318.00,36934.67,37135.02,7872.882,1621940399999,292519262.50219,84092,4356.612,161880837.96765,0
1621940400000,37134.91,37485.00,36903.10,37055.38,8893.889,1621941299999,331202214.44885,91425,4048.429,150842828.88121,0
1621941300000,37051.52,37280.00,36702.95,37162.55,10827.921,1621942199999,400358269.80093,113330,5304.487,196167062.96344,0
1621942200000,37162.29,37285.00,36858.22,37247.18,6937.277,1621943099999,257270675.07555,72816,3613.965,134026828.31212,0
1621943100000,37247.19,37274.12,36510.00,36567.87,12009.723,1621943999999,442227125.70969,123126,5516.559,203120694.76756,0
1621944000000,36567.87,37061.17,36439.32,37023.91,12611.254,1621944899999,464125507.57804,127808,6804.735,250542051.42048,0
1621944900000,37023.14,37235.42,36917.45,36969.83,8030.324,1621945799999,297834667.81242,84224,4219.766,156516169.89503,0
1621945800000,36969.83,36972.48,36679.66,36718.86,7162.523,1621946699999,263642667.04256,77954,3616.747,133135491.48301,0
1621946700000,36718.86,37171.79,36716.60,37123.65,6280.822,1621947599999,232211551.97520,70077,3233.861,119564370.81256,0
1621947600000,37123.66,37400.00,37000.00,37031.08,8737.319,1621948499999,325139777.94692,93695,4602.447,171288291.65993,0
1621948500000,37031.07,37767.20,36920.08,37671.62,12431.903,1621949399999,464673229.71224,117295,6735.669,251798966.93194,0
1621949400000,37671.61,37883.42,37459.58,37724.64,9983.313,1621950299999,375726549.38993,97067,5097.404,191894398.92023,0
1621950300000,37724.65,37724.98,37450.66,37463.47,6167.909,1621951199999,231658996.45970,62410,2795.912,105014963.26060,0
1621951200000,37463.48,37843.75,37346.15,37829.50,7463.250,1621952099999,280556249.10216,78589,3900.620,146679318.48436,0
1621952100000,37829.65,38150.00,37706.70,37947.53,9274.715,1621952999999,351780103.97088,101692,4796.762,181991148.40460,0
1621953000000,37947.54,38085.75,37704.76,37956.12,9734.692,1621953899999,368680588.68780,87726,5017.823,190064631.87295,0
1621953900000,37953.00,37963.91,37548.00,37636.89,7373.511,1621954799999,278333073.04022,71267,3055.018,115334360.71305,0
1621954800000,37636.88,37772.18,37084.40,37532.83,13317.325,1621955699999,497862752.36211,132757,6001.899,224456051.92156,0
1621955700000,37532.31,37949.08,37362.60,37449.09,11628.697,1621956599999,438537481.52983,113467,5312.896,200437193.63855,0
1621956600000,37449.09,38560.00,37348.42,38122.45,20224.579,1621957499999,768959045.60209,200839,11472.360,436037830.67005,0
1621957500000,38116.36,38384.55,37900.00,38269.99,6109.663,1621958399999,232702301.53751,73564,3185.807,121365700.99102,0
1621958400000,38270.00,38295.78,37684.72,38020.81,8796.862,1621959299999,333905222.71171,99824,4061.112,154184796.26932,0
1621959300000,38020.07,38028.02,37770.00,37929.99,4199.959,1621960199999,159157440.94623,48611,2225.130,84327363.00415,0
1621960200000,37929.99,38143.81,37654.72,37765.41,4740.941,1621961099999,179441370.36598,58409,2385.651,90326861.16137,0
1621961100000,37765.41,38005.00,37765.41,37796.55,3805.498,1621961999999,144226298.15171,45667,1922.653,72868340.53866,0
1621962000000,37794.65,38057.94,37790.23,37940.81,3527.956,1621962899999,133818754.49232,40311,1862.178,70638282.34663,0
1621962900000,37940.81,37949.17,37544.70,37746.60,4338.678,1621963799999,163664080.53917,54047,2005.949,75675838.91655,0
1621963800000,37745.46,37864.46,37500.00,37845.91,4182.210,1621964699999,157582244.35575,47838,2156.799,81278478.34510,0
1621964700000,37845.91,37999.82,37745.00,37948.67,3865.163,1621965599999,146425655.63758,45422,1899.299,71958356.10387,0
1621965600000,37948.67,37997.45,37754.81,37926.99,3104.111,1621966499999,117551825.37380,35719,1609.570,60954088.81149,0
1621966500000,37926.99,38138.14,37790.00,38055.43,3288.053,1621967399999,124769183.68725,39539,1849.387,70191416.71122,0
1621967400000,38058.14,38303.86,37966.00,37996.67,4152.378,1621968299999,158304537.45354,48330,2085.528,79529104.26051,0
1621968300000,37996.67,38030.62,37850.00,37880.83,3103.414,1621969199999,117706857.33323,35122,1538.668,58365581.08508,0
1621969200000,37880.83,37978.20,37625.00,37743.56,3842.002,1621970099999,145024689.13593,46999,1791.005,67602612.83996,0
1621970100000,37743.56,37750.08,37600.03,37749.99,2657.245,1621970999999,100094182.53778,32850,1322.721,49832149.16907,0
1621971000000,37750.00,37938.58,37500.01,37725.07,4756.001,1621971899999,179357537.28541,57372,2258.033,85174473.92935,0
1621971900000,37718.30,37755.46,37120.11,37293.26,7180.316,1621972799999,268316280.36854,78163,3353.055,125286906.95018,0
1621972800000,37293.25,37588.98,37253.43,37555.86,4413.890,1621973699999,165287052.34533,54678,2288.986,85710338.34138,0
1621973700000,37555.86,37725.00,37511.58,37638.77,3721.682,1621974599999,140089280.54291,43992,1796.388,67623225.55835,0
1621974600000,37638.76,37638.79,37489.00,37523.53,2373.535,1621975499999,89152410.57785,31353,1147.653,43106880.47685,0
1621975500000,37523.52,37805.27,37520.02,37600.68,3063.556,1621976399999,115350483.79343,36666,1657.536,62415114.49476,0
1621976400000,37600.68,37662.10,37533.19,37598.17,2053.852,1621977299999,77223014.14790,27620,945.787,35565782.82259,0
1621977300000,37598.17,37700.00,37426.29,37645.52,2677.433,1621978199999,100611271.82532,36103,1378.166,51795740.69880,0
1621978200000,37645.52,37799.92,37600.00,37710.09,1653.194,1621979099999,62351816.32349,26931,884.057,33341279.24952,0
1621979100000,37712.29,38150.00,37705.68,37943.60,4179.088,1621979999999,158718811.84688,52829,2369.012,89969255.70861,0
1621980000000,37943.60,38241.60,37910.63,38140.01,3814.280,1621980899999,145198113.84152,45016,2101.193,80009065.64281,0
1621980900000,38140.01,38327.50,38014.60,38259.40,3461.572,1621981799999,131997837.27806,43891,1766.733,67382569.57804,0
1621981800000,38258.91,38479.29,38067.00,38371.83,4133.443,1621982699999,157932032.77866,46758,2099.074,80223597.93273,0
1621982700000,38371.84,38735.00,38341.85,38397.28,6906.626,1621983599999,265967148.52896,66795,3298.340,127059657.57388,0
1621983600000,38397.28,38415.00,38113.00,38230.00,3564.650,1621984499999,136401526.71491,39414,1706.181,65292371.30538,0
1621984500000,38230.01,38387.84,38140.27,38260.62,3298.570,1621985399999,126260313.17585,34470,1686.414,64565816.43236,0
1621985400000,38260.62,38366.31,37962.57,38203.63,4218.137,1621986299999,160999738.68576,43991,1824.656,69673126.40064,0
1621986300000,38203.64,38489.77,38112.78,38326.84,2942.715,1621987199999,112605934.63351,32865,1547.396,59229189.20894,0
1621987200000,38326.84,38600.00,38137.79,38175.61,5636.928,1621988099999,216168661.94186,56431,2718.868,104274307.79660,0
1621988100000,38170.03,38394.68,37822.87,37912.05,4894.496,1621988999999,186497842.97921,52265,2141.418,81632894.12848,0
1621989000000,37912.05,38100.00,37804.76,37981.65,4511.310,1621989899999,171312532.15783,44491,2285.226,86783528.81091,0
1621989900000,37981.64,38191.28,37980.09,38111.96,2633.402,1621990799999,100340954.37612,28081,1390.219,52970199.13029,0
1621990800000,38112.51,38300.00,38081.75,38295.74,2403.398,1621991699999,91808696.13047,29153,1277.594,48811203.43796,0
1621991700000,38295.64,38496.83,38292.07,38440.34,2961.919,1621992599999,113713971.35160,33675,1571.147,60335329.43243,0
1621992600000,38440.33,38900.00,38439.91,38815.40,5299.014,1621993499999,204720248.42467,55778,2995.633,115770010.64438,0
1621993500000,38813.65,38825.82,38601.94,38657.16,3511.830,1621994399999,135844864.58200,36254,1632.118,63136555.97996,0
1621994400000,38657.15,39113.02,38647.86,39095.79,6494.111,1621995299999,252409969.76307,61864,3549.715,138013819.97740,0
1621995300000,39095.79,39480.00,39089.72,39326.43,8269.956,1621996199999,325084086.38192,82401,4315.268,169640538.08829,0
1621996200000,39326.43,39613.00,39222.00,39483.16,5204.066,1621997099999,204623254.48076,48529,2447.416,96277819.89450,0
1621997100000,39478.66,39508.22,39072.51,39214.99,5065.942,1621997999999,198704375.04117,49772,2450.829,96147622.26422,0
1621998000000,39215.00,39327.85,39103.16,39203.12,3607.497,1621998899999,141397379.78074,35353,1758.802,68950196.63786,0
1621998900000,39203.12,39446.30,39165.36,39407.65,3913.403,1621999799999,153771891.88035,35474,1970.200,77428378.72161,0
1621999800000,39407.65,39407.66,39211.24,39309.90,2982.703,1622000699999,117203644.14194,29383,1378.219,54158329.30787,0
1622000700000,39306.20,39724.24,39306.20,39495.03,4957.569,1622001599999,195754864.38279,48782,2807.103,110871291.23817,0
1622001600000,39495.04,39600.00,39124.50,39141.60,4962.926,1622002499999,195056066.57370,49488,2404.019,94486090.89339,0
1622002500000,39142.44,39327.62,39004.00,39088.10,5439.853,1622003399999,213221606.94585,44375,2881.296,112962603.32470,0
1622003400000,39087.87,39288.00,39000.00,39225.17,3950.451,1622004299999,154755817.10575,38549,1910.811,74861027.32912,0
1622004300000,39224.77,39484.73,39150.24,39397.95,3564.406,1622005199999,140140784.17651,33916,1962.446,77177118.08256,0
1622005200000,39397.43,39538.21,39251.56,39329.53,3971.589,1622006099999,156374175.92435,36718,1920.268,75620634.55821,0
1622006100000,39329.54,39487.60,39216.94,39437.86,3214.886,1622006999999,126498778.75821,32009,1580.756,62191692.56700,0
1622007000000,39439.35,39500.00,39250.00,39367.56,4066.292,1622007899999,160057670.76173,36337,1963.935,77304873.66296,0
1622007900000,39367.57,39412.06,39150.00,39234.68,3929.757,1622008799999,154377742.15352,38744,1868.110,73382843.81401,0
1622008800000,39234.37,39499.47,39157.00,39493.72,4094.954,1622009699999,161136229.81017,39171,1997.968,78623330.29103,0
1622009700000,39493.63,40356.00,39490.37,40257.78,14770.493,1622010599999,589999047.90623,143752,8620.286,344282422.81310,0
1622010600000,40257.31,40771.29,40253.00,40680.00,13715.411,1622011499999,555921466.12273,133265,7293.346,295604547.30143,0
1622011500000,40680.00,40680.01,40408.50,40546.99,7243.566,1622012399999,293536206.15798,65797,3262.752,132208755.12753,0
1622012400000,40546.99,40600.00,40284.08,40380.15,5303.392,1622013299999,214272437.34558,49285,2563.547,103577826.63397,0
1622013300000,40380.14,40488.00,40272.00,40363.30,4250.326,1622014199999,171595861.12386,37727,2198.761,88781099.17432,0
1622014200000,40363.31,40538.05,40333.00,40456.93,4188.959,1622015099999,169366657.01340,36777,2122.064,85804109.14906,0
1622015100000,40456.92,40500.00,40300.00,40436.00,4127.552,1622015999999,166869479.87116,35085,1881.876,76084464.91276,0
1622016000000,40436.00,40900.00,39720.00,40023.93,17999.363,1622016899999,723759879.47125,170501,7763.829,312544814.88953,0
1622016900000,40023.30,40220.00,39811.00,40135.60,7550.195,1622017799999,301882963.01126,75394,3949.033,157921466.01338,0
1622017800000,40136.62,40370.00,40066.00,40227.07,5859.746,1622018699999,235857342.91996,58476,2695.720,108514218.88717,0
1622018700000,40227.07,40227.07,39921.48,40152.47,5627.924,1622019599999,225597835.80519,54585,2771.059,111085695.17017,0
1622019600000,40152.46,40350.00,40150.85,40221.16,4352.453,1622020499999,175275713.02218,42478,2200.209,88608882.65934,0
1622020500000,40221.15,40438.88,40150.00,40230.00,4832.717,1622021399999,194633746.34108,45873,2332.357,93963904.30902,0
1622021400000,40230.00,40344.37,40066.76,40204.49,4045.764,1622022299999,162571326.62259,42429,1923.769,77302249.23176,0
1622022300000,40204.61,40385.28,40142.51,40165.30,3573.826,1622023199999,143933562.27860,36416,1727.717,69583869.42075,0
1622023200000,40159.06,40338.00,39600.00,39731.92,9350.141,1622024099999,373399479.62061,95283,4071.400,162657154.04332,0
1622024100000,39731.23,39948.00,39569.06,39614.13,7140.978,1622024999999,284043180.02893,71313,3380.170,134497153.48792,0
1622025000000,39614.13,39776.45,39560.00,39688.18,8084.729,1622025899999,320699095.74457,70885,4043.720,160403662.23418,0
1622025900000,39689.85,39798.00,39573.03,39696.26,5627.692,1622026799999,223268833.10418,50750,2751.217,109145866.11722,0
1622026800000,39696.26,39700.00,39388.00,39637.73,7046.672,1622027699999,278771252.51606,62088,2983.848,118066861.01329,0
1622027700000,39637.74,39739.86,39614.72,39676.81,3860.703,1622028599999,153175038.20752,35430,2053.491,81474375.26254,0
1622028600000,39676.81,39787.00,39610.00,39720.45,3448.278,1622029499999,136907739.32667,34666,1912.454,75936252.41428,0
1622029500000,39720.45,39900.00,39604.00,39851.90,4589.363,1622030399999,182460407.93256,46674,2300.613,91480469.19442,0
1622030400000,39851.91,40197.33,39750.00,40142.73,8462.783,1622031299999,338472729.92370,78233,4494.226,179746522.70063,0
1622031300000,40145.10,40300.00,40033.85,40141.27,5345.127,1622032199999,214562988.82599,50450,2728.429,109533890.18826,0
1622032200000,40141.26,40222.35,39971.21,40125.00,5288.616,1622033099999,212010123.43391,48532,2474.659,99205410.28583,0
1622033100000,40125.00,40173.88,40054.00,40130.05,3137.562,1622033999999,125853622.52576,31225,1526.566,61236609.18684,0
1622034000000,40130.04,40131.54,39500.00,39624.00,11132.971,1622034899999,442451972.18991,104503,5035.854,200089573.89698,0
1622034900000,39623.45,39640.32,39247.00,39356.89,12206.141,1622035799999,480926176.07545,131713,5473.781,215666066.91479,0
1622035800000,39356.90,39479.30,39010.00,39294.56,10460.365,1622036699999,410706681.64261,105663,4864.603,191051598.32754,0
1622036700000,39294.46,39298.00,38825.00,38883.27,11611.185,1622037599999,453525681.56000,112035,5079.667,198476163.88443,0
1622037600000,38883.27,39200.00,38819.48,38941.73,11754.904,1622038499999,458134846.82486,114770,6332.226,246826683.39349,0
1622038500000,38942.44,39200.00,38861.58,39149.80,6044.608,1622039399999,236206201.57544,58703,3288.194,128511591.90359,0
1622039400000,39149.79,39349.50,38965.90,39244.04,7218.573,1622040299999,283067106.51157,72547,3678.978,144308938.24832,0
1622040300000,39244.04,39369.00,39136.12,39151.71,4672.713,1622041199999,183335527.99133,45335,2148.602,84310650.53581,0
1622041200000,39151.71,39250.00,38680.00,38769.63,8761.889,1622042099999,341687432.85936,84114,3741.158,145974471.62857,0
1622042100000,38769.63,38903.53,38501.00,38613.29,11989.790,1622042999999,463679297.26568,111704,5832.346,225609312.44508,0
1622043000000,38613.30,38961.00,38600.72,38819.35,7381.081,1622043899999,286311702.49210,72611,3831.836,148668991.78755,0
1622043900000,38819.34,38908.19,38533.27,38779.56,7193.265,1622044799999,278461872.00692,66397,3529.633,136645343.07045,0
1622044800000,38779.56,39309.23,38645.29,39125.46,10716.281,1622045699999,418474386.21210,102819,5621.946,219516093.04436,0
1622045700000,39125.46,39375.44,39060.00,39133.80,6326.797,1622046599999,248154587.45769,62581,3180.062,124741159.28874,0
1622046600000,39133.80,39150.00,38654.78,38825.66,8179.594,1622047499999,317815314.61642,80077,3776.587,146703094.77953,0
1622047500000,38825.67,38875.95,38520.00,38576.02,8694.120,1622048399999,336091673.61716,77845,4181.360,161680424.31097,0
1622048400000,38576.02,38579.79,38028.27,38302.00,15267.893,1622049299999,584067870.88837,140421,6282.532,240350729.64126,0
1622049300000,38302.00,38545.64,38212.52,38545.64,6649.648,1622050199999,255433227.19336,61680,3804.147,146098590.73572,0
1622050200000,38545.64,38736.49,38494.97,38708.06,4422.564,1622051099999,170946704.24874,45736,2261.763,87427738.54275,0
1622051100000,38708.05,39120.84,38466.04,38982.05,6467.716,1622051999999,250431399.24745,64264,3414.032,132288598.86763,0
1622052000000,38983.16,38988.29,38467.95,38645.47,8340.291,1622052899999,323032014.13599,78380,3763.859,145792807.85363,0
1622052900000,38645.47,38849.78,38534.09,38779.82,4568.702,1622053799999,177033045.87769,43505,2327.939,90203394.53156,0
1622053800000,38781.21,38978.78,38595.39,38659.42,4698.823,1622054699999,182013622.14138,46437,2193.596,84971885.94028,0
1622054700000,38659.43,38815.88,38357.49,38629.07,6404.441,1622055599999,246927962.63147,62374,3075.906,118596013.51263,0
1622055600000,38630.57,38632.73,38201.00,38357.03,6549.218,1622056499999,251364995.31422,59836,3124.013,119896652.79080,0
1622056500000,38357.04,38357.04,37942.71,38217.22,9443.477,1622057399999,360258817.54185,82052,4228.397,161332894.70740,0
1622057400000,38217.22,38300.00,37900.00,38236.89,7131.839,1622058299999,271792739.37086,66823,3180.972,121292598.20967,0
1622058300000,38236.89,38497.26,38140.00,38474.08,5154.597,1622059199999,197453911.82222,48370,2716.813,104086616.13530,0
1622059200000,38473.68,38545.75,38300.15,38489.83,3608.780,1622060099999,138658877.48651,37291,1720.489,66126004.83449,0
1622060100000,38489.83,38742.98,38400.45,38689.54,4799.610,1622060999999,185408065.48533,46520,2488.183,96123598.75588,0
1622061000000,38688.76,38834.73,38570.00,38624.47,4925.618,1622061899999,190481644.59973,45416,2226.981,86151938.48906,0
1622061900000,38624.47,38737.35,38606.87,38721.02,2804.012,1622062799999,108438079.44589,28713,1369.572,52965475.81545,0
1622062800000,38721.03,38975.00,38689.36,38775.04,5839.072,1622063699999,226642345.12845,55844,2960.890,114929347.90977,0
1622063700000,38774.42,38815.95,38632.00,38684.04,3052.513,1622064599999,118159025.76639,32572,1258.175,48708839.47340,0
1622064600000,38684.04,38734.30,38550.73,38721.51,2391.967,1622065499999,92443505.47046,28707,933.753,36090095.14050,0
1622065500000,38721.47,39250.00,38720.47,39021.59,5619.754,1622066399999,219219144.17420,56472,3120.978,121738931.75122,0
1622066400000,39021.58,39118.34,38920.00,38969.62,3595.597,1622067299999,140162278.98064,36049,1680.137,65496950.35192,0
1622067300000,38969.63,39090.17,38878.41,39084.12,2843.846,1622068199999,110781919.46500,33973,1440.638,56123087.08928,0
1622068200000,39084.13,39084.13,38822.34,38860.00,2606.665,1622069099999,101423215.79518,29129,1217.923,47391486.23602,0
1622069100000,38859.99,38994.15,38736.00,38949.69,2632.401,1622069999999,102266330.27267,26668,1199.247,46606764.20375,0
1622070000000,38949.69,38950.00,38642.94,38826.22,3751.246,1622070899999,145586642.94706,38067,1818.423,70584168.26011,0
1622070900000,38826.21,39060.00,38767.00,39055.33,2484.081,1622071799999,96669789.29978,26601,1385.451,53918431.00057,0
1622071800000,39052.40,39290.29,39019.47,39186.40,4334.670,1622072699999,169698180.38322,41397,2320.346,90849229.86123,0
1622072700000,39186.39,39430.98,39151.59,39224.20,3932.503,1622073599999,154358131.33311,40800,2062.804,80973484.81212,0
1622073600000,39224.21,39224.21,38959.31,38991.74,4784.313,1622074499999,186990034.57858,43902,2207.730,86299328.39803,0
1622074500000,38991.75,38991.75,38710.25,38757.87,4594.605,1622075399999,178438908.95410,42407,2198.663,85385106.38479,0
1622075400000,38757.88,38791.83,38348.40,38518.55,5809.240,1622076299999,223974012.75920,56298,2716.016,104705723.69760,0
1622076300000,38518.54,38725.75,38452.00,38616.80,3882.304,1622077199999,149902103.79474,34201,2085.230,80510202.00853,0
1622077200000,38616.79,38713.14,38300.00,38313.55,5657.742,1622078099999,217832943.96167,51205,2704.981,104186428.85975,0
1622078100000,38313.45,38387.70,37970.25,38216.81,7044.085,1622078999999,268981124.43821,66467,3311.963,126498908.29188,0
1622079000000,38216.74,38331.65,38119.22,38165.40,4435.263,1622079899999,169510661.53895,39344,2339.815,89425562.61721,0
1622079900000,38165.41,38300.00,37500.00,37627.69,11221.442,1622080799999,423693456.42182,102778,4584.717,173166737.98913,0
1622080800000,37627.70,37938.60,37475.00,37921.58,7734.965,1622081699999,291863748.59714,69442,3729.149,140810847.94071,0
1622081700000,37925.02,37999.86,37750.78,37800.00,4820.412,1622082599999,182680141.99418,43837,2385.708,90430009.94084,0
1622082600000,37797.86,37817.70,37534.78,37704.34,5971.035,1622083499999,225115393.64316,53880,2912.250,109799825.26355,0
1622083500000,37704.34,37889.98,37566.41,37824.17,4952.337,1622084399999,186871177.80080,45648,2662.687,100474659.65780,0
1622084400000,37821.09,37821.09,37181.27,37287.19,9573.240,1622085299999,358091298.65481,95416,4082.251,152722852.77740,0
1622085300000,37287.20,37494.99,37133.22,37438.27,7009.861,1622086199999,261862190.78642,62217,3570.827,133403458.93020,0
1622086200000,37438.27,37640.00,37435.94,37469.97,4550.265,1622087099999,170853317.12188,44082,2365.218,88812149.03764,0
1622087100000,37469.97,37662.51,37370.31,37634.00,5136.327,1622087999999,192757551.01108,44424,2549.862,95689848.18000,0
1622088000000,37633.30,37784.95,37422.48,37588.44,6133.543,1622088899999,230572251.40227,52468,3144.119,118227614.83458,0
1622088900000,37588.44,37599.77,37319.64,37388.67,4456.412,1622089799999,167012373.64621,41732,2112.714,79180117.92212,0
1622089800000,37388.67,37687.06,37201.00,37628.89,6625.294,1622090699999,248160407.50884,59905,3404.895,127580135.33051,0
1622090700000,37631.50,37791.86,37561.03,37728.74,5065.944,1622091599999,190826201.83968,46652,2727.355,102739858.71860,0
1622091600000,37728.74,37750.00,37450.00,37570.59,4212.715,1622092499999,158306218.27686,40494,2028.269,76219802.77071,0
1622092500000,37570.59,37725.53,37451.41,37545.76,5063.734,1622093399999,190272795.99843,44924,2322.226,87260621.87725,0
1622093400000,37545.76,37803.49,37523.86,37803.49,4130.088,1622094299999,155543405.73694,37330,2164.369,81524358.55556,0
1622094300000,37803.48,38192.96,37746.95,38127.63,9005.475,1622095199999,342546364.01428,78119,5334.283,202895091.34796,0
1622095200000,38128.01,38252.14,37880.48,37971.16,6213.012,1622096099999,236323421.13880,52509,3021.238,114935257.95681,0
1622096100000,37971.17,38098.70,37922.18,38063.27,4288.253,1622096999999,163051819.17148,36066,2158.425,82071247.40043,0
1622097000000,38063.27,38193.70,37999.64,38182.39,3460.094,1622097899999,131776649.16116,32311,1800.547,68574919.81310,0
1622097900000,38182.39,38300.00,38057.41,38242.94,3947.412,1622098799999,150679312.78086,36460,2049.730,78248451.06875,0
1622098800000,38242.93,38242.94,38101.37,38129.58,2711.030,1622099699999,103468231.91430,29291,1315.780,50215785.31474,0
1622099700000,38130.20,38265.81,38041.42,38192.19,3734.453,1622100599999,142516558.93339,36054,1827.517,69748826.37417,0
1622100600000,38192.19,38408.11,38192.19,38343.32,5274.756,1622101499999,202044804.14114,46252,2915.135,111667900.02401,0
1622101500000,38343.31,38407.00,38185.59,38269.73,3721.118,1622102399999,142476741.90224,36031,1828.916,70029967.85070,0
1622102400000,38268.07,38500.00,37820.00,38478.34,10348.119,1622103299999,394925408.61413,98536,5136.213,196118118.24988,0
1622103300000,38478.28,38752.36,38356.00,38699.74,7509.066,1622104199999,289073592.26034,67089,4235.770,163110842.33498,0
1622104200000,38699.74,39200.00,38664.93,38899.29,10829.755,1622105099999,422054394.82015,103264,5510.102,214739474.36839,0
1622105100000,38899.29,39028.32,38736.00,38822.79,5500.833,1622105999999,213862659.16294,49920,2658.137,103367677.14358,0
1622106000000,38822.79,39100.00,38790.00,39031.17,5025.338,1622106899999,195894236.66932,47971,2792.041,108843999.97810,0
1622106900000,39031.16,39497.54,38995.92,39134.16,8993.038,1622107799999,352688674.97331,78157,4979.779,195288122.14622,0
1622107800000,39134.16,39220.00,38967.02,39036.24,5115.011,1622108699999,200000720.58712,47395,2023.082,79130956.52101,0
1622108700000,39036.13,39324.67,38988.92,39269.21,4030.591,1622109599999,157698195.81435,41331,2163.473,84660314.88844,0
1622109600000,39269.20,39483.71,39060.46,39472.61,6330.110,1622110499999,248340595.22746,61728,3325.112,130467796.15991,0
1622110500000,39475.11,39632.27,39230.61,39338.85,7087.588,1622111399999,279311435.35396,74158,3725.464,146833312.96981,0
1622111400000,39338.86,39523.70,39085.86,39265.81,5706.752,1622112299999,224279397.58756,59014,2675.517,105161608.83417,0
1622112300000,39265.82,39400.00,39130.29,39209.60,4324.552,1622113199999,169762223.27183,43556,2087.142,81944694.04870,0
1622113200000,39208.26,39547.00,39200.95,39493.10,6129.647,1622114099999,241549052.73197,59739,3137.421,123650618.71828,0
1622114100000,39488.42,39771.43,39485.00,39584.23,8426.415,1622114999999,333972062.88203,76201,4362.520,172909841.26367,0
1622115000000,39584.23,39660.00,39400.00,39471.03,4796.325,1622115899999,189441307.22795,49438,2297.117,90730408.69506,0
1622115900000,39471.03,39850.00,39470.17,39677.21,5460.031,1622116799999,216575419.26292,56138,2886.133,114512582.17889,0
1622116800000,39677.20,39944.86,39491.97,39630.63,9180.241,1622117699999,364744544.88266,94443,4572.224,181700862.77538,0
1622117700000,39630.62,39717.47,39460.64,39603.44,5616.066,1622118599999,222246462.05050,53472,2760.174,109235919.21204,0
1622118600000,39603.44,39850.00,39261.58,39337.78,8302.658,1622119499999,328760137.43043,83536,3716.195,147233644.57398,0
1622119500000,39337.77,39570.00,39291.35,39324.95,5562.155,1622120399999,219302975.74934,58517,2837.987,111912534.25663,0
1622120400000,39324.94,39700.00,39317.97,39686.45,5162.336,1622121299999,204180189.57428,55847,2740.847,108408412.69535,0
1622121300000,39686.44,40438.82,39596.96,40256.02,14507.729,1622122199999,581228530.71168,145178,8333.391,333926481.75038,0
1622122200000,40256.02,40317.68,39948.10,39971.31,7195.390,1622123099999,288728560.93497,77384,3264.731,131023022.75766,0
1622123100000,39970.77,40171.43,39733.00,39875.28,7470.930,1622123999999,298613104.86308,70173,3601.120,143980556.61160,0
1622124000000,39875.28,40157.35,39860.28,40084.34,5228.531,1622124899999,209312118.06421,54255,2673.743,107043648.63509,0
1622124900000,40084.34,40370.82,40080.00,40230.11,6412.932,1622125799999,257905609.72173,66818,3536.813,142253668.11864,0
1622125800000,40230.11,40281.40,40001.00,40056.68,5539.917,1622126699999,222309988.93237,51537,2430.270,97543780.20338,0
1622126700000,40056.68,40170.00,39955.78,40026.10,4672.538,1622127599999,187173546.85697,44483,2407.583,96453448.79541,0
1622127600000,40026.10,40109.22,39856.31,40020.59,4977.165,1622128499999,199107642.02497,47854,2344.127,93788294.45454,0
1622128500000,40018.06,40027.94,39520.44,39632.43,9566.586,1622129399999,379956509.16005,96303,4506.567,178979523.10010,0
1622129400000,39632.42,39730.00,39500.36,39630.29,5261.237,1622130299999,208431914.08530,54612,2538.520,100578484.08142,0
1622130300000,39630.29,39821.81,39581.59,39690.04,4851.128,1622131199999,192600753.87070,48382,2634.669,104609590.29979,0
1622131200000,39690.04,39745.22,39171.94,39351.39,9530.866,1622132099999,375757293.55400,97175,4497.260,177341480.71545,0
1622132100000,39351.38,39450.00,39100.72,39177.40,5954.849,1622132999999,234085185.21428,60045,2866.281,112696825.98832,0
1622133000000,39176.75,39298.24,38875.00,38961.44,8039.072,1622133899999,314018530.71093,99643,3876.585,151444988.28481,0
1622133900000,38961.44,39075.83,38750.00,38868.96,6824.107,1622134799999,265538017.63790,69531,3439.941,133880441.27613,0
1622134800000,38868.96,38955.00,38719.26,38944.75,5110.482,1622135699999,198675330.31736,53584,2794.173,108637479.55534,0
1622135700000,38944.61,39211.11,38896.70,38986.25,6375.467,1622136599999,248954244.11368,58640,3777.658,147527576.01014,0
1622136600000,38986.26,39100.00,38876.66,39065.78,3764.671,1622137499999,146898322.34917,37985,1875.264,73183269.83212,0
1622137500000,39065.78,39280.00,39032.27,39036.14,4553.934,1622138399999,178274379.35398,45229,2419.621,94732925.45442,0
1622138400000,39038.83,39146.00,38950.00,39116.73,3366.922,1622139299999,131491452.38238,37030,1580.654,61741119.33897,0
1622139300000,39116.74,39116.74,38950.00,38986.39,3240.360,1622140199999,126458181.81679,30463,1485.546,57974609.04565,0
1622140200000,38986.39,39148.32,38808.89,39137.32,4110.187,1622141099999,160306491.45731,43104,2018.935,78749479.99479,0
1622141100000,39137.31,39232.84,38969.99,39096.61,3717.653,1622141999999,145363995.24019,35254,1896.492,74152910.82308,0
1622142000000,39096.61,39112.85,38853.10,39065.23,3905.730,1622142899999,152179205.33911,37164,1937.450,75488528.62587,0
1622142900000,39065.24,39135.30,38525.00,38546.42,6372.369,1622143799999,247231348.16968,58999,2834.467,110027661.52251,0
1622143800000,38546.42,38748.58,38520.00,38603.50,4719.683,1622144699999,182410966.02515,44119,2445.893,94536064.09538,0
1622144700000,38600.11,38818.20,38597.27,38774.19,3333.743,1622145599999,129080884.89089,31331,1780.499,68944042.15372,0
1622145600000,38773.69,38850.23,38600.00,38766.52,3783.796,1622146499999,146587410.55458,37011,1846.267,71538837.28544,0
1622146500000,38770.90,38772.10,38557.87,38628.98,3075.305,1622147399999,118900970.67282,32949,1461.904,56519024.72563,0
1622147400000,38628.99,38769.21,38550.00,38686.95,2809.229,1622148299999,108608619.06576,30028,1343.465,51935431.74003,0
1622148300000,38686.94,38700.00,38424.85,38464.79,4485.820,1622149199999,172786722.48301,45083,2065.345,79561380.56883,0
1622149200000,38464.79,38538.87,38184.15,38334.60,6917.128,1622150099999,265005055.17009,67487,3106.138,119007448.73768,0
1622150100000,38335.96,38800.00,38274.20,38787.10,4643.273,1622150999999,179193801.98754,53208,2684.300,103604889.56264,0
1622151000000,38787.09,39189.89,38701.00,38890.21,6212.119,1622151899999,242223122.89363,68159,3460.067,134919748.51014,0
1622151900000,38890.22,39038.17,38841.25,38972.79,3492.526,1622152799999,136018428.16844,35491,1758.504,68484923.97086,0
1622152800000,38972.78,38976.05,38750.00,38845.99,3459.581,1622153699999,134380989.87699,34355,1649.673,64072534.06723,0
1622153700000,38845.99,39119.15,38700.00,39117.42,3750.799,1622154599999,145771215.98315,38648,2052.048,79771611.94136,0
1622154600000,39117.42,39145.64,38610.00,38654.05,6161.722,1622155499999,238947410.02046,55332,2911.991,112911050.29734,0
1622155500000,38655.01,38692.31,38388.00,38500.02,4973.037,1622156399999,191494109.03456,46465,2267.301,87299880.94628,0
1622156400000,38500.02,38750.00,38500.01,38591.04,4328.506,1622157299999,167243066.00412,38604,2260.568,87331553.54082,0
1622157300000,38591.05,38594.08,38350.66,38419.01,3969.215,1622158199999,152596632.61252,36981,1853.280,71248952.12580,0
1622158200000,38419.01,38545.13,38280.27,38516.26,4113.619,1622159099999,158033155.38148,37914,2086.496,80170243.25168,0
1622159100000,38516.26,38634.70,38370.00,38527.38,3901.317,1622159999999,150225591.65214,35639,1897.042,73060750.54240,0
1622160000000,38527.38,38552.58,38026.62,38397.50,9564.057,1622160899999,365534732.99976,80628,4200.124,160583466.81783,0
1622160900000,38399.54,38888.35,38388.94,38640.80,6592.421,1622161799999,255104641.81213,60781,3487.432,134926483.03093,0
1622161800000,38640.79,38640.80,38174.43,38340.72,6350.314,1622162699999,243577286.75173,56375,3018.214,115745601.27769,0
1622162700000,38340.78,38345.11,37918.30,38003.69,5961.888,1622163599999,227220752.50547,54462,2734.676,104235149.56706,0
1622163600000,38007.00,38013.08,37700.00,37829.47,8134.021,1622164499999,307766622.98694,78480,3806.460,144033548.40268,0
1622164500000,37829.46,38170.00,37808.89,38167.40,4614.831,1622165399999,175470173.73528,44987,2669.618,101499342.83445,0
1622165400000,38167.41,38239.99,38053.08,38103.08,3834.871,1622166299999,146334338.09414,35320,1810.846,69101795.76485,0
1622166300000,38103.08,38222.00,37960.00,38150.18,4441.764,1622167199999,169117829.74948,38935,2287.486,87099937.82563,0
1622167200000,38148.59,38338.28,38001.49,38284.58,4560.267,1622168099999,174245710.25825,40449,2361.389,90231506.42399,0
1622168100000,38284.57,38289.99,38158.12,38200.00,2614.133,1622168999999,99893516.80916,26235,1223.190,46738804.58546,0
1622169000000,38199.99,38316.35,38050.00,38262.86,3225.804,1622169899999,123150470.98514,31652,1554.730,59371396.80205,0
1622169900000,38263.83,38333.33,38037.51,38278.96,4366.722,1622170799999,166640428.07035,36043,2217.109,84626143.04578,0
1622170800000,38279.24,38279.98,37976.72,38080.11,3660.162,1622171699999,139461205.23774,37707,1605.867,61194320.66168,0
1622171700000,38082.42,38083.85,37800.00,37901.13,4448.546,1622172599999,168619474.70922,46434,2159.271,81837090.19982,0
1622172600000,37901.12,38185.05,37820.00,38120.55,4676.977,1622173499999,178043863.23516,46136,2470.869,94058345.68141,0
1622173500000,38120.55,38275.13,37869.84,38225.25,4783.375,1622174399999,182134774.55425,45105,2636.358,100395393.53033,0
1622174400000,38225.24,38225.24,37875.00,37880.00,4980.051,1622175299999,189328028.16035,45597,2445.473,92970999.91392,0
1622175300000,37880.00,37892.40,37600.00,37813.75,7942.313,1622176199999,299626977.91738,72833,3784.805,142791229.88733,0
1622176200000,37813.75,37828.28,37312.09,37361.93,8610.439,1622177099999,323092760.14958,82584,3625.642,136072878.70075,0
1622177100000,37362.62,37482.10,37201.00,37319.16,9005.585,1622177999999,336430347.28858,78226,4518.089,168835267.24074,0
1622178000000,37319.16,37550.01,37240.00,37541.90,5982.515,1622178899999,223937275.04336,54958,3321.256,124349483.77470,0
1622178900000,37541.90,37545.63,37257.10,37339.18,5198.887,1622179799999,194353092.70316,47962,2397.923,89637764.30989,0
1622179800000,37339.19,37535.00,36777.00,37019.01,10939.632,1622180699999,406511528.93777,101546,4717.391,175457578.92198,0
1622180700000,37020.08,37029.67,36660.03,36977.76,11041.812,1622181599999,406725980.78012,99338,5797.233,213586727.49272,0
1622181600000,36977.77,37181.91,36793.55,36888.18,8635.756,1622182499999,319180173.64908,80649,4445.527,164329982.83565,0
1622182500000,36888.19,37010.24,36538.00,36687.61,10393.755,1622183399999,381776180.18217,102871,5152.068,189284524.78780,0
1622183400000,36684.15,36936.85,36435.15,36924.96,10074.063,1622184299999,369732938.74393,99926,5012.263,184020178.38793,0
1622184300000,36925.43,37077.49,36726.91,36925.65,7991.427,1622185199999,294909343.43540,75955,4125.134,152240579.55084,0
1622185200000,36925.64,37074.50,36650.13,36970.00,7073.683,1622186099999,260597388.15210,67673,3685.191,135773296.63736,0
1622186100000,36970.00,37357.13,36863.00,36931.56,11076.047,1622186999999,411143232.83676,105850,5656.891,209997675.77718,0
1622187000000,36931.56,37054.80,36653.41,36781.43,7913.872,1622187899999,291654729.03215,74524,3955.839,145813719.20157,0
1622187900000,36781.43,36999.73,36546.93,36965.27,8546.943,1622188799999,313901994.53194,76962,4460.683,163877371.22743,0
1622188800000,36965.27,37264.00,36681.28,36807.28,10432.021,1622189699999,385655988.58095,107116,5357.467,198087873.15871,0
1622189700000,36807.28,37100.00,36710.00,36765.54,6874.955,1622190599999,253456624.54952,63156,3385.558,124818352.63635,0
1622190600000,36765.54,36954.02,36670.00,36902.04,5626.704,1622191499999,207219043.82067,50349,2896.064,106672436.53791,0
1622191500000,36902.04,36909.52,35555.00,35953.11,23006.638,1622192399999,831624332.60691,203995,9813.333,354743957.15627,0
1622192400000,35952.55,35986.30,35517.93,35710.59,18080.300,1622193299999,645453213.90821,170174,8964.322,320074892.24102,0
1622193300000,35713.26,35895.23,35338.45,35417.00,12151.232,1622194199999,433099590.63050,123825,5637.007,201025672.21777,0
1622194200000,35417.01,35950.00,35404.38,35928.08,13093.118,1622195099999,468105201.28737,115944,7211.920,257906538.69148,0
1622195100000,35928.26,36249.50,35837.82,35990.42,11000.427,1622195999999,396331302.38512,102765,5509.687,198570585.91267,0
1622196000000,35986.97,36039.45,35733.25,35884.68,9071.719,1622196899999,325458080.34444,81067,5002.975,179518180.74233,0
1622196900000,35882.95,36324.12,35820.01,36294.61,8161.531,1622197799999,294618795.91164,75182,4720.303,170439511.97176,0
1622197800000,36294.60,36312.42,36060.89,36226.59,6964.569,1622198699999,251935284.27649,60603,3302.835,119481653.82250,0
1622198700000,36226.61,36234.65,35881.61,35930.01,7249.254,1622199599999,260948933.61716,66763,3464.161,124700351.81028,0
1622199600000,35930.00,36075.00,35765.08,35941.84,6236.324,1622200499999,223980766.63084,58150,3167.970,113797503.82008,0
1622200500000,35940.85,36174.89,35550.50,35589.30,10368.298,1622201399999,371544922.79401,95154,4829.641,173166882.45390,0
1622201400000,35589.32,35888.00,35581.48,35774.29,7631.340,1622202299999,272612731.73981,72451,4013.379,143368470.97787,0
1622202300000,35774.29,35774.30,35122.00,35374.31,15416.999,1622203199999,544970059.02885,153122,7368.923,260481451.96852,0
1622203200000,35374.32,36599.00,35188.61,36529.29,18828.434,1622204099999,675909099.73889,176878,10854.814,389741095.83663,0
1622204100000,36529.29,36891.88,36234.04,36712.71,17476.785,1622204999999,638384180.89759,167961,9208.265,336426055.85359,0
1622205000000,36712.71,36725.36,36358.51,36546.79,12682.214,1622205899999,462467954.46369,99203,5771.332,210486097.83193,0
1622205900000,36546.79,36755.00,36322.12,36567.21,9998.266,1622206799999,364726763.00365,82474,4949.496,180602541.71865,0
1622206800000,36569.20,37253.91,36567.20,36879.34,17929.888,1622207699999,662707926.48536,171980,9202.474,340156744.64921,0
1622207700000,36878.79,36950.00,36652.60,36712.55,7914.796,1622208599999,291162479.21251,72552,4095.542,150675091.65796,0
1622208600000,36712.54,37080.72,36707.78,36901.66,7780.294,1622209499999,287005381.53882,73334,3980.570,146839717.39216,0
1622209500000,36901.66,37142.97,36816.42,36893.55,5981.067,1622210399999,221171326.40080,56590,2949.050,109074620.58528,0
1622210400000,36896.40,37047.50,36775.36,36779.84,6851.649,1622211299999,252748256.20606,63738,3370.175,124326733.35855,0
1622211300000,36779.83,36855.22,36613.72,36762.47,7099.987,1622212199999,260811076.20313,66371,3483.194,127957184.26377,0
1622212200000,36760.31,36976.32,36643.00,36799.95,6241.514,1622213099999,229588950.96072,57515,3231.188,118867021.68876,0
1622213100000,36798.29,36960.83,36500.00,36586.00,7937.963,1622213999999,291451541.28818,71929,3713.114,136337592.15498,0
1622214000000,36585.99,36750.00,36393.40,36515.01,10331.643,1622214899999,377882694.05610,84263,4787.084,175123465.69565,0
1622214900000,36515.00,36832.53,36515.00,36773.45,6236.770,1622215799999,229016320.30185,51829,3220.381,118266714.70747,0
1622215800000,36773.45,37048.59,36655.00,36944.74,7021.893,1622216699999,258610292.97803,59626,3769.552,138871264.86400,0
1622216700000,36941.23,36944.66,36650.00,36741.50,7148.572,1622217599999,262866369.81158,58421,3265.234,120066008.48173,0
1622217600000,36741.49,36848.49,36112.16,36230.13,14838.709,1622218499999,541458558.49777,122158,7204.270,262907678.33515,0
1622218500000,36230.22,36457.35,36027.64,36188.89,13677.626,1622219399999,495382662.61984,106734,6846.974,248075651.24455,0
1622219400000,36188.88,36290.00,36076.12,36260.59,8213.731,1622220299999,297324565.12410,62421,4568.705,165402808.91733,0
1622220300000,36260.58,36410.29,35822.00,35824.93,11458.606,1622221199999,413607119.48959,98883,5202.019,187851537.04541,0
1622221200000,35824.44,36264.57,35593.25,35895.22,17127.666,1622222099999,615441035.20320,139529,8955.385,321934874.05644,0
1622222100000,35895.22,36243.95,35880.20,36069.62,8269.583,1622222999999,298230968.00240,68554,4208.689,151785803.32799,0
1622223000000,36071.29,36254.17,36015.25,36123.04,5136.971,1622223899999,185590379.88497,44136,2390.801,86376339.49373,0
1622223900000,36123.05,36299.84,35847.55,35977.76,7326.343,1622224799999,264141077.51726,56903,3761.410,135614967.31242,0
1622224800000,35977.76,36122.21,35638.04,35689.22,10460.795,1622225699999,374548918.98118,83959,4814.032,172367341.09805,0
1622225700000,35689.68,35968.00,35550.00,35888.95,9398.065,1622226599999,336062606.92824,73424,4887.095,174807951.38951,0
1622226600000,35895.15,36373.78,35895.15,36167.93,8197.082,1622227499999,296710193.43183,68633,4156.164,150433695.72665,0
1622227500000,36167.94,36317.10,35994.79,36190.02,5090.832,1622228399999,184103284.95674,48317,2460.210,88992842.81562,0
1622228400000,36188.21,36596.69,36090.55,36480.00,4623.061,1622229299999,167765446.63131,47781,2782.560,101028415.52423,0
1622229300000,36480.00,36527.78,35669.00,36074.63,11911.021,1622230199999,428934934.03023,94050,5255.121,189338425.67690,0
1622230200000,36074.62,36074.62,35573.00,35766.59,11240.187,1622231099999,401961449.57051,82227,5582.354,199628912.85554,0
1622231100000,35771.36,35869.12,35650.21,35799.22,6566.379,1622231999999,234971655.25139,45135,3022.213,108167554.97155,0
1622232000000,35799.23,36157.06,35799.00,36130.26,6088.930,1622232899999,219132739.88630,50648,3218.797,115846006.53185,0
1622232900000,36129.84,36250.00,35874.95,35900.83,6014.801,1622233799999,216930006.44031,54520,2576.051,92918972.31610,0
1622233800000,35900.84,35966.88,35354.83,35460.58,10924.616,1622234699999,388701563.15654,95858,4738.154,168587026.38907,0
1622234700000,35460.57,35515.67,35211.00,35232.23,9007.618,1622235599999,318270574.40061,74523,4215.195,148973425.11551,0
1622235600000,35232.22,35441.09,34834.75,35016.43,17598.447,1622236499999,617244704.21546,160378,8169.105,286626669.56816,0
1622236500000,35016.42,35188.00,34689.57,34909.42,10853.330,1622237399999,379286609.82871,108438,5016.893,175438379.50679,0
1622237400000,34910.00,35159.30,34756.03,34844.74,5960.111,1622238299999,208335705.98634,73184,2932.282,102513789.48996,0
1622238300000,34846.31,35141.23,34830.52,35046.99,5179.748,1622239199999,181181588.06408,52471,2756.004,96396209.50854,0
1622239200000,35047.00,35600.00,35046.99,35437.75,8265.144,1622240099999,291841965.79544,80761,4540.010,160302265.80949,0
1622240100000,35437.75,35586.94,34776.00,34885.58,12373.789,1622240999999,433983537.71602,107226,5555.769,194780555.65164,0
1622241000000,34885.58,35243.64,34850.00,34933.02,8845.060,1622241899999,309768995.40468,79389,4291.352,150278706.86070,0
1622241900000,34932.48,35137.00,34830.50,35079.19,5399.689,1622242799999,188786731.98271,56116,2834.449,99104900.11135,0
1622242800000,35080.20,35359.74,34968.24,35285.02,6510.928,1622243699999,229089015.92934,59404,3291.177,115827266.11635,0
1622243700000,35285.02,35492.36,35220.00,35465.37,5748.164,1622244599999,203298921.06195,48311,2931.652,103704996.15921,0
1622244600000,35465.37,35888.00,35350.00,35687.53,9070.922,1622245499999,323268378.59226,77682,4987.446,177772772.15481,0
1622245500000,35687.38,35927.00,35620.19,35670.99,4921.374,1622246399999,175688137.57844,46771,2410.287,86060444.48834,0
1622246400000,35670.99,36086.44,35623.29,35853.37,8745.225,1622247299999,313170273.01893,84168,4421.245,158361771.90469,0
1622247300000,35853.37,36088.75,35814.00,35920.00,5432.526,1622248199999,195255899.73370,52469,2835.283,101912973.79392,0
1622248200000,35920.00,35959.00,35764.64,35872.90,4077.829,1622249099999,146258947.26912,38861,1904.572,68318043.42867,0
1622249100000,35872.91,36463.68,35872.90,36218.56,8645.312,1622249999999,312887919.38654,77214,4472.345,161883355.84514,0
1622250000000,36218.57,36513.29,36218.56,36304.35,6072.916,1622250899999,220698747.38822,54907,3115.021,113219101.54195,0
1622250900000,36305.72,36389.34,36171.00,36376.06,4350.370,1622251799999,157759950.16865,42100,2046.608,74230850.12563,0
1622251800000,36376.06,36376.07,36202.00,36277.76,2729.171,1622252699999,99079222.83483,30459,1341.664,48710100.39171,0
1622252700000,36277.76,36394.97,36096.00,36382.70,4571.171,1622253599999,165765511.90371,42577,2211.938,80222061.53396,0
1622253600000,36382.70,36616.56,36280.00,36465.13,5722.343,1622254499999,208526693.25133,54614,3034.431,110576547.79813,0
1622254500000,36464.63,36471.76,36130.00,36135.01,6490.735,1622255399999,235435767.28916,49890,2965.610,107593849.67538,0
1622255400000,36135.01,36396.39,36135.01,36346.92,3489.282,1622256299999,126656557.24463,31237,1810.905,65729923.19904,0
1622256300000,36346.92,36472.98,36225.01,36357.79,4114.824,1622257199999,149533484.84428,35916,2105.320,76512936.04076,0
1622257200000,36357.78,36439.00,36180.00,36320.01,3902.506,1622258099999,141669905.39640,38821,1946.131,70650161.04538,0
1622258100000,36320.02,36817.00,36316.74,36579.99,6736.434,1622258999999,246260165.91887,64411,3806.931,139195041.07111,0
1622259000000,36579.99,36597.24,36329.39,36353.74,4711.558,1622259899999,171667803.18956,38681,2199.992,80154029.58563,0
1622259900000,36354.55,36514.40,36260.00,36470.03,3492.016,1622260799999,127004942.38901,32509,1689.448,61455035.24681,0
1622260800000,36470.04,36650.00,36300.00,36400.00,5357.631,1622261699999,195332257.79037,47667,2466.005,89910746.02820,0
1622261700000,36400.00,36517.00,36301.69,36514.34,3845.942,1622262599999,140018553.28630,33319,1834.479,66791492.33616,0
1622262600000,36514.34,36549.99,36285.71,36324.80,3491.880,1622263499999,127129239.93340,33017,1563.568,56922055.22841,0
1622263500000,36324.81,36438.00,35611.00,35722.75,10799.915,1622264399999,388519957.71471,98295,4780.637,171998495.54098,0
1622264400000,35722.75,36328.25,35721.81,36313.06,10096.480,1622265299999,363904108.20786,84121,5869.086,211509450.76374,0
1622265300000,36313.05,37375.00,36308.65,37156.01,18131.865,1622266199999,670458875.78478,168274,9961.388,368347632.02048,0
1622266200000,37156.00,37163.57,36903.20,36944.89,6755.572,1622267099999,249940000.90203,62091,3320.527,122846935.91722,0
1622267100000,36947.19,37020.00,36788.20,36871.91,5395.744,1622267999999,199014862.45999,43133,2371.484,87481269.96868,0
1622268000000,36871.91,37085.12,36870.00,36991.18,5369.307,1622268899999,198550506.42555,48508,2857.242,105656525.73581,0
1622268900000,36991.19,37005.00,36826.96,36868.34,3611.514,1622269799999,133284551.83621,33756,1599.567,59037866.80036,0
1622269800000,36867.92,36882.64,36721.00,36787.28,3424.104,1622270699999,126053678.88982,33818,1606.666,59153965.22656,0
1622270700000,36787.29,36845.00,36500.00,36555.09,5582.291,1622271599999,204507771.49703,56204,2650.144,97084457.07215,0
1622271600000,36555.10,36748.00,36534.00,36593.24,5265.924,1622272499999,192916110.41642,47331,2734.758,100193258.11076,0
1622272500000,36593.24,36755.78,36451.01,36524.92,5440.661,1622273399999,198960063.70386,52393,2887.557,105624570.82210,0
1622273400000,36524.92,36572.00,36030.00,36159.20,9906.828,1622274299999,359642005.28053,84411,4545.309,165009936.31277,0
1622274300000,36159.20,36318.85,36152.59,36180.71,5333.386,1622275199999,193250134.72313,50015,2816.062,102045710.46364,0
1622275200000,36179.68,36350.00,36064.90,36226.01,7399.952,1622276099999,267925112.05165,66444,3822.574,138396393.74707,0
1622276100000,36226.00,36393.54,35800.00,35830.33,8391.788,1622276999999,303300736.31671,72416,3911.799,141516851.08883,0
1622277000000,35830.33,35985.96,35669.48,35754.86,7597.920,1622277899999,272517028.87031,72388,3708.180,133035853.88269,0
1622277900000,35754.86,35958.00,35721.39,35810.95,5668.742,1622278799999,203274790.26682,51165,3006.729,107815610.85802,0
1622278800000,35810.96,35949.00,35288.00,35441.19,10667.021,1622279699999,378990861.14789,101100,4934.398,175332615.77581,0
1622279700000,35441.19,35516.66,34982.00,35100.01,14202.500,1622280599999,500064759.75936,126523,6697.322,235876020.24127,0
1622280600000,35100.00,35420.00,34889.00,35290.62,12814.248,1622281499999,450447866.71308,115939,6727.305,236545360.90537,0
1622281500000,35285.44,35519.44,35280.27,35392.63,7248.624,1622282399999,256883479.32473,64675,3699.439,131114241.16549,0
1622282400000,35392.62,35488.47,35033.77,35235.00,7218.990,1622283299999,254581883.60474,69990,3337.844,117734452.78254,0
1622283300000,35235.00,35367.00,35000.99,35223.03,7086.348,1622284199999,249354656.26231,65357,3578.837,125955257.56062,0
1622284200000,35223.04,35486.52,35112.00,35201.75,6318.534,1622285099999,223019048.75153,57150,3256.225,114946024.05027,0
1622285100000,35202.40,35350.00,35150.00,35250.00,4873.431,1622285999999,171689538.66884,43318,2555.835,90048194.64190,0
1622286000000,35249.99,35311.87,35055.81,35168.79,5728.129,1622286899999,201583359.86920,51622,2665.252,93809409.19673,0
1622286900000,35167.00,35400.00,34553.60,35343.40,18577.465,1622287799999,648879025.76379,181340,8896.640,310933839.70425,0
1622287800000,35344.43,35872.18,35250.01,35534.23,13701.810,1622288699999,487061497.41642,134663,6929.423,246362789.54308,0
1622288700000,35534.23,35690.00,35385.23,35388.92,6324.448,1622289599999,224537127.30803,55845,3035.213,107788545.12949,0
1622289600000,35388.93,35419.60,34882.39,35125.42,10691.963,1622290499999,375365609.09302,107551,5308.345,186331502.20411,0
1622290500000,35125.42,35142.33,34775.00,34948.47,7896.774,1622291399999,276004021.92499,75054,3807.238,133099926.60951,0
1622291400000,34950.04,35050.00,34738.00,34867.17,6460.734,1622292299999,225518434.18714,63744,3053.006,106579138.15940,0
1622292300000,34867.17,34950.00,34615.49,34803.58,8623.310,1622293199999,299908100.88541,81190,4188.757,145702412.08418,0
1622293200000,34804.96,34959.32,34400.00,34499.81,12736.539,1622294099999,441788316.88809,128065,5960.326,206920250.58149,0
1622294100000,34499.81,34716.69,34257.28,34292.55,10203.500,1622294999999,352382483.23575,102403,4668.193,161343299.74510,0
1622295000000,34292.55,34580.00,34144.60,34434.90,14073.507,1622295899999,483465674.15775,144790,7565.424,259966370.75281,0
1622295900000,34433.56,34996.00,34428.45,34888.18,11639.273,1622296799999,403948969.84085,115908,6365.897,220961187.17035,0
1622296800000,34888.18,35327.99,34790.67,35065.19,12981.314,1622297699999,455363330.80761,125267,6850.509,240327294.67088,0
1622297700000,35065.18,35070.89,34615.00,34790.00,10070.657,1622298599999,350520539.15635,102485,4766.432,165852285.80650,0
1622298600000,34790.10,34957.86,34417.41,34529.99,10695.267,1622299499999,370438437.61106,98604,5301.862,183696476.67822,0
1622299500000,34527.91,34794.66,34435.04,34641.86,8600.783,1622300399999,297754138.96525,73938,4728.205,163725078.76684,0
1622300400000,34642.58,34646.88,34057.87,34130.00,12948.152,1622301299999,444789627.23841,124871,5874.036,201846877.14640,0
1622301300000,34122.12,34620.54,33833.00,34567.69,19469.007,1622302199999,665318064.15454,182946,9785.780,334735719.85394,0
1622302200000,34567.69,34572.54,34133.97,34362.51,15699.622,1622303099999,539306215.06320,131846,7598.987,261031028.14957,0
1622303100000,34360.99,34517.76,34175.00,34452.15,7633.777,1622303999999,262104405.42656,76533,3832.987,131624076.80647,0
1622304000000,34452.15,34694.63,34050.13,34198.35,15159.475,1622304899999,520272763.05892,156449,7736.715,265545963.05056,0
1622304900000,34198.34,34445.26,34153.15,34296.08,7585.384,1622305799999,260410095.95056,72469,3808.767,130752901.79655,0
1622305800000,34294.91,34700.00,34294.91,34589.21,8493.746,1622306699999,293484063.65587,82051,4604.530,159093242.24260,0
1622306700000,34589.21,35091.83,34495.36,34850.29,10605.887,1622307599999,368805355.95967,102896,6040.288,210089760.59880,0
1622307600000,34851.91,34877.16,34341.18,34373.18,8153.570,1622308499999,281963141.17536,83633,3785.511,130910407.86154,0
1622308500000,34371.08,34474.81,34238.98,34305.38,7185.237,1622309399999,246809407.66079,74632,3759.389,129146757.21158,0
1622309400000,34306.72,34435.00,34107.13,34195.06,5746.678,1622310299999,196921458.49072,61023,2814.526,96452197.07425,0
1622310300000,34195.07,34223.92,33650.00,33913.82,14000.149,1622311199999,475005193.96496,142999,6371.891,216178840.56625,0
1622311200000,33913.81,34087.74,33656.08,33688.38,11424.753,1622312099999,386680471.07342,105140,5259.505,178067380.96478,0
1622312100000,33693.62,33935.76,33660.00,33848.00,6560.830,1622312999999,221732869.27508,60870,3403.754,115044839.55192,0
1622313000000,33842.26,34200.00,33838.32,34058.77,8088.208,1622313899999,275568249.64326,78994,4028.378,137240091.46012,0
1622313900000,34058.78,34145.43,33810.39,34089.27,6494.427,1622314799999,220577534.70295,61944,3289.460,111737312.98991,0
1622314800000,34089.28,34197.74,33820.00,33863.70,6060.674,1622315699999,206135858.50683,59240,3059.797,104071750.05649,0
1622315700000,33863.04,33957.46,33702.61,33829.40,5544.371,1622316599999,187460521.40946,56427,2742.482,92738008.96629,0
1622316600000,33829.40,34079.60,33732.25,34054.15,6025.184,1622317499999,204728865.78670,58658,2993.031,101695787.93856,0
1622317500000,34056.73,34300.00,33926.58,34051.48,6596.114,1622318399999,225011034.71672,64535,3768.034,128553450.83484,0
1622318400000,34051.47,34300.00,33905.79,33943.26,4603.686,1622319299999,157146495.08615,51697,2175.179,74277165.17075,0
1622319300000,33943.27,34158.61,33800.00,34104.81,5506.871,1622320199999,186785094.89283,60277,3086.412,104693143.89192,0
1622320200000,34106.61,34500.00,34040.40,34347.95,9547.327,1622321099999,327420917.35629,93149,5049.187,173191109.50865,0
1622321100000,34347.95,34368.22,33985.02,34245.76,5481.343,1622321999999,187178553.61203,55881,2693.427,91966169.95899,0
1622322000000,34245.77,34442.79,34185.46,34292.56,4516.131,1622322899999,154974904.78930,51941,2120.960,72788931.05468,0
1622322900000,34292.56,34393.91,34078.46,34126.70,3596.626,1622323799999,123139813.86015,43291,1798.992,61595956.15395,0
1622323800000,34126.33,34455.50,34120.03,34290.08,4833.327,1622324699999,165750537.57844,48608,2644.248,90671525.22537,0
1622324700000,34289.20,34752.93,34203.82,34646.95,7426.459,1622325599999,256435150.37531,74619,4211.816,145432571.34699,0
1622325600000,34646.94,34646.94,34355.55,34416.32,3737.443,1622326499999,128936025.60679,40149,1830.656,63160836.06556,0
1622326500000,34416.32,34542.91,34301.00,34395.71,3383.240,1622327399999,116422877.11025,38028,1749.632,60202932.28534,0
1622327400000,34395.70,34585.00,34343.00,34472.14,3656.148,1622328299999,125976047.92090,38509,1781.821,61391688.60932,0
1622328300000,34472.14,34503.06,34243.00,34474.99,3819.127,1622329199999,131225278.26356,36095,1933.798,66443061.32648,0
1622329200000,34475.00,34475.00,34151.02,34402.26,4363.174,1622330099999,149778430.71257,43854,2144.223,73612818.16469,0
1622330100000,34402.27,35000.00,34402.26,34831.14,7863.398,1622330999999,273203865.80479,74835,4316.492,149994615.76902,0
1622331000000,34831.15,35105.74,34650.01,34665.09,7727.521,1622331899999,269412249.04676,70923,3695.829,128900390.46090,0
1622331900000,34665.09,34764.10,34467.60,34611.94,4778.926,1622332799999,165236069.05879,46556,2556.351,88396908.02002,0
1622332800000,34611.95,34617.47,34200.00,34237.42,7164.925,1622333699999,246273497.95441,68739,3283.190,112844202.05721,0
1622333700000,34232.50,34327.76,33805.71,33924.73,9687.788,1622334599999,329223926.11099,87605,4623.357,157089744.07345,0
1622334600000,33924.72,33995.00,33356.00,33536.38,12581.603,1622335499999,423181626.18156,114504,5526.711,186000150.29837,0
1622335500000,33536.38,33887.00,33386.56,33865.80,7810.326,1622336399999,263015789.30914,73350,4215.170,141994132.59629,0
1622336400000,33864.77,34086.78,33720.00,33813.44,6918.785,1622337299999,234477516.25557,67323,3351.936,113616414.53222,0
1622337300000,33813.44,33949.54,33606.70,33753.94,5421.054,1622338199999,183133557.92397,50195,2631.215,88909536.46916,0
1622338200000,33757.86,33873.26,33650.00,33780.01,4604.393,1622339099999,155554362.79554,42783,2435.162,82276632.98637,0
1622339100000,33780.01,33980.00,33780.00,33907.52,3572.862,1622339999999,121129790.69762,35085,1903.190,64523226.89262,0
1622340000000,33906.13,34100.00,33800.00,34018.79,4873.141,1622340899999,165497206.16708,46737,2424.476,82363410.50325,0
1622340900000,34018.79,34418.67,34012.64,34335.54,6526.791,1622341799999,223655765.24268,63622,3514.540,120416746.55876,0
1622341800000,34335.54,34565.58,34268.00,34492.01,4730.856,1622342699999,162881522.35234,45556,2671.389,91991488.07175,0
1622342700000,34492.00,34675.00,34408.37,34541.69,3996.339,1622343599999,137898833.36578,39962,2043.333,70518131.69455,0
1622343600000,34541.70,34720.00,34510.41,34661.15,4442.330,1622344499999,153752828.32149,44530,2296.182,79485960.06416,0
1622344500000,34661.16,34810.29,34506.46,34551.61,5531.042,1622345399999,191723270.47132,53549,2466.126,85513586.36383,0
1622345400000,34551.62,34732.54,34376.31,34538.68,6021.586,1622346299999,207901523.95574,58247,3076.940,106247767.69239,0
1622346300000,34537.79,34988.00,34535.38,34780.52,6609.272,1622347199999,229885891.04892,62038,3629.745,126253212.08216,0
1622347200000,34782.31,34890.00,34647.55,34738.31,5070.779,1622348099999,176245868.22589,46747,2554.902,88818834.85523,0
1622348100000,34738.30,34853.70,34669.62,34817.74,3013.965,1622348999999,104779968.00259,32662,1475.008,51280918.82669,0
1622349000000,34817.74,35280.00,34817.74,34874.94,9324.575,1622349899999,326791482.31316,89369,5237.347,183553535.44447,0
1622349900000,34874.94,34949.64,34688.00,34769.06,4647.277,1622350799999,161687553.00903,45914,2212.395,76984963.54276,0
1622350800000,34769.05,35100.00,34765.80,35027.55,5760.536,1622351699999,201416473.53926,56808,2918.391,102035611.67488,0
1622351700000,35027.55,35435.00,35000.00,35238.14,6843.010,1622352599999,240780761.06157,67422,3836.799,135027853.69955,0
1622352600000,35238.13,35339.37,35132.93,35270.17,4798.104,1622353499999,168985226.78230,46523,2440.908,85972378.92822,0
1622353500000,35270.17,35500.00,35270.17,35325.09,7560.669,1622354399999,267569086.98446,65227,3975.194,140693963.77630,0
1622354400000,35326.31,35573.94,35326.31,35396.49,7103.002,1622355299999,251927515.16758,63348,3778.888,134043999.56803,0
1622355300000,35396.49,35556.78,35375.95,35375.95,4423.233,1622356199999,156934373.34814,42449,2133.561,75706980.59757,0
1622356200000,35378.48,35767.04,35252.57,35651.03,10036.195,1622357099999,356521614.73999,92324,5098.246,181185344.48489,0
1622357100000,35651.04,35888.00,35556.81,35773.64,6954.557,1622357999999,248689875.74231,69057,3812.866,136352839.77118,0
1622358000000,35773.65,35968.00,35641.58,35659.35,7409.284,1622358899999,265526053.60756,71150,3510.484,125842425.26039,0
1622358900000,35659.34,35760.00,35595.01,35696.46,4597.825,1622359799999,164018215.38617,47156,2371.166,84597796.13320,0
1622359800000,35694.49,36239.73,35694.49,36134.09,8806.519,1622360699999,316854254.72600,90396,4849.142,174492033.59426,0
1622360700000,36134.30,36146.58,35910.55,35999.99,5993.303,1622361599999,215830101.86542,58070,2919.378,105132593.37455,0
1622361600000,35997.50,36200.00,35751.00,35818.95,8318.949,1622362499999,298725740.05432,81172,4097.064,147171894.81327,0
1622362500000,35818.95,35882.98,35562.10,35638.30,6694.512,1622363399999,238855036.15301,67015,3081.025,109919834.34376,0
1622363400000,35638.30,35820.00,35638.30,35784.81,5225.398,1622364299999,186797868.71235,48416,2774.238,99169415.51775,0
1622364300000,35784.80,35885.00,35599.30,35694.75,4672.807,1622365199999,167178255.36089,46018,2257.895,80796330.47639,0
1622365200000,35696.14,35956.14,35696.14,35869.71,4721.099,1622366099999,169202099.87605,46870,2529.823,90671626.40291,0
1622366100000,35869.72,35956.81,35800.00,35896.98,3081.546,1622366999999,110553699.85539,32755,1545.437,55443549.26132,0
1622367000000,35896.99,35899.99,35705.92,35879.67,3555.489,1622367899999,127306315.87827,36096,1702.616,60962495.68680,0
1622367900000,35879.68,36044.96,35850.00,35850.00,4339.245,1622368799999,155938729.24479,46518,2302.540,82764530.67722,0
1622368800000,35850.81,36010.00,35668.01,35685.98,5329.369,1622369699999,191153607.30456,52206,2479.145,88928379.53256,0
1622369700000,35685.98,35950.00,35680.15,35913.63,4905.825,1622370599999,175701615.08761,47619,2606.876,93361914.06201,0
1622370600000,35914.05,35968.80,35803.78,35899.23,3740.464,1622371499999,134215284.72396,35291,1863.545,66875069.31892,0
1622371500000,35899.24,35904.56,35714.32,35722.28,3209.424,1622372399999,114894685.03103,34104,1459.532,52249881.20564,0
1622372400000,35722.28,35920.00,35721.50,35822.11,4036.211,1622373299999,144655656.16367,37933,2175.082,77949063.86754,0
1622373300000,35822.11,35900.00,35766.46,35783.92,2854.845,1622374199999,102342792.62101,29056,1460.704,52363059.49344,0
1622374200000,35785.68,36188.14,35781.83,36027.87,7630.318,1622375099999,274520496.01830,70794,4149.143,149296892.14109,0
1622375100000,36027.86,36474.59,35947.84,36360.37,10693.404,1622375999999,387439395.37260,97202,6120.445,221825640.22948,0
1622376000000,36361.44,36501.00,36004.27,36089.99,8459.181,1622376899999,306174928.64379,81427,4334.055,156891953.83373,0
1622376900000,36089.99,36090.00,35857.01,35999.99,6546.467,1622377799999,235379878.20272,60042,3266.174,117446688.71309,0
1622377800000,35999.99,36061.42,35700.00,35700.01,6951.895,1622378699999,249282561.02573,65578,2974.026,106648840.01535,0
1622378700000,35700.10,35794.40,35300.00,35556.31,13399.160,1622379599999,475691195.12066,131347,6234.590,221338672.16725,0
1622379600000,35556.01,35746.53,35420.40,35707.09,8074.755,1622380499999,287332226.30513,74266,4256.303,151506640.79109,0
1622380500000,35707.08,35839.64,35606.85,35684.19,4972.618,1622381399999,177593788.58204,51074,2413.163,86202359.56514,0
1622381400000,35684.20,35763.29,35500.00,35545.60,4886.016,1622382299999,174048454.84627,45642,2217.056,78989888.45557,0
1622382300000,35540.77,35750.00,35536.70,35698.49,3615.287,1622383199999,128958525.24934,36950,2011.220,71740763.98949,0
1622383200000,35698.49,35754.04,35530.00,35621.45,4204.943,1622384099999,149857399.50492,40739,2010.127,71644328.51543,0
1622384100000,35621.45,35659.92,35150.00,35274.37,9612.297,1622384999999,339972159.03082,94797,4375.124,154765165.09171,0
1622385000000,35274.37,35534.96,35158.00,35452.12,8154.149,1622385899999,288287943.42290,75448,4321.757,152798245.92364,0
1622385900000,35452.12,35519.99,35301.09,35374.50,5264.527,1622386799999,186358354.00852,49056,2415.833,85519715.53050,0
1622386800000,35374.45,35685.00,35338.65,35388.28,7299.645,1622387699999,258939121.87292,70237,3890.669,138034309.12194,0
1622387700000,35386.07,35450.00,35224.21,35362.11,5266.308,1622388599999,186200339.56266,49923,2430.044,85935167.77056,0
1622388600000,35362.11,35518.81,35280.22,35434.24,4247.124,1622389499999,150390507.59365,41721,2152.892,76242132.70949,0
1622389500000,35433.51,35583.64,35406.44,35489.78,3750.194,1622390399999,133131012.04167,37081,1842.046,65400513.40556,0
1622390400000,35490.00,35568.06,35323.88,35517.52,5512.450,1622391299999,195456078.98099,53505,2618.908,92869274.73847,0
1622391300000,35516.12,36056.94,35431.85,35847.71,10295.147,1622392199999,368409032.19463,99313,5902.816,211259994.40983,0
1622392200000,35847.71,35847.72,35623.00,35700.95,5109.732,1622393099999,182625517.35724,45990,2333.787,83410936.93075,0
1622393100000,35702.08,35757.77,35600.26,35734.13,3972.227,1622393999999,141677854.80425,36278,2116.283,75487558.90222,0
1622394000000,35735.25,35850.00,35710.00,35814.29,3715.850,1622394899999,132969341.94146,38775,1941.769,69491645.78979,0
1622394900000,35814.29,35988.88,35812.11,35936.07,4192.942,1622395799999,150487055.23253,42985,2103.404,75498753.49157,0
1622395800000,35936.56,35940.00,35825.00,35896.72,2037.501,1622396699999,73074061.17276,24647,965.981,34644089.40341,0
1622396700000,35893.24,36047.03,35777.00,35826.07,4194.708,1622397599999,150595641.54745,42095,2274.354,81669846.56859,0
1622397600000,35826.07,36000.00,35824.68,35948.38,3511.675,1622398499999,126227817.34125,33677,1833.148,65893707.47960,0
1622398500000,35948.38,36200.00,35933.55,36106.17,5117.749,1622399399999,184539511.91624,51422,2782.253,100328976.64108,0
1622399400000,36106.17,36285.71,36065.15,36162.74,4721.539,1622400299999,170754720.79503,43780,2470.132,89350150.45752,0
1622400300000,36162.73,36187.20,36073.95,36128.36,3021.780,1622401199999,109142151.37960,28159,1324.452,47843782.09587,0
1622401200000,36128.37,36280.00,36103.00,36203.29,2916.980,1622402099999,105520641.33627,29320,1557.777,56357576.89213,0
1622402100000,36203.29,36226.77,36023.73,36203.22,3239.891,1622402999999,117033997.53967,35673,1482.922,53571252.05486,0
1622403000000,36203.22,36225.00,36031.05,36179.75,2708.371,1622403899999,97901235.92169,28803,1244.411,44989889.47253,0
1622403900000,36180.32,36189.36,36071.30,36096.15,2057.128,1622404799999,74300886.78404,25016,991.443,35807058.87385,0
1622404800000,36098.47,36190.00,35910.51,36170.00,5125.176,1622405699999,184745679.20659,49072,2401.957,86597305.19106,0
1622405700000,36170.01,36350.00,36166.10,36309.58,5026.580,1622406599999,182252015.05235,47572,2830.718,102655867.57064,0
1622406600000,36309.59,36325.00,36051.00,36081.42,3448.436,1622407499999,124761758.08368,33781,1511.457,54680838.75884,0
1622407500000,36082.28,36250.00,36022.75,36068.11,3485.061,1622408399999,125915193.20616,35868,1875.198,67743395.30839,0
1622408400000,36068.11,36095.21,35960.69,36005.56,3071.524,1622409299999,110646522.00535,34173,1343.397,48398369.79475,0
1622409300000,36005.46,36060.63,35842.31,35985.38,2646.805,1622410199999,95220108.69025,32111,1026.671,36952931.00946,0
1622410200000,35985.39,36226.39,35945.58,36194.48,2871.560,1622411099999,103711599.74685,34894,1576.832,56944651.41783,0
1622411100000,36195.20,36203.38,35950.83,35956.21,2087.448,1622411999999,75313198.64257,27405,981.223,35399066.69662,0
1622412000000,35956.33,36065.46,35810.00,36022.00,3755.845,1622412899999,134954612.92840,41605,1919.159,68979458.64924,0
1622412900000,36022.01,36022.01,35897.40,35930.93,1881.600,1622413799999,67660824.43804,23608,828.924,29806868.53167,0
1622413800000,35930.94,35930.94,35668.47,35772.33,4465.073,1622414699999,159794920.94560,45424,1940.531,69445967.20135,0
1622414700000,35772.33,35846.54,35700.00,35761.56,2535.835,1622415599999,90755395.47412,25710,1167.957,41802062.43014,0
1622415600000,35762.07,35832.63,35550.00,35566.44,4912.673,1622416499999,175309333.01975,42686,2356.495,84118563.73472,0
1622416500000,35566.44,35698.22,35511.00,35577.00,3394.564,1622417399999,120924816.09212,31445,1695.027,60380907.70001,0
1622417400000,35576.99,35720.00,35573.00,35670.00,3062.123,1622418299999,109180892.59255,28293,1665.982,59401349.41124,0
1622418300000,35669.99,35746.98,35580.50,35651.81,3189.376,1622419199999,113734214.81276,27371,1578.019,56275098.73303,0
1622419200000,35651.80,36022.30,35379.77,35800.00,11665.286,1622420099999,416669986.86453,95278,5873.431,209882963.32439,0
1622420100000,35800.00,35813.29,35250.00,35436.80,9549.877,1622420999999,338755795.99226,76958,4452.361,157945267.12071,0
1622421000000,35436.79,35436.80,35222.42,35307.69,6651.070,1622421899999,234804670.98637,48876,3164.191,111698988.11009,0
1622421900000,35307.69,35435.40,35300.61,35327.46,3734.605,1622422799999,132159225.95190,30832,1790.739,63372098.84615,0
1622422800000,35326.07,35448.56,35255.01,35298.96,4276.717,1622423699999,151147621.01715,34407,2130.081,75287577.01722,0
1622423700000,35298.42,35299.75,35050.00,35220.39,6446.124,1622424599999,226817925.88295,54949,2920.097,102761678.71739,0
1622424600000,35220.38,35220.38,34747.00,34877.02,9729.854,1622425499999,340125488.08814,79839,4014.179,140309713.72417,0
1622425500000,34877.02,34974.99,34773.87,34834.73,5150.712,1622426399999,179592314.28220,43996,2726.848,95083110.27923,0
1622426400000,34834.73,34922.00,34633.13,34685.79,6914.341,1622427299999,240246607.42590,59914,3053.281,106108915.48065,0
1622427300000,34687.06,34784.97,34560.00,34714.99,6317.782,1622428199999,219099353.49008,53468,3185.384,110480758.31138,0
1622428200000,34714.99,34888.00,34657.14,34778.96,5192.165,1622429099999,180534088.33714,44054,3092.198,107525972.96857,0
1622429100000,34778.97,34967.34,34721.81,34735.45,6610.808,1622429999999,230441821.22511,50377,3493.977,121815487.04772,0
1622430000000,34735.44,34738.55,34253.08,34417.20,10217.257,1622430899999,352114281.51016,90254,4582.795,157939246.82803,0
1622430900000,34417.20,34742.97,34388.00,34719.72,6837.611,1622431799999,236293210.02554,57185,3696.475,127766645.38409,0
1622431800000,34717.56,34717.57,34401.13,34443.92,6159.254,1622432699999,212779699.06692,51855,2816.042,97271888.88904,0
1622432700000,34443.94,34550.00,34342.88,34498.65,5137.669,1622433599999,177002702.21686,42803,2601.915,89643801.02723,0
1622433600000,34498.64,34670.19,34300.00,34317.01,7412.959,1622434499999,255690709.50817,60183,3651.563,125985273.95282,0
1622434500000,34317.00,34432.09,34200.00,34234.84,5850.044,1622435399999,200659839.27413,52700,2803.930,96193697.13436,0
1622435400000,34231.86,34496.00,34150.00,34435.94,7367.491,1622436299999,253078751.13296,57929,3852.314,132372577.91087,0
1622436300000,34435.94,34499.00,34336.41,34464.93,4128.051,1622437199999,142071018.05042,35065,2160.199,74348335.76611,0
1622437200000,34464.93,34480.00,34190.00,34300.01,6442.263,1622438099999,220967364.81180,49195,3040.370,104277233.83288,0
1622438100000,34300.01,34684.78,34286.91,34605.82,7524.216,1622438999999,259686418.73831,63062,4170.414,143942074.58055,0
1622439000000,34605.83,34660.91,34484.27,34515.60,5077.776,1622439899999,175485043.46658,46725,2613.487,90320337.69422,0
1622439900000,34514.92,34535.29,34333.34,34443.73,5121.219,1622440799999,176329221.80972,40907,2587.571,89096749.99812,0
1622440800000,34443.74,34804.79,34426.93,34699.71,6656.311,1622441699999,230571708.62957,59774,3788.288,131225808.06428,0
1622441700000,34699.28,34938.00,34620.00,34836.53,7134.448,1622442599999,248473018.81815,63309,3764.642,131113738.59692,0
1622442600000,34836.52,34955.76,34709.01,34833.06,5915.703,1622443499999,205980844.76518,48949,3092.793,107699227.54654,0
1622443500000,34833.06,35113.79,34766.00,35033.82,5905.857,1622444399999,206314681.40420,54493,3239.854,113214795.86944,0
1622444400000,35033.83,35447.92,34971.81,35362.23,11919.932,1622445299999,420437547.42709,106861,6338.111,223560218.48902,0
1622445300000,35362.24,35800.00,35287.00,35741.01,10768.544,1622446199999,383144977.28790,94774,5611.587,199684594.46097,0
1622446200000,35741.01,35975.70,35565.00,35825.72,10361.545,1622447099999,370864406.90694,92498,5405.998,193511231.10331,0
1622447100000,35823.32,35950.00,35727.51,35853.59,6947.566,1622447999999,248836517.94429,60684,3303.882,118351165.32468,0
1622448000000,35851.45,35853.59,35592.75,35691.47,6802.707,1622448899999,242840675.16871,64593,3093.798,110445567.53563,0
1622448900000,35683.98,36157.40,35660.64,35986.34,11839.057,1622449799999,425715951.16266,93821,7111.588,255701441.42080,0
1622449800000,35986.34,36239.09,35984.87,36111.12,7147.531,1622450699999,258329296.42843,68279,3666.180,132513907.70276,0
1622450700000,36111.12,36169.96,36001.43,36118.51,4537.043,1622451599999,163754711.07067,41477,2201.789,79473335.29866,0
1622451600000,36118.51,36276.33,36030.00,36162.96,7469.709,1622452499999,269996700.52140,61328,3605.327,130346768.48610,0
1622452500000,36162.96,36230.00,36050.00,36186.06,5100.183,1622453399999,184378317.41132,40046,2351.766,85041390.77447,0
1622453400000,36186.07,36429.79,36080.61,36127.85,8457.990,1622454299999,306658614.72891,71555,4562.088,165475103.06267,0
1622454300000,36127.85,36229.27,35872.00,35951.84,10182.266,1622455199999,366589944.55431,83657,4610.525,165995836.20581,0
1622455200000,35951.83,36791.00,35941.91,36726.51,18871.185,1622456099999,688521972.98453,170273,10526.497,384041386.83826,0
1622456100000,36726.52,36873.00,36646.46,36746.00,8976.688,1622456999999,329935038.53934,84541,4483.209,164805725.29307,0
1622457000000,36746.00,36938.99,36560.00,36888.00,8328.731,1622457899999,306042301.63759,77295,4624.591,169987217.76784,0
1622457900000,36888.53,37052.93,36802.00,36881.43,7883.969,1622458799999,290936946.18661,75502,4230.597,156137121.20722,0
1622458800000,36881.44,37018.91,36737.78,36927.53,6346.550,1622459699999,234028607.15787,59475,3027.961,111669703.48859,0
1622459700000,36925.82,37027.45,36825.79,36968.32,5324.160,1622460599999,196600662.25545,51788,2782.908,102770342.75643,0
1622460600000,36968.10,37200.00,36858.57,36873.44,10327.804,1622461499999,382610959.69370,91711,5493.079,203557904.89566,0
1622461500000,36873.24,37027.35,36733.22,36833.00,8674.750,1622462399999,319993330.14373,76606,3893.585,143660756.71346,0
1622462400000,36834.50,37282.81,36813.67,37169.58,9041.005,1622463299999,335075909.47971,87297,4705.144,174449826.87910,0
1622463300000,37168.44,37182.35,36902.37,36971.28,5488.110,1622464199999,203283756.51430,51061,2456.386,90990809.70627,0
1622464200000,36971.28,37018.91,36612.59,36658.58,11043.786,1622465099999,406373929.71724,93666,4999.226,183976437.42054,0
1622465100000,36657.35,36887.65,36650.58,36788.00,6290.394,1622465999999,231341971.38126,58194,3364.123,123724084.93295,0
1622466000000,36787.99,36898.30,36605.00,36832.05,7439.066,1622466899999,273513142.53909,59482,3608.364,132698810.82876,0
1622466900000,36832.05,37059.00,36830.30,36984.31,7636.870,1622467799999,282323828.73265,63215,4393.774,162432948.03660,0
1622467800000,36981.25,37043.97,36450.00,36649.21,10067.427,1622468699999,370157568.04635,77223,3689.640,135779779.39878,0
1622468700000,36649.11,36985.30,36518.29,36719.99,14166.369,1622469599999,520563482.30773,107096,7740.516,284452936.38945,0
1622469600000,36719.99,36799.99,36363.00,36407.37,11936.199,1622470499999,436055894.37581,100216,5711.945,208700896.62329,0
1622470500000,36407.38,36564.35,36320.17,36427.99,7290.113,1622471399999,265611035.46369,67432,3560.623,129741703.58874,0
1622471400000,36425.35,36558.33,36421.12,36465.22,4246.812,1622472299999,155016834.35922,41773,2338.163,85351517.45597,0
1622472300000,36465.22,36750.96,36452.25,36613.55,5810.626,1622473199999,212817406.69526,56846,3212.530,117668972.84359,0
1622473200000,36613.55,36850.00,36566.83,36816.30,6013.890,1622474099999,220994832.24979,57998,3359.442,123453548.31999,0
1622474100000,36816.31,37150.00,36780.48,36947.42,9117.717,1622474999999,337313914.79624,89287,4859.998,179813541.05752,0
1622475000000,36947.42,37100.41,36814.04,36914.78,6942.659,1622475899999,256501491.94961,63789,3570.515,131971788.69404,0
1622475900000,36914.78,37002.42,36725.00,36944.12,6775.754,1622476799999,249810844.08418,59520,3361.327,123967983.12113,0
1622476800000,36944.13,37148.00,36833.18,37115.35,9466.366,1622477699999,350380858.52159,78647,5556.384,205693943.40943,0
1622477700000,37115.35,37444.00,37047.02,37157.55,16974.020,1622478599999,633159042.71579,144639,8742.131,326109248.57326,0
1622478600000,37157.55,37275.59,36954.07,37053.03,7682.436,1622479499999,284849056.37985,68571,3669.623,136069860.75738,0
1622479500000,37053.02,37218.04,36981.65,37114.10,5669.612,1622480399999,210315940.00180,48965,2938.972,109039415.61311,0
1622480400000,37114.10,37170.32,36819.65,37008.62,9226.986,1622481299999,341165215.21131,72438,4318.173,159693172.40552,0
1622481300000,37008.62,37010.00,36760.33,36865.41,5098.452,1622482199999,187930921.87125,49680,2499.947,92152185.87978,0
1622482200000,36865.61,36914.00,36680.00,36780.26,3816.579,1622483099999,140379627.15771,37456,1672.634,61534844.02541,0
1622483100000,36780.27,36940.00,36705.00,36925.96,3766.842,1622483999999,138793054.04169,33832,2281.081,84056229.88195,0
1622484000000,36925.96,36940.00,36738.00,36750.99,3238.334,1622484899999,119245621.41023,30725,1528.087,56273854.13661,0
1622484900000,36751.00,36864.99,36671.76,36753.72,3671.730,1622485799999,135009603.56484,31867,1777.042,65357647.21313,0
1622485800000,36753.72,36788.50,36630.00,36676.00,2611.597,1622486699999,95863911.58806,28800,1235.153,45338704.04663,0
1622486700000,36676.00,36723.63,36603.00,36695.23,3103.208,1622487599999,113782766.52999,29659,1478.902,54230574.19174,0
1622487600000,36695.24,36771.00,36634.28,36754.45,2311.889,1622488499999,84902188.59175,27197,1320.356,48492611.10534,0
1622488500000,36754.45,36773.99,36650.01,36700.83,2097.714,1622489399999,77026106.46812,23320,1085.976,39879085.23437,0
1622489400000,36700.83,36725.00,36512.00,36645.79,3405.571,1622490299999,124655408.67975,35449,1487.532,54452511.00415,0
1622490300000,36645.88,36859.65,36594.03,36858.83,3103.179,1622491199999,114000174.05339,33710,1809.089,66474819.26730,0
1622491200000,36858.84,36975.12,36767.07,36801.75,4680.375,1622492099999,172602937.80387,44143,2332.699,86032123.83601,0
1622492100000,36801.74,36838.58,36656.11,36780.08,3070.285,1622492999999,112783753.81847,29843,1596.639,58652387.36469,0
1622493000000,36780.08,36810.74,36554.25,36608.85,3059.441,1622493899999,112225401.92353,29601,1375.493,50460317.85832,0
1622493900000,36608.86,36719.50,36591.80,36673.06,3131.020,1622494799999,114759040.80475,26385,1511.925,55417963.04121,0
1622494800000,36673.07,36845.98,36670.35,36816.05,2061.258,1622495699999,75769487.58191,25861,1184.473,43544119.52878,0
1622495700000,36816.05,36875.00,36704.23,36775.99,2195.306,1622496599999,80756504.60320,25333,1054.925,38811031.00674,0
1622496600000,36776.00,36822.38,36620.00,36780.01,2396.518,1622497499999,87977895.98024,26179,1224.959,44981406.61603,0
1622497500000,36780.00,37079.75,36659.42,36913.29,4589.307,1622498399999,169281948.05615,44848,2414.824,89080634.21312,0
1622498400000,36914.83,37251.65,36850.26,37179.26,4631.920,1622499299999,171880277.07933,45850,2516.946,93408880.56418,0
1622499300000,37180.71,37200.00,37077.15,37085.90,2975.107,1622500199999,110455088.21582,28906,1309.318,48613293.27666,0
1622500200000,37081.92,37127.40,36880.12,36910.00,3629.406,1622501099999,134265037.92827,34195,1586.254,58677008.89090,0
1622501100000,36910.01,36990.50,36830.00,36878.70,2630.152,1622501999999,97135891.77905,24324,1210.120,44696499.40647,0
1622502000000,36878.70,37052.27,36794.25,37026.55,3898.268,1622502899999,144016433.47238,32890,2093.753,77357910.80032,0
1622502900000,37024.13,37342.00,36973.50,37297.82,5367.509,1622503799999,199631672.22537,47261,2798.757,104097238.54079,0
1622503800000,37298.19,37500.00,37225.18,37375.26,6883.432,1622504699999,257266422.93142,56059,3982.847,148875648.01185,0
1622504700000,37375.27,37383.74,37241.29,37243.38,3936.125,1622505599999,146830866.39004,35633,1731.598,64598028.28597,0
