1630454400000,47150.32,47392.56,46900.00,47074.01,7965.788,1630455299999,375596402.67436,61075,3737.661,176291570.72896,0
1630455300000,47074.00,47177.46,46970.00,47092.87,2952.450,1630456199999,138939819.86658,30169,1375.629,64740415.33607,0
1630456200000,47092.87,47105.98,46919.00,46968.94,2017.900,1630457099999,94812604.22351,21233,891.472,41887644.53346,0
1630457100000,46968.95,46968.95,46703.00,46795.29,6631.456,1630457999999,310560491.06040,48879,2680.620,125558800.46719,0
1630458000000,46795.30,46860.97,46571.04,46620.78,8568.364,1630458899999,400248967.78992,67340,3897.179,182113387.25069,0
1630458900000,46620.33,46714.16,46550.99,46698.26,4937.569,1630459799999,230172194.18342,40192,2647.066,123424873.56980,0
1630459800000,46693.65,46790.19,46591.06,46745.90,3119.922,1630460699999,145673714.41383,28752,1717.046,80188711.02107,0
1630460700000,46744.81,46914.81,46724.23,46891.19,3391.597,1630461599999,158860510.59095,30715,1877.566,87947348.85772,0
1630461600000,46891.18,46980.00,46803.98,46850.33,2517.731,1630462499999,118023576.11215,25818,1177.724,55216688.79955,0
1630462500000,46850.33,47051.40,46770.00,47043.46,2534.582,1630463399999,118919245.33321,25596,1560.310,73231793.42823,0
1630463400000,47043.47,47144.28,46981.29,47015.01,3425.840,1630464299999,161216957.57635,29879,1729.888,81416047.22023,0
1630464300000,47015.01,47030.07,46880.00,46918.66,1822.954,1630465199999,85570054.01379,19869,656.485,30817836.05974,0
1630465200000,46918.65,46965.86,46813.72,46935.53,2077.774,1630466099999,97403461.79802,20741,1172.249,54956554.02908,0
1630466100000,46936.44,46977.78,46775.28,46821.86,1841.147,1630466999999,86263871.65101,20684,789.894,37019327.20821,0
1630467000000,46821.85,46873.99,46730.00,46831.57,1831.875,1630467899999,85719165.54334,20493,865.078,40483425.98570,0
1630467900000,46831.58,47099.00,46826.16,47086.61,3014.484,1630468799999,141639569.77510,27365,1933.216,90832669.01657,0
1630468800000,47086.60,47300.00,47015.44,47281.99,3612.003,1630469699999,170350358.83394,34077,2107.858,99425005.31350,0
1630469700000,47281.98,47299.93,47145.00,47160.55,2340.028,1630470599999,110449352.63993,24194,880.120,41536828.81944,0
1630470600000,47160.56,47269.71,47048.74,47136.27,2799.243,1630471499999,131961562.72235,23785,1449.281,68333322.53600,0
1630471500000,47136.27,47205.00,47100.00,47191.77,1157.174,1630472399999,54556343.35053,15283,593.513,27984142.85857,0
1630472400000,47191.76,47374.46,47124.05,47362.38,2878.181,1630473299999,136032806.56902,29030,1615.207,76355019.32020,0
1630473300000,47362.39,47450.00,47217.98,47282.51,3787.735,1630474199999,179232813.13369,32168,1647.686,77970876.36470,0
1630474200000,47282.51,47500.00,47210.00,47426.32,4366.793,1630475099999,206914580.33452,34063,2566.350,121615722.59897,0
1630475100000,47426.31,47506.77,47380.70,47458.73,2628.776,1630475999999,124723393.90412,26697,1231.042,58413496.45398,0
1630476000000,47457.71,47500.00,47379.43,47414.81,2187.883,1630476899999,103749773.62734,24017,893.750,42385577.51171,0
1630476900000,47414.97,47414.97,47308.41,47337.41,1563.295,1630477799999,74015711.98276,21540,686.812,32518721.60342,0
1630477800000,47337.40,47356.05,47215.01,47312.63,2046.769,1630478699999,96766029.89162,23979,875.807,41405776.93857,0
1630478700000,47312.64,47487.24,47310.02,47340.10,3702.124,1630479599999,175502894.65806,29612,1809.082,85753403.30629,0
1630479600000,47340.10,47455.00,47324.77,47409.99,1314.700,1630480499999,62295439.58895,17521,703.799,33350410.10079,0
1630480500000,47410.00,47472.89,47322.80,47322.81,1703.528,1630481399999,80736002.63970,20361,897.452,42536268.34595,0
1630481400000,47322.81,47326.00,47145.13,47224.26,3076.851,1630482299999,145349237.71481,30181,1290.918,60986641.92154,0
1630482300000,47224.27,47267.96,47120.00,47214.00,1818.292,1630483199999,85829034.30251,21651,959.737,45311620.56448,0
1630483200000,47214.00,47387.94,47156.16,47339.00,2504.196,1630484099999,118438008.03388,26071,1334.591,63121803.76998,0
1630484100000,47339.00,47455.49,47251.00,47255.69,2195.045,1630484999999,103960818.09731,25916,901.142,42685453.78081,0
1630485000000,47255.67,47404.44,47188.16,47192.98,2134.897,1630485899999,100946818.37013,24121,978.358,46269573.54597,0
1630485900000,47192.44,47423.00,47190.02,47383.58,3847.602,1630486799999,182075723.06569,30154,2044.706,96752284.58680,0
1630486800000,47383.58,47617.20,47353.20,47471.74,4936.281,1630487699999,234440582.50241,42425,2882.934,136940734.26140,0
1630487700000,47471.73,47649.00,47451.36,47638.43,4821.711,1630488599999,229430852.77220,41875,2246.389,106908032.70375,0
1630488600000,47638.42,47687.03,47521.09,47613.15,3598.280,1630489499999,171318709.74352,37023,1730.470,82409499.83441,0
1630489500000,47613.14,47747.00,47544.03,47688.05,4294.497,1630490399999,204635247.24482,40088,2633.910,125516238.31293,0
1630490400000,47688.05,47750.00,47616.31,47732.00,3666.675,1630491299999,174876673.59107,34758,2072.916,98874263.94970,0
1630491300000,47732.00,47739.84,47660.83,47705.16,1928.860,1630492199999,92011887.62701,23257,750.218,35789280.21436,0
1630492200000,47705.16,47791.00,47684.23,47699.35,2439.452,1630493099999,116470715.54149,28340,1238.943,59160508.98594,0
1630493100000,47699.36,47708.95,47538.19,47552.81,3088.963,1630493999999,147046294.08281,33411,1239.383,58999114.01539,0
1630494000000,47552.81,47661.89,47549.46,47602.23,1630.629,1630494899999,77648713.91492,22376,899.327,42826741.16326,0
1630494900000,47602.23,47818.68,47600.00,47710.67,3149.494,1630495799999,150325339.59760,30873,1961.127,93615776.33811,0
1630495800000,47710.68,47749.50,47643.29,47660.46,1489.144,1630496699999,71030991.93596,20119,744.170,35499631.87963,0
1630496700000,47660.47,47790.00,47660.00,47745.00,1903.567,1630497599999,90880162.53941,22090,984.545,47004738.68589,0
1630497600000,47744.99,47857.35,47606.00,47698.32,5439.400,1630498499999,259699770.77628,49328,2977.214,142179387.60407,0
1630498500000,47698.32,47888.00,47698.32,47813.99,3808.592,1630499399999,182158536.97711,37536,2068.900,98952698.58088,0
1630499400000,47813.99,47860.00,47733.00,47748.30,2156.810,1630500299999,103080993.78542,24370,942.772,45064396.40866,0
1630500300000,47748.02,47800.00,47730.29,47740.33,1529.450,1630501199999,73060865.47078,18503,757.825,36203844.53122,0
1630501200000,47740.34,47829.62,47605.01,47629.99,3626.019,1630502099999,172972564.50673,36861,1460.551,69696812.82820,0
1630502100000,47629.99,47689.86,47349.44,47521.00,7957.320,1630502999999,378038021.52387,64391,3608.997,171485258.15797,0
1630503000000,47521.01,47674.43,47521.00,47561.54,2930.538,1630503899999,139508916.40385,30897,1701.891,81018878.58034,0
1630503900000,47561.53,47630.53,47466.04,47513.65,2059.842,1630504799999,97945878.42176,23552,931.651,44310015.63139,0
1630504800000,47515.76,47565.41,47410.00,47513.59,3116.151,1630505699999,147984339.44038,31269,1459.055,69298672.54052,0
1630505700000,47513.60,47640.11,47502.19,47590.00,2188.115,1630506599999,104130376.29170,24232,1244.466,59229074.60305,0
1630506600000,47590.00,47717.07,47431.26,47478.80,3552.424,1630507499999,168901289.09470,33385,1680.484,79930665.60338,0
1630507500000,47478.80,47478.81,47300.00,47320.78,4206.966,1630508399999,199383280.65966,39237,1799.691,85306025.50678,0
1630508400000,47320.78,47434.87,47319.84,47372.01,1952.205,1630509299999,92512326.25875,24576,1085.212,51426664.39702,0
1630509300000,47372.01,47473.97,47372.01,47415.28,1975.783,1630510199999,93709212.91208,21835,1088.147,51615792.22062,0
1630510200000,47411.53,47552.08,47365.00,47450.01,2397.648,1630511099999,113800187.21352,24516,1369.683,65016763.33090,0
1630511100000,47450.02,47563.25,47444.00,47527.69,2207.129,1630511999999,104858168.61748,21738,1107.612,52626100.72523,0
1630512000000,47527.69,47588.41,47505.43,47555.43,2164.872,1630512899999,102948033.03375,25065,1000.938,47600917.38113,0
1630512900000,47555.42,47643.00,47440.00,47494.42,3137.550,1630513799999,149132971.56450,30766,1485.153,70599072.79737,0
1630513800000,47494.42,48426.00,47481.72,48299.77,21554.479,1630514699999,1035999444.65185,173909,12679.855,609375414.51649,0
1630514700000,48299.77,48645.05,48299.76,48518.25,14502.210,1630515599999,702795393.95212,115231,7192.015,348554536.32467,0
1630515600000,48518.26,48690.00,48364.70,48575.46,9171.462,1630516499999,445111391.21479,71999,4602.432,223387032.59583,0
1630516500000,48575.46,48950.00,48573.04,48868.53,10318.597,1630517399999,503294846.57903,89912,5472.213,266916353.99766,0
1630517400000,48869.93,48938.64,48733.00,48842.65,5276.565,1630518299999,257594049.56443,51027,2338.823,114190804.05764,0
1630518300000,48842.65,49160.79,48734.58,48766.72,10375.959,1630519199999,507471496.91051,85500,5099.891,249513512.90227,0
1630519200000,48766.72,48900.00,48766.71,48880.46,3276.815,1630520099999,160044973.73251,32265,1513.898,73946128.41018,0
1630520100000,48880.45,48960.00,48755.01,48760.01,3022.457,1630520999999,147596165.33588,32830,1316.453,64295690.60256,0
1630521000000,48760.00,48837.23,48700.24,48818.68,3186.745,1630521899999,155412224.13509,31568,1735.606,84650133.20047,0
1630521900000,48818.69,48822.91,48700.24,48720.64,2027.605,1630522799999,98876814.42659,23157,921.955,44960030.13010,0
1630522800000,48720.63,48750.00,48514.38,48539.87,4443.248,1630523699999,215977676.18526,40475,1908.441,92756626.11156,0
1630523700000,48539.86,48610.00,48435.82,48488.06,3606.367,1630524599999,174950777.45289,35444,1707.214,82842662.14424,0
1630524600000,48488.07,48493.44,48102.90,48221.01,9011.473,1630525499999,434776072.93571,72555,4137.330,199588018.50901,0
1630525500000,48221.01,48320.00,48177.50,48200.44,3652.485,1630526399999,176271909.75074,31433,1922.070,92775642.89459,0
1630526400000,48200.43,48350.05,48139.30,48341.00,4109.275,1630527299999,198392664.73290,32945,2394.591,115622687.49181,0
1630527300000,48340.99,48384.54,48255.97,48380.91,1841.024,1630528199999,88951862.50659,21466,1042.027,50354028.85040,0
1630528200000,48382.03,48382.04,48251.70,48292.08,1316.918,1630529099999,63616263.97342,17889,473.530,22875449.74035,0
1630529100000,48292.08,48355.34,48252.92,48296.67,1283.225,1630529999999,61976857.69152,16855,657.973,31779119.80281,0
1630530000000,48296.67,48391.30,48279.06,48391.02,1261.690,1630530899999,60983281.72729,17686,682.198,32976810.10420,0
1630530900000,48391.02,48522.69,48356.83,48440.33,2992.378,1630531799999,144966091.66063,30987,1613.311,78158872.74882,0
1630531800000,48440.34,48550.00,48337.98,48358.49,2465.780,1630532699999,119438000.77996,25956,1147.091,55570630.59573,0
1630532700000,48358.50,48482.33,48288.56,48462.99,1776.495,1630533599999,85971089.46114,19973,929.307,44982054.64757,0
1630533600000,48463.00,48782.70,48448.02,48769.44,4188.420,1630534499999,203729985.68701,40481,2425.089,117945401.95113,0
1630534500000,48769.44,48778.90,48563.60,48620.01,3143.453,1630535399999,152927236.22609,29765,1229.793,59820140.72244,0
1630535400000,48620.01,48623.18,48303.20,48486.24,4011.151,1630536299999,194406508.59970,37360,1708.003,82776552.40035,0
1630536300000,48486.23,48570.78,48380.47,48448.52,1909.749,1630537199999,92567244.71386,20898,911.412,44179894.83740,0
1630537200000,48448.52,48726.88,48428.86,48627.71,3517.692,1630538099999,170982226.62195,27251,2262.327,109972390.14905,0
1630538100000,48627.71,48717.12,48535.29,48692.88,2457.135,1630538999999,119516169.60670,23393,1210.595,58892343.48391,0
1630539000000,48692.93,48738.05,48538.56,48616.73,2515.256,1630539899999,122336039.26548,21932,904.889,44022800.71345,0
1630539900000,48616.74,48913.47,48614.61,48842.94,4221.351,1630540799999,206009362.47127,37419,2420.748,118131409.82468,0
1630540800000,48842.93,49044.78,48631.20,48914.58,8735.040,1630541699999,426874641.63017,67228,4545.393,222148618.91769,0
1630541700000,48914.58,48998.00,48820.34,48828.40,2976.151,1630542599999,145541304.15815,28092,1212.164,59294589.23684,0
1630542600000,48828.41,48929.76,48800.55,48860.64,2237.269,1630543499999,109300979.46870,21241,924.642,45182212.74713,0
1630543500000,48860.64,48870.80,48722.15,48833.99,2275.764,1630544399999,111054935.27728,23556,1070.517,52244485.22221,0
1630544400000,48833.99,48870.84,48700.33,48776.99,2302.121,1630545299999,112335496.12715,23312,1212.978,59200999.42723,0
1630545300000,48776.99,49100.00,48733.30,49077.67,3580.741,1630546199999,175323607.70632,34078,2138.777,104734407.69701,0
1630546200000,49077.66,49656.51,49070.50,49619.80,15438.233,1630547099999,762627928.15416,119384,8437.414,416776763.37003,0
1630547100000,49620.87,49890.00,49620.86,49757.10,11070.995,1630547999999,551042935.30076,95872,5724.058,284929788.88587,0
1630548000000,49757.09,49849.65,49616.45,49846.65,5586.605,1630548899999,277739380.74930,47313,2685.026,133509086.13935,0
1630548900000,49846.64,49899.97,49682.92,49800.04,5659.496,1630549799999,281830252.64876,46143,2734.202,136176426.28248,0
1630549800000,49800.03,49945.00,49683.72,49690.95,4543.331,1630550699999,226318852.90288,40185,2101.011,104692587.49066,0
1630550700000,49690.95,49777.38,49621.00,49625.94,2535.990,1630551599999,126035329.03866,27148,1084.859,53925226.11914,0
1630551600000,49625.95,49742.86,49621.00,49719.95,2271.315,1630552499999,112880933.36097,24557,1230.601,61159622.12046,0
1630552500000,49719.94,49742.87,49616.45,49625.78,1918.977,1630553399999,95311944.25203,21344,907.210,45057208.62565,0
1630553400000,49625.78,49743.13,49605.00,49669.74,1919.799,1630554299999,95356448.55628,21429,1136.712,56463839.49452,0
1630554300000,49669.75,49708.59,49602.94,49616.90,1229.604,1630555199999,61050297.43238,18257,497.033,24679203.76394,0
1630555200000,49616.90,49693.54,49420.12,49537.87,4578.264,1630556099999,226830025.00080,41519,1881.534,93230504.66076,0
1630556100000,49537.87,49537.89,49355.00,49436.12,3498.067,1630556999999,172931215.32003,32819,1401.831,69310539.37862,0
1630557000000,49436.12,49524.07,49436.11,49461.60,2084.459,1630557899999,103142517.30857,21786,1189.014,58836225.64895,0
1630557900000,49461.60,49506.00,49422.28,49446.09,1302.245,1630558799999,64410920.21206,17509,662.299,32759455.19426,0
1630558800000,49446.10,49666.00,49414.32,49664.25,3008.235,1630559699999,149035606.05573,28830,1997.005,98950910.09051,0
1630559700000,49664.26,49739.00,49566.06,49585.23,3051.059,1630560599999,151549075.44599,32181,1395.055,69299564.10057,0
1630560600000,49585.22,49669.06,49526.72,49572.48,1887.195,1630561499999,93580956.56509,22625,962.750,47743123.01535,0
1630561500000,49572.47,49653.47,49475.00,49496.39,1855.774,1630562399999,91980398.67149,21488,762.190,37784551.66668,0
1630562400000,49495.57,49698.74,49462.37,49684.61,2356.018,1630563299999,116808980.28553,24012,1547.111,76704119.38698,0
1630563300000,49684.61,49773.21,49602.78,49730.32,3018.608,1630564199999,150007600.09060,27627,1618.185,80426903.67255,0
1630564200000,49730.32,49839.00,49652.62,49832.22,3147.660,1630565099999,156595239.39261,29044,1787.400,88933699.31855,0
1630565100000,49832.22,50114.65,49750.00,49995.54,12496.555,1630565999999,623990156.88582,96943,6875.430,343408452.34993,0
1630566000000,49995.54,50274.73,49975.26,50255.97,10671.472,1630566899999,535296467.71590,91716,5772.323,289546842.99089,0
1630566900000,50255.96,50420.00,50117.28,50244.30,7715.597,1630567799999,387743958.87211,67680,3797.692,190920542.30045,0
1630567800000,50244.30,50244.31,49937.86,49948.01,6403.248,1630568699999,320819912.83022,57212,2432.887,121914263.93779,0
1630568700000,49948.01,50015.26,49731.67,49891.07,8379.638,1630569599999,417982321.38012,72553,4092.658,204146711.02716,0
1630569600000,49891.08,49998.76,49775.01,49914.72,5023.748,1630570499999,250648956.98784,44746,2442.009,121855793.38502,0
1630570500000,49914.72,50150.00,49914.70,50148.72,4570.757,1630571399999,228780956.67108,42116,2804.863,140394691.80263,0
1630571400000,50148.73,50225.00,50030.30,50211.09,3435.978,1630572299999,172201403.79009,32401,1764.590,88460836.17901,0
1630572300000,50212.16,50258.08,50052.81,50141.42,3127.208,1630573199999,156838847.37433,31713,1531.372,76820133.64296,0
1630573200000,50141.41,50165.53,49836.31,49880.03,4574.545,1630574099999,228550931.11430,43889,1719.918,85913673.14551,0
1630574100000,49880.03,49968.51,49768.27,49831.00,3924.369,1630574999999,195740335.41667,37371,1859.416,92757802.86141,0
1630575000000,49831.01,49978.56,49750.00,49782.51,3448.603,1630575899999,172010423.13460,33496,1769.575,88278910.30695,0
1630575900000,49782.50,49896.64,49766.96,49883.33,2462.957,1630576799999,122743055.53888,26545,1312.245,65401107.32219,0
1630576800000,49883.32,49949.65,49780.66,49908.00,3142.628,1630577699999,156712105.57003,30422,1544.060,77016763.35648,0
1630577700000,49907.99,49908.00,49791.27,49857.89,1514.424,1630578599999,75488987.07132,20726,743.756,37074313.53602,0
1630578600000,49857.89,50130.00,49830.00,49983.14,4993.062,1630579499999,249741643.56706,42418,2879.891,144042870.63059,0
1630579500000,49983.13,50140.13,49983.13,50075.31,2276.672,1630580399999,113989314.29075,27581,1215.399,60855693.94267,0
1630580400000,50075.31,50075.70,49901.00,49913.43,2264.295,1630581299999,113181874.49311,27658,902.596,45117063.40072,0
1630581300000,49913.43,50010.00,49866.48,50006.30,1813.652,1630582199999,90578594.93920,23109,1035.060,51697823.62051,0
1630582200000,50006.30,50147.98,49946.00,50109.01,2447.896,1630583099999,122548382.02371,26780,1266.373,63401244.36773,0
1630583100000,50109.01,50219.87,50070.19,50116.40,3442.638,1630583999999,172625236.91412,34988,1831.995,91874339.39409,0
1630584000000,50116.41,50242.49,50073.24,50164.03,3555.439,1630584899999,178373108.98838,35747,1825.070,91579364.32664,0
1630584900000,50164.03,50250.00,50005.96,50084.99,4595.887,1630585799999,230301568.33554,41441,2208.240,110671192.38975,0
1630585800000,50084.98,50094.90,49900.00,49983.91,3793.433,1630586699999,189580834.22953,37140,1762.847,88098064.67383,0
1630586700000,49983.91,50081.93,49901.99,50056.05,2228.346,1630587599999,111353631.84654,26025,1237.653,61857708.03387,0
1630587600000,50056.05,50133.51,50002.13,50093.99,2388.503,1630588499999,119600591.38633,27124,1281.444,64170157.52128,0
1630588500000,50093.99,50214.08,50075.00,50202.05,2668.812,1630589399999,133841522.70672,27521,1445.333,72490643.35593,0
1630589400000,50202.06,50240.00,50090.11,50094.99,2741.519,1630590299999,137499221.74125,26629,1180.329,59210756.09165,0
1630590300000,50094.99,50200.00,50094.99,50170.72,1907.153,1630591199999,95655652.42515,21325,1032.974,51810837.72789,0
1630591200000,50170.72,50399.00,49886.61,50283.02,13889.823,1630592099999,697228877.57713,109567,6736.082,338210074.72318,0
1630592100000,50283.01,50283.02,49913.00,50046.55,8072.588,1630592999999,404396763.57318,64445,3659.706,183320887.27441,0
1630593000000,50046.56,50052.00,49550.07,49612.19,13375.856,1630593899999,665796849.99093,104316,5897.405,293553390.93148,0
1630593900000,49615.93,49785.18,49449.85,49591.02,9400.680,1630594799999,466430272.98168,75566,4547.736,225710613.36024,0
1630594800000,49591.02,49709.39,49338.00,49645.87,10038.592,1630595699999,497303116.01039,84361,5152.340,255299755.49716,0
1630595700000,49645.72,49800.00,49576.60,49722.22,5068.750,1630596599999,251967246.86682,50814,2615.076,129993653.87053,0
1630596600000,49722.22,49764.84,49610.00,49668.40,2719.995,1630597499999,135146986.77097,31243,1130.707,56178758.62950,0
1630597500000,49668.39,49804.12,49590.00,49604.46,2801.330,1630598399999,139180550.98563,30900,1579.661,78491743.94548,0
1630598400000,49604.47,49746.66,49455.73,49736.33,4297.399,1630599299999,213193393.78677,42390,2064.222,102436879.14924,0
1630599300000,49736.49,49800.00,49711.25,49735.48,2019.974,1630600199999,100496131.25425,25440,958.409,47683270.98427,0
1630600200000,49735.48,49735.48,49592.81,49611.60,1740.908,1630601099999,86455436.37142,23327,724.926,36002261.29109,0
1630601100000,49611.47,49700.00,49593.84,49655.14,1420.859,1630601999999,70534286.61387,19778,730.887,36282755.90361,0
1630602000000,49655.14,49667.11,49550.00,49560.11,2514.812,1630602899999,124699853.01949,24572,1019.320,50544024.00669,0
1630602900000,49560.11,49623.75,49476.56,49558.80,2394.905,1630603799999,118636039.99502,26916,1170.590,57991370.41400,0
1630603800000,49558.80,49613.82,49466.42,49482.00,1826.834,1630604699999,90483561.14810,22197,908.526,45000949.82453,0
1630604700000,49482.01,49621.14,49300.00,49577.22,6135.304,1630605599999,303432365.38574,44377,2957.920,146341111.82941,0
1630605600000,49577.23,49630.81,49464.01,49497.96,2031.398,1630606499999,100655569.64248,22148,975.240,48331243.05199,0
1630606500000,49497.97,49523.33,49251.00,49309.54,4994.255,1630607399999,246436055.07629,44014,2132.947,105266119.89300,0
1630607400000,49309.53,49432.28,49264.75,49391.98,2822.720,1630608299999,139277440.21130,27560,1639.708,80912130.44184,0
1630608300000,49391.97,49438.00,49330.55,49438.00,1568.952,1630609199999,77488352.38735,18799,786.306,38839621.10051,0
1630609200000,49438.20,49492.64,49354.37,49488.49,1452.485,1630610099999,71776247.34831,18947,733.694,36263376.62229,0
1630610100000,49488.49,49497.86,49401.00,49441.76,1344.436,1630610999999,66494710.59644,18032,701.864,34718400.79985,0
1630611000000,49441.76,49472.00,49382.00,49395.12,926.504,1630611899999,45790076.69308,15580,416.704,20595668.27176,0
1630611900000,49395.12,49446.15,49291.44,49403.35,1651.221,1630612799999,81515466.44875,19303,690.637,34097919.21326,0
1630612800000,49403.35,49650.00,49331.61,49563.92,3575.402,1630613699999,177120465.53683,33726,2073.924,102739288.83485,0
1630613700000,49563.92,49623.87,49457.22,49590.38,1671.628,1630614599999,82783189.05135,21488,861.184,42650949.04301,0
1630614600000,49590.39,49712.91,49555.00,49556.25,2286.455,1630615499999,113473472.90221,25077,1151.030,57132875.97520,0
1630615500000,49556.25,49662.12,49536.46,49590.34,1270.581,1630616399999,62985607.17747,17396,602.012,29844253.09223,0
1630616400000,49590.34,49656.01,49574.11,49621.22,1158.738,1630617299999,57504526.37332,17744,572.831,28428440.91735,0
1630617300000,49621.21,49639.78,49566.30,49591.98,1039.861,1630618199999,51576190.35142,15437,486.803,24146335.15639,0
1630618200000,49591.99,49733.00,49565.69,49723.01,1388.188,1630619099999,68928692.29413,17335,766.590,38071179.24285,0
1630619100000,49723.00,49893.19,49697.70,49854.54,3676.390,1630619999999,183125387.26739,34823,2024.794,100861786.41736,0
1630620000000,49854.54,49861.47,49722.40,49752.22,1761.601,1630620899999,87702569.45102,20003,768.942,38281493.45414,0
1630620900000,49752.22,49821.97,49646.32,49667.68,1771.258,1630621799999,88080750.00872,19085,617.024,30696198.99385,0
1630621800000,49668.30,49785.12,49666.66,49767.72,1183.904,1630622699999,58885888.35260,16352,534.621,26591754.86422,0
1630622700000,49767.72,49800.00,49723.86,49738.00,881.872,1630623599999,43883548.64688,12869,468.653,23322272.82864,0
1630623600000,49736.80,49736.80,49559.01,49587.70,1956.369,1630624499999,97106765.03249,22378,702.863,34889684.41605,0
1630624500000,49587.70,49616.22,49314.00,49341.85,2932.321,1630625399999,145072741.34319,30282,1106.253,54746757.83597,0
1630625400000,49341.84,49425.00,49276.03,49339.89,2749.576,1630626299999,135734216.87179,27682,1435.178,70859243.95267,0
1630626300000,49339.88,49417.92,49274.27,49299.14,1970.282,1630627199999,97238300.39627,19912,924.289,45625135.87271,0
1630627200000,49299.14,49430.00,49212.83,49421.99,4525.603,1630628099999,223216373.60106,37228,2225.732,109802200.74878,0
1630628100000,49422.00,49430.00,49270.00,49344.86,2173.001,1630628999999,107215469.19368,22350,883.915,43618352.99171,0
1630629000000,49344.44,49344.45,48481.00,48650.01,15446.938,1630629899999,755087111.30294,124390,5648.135,276015431.92058,0
1630629900000,48650.00,48771.16,48556.00,48602.95,7270.081,1630630799999,353778154.56090,58486,3705.152,180319683.64139,0
1630630800000,48602.95,48739.97,48568.00,48600.96,3541.144,1630631699999,172311848.86571,35479,1719.507,83685945.75755,0
1630631700000,48600.96,48681.81,48415.49,48508.36,5769.166,1630632599999,279943019.64099,50972,2577.367,125091252.04484,0
1630632600000,48508.36,48677.81,48333.00,48583.01,5106.180,1630633499999,247821281.27080,44708,2578.356,125189334.21404,0
1630633500000,48583.01,48675.08,48563.00,48588.04,2235.553,1630634399999,108677315.48418,24037,1222.853,59449138.79306,0
1630634400000,48588.05,48739.92,48539.10,48727.86,2481.584,1630635299999,120701200.95716,27910,1429.628,69547884.72764,0
1630635300000,48727.86,48953.00,48700.28,48917.85,5397.843,1630636199999,263652806.29010,47392,2898.849,141585999.74699,0
1630636200000,48917.85,48946.39,48821.91,48918.26,2333.797,1630637099999,114051372.67155,23988,1058.081,51715632.14868,0
1630637100000,48918.25,49035.51,48865.18,49008.68,2180.124,1630637999999,106719764.66860,26449,1257.291,61554423.78228,0
1630638000000,49008.68,49080.72,48953.15,49044.79,1949.405,1630638899999,95555377.77889,25683,943.878,46273060.19044,0
1630638900000,49044.79,49054.96,48983.11,49013.89,1745.236,1630639799999,85536597.68845,20950,860.708,42188344.61810,0
1630639800000,49013.90,49249.00,49012.85,49233.25,3331.717,1630640699999,163724598.15777,31907,1987.969,97691760.93144,0
1630640700000,49233.24,49545.43,49221.74,49509.88,7138.305,1630641599999,352888560.43705,59029,3829.969,189305235.59697,0
1630641600000,49509.88,49633.02,49420.00,49548.35,5179.949,1630642499999,256495322.50185,44340,2409.043,119308071.78376,0
1630642500000,49548.36,49625.13,49508.66,49509.91,2255.682,1630643399999,111788129.79820,24744,1025.057,50807649.38821,0
1630643400000,49510.01,49694.99,49506.74,49640.58,2914.946,1630644299999,144639402.67013,27763,1800.221,89326927.28562,0
1630644300000,49640.55,49779.00,49640.54,49737.63,3597.923,1630645199999,178897769.68242,32524,2114.035,105122622.08095,0
1630645200000,49737.63,49750.00,49665.00,49709.00,1914.170,1630646099999,95150230.33987,22057,797.296,39634360.75413,0
1630646100000,49708.99,49708.99,49515.00,49586.26,4953.824,1630646999999,245818804.23807,39267,2375.168,117875995.55948,0
1630647000000,49586.26,49650.00,49429.00,49434.36,2753.705,1630647899999,136440692.15447,28935,1285.612,63710173.13517,0
1630647900000,49434.35,49569.54,49422.90,49501.28,2803.937,1630648799999,138788569.21340,25111,1650.454,81692760.24559,0
1630648800000,49501.27,49649.10,49500.00,49560.91,1856.477,1630649699999,92061148.45339,21274,1109.381,55012871.27159,0
1630649700000,49560.92,49568.86,49463.68,49470.00,1355.644,1630650599999,67144969.35084,17683,478.085,23680892.92554,0
1630650600000,49470.00,49568.00,49455.00,49455.01,1446.353,1630651499999,71606889.42989,18148,686.352,33985307.51656,0
1630651500000,49455.00,49498.00,49345.00,49447.69,3417.223,1630652399999,168873276.40832,31518,1561.733,77187028.41987,0
1630652400000,49447.69,49513.09,49321.48,49372.00,2222.456,1630653299999,109811558.25636,24698,1101.854,54450921.33294,0
1630653300000,49371.87,49460.73,49351.00,49413.70,2017.345,1630654199999,99660190.40112,21758,1146.863,56656587.43262,0
1630654200000,49413.70,49619.99,49363.76,49516.54,2877.566,1630655099999,142471065.04879,30338,1779.276,88092707.50080,0
1630655100000,49516.53,49530.97,49262.00,49353.70,3327.762,1630655999999,164210234.59891,34039,1296.024,63951481.59906,0
1630656000000,49353.70,49535.00,49306.44,49500.00,2899.170,1630656899999,143275236.71481,30838,1620.521,80090955.02565,0
1630656900000,49500.00,49546.12,49365.27,49386.24,1799.844,1630657799999,89000467.54999,22608,786.977,38915363.17753,0
1630657800000,49386.23,49546.13,49366.80,49500.87,1510.250,1630658699999,74686010.52831,21033,826.686,40881664.87063,0
1630658700000,49500.88,50097.57,49494.43,50045.59,13661.297,1630659599999,681560487.91353,110713,8058.823,402018456.83207,0
1630659600000,50045.59,50110.99,49866.72,50024.44,6575.249,1630660499999,328504895.85638,60578,3078.706,153828585.80048,0
1630660500000,50024.44,50186.63,49968.88,50099.47,6500.806,1630661399999,325754701.48259,61274,3289.099,164837644.14269,0
1630661400000,50099.46,50191.00,49849.50,49966.59,5564.497,1630662299999,278273908.34995,50604,2488.195,124452762.23391,0
1630662300000,49967.63,50149.82,49924.53,50137.87,4225.623,1630663199999,211382825.64565,36762,2440.591,122088936.24497,0
1630663200000,50137.86,50180.00,49960.00,50050.00,3876.837,1630664099999,194123902.79773,39258,1739.395,87095172.92762,0
1630664100000,50050.00,50210.00,49986.00,50110.00,3241.009,1630664999999,162390649.66138,33811,1939.565,97198395.47762,0
1630665000000,50110.01,50717.52,50070.51,50404.44,13917.190,1630665899999,701231762.30519,105226,8116.687,409025915.94165,0
1630665900000,50404.44,50423.37,49627.19,49903.84,18549.197,1630666799999,927586927.11630,139655,8359.707,417942812.92516,0
1630666800000,49903.28,49988.00,49550.00,49743.81,9038.178,1630667699999,449350162.39018,79690,4211.970,209444476.99515,0
1630667700000,49743.81,49912.90,49683.18,49809.88,4348.593,1630668599999,216638058.58974,40834,2202.068,109717467.79127,0
1630668600000,49809.88,50050.00,49780.00,50003.33,4010.253,1630669499999,200286783.45996,36861,2367.505,118254651.77889,0
1630669500000,50003.32,50285.54,49971.00,50203.77,7815.493,1630670399999,392075435.17616,62199,3648.524,183019911.24990,0
1630670400000,50203.77,50385.00,50180.00,50363.32,5400.994,1630671299999,271589247.57950,53633,2730.694,137343307.57249,0
1630671300000,50363.32,50380.00,49920.00,50125.80,7564.268,1630672199999,379237445.69954,66629,3210.968,160960655.47140,0
1630672200000,50125.81,51000.00,50122.96,50732.86,26374.245,1630673099999,1337356286.11190,198686,14783.614,749591755.09612,0
1630673100000,50732.96,50875.19,50663.78,50683.48,7117.885,1630673999999,361351289.34960,65268,3193.462,162146823.54113,0
1630674000000,50683.48,50947.86,50683.47,50887.17,6855.532,1630674899999,348432404.29067,60862,3989.170,202761502.55332,0
1630674900000,50887.17,50974.00,50755.03,50782.27,7147.031,1630675799999,363579506.48793,62878,3281.983,166977464.85479,0
1630675800000,50782.01,50848.87,50676.86,50718.63,4241.062,1630676699999,215241218.48818,41647,1993.252,101166844.27949,0
1630676700000,50717.49,50828.97,50576.00,50769.98,4743.676,1630677599999,240540476.45677,42538,2387.551,121103943.44046,0
1630677600000,50769.97,50878.99,50647.97,50780.00,4362.890,1630678499999,221387935.36203,39891,2245.831,113982729.14555,0
1630678500000,50779.07,50979.45,50750.80,50960.73,5125.753,1630679399999,260841986.48321,47538,2886.811,146913446.66280,0
1630679400000,50960.73,51111.00,50150.06,50642.80,22408.942,1630680299999,1136579118.43971,158340,11008.978,558684109.48818,0
1630680300000,50642.80,50762.80,50442.77,50728.63,6327.477,1630681199999,320136803.96920,55170,3074.724,155589227.56373,0
1630681200000,50728.63,50861.50,50697.24,50846.19,4196.326,1630682099999,213029942.21745,43164,1888.760,95900802.39211,0
1630682100000,50846.19,50850.00,50749.33,50783.61,2893.540,1630682999999,146992303.74555,30581,1324.353,67281593.09994,0
1630683000000,50783.62,50823.07,50573.82,50629.70,3104.395,1630683899999,157277493.80282,34623,1408.569,71359214.50986,0
1630683900000,50629.69,50685.74,50570.78,50589.99,1990.627,1630684799999,100782790.41503,23887,959.321,48575359.11375,0
1630684800000,50589.99,50723.00,50503.49,50591.21,4231.758,1630685699999,214228973.25650,38667,2251.726,114014297.88005,0
1630685700000,50591.22,50666.00,50501.00,50639.42,2573.350,1630686599999,130162630.94047,28025,1275.508,64529061.46648,0
1630686600000,50639.43,50761.81,50614.00,50670.19,2076.225,1630687499999,105248212.35443,23820,1060.637,53767596.76563,0
1630687500000,50670.20,50670.49,50505.00,50528.38,2093.572,1630688399999,105867076.89748,24488,908.009,45915881.21755,0
1630688400000,50528.39,50619.93,50520.00,50593.41,1736.890,1630689299999,87838054.23377,21596,1013.496,51255491.63279,0
1630689300000,50593.41,50648.98,50553.71,50597.96,1274.859,1630690199999,64518461.38967,18337,684.520,34643973.57837,0
1630690200000,50597.96,50620.00,50530.04,50583.74,1339.054,1630691099999,67717041.64343,18001,695.813,35190186.91622,0
1630691100000,50583.74,50583.75,50335.19,50456.34,4714.129,1630691999999,237862172.56973,40587,1893.923,95568126.44354,0
1630692000000,50456.35,50476.19,50243.75,50413.83,4140.825,1630692899999,208595250.36669,39506,2013.010,101425501.73354,0
1630692900000,50412.26,50525.97,50387.35,50405.96,1750.690,1630693799999,88350681.13898,22426,923.988,46634466.96975,0
1630693800000,50405.95,50473.78,50350.00,50445.01,1323.850,1630694699999,66729970.98171,18855,681.103,34333608.31142,0
1630694700000,50445.01,50626.04,50300.00,50504.84,2799.417,1630695599999,141371567.72725,30009,1433.778,72409873.70222,0
1630695600000,50504.84,50505.76,50338.87,50362.61,1758.451,1630696499999,88622636.78380,21220,937.655,47250803.89918,0
1630696500000,50362.61,50513.19,50320.00,50482.05,1307.616,1630697399999,65939709.37563,18502,692.876,34943449.94031,0
1630697400000,50482.04,50533.00,50423.93,50468.00,1203.954,1630698299999,60781409.43583,16444,503.126,25399909.21484,0
1630698300000,50468.00,50590.00,50420.00,50575.71,1095.363,1630699199999,55322437.67686,16574,619.923,31313234.87595,0
1630699200000,50575.70,50577.08,50420.86,50460.67,1115.653,1630700099999,56308082.78012,17203,528.338,26663489.33216,0
1630700100000,50460.68,50468.41,50040.22,50155.01,5233.358,1630700999999,262871170.76275,47090,2086.933,104832014.09936,0
1630701000000,50155.00,50248.66,50125.97,50138.00,2232.611,1630701899999,112064494.55968,24885,1153.049,57882423.72126,0
1630701900000,50138.00,50255.35,50100.01,50187.12,1637.139,1630702799999,82170515.71138,19257,913.477,45857099.27195,0
1630702800000,50185.13,50298.00,50176.94,50214.46,1488.886,1630703699999,74826124.72371,20272,765.601,38480473.37222,0
1630703700000,50214.46,50269.30,50116.31,50159.48,1384.161,1630704599999,69486636.76569,17643,606.230,30437087.50738,0
1630704600000,50159.48,50250.00,50077.00,50165.83,1959.913,1630705499999,98313645.63536,21255,1024.055,51365023.95287,0
1630705500000,50165.64,50297.00,50093.24,50284.20,1866.353,1630706399999,93719139.34566,19747,1124.625,56477708.31428,0
1630706400000,50284.20,50289.93,49770.00,49770.01,6404.644,1630707299999,320153847.51993,52599,2291.093,114587202.70530,0
1630707300000,49770.01,49956.86,49611.00,49838.35,6446.267,1630708199999,321043079.28422,52420,3386.214,168692041.34987,0
1630708200000,49838.35,49966.17,49700.00,49726.43,2961.122,1630709099999,147606030.07519,31551,1406.632,70134063.33367,0
1630709100000,49726.42,49845.09,49657.42,49736.01,2842.625,1630709999999,141440529.09289,29646,1525.404,75903871.93624,0
1630710000000,49736.01,49811.73,49640.42,49650.05,3893.196,1630710899999,193551424.44625,32243,1975.314,98216918.24841,0
1630710900000,49650.06,49850.00,49610.00,49759.98,3106.419,1630711799999,154531323.82391,29334,1728.714,86002660.56340,0
1630711800000,49759.98,49830.00,49700.00,49830.00,1882.148,1630712699999,93648771.86599,20397,941.808,46866525.34014,0
1630712700000,49830.00,50077.92,49828.53,50027.08,5543.120,1630713599999,277068492.89836,42731,3417.941,170838271.41407,0
1630713600000,50027.09,50068.92,49725.00,49820.00,5053.342,1630714499999,252118604.09680,39693,2286.121,114052935.56851,0
1630714500000,49820.01,50200.00,49810.08,50079.87,5178.542,1630715399999,259262710.84410,46522,2850.668,142713304.27847,0
1630715400000,50079.88,50128.56,49947.13,49953.15,3126.434,1630716299999,156368910.26945,27292,1816.716,90868285.21307,0
1630716300000,49953.14,50010.66,49925.00,49954.59,1853.116,1630717199999,92598957.45142,19249,1077.119,53824837.63958,0
1630717200000,49954.58,49954.59,49789.08,49796.54,2558.367,1630718099999,127572369.91803,23987,1085.591,54137226.87562,0
1630718100000,49796.54,49864.73,49661.21,49679.14,2734.117,1630718999999,136031372.17806,25598,1254.324,62421490.91315,0
1630719000000,49679.15,49826.70,49615.00,49814.85,3230.115,1630719899999,160629719.75453,27137,1876.589,93329793.14327,0
1630719900000,49814.86,49835.86,49711.06,49720.25,1550.949,1630720799999,77182521.32279,17372,630.518,31378060.77072,0
1630720800000,49720.24,49819.47,49630.00,49797.01,2897.636,1630721699999,144032537.90816,26500,1557.691,77442083.27110,0
1630721700000,49797.00,49949.69,49789.99,49932.68,2598.354,1630722599999,129598648.21826,25007,1526.333,76125019.82693,0
1630722600000,49932.68,49980.00,49843.64,49945.89,1947.337,1630723499999,97198342.06001,19987,933.276,46587371.06792,0
1630723500000,49945.88,50167.97,49935.51,50159.91,3460.509,1630724399999,173194259.33598,30996,1879.056,94055636.16339,0
1630724400000,50156.53,50160.37,50062.00,50117.00,2281.980,1630725299999,114322970.88402,24251,941.730,47180105.88721,0
1630725300000,50117.00,50170.00,50042.00,50079.12,2094.533,1630726199999,104948076.64276,21666,890.865,44641960.60315,0
1630726200000,50079.12,50390.00,50041.01,50352.00,4543.676,1630727099999,228315719.70083,40097,2672.747,134313524.16817,0
1630727100000,50352.00,50378.41,50258.30,50302.75,2660.790,1630727999999,133888180.88249,23960,956.170,48111376.79000,0
1630728000000,50302.74,50381.00,50225.70,50332.35,1911.092,1630728899999,96131125.19237,21348,964.488,48522714.92801,0
1630728900000,50332.35,50484.40,50330.64,50364.93,2600.982,1630729799999,131093072.15680,25950,1224.742,61732316.89514,0
1630729800000,50364.92,50500.30,50333.00,50434.57,3250.562,1630730699999,163944110.34368,29247,1727.359,87124577.52639,0
1630730700000,50434.56,50444.20,50319.98,50358.00,1957.715,1630731599999,98619545.95870,19409,807.044,40654093.69701,0
1630731600000,50357.24,50357.24,50185.11,50203.47,2776.743,1630732499999,139590355.15746,28252,1070.097,53800969.38609,0
1630732500000,50195.98,50330.00,50181.57,50253.17,1850.811,1630733399999,93035861.18304,20001,1120.363,56320195.26012,0
1630733400000,50253.17,50392.94,50250.66,50324.61,1535.325,1630734299999,77287933.22382,18788,816.963,41125687.58888,0
1630734300000,50324.64,50332.96,50253.18,50319.84,980.796,1630735199999,49322680.77911,14340,483.730,24326688.61769,0
1630735200000,50321.46,50377.48,50209.51,50357.20,1949.774,1630736099999,98076972.86246,20842,1119.595,56326134.44910,0
1630736100000,50357.20,50383.20,50253.22,50264.91,1252.282,1630736999999,63012947.79228,16088,574.903,28931878.23937,0
1630737000000,50264.91,50292.50,50222.01,50266.03,1195.978,1630737899999,60101401.98470,15589,683.497,34348419.95046,0
1630737900000,50265.28,50374.61,50265.28,50359.53,1600.848,1630738799999,80564779.06196,16771,819.976,41270472.92516,0
1630738800000,50359.31,50500.00,50267.00,50287.73,2936.397,1630739699999,147985170.65670,27756,1609.789,81149922.53869,0
1630739700000,50285.79,50327.68,50130.00,50290.00,3496.888,1630740599999,175626826.33058,29880,1539.529,77335071.48315,0
1630740600000,50288.90,50288.91,50184.60,50193.58,1504.594,1630741499999,75569174.18328,15776,712.431,35781534.48933,0
1630741500000,50193.59,50272.40,50188.00,50230.07,1087.609,1630742399999,54627950.41011,14246,644.544,32375484.68511,0
1630742400000,50230.07,50238.47,49966.72,50030.21,5679.108,1630743299999,284386822.87673,46234,2132.081,106772420.04624,0
1630743300000,50030.22,50199.77,50014.11,50124.45,2275.286,1630744199999,114010739.82177,22970,1212.231,60743902.72696,0
1630744200000,50124.45,50268.00,50121.28,50238.08,1996.477,1630745099999,100246295.29592,20860,1115.981,56028540.88749,0
1630745100000,50238.07,50241.67,50122.00,50126.66,1514.947,1630745999999,76019371.52329,17620,563.693,28286763.22472,0
1630746000000,50126.66,50373.89,50071.92,50325.46,3412.862,1630746899999,171509743.47568,33171,2018.780,101449270.20808,0
1630746900000,50325.45,50393.98,50280.00,50297.41,2185.184,1630747799999,110019651.33827,23797,985.082,49602990.12224,0
1630747800000,50297.41,50415.61,50280.00,50395.56,1788.161,1630748699999,90029789.54802,22282,994.267,50059877.02694,0
1630748700000,50395.43,50486.80,50372.76,50445.93,2700.629,1630749599999,136209412.11846,27324,1492.602,75285231.26556,0
1630749600000,50445.94,50582.08,50351.00,50354.06,5424.976,1630750499999,273910903.21458,45869,2426.459,122540789.93380,0
1630750500000,50354.05,50461.94,50287.00,50342.00,2794.952,1630751399999,140782221.98212,26106,1501.525,75653437.76657,0
1630751400000,50341.99,50388.34,50265.87,50282.38,1367.987,1630752299999,68859626.61312,17747,728.506,36674187.53816,0
1630752300000,50282.38,50282.38,49809.48,49816.29,10577.382,1630753199999,528910188.38233,83007,4403.636,220246658.33420,0
1630753200000,49816.29,49946.71,49711.10,49893.70,6772.526,1630754099999,337602559.51717,60428,3534.137,176195203.05921,0
1630754100000,49893.70,50115.00,49888.19,49935.23,4818.967,1630754999999,240954685.06485,43063,2653.342,132680932.49132,0
1630755000000,49935.24,49984.37,49814.01,49835.83,2766.382,1630755899999,138007528.29606,29617,1274.006,63560009.90928,0
1630755900000,49835.82,49990.00,49822.81,49934.45,2008.415,1630756799999,100284459.54358,22400,1215.919,60713806.31809,0
1630756800000,49934.45,50089.00,49930.00,49962.85,2421.836,1630757699999,121138541.59939,28842,1190.988,59572636.44728,0
1630757700000,49962.41,50180.00,49938.85,50152.88,2676.282,1630758599999,134011220.72246,28501,1542.711,77259265.35001,0
1630758600000,50154.96,50350.00,50139.05,50276.91,4257.634,1630759499999,213937977.01278,40516,2156.397,108353275.33838,0
1630759500000,50276.90,50375.00,50215.25,50272.47,3160.726,1630760399999,158965897.93745,30804,1757.703,88413518.71989,0
1630760400000,50272.47,50333.59,50235.53,50249.99,1869.667,1630761299999,94006918.11700,23271,870.952,43793902.99074,0
1630761300000,50249.99,50300.00,50150.87,50172.25,2687.494,1630762199999,134960349.08790,26975,1005.619,50508325.79199,0
1630762200000,50172.24,50257.93,50084.02,50249.60,2490.185,1630763099999,124943804.88765,29045,1338.986,67192500.07333,0
1630763100000,50249.61,50300.00,50218.13,50221.61,1607.367,1630763999999,80799045.36385,20465,830.587,41753429.82637,0
1630764000000,50221.61,50238.74,49940.00,49994.99,4692.896,1630764899999,234867661.45767,44866,2108.189,105491814.24201,0
1630764900000,49994.98,50000.00,49869.28,49943.49,3645.769,1630765799999,181991974.66513,36948,1846.271,92165349.86589,0
1630765800000,49943.49,50087.49,49920.00,50000.01,2141.228,1630766699999,107111575.99106,25495,1260.563,63055172.97551,0
1630766700000,50000.00,50100.00,50000.00,50012.88,1472.479,1630767599999,73687662.72845,18790,722.859,36174032.26724,0
1630767600000,50012.88,50170.97,49924.61,49975.29,4581.434,1630768499999,229375423.92685,36074,1996.792,99982821.49531,0
1630768500000,49975.29,50099.99,49943.05,50014.00,2574.484,1630769399999,128762854.14729,25618,1101.365,55088815.44535,0
1630769400000,50014.00,50047.50,49777.00,49882.15,4043.509,1630770299999,201712868.00177,37582,1589.191,79277433.68584,0
1630770300000,49882.14,49960.85,49835.00,49917.51,1874.033,1630771199999,93528555.57021,22650,959.835,47904257.49622,0
1630771200000,49917.51,50056.00,49766.00,49995.12,4223.592,1630772099999,210756937.50667,42809,2271.124,113348742.74361,0
1630772100000,49995.12,50080.00,49943.00,49978.20,3061.464,1630772999999,153133194.55055,28520,1517.978,75933264.61744,0
1630773000000,49978.20,50000.00,49853.69,49886.08,1977.365,1630773899999,98716285.13959,22259,1022.430,51046136.51353,0
1630773900000,49886.07,49961.33,49800.00,49850.00,1913.950,1630774799999,95465688.32553,23600,925.632,46175579.04832,0
1630774800000,49850.00,49886.88,49651.66,49718.39,5043.089,1630775699999,250892754.89012,47276,2062.177,102604553.01440,0
1630775700000,49718.40,49750.00,49360.00,49603.24,11311.008,1630776599999,560793926.33769,87290,4544.124,225363387.09664,0
1630776600000,49603.50,49760.00,49550.67,49700.00,3002.377,1630777499999,149131422.18074,34238,1528.663,75932839.77795,0
1630777500000,49700.00,50000.00,49650.00,49980.00,4884.431,1630778399999,243509180.12552,43409,2744.425,136829838.03715,0
1630778400000,49980.01,50065.59,49926.00,49946.99,3869.605,1630779299999,193441377.09235,37090,1824.435,91212476.26015,0
1630779300000,49947.00,50000.00,49887.00,49929.94,2438.541,1630780199999,121829341.82194,24426,1426.497,71276148.58346,0
1630780200000,49929.94,49997.75,49903.18,49941.83,1280.564,1630781099999,63965177.33561,20442,633.304,31635334.85665,0
1630781100000,49941.82,49997.99,49874.54,49905.37,1594.686,1630781999999,79630450.27663,20254,889.019,44395333.51458,0
1630782000000,49905.25,49940.00,49681.81,49698.81,3087.353,1630782899999,153717184.48554,32068,1391.988,69313377.47239,0
1630782900000,49698.81,49893.23,49652.89,49803.87,3259.976,1630783799999,162226544.26160,30955,1893.212,94228511.88834,0
1630783800000,49801.13,49935.94,49768.44,49914.90,2816.610,1630784699999,140455004.96652,28548,1393.875,69510606.04614,0
1630784700000,49914.89,50000.00,49824.09,50000.00,3577.434,1630785599999,178736754.48809,25996,2488.779,124361276.39647,0
1630785600000,50000.00,50280.00,49976.61,50169.93,7041.633,1630786499999,353094671.69092,53247,3789.865,190017835.13529,0
1630786500000,50169.93,50189.46,50056.51,50092.56,1736.924,1630787399999,87037296.31309,22349,811.035,40642079.23925,0
1630787400000,50093.92,50195.78,50074.51,50162.37,1644.546,1630788299999,82442660.05777,17688,971.964,48732356.93868,0
1630788300000,50162.37,50240.25,50161.70,50187.77,1626.815,1630789199999,81665443.97230,19415,804.052,40363271.63824,0
1630789200000,50188.45,50250.00,50100.58,50100.59,1275.338,1630790099999,63993065.87947,18137,499.321,25060093.58332,0
1630790100000,50100.58,50231.73,50100.58,50193.48,1197.092,1630790999999,60065135.16030,18715,665.645,33392467.22544,0
1630791000000,50193.47,50203.53,50136.09,50186.00,746.080,1630791899999,37435578.31448,14427,396.221,19880970.50257,0
1630791900000,50186.00,50265.55,50179.75,50239.61,1225.475,1630792799999,61554049.89975,16589,655.370,32918212.84652,0
1630792800000,50239.61,50299.09,50135.22,50246.86,2162.885,1630793699999,108681688.47938,23436,1120.402,56306542.73748,0
1630793700000,50246.87,50269.94,50114.98,50211.07,1039.433,1630794599999,52174633.55280,16263,471.653,23674013.20594,0
1630794600000,50211.07,50211.45,49854.78,50033.68,3581.510,1630795499999,179179815.54158,33575,1383.395,69202870.27940,0
1630795500000,50033.68,50050.00,49848.53,49889.78,2260.993,1630796399999,112904983.26661,24977,1046.464,52253252.28719,0
1630796400000,49889.79,49935.38,49801.00,49853.13,1923.760,1630797299999,95917091.00817,25044,977.518,48740266.40779,0
1630797300000,49853.14,49908.44,49746.63,49884.11,2783.740,1630798199999,138679690.17003,27607,1600.755,79763508.84689,0
1630798200000,49884.11,49988.95,49842.00,49923.29,1693.241,1630799099999,84544974.27486,21217,891.252,44503384.29207,0
1630799100000,49923.30,50069.51,49882.05,49940.74,1735.875,1630799999999,86765407.95160,21490,861.873,43081586.37829,0
1630800000000,49942.20,49979.66,49840.00,49857.11,2061.840,1630800899999,102888222.84693,22049,774.408,38647208.52028,0
1630800900000,49857.12,50188.00,49800.00,50137.84,3558.985,1630801799999,178103774.19479,33420,1965.134,98324615.13665,0
1630801800000,50137.83,50239.28,50064.93,50235.01,2716.378,1630802699999,136271199.05302,27898,1455.183,73010131.15273,0
1630802700000,50235.01,50277.29,50141.59,50188.31,2243.370,1630803599999,112639419.69714,24570,908.602,45626213.82758,0
1630803600000,50188.32,50223.28,50074.00,50078.38,1400.670,1630804499999,70228235.16628,20328,643.098,32247136.20534,0
1630804500000,50078.39,50131.25,49987.86,50072.91,1690.519,1630805399999,84615589.89816,21589,823.200,41206909.64864,0
1630805400000,50072.91,50072.91,49941.00,50025.80,2159.653,1630806299999,107949345.41445,25683,1028.193,51395630.76383,0
1630806300000,50024.07,50190.71,50011.57,50133.01,1798.455,1630807199999,90089471.18773,22334,1028.449,51516721.37280,0
1630807200000,50133.01,50200.00,50076.80,50187.35,1251.152,1630808099999,62741251.32992,18143,652.893,32742519.44603,0
1630808100000,50187.36,50239.40,50104.41,50194.37,1496.272,1630808999999,75094050.19027,20365,721.334,36205692.37765,0
1630809000000,50193.34,50341.16,50166.50,50199.69,2718.498,1630809899999,136595702.08283,30180,1530.854,76936949.47491,0
1630809900000,50199.68,50247.16,50120.04,50122.00,1305.253,1630810799999,65495318.22751,17502,614.232,30824401.50256,0
1630810800000,50122.01,50164.82,49888.00,49931.72,3035.444,1630811699999,151801272.40546,29975,1275.191,63773495.20049,0
1630811700000,49931.73,49944.48,49762.55,49827.91,5058.873,1630812599999,252225670.81454,41689,2640.310,131658792.27045,0
1630812600000,49826.16,49885.12,49725.00,49807.67,3972.591,1630813499999,197834295.59192,35523,2306.088,114856639.67822,0
1630813500000,49807.85,49808.63,49670.00,49694.34,2945.299,1630814399999,146457951.50238,30037,1098.586,54632304.18810,0
1630814400000,49694.35,49931.74,49660.00,49817.20,3687.436,1630815299999,183668991.82040,34511,2159.662,107580247.48859,0
1630815300000,49817.19,49875.63,49752.77,49833.65,1443.113,1630816199999,71875149.15050,18836,686.380,34187668.09803,0
1630816200000,49833.66,49896.60,49776.98,49803.35,1063.991,1630817099999,53027859.82317,16504,457.759,22813809.58095,0
1630817100000,49803.35,49888.98,49759.54,49863.50,982.253,1630817999999,48950629.83574,15711,525.498,26189599.61328,0
1630818000000,49863.50,49886.62,49775.96,49815.23,1205.934,1630818899999,60082354.73635,15846,514.697,25646441.92053,0
1630818900000,49815.24,49816.19,49690.00,49776.79,2623.977,1630819799999,130521489.00921,22248,1061.748,52813573.87037,0
1630819800000,49776.79,49776.81,49611.00,49711.81,2715.978,1630820699999,134932589.54578,28615,1063.896,52857322.31636,0
1630820700000,49711.80,49744.00,49650.00,49725.60,1439.996,1630821599999,71577555.98298,18853,778.059,38675981.84225,0
1630821600000,49725.60,49761.00,49581.00,49613.94,2371.172,1630822499999,117749236.57338,26086,1018.925,50611114.04217,0
1630822500000,49613.93,49695.08,49462.59,49695.00,4002.268,1630823399999,198396376.02693,41887,1836.992,91084348.98619,0
1630823400000,49693.84,49847.00,49668.29,49833.91,3303.146,1630824299999,164387720.71517,30976,1875.731,93354421.50945,0
1630824300000,49833.90,49928.99,49768.00,49874.25,3106.797,1630825199999,154879849.16025,31446,1631.668,81339663.78329,0
1630825200000,49874.26,50031.47,49828.01,50001.58,3728.372,1630826099999,186232938.36281,35938,2129.485,106372523.99684,0
1630826100000,50001.59,50076.96,49955.57,49969.38,2793.687,1630826999999,139715801.88139,29293,1317.636,65899335.21235,0
1630827000000,49969.38,50010.00,49880.00,49889.00,1889.840,1630827899999,94385256.26256,22919,740.276,36976896.66927,0
1630827900000,49888.99,49932.27,49813.01,49890.96,1813.174,1630828799999,90419753.62302,22507,958.713,47809364.40245,0
1630828800000,49890.96,50025.00,49840.00,50015.54,2122.021,1630829699999,106004007.59687,24431,1243.182,62105162.26398,0
1630829700000,50015.55,50037.09,49902.81,49955.87,1665.379,1630830599999,83225842.13207,19937,761.695,38070205.06105,0
1630830600000,49955.86,50128.00,49949.10,50075.52,3159.152,1630831499999,158151313.30322,28434,1924.120,96324278.24475,0
1630831500000,50075.52,50216.50,50030.00,50176.80,4671.474,1630832399999,234237021.85918,38239,2640.379,132407186.89130,0
1630832400000,50176.80,50230.86,50082.68,50084.95,2703.002,1630833299999,135579848.78124,32254,1152.479,57815783.43050,0
1630833300000,50084.95,50180.00,50050.00,50152.37,2184.363,1630834199999,109424745.48458,23556,1241.750,62219428.72807,0
1630834200000,50152.38,50260.31,50096.50,50147.91,3682.563,1630835099999,184851717.44971,31037,2044.122,102611252.07538,0
1630835100000,50147.91,50258.09,50145.43,50161.31,2275.638,1630835999999,114235623.69968,24014,1118.273,56137582.22702,0
1630836000000,50161.32,50239.79,50121.48,50199.06,2352.992,1630836899999,118088131.13251,23584,1081.869,54303558.55615,0
1630836900000,50199.06,50288.00,50167.04,50172.92,2453.845,1630837799999,123284801.09426,28766,1195.589,60076272.08073,0
1630837800000,50171.42,50200.00,50011.00,50098.66,3414.647,1630838699999,171035095.26604,34889,1640.390,82168061.64846,0
1630838700000,50098.66,50100.00,49966.94,50039.25,2528.616,1630839599999,126485428.43870,28027,1369.049,68485107.68248,0
1630839600000,50039.26,50173.20,49951.03,50154.88,3114.360,1630840499999,155842502.25467,30036,1929.788,96581253.48996,0
1630840500000,50154.87,50438.00,49891.33,50040.00,13292.315,1630841399999,666681813.96496,102182,6593.710,330743733.76422,0
1630841400000,50040.00,50250.00,50010.67,50201.86,5011.143,1630842299999,251324460.07430,42151,2592.305,130018178.55901,0
1630842300000,50201.86,50238.00,50136.30,50230.00,1630.785,1630843199999,81852630.49154,20249,771.465,38725012.85657,0
1630843200000,50230.00,50290.00,50140.00,50209.85,2852.711,1630844099999,143275598.61811,29612,1300.453,65314416.66753,0
1630844100000,50209.86,50280.00,50119.26,50207.60,2335.188,1630844999999,117265621.18954,24289,1149.133,57719664.14113,0
1630845000000,50207.59,50249.99,50050.50,50090.16,1835.332,1630845899999,92042910.04450,23352,842.383,42248649.12016,0
1630845900000,50090.17,50149.26,50051.00,50149.25,1676.992,1630846799999,84019208.59354,21898,1014.906,50848697.28742,0
1630846800000,50149.26,50196.10,50080.00,50120.42,1438.025,1630847699999,72095672.91495,20920,704.406,35320120.81696,0
1630847700000,50120.42,50140.10,50081.84,50122.75,784.701,1630848599999,39320879.45440,15553,440.372,22067550.29541,0
1630848600000,50122.76,50276.04,50100.00,50258.52,2171.162,1630849499999,109004336.85494,25460,1320.798,66316755.62440,0
1630849500000,50258.52,50284.57,50182.36,50207.79,1967.101,1630850399999,98826717.57981,21838,847.970,42604502.04517,0
1630850400000,50207.38,50400.00,50160.00,50392.16,3959.814,1630851299999,199253343.69485,39624,2254.698,113452925.52492,0
1630851300000,50392.16,50477.77,50275.00,50458.97,6602.011,1630852199999,332803361.19311,53779,3452.376,174039144.45971,0
1630852200000,50457.84,50517.34,50338.78,50392.86,5402.872,1630853099999,272507916.42406,42841,2368.494,119492423.15558,0
1630853100000,50392.86,50417.43,50152.01,50272.66,4382.185,1630853999999,220306537.39589,38820,2020.232,101571168.22859,0
1630854000000,50272.66,50356.48,50231.02,50290.96,2293.184,1630854899999,115346726.21437,26850,1170.489,58877109.19542,0
1630854900000,50290.95,50372.03,50184.73,50261.03,2521.001,1630855799999,126743232.87897,26376,1141.318,57387277.15764,0
1630855800000,50261.03,50356.24,50081.66,50354.93,4312.635,1630856699999,216493788.14521,36475,2141.357,107511846.57079,0
1630856700000,50354.92,50401.55,50181.12,50250.69,3074.091,1630857599999,154541955.37632,30085,1648.928,82898357.23786,0
1630857600000,50250.68,50324.32,50146.49,50194.73,2325.509,1630858499999,116815818.41262,24898,904.587,45447735.74169,0
1630858500000,50192.37,50297.64,50150.00,50262.31,1405.197,1630859399999,70578328.05015,18849,814.103,40889908.72037,0
1630859400000,50262.31,50374.96,50238.81,50295.08,2001.611,1630860299999,100716310.73247,23129,961.019,48356366.55957,0
1630860300000,50295.24,50436.28,50288.49,50383.99,2321.380,1630861199999,116951971.51868,27988,1155.129,58200066.87996,0
1630861200000,50384.00,50472.07,50306.00,50316.85,2764.915,1630862099999,139357553.83268,30341,1251.918,63113657.93996,0
1630862100000,50316.85,50390.64,50304.35,50373.68,1004.808,1630862999999,50593576.58148,16563,573.248,28865505.30395,0
1630863000000,50373.68,50420.00,50317.24,50317.57,1125.975,1630863899999,56717775.16978,16421,490.139,24691717.84003,0
1630863900000,50317.24,50400.00,50315.00,50323.93,1052.414,1630864799999,52990234.88524,15079,511.942,25775861.92548,0
1630864800000,50323.93,50346.31,50275.00,50275.54,1226.503,1630865699999,61693524.32479,18068,567.583,28550142.35137,0
1630865700000,50275.55,50358.15,50267.45,50337.53,1100.691,1630866599999,55382487.70935,14550,508.984,25611272.62254,0
1630866600000,50337.54,50437.88,50325.97,50413.17,1626.830,1630867499999,81984267.25082,17589,969.479,48858115.08959,0
1630867500000,50413.18,50450.14,50367.94,50378.08,1552.252,1630868399999,78263092.95006,17792,691.717,34877698.16018,0
1630868400000,50378.07,50780.97,50372.36,50592.01,5165.593,1630869299999,261375868.81806,44649,3402.153,172153293.48323,0
1630869300000,50595.84,50911.00,50577.76,50799.98,9020.159,1630870199999,458359078.48002,74087,4480.405,227665746.93085,0
1630870200000,50799.99,50881.00,50731.70,50755.38,3163.191,1630871099999,160691424.77254,33004,1573.634,79945220.50355,0
1630871100000,50755.37,50791.28,50669.46,50723.01,1941.319,1630871999999,98494237.18888,22041,859.143,43592499.74299,0
1630872000000,50723.00,50875.06,50665.12,50868.60,2523.459,1630872899999,128131772.16003,27937,1503.478,76343970.41606,0
1630872900000,50868.60,51061.21,50792.21,50954.95,5390.913,1630873799999,274625541.33988,49853,3169.887,161520449.13454,0
1630873800000,50954.96,51040.00,50888.00,50935.12,2517.269,1630874699999,128240608.36158,28842,1199.760,61128601.85671,0
1630874700000,50935.11,51824.55,50901.21,51713.74,18827.588,1630875599999,969198041.73175,152435,11133.242,572993135.29900,0
1630875600000,51713.74,51950.00,51560.89,51680.01,10468.210,1630876499999,541748606.55343,102557,5236.570,271055368.53798,0
1630876500000,51680.23,51713.19,51504.87,51567.87,3828.307,1630877399999,197541209.75807,46019,1833.924,94632466.48154,0
1630877400000,51567.87,51695.00,51557.30,51689.70,2500.275,1630878299999,129059002.06274,32573,1452.892,75000816.72454,0
1630878300000,51688.23,51800.00,51635.00,51760.08,3327.104,1630879199999,172094605.74260,36705,1893.660,97961566.32126,0
1630879200000,51760.07,51772.60,51613.01,51739.98,2400.688,1630880099999,124091186.88288,30416,1033.069,53402301.38380,0
1630880100000,51739.98,51817.66,51640.00,51722.00,2572.659,1630880999999,133053693.52882,28513,1246.547,64478813.11860,0
1630881000000,51721.99,51760.80,51662.28,51757.90,1570.946,1630881899999,81234961.21872,21252,835.726,43219011.86675,0
1630881900000,51757.90,51923.49,51735.72,51855.68,3941.901,1630882799999,204334785.20778,37797,2212.190,114675463.65134,0
1630882800000,51855.69,51877.32,51760.53,51783.03,2456.872,1630883699999,127299585.78308,28198,1161.403,60175000.48513,0
1630883700000,51783.03,51880.30,51669.12,51734.49,2447.306,1630884599999,126671944.35989,28994,1120.894,58013903.24360,0
1630884600000,51734.49,51777.60,51637.80,51766.58,2203.964,1630885499999,113935108.71669,26116,1122.757,58047067.95183,0
1630885500000,51766.58,51823.99,51699.72,51799.57,1752.630,1630886399999,90722480.62144,22912,836.184,43288016.40422,0
1630886400000,51799.56,51910.00,51702.49,51882.27,3058.199,1630887299999,158555314.24960,34220,1620.043,83999644.10632,0
1630887300000,51882.27,51892.64,51500.00,51686.92,5519.334,1630888199999,285225354.86701,45069,2490.575,128681539.90806,0
1630888200000,51686.93,51814.31,51635.73,51812.42,2560.304,1630889099999,132456806.09143,27681,1315.953,68081927.23323,0
1630889100000,51812.41,51861.75,51723.80,51774.62,2276.029,1630889999999,117893030.99494,24853,1051.622,54471389.13416,0
1630890000000,51774.62,51837.86,51666.41,51816.82,1905.331,1630890899999,98580241.35952,22611,1050.852,54382034.61582,0
1630890900000,51816.82,51961.46,51756.52,51869.99,4647.302,1630891799999,241095655.42919,39008,2696.307,139884588.38285,0
1630891800000,51869.98,51932.94,51770.39,51779.88,2463.386,1630892699999,127661145.39298,26408,1057.395,54794822.27215,0
1630892700000,51779.88,51865.76,51751.68,51835.01,1394.505,1630893599999,72239907.05854,18324,838.145,43421474.69384,0
1630893600000,51835.09,51865.09,51779.05,51817.57,1114.165,1630894499999,57728153.06968,18150,540.620,28012438.03169,0
1630894500000,51817.58,51820.00,51702.49,51750.00,2049.293,1630895399999,106037486.42968,21892,773.476,40026752.93875,0
1630895400000,51750.00,51810.13,51735.53,51748.94,1086.967,1630896299999,56272083.45020,16072,554.617,28713605.52258,0
1630896300000,51748.95,51750.00,51643.71,51691.23,1552.479,1630897199999,80247936.32161,19461,697.356,36048372.99237,0
1630897200000,51691.22,51765.26,51678.00,51755.98,1078.273,1630898099999,55775909.86573,15993,616.165,31873825.53050,0
1630898100000,51755.98,51765.26,51654.00,51690.94,1285.615,1630898999999,66477790.28382,18007,490.968,25387500.97163,0
1630899000000,51690.94,51752.41,51571.16,51599.18,2860.271,1630899899999,147715488.28645,26519,1179.983,60942603.89615,0
1630899900000,51599.17,51629.12,51450.00,51618.29,4468.028,1630900799999,230320144.57488,33120,2148.536,110767052.13913,0
1630900800000,51618.28,51700.00,51571.00,51690.00,1501.292,1630901699999,77549446.73563,20589,792.343,40929519.97402,0
1630901700000,51690.00,51732.50,51646.27,51729.98,1354.668,1630902599999,70029551.17340,18763,684.073,35364544.33870,0
1630902600000,51729.98,51731.79,51681.77,51724.14,974.096,1630903499999,50370512.79500,18246,416.481,21537035.21578,0
1630903500000,51724.14,51726.80,51625.82,51704.31,1339.074,1630904399999,69185281.52803,17390,577.833,29857044.82829,0
1630904400000,51704.31,51714.54,51639.10,51663.41,835.198,1630905299999,43153951.20573,15450,447.918,23143914.45520,0
1630905300000,51663.41,51800.00,51660.00,51782.94,2124.358,1630906199999,109965157.95188,23202,1291.642,66862966.05727,0
1630906200000,51782.93,51785.48,51719.99,51778.24,1032.746,1630907099999,53453845.60544,16785,489.318,25327909.96086,0
1630907100000,51778.24,51789.26,51745.01,51781.69,906.580,1630907999999,46935710.37397,14148,447.034,23144377.81118,0
1630908000000,51781.69,51858.67,51756.00,51797.95,1747.726,1630908899999,90534186.78607,21681,907.585,47017579.24609,0
1630908900000,51797.96,51800.00,51732.82,51752.55,1345.824,1630909799999,69672927.31152,18605,542.541,28088761.05770,0
1630909800000,51752.55,51868.98,51745.00,51866.00,1428.054,1630910699999,73994182.77433,20181,862.183,44674752.90253,0
1630910700000,51866.00,51920.00,51811.38,51859.98,3083.393,1630911599999,159940480.71563,32874,1634.017,84765617.00432,0
1630911600000,51859.99,51861.58,51814.20,51835.01,1130.898,1630912499999,58620056.06341,16818,582.922,30216389.39012,0
1630912500000,51835.01,51850.25,51750.23,51757.82,1692.637,1630913399999,87652693.03096,19190,826.704,42811755.04928,0
1630913400000,51757.81,51936.87,51757.81,51934.03,2319.709,1630914299999,120280850.26119,23339,1533.584,79522623.14501,0
1630914300000,51934.03,52035.65,51678.52,51824.80,7352.660,1630915199999,381137881.80139,56588,4066.668,210857110.07773,0
1630915200000,51824.79,51833.52,51666.62,51706.99,2921.982,1630916099999,151199614.65584,26107,1118.553,57882874.74820,0
1630916100000,51706.99,51744.22,51640.00,51723.62,2106.839,1630916999999,108904289.31203,24325,1084.985,56090008.94270,0
1630917000000,51723.62,51774.99,51690.00,51733.32,1331.422,1630917899999,68890641.44001,17161,759.703,39309726.01669,0
1630917900000,51733.12,51755.23,51680.55,51691.56,1200.692,1630918799999,62078299.03884,18261,559.094,28906918.14055,0
1630918800000,51691.55,51795.99,51648.20,51777.69,1667.059,1630919699999,86240585.63726,21995,985.656,50993426.80005,0
1630919700000,51777.69,51817.04,51725.00,51761.69,1855.552,1630920599999,96071550.06975,20015,824.787,42706407.17178,0
1630920600000,51761.68,51887.55,51734.42,51887.54,2207.018,1630921499999,114379783.99936,23361,1174.875,60888172.72060,0
1630921500000,51887.55,51887.55,51811.85,51843.22,1607.077,1630922399999,83316294.77913,19468,750.335,38899882.91526,0
1630922400000,51843.22,51856.71,51783.14,51828.13,1267.195,1630923299999,65658848.91066,18079,581.945,30154170.55638,0
1630923300000,51828.12,51828.13,51758.18,51796.36,1229.828,1630924199999,63683249.50543,16900,589.868,30544497.04300,0
1630924200000,51796.35,51851.73,51710.00,51789.87,1913.485,1630925099999,99091365.54725,19732,879.780,45570440.59361,0
1630925100000,51789.99,51822.00,51755.00,51818.43,1183.339,1630925999999,61282231.85075,13894,784.588,40634261.69795,0
1630926000000,51818.42,51985.00,51792.24,51960.00,4587.069,1630926899999,238070924.16489,38971,2903.745,150717032.27707,0
1630926900000,51959.99,52244.00,51631.55,51692.44,19274.421,1630927799999,1000156841.01528,140806,9953.876,516785966.64205,0
1630927800000,51692.44,51758.40,51250.00,51511.38,15051.833,1630928699999,775511627.08986,109360,7173.202,369622285.35574,0
1630928700000,51511.38,51596.00,51334.01,51444.39,6753.552,1630929599999,347556607.42815,58450,3405.426,175265997.65203,0
1630929600000,51444.40,51444.40,51040.00,51292.29,16532.976,1630930499999,846882042.39545,129457,7740.809,396546478.33963,0
1630930500000,51292.29,51445.90,51252.72,51370.72,5962.173,1630931399999,306291716.24358,53092,2927.420,150392967.89196,0
1630931400000,51370.71,51565.97,51350.00,51400.01,5114.253,1630932299999,263193963.52286,45896,2767.377,142439421.78884,0
1630932300000,51400.01,51424.43,51275.00,51394.91,2843.240,1630933199999,146015957.05870,32579,1338.685,68759174.71425,0
1630933200000,51394.91,51457.05,51323.21,51329.43,2442.067,1630934099999,125470523.17408,32184,1350.732,69401451.71645,0
1630934100000,51329.42,51380.13,51200.00,51272.53,3192.345,1630934999999,163703184.18605,36178,1524.002,78155262.59011,0
1630935000000,51272.54,51438.48,51236.16,51435.21,2673.874,1630935899999,137256401.02870,31795,1740.381,89341720.05400,0
1630935900000,51435.20,51536.71,51396.77,51500.01,3585.937,1630936799999,184612870.95152,37707,1851.565,95324300.63886,0
1630936800000,51500.01,51706.92,51460.88,51685.93,5077.785,1630937699999,262013059.06039,51967,3011.087,155387202.77617,0
1630937700000,51685.93,51750.87,51630.00,51655.00,4648.864,1630938599999,240310860.16302,44783,1990.351,102902844.34296,0
1630938600000,51655.00,51693.79,51545.27,51591.62,2873.106,1630939499999,148289762.34320,28745,1183.185,61071989.09137,0
1630939500000,51591.61,51735.55,51580.68,51727.57,2478.035,1630940399999,128057787.62455,27982,1478.156,76381287.32127,0
1630940400000,51725.15,51740.00,51655.00,51717.93,2128.874,1630941299999,110068701.66794,26920,1029.852,53247857.89628,0
1630941300000,51717.94,51717.94,51600.00,51642.56,1872.766,1630942199999,96725065.98315,24699,796.140,41121920.74156,0
1630942200000,51642.56,51711.30,51580.00,51699.48,1818.243,1630943099999,93889956.61287,22717,1046.997,54070729.02330,0
1630943100000,51699.47,51720.00,51593.58,51631.84,1353.612,1630943999999,69932185.04224,18477,617.557,31906589.19712,0
1630944000000,51631.84,51775.00,51501.58,51564.18,4591.193,1630944899999,236961602.60248,40649,2266.431,116995493.89635,0
1630944900000,51564.19,51682.42,51546.10,51644.50,2076.414,1630945799999,107191209.75224,24121,1270.839,65608942.02199,0
1630945800000,51644.50,51720.00,51629.67,51636.66,1384.642,1630946699999,71557343.73219,19869,731.139,37787272.21186,0
1630946700000,51636.67,51682.14,51520.00,51597.19,1806.001,1630947599999,93165682.44951,21728,871.374,44954320.75291,0
1630947600000,51597.19,51685.24,51555.28,51655.07,1232.519,1630948499999,63633670.05624,17219,584.077,30153229.07422,0
1630948500000,51655.07,51741.11,51630.13,51679.04,1658.220,1630949399999,85714605.29548,19230,943.874,48793472.03957,0
1630949400000,51679.04,51734.00,51654.09,51709.60,830.198,1630950299999,42917731.35339,13836,429.001,22177809.45086,0
1630950300000,51709.61,51739.00,51645.35,51708.40,1051.511,1630951199999,54366997.35002,15618,547.958,28332585.10791,0
1630951200000,51708.39,51772.01,51657.27,51720.03,1434.409,1630952099999,74189546.47527,18473,614.222,31768915.41667,0
1630952100000,51720.03,51720.03,51628.06,51693.49,947.470,1630952999999,48956447.05678,15763,462.063,23875340.18143,0
1630953000000,51693.49,51800.61,51675.00,51731.99,1918.654,1630953899999,99291352.19000,19841,1146.109,59315970.45752,0
1630953900000,51731.99,51917.00,51714.74,51857.69,3592.128,1630954799999,186147780.25424,31791,1918.449,99438794.07948,0
1630954800000,51856.61,52078.73,51800.99,52065.14,5480.314,1630955699999,284669055.25735,48691,3043.292,158104142.04750,0
1630955700000,52065.14,52087.99,51940.99,52004.43,3287.034,1630956599999,170921911.90209,33439,1389.788,72272231.13049,0
1630956600000,52004.42,52029.60,51729.04,51796.56,4206.458,1630957499999,218154885.80911,37865,1597.462,82854104.42950,0
1630957500000,51796.55,51820.49,51722.43,51756.43,1590.786,1630958399999,82361163.83800,20086,669.171,34651934.28746,0
1630958400000,51756.43,51812.39,51669.48,51725.76,1919.526,1630959299999,99281764.05438,23468,868.676,44933910.33287,0
1630959300000,51723.80,51980.88,51673.01,51855.99,3420.634,1630960199999,177371832.08966,32155,1988.618,103111395.31438,0
1630960200000,51855.99,51950.00,51851.62,51910.92,1318.124,1630961099999,68429831.02411,18173,641.083,33281370.27232,0
1630961100000,51910.92,51999.00,51878.26,51945.95,1473.184,1630961999999,76516917.79146,18910,700.462,36384580.43491,0
1630962000000,51945.95,52000.00,51926.30,51969.39,1628.902,1630962899999,84647369.33757,20294,808.457,42012613.34604,0
1630962900000,51969.39,52000.00,51867.10,51883.28,1296.865,1630963799999,67340908.61476,18451,617.543,32069133.19001,0
1630963800000,51883.28,52219.47,51879.15,52118.39,4341.985,1630964699999,226054048.08571,40949,2869.435,149383908.59139,0
1630964700000,52118.39,52178.15,52042.69,52134.71,2486.895,1630965599999,129592387.97460,27111,1150.451,59956687.71894,0
1630965600000,52135.65,52539.00,52100.70,52302.24,10304.811,1630966499999,539338146.12917,82572,6001.318,314180767.15202,0
1630966500000,52302.24,52673.46,52301.69,52532.68,8668.999,1630967399999,455092305.30817,68173,4672.960,245375090.32390,0
1630967400000,52532.67,52680.00,52463.04,52542.94,5466.272,1630968299999,287320720.72613,47492,2416.435,127032062.06081,0
1630968300000,52542.94,52629.13,52461.52,52619.61,2799.664,1630969199999,147083203.73331,28041,1549.511,81415999.41879,0
1630969200000,52619.62,52770.00,52360.00,52471.37,5906.298,1630970099999,310202403.16436,50248,2883.434,151508523.09864,0
1630970100000,52471.37,52625.95,52412.54,52568.60,2579.995,1630970999999,135496096.96811,26242,1557.217,81789567.74874,0
1630971000000,52568.60,52830.00,52540.00,52663.37,4853.131,1630971899999,255744055.53171,44269,2669.706,140706534.43463,0
1630971900000,52663.38,52750.00,52629.81,52683.97,1936.141,1630972799999,101971856.01575,21991,1001.435,52746061.63681,0
1630972800000,52683.98,52784.75,52561.60,52666.84,3787.028,1630973699999,199558532.28773,36662,1840.931,97024372.08382,0
1630973700000,52666.85,52698.85,52453.87,52491.45,3547.781,1630974599999,186430489.56182,33758,1588.893,83489138.08923,0
1630974600000,52491.46,52558.47,52388.00,52414.59,3503.812,1630975499999,183799821.88234,30817,1255.842,65888425.71229,0
1630975500000,52418.05,52576.46,52400.00,52521.19,2317.086,1630976399999,121649913.56116,24723,1291.449,67802875.36691,0
1630976400000,52521.19,52666.00,52470.47,52631.17,1895.226,1630977299999,99601979.68094,22346,1090.265,57305928.96282,0
1630977300000,52631.18,52720.85,52580.68,52584.46,2067.661,1630978199999,108831739.24464,24800,957.353,50397283.70649,0
1630978200000,52584.46,52600.00,52518.72,52542.04,1329.120,1630979099999,69864621.87427,18811,510.230,26821474.30565,0
1630979100000,52542.04,52595.75,52457.00,52530.00,1381.908,1630979999999,72565257.43924,19141,702.200,36874087.23263,0
1630980000000,52529.99,52673.00,52526.02,52666.01,1646.087,1630980899999,86584221.42307,21781,933.802,49118034.63730,0
1630980900000,52666.01,52692.00,52614.77,52669.88,1448.453,1630981799999,76267831.27239,21027,766.617,40369159.52897,0
1630981800000,52669.88,52808.28,52667.60,52747.12,3065.284,1630982699999,161675626.72810,33203,1775.929,93675042.29683,0
1630982700000,52745.30,52875.00,52629.99,52710.07,3893.894,1630983599999,205375131.56919,34175,1893.688,99901953.28435,0
1630983600000,52710.06,52905.73,52709.18,52793.36,3238.202,1630984499999,171051308.62840,32473,1903.014,100542980.32009,0
1630984500000,52793.35,52950.00,52703.75,52710.40,4036.554,1630985399999,213276844.21161,36297,1871.598,98930207.15974,0
1630985400000,52710.40,52784.50,52640.97,52645.97,2172.134,1630986299999,114482412.28999,24230,1018.512,53687740.60409,0
1630986300000,52645.97,52719.92,52641.36,52680.90,1432.171,1630987199999,75439105.59836,19967,807.653,42544681.54337,0
1630987200000,52680.90,52715.00,52541.03,52672.89,2534.365,1630988099999,133390470.63377,27313,1258.519,66247127.12628,0
1630988100000,52672.89,52709.48,52560.00,52586.23,1607.917,1630988999999,84607427.83635,19236,767.817,40404382.12465,0
1630989000000,52586.20,52672.77,52571.00,52668.83,1374.248,1630989899999,72320752.72993,17620,745.556,39236385.59750,0
1630989900000,52668.84,52715.00,52520.00,52550.61,2330.556,1630990799999,122583764.97157,23744,1094.478,57573830.25119,0
1630990800000,52550.61,52568.86,52416.08,52524.99,4057.461,1630991699999,212942066.48737,34687,1807.539,94868686.02188,0
1630991700000,52525.00,52638.18,52471.76,52604.24,2180.712,1630992599999,114641899.53452,23452,1426.573,74999564.85878,0
1630992600000,52604.23,52668.05,52537.00,52641.44,1723.128,1630993499999,90637747.96322,19183,1015.196,53403862.92196,0
1630993500000,52641.45,52776.83,52625.42,52686.58,3161.891,1630994399999,166620029.63846,27767,1651.151,87013045.01505,0
1630994400000,52686.58,52700.00,52637.02,52652.99,1102.293,1630995299999,58058477.12135,16308,420.482,22147322.67997,0
1630995300000,52652.98,52654.84,52580.00,52590.14,1098.976,1630996199999,57820070.24299,16857,470.350,24745950.80613,0
1630996200000,52590.14,52700.00,52555.67,52589.46,1731.404,1630997099999,91121761.01039,22921,965.589,50821730.58555,0
1630997100000,52589.47,52609.54,52380.08,52380.91,4092.335,1630997999999,214802221.38086,41618,1762.365,92514631.67317,0
1630998000000,52380.91,52480.62,52128.00,52239.31,9112.372,1630998899999,476433914.98289,81158,4048.477,211726711.77786,0
1630998900000,52239.30,52362.87,52112.31,52353.41,4996.637,1630999799999,261159390.10438,51124,2849.117,148917431.84463,0
1630999800000,52352.23,52443.22,52250.37,52389.09,2905.252,1631000699999,152162638.40936,35170,1606.331,84139427.17981,0
1631000700000,52390.81,52498.00,52291.13,52379.52,2839.970,1631001599999,148793672.04034,30386,1303.135,68279091.24820,0
1631001600000,52379.51,52397.46,52163.00,52167.16,3949.006,1631002499999,206436131.69541,39721,1763.844,92217573.88297,0
1631002500000,52167.16,52273.65,51431.34,51581.39,18260.510,1631003399999,948329892.51444,131338,7431.623,386089430.73476,0
1631003400000,51581.39,51736.37,51222.00,51327.11,27190.240,1631004299999,1399157078.76000,192846,14169.890,729260227.99260,0
1631004300000,51327.11,51453.40,51250.00,51250.00,9123.370,1631005199999,468629864.17735,77648,4239.893,217815151.71559,0
1631005200000,51250.00,51534.97,51170.00,51375.59,8235.907,1631006099999,423253628.45786,78261,4434.433,227945362.51832,0
1631006100000,51375.60,51475.77,51310.14,51330.01,3594.472,1631006999999,184698650.69325,42767,1860.696,95610871.46918,0
1631007000000,51330.00,51395.19,50500.00,50823.57,19391.011,1631007899999,988560324.82708,146444,7703.231,392959749.92677,0
1631007900000,50818.56,51070.00,50762.05,50936.16,11304.499,1631008799999,576015123.32177,110877,5902.696,300795846.71973,0
1631008800000,50935.48,51161.35,50902.55,51080.02,5942.919,1631009699999,303470457.48347,62026,3121.967,159423625.95399,0
1631009700000,51080.02,51086.07,50881.00,51072.88,4381.382,1631010599999,223364350.21013,49587,2180.837,111189710.91535,0
1631010600000,51072.88,51333.00,51015.71,51259.99,6082.743,1631011499999,311258899.86010,60983,3458.923,177008637.15825,0
1631011500000,51260.00,51303.37,51135.86,51179.46,3812.436,1631012399999,195314948.14838,41473,1693.102,86753689.24758,0
1631012400000,51179.46,51252.35,51102.53,51163.44,2982.420,1631013299999,152586870.80532,37537,1525.473,78059936.26193,0
1631013300000,51163.45,51279.01,51039.57,51259.98,4043.475,1631014199999,206782911.75079,41511,2030.860,103887394.98500,0
1631014200000,51259.99,51260.00,51011.00,51098.70,2843.805,1631015099999,145403716.10396,31631,1283.711,65639767.00995,0
1631015100000,51098.71,51117.00,50966.00,50989.36,2679.215,1631015999999,136749667.34596,34762,1213.328,61939047.40683,0
1631016000000,50989.37,51176.25,50938.25,50992.85,4044.593,1631016899999,206561432.57647,40672,1991.031,101699592.57648,0
1631016900000,50992.84,51085.22,50771.29,50787.80,5189.875,1631017799999,264167613.45819,57280,2352.729,119772329.89589,0
1631017800000,50787.80,51050.00,50700.24,50900.47,5601.619,1631018699999,285004085.76799,62830,2956.269,150447182.70504,0
1631018700000,50900.48,51124.29,50892.17,51033.94,2459.805,1631019599999,125578595.92034,32937,1258.611,64257899.01502,0
1631019600000,51033.95,51085.25,50930.04,50973.33,2774.668,1631020499999,141534620.72113,37666,1221.862,62326235.90804,0
1631020500000,50973.34,51129.00,50939.48,51107.30,2208.227,1631021399999,112771654.63007,30679,1185.786,60553801.76034,0
1631021400000,51107.30,51118.61,50853.00,50895.14,4256.410,1631022299999,216915088.60279,41569,1781.154,90758582.03490,0
1631022300000,50895.15,50919.30,50600.00,50648.47,6866.749,1631023199999,348507464.94893,60545,2821.022,143192456.43551,0
1631023200000,50648.47,50849.10,50403.13,50550.00,13872.553,1631024099999,702438003.14852,111051,6702.243,339426189.14768,0
1631024100000,50550.01,50604.33,49709.43,50224.41,29424.186,1631024999999,1477632339.33347,216761,12893.373,647902164.39555,0
1631025000000,50224.41,50299.92,49843.00,49873.58,15992.622,1631025899999,800785278.36212,159685,7706.734,386005499.11291,0
1631025900000,49873.58,49910.51,46623.09,47333.32,57227.969,1631026799999,2800480310.27599,411532,22682.727,1112034059.17589,0
1631026800000,47367.35,48166.56,42088.00,45685.49,78363.249,1631027699999,3604522894.84281,687139,36053.239,1661823169.99478,0
1631027700000,45685.50,47399.99,45149.06,46528.42,37263.335,1631028599999,1736004035.74999,301035,18777.134,874957435.22635,0
1631028600000,46528.42,47666.66,46340.88,47334.00,24188.741,1631029499999,1137095463.10263,190298,12301.716,578432632.28061,0
1631029500000,47334.01,47350.00,46125.00,46644.00,31289.675,1631030399999,1461813265.49060,232493,13775.695,643616926.53965,0
1631030400000,46640.55,47256.14,46300.00,47006.49,20185.491,1631031299999,944543475.96199,155689,10201.368,477554517.34894,0
1631031300000,47006.48,47249.50,46726.49,46981.14,10228.102,1631032199999,480810540.71679,91956,4833.590,227260758.50367,0
1631032200000,46984.57,47380.00,46850.53,47348.45,9905.711,1631033099999,466607801.73597,84754,5604.733,264084692.45067,0
1631033100000,47348.45,47546.75,47262.74,47432.28,9911.503,1631033999999,469976373.15132,86840,4787.418,227034388.68515,0
1631034000000,47431.13,47488.27,47102.86,47291.09,8134.744,1631034899999,384835675.72476,75380,3849.232,182139729.10137,0
1631034900000,47291.09,47539.00,46600.00,46865.42,15036.421,1631035799999,707320552.98472,118284,6655.675,313240645.73393,0
1631035800000,46865.43,47083.93,46712.22,46824.42,8099.053,1631036699999,379771627.59733,72842,4226.967,198207022.54710,0
1631036700000,46824.41,46944.27,46608.20,46628.16,6679.787,1631037599999,312376146.83440,61424,3485.495,163013022.32730,0
1631037600000,46628.16,46867.38,46384.78,46483.03,8897.806,1631038499999,414925836.95835,78940,3789.783,176860215.14776,0
1631038500000,46483.03,46828.15,45943.97,46770.00,13789.358,1631039399999,639052690.07050,123206,6992.925,324284887.37305,0
1631039400000,46770.00,47289.00,46549.90,47199.38,12300.882,1631040299999,578616627.37413,102791,6957.903,327363374.66633,0
1631040300000,47199.38,47383.75,46827.44,46931.86,6936.873,1631041199999,326649901.16754,63638,3242.659,152756344.84722,0
1631041200000,46931.86,47073.78,46784.00,47037.15,4404.034,1631042099999,206696331.63448,44695,2345.397,110093919.34694,0
1631042100000,47037.16,47257.26,46984.13,47045.25,3742.837,1631042999999,176379886.63747,41465,1753.914,82656744.28701,0
1631043000000,47045.25,47073.94,46725.94,46928.05,3581.236,1631043899999,167867852.73403,40048,1736.478,81402029.34441,0
1631043900000,46928.05,47095.52,46498.76,46713.14,5306.121,1631044799999,248368905.60508,50366,2439.644,114242426.00206,0
1631044800000,46713.13,46942.10,46638.43,46764.48,4142.313,1631045699999,193748379.77885,42135,1991.218,93162975.18035,0
1631045700000,46766.18,47150.11,46657.82,46894.56,5833.763,1631046599999,274011934.79835,55606,2957.871,138919007.28605,0
1631046600000,46893.52,46911.27,46324.83,46395.95,8562.882,1631047499999,399073324.16998,71793,3852.050,179584042.51142,0
1631047500000,46395.95,46996.51,46280.00,46806.32,8947.005,1631048399999,417442252.47523,70888,5319.665,248192763.55681,0
1631048400000,46806.33,46972.52,46633.00,46633.01,3113.771,1631049299999,145770359.95629,35402,1269.160,59422532.79804,0
1631049300000,46633.00,46644.97,46105.96,46200.01,7370.691,1631050199999,341793415.03313,66429,3164.118,146754718.10290,0
1631050200000,46200.00,46564.81,46163.73,46250.00,5061.365,1631051099999,234608223.78165,46728,2608.430,120930653.02995,0
1631051100000,46250.00,46682.94,46250.00,46568.68,3773.221,1631051999999,175255717.63568,37440,2108.480,97976874.67854,0
1631052000000,46566.33,46760.06,46328.75,46652.41,3550.167,1631052899999,165313522.26035,39381,1737.003,80877429.24082,0
1631052900000,46652.41,46982.84,46550.00,46904.61,4665.327,1631053799999,218443492.48464,45408,2471.211,115708520.27806,0
1631053800000,46904.61,46969.15,46735.91,46859.99,2875.333,1631054699999,134703882.29338,33895,1213.606,56869104.33354,0
1631054700000,46860.00,46897.58,46680.01,46786.02,2013.977,1631055599999,94238693.23170,26404,963.039,45064095.07636,0
1631055600000,46786.02,46795.92,46461.01,46558.95,2441.792,1631056499999,113787929.86975,31437,1035.337,48250428.68828,0
1631056500000,46558.95,47193.13,46558.95,47078.31,4735.800,1631057399999,222216229.22351,44218,2748.774,128960584.30224,0
1631057400000,47078.30,47178.91,46681.02,46834.98,3481.277,1631058299999,163180914.08917,37175,1743.780,81706536.25130,0
1631058300000,46834.93,47055.65,46678.64,46864.39,3977.892,1631059199999,186303289.60964,40718,2072.870,97082388.51561,0
1631059200000,46864.38,46993.91,46427.92,46678.23,7086.209,1631060099999,330901812.05129,61073,3478.207,162376154.39130,0
1631060100000,46678.24,46910.00,46550.00,46868.12,2597.516,1631060999999,121355504.83835,33229,1339.211,62594096.50279,0
1631061000000,46868.13,47100.00,46868.13,47049.02,4060.432,1631061899999,190815427.07899,41667,2247.334,105620983.89739,0
1631061900000,47049.02,47116.68,46958.67,47040.28,2534.201,1631062799999,119200248.32565,28036,1344.632,63260892.34092,0
1631062800000,47040.25,47098.46,46740.39,46777.09,2819.858,1631063699999,132229691.30543,31628,1202.950,56403431.75703,0
1631063700000,46773.84,46912.03,46710.92,46850.70,1754.137,1631064599999,82137169.18328,23825,970.736,45460137.19501,0
1631064600000,46850.70,47097.00,46841.95,47064.01,2519.644,1631065499999,118360105.65560,29156,1462.583,68707527.99814,0
1631065500000,47064.00,47206.73,46934.62,47192.00,2678.730,1631066399999,126086212.52901,29408,1435.177,67571895.06917,0
1631066400000,47191.99,47300.16,47127.02,47290.71,3233.257,1631067299999,152667897.33170,33325,1688.479,79746535.15298,0
1631067300000,47290.71,47347.00,47171.81,47312.62,2782.024,1631068199999,131476704.74848,29143,1282.210,60609572.15415,0
1631068200000,47312.61,47312.62,47078.88,47137.10,2469.480,1631069099999,116423092.43068,26267,966.510,45564045.34758,0
1631069100000,47136.56,47214.85,47050.01,47060.14,1630.325,1631069999999,76803480.57519,20227,773.227,36429470.95704,0
1631070000000,47060.14,47127.00,46792.38,46853.83,3226.162,1631070899999,151503940.26685,32377,1172.795,55088080.13973,0
1631070900000,46853.83,46912.33,46236.72,46344.75,8052.315,1631071799999,374428166.87447,71847,3578.041,166356599.26619,0
1631071800000,46344.74,46521.11,46240.35,46505.55,4265.494,1631072699999,197966981.26448,41964,2324.118,107879298.23640,0
1631072700000,46505.55,46617.51,46366.75,46461.52,2752.915,1631073599999,127984327.29253,31736,1341.249,62365014.37232,0
1631073600000,46461.53,46787.44,46310.21,46657.88,4398.663,1631074499999,204765317.78783,44378,2421.508,112764141.27654,0
1631074500000,46657.88,46839.36,46625.17,46766.38,3000.977,1631075399999,140254556.59003,30256,1653.261,77281536.46233,0
1631075400000,46766.39,46800.00,46682.56,46753.78,1391.576,1631076299999,65049370.18330,21917,667.177,31189849.90604,0
1631076300000,46753.77,46787.10,46407.19,46444.13,2911.216,1631077199999,135592346.44982,32546,1143.949,53281659.47767,0
1631077200000,46444.13,46516.03,46339.02,46480.58,3136.779,1631078099999,145654326.93138,36523,1729.360,80313261.35021,0
1631078100000,46480.55,46695.94,46392.22,46639.46,2569.228,1631078999999,119627598.66347,30712,1392.021,64805966.74984,0
1631079000000,46639.46,46714.10,46234.01,46318.76,4572.353,1631079899999,212264785.25532,42104,1830.203,85007992.26336,0
1631079900000,46319.69,46429.23,46049.32,46101.93,5728.183,1631080799999,264795181.18137,54247,2315.223,107084914.54331,0
1631080800000,46101.93,46404.15,45800.00,45858.28,6082.573,1631081699999,280748306.26187,58357,2387.196,110339545.76920,0
1631081700000,45809.57,46156.87,45333.73,45509.52,17806.802,1631082599999,813381171.77639,144314,7904.119,361123059.16927,0
1631082600000,45509.53,45945.34,45255.35,45343.37,12633.517,1631083499999,575776309.80059,112367,6564.382,299317200.73160,0
1631083500000,45344.87,45486.10,45030.00,45185.65,11732.890,1631084399999,530706597.78090,111104,5675.899,256790642.17306,0
1631084400000,45185.65,45549.10,45179.23,45374.94,7127.201,1631085299999,323821926.66758,68177,3747.048,170254457.67246,0
1631085300000,45374.93,45574.50,45263.93,45310.01,4681.348,1631086199999,212684294.16631,48224,2495.979,113409721.72437,0
1631086200000,45305.01,45494.89,45263.95,45328.57,3280.841,1631087099999,148907643.16223,39203,1743.686,79150359.06276,0
1631087100000,45328.57,45423.00,45065.00,45111.16,5959.432,1631087999999,269527875.75440,59222,2898.321,131105158.43168,0
1631088000000,45111.16,45381.34,44800.00,44996.79,8484.150,1631088899999,382909956.77609,79259,3607.794,163029450.70445,0
1631088900000,44996.78,45229.81,44431.00,45075.23,22046.810,1631089799999,986266526.26736,177757,10994.907,492096957.45637,0
1631089800000,45075.23,45800.00,45075.23,45723.03,16463.266,1631090699999,749747088.13158,137352,8675.502,395056797.70391,0
1631090700000,45723.04,46079.08,45657.00,45988.00,9278.197,1631091599999,425511792.99936,81118,5245.493,240649826.12298,0
1631091600000,45988.01,46192.50,45731.73,45802.99,6807.217,1631092499999,312481365.29159,66890,3190.568,146502767.98010,0
1631092500000,45803.00,46206.93,45802.99,46002.79,5506.951,1631093399999,253605894.01848,59856,3129.215,144086796.50982,0
1631093400000,46002.80,46143.60,45976.57,46108.60,2573.656,1631094299999,118556139.93749,31626,1275.771,58775915.17593,0
1631094300000,46108.60,46300.00,46060.94,46268.00,3763.741,1631095199999,173885610.66089,43151,2043.041,94408730.22571,0
1631095200000,46268.00,46300.00,46029.02,46150.92,4070.856,1631096099999,187829902.34990,41662,1670.399,77085320.99108,0
1631096100000,46150.92,46279.73,46049.65,46078.99,2435.015,1631096999999,112407440.56874,35021,1169.215,53983549.43449,0
1631097000000,46078.99,46183.34,45800.00,45999.39,5891.374,1631097899999,270769686.93102,57631,2485.846,114261806.60663,0
1631097900000,45999.38,46600.00,45998.96,46470.27,8662.546,1631098799999,401957120.27565,86016,5279.671,244966007.98722,0
1631098800000,46469.35,46800.00,46350.00,46568.88,6611.547,1631099699999,307864752.07461,67722,3699.111,172250541.23184,0
1631099700000,46568.88,46674.69,46469.78,46610.96,4271.690,1631100599999,198889504.75256,49141,2101.386,97860214.86982,0
1631100600000,46610.72,46700.00,46403.39,46475.05,3185.340,1631101499999,148181876.01833,35959,1426.474,66390377.77168,0
1631101500000,46475.05,46548.95,46367.35,46406.55,2201.912,1631102399999,102327469.14279,29638,954.037,44347027.38309,0
1631102400000,46406.56,46673.57,46401.02,46460.30,3074.007,1631103299999,143043572.03325,41859,1500.342,69815593.90990,0
1631103300000,46460.30,46645.78,46460.30,46620.51,1998.791,1631104199999,93074116.29178,29601,1029.635,47949552.92478,0
1631104200000,46619.94,46697.00,46453.91,46595.60,2571.231,1631105099999,119761133.69095,35535,1261.763,58770544.60384,0
1631105100000,46595.61,46605.00,46123.03,46262.95,7623.865,1631105999999,353205149.91921,72983,3051.651,141349260.30200,0
1631106000000,46263.00,46476.11,46262.99,46325.00,3834.306,1631106899999,177869427.31180,41555,2187.996,101501718.54397,0
1631106900000,46325.00,46648.48,45606.57,46544.83,14540.754,1631107799999,670738152.71165,128357,7016.815,323955934.73619,0
1631107800000,46544.84,46834.31,46355.00,46533.05,8289.111,1631108699999,386153794.65926,81230,4294.429,200118443.55430,0
1631108700000,46533.06,46547.35,46153.93,46343.19,6500.775,1631109599999,301116029.73247,60197,3189.467,147733747.94169,0
1631109600000,46343.19,46399.13,46070.00,46211.78,4168.286,1631110499999,192547774.97635,51745,1975.400,91261316.16336,0
1631110500000,46211.78,46317.38,46136.00,46283.63,2966.151,1631111399999,137128411.40412,35163,1639.818,75819395.91873,0
1631111400000,46283.63,46346.78,45770.21,45833.78,5717.133,1631112299999,263115933.29328,61812,2455.546,112978486.66387,0
1631112300000,45833.78,45945.34,45661.81,45850.01,7171.206,1631113199999,328561082.33156,73687,3826.215,175333782.69067,0
1631113200000,45850.00,46233.40,45773.15,46197.58,6384.319,1631114099999,293673465.13516,64618,3513.884,161705533.19296,0
1631114100000,46196.98,46459.35,46037.66,46100.01,6084.030,1631114999999,281197527.19132,53204,2813.871,130113529.29708,0
1631115000000,46100.01,46295.97,46090.19,46242.74,2258.922,1631115899999,104391327.71544,27109,1181.527,54603401.80545,0
1631115900000,46242.73,46246.49,45882.95,46099.44,3413.376,1631116799999,157137093.63512,34716,1514.893,69732959.68098,0
1631116800000,46099.44,46140.00,45888.00,46077.01,4238.672,1631117699999,195008476.02101,39941,2231.174,102647808.92241,0
1631117700000,46077.00,46280.00,46055.00,46275.22,3258.455,1631118599999,150520552.86152,32293,1652.958,76357996.69722,0
1631118600000,46275.21,46524.53,46227.03,46453.11,4478.999,1631119499999,207797835.90481,44701,2414.986,112041209.48070,0
1631119500000,46453.10,46548.00,46361.06,46433.88,3220.891,1631120399999,149603087.44755,30191,1563.292,72621799.99755,0
1631120400000,46433.88,46444.88,46330.38,46347.11,1680.176,1631121299999,77916761.00269,20876,844.155,39151269.62494,0
1631121300000,46347.11,46414.68,46152.60,46174.29,2616.710,1631122199999,121041462.14727,26714,864.555,40003637.46784,0
1631122200000,46174.30,46222.45,46000.00,46146.56,3581.750,1631123099999,165043654.59876,35183,1818.152,83774487.52053,0
1631123100000,46146.55,46289.00,46124.85,46218.60,2347.694,1631123999999,108483941.64628,25659,1136.311,52505005.36080,0
1631124000000,46218.63,46373.58,46105.08,46253.63,1767.815,1631124899999,81767047.15456,22797,915.777,42363394.92710,0
1631124900000,46253.63,46427.72,46161.00,46308.80,2354.722,1631125799999,109041667.83230,25905,1148.429,53180983.55958,0
1631125800000,46308.81,46414.99,46270.66,46305.08,1310.991,1631126699999,60739937.13699,19778,667.490,30925254.40434,0
1631126700000,46305.07,46512.20,46249.75,46508.56,1599.822,1631127599999,74192828.01318,22611,953.963,44256033.15077,0
1631127600000,46508.57,46520.00,46320.68,46427.73,1757.122,1631128499999,81541054.13436,23514,832.781,38649232.34464,0
1631128500000,46427.73,46513.00,46339.37,46400.96,1605.647,1631129399999,74547588.90461,21281,728.013,33805652.11661,0
1631129400000,46400.96,46432.73,46261.00,46374.87,1561.053,1631130299999,72314398.85932,19484,839.259,38880376.42023,0
1631130300000,46373.12,46484.22,46283.84,46454.12,1719.538,1631131199999,79743274.03770,19295,951.491,44128720.14214,0
1631131200000,46454.12,46454.13,45834.08,45938.15,5285.376,1631132099999,243565159.72811,52143,2142.703,98726068.97676,0
1631132100000,45937.77,46172.56,45934.56,46040.31,3305.811,1631132999999,152236529.03246,32932,1857.408,85532444.19565,0
1631133000000,46044.42,46101.22,45950.75,45998.43,1727.065,1631133899999,79502076.02102,19854,767.817,35347458.84979,0
1631133900000,45998.44,46136.49,45915.06,46051.70,1855.650,1631134799999,85442614.79705,20692,1122.905,51713149.36872,0
1631134800000,46051.71,46276.67,46017.96,46256.79,1944.034,1631135699999,89777428.54476,22741,1095.252,50583020.82828,0
1631135700000,46253.76,46255.39,46046.32,46140.76,1884.629,1631136599999,86923439.35552,18769,584.886,26982003.22576,0
1631136600000,46140.76,46295.90,46113.90,46141.75,1557.184,1631137499999,71961246.35224,16346,929.466,42954629.47146,0
1631137500000,46141.75,46148.48,45934.91,46055.19,1849.077,1631138399999,85151026.81031,20343,738.896,34030145.75855,0
1631138400000,46055.18,46357.76,45980.00,46325.64,2843.839,1631139299999,131405186.01124,26744,1552.077,71734193.81155,0
1631139300000,46325.65,46744.15,46325.64,46700.63,6271.496,1631140199999,292233031.47959,54202,3608.768,168161411.86930,0
1631140200000,46700.64,46804.12,46547.74,46724.07,3040.256,1631141099999,141889652.27706,29605,1554.456,72569846.78177,0
1631141100000,46726.06,46808.99,46553.59,46604.02,2367.243,1631141999999,110459816.08091,25045,951.054,44388916.58250,0
1631142000000,46604.03,46675.79,46375.91,46412.65,3904.181,1631142899999,181524353.25102,32541,1560.992,72575159.90102,0
1631142900000,46407.41,46462.96,46254.10,46341.95,1980.847,1631143799999,91821239.60575,21495,956.517,44342935.24314,0
1631143800000,46341.95,46356.24,46123.68,46133.12,2364.605,1631144699999,109336666.31596,24295,1035.589,47892055.72615,0
1631144700000,46133.12,46158.12,45969.42,46062.29,4194.852,1631145599999,193177958.96327,33210,2184.724,100615473.78438,0
1631145600000,46060.02,46250.00,45865.90,46015.00,5255.710,1631146499999,242130628.39345,43553,2515.697,115938964.46839,0
1631146500000,46020.00,46115.93,45905.86,45975.30,2280.163,1631147399999,104897646.96276,25309,1142.734,52575470.55025,0
1631147400000,45975.31,46386.25,45920.10,46107.82,5107.160,1631148299999,235880254.40619,42729,2975.364,137431050.64196,0
1631148300000,46107.83,46381.73,46041.91,46352.01,2814.321,1631149199999,130110269.14196,31541,1577.244,72925963.91884,0
1631149200000,46352.01,46374.62,46127.80,46127.81,2060.541,1631150099999,95303099.77631,24409,891.347,41236292.08900,0
1631150100000,46127.81,46158.96,45972.79,46137.33,2809.766,1631150999999,129415809.20380,28094,1395.410,64273205.59332,0
1631151000000,46137.34,46147.21,45912.81,46024.86,1826.943,1631151899999,84046187.15488,24710,714.111,32854082.25953,0
1631151900000,46024.85,46172.56,45952.00,46110.10,1802.780,1631152799999,83036317.65942,21465,944.168,43489726.81552,0
1631152800000,46110.10,46271.35,46110.08,46230.90,2058.054,1631153699999,95120529.46249,25000,954.479,44114819.49178,0
1631153700000,46230.90,46274.72,45880.00,45986.99,3028.417,1631154599999,139447579.73071,31945,1051.899,48440963.93492,0
1631154600000,45983.03,45985.50,45700.80,45835.00,5602.198,1631155499999,256684364.23178,50824,2354.763,107906116.19559,0
1631155500000,45834.99,45966.04,45740.00,45755.10,2377.265,1631156399999,109014561.55320,26673,1148.216,52660905.99229,0
1631156400000,45755.09,46084.39,45500.00,45813.21,8105.545,1631157299999,371437613.78404,64302,3834.263,175798398.96991,0
1631157300000,45813.21,46066.77,45802.61,45958.71,3949.250,1631158199999,181478623.30944,34952,1878.487,86327099.88191,0
1631158200000,45958.71,46066.00,45875.21,46040.30,1670.491,1631159099999,76822221.65580,24290,844.634,38845818.56438,0
1631159100000,46040.30,46080.00,45868.17,46013.55,1757.840,1631159999999,80827631.83581,24232,776.727,35718181.98467,0
1631160000000,46013.55,46177.21,45935.16,46151.31,2733.843,1631160899999,126003604.82929,31232,1503.293,69293715.19608,0
1631160900000,46151.32,46240.28,46120.02,46145.18,1853.424,1631161799999,85583993.20882,25200,1051.844,48578616.28975,0
1631161800000,46145.18,46222.71,46016.63,46186.60,2376.266,1631162699999,109551148.56372,25518,1170.622,53980115.79663,0
1631162700000,46186.59,46331.61,46148.27,46175.70,2689.302,1631163599999,124363193.10831,30417,1345.256,62220332.99752,0
1631163600000,46175.71,46189.85,46065.51,46182.55,1851.630,1631164499999,85395450.69511,22104,947.144,43685136.00440,0
1631164500000,46182.54,46340.00,46168.40,46208.73,2259.032,1631165399999,104526717.91831,26101,1140.379,52771019.23748,0
1631165400000,46208.74,46296.49,46134.52,46266.45,1778.389,1631166299999,82191430.11833,21789,907.054,41921414.32344,0
1631166300000,46266.44,46340.26,46230.01,46312.97,1403.369,1631167199999,64975038.45361,19888,611.354,28306602.30710,0
1631167200000,46312.98,46371.95,46220.00,46264.53,1916.469,1631168099999,88718765.11970,24721,949.613,43969984.20097,0
1631168100000,46264.52,46264.53,46034.25,46044.52,2228.369,1631168999999,102835849.93309,25224,829.778,38299437.12416,0
1631169000000,46044.51,46235.90,46040.36,46174.00,1883.762,1631169899999,86915922.24991,23023,1127.058,52002217.51762,0
1631169900000,46174.00,46224.42,46102.00,46155.86,1140.414,1631170799999,52643487.34136,16782,599.339,27666064.33066,0
1631170800000,46155.03,46155.03,45890.00,46044.44,4115.813,1631171699999,189428570.69446,41187,1869.030,86027457.07393,0
1631171700000,46043.52,46268.68,46042.12,46218.98,2612.840,1631172599999,120720333.36645,27640,1317.955,60885945.78627,0
1631172600000,46218.07,46246.07,46111.01,46159.45,1259.931,1631173499999,58174318.34457,17646,663.107,30620699.49624,0
1631173500000,46159.45,46317.69,46070.51,46271.64,2884.100,1631174399999,133296368.05720,26714,1417.133,65492657.19955,0
1631174400000,46271.64,46494.00,46207.40,46485.56,4754.377,1631175299999,220407765.80012,46551,2673.391,123957766.91946,0
1631175300000,46485.56,46546.08,46332.68,46454.00,4022.893,1631176199999,186828773.92970,44245,2006.641,93197447.04569,0
1631176200000,46454.01,46462.14,46362.56,46375.61,1996.491,1631177099999,92642591.13618,25428,899.129,41723242.66349,0
1631177100000,46375.60,46375.61,46152.62,46278.68,3577.431,1631177999999,165487745.08937,35495,1646.474,76162791.34051,0
1631178000000,46278.67,46385.12,46211.70,46370.52,1632.139,1631178899999,75602928.13566,22931,929.569,43059856.97838,0
1631178900000,46370.51,46389.97,46236.48,46307.16,1397.075,1631179799999,64690516.56174,19783,522.998,24217083.43898,0
1631179800000,46307.16,46342.51,46229.38,46269.52,1296.834,1631180699999,60013223.78868,18477,551.139,25505067.36923,0
1631180700000,46269.97,46400.00,46110.00,46165.91,3825.745,1631181599999,176925061.38291,32373,1864.612,86255888.42373,0
1631181600000,46165.91,46191.81,45985.21,46140.00,4719.666,1631182499999,217527352.76582,42543,2329.322,107375840.59834,0
1631182500000,46139.99,46145.80,45924.09,46088.61,3929.582,1631183399999,180871651.96940,37415,2046.039,94191870.67447,0
1631183400000,46088.61,46171.02,45976.63,45997.00,2351.443,1631184299999,108326263.26505,26558,991.201,45662957.19003,0
1631184300000,45997.01,46177.00,45941.51,46160.75,2648.295,1631185199999,122052162.94489,27186,1408.798,64939349.91396,0
1631185200000,46160.75,46288.00,46090.00,46260.26,2450.592,1631186099999,113256519.66277,26299,1292.607,59742544.08016,0
1631186100000,46260.25,46334.43,46215.29,46307.09,2238.369,1631186999999,103597391.05726,24276,920.251,42595053.75564,0
1631187000000,46307.10,46390.00,46280.34,46385.65,2442.000,1631187899999,113159057.14572,25084,1326.421,61471012.33590,0
1631187900000,46388.10,46419.59,46252.44,46289.60,3214.918,1631188799999,148966178.43526,29191,1347.215,62437275.12983,0
1631188800000,46289.60,46550.00,46289.60,46310.01,4742.974,1631189699999,220183978.10458,45701,2582.034,119883027.63924,0
1631189700000,46310.01,46370.00,46015.60,46050.01,5660.856,1631190599999,261236583.42665,52398,2608.221,120363530.37247,0
1631190600000,46050.00,46050.01,45623.27,45756.71,13297.256,1631191499999,609130084.79244,105666,6430.589,294554416.32089,0
1631191500000,45756.70,46800.00,45719.47,46681.95,20279.405,1631192399999,940637243.26722,149816,10918.064,506316759.26678,0
1631192400000,46681.95,47145.49,46669.12,46894.14,16550.376,1631193299999,777203766.00483,142661,8657.744,406612661.39761,0
1631193300000,46894.14,47243.35,46890.00,47110.94,8032.030,1631194199999,378322238.43127,77696,4269.430,201122743.91333,0
1631194200000,47110.94,47167.45,46867.41,46964.00,5555.311,1631195099999,261171533.89299,54567,2395.976,112655130.42623,0
1631195100000,46964.00,46993.05,46843.84,46876.23,3911.143,1631195999999,183503939.23917,37610,1804.767,84690888.27125,0
1631196000000,46876.23,47181.59,46876.23,47073.88,4046.211,1631196899999,190380027.75938,39918,2324.957,109403649.50786,0
1631196900000,47073.28,47133.54,46960.00,46994.29,2367.490,1631197799999,111318816.88647,27063,1052.890,49510668.68635,0
1631197800000,46994.29,47060.61,46920.68,47011.04,1977.347,1631198699999,92900724.57291,25269,1150.047,54036070.94038,0
1631198700000,47011.04,47048.60,46901.00,46924.30,1528.828,1631199599999,71823216.12006,19468,769.997,36178511.25178,0
1631199600000,46924.31,47035.39,46682.00,46989.25,5150.850,1631200499999,241234196.97736,47916,2300.857,107800248.11539,0
1631200500000,46989.25,47049.00,46844.43,46873.36,2571.514,1631201399999,120690497.21443,30118,1329.050,62395619.09176,0
1631201400000,46873.37,46895.64,46759.49,46839.81,1734.114,1631202299999,81203146.29490,22955,767.170,35926409.02539,0
1631202300000,46839.81,47019.19,46820.77,46989.14,2159.300,1631203199999,101364207.74843,24786,1170.297,54932743.26938,0
1631203200000,46989.15,47032.38,46864.25,46913.00,2194.688,1631204099999,103032305.65780,26086,1064.157,49959039.46874,0
1631204100000,46913.01,47140.32,46851.92,47076.89,3560.498,1631204999999,167365499.29971,32457,2284.686,107410187.64240,0
1631205000000,47076.89,47226.00,47017.30,47134.88,3055.620,1631205899999,143998191.73622,33076,1650.439,77791213.61841,0
1631205900000,47134.88,47400.00,47061.12,47194.33,5233.240,1631206799999,247159907.00277,49046,2755.705,130199619.02613,0
1631206800000,47194.33,47256.14,47100.00,47160.55,2934.037,1631207699999,138366252.83791,28098,1249.207,58925901.54002,0
1631207700000,47159.64,47171.41,47011.25,47060.03,2243.634,1631208599999,105624439.21014,23729,1029.831,48479764.27332,0
1631208600000,47060.04,47064.59,46844.28,46890.01,2981.310,1631209499999,139934666.99426,32934,1279.533,60064857.47655,0
1631209500000,46890.00,46954.40,46762.27,46781.14,2772.869,1631210399999,129921730.61999,30527,1307.450,61277726.72281,0
1631210400000,46781.15,46843.41,46615.00,46673.21,3200.638,1631211299999,149613043.53792,35503,1342.629,62782550.71022,0
1631211300000,46673.21,46773.12,46500.00,46773.12,5463.875,1631212199999,254589525.79860,50308,2663.981,124169135.97390,0
1631212200000,46773.11,46838.55,46637.37,46639.70,3208.581,1631213099999,149917289.99554,33522,1536.880,71817258.55497,0
1631213100000,46639.71,46716.31,46560.13,46644.17,1704.379,1631213999999,79486043.33016,21592,855.977,39924930.77056,0
1631214000000,46644.16,46684.60,46513.48,46530.49,1747.406,1631214899999,81437004.55871,21898,725.255,33808831.48588,0
1631214900000,46530.50,46675.00,46505.50,46598.88,1855.545,1631215799999,86439494.57195,21956,1074.550,50064984.72476,0
1631215800000,46598.88,46732.69,46592.07,46695.25,1460.763,1631216699999,68159200.83951,18441,772.625,36052194.75444,0
1631216700000,46695.25,46695.26,46567.06,46593.21,1153.797,1631217599999,53789281.15604,15730,542.269,25278328.31814,0
1631217600000,46593.20,46659.17,46560.07,46620.67,739.911,1631218499999,34482342.84098,13641,360.044,16781095.13228,0
1631218500000,46620.67,46635.42,46053.22,46241.18,7515.512,1631219399999,348244161.18140,61988,2566.758,118901184.90373,0
1631219400000,46235.88,46361.31,46180.00,46318.38,3145.428,1631220299999,145580632.80947,30126,1745.662,80804329.33837,0
1631220300000,46318.37,46375.73,46237.18,46271.18,1791.869,1631221199999,82976170.79600,20498,995.994,46122622.37534,0
1631221200000,46271.17,46348.39,46235.00,46337.24,1501.454,1631222099999,69530579.75118,18094,794.284,36785583.61532,0
1631222100000,46337.24,46468.33,46311.00,46419.99,1523.480,1631222999999,70678770.48543,18958,905.565,42014939.58754,0
1631223000000,46420.00,46499.00,46409.90,46466.51,1131.061,1631223899999,52557228.48999,16606,546.149,25377945.31035,0
1631223900000,46466.51,46504.61,46358.13,46496.95,1209.025,1631224799999,56132865.51618,15977,609.911,28324468.03628,0
1631224800000,46496.95,46595.64,46380.00,46472.21,1730.731,1631225699999,80462531.22394,19389,767.691,35695880.67210,0
1631225700000,46472.21,46476.91,46276.91,46355.95,1931.947,1631226599999,89580112.09647,21928,864.070,40067097.17917,0
1631226600000,46355.95,46493.99,46289.01,46365.10,1575.861,1631227499999,73126107.90418,18834,899.639,41754580.18789,0
1631227500000,46365.11,46531.94,46365.00,46528.38,910.861,1631228399999,42325294.79606,14093,520.747,24199182.51657,0
1631228400000,46528.37,46635.00,46475.00,46605.04,1249.828,1631229299999,58198924.66343,17680,693.146,32280233.17316,0
1631229300000,46605.04,46660.65,46516.28,46569.40,1122.337,1631230199999,52275866.93213,15875,562.039,26183954.68362,0
1631230200000,46569.44,46576.48,46366.79,46494.11,2082.058,1631231099999,96709264.70288,21936,786.795,36542827.82291,0
1631231100000,46494.10,46494.11,46305.00,46413.88,1527.255,1631231999999,70825404.06066,18817,791.002,36684520.72748,0
1631232000000,46413.88,46511.85,46270.00,46324.05,2226.019,1631232899999,103281064.02775,24206,1030.777,47830588.43031,0
1631232900000,46324.05,46509.00,46314.68,46486.80,1569.613,1631233799999,72866646.32653,19138,897.052,41644592.37645,0
1631233800000,46486.80,46620.00,46444.20,46613.54,1355.291,1631234699999,63065124.29436,19365,755.830,35173377.66960,0
1631234700000,46613.54,46700.00,46575.21,46580.00,2001.517,1631235599999,93362572.44211,23728,849.828,39647230.43292,0
1631235600000,46579.71,46665.30,46569.54,46590.00,934.815,1631236499999,43575104.75354,15544,449.453,20950256.64621,0
1631236500000,46590.01,46798.60,46589.14,46776.00,2282.516,1631237399999,106629929.46462,24900,1294.410,60477021.51795,0
1631237400000,46775.96,47037.50,46718.84,46954.36,4440.218,1631238299999,208296710.27791,39386,2574.663,120781645.63348,0
1631238300000,46954.35,47007.59,46840.24,46900.27,2055.395,1631239199999,96454851.06865,22785,806.398,37849485.47100,0
1631239200000,46900.27,46908.20,46812.51,46823.89,1322.463,1631240099999,61954842.31920,17497,581.570,27247891.35991,0
1631240100000,46822.69,46943.00,46777.00,46914.30,1684.357,1631240999999,78898354.14630,19839,1044.652,48946205.87487,0
1631241000000,46914.30,46962.24,46756.78,46803.80,1486.447,1631241899999,69666423.79630,17843,681.194,31932591.86290,0
1631241900000,46803.80,46840.72,46667.67,46682.21,1578.811,1631242799999,73796627.01313,17911,623.281,29131929.12841,0
1631242800000,46682.22,46739.92,46527.68,46554.26,2112.339,1631243699999,98497598.32552,24746,944.921,44070018.76897,0
1631243700000,46554.25,46681.20,46482.44,46630.12,2260.222,1631244599999,105283644.86177,23562,1370.928,63868990.32205,0
1631244600000,46630.13,46705.00,46592.13,46630.00,1086.908,1631245499999,50702498.46718,14792,534.821,24951770.41826,0
1631245500000,46630.00,46736.77,46571.40,46732.16,907.734,1631246399999,42345801.14946,12559,539.960,25194660.41208,0
1631246400000,46732.16,46783.38,46660.00,46720.44,1160.048,1631247299999,54201857.49369,15781,592.955,27705580.31520,0
1631247300000,46720.45,46817.46,46678.42,46774.97,1018.678,1631248199999,47636737.79190,14164,501.301,23443805.25309,0
1631248200000,46774.98,46828.00,46713.00,46725.95,1157.701,1631249099999,54166666.71053,12050,453.477,21218531.59416,0
1631249100000,46725.94,46749.79,46549.46,46572.97,1552.429,1631249999999,72409833.32983,17620,616.736,28770696.78236,0
1631250000000,46572.96,46672.60,46330.00,46650.78,6473.558,1631250899999,300782147.07277,51936,3639.203,169109973.57649,0
1631250900000,46650.78,46781.49,46457.00,46480.00,2936.029,1631251799999,136809635.34663,31173,1275.441,59427406.77586,0
1631251800000,46481.08,46664.97,46416.00,46646.35,1586.040,1631252699999,73837113.51364,20056,763.171,35527264.91303,0
1631252700000,46646.35,46726.81,46588.62,46703.41,1180.115,1631253599999,55063633.85292,15840,579.618,27047451.69873,0
1631253600000,46703.42,46725.00,46606.00,46687.31,1148.682,1631254499999,53601101.63579,15612,484.381,22608156.86320,0
1631254500000,46686.32,46719.12,46521.36,46583.42,1225.028,1631255399999,57103043.07787,15988,524.060,24433614.36711,0
1631255400000,46583.42,46594.76,46452.02,46485.00,1589.025,1631256299999,73876130.68082,20173,914.659,42524397.28257,0
1631256300000,46485.00,46540.64,46400.00,46413.00,1885.995,1631257199999,87610518.76065,23108,1005.864,46731985.08213,0
1631257200000,46413.01,46500.00,46330.00,46371.03,2214.884,1631258099999,102804611.73398,26634,1108.519,51464352.19215,0
1631258100000,46371.03,46385.01,46108.18,46244.86,5706.627,1631258999999,263818658.68748,48756,2646.408,122339697.08569,0
1631259000000,46244.85,46253.80,45893.60,46228.25,6800.494,1631259899999,313549617.47487,58447,2904.761,133998006.50946,0
1631259900000,46228.25,46298.32,46121.66,46172.21,3383.461,1631260799999,156347090.43415,35710,1521.346,70314072.33489,0
1631260800000,46169.10,46352.78,46033.00,46201.79,5425.081,1631261699999,250650494.77865,52666,2683.213,123988206.13990,0
1631261700000,46201.78,46379.00,46172.32,46213.11,2787.735,1631262599999,129015850.52328,32923,1590.167,73598376.67938,0
1631262600000,46213.12,46223.15,45622.00,45892.28,11850.089,1631263499999,543405615.26953,97036,5180.159,237610323.56424,0
1631263500000,45892.29,46094.52,45835.00,46014.99,3695.220,1631264399999,170006257.02498,35399,1885.363,86744524.95755,0
1631264400000,46015.00,46150.91,45851.00,45851.32,3225.539,1631265299999,148421174.17738,33702,1607.848,74010276.15684,0
1631265300000,45851.32,46166.00,45751.00,46161.36,4519.571,1631266199999,207717010.82054,43385,2668.587,122675447.53983,0
1631266200000,46161.37,46365.20,46145.77,46249.98,5402.294,1631267099999,249932067.67480,47128,2901.537,134240291.42988,0
1631267100000,46249.99,46287.61,46061.20,46238.20,3079.116,1631267999999,142128212.64127,29168,1415.866,65355921.63452,0
1631268000000,46238.21,46325.99,46210.68,46277.01,1959.664,1631268899999,90681718.19750,24196,917.566,42464213.74716,0
1631268900000,46277.01,46277.01,46132.50,46185.38,1803.359,1631269799999,83307392.55871,22036,901.468,41644884.97782,0
1631269800000,46186.50,46406.00,46173.00,46376.73,2903.040,1631270699999,134423343.87303,28393,1783.365,82570316.13012,0
1631270700000,46376.72,46384.58,46244.02,46268.18,1409.911,1631271599999,65277286.49646,18279,747.185,34594284.50242,0
1631271600000,46262.72,46268.19,46079.61,46174.96,2351.177,1631272499999,108540871.43256,27271,1073.737,49567487.98586,0
1631272500000,46174.96,46219.94,45960.05,46104.56,2935.257,1631273399999,135243445.52538,32125,1269.894,58517175.66251,0
1631273400000,46104.56,46264.00,46088.80,46167.52,1846.882,1631274299999,85307109.88232,22186,1156.459,53418620.58634,0
1631274300000,46167.53,46400.00,46125.67,46349.99,2931.776,1631275199999,135757577.47209,28811,1582.410,73263118.32202,0
1631275200000,46349.99,46538.50,46193.41,46213.96,3896.523,1631276099999,180698758.48153,37420,1821.624,84523860.37129,0
1631276100000,46212.68,46252.79,46014.64,46098.46,4861.415,1631276999999,224299008.22064,43144,2209.721,101966259.55002,0
1631277000000,46098.47,46167.38,45970.83,46110.37,3334.270,1631277899999,153622568.99873,31641,1780.993,82075060.60952,0
1631277900000,46110.39,46136.57,45863.05,45939.56,3244.065,1631278799999,149089651.08835,34549,1486.394,68314444.74897,0
1631278800000,45939.29,46034.87,45820.00,45931.55,3783.718,1631279699999,173785181.96670,38625,1864.083,85631583.61206,0
1631279700000,45931.55,46065.38,45650.00,46053.65,8278.022,1631280599999,379209343.82077,71486,4344.896,199121051.57764,0
1631280600000,46053.66,46260.00,45780.00,45843.55,7523.049,1631281499999,346226404.75748,65660,3500.359,161113962.39296,0
1631281500000,45843.56,45989.00,45843.55,45878.99,2962.764,1631282399999,136033254.00163,27782,1781.869,81819921.52972,0
1631282400000,45878.99,46117.88,45270.00,45737.99,19524.996,1631283299999,893130809.09794,146112,8986.039,411344936.38171,0
1631283300000,45737.99,45900.00,45233.47,45341.88,10162.588,1631284199999,462906274.52672,94252,4558.828,207700822.72978,0
1631284200000,45341.87,45500.00,45057.70,45118.50,15074.772,1631285099999,682436137.72442,138161,7658.629,346839230.75620,0
1631285100000,45118.50,45358.51,44877.00,45190.85,10718.350,1631285999999,484057141.40143,91771,4629.713,209191158.72208,0
1631286000000,45190.85,45344.46,44758.15,45064.16,11889.019,1631286899999,535551106.07939,107021,5573.183,251178320.01940,0
1631286900000,45065.43,45286.00,44982.48,45265.54,6038.852,1631287799999,272654489.78147,57652,3168.293,143073167.52895,0
1631287800000,45264.00,45450.00,45194.48,45404.08,6136.066,1631288699999,278176505.09426,52014,3365.067,152591758.77168,0
1631288700000,45406.36,45664.78,45325.86,45441.49,6091.566,1631289599999,277126388.74829,50396,3419.870,155613282.41277,0
1631289600000,45441.50,45549.89,45335.12,45355.63,3436.466,1631290499999,156074849.40902,35381,1444.294,65605679.66369,0
1631290500000,45355.59,45570.35,45351.11,45530.00,2423.907,1631291399999,110291437.98034,26710,1411.498,64221332.30654,0
1631291400000,45530.01,45563.04,45367.75,45470.46,2284.221,1631292299999,103814257.78389,23305,1103.193,50136979.39439,0
1631292300000,45470.45,45570.75,45392.88,45498.14,1706.897,1631293199999,77645479.31303,20566,876.381,39870103.22759,0
1631293200000,45498.14,45576.25,45404.20,45487.64,1428.228,1631294099999,64965452.42780,20468,689.804,31377001.07441,0
1631294100000,45487.64,45694.00,45472.89,45684.41,2425.379,1631294999999,110594117.58353,27039,1375.793,62732088.34160,0
1631295000000,45684.41,45684.41,45541.61,45600.01,1665.847,1631295899999,75974020.54570,20854,836.148,38133080.52155,0
1631295900000,45600.00,45735.51,45590.65,45727.35,1495.640,1631296799999,68303552.75337,21060,846.322,38655031.12694,0
1631296800000,45727.34,45800.00,45643.55,45704.00,2313.315,1631297699999,105759783.00377,23136,1154.068,52772625.12416,0
1631297700000,45704.00,45840.00,45652.97,45802.03,1943.068,1631298599999,88889034.38161,22981,1073.517,49118427.16932,0
1631298600000,45802.02,45807.91,45630.02,45768.90,2434.949,1631299499999,111294734.91293,24276,918.582,41981682.75162,0
1631299500000,45767.07,45788.87,45672.76,45725.79,929.626,1631300399999,42502356.85127,15594,430.294,19673201.92677,0
1631300400000,45725.80,45754.00,45601.00,45622.26,1148.221,1631301299999,52442835.47195,17772,490.253,22393229.90196,0
1631301300000,45620.04,45717.82,45530.31,45538.84,1568.636,1631302199999,71552949.81414,21038,699.665,31923881.36734,0
1631302200000,45538.85,45634.00,45468.01,45567.07,1474.955,1631303099999,67212871.19769,20365,670.750,30571221.09836,0
1631303100000,45567.06,45709.12,45567.06,45668.56,1125.304,1631303999999,51391860.97015,17204,638.301,29148560.09017,0
1631304000000,45669.99,45815.00,45668.56,45783.10,1432.515,1631304899999,65551283.07830,20240,808.807,37008986.77146,0
1631304900000,45783.10,45845.04,45651.00,45655.11,1508.080,1631305799999,68968675.62540,19219,775.762,35478634.76362,0
1631305800000,45655.12,45672.00,45111.25,45267.84,5835.836,1631306699999,264835498.53158,51587,2136.602,96908154.14256,0
1631306700000,45267.84,45287.60,45062.36,45086.62,3700.082,1631307599999,167079734.37715,36052,1635.860,73882002.91321,0
1631307600000,45086.62,45281.33,45031.70,45264.80,2963.122,1631308499999,133865217.64507,31329,1655.471,74786176.29374,0
1631308500000,45264.81,45279.52,45030.67,45181.13,2346.483,1631309399999,105945156.59461,26030,1049.189,47368252.34239,0
1631309400000,45181.14,45181.14,44553.41,44608.96,7960.556,1631310299999,356480271.66818,69850,3051.446,136613420.19700,0
1631310300000,44611.70,44708.65,44120.00,44605.00,11547.644,1631311199999,513330522.78153,95452,4866.969,216560882.35968,0
1631311200000,44604.99,44732.00,44431.59,44520.82,3949.026,1631312099999,176067330.29309,39853,2123.661,94711485.16086,0
1631312100000,44520.81,44807.77,44516.39,44778.00,2850.378,1631312999999,127372850.73081,31775,1746.921,78064117.53323,0
1631313000000,44778.01,44883.88,44660.00,44707.85,3608.762,1631313899999,161618320.45729,33838,1506.810,67492529.86327,0
1631313900000,44707.85,44762.66,44342.35,44485.16,4384.886,1631314799999,195278743.84885,38624,2075.152,92440833.23808,0
1631314800000,44485.17,44727.02,44250.28,44678.73,4137.804,1631315699999,184141837.31345,39885,2259.579,100593033.36541,0
1631315700000,44678.73,44821.98,44624.88,44654.86,2087.789,1631316599999,93347831.21718,25720,960.249,42939469.84270,0
1631316600000,44654.87,44831.80,44654.86,44794.50,1756.026,1631317499999,78590882.72859,19996,911.859,40813031.71758,0
1631317500000,44790.28,44888.40,44723.53,44860.83,1690.216,1631318399999,75782489.52550,20262,1088.820,48824501.30081,0
1631318400000,44860.83,45132.70,44737.40,45118.26,6071.966,1631319299999,272908819.94201,51319,3551.214,159659801.71992,0
1631319300000,45123.83,45147.00,45001.00,45094.84,2523.826,1631320199999,113725677.57175,25493,1148.031,51737542.12949,0
1631320200000,45094.85,45200.00,45086.00,45166.48,1840.561,1631321099999,83083271.40202,21811,919.914,41531005.05469,0
1631321100000,45163.31,45274.70,45163.31,45242.70,1737.476,1631321999999,78566799.46934,19954,953.327,43110399.50452,0
1631322000000,45242.70,45370.84,45202.73,45362.30,2039.534,1631322899999,92356422.72350,22983,1109.029,50227375.23809,0
1631322900000,45362.31,45500.00,45301.69,45401.11,2964.248,1631323799999,134605152.49440,27649,1481.598,67287320.67656,0
1631323800000,45401.11,45495.38,45314.85,45468.83,1878.254,1631324699999,85281089.86264,20069,908.606,41268919.71217,0
1631324700000,45468.84,45530.00,45355.12,45360.00,2205.286,1631325599999,100231140.56963,22389,848.229,38565317.10998,0
1631325600000,45359.99,45475.16,45359.99,45423.23,1217.108,1631326499999,55296063.08520,16875,603.078,27397197.27916,0
1631326500000,45423.23,45451.01,45267.98,45289.28,1612.984,1631327399999,73147874.89185,21627,594.128,26947324.50562,0
1631327400000,45289.27,45350.00,45209.05,45297.86,2294.832,1631328299999,103920842.19257,24293,1300.905,58914331.60491,0
1631328300000,45297.85,45333.27,45155.70,45311.01,1693.349,1631329199999,76643313.19766,18174,936.316,42393526.45245,0
1631329200000,45311.01,45343.51,45134.40,45144.07,1670.141,1631330099999,75540632.98760,20206,752.970,34052903.53383,0
1631330100000,45144.06,45242.33,45031.76,45043.90,1807.807,1631330999999,81592384.78040,24868,847.076,38236095.21837,0
1631331000000,45043.91,45086.73,44901.45,44974.27,2082.935,1631331899999,93735370.60261,26710,846.714,38106146.37884,0
1631331900000,44975.60,45227.85,44964.89,45223.52,2471.429,1631332799999,111486440.68667,24860,1650.059,74430088.13890,0
1631332800000,45223.53,45444.00,45208.61,45300.43,3344.865,1631333699999,151621968.65754,32470,1727.383,78298366.56274,0
1631333700000,45303.60,45331.04,45155.55,45315.56,1338.473,1631334599999,60554660.50258,18870,629.392,28479456.23941,0
1631334600000,45315.56,45475.43,45270.00,45291.12,2592.567,1631335499999,117641080.64381,28076,1099.186,49882804.25339,0
1631335500000,45292.67,45345.59,45226.50,45316.10,1299.672,1631336399999,58876792.04136,17651,644.076,29177976.37658,0
1631336400000,45316.10,45385.84,45169.28,45200.77,1782.378,1631337299999,80664456.47823,20017,747.063,33817532.80648,0
1631337300000,45200.77,45214.80,45031.76,45122.01,2141.214,1631338199999,96624862.07789,23047,1061.323,47896211.43332,0
1631338200000,45122.01,45200.00,45053.19,45124.54,1625.456,1631339099999,73380752.13533,18608,919.106,41498673.95628,0
1631339100000,45124.54,45375.00,45063.67,45359.53,2145.779,1631339999999,97119762.72652,22444,1184.823,53631915.71974,0
1631340000000,45357.12,45459.70,45260.33,45330.02,1989.445,1631340899999,90238410.91150,23849,871.309,39525783.46080,0
1631340900000,45330.03,45376.22,45262.93,45299.04,1244.882,1631341799999,56413445.01634,15398,542.799,24599785.34404,0
1631341800000,45299.05,45346.91,45186.48,45339.57,1758.517,1631342699999,79608404.04692,19426,839.676,38013276.88523,0
1631342700000,45339.56,45357.18,45262.19,45281.31,1080.664,1631343599999,48970949.47733,14404,495.783,22468374.86980,0
1631343600000,45281.30,45318.00,45121.20,45163.10,2322.730,1631344499999,104981881.60249,23367,971.647,43914958.94311,0
1631344500000,45163.11,45197.16,44928.22,44980.02,4103.070,1631345399999,184704225.78256,38775,1978.709,89072553.85667,0
1631345400000,44980.03,45030.46,44804.82,44885.82,3845.513,1631346299999,172751782.99004,36950,1892.279,85015628.38845,0
1631346300000,44885.81,45070.80,44835.29,45068.61,2381.826,1631347199999,107042228.18736,26336,1319.017,59289953.73813,0
1631347200000,45068.60,45100.00,44900.00,45037.83,2004.409,1631348099999,90214259.06932,23644,999.904,45011275.02397,0
1631348100000,45032.82,45080.00,44866.72,44908.51,1608.931,1631348999999,72353203.47446,21157,721.438,32441304.03563,0
1631349000000,44908.51,45086.80,44853.86,45080.85,1759.649,1631349899999,79160040.66744,19080,1000.958,45036790.98986,0
1631349900000,45080.84,45203.87,45057.45,45142.86,2500.502,1631350799999,112861891.56570,26969,1265.170,57109947.50179,0
1631350800000,45142.86,45184.98,45001.00,45007.26,1716.387,1631351699999,77359011.44322,21379,718.267,32371246.17384,0
1631351700000,45007.27,45241.09,44968.17,45229.60,2332.788,1631352599999,105297811.38595,26422,1300.903,58726010.39508,0
1631352600000,45233.05,45315.00,45181.89,45191.20,2015.382,1631353499999,91194308.32128,23104,977.556,44238559.35086,0
1631353500000,45191.00,45499.61,45190.00,45482.24,4483.827,1631354399999,203535509.25235,39404,2606.254,118299553.54524,0
1631354400000,45482.25,45700.00,45427.36,45598.05,5799.495,1631355299999,264214471.82469,51663,3151.839,143624781.25918,0
1631355300000,45598.05,45733.96,45530.19,45682.24,3623.885,1631356199999,165408492.82323,35243,1981.965,90470002.96617,0
1631356200000,45682.23,45696.00,45534.01,45640.45,2733.732,1631357099999,124702351.65217,27735,1239.017,56524430.66390,0
1631357100000,45640.45,45690.00,45530.61,45674.74,1959.073,1631357999999,89364697.00991,21730,1022.411,46650591.40307,0
1631358000000,45674.75,45691.55,45588.00,45590.49,1192.202,1631358899999,54407778.19441,18678,496.630,22667585.40586,0
1631358900000,45590.48,45613.28,45500.31,45610.01,1675.035,1631359799999,76301730.70289,22096,778.906,35486139.36594,0
1631359800000,45610.01,45658.27,45550.00,45622.41,1117.362,1631360699999,50967118.98258,17924,599.585,27350158.21920,0
1631360700000,45622.40,45663.84,45508.87,45568.06,1267.138,1631361599999,57771872.25501,18227,597.407,27238705.82906,0
1631361600000,45575.02,45645.00,45460.00,45505.13,1561.669,1631362499999,71135970.61334,23764,692.648,31559049.43951,0
1631362500000,45502.95,45800.00,45499.99,45668.83,3573.476,1631363399999,163252713.55774,36330,1972.204,90099720.42463,0
1631363400000,45668.84,45747.02,45589.15,45664.05,2052.631,1631364299999,93778770.55303,24128,1086.154,49624778.94726,0
1631364300000,45664.04,45679.38,45558.68,45580.01,1208.159,1631365199999,55095869.27373,16926,582.461,26563008.05462,0
1631365200000,45580.00,45642.66,45525.00,45528.51,1286.487,1631366099999,58635171.07217,18776,537.759,24513514.05036,0
1631366100000,45528.51,45595.41,45476.07,45536.44,1209.347,1631366999999,55071121.00868,17192,554.998,25278257.69908,0
1631367000000,45536.44,45563.49,45401.00,45530.41,1935.112,1631367899999,87998134.07171,22861,891.291,40541875.94492,0
1631367900000,45530.42,45651.40,45442.41,45631.26,2274.524,1631368799999,103640767.64938,23598,1404.187,63989709.14145,0
1631368800000,45631.26,45683.06,45536.46,45644.01,1726.430,1631369699999,78757745.44735,22363,953.384,43496169.00259,0
1631369700000,45644.02,45780.00,45548.38,45696.24,2619.549,1631370599999,119683089.81735,28326,1388.982,63466725.07227,0
1631370600000,45696.23,45749.23,45648.21,45699.99,1320.375,1631371499999,60335790.57093,20384,643.040,29383719.05248,0
1631371500000,45699.99,45730.00,45631.60,45677.99,1318.060,1631372399999,60202127.83285,19768,607.942,27769454.64035,0
1631372400000,45678.00,45698.70,45563.63,45596.37,1300.411,1631373299999,59317391.86431,20523,561.545,25614643.52649,0
1631373300000,45595.90,45625.00,45560.00,45584.99,914.795,1631374199999,41705690.97855,15694,439.252,20026139.18611,0
1631374200000,45585.00,45617.74,45524.45,45543.67,1183.280,1631375099999,53901592.69750,15847,600.847,27372379.74651,0
1631375100000,45541.03,45591.95,45501.00,45589.34,963.278,1631375999999,43885164.64686,14815,500.052,22783517.86444,0
1631376000000,45589.33,45679.16,45419.41,45495.31,3828.107,1631376899999,174251271.86543,36403,1980.968,90198911.78770,0
1631376900000,45495.31,45660.00,45473.25,45659.99,1581.907,1631377799999,72087023.62275,20494,830.990,37873961.64996,0
1631377800000,45660.00,45999.00,45656.57,45948.39,6462.154,1631378699999,296442837.61372,59079,3932.625,180399693.02762,0
1631378700000,45948.40,45956.15,45810.00,45856.32,2369.389,1631379599999,108658721.74609,28120,1152.813,52865824.93897,0
1631379600000,45856.33,45888.95,45807.51,45829.29,1424.128,1631380499999,65280500.75566,19282,648.678,29737537.77716,0
1631380500000,45829.30,45829.68,45701.00,45715.04,1862.395,1631381399999,85222103.46470,22127,793.701,36320317.09626,0
1631381400000,45715.04,45743.32,45656.31,45715.72,1416.259,1631382299999,64723845.65081,19593,677.014,30943982.13641,0
1631382300000,45715.71,45738.40,45616.61,45637.01,1203.944,1631383199999,54989726.53863,16016,534.595,24421624.81282,0
1631383200000,45637.00,45638.71,45555.00,45580.00,1340.207,1631384099999,61115016.82972,19112,647.123,29511480.49297,0
1631384100000,45580.00,45671.75,45507.71,45610.39,1906.736,1631384999999,86930934.71519,20899,997.099,45469552.55577,0
1631385000000,45610.39,45613.99,45518.60,45559.27,877.265,1631385899999,39971102.53762,13829,420.813,19173872.69796,0
1631385900000,45559.27,45674.18,45524.31,45643.92,864.539,1631386799999,39430072.07339,15309,508.573,23195308.22164,0
1631386800000,45643.92,45717.14,45625.18,45653.51,857.442,1631387699999,39158619.48435,15207,430.258,19651608.56521,0
1631387700000,45656.21,45660.00,45439.10,45472.00,1958.519,1631388599999,89153317.15007,23328,941.769,42867015.96954,0
1631388600000,45472.01,45480.00,45262.34,45456.77,3155.484,1631389499999,143221289.46408,33531,1358.659,61685764.83792,0
1631389500000,45456.77,45499.63,45368.04,45376.19,1158.874,1631390399999,52655313.52230,16859,610.218,27732305.33287,0
1631390400000,45375.83,45445.58,45151.51,45223.92,3560.516,1631391299999,161147203.22590,36564,1456.768,65929992.74185,0
1631391300000,45223.91,45317.75,45201.00,45255.06,1498.681,1631392199999,67833251.37391,18178,849.903,38472572.21235,0
1631392200000,45255.07,45386.25,45230.74,45321.52,1244.912,1631393099999,56417670.68627,16063,777.194,35224591.62830,0
1631393100000,45321.51,45388.36,45295.56,45313.19,777.853,1631393999999,35271083.38830,12032,421.928,19135903.00011,0
1631394000000,45313.18,45455.38,45280.00,45341.29,1119.438,1631394899999,50781530.62268,15171,645.039,29266768.40534,0
1631394900000,45341.30,45471.31,45296.59,45447.72,882.737,1631395799999,40076887.35410,15147,527.339,23944025.54307,0
1631395800000,45447.72,45447.72,45362.51,45376.79,641.343,1631396699999,29118492.51188,11272,236.623,10743381.47865,0
1631396700000,45376.78,45448.93,45343.33,45395.31,607.151,1631397599999,27564289.64095,10600,320.925,14571208.13357,0
1631397600000,45395.00,45396.14,45120.75,45120.75,2017.657,1631398499999,91276755.36983,23955,756.788,34239810.47703,0
1631398500000,45120.75,45305.87,45118.17,45185.17,1844.465,1631399399999,83398912.31457,19828,964.695,43621040.56631,0
1631399400000,45185.17,45297.97,45010.00,45265.80,2973.620,1631400299999,134295870.13415,28333,1366.322,61738534.21863,0
1631400300000,45265.80,45265.80,45062.50,45110.54,1426.228,1631401199999,64375919.56643,18274,751.535,33922884.73579,0
1631401200000,45110.53,45181.88,45033.49,45074.32,1962.248,1631402099999,88490836.92394,21975,1074.145,48448728.61634,0
1631402100000,45074.31,45246.03,45000.00,45231.13,2307.217,1631402999999,104167158.80528,24635,1251.439,56513217.68901,0
1631403000000,45231.13,45233.67,45000.00,45057.00,2047.242,1631403899999,92299030.15484,20471,910.823,41058957.51349,0
1631403900000,45056.59,45199.54,45024.21,45193.78,1619.291,1631404799999,73046752.97846,18387,856.613,38642202.32916,0
1631404800000,45194.19,45314.63,45100.36,45259.67,2915.373,1631405699999,131844179.27368,26961,1738.360,78630815.21463,0
1631405700000,45259.68,45259.68,45027.70,45047.50,2556.562,1631406599999,115366823.48980,22577,1053.079,47519714.19981,0
1631406600000,45047.50,45075.58,44855.74,44902.83,4375.083,1631407499999,196647989.51827,41529,1801.881,80997262.84804,0
1631407500000,44902.84,45025.99,44770.00,44974.27,3722.067,1631408399999,167054348.56689,34336,1742.093,78219288.12293,0
1631408400000,44971.93,45033.76,44876.77,44898.56,1429.906,1631409299999,64263066.30843,18193,625.147,28099881.83322,0
1631409300000,44898.57,44921.16,44746.51,44840.27,2431.461,1631410199999,108959429.54487,25465,1116.791,50049111.70582,0
1631410200000,44839.01,44916.12,44805.21,44914.54,1381.572,1631411099999,61989863.91542,16250,734.961,32978149.02498,0
1631411100000,44914.53,44991.27,44859.30,44967.48,1101.751,1631411999999,49495308.11020,14879,613.747,27574714.19572,0
1631412000000,44967.48,45132.42,44922.12,45113.91,1997.485,1631412899999,89982602.58751,23673,1173.711,52875402.37200,0
1631412900000,45113.91,45276.92,45081.85,45199.99,3284.283,1631413799999,148468368.95913,28848,1705.082,77082990.99370,0
1631413800000,45200.00,45266.41,45105.60,45263.05,1511.652,1631414699999,68283145.27930,18253,753.004,34019300.20435,0
1631414700000,45263.04,45329.03,45166.45,45311.80,1776.333,1631415599999,80392876.47659,18961,1082.770,49011544.76838,0
1631415600000,45311.51,45320.00,45211.05,45306.58,1293.179,1631416499999,58536875.66286,18284,584.678,26467256.12577,0
1631416500000,45306.57,45346.25,45260.15,45297.50,1353.486,1631417399999,61331062.57205,17026,664.725,30122789.67752,0
1631417400000,45298.50,45330.00,45230.83,45263.64,1147.299,1631418299999,51932518.73684,14787,482.794,21855201.36364,0
1631418300000,45263.65,45344.35,45228.30,45329.50,919.474,1631419199999,41642446.27135,13805,494.084,22379276.79477,0
1631419200000,45327.95,45348.00,45229.95,45333.00,1296.416,1631420099999,58725545.14126,16374,677.636,30702706.67708,0
1631420100000,45330.28,45428.36,45270.00,45426.18,1439.501,1631420999999,65308251.13101,17297,871.325,39534896.96133,0
1631421000000,45426.17,45498.00,45390.86,45412.84,1944.275,1631421899999,88375776.94475,21025,1069.758,48629722.44061,0
1631421900000,45408.54,45412.84,45301.52,45337.02,1313.617,1631422799999,59584351.71685,15922,596.110,27040278.16269,0
1631422800000,45337.19,45499.00,45241.51,45433.80,2433.938,1631423699999,110469138.79518,23046,1374.744,62404903.19779,0
1631423700000,45433.81,45493.89,45367.00,45425.01,1177.960,1631424599999,53513167.46505,15565,532.916,24210283.42562,0
1631424600000,45425.00,45453.99,45321.76,45328.17,902.078,1631425499999,40938342.10919,13937,304.161,13804673.60353,0
1631425500000,45330.50,45437.99,45330.50,45367.35,704.430,1631426399999,31975568.46645,12010,321.315,14584714.53093,0
1631426400000,45367.35,45442.00,45277.82,45298.71,1316.463,1631427299999,59694793.70975,16080,527.360,23919626.74255,0
1631427300000,45298.72,45410.00,45240.00,45341.04,1542.669,1631428199999,69912041.04305,17380,697.565,31617203.69701,0
1631428200000,45341.04,45346.00,45218.62,45228.09,1179.361,1631429099999,53396073.00506,15766,531.939,24086680.37537,0
1631429100000,45228.09,45242.09,45120.07,45159.42,2031.101,1631429999999,91774766.26881,20998,837.575,37847531.92700,0
1631430000000,45159.42,45208.35,45048.51,45136.47,2044.999,1631430899999,92286647.31692,21366,884.998,39949208.92053,0
1631430900000,45136.48,45173.16,45066.00,45127.49,1037.960,1631431799999,46830199.49828,14544,670.311,30242386.55087,0
1631431800000,45127.48,45264.31,45100.43,45217.51,1634.531,1631432699999,73868677.23412,18631,995.542,44987734.06091,0
1631432700000,45217.50,45396.19,45217.50,45364.48,2480.312,1631433599999,112418621.91160,24048,1606.795,72821543.83467,0
1631433600000,45364.48,45612.52,45314.55,45559.06,4298.981,1631434499999,195277439.65448,35354,2657.917,120779324.41728,0
1631434500000,45558.86,46074.21,45553.19,45902.42,12329.832,1631435399999,565554258.18644,95141,6841.175,313826744.76330,0
1631435400000,45902.42,46063.07,45888.11,45984.75,3719.172,1631436299999,170993471.93128,39100,1863.267,85668581.28025,0
1631436300000,45984.75,46186.35,45911.91,46132.14,4513.495,1631437199999,207813724.70347,41434,2613.044,120339000.88517,0
1631437200000,46132.15,46242.78,46021.00,46075.50,3534.790,1631438099999,162978645.07891,36905,1803.367,83175137.97296,0
1631438100000,46075.51,46124.44,46029.45,46063.49,1620.731,1631438999999,74680051.12035,22506,771.946,35573376.40916,0
1631439000000,46063.49,46131.93,45918.00,45921.41,2197.316,1631439899999,101134688.82726,26583,851.961,39220338.52910,0
1631439900000,45921.40,45988.00,45860.00,45877.67,2220.413,1631440799999,102000287.46423,25353,1148.191,52750498.38598,0
1631440800000,45877.67,45958.62,45760.56,45899.29,3467.572,1631441699999,159032006.22559,36305,1675.993,76873775.60698,0
1631441700000,45897.37,45972.42,45889.29,45911.30,1199.814,1631442599999,55110906.41853,15955,680.657,31268606.37476,0
1631442600000,45911.31,45944.99,45836.55,45907.11,1118.939,1631443499999,51338295.32944,15590,475.944,21838421.87743,0
1631443500000,45907.11,45994.93,45810.09,45950.00,1775.974,1631444399999,81501263.76594,18578,811.777,37266199.98767,0
1631444400000,45950.00,46010.00,45925.60,46010.00,1717.789,1631445299999,78981017.09822,21609,787.497,36213847.82621,0
1631445300000,46010.00,46015.00,45870.00,45930.12,1099.337,1631446199999,50496047.52423,17355,441.469,20278485.45917,0
1631446200000,45930.12,45990.00,45888.11,45934.89,764.696,1631447099999,35133913.63189,14040,418.018,19207415.29025,0
1631447100000,45934.90,46097.00,45934.90,46095.98,2065.900,1631447999999,95085171.18119,21057,1288.342,59302246.46023,0
1631448000000,46095.98,46171.67,46030.03,46061.87,2526.418,1631448899999,116502434.63574,29600,1350.545,62283468.35894,0
1631448900000,46061.88,46087.78,46010.00,46033.20,1201.613,1631449799999,55326242.78963,17629,560.919,25827616.27261,0
1631449800000,46033.21,46126.46,45954.21,46119.99,1652.663,1631450699999,76055093.43126,18358,814.363,37484536.02623,0
1631450700000,46119.87,46166.78,45985.00,46001.18,1610.123,1631451599999,74145448.45386,18156,624.095,28746046.46477,0
1631451600000,46001.19,46083.03,45962.13,46062.51,1204.261,1631452499999,55429678.48966,15581,580.470,26719784.61663,0
1631452500000,46062.51,46144.00,46020.21,46093.46,1446.823,1631453399999,66694695.36233,18006,718.961,33145079.43230,0
1631453400000,46093.45,46276.91,45743.11,45857.65,7508.383,1631454299999,345365105.88553,61990,3733.857,171791037.73220,0
1631454300000,45857.64,45964.60,45803.92,45937.51,2419.739,1631455199999,111056028.73459,24305,1325.366,60833415.27410,0
1631455200000,45937.51,46039.64,45887.50,45896.29,1945.742,1631456099999,89464786.11225,22505,885.780,40737893.93492,0
1631456100000,45896.30,45958.34,45862.44,45938.00,1108.951,1631456999999,50917918.60447,15425,619.925,28466616.35160,0
1631457000000,45938.01,46023.00,45888.00,45998.92,1708.567,1631457899999,78552140.28140,18700,726.425,33400698.11992,0
1631457900000,45998.92,46013.20,45863.00,45881.23,1373.329,1631458799999,63080582.72276,16411,484.863,22269266.06930,0
1631458800000,45881.22,45940.77,45866.37,45877.97,1198.518,1631459699999,55008518.60287,16034,580.549,26645847.91521,0
1631459700000,45877.96,45980.00,45840.01,45933.46,1464.825,1631460599999,67272071.00291,15283,845.656,38838116.14177,0
1631460600000,45933.46,45973.27,45755.00,45907.26,2411.867,1631461499999,110610434.12499,23809,1147.752,52644264.07097,0
1631461500000,45907.36,45969.00,45851.91,45906.40,1028.314,1631462399999,47226992.58457,14009,525.363,24128705.76682,0
1631462400000,45906.39,46019.10,45875.93,45905.86,1487.225,1631463299999,68323178.93928,18768,710.574,32646210.38137,0
1631463300000,45905.86,46068.06,45882.00,46068.06,1916.912,1631464199999,88180123.88078,20276,1157.554,53251772.61762,0
1631464200000,46068.05,46149.65,46001.01,46002.35,1684.134,1631465099999,77595456.36305,21690,861.335,39692905.41908,0
1631465100000,46002.35,46030.69,45850.56,45896.20,2074.685,1631465999999,95260970.09414,20432,1094.949,50278410.48148,0
1631466000000,45895.07,45934.98,45852.41,45911.01,749.643,1631466899999,34409186.83871,12570,407.366,18699233.19420,0
1631466900000,45911.01,45991.69,45906.01,45927.36,845.192,1631467799999,38838782.21751,12050,465.381,21387334.21760,0
1631467800000,45927.37,45959.40,45874.05,45929.79,683.787,1631468699999,31399193.33614,11301,382.691,17576001.12807,0
1631468700000,45929.79,45963.70,45866.00,45955.67,734.805,1631469599999,33743827.45766,10852,431.543,19818302.46967,0
1631469600000,45955.67,46011.96,45865.35,45877.00,1677.860,1631470499999,77105782.18313,16743,831.638,38220511.18139,0
1631470500000,45877.00,45905.68,45831.00,45891.15,1064.215,1631471399999,48815143.29018,14301,585.438,26855689.20272,0
1631471400000,45891.15,45918.92,45830.63,45870.96,682.938,1631472299999,31326333.38128,12678,371.594,17046530.39959,0
1631472300000,45870.97,45956.23,45850.00,45916.55,792.116,1631473199999,36362071.41794,11464,483.560,22198496.08421,0
1631473200000,45916.56,45948.82,45855.29,45870.24,522.243,1631474099999,23971281.56719,10208,175.921,8075606.21750,0
1631474100000,45870.23,45958.43,45777.88,45940.01,1375.103,1631474999999,63051354.11158,17082,701.640,32178253.57281,0
1631475000000,45940.00,45988.00,45925.00,45938.09,883.553,1631475899999,40611680.65735,12463,434.928,19991256.24512,0
1631475900000,45938.09,45947.57,45887.03,45925.47,404.325,1631476799999,18567142.41940,8911,209.999,9643906.85752,0
1631476800000,45925.48,46239.00,45862.58,46156.78,2659.349,1631477699999,122575079.60996,29374,1615.073,74437743.59104,0
1631477700000,46156.78,46181.47,45978.57,45987.26,1663.248,1631478599999,76653348.94153,19576,603.930,27833088.06571,0
1631478600000,45987.26,46006.11,45175.55,45325.22,12736.083,1631479499999,579025317.85565,101602,5410.384,245812378.67077,0
1631479500000,45325.22,45460.00,45020.07,45115.83,7369.184,1631480399999,333188393.05374,62800,3625.545,163976472.07162,0
1631480400000,45115.82,45175.31,44910.54,45105.57,6222.224,1631481299999,280292187.37476,53871,2993.641,134887107.35147,0
1631481300000,45105.58,45137.00,44901.53,45040.37,3390.016,1631482199999,152614857.92543,31028,1490.085,67102316.45121,0
1631482200000,45039.97,45175.40,44996.30,45083.99,2341.707,1631483099999,105588942.63421,23796,1419.000,63985855.60961,0
1631483100000,45084.00,45300.00,45084.00,45294.63,2621.400,1631483999999,118532562.39095,26493,1616.274,73077091.80066,0
1631484000000,45294.63,45469.00,45270.00,45420.13,3309.736,1631484899999,150203611.89073,30246,1670.604,75815461.59930,0
1631484900000,45420.13,45420.13,45301.31,45353.35,1641.548,1631485799999,74440508.81664,17412,693.834,31467815.82865,0
1631485800000,45353.35,45516.44,45334.37,45480.87,1652.021,1631486699999,75059576.96083,19673,1033.209,46943601.33102,0
1631486700000,45480.87,45790.52,45442.00,45790.52,4614.667,1631487599999,210538934.87713,37186,2693.016,122861017.84168,0
1631487600000,45790.52,46512.20,45790.52,46364.37,10135.613,1631488499999,468385950.24323,85407,5657.340,261443489.80742,0
1631488500000,46362.32,46435.63,46222.00,46298.83,3015.025,1631489399999,139590399.32264,29942,1371.325,63503567.67621,0
1631489400000,46295.97,46447.88,46219.62,46225.89,2492.752,1631490299999,115429457.35245,25035,1278.628,59226744.35959,0
1631490300000,46228.07,46253.68,46042.20,46046.73,2959.857,1631491199999,136508731.31256,29466,1248.398,57585348.64906,0
1631491200000,46048.02,46242.06,46002.64,46216.65,2622.621,1631492099999,120993573.59013,26573,1601.896,73906621.17813,0
1631492100000,46216.66,46319.82,46086.08,46131.12,2063.224,1631492999999,95343919.06339,21923,994.091,45952827.77543,0
1631493000000,46131.11,46159.42,45950.00,45981.30,1937.091,1631493899999,89203589.15606,22326,778.499,35856968.69779,0
1631493900000,45981.31,46158.00,45973.33,46062.41,1558.445,1631494799999,71818038.51820,17093,869.505,40066843.01365,0
1631494800000,46062.41,46118.34,45334.50,45451.16,5912.419,1631495699999,270213439.93530,52896,2300.077,105110144.34613,0
1631495700000,45451.16,45552.89,45270.00,45424.44,5202.187,1631496599999,236247781.23498,45567,2707.629,122992683.14796,0
1631496600000,45424.86,45428.47,45143.37,45221.58,4624.705,1631497499999,209291389.01852,38870,2027.106,91760091.73991,0
1631497500000,45221.57,45280.84,45108.49,45190.99,2966.424,1631498399999,134072877.74510,27671,1426.476,64479273.31823,0
1631498400000,45190.99,45287.60,45066.00,45208.02,3317.268,1631499299999,149874059.66858,33106,1696.582,76669413.44081,0
1631499300000,45208.02,45208.03,44953.20,45084.81,4793.507,1631500199999,216024856.58842,40012,1995.582,89951190.42004,0
1631500200000,45083.11,45222.36,44810.10,45090.00,6073.065,1631501099999,273569862.17067,48976,2899.102,130648084.05486,0
1631501100000,45089.99,45132.67,44850.00,44981.76,3537.068,1631501999999,159093133.50703,32081,1679.101,75548721.61963,0
1631502000000,44983.87,45082.99,44835.91,45024.86,3461.345,1631502899999,155614324.01917,32545,1980.782,89057171.81366,0
1631502900000,45026.07,45145.98,44955.20,45030.00,2218.120,1631503799999,99933097.33292,23571,1160.539,52294228.99787,0
1631503800000,45030.00,45049.62,44902.06,44922.23,1848.362,1631504699999,83125724.83382,21412,723.402,32536574.81039,0
1631504700000,44921.34,45050.00,44558.00,44626.00,7112.262,1631505599999,318486323.84056,53524,2407.295,107892476.45335,0
1631505600000,44630.29,44788.42,44502.69,44623.30,7416.805,1631506499999,331147562.94426,61755,3684.686,164548697.27626,0
1631506500000,44623.30,44792.33,44603.91,44630.81,2851.712,1631507399999,127479938.74622,29725,1474.381,65913454.01154,0
1631507400000,44630.80,44745.00,44556.66,44644.01,2270.233,1631508299999,101371388.78532,25387,1048.608,46825117.65130,0
1631508300000,44644.01,44766.64,44564.00,44739.51,2472.718,1631509199999,110435223.40755,24165,1377.183,61525871.92731,0
1631509200000,44738.67,44765.09,44430.00,44470.01,5666.193,1631510099999,252633253.75502,48021,2314.571,103241080.31753,0
1631510100000,44470.00,44834.16,44335.00,44721.97,6290.028,1631510999999,280495586.77743,53026,3462.448,154515426.31389,0
1631511000000,44722.50,44815.73,44611.58,44809.37,2078.076,1631511899999,92893405.75741,23075,1101.243,49242649.75468,0
1631511900000,44809.38,45000.00,44700.00,44776.00,5382.242,1631512799999,241492434.38084,44343,2929.082,131446894.68638,0
1631512800000,44776.00,44850.00,44620.01,44782.59,3283.654,1631513699999,146771521.37243,27535,1829.099,81760485.46128,0
1631513700000,44782.59,44873.26,44666.00,44815.20,2303.292,1631514599999,103149048.45210,21576,1271.460,56948525.51034,0
1631514600000,44815.19,44933.00,44727.02,44816.71,2406.562,1631515499999,107882479.39252,22631,1065.935,47793613.98104,0
1631515500000,44816.71,44866.65,44744.00,44832.84,1545.219,1631516399999,69214281.44805,17907,752.362,33705701.69283,0
1631516400000,44832.84,44900.00,44733.00,44752.54,1819.084,1631517299999,81536162.46811,22035,846.546,37951830.41145,0
1631517300000,44752.74,44765.14,44300.00,44402.18,9743.338,1631518199999,433395339.53083,76781,4164.430,185204162.24983,0
1631518200000,44400.70,44548.41,44248.00,44402.48,5881.639,1631519099999,261186459.03419,54472,3020.543,134145783.32745,0
1631519100000,44402.48,44534.64,44200.00,44492.14,7704.815,1631519999999,341848793.60798,61220,3569.015,158395270.19340,0
1631520000000,44488.48,44580.00,44267.47,44272.31,4221.332,1631520899999,187468142.46570,42175,1861.469,82687257.98965,0
1631520900000,44269.35,44499.46,44183.00,44405.80,5640.035,1631521799999,250002038.61461,50384,3069.327,136070389.79237,0
1631521800000,44407.72,44565.75,44267.50,44290.47,4394.376,1631522699999,195223567.80132,41136,2098.458,93225092.54356,0
1631522700000,44294.91,44486.03,44261.00,44413.36,2653.211,1631523599999,117746872.23304,27428,1471.091,65292898.72565,0
1631523600000,44413.36,44518.20,44383.00,44458.44,2246.473,1631524499999,99905840.15473,24659,1183.517,52636457.24352,0
1631524500000,44461.09,44550.00,44389.30,44486.58,1943.438,1631525399999,86425642.76079,21405,1020.572,45388421.78536,0
1631525400000,44486.50,44668.21,44370.77,44556.61,3530.384,1631526299999,157269558.30160,33031,1726.959,76942364.50625,0
1631526300000,44556.61,44600.00,44424.47,44527.02,2184.656,1631527199999,97256610.26225,21322,941.333,41900119.94089,0
1631527200000,44527.03,44687.82,44479.69,44644.07,1660.171,1631528099999,74040507.73412,23222,992.427,44262839.30263,0
1631528100000,44644.04,44787.42,44580.00,44684.16,2851.320,1631528999999,127382525.61891,30457,1352.082,60423888.44152,0
1631529000000,44680.39,44688.99,44555.00,44580.00,1236.184,1631529899999,55149127.38569,18407,534.551,23850436.45112,0
1631529900000,44580.00,44700.00,44502.01,44696.47,1876.177,1631530799999,83691189.79979,20644,1098.732,49018168.85956,0
1631530800000,44696.46,44698.24,44205.11,44253.52,5163.679,1631531699999,229317503.83729,44191,2012.909,89400814.33648,0
1631531700000,44250.02,44833.00,44180.00,44590.24,9878.491,1631532599999,440257407.02378,75267,5350.713,238427498.97621,0
1631532600000,44590.24,44893.34,44590.23,44752.26,4417.282,1631533499999,197755030.05686,39415,2218.632,99320257.39589,0
1631533500000,44752.26,44930.00,44635.52,44864.14,3279.002,1631534399999,146894498.23153,31517,1853.446,83044231.18305,0
1631534400000,44864.14,45037.33,44781.43,44915.20,4157.541,1631535299999,186676938.61120,43377,2270.783,101980300.45993,0
1631535300000,44915.20,44987.54,44661.73,44752.00,4235.749,1631536199999,189787053.57528,39869,1684.945,75499889.09288,0
1631536200000,44752.80,44815.10,44655.94,44710.00,2131.276,1631537099999,95371868.60560,25864,1086.148,48604267.88286,0
1631537100000,44710.00,44779.00,44578.08,44637.31,2155.408,1631537999999,96241536.07357,27166,1062.298,47440455.11059,0
1631538000000,44635.19,44730.00,44576.50,44678.31,1458.285,1631538899999,65136035.88211,21245,775.832,34660333.32169,0
1631538900000,44677.47,44790.00,44651.69,44725.01,1314.872,1631539799999,58817340.37475,19547,691.803,30946785.06869,0
1631539800000,44725.00,46317.80,44712.19,46317.80,32787.873,1631540699999,1496913172.41282,253573,18364.385,838317376.77260,0
1631540700000,46317.80,46933.89,46150.00,46169.00,28257.943,1631541599999,1312240429.39781,230094,13830.917,642350045.59915,0
1631541600000,46169.00,46277.63,44000.00,44280.00,46653.337,1631542499999,2093666115.02076,366537,21952.316,984923948.56216,0
1631542500000,44280.00,44556.20,43323.93,44150.00,38881.008,1631543399999,1707280144.84289,295173,17633.949,774702459.58233,0
1631543400000,44150.00,44280.00,43679.94,44034.57,10803.880,1631544299999,475117810.23411,111837,5210.188,229201436.98896,0
1631544300000,44034.58,44225.99,43904.49,43949.99,6156.441,1631545199999,271403785.13021,65199,2899.652,127849606.25613,0
1631545200000,43949.99,44200.76,43867.57,44122.73,4873.665,1631546099999,214839886.41327,48668,2653.017,116977326.47642,0
1631546100000,44122.72,44434.00,44008.52,44243.79,6202.092,1631546999999,274191303.51719,52117,3508.988,155151106.71929,0
1631547000000,44243.79,44549.39,44243.78,44378.18,6097.391,1631547899999,270901177.52219,58836,3243.576,144129826.58515,0
1631547900000,44378.17,44427.59,44280.00,44361.98,2316.242,1631548799999,102728306.56242,28181,1215.436,53912893.63000,0
1631548800000,44361.75,44459.13,44170.00,44240.72,4354.054,1631549699999,192886708.51802,43364,1893.358,83903464.16501,0
1631549700000,44240.72,44386.00,44176.95,44278.47,2116.423,1631550599999,93711387.08936,25534,1098.820,48662666.54670,0
1631550600000,44278.47,44400.06,44240.05,44267.83,1272.225,1631551499999,56368298.95847,18784,622.201,27572872.79858,0
1631551500000,44267.83,44455.48,44233.29,44440.77,2337.636,1631552399999,103710038.03705,24890,1322.982,58694643.94595,0
1631552400000,44440.76,44528.00,44402.79,44428.64,2724.368,1631553299999,121164067.69262,28548,1268.148,56403798.29244,0
1631553300000,44428.64,44576.72,44350.01,44406.02,2321.418,1631554199999,103204736.51144,26541,1122.762,49923866.81917,0
1631554200000,44406.02,44482.72,44315.00,44461.66,1487.498,1631555099999,66050591.92005,20747,761.221,33805124.37684,0
1631555100000,44461.66,44524.99,44426.40,44484.44,1129.319,1631555999999,50238313.95369,16692,638.075,28387324.75030,0
1631556000000,44484.43,44519.07,44353.58,44408.71,1868.704,1631556899999,83026733.16742,20891,895.082,39770237.14018,0
1631556900000,44408.72,44572.96,44390.00,44561.07,1355.827,1631557799999,60330228.88441,19821,715.328,31829472.99301,0
1631557800000,44561.08,44729.99,44561.08,44672.83,3211.387,1631558699999,143393549.36138,34873,1716.149,76636524.55549,0
1631558700000,44672.83,44732.04,44622.08,44725.01,1502.119,1631559599999,67103113.12497,18637,724.450,32366703.55326,0
1631559600000,44726.60,44786.00,44635.35,44660.01,2087.414,1631560499999,93330806.61574,23844,1053.446,47104795.70050,0
1631560500000,44660.01,44800.00,44632.67,44764.11,1541.795,1631561399999,68940538.44303,21323,782.965,35010913.65209,0
1631561400000,44764.12,44800.00,44690.15,44727.94,1186.819,1631562299999,53119557.95010,17096,601.577,26927848.56279,0
1631562300000,44726.92,44840.43,44680.64,44763.15,1479.043,1631563199999,66215658.27523,18633,830.662,37194255.25491,0
1631563200000,44763.15,44937.34,44763.15,44892.05,2234.282,1631564099999,100264985.40186,27998,1178.676,52893365.76665,0
1631564100000,44892.05,44909.65,44778.10,44800.89,1344.752,1631564999999,60286313.31588,17384,534.715,23973508.94136,0
1631565000000,44800.89,44984.32,44795.00,44924.01,1536.670,1631565899999,68977636.53271,18723,870.380,39074280.33254,0
1631565900000,44924.01,45270.00,44880.56,45200.01,3815.644,1631566799999,171945000.10861,39886,2482.971,111916798.06213,0
1631566800000,45200.01,45547.00,45073.90,45121.67,6945.907,1631567699999,314928310.70231,64521,3251.784,147427293.81543,0
1631567700000,45121.66,45268.51,45058.50,45059.71,2212.643,1631568599999,99914913.13114,26304,1082.935,48908764.16886,0
1631568600000,45059.70,45100.00,44931.71,45040.61,2119.160,1631569499999,95406554.75302,26226,866.119,39000599.36859,0
1631569500000,45040.86,45228.00,45021.00,45125.69,1608.986,1631570399999,72630221.38074,19291,933.390,42134408.15945,0
1631570400000,45125.69,45247.02,45001.11,45014.98,1609.180,1631571299999,72621543.58778,19272,552.570,24947941.39944,0
1631571300000,45014.98,45140.42,45012.00,45076.42,1144.471,1631572199999,51579373.02023,15978,651.236,29353600.85169,0
1631572200000,45076.46,45161.26,45015.33,45102.41,1202.996,1631573099999,54250227.69521,16165,623.278,28110060.24630,0
1631573100000,45102.40,45123.54,44960.01,45091.73,1294.035,1631573999999,58291785.89655,17141,622.032,28024780.34504,0
1631574000000,45091.73,45157.42,45018.00,45024.90,1015.813,1631574899999,45823199.97941,15441,464.377,20950579.42088,0
1631574900000,45022.51,45067.14,44825.00,44932.64,2305.533,1631575799999,103591428.98372,26367,976.124,43862934.83956,0
1631575800000,44932.64,45077.00,44932.64,45040.27,1346.471,1631576699999,60604394.07107,16527,844.176,37996086.93090,0
1631576700000,45040.28,45083.28,44963.30,44975.96,1206.539,1631577599999,54323622.40998,14722,542.475,24428280.00848,0
1631577600000,44975.96,45155.09,44855.77,45155.08,3632.702,1631578499999,163445708.07222,32948,1942.401,87421608.77675,0
1631578500000,45155.09,45333.72,44692.90,44850.34,7609.817,1631579399999,342473018.72872,58225,3559.672,160247120.67589,0
1631579400000,44850.35,45173.64,44810.04,45072.72,3084.215,1631580299999,138923595.23109,29717,1647.613,74206020.80624,0
1631580300000,45072.72,45262.25,45061.90,45202.91,1520.614,1631581199999,68702417.16137,19359,765.409,34584385.81383,0
1631581200000,45202.91,45300.00,45119.06,45264.49,1798.022,1631582099999,81267997.64718,21097,901.003,40733362.96484,0
1631582100000,45264.50,45382.16,45224.01,45262.27,1968.687,1631582999999,89189282.18785,23715,962.521,43612560.42865,0
1631583000000,45262.28,45318.42,45177.00,45177.00,1107.341,1631583899999,50092799.73013,15496,489.167,22131576.42683,0
1631583900000,45177.01,45244.66,45132.91,45161.59,1035.502,1631584799999,46787295.56762,14508,447.245,20210247.45833,0
1631584800000,45161.59,45200.00,45069.95,45073.60,1082.975,1631585699999,48876755.66638,15267,505.486,22814737.38550,0
1631585700000,45073.60,45126.43,45011.09,45071.82,1223.692,1631586599999,55134866.51308,15658,605.729,27293412.96982,0
1631586600000,45072.34,45156.93,45002.37,45154.99,1386.312,1631587499999,62497328.05548,15220,751.689,33891996.77022,0
1631587500000,45155.00,45222.18,45035.13,45054.22,1264.475,1631588399999,57045397.04392,14609,712.644,32154214.68298,0
1631588400000,45054.21,45175.00,45036.37,45075.71,908.213,1631589299999,40972262.13007,13787,454.946,20525632.29324,0
1631589300000,45075.72,45190.54,45065.78,45190.54,665.261,1631590199999,30019460.76451,11613,341.235,15399005.96960,0
1631590200000,45190.54,45278.79,45140.71,45274.52,1402.979,1631591099999,63434701.03487,17657,735.929,33280022.88870,0
1631591100000,45276.74,45299.00,45169.79,45204.07,1350.996,1631591999999,61126989.04510,16839,546.604,24733626.37146,0
1631592000000,45204.06,45309.98,45163.00,45297.78,1405.753,1631592899999,63595180.57207,17121,759.458,34360265.73826,0
1631592900000,45297.78,45340.00,45230.00,45257.93,1240.929,1631593799999,56184746.58220,16599,581.161,26315140.69540,0
1631593800000,45257.94,45268.32,45209.60,45257.72,836.538,1631594699999,37844907.37948,13036,370.183,16746584.06982,0
1631594700000,45255.93,45279.31,45076.50,45098.82,2036.566,1631595599999,91967012.60003,19116,820.389,37046599.47697,0
1631595600000,45098.82,45148.41,45067.00,45071.04,1025.456,1631596499999,46256085.11443,14739,474.257,21394725.71887,0
1631596500000,45071.03,45209.66,45062.36,45209.65,959.429,1631597399999,43302999.75605,13799,593.418,26782583.17062,0
1631597400000,45209.65,45272.59,45165.68,45248.80,1137.079,1631598299999,51415588.95808,16042,498.464,22540583.23170,0
1631598300000,45248.79,45248.80,45198.01,45245.12,751.348,1631599199999,33982159.84317,12050,314.827,14239613.21109,0
1631599200000,45245.13,45282.00,45192.63,45243.36,1097.247,1631600099999,49641861.78894,16169,517.270,23404973.05522,0
1631600100000,45243.36,45337.43,45182.01,45210.92,1768.994,1631600999999,80060397.01362,18785,895.666,40541171.79560,0
1631601000000,45210.92,45719.49,45153.34,45667.54,4886.935,1631601899999,222133829.68996,43640,3348.341,152210332.82026,0
1631601900000,45667.89,45735.51,45197.44,45621.63,8361.981,1631602799999,379923913.02190,70544,4158.931,188952184.39717,0
1631602800000,45621.62,45915.59,45621.62,45757.95,7439.026,1631603699999,340632023.95565,65607,3607.909,165207046.45248,0
1631603700000,45757.96,45800.00,45658.02,45773.00,2548.727,1631604599999,116540019.18846,29477,1273.163,58225653.81602,0
1631604600000,45773.14,45790.00,45630.04,45630.13,1945.925,1631605499999,88902916.50447,22741,818.029,37371577.84159,0
1631605500000,45630.01,45845.00,45620.00,45731.10,2564.183,1631606399999,117252080.54011,25369,1334.160,61013149.08236,0
1631606400000,45729.41,45859.39,45687.88,45827.98,2604.576,1631607299999,119228798.63308,26997,1514.198,69324140.08501,0
1631607300000,45827.98,45889.59,45760.20,45880.01,2224.417,1631608199999,101930604.43440,21993,1063.828,48752810.44630,0
1631608200000,45880.00,46057.26,45859.83,45959.65,4872.358,1631609099999,223898496.84300,45553,2618.157,120327836.21768,0
1631609100000,45962.28,46049.57,45924.33,45970.00,2441.526,1631609999999,112241552.26465,26330,1151.352,52932935.59155,0
1631610000000,45969.99,46200.00,45800.00,45864.58,7081.614,1631610899999,325691033.19582,62599,3349.909,154151278.20073,0
1631610900000,45864.58,46050.00,45860.56,45893.99,2978.040,1631611799999,136877972.50609,32548,1576.352,72456854.06997,0
1631611800000,45893.99,45944.18,45804.07,45809.00,2153.157,1631612699999,98769852.49183,24023,1011.617,46404382.87916,0
1631612700000,45809.00,45880.09,45754.50,45853.87,2281.877,1631613599999,104545153.29763,24869,1073.196,49175539.57979,0
1631613600000,45853.88,45914.23,45812.00,45884.29,1357.143,1631614499999,62257927.23519,18595,746.724,34257891.83696,0
1631614500000,45884.29,45965.00,45822.20,45896.45,1755.544,1631615399999,80581498.90739,20776,1039.312,47712694.66002,0
1631615400000,45896.45,45994.85,45882.74,45942.23,1645.872,1631616299999,75599415.44954,19115,875.882,40236460.09696,0
1631616300000,45944.99,46085.00,45918.56,46036.14,2038.623,1631617199999,93824522.09709,25126,1021.062,46994441.34818,0
1631617200000,46036.13,46065.51,45972.38,45994.62,1245.544,1631618099999,57301021.66599,19081,542.958,24979369.32773,0
1631618100000,45994.62,46088.00,45923.44,46069.72,1700.832,1631618999999,78243271.04578,20829,800.684,36843393.79261,0
1631619000000,46069.71,46157.18,45865.72,45900.47,2633.268,1631619899999,121116269.25190,28970,1154.271,53108541.70825,0
1631619900000,45900.00,45990.00,45876.56,45986.45,1263.970,1631620799999,58069091.54039,17981,677.176,31113311.19443,0
1631620800000,45986.45,46068.00,45974.75,46044.99,1429.031,1631621699999,65779526.58690,21563,694.209,31955609.57526,0
1631621700000,46044.99,46050.00,45771.11,45791.45,4992.898,1631622599999,229059764.59941,44793,2225.011,102068563.12767,0
1631622600000,45791.46,46647.00,45780.61,46447.18,19442.881,1631623499999,901051555.54579,151514,11230.218,520360310.66541,0
1631623500000,46447.18,46589.43,46257.79,46533.32,6920.286,1631624399999,321311347.72384,61976,3448.328,160135939.03316,0
1631624400000,46533.32,46628.92,46336.00,46490.00,5178.819,1631625299999,240691805.74273,54864,2469.660,114792509.34784,0
1631625300000,46490.00,46694.06,46358.86,46590.34,5613.842,1631626199999,261040533.39152,50973,2929.314,136250077.85911,0
1631626200000,46590.32,46768.60,46537.19,46598.04,6807.272,1631627099999,317701358.95661,65358,3290.324,153589270.33164,0
1631627100000,46598.04,46646.26,46354.27,46424.97,4440.863,1631627999999,206554622.47631,47863,1826.467,84963216.95632,0
1631628000000,46424.96,46460.00,46165.00,46301.38,5817.898,1631628899999,269307841.33923,61566,2908.647,134642096.17584,0
1631628900000,46301.37,46391.65,46165.00,46308.21,3759.268,1631629799999,173973968.17911,39170,1987.199,91976708.18139,0
1631629800000,46308.20,46442.30,46246.46,46389.75,2812.058,1631630699999,130387559.88314,31929,1562.221,72443589.73727,0
1631630700000,46389.75,46570.00,46323.29,46566.98,3033.094,1631631599999,140958071.26579,32872,1785.753,82999299.29173,0
1631631600000,46566.99,46900.00,46566.98,46850.00,9096.425,1631632499999,425320980.05629,86491,4979.241,232838449.75539,0
1631632500000,46850.00,46950.00,46736.90,46748.82,6105.369,1631633399999,285879745.53057,59698,2851.186,133539022.47141,0
1631633400000,46748.82,46850.00,46547.98,46657.16,5671.591,1631634299999,264858273.81117,50374,2257.581,105438184.09634,0
1631634300000,46657.15,46776.47,46657.15,46747.45,1979.641,1631635199999,92482873.37346,25246,985.708,46048582.41637,0
1631635200000,46747.45,46890.68,46677.00,46720.00,4456.961,1631636099999,208480239.51397,39895,2106.969,98565491.87282,0
1631636100000,46719.99,46728.91,46636.13,46692.42,1554.236,1631636999999,72558468.60478,23021,759.544,35461824.91893,0
1631637000000,46692.41,46775.00,46584.65,46601.52,1927.568,1631637899999,89961271.01406,24379,926.385,43242396.77941,0
1631637900000,46601.52,46657.00,46520.00,46602.28,1718.312,1631638799999,80073297.41416,22592,919.994,42876832.40536,0
1631638800000,46602.27,46671.50,46503.00,46528.55,1543.540,1631639699999,71915690.32588,20884,776.686,36192774.49690,0
1631639700000,46526.33,46604.00,46500.14,46516.01,1288.993,1631640599999,59999327.81984,18218,627.631,29218375.83524,0
1631640600000,46516.01,46799.10,46455.09,46732.42,3150.923,1631641499999,146950359.20363,30403,1822.523,85024454.90200,0
1631641500000,46732.42,46758.37,46672.84,46731.00,1188.185,1631642399999,55494238.44400,18750,567.917,26525686.58195,0
1631642400000,46731.00,46731.00,46467.69,46527.94,2464.850,1631643299999,114898699.53878,22244,677.238,31587845.64853,0
1631643300000,46527.94,46593.78,46365.71,46436.88,3573.424,1631644199999,166115098.86051,32693,1664.713,77402662.22265,0
1631644200000,46436.88,46455.89,46330.00,46378.00,2757.882,1631645099999,127941519.76840,29642,1470.392,68220725.74280,0
1631645100000,46378.66,46553.09,46378.66,46515.77,1990.413,1631645999999,92530723.39479,22909,1242.250,57748385.64703,0
1631646000000,46515.76,46576.64,46462.03,46508.04,1365.719,1631646899999,63532309.15413,17285,648.153,30153540.76206,0
1631646900000,46508.04,46564.30,46442.10,46523.87,1182.077,1631647799999,54960380.39354,15701,534.888,24872627.19300,0
1631647800000,46523.87,46636.85,46461.64,46512.47,1386.973,1631648699999,64577016.08926,18282,702.185,32700157.16264,0
1631648700000,46512.47,46544.00,46421.86,46467.40,1073.052,1631649599999,49869277.32740,15622,481.642,22384607.31766,0
1631649600000,46467.40,46607.15,46444.55,46601.71,1536.259,1631650499999,71491065.40094,19574,746.171,34726363.53204,0
1631650500000,46604.60,46647.00,46547.54,46639.38,1236.261,1631651399999,57609423.07804,15538,650.331,30306952.50033,0
1631651400000,46639.38,46950.00,46582.69,46870.00,3847.432,1631652299999,180009163.65578,37021,2399.957,112291099.43524,0
1631652300000,46870.00,46932.15,46720.90,46792.85,2382.420,1631653199999,111544988.09992,26009,1092.878,51168897.17868,0
1631653200000,46792.85,46837.00,46635.50,46687.69,1601.154,1631654099999,74822038.59327,20882,650.607,30408190.64709,0
1631654100000,46687.69,46711.00,46380.00,46515.78,2906.179,1631654999999,135155983.63565,34632,1455.007,67663432.66261,0
1631655000000,46515.79,46638.00,46490.21,46626.28,1382.772,1631655899999,64397818.65300,19546,762.515,35516150.54526,0
1631655900000,46626.28,46779.00,46621.03,46624.01,1591.831,1631656799999,74332889.13451,20707,821.110,38342172.56586,0
1631656800000,46624.01,46775.00,46575.04,46762.40,1477.650,1631657699999,68979366.65733,18760,805.174,37590642.73700,0
1631657700000,46762.40,47272.98,46762.40,46896.18,8597.051,1631658599999,404121722.69647,73041,5305.797,249492764.54854,0
1631658600000,46896.38,47111.00,46800.00,46983.99,3203.176,1631659499999,150403288.39892,34021,1714.960,80541857.54197,0
1631659500000,46983.99,47238.07,46983.98,47164.90,2771.537,1631660399999,130627675.50611,34269,1523.179,71788510.46905,0
1631660400000,47164.91,47247.87,46952.35,47060.98,3364.127,1631661299999,158311436.98118,34853,1615.935,76039604.90597,0
1631661300000,47060.98,47069.98,46922.96,46956.81,1638.127,1631662199999,76969783.81280,22823,728.357,34226835.86271,0
1631662200000,46956.82,47060.00,46871.23,46985.93,2022.024,1631663099999,94970350.05460,22986,1151.777,54101720.10398,0
1631663100000,46985.93,47122.38,46955.85,47087.18,1317.097,1631663999999,61928156.40795,18202,735.287,34575825.27617,0
1631664000000,47087.18,47167.89,46927.15,46960.44,3487.556,1631664899999,163998637.85951,32785,1659.095,78021106.83537,0
1631664900000,46960.44,47287.00,46924.10,47156.68,3616.679,1631665799999,170495602.80115,35137,2109.335,99435526.05271,0
1631665800000,47156.67,47263.45,47073.32,47248.72,2560.120,1631666699999,120773038.53707,26342,1239.100,58461504.97894,0
1631666700000,47248.72,47368.40,47120.00,47132.30,3468.207,1631667599999,163768325.69303,32068,1748.502,82602214.53474,0
1631667600000,47132.30,47478.76,47060.67,47283.91,4775.600,1631668499999,225907609.93505,41143,3000.050,141960238.76548,0
1631668500000,47283.91,47327.94,47200.00,47262.41,2147.044,1631669399999,101467084.80076,21476,988.886,46739243.71757,0
1631669400000,47262.40,47274.33,47073.67,47095.04,2231.910,1631670299999,105246026.63153,23018,923.667,43551268.39329,0
1631670300000,47095.03,47095.04,46964.01,47043.01,2066.257,1631671199999,97186589.05078,23707,800.295,37643889.77199,0
1631671200000,47043.00,47099.46,46960.68,47014.00,1444.353,1631672099999,67917769.25943,19424,702.220,33023283.94271,0
1631672100000,47013.99,47087.97,46983.25,47047.99,934.884,1631672999999,43964177.38460,14585,542.859,25530410.87608,0
1631673000000,47047.99,47187.50,47045.01,47159.66,1789.112,1631673899999,84332402.28720,19607,860.883,40578679.25292,0
1631673900000,47159.66,47195.72,47136.93,47161.01,833.247,1631674799999,39305245.59386,13021,404.029,19059530.76173,0
1631674800000,47161.00,47161.01,47063.46,47113.97,1033.059,1631675699999,48662434.68906,14727,420.877,19825808.07717,0
1631675700000,47113.97,47200.00,46940.84,47134.02,2674.904,1631676599999,125923201.43680,23508,1424.568,67081563.42538,0
1631676600000,47134.01,47170.91,46990.61,47006.20,1294.603,1631677499999,60952435.57540,17173,634.574,29879335.51813,0
1631677500000,47006.20,47189.57,47001.34,47067.69,1616.582,1631678399999,76140542.95887,16485,890.817,41958554.32230,0
1631678400000,47067.69,47096.34,46957.11,47020.01,1725.759,1631679299999,81175285.99670,18733,753.569,35449536.01863,0
1631679300000,47020.01,47112.61,46970.00,47065.42,1208.904,1631680199999,56882167.15827,13515,646.534,30422814.20576,0
1631680200000,47066.18,47120.00,46985.00,46985.00,1386.718,1631681099999,65241722.81550,14536,581.728,27373495.40287,0
1631681100000,46985.01,47050.00,46819.04,46867.82,2793.261,1631681999999,131062153.69206,27032,1185.288,55620027.96017,0
1631682000000,46867.81,46990.00,46800.01,46932.98,2072.041,1631682899999,97202622.93653,24003,1129.351,52986938.11006,0
1631682900000,46932.98,47114.02,46920.00,47056.92,1754.871,1631683799999,82522169.08713,18967,1131.005,53189792.75835,0
1631683800000,47056.91,47056.92,46901.57,46907.05,1231.237,1631684699999,57820855.51358,16905,575.510,27028451.20271,0
1631684700000,46907.05,46994.32,46856.16,46900.00,1489.488,1631685599999,69892921.50645,18267,815.636,38272861.88768,0
1631685600000,46900.00,46936.59,46780.68,46799.60,2575.583,1631686499999,120664437.32257,27512,1129.612,52931607.96501,0
1631686500000,46799.60,46939.50,46675.00,46907.01,4439.690,1631687399999,207876642.54171,36579,2490.232,116626498.80766,0
1631687400000,46907.01,46997.00,46880.95,46982.28,1660.687,1631688299999,77975754.17802,19828,937.267,44011286.21299,0
1631688300000,46982.28,47020.00,46903.98,46917.81,1190.337,1631689199999,55897673.86667,18059,619.604,29099003.44477,0
1631689200000,46917.81,47093.80,46865.21,47079.00,1752.392,1631690099999,82358089.45918,22669,993.812,46712244.18378,0
1631690100000,47078.99,47156.52,47031.00,47052.03,1593.168,1631690999999,75004426.89414,21496,899.939,42373612.93608,0
1631691000000,47052.03,47168.99,47052.02,47079.99,1375.438,1631691899999,64780031.93061,20313,708.508,33370476.96066,0
1631691900000,47080.00,47198.00,47063.30,47166.30,1334.221,1631692799999,62867262.07679,17621,740.529,34896182.30596,0
1631692800000,47166.29,47312.00,47108.18,47295.69,3741.317,1631693699999,176719619.19357,36792,2224.052,105060359.74521,0
1631693700000,47295.69,47295.69,47137.90,47147.75,2302.112,1631694599999,108681190.49275,25491,1000.486,47233908.32751,0
1631694600000,47147.41,47186.19,47065.67,47115.99,1891.646,1631695499999,89142663.60746,22855,893.104,42091727.67955,0
1631695500000,47116.00,47184.35,47010.78,47055.16,1895.151,1631696399999,89260706.13212,21453,975.888,45971699.07246,0
1631696400000,47055.17,47264.00,47042.52,47263.99,2083.249,1631697299999,98236917.40101,23410,1226.515,57837944.26634,0
1631697300000,47263.99,47282.40,47050.00,47144.15,1927.744,1631698199999,90860561.77995,23241,893.281,42099151.17738,0
1631698200000,47144.14,47199.00,47050.00,47128.67,1709.973,1631699099999,80565218.16301,18465,932.972,43956306.46435,0
1631699100000,47128.67,47245.06,47076.32,47128.70,1559.692,1631699999999,73541839.16797,17681,619.976,29237118.72603,0
1631700000000,47125.53,47399.00,47125.49,47395.16,4188.706,1631700899999,198003441.83993,38257,2479.267,117221781.94191,0
1631700900000,47395.16,47477.00,47322.69,47466.62,4049.207,1631701799999,191968935.58564,41331,2103.791,99751691.28866,0
1631701800000,47466.61,47717.65,47366.65,47574.62,10426.294,1631702699999,495557920.58189,78754,6075.982,288886640.96905,0
1631702700000,47574.61,47660.00,47525.16,47586.93,2941.905,1631703599999,140002999.87877,31300,1451.785,69096548.81353,0
1631703600000,47586.94,47612.50,47468.00,47596.74,2378.431,1631704499999,113053413.17128,26920,1159.703,55130512.71962,0
1631704500000,47596.74,47636.00,47411.00,47493.96,3824.393,1631705399999,181731294.72584,35024,1626.030,77272411.34443,0
1631705400000,47493.96,47505.29,47323.69,47386.89,3551.454,1631706299999,168302308.81279,32779,1701.674,80642377.36234,0
1631706300000,47386.88,47559.37,47380.00,47538.10,1896.361,1631707199999,90025246.22987,22825,1170.021,55540592.73501,0
1631707200000,47538.10,47638.00,47456.77,47609.05,2465.253,1631708099999,117261312.26064,29000,1383.453,65815293.83325,0
1631708100000,47609.05,47626.93,47475.05,47584.19,1790.501,1631708999999,85135870.14908,22857,793.276,37719625.66306,0
1631709000000,47584.20,47608.85,47455.00,47531.96,1921.429,1631709899999,91276982.10655,21708,885.984,42091167.09725,0
1631709900000,47531.97,47537.91,47300.00,47395.78,3126.854,1631710799999,148192517.69420,30747,1400.322,66358691.54062,0
1631710800000,47397.68,47520.00,47327.42,47495.40,2091.518,1631711699999,99199932.93835,26324,1154.493,54756677.52617,0
1631711700000,47495.40,47640.00,47457.03,47639.99,2527.809,1631712599999,120202850.93440,27140,1323.688,62955478.09315,0
1631712600000,47640.00,47788.05,47478.91,47688.54,6390.160,1631713499999,304331050.49546,53300,3388.090,161394991.17119,0
1631713500000,47688.45,47843.88,47612.34,47712.19,5104.790,1631714399999,243635511.78926,49482,2493.721,119062422.85356,0
1631714400000,47711.30,47850.26,47698.63,47805.44,4149.507,1631715299999,198318750.10625,40205,2116.393,101157656.14693,0
1631715300000,47805.43,47811.88,47681.69,47721.69,2546.070,1631716199999,121562678.58581,26533,996.393,47576967.77645,0
1631716200000,47721.68,47808.13,47601.00,47643.17,3155.342,1631717099999,150487265.51537,29645,1564.827,74646113.93501,0
1631717100000,47643.17,47883.04,47642.96,47839.99,2965.626,1631717999999,141672132.46312,30164,1805.610,86262344.67370,0
1631718000000,47840.00,48150.00,47768.58,48072.79,11455.537,1631718899999,549254021.66309,92247,6665.670,319742038.25454,0
1631718900000,48072.80,48159.98,47951.80,48017.30,5949.625,1631719799999,285842350.29111,50130,2687.966,129151424.18146,0
1631719800000,48017.30,48260.00,47979.24,48176.20,7653.278,1631720699999,368505420.13214,64052,4322.667,208143281.63305,0
1631720700000,48176.21,48267.99,48104.23,48255.86,2938.315,1631721599999,141561588.85135,32512,1384.699,66718250.78535,0
1631721600000,48255.86,48362.35,48162.93,48283.86,5275.186,1631722499999,254586400.47156,51077,2801.530,135231241.48865,0
1631722500000,48283.86,48400.00,48153.91,48167.27,4825.973,1631723399999,233115486.61486,45998,2270.277,109711572.86756,0
1631723400000,48167.60,48247.96,48083.71,48220.60,2746.993,1631724299999,132324657.76135,30389,1371.066,66058495.48498,0
1631724300000,48220.59,48278.65,48022.32,48043.80,2676.286,1631725199999,128799907.33022,28511,1223.584,58891229.34847,0
1631725200000,48044.33,48179.24,48016.00,48121.33,2229.659,1631726099999,107255705.24154,25143,1364.702,65652171.51329,0
1631726100000,48120.30,48214.61,48076.00,48173.34,1381.474,1631726999999,66515549.27479,19446,729.644,35132544.57743,0
1631727000000,48173.33,48239.98,48171.25,48181.26,1208.213,1631727899999,58244041.46397,16655,657.247,31683951.45836,0
1631727900000,48181.26,48246.85,47949.88,47981.04,3363.892,1631728799999,161769747.53312,30940,1417.993,68206249.42201,0
1631728800000,47981.05,48043.31,47831.57,47941.22,4984.104,1631729699999,238865749.37950,41348,2215.433,106188058.02139,0
1631729700000,47941.21,48021.05,47911.92,47964.99,1936.846,1631730599999,92895276.39599,19714,1067.170,51190826.39615,0
1631730600000,47964.99,48023.40,47861.00,47949.61,1419.835,1631731499999,68060123.88171,17665,590.237,28296661.91836,0
1631731500000,47949.60,48054.91,47938.00,48010.31,1281.924,1631732399999,61544199.38022,16293,688.166,33038061.83527,0
1631732400000,48010.30,48079.43,47948.42,47988.30,1129.825,1631733299999,54245663.80207,15784,580.166,27859431.20520,0
1631733300000,47988.31,48059.22,47924.01,48041.67,890.788,1631734199999,42747006.75381,14054,439.639,21100736.72842,0
1631734200000,48041.66,48137.32,47983.66,48120.51,1101.486,1631735099999,52944836.78049,14645,636.310,30590907.19068,0
1631735100000,48120.50,48126.29,48010.00,48054.58,1113.441,1631735999999,53508650.42122,13252,409.393,19675094.96274,0
1631736000000,48054.58,48150.00,48008.17,48028.66,1600.137,1631736899999,76938912.98997,18082,699.605,33643288.73276,0
1631736900000,48028.66,48096.70,47958.75,47998.99,1004.913,1631737799999,48245218.07378,14155,420.222,20177380.14057,0
1631737800000,47998.99,48064.98,47931.57,48040.00,969.120,1631738699999,46515354.73373,14426,559.721,26867562.94793,0
1631738700000,48040.00,48049.05,47900.00,47909.98,1057.363,1631739599999,50714362.88146,14720,427.929,20526086.03967,0
1631739600000,47909.98,48037.65,47903.19,47992.11,1208.200,1631740499999,57969513.05503,15319,618.353,29668402.71613,0
1631740500000,47992.12,48169.66,47980.95,48153.19,1431.812,1631741399999,68843530.80279,18971,767.346,36907293.03990,0
1631741400000,48152.58,48231.50,48138.99,48179.99,1440.064,1631742299999,69396383.97558,18548,677.565,32653301.57374,0
1631742300000,48179.99,48204.79,48125.00,48141.01,768.629,1631743199999,37021846.92805,11843,315.069,15177005.19773,0
1631743200000,48141.02,48147.50,48037.65,48074.29,1286.588,1631744099999,61859730.97800,15211,500.829,24079919.08470,0
1631744100000,48074.30,48148.54,48000.00,48000.00,858.063,1631744999999,41251259.22551,13216,442.489,21276555.97291,0
1631745000000,48000.00,48114.80,47969.09,48098.04,1002.453,1631745899999,48163138.44253,13936,618.785,29731947.96706,0
1631745900000,48097.16,48283.77,48070.92,48260.00,1562.023,1631746799999,75285754.35326,17279,952.558,45914534.75267,0
1631746800000,48260.00,48366.11,48200.19,48366.11,2468.662,1631747699999,119236824.26391,26529,1381.626,66742185.95950,0
1631747700000,48366.11,48440.93,48106.99,48163.18,4485.105,1631748599999,216506108.72948,34822,1919.977,92711987.59175,0
1631748600000,48163.17,48173.76,48050.00,48050.00,1630.519,1631749499999,78448992.50733,17027,818.984,39406903.18137,0
1631749500000,48050.00,48176.82,48003.00,48106.12,1729.633,1631750399999,83171791.11485,18195,1013.375,48733680.76664,0
1631750400000,48106.13,48173.55,47985.00,48157.56,2455.823,1631751299999,118111055.49905,24966,1296.637,62369880.19614,0
1631751300000,48157.55,48157.55,47936.52,48005.95,2303.714,1631752199999,110620543.24520,23746,979.385,47024400.00247,0
1631752200000,48005.95,48007.80,47843.75,47881.31,2368.705,1631753099999,113486493.74362,27043,1096.257,52527285.01863,0
1631753100000,47881.32,47935.79,47842.75,47891.88,1710.850,1631753999999,81934525.49313,20578,954.512,45714672.85102,0
1631754000000,47891.88,48063.58,47846.80,48061.67,1810.998,1631754899999,86875579.37755,21084,1090.208,52300497.83244,0
1631754900000,48061.68,48068.67,47950.00,47976.04,973.681,1631755799999,46742000.60062,15268,354.463,17016943.03481,0
1631755800000,47976.06,47986.09,47904.06,47925.73,734.382,1631756699999,35208550.81547,12245,360.404,17279917.74262,0
1631756700000,47925.72,48019.82,47923.79,47968.61,721.278,1631757599999,34601264.68554,11975,453.294,21746145.75183,0
1631757600000,47968.61,48092.72,47866.00,48068.98,2306.334,1631758499999,110666601.52528,20700,1417.395,68027026.14709,0
1631758500000,48068.98,48068.98,47966.00,47969.83,818.856,1631759399999,39315161.30359,11548,229.992,11042778.68119,0
1631759400000,47969.83,47980.00,47713.55,47854.12,3174.183,1631760299999,151899715.89195,28141,1135.743,54368554.44147,0
1631760300000,47854.03,47974.32,47830.19,47915.69,1401.255,1631761199999,67136963.47434,15848,755.751,36211554.65729,0
1631761200000,47915.69,47938.57,47753.27,47771.85,1527.420,1631762099999,73076254.16286,17672,622.131,29765660.70410,0
1631762100000,47771.85,47777.57,47330.00,47428.99,10676.117,1631762999999,507262475.71097,82862,4395.538,208817418.61441,0
1631763000000,47428.99,47567.59,47372.13,47519.30,3723.883,1631763899999,176802172.78012,35242,1960.611,93097095.50626,0
1631763900000,47519.30,47692.22,47515.00,47614.56,3019.071,1631764799999,143735667.34533,28404,1884.045,89698814.42170,0
1631764800000,47614.56,48085.99,47574.77,47982.71,6368.619,1631765699999,304817050.46821,54577,3821.633,182890812.99670,0
1631765700000,47982.71,48300.00,47904.91,48199.98,6596.315,1631766599999,317705405.88723,61516,3216.385,154923346.88950,0
1631766600000,48199.99,48388.00,48150.00,48338.74,4775.686,1631767499999,230677720.24400,42620,2527.004,122067689.88772,0
1631767500000,48338.74,48480.00,48258.22,48271.79,4955.842,1631768399999,239728949.36612,42659,2630.208,127262350.17558,0
1631768400000,48271.79,48299.99,48155.00,48255.50,2517.356,1631769299999,121388348.38884,25250,1161.388,56006099.77972,0
1631769300000,48255.50,48358.94,48229.12,48350.90,1726.642,1631770199999,83409640.01651,19917,979.870,47334784.45450,0
1631770200000,48350.90,48353.11,48275.18,48308.89,1096.179,1631771099999,52956485.32217,15426,446.099,21551463.06706,0
1631771100000,48308.90,48319.72,48210.70,48245.41,1167.914,1631771999999,56358971.05410,14850,468.982,22630554.07428,0
1631772000000,48245.41,48299.91,48234.55,48252.42,1239.333,1631772899999,59817240.44080,14741,640.684,30924839.87916,0
1631772900000,48252.41,48428.45,48251.00,48350.11,2002.254,1631773799999,96771584.30351,18346,1205.532,58268900.50075,0
1631773800000,48350.11,48409.37,48296.33,48400.00,1384.736,1631774699999,66950011.36275,15455,795.065,38443986.52539,0
1631774700000,48400.00,48408.19,48304.38,48337.33,1045.384,1631775599999,50543759.76895,13806,387.483,18736550.82211,0
1631775600000,48337.34,48488.00,48320.00,48386.52,2165.370,1631776499999,104817603.64421,22795,1229.701,59530699.83907,0
1631776500000,48381.70,48404.00,48320.00,48340.43,1192.351,1631777399999,57657910.50798,16503,491.435,23765426.95084,0
1631777400000,48340.43,48386.00,48306.52,48366.00,959.312,1631778299999,46383527.65353,13343,511.765,24745103.61562,0
1631778300000,48366.01,48383.60,48307.99,48320.00,930.405,1631779199999,44983768.95569,13522,405.719,19615986.86560,0
1631779200000,48319.99,48327.46,48200.00,48284.83,2589.405,1631780099999,124988724.18020,23429,1052.654,50816529.20329,0
1631780100000,48284.82,48289.45,48050.00,48092.92,3930.729,1631780999999,189250389.11910,34391,1574.028,75779556.07184,0
1631781000000,48092.93,48141.59,48031.49,48123.11,2393.558,1631781899999,115113532.53406,23831,1437.429,69137910.14015,0
1631781900000,48123.12,48182.00,48053.95,48071.28,1897.373,1631782799999,91295923.49323,20976,934.950,44993998.03197,0
1631782800000,48071.29,48143.50,48022.63,48107.53,1661.953,1631783699999,79896052.07392,20915,857.191,41213413.41829,0
1631783700000,48107.53,48265.00,47961.65,48220.15,3114.663,1631784599999,149891004.99151,31754,1670.765,80437628.82644,0
1631784600000,48220.15,48220.15,48118.00,48134.87,1346.294,1631785499999,64848164.08503,17850,605.208,29151999.76545,0
1631785500000,48134.87,48134.87,47839.00,47901.89,4003.961,1631786399999,192055825.78558,36288,1540.983,73916699.13843,0
1631786400000,47901.89,48004.90,47859.72,47943.96,1879.190,1631787299999,90103922.32886,23542,1038.113,49777335.60355,0
1631787300000,47944.00,47964.94,47723.36,47792.74,3607.217,1631788199999,172556278.53995,35188,1598.891,76497382.00423,0
1631788200000,47792.74,47883.46,47630.00,47870.01,4527.646,1631789099999,216228241.06277,43368,2458.180,117411258.30595,0
1631789100000,47870.01,48049.45,47805.95,47819.02,3172.015,1631789999999,152025192.82672,34086,1651.533,79171263.42960,0
1631790000000,47819.51,47922.42,47733.00,47886.78,2488.478,1631790899999,119013989.05355,28129,1311.937,62755406.79007,0
1631790900000,47886.79,48034.46,47871.77,48027.68,2031.843,1631791799999,97436013.81199,24549,1254.265,60152566.03539,0
1631791800000,48027.67,48027.68,47909.79,47946.00,1208.266,1631792699999,57943133.88310,18793,542.651,26022482.02273,0
1631792700000,47946.68,47950.00,47880.00,47890.03,859.893,1631793599999,41197695.39544,13828,432.629,20728379.38258,0
1631793600000,47890.03,48050.00,47739.43,47856.31,4016.577,1631794499999,192332691.15988,35646,2004.656,96005866.34938,0
1631794500000,47856.30,47997.60,47802.00,47882.43,1770.548,1631795399999,84838732.94899,20657,936.778,44888455.43799,0
1631795400000,47882.43,48162.90,47845.39,48143.98,3438.004,1631796299999,165192638.04095,33238,2055.361,98762862.31842,0
1631796300000,48143.99,48149.99,48018.27,48030.00,1522.444,1631797199999,73191285.91174,19651,636.503,30598990.54138,0
1631797200000,48030.01,48088.59,47954.68,47966.97,1666.709,1631798099999,80024778.36165,20162,793.538,38106303.47875,0
1631798100000,47966.00,48021.62,47911.00,47997.75,1526.384,1631798999999,73217945.28505,17835,830.762,39854254.75168,0
1631799000000,47997.75,47999.96,47650.00,47686.15,3790.841,1631799899999,181271230.20691,34944,1602.899,76659943.81820,0
1631799900000,47686.15,47790.11,47450.00,47458.23,10180.531,1631800799999,484126010.47450,84894,4832.839,229847447.47533,0
1631800800000,47458.23,47646.50,47335.80,47434.68,7528.258,1631801699999,357516730.52894,66880,3523.369,167370431.00062,0
1631801700000,47434.13,47585.00,47206.09,47566.00,8878.075,1631802599999,420791146.28948,77130,4385.902,207942199.55298,0
1631802600000,47565.11,47723.35,47517.73,47652.91,3924.145,1631803499999,186880381.50940,39271,2135.970,101732510.60243,0
1631803500000,47652.91,47659.40,47534.81,47582.48,1679.813,1631804399999,79954257.67462,21278,708.934,33745594.66303,0
1631804400000,47582.01,47770.00,47430.00,47645.09,4154.720,1631805299999,197811022.51410,40896,2335.071,111188386.26936,0
1631805300000,47645.09,48200.00,47605.18,48077.90,7930.017,1631806199999,380595785.22884,64196,4648.738,223039668.41787,0
1631806200000,48077.90,48236.19,47860.00,47908.03,5397.905,1631807099999,259304822.71886,47642,2369.354,113860996.91070,0
1631807100000,47908.03,48051.55,47878.36,48012.96,1867.497,1631807999999,89598781.10989,22138,1123.580,53910198.48840,0
1631808000000,48012.96,48160.00,47977.20,48075.31,2320.328,1631808899999,111559430.11902,27093,1177.754,56627136.10859,0
1631808900000,48075.32,48078.80,47933.08,47955.15,1938.992,1631809799999,93080820.05053,20914,793.387,38089802.65261,0
1631809800000,47955.16,48054.09,47935.52,48040.48,1311.848,1631810699999,62973292.33481,15667,662.983,31826349.73766,0
1631810700000,48040.48,48086.72,47914.02,47959.13,1629.770,1631811599999,78223978.33265,18025,775.570,37232286.46929,0
1631811600000,47959.12,48035.00,47900.00,47979.20,1304.688,1631812499999,62591296.41393,14759,741.553,35577003.71587,0
1631812500000,47979.20,47994.40,47863.13,47867.85,859.882,1631813399999,41212044.09760,14031,299.109,14339015.13608,0
1631813400000,47867.85,47907.00,47565.00,47616.45,4402.235,1631814299999,210029323.79260,41321,1983.257,94620491.90464,0
1631814300000,47616.46,47713.99,47372.61,47402.91,5524.035,1631815199999,262585484.50805,46059,2467.533,117333148.95989,0
1631815200000,47402.91,47569.98,47367.86,47477.83,3676.068,1631816099999,174562549.85986,34963,2057.805,97720115.41150,0
1631816100000,47477.83,47607.93,47265.10,47455.96,5076.265,1631816999999,240716596.01307,43728,2415.591,114578274.39974,0
1631817000000,47455.97,47639.84,47418.05,47591.36,1688.415,1631817899999,80241095.96279,20407,920.248,43740811.69839,0
1631817900000,47591.36,47662.00,47482.43,47660.34,1349.661,1631818799999,64195268.63024,16403,676.770,32197006.76848,0
1631818800000,47660.34,47712.43,47591.00,47690.01,1950.547,1631819699999,92954207.14268,19758,998.606,47595396.97336,0
1631819700000,47690.01,47721.59,47621.58,47655.01,1008.039,1631820599999,48051625.47896,14001,478.156,22792466.05924,0
1631820600000,47655.00,47738.00,47634.53,47699.93,1059.881,1631821499999,50543494.28926,13262,630.898,30089063.70612,0
1631821500000,47699.94,47737.49,47418.01,47439.15,2151.494,1631822399999,102388626.30433,20864,838.781,39925563.53413,0
1631822400000,47441.38,47540.30,47404.10,47515.97,1852.270,1631823299999,87932914.37116,20283,993.011,47145312.32525,0
1631823300000,47515.96,47517.41,47255.00,47349.99,2359.077,1631824199999,111763744.84896,26535,1086.177,51465486.48053,0
1631824200000,47350.00,47450.00,47288.42,47407.66,1830.943,1631825099999,86709999.23954,22674,1002.870,47501064.56605,0
1631825100000,47407.66,47426.25,47038.21,47152.52,6377.090,1631825999999,300774038.43546,57898,2734.441,128965850.08549,0
1631826000000,47150.45,47368.00,47101.07,47273.04,2472.895,1631826899999,116929833.50897,27727,1435.560,67874527.87488,0
1631826900000,47273.03,47534.00,47236.04,47533.25,2899.134,1631827799999,137494748.41915,29254,1701.835,80719684.46727,0
1631827800000,47533.25,47691.33,47525.76,47567.90,1853.932,1631828699999,88226780.71147,24217,901.787,42921488.77119,0
1631828700000,47567.89,47697.76,47476.57,47676.98,1797.641,1631829599999,85492054.48756,19373,1002.347,47683129.24898,0
1631829600000,47675.08,47788.86,47622.21,47635.03,1987.503,1631830499999,94788665.80066,21776,1046.078,49898230.20859,0
1631830500000,47635.04,47679.34,47575.21,47587.79,1149.035,1631831399999,54720597.15677,14483,562.467,26788642.57416,0
1631831400000,47587.78,47675.00,47585.00,47593.18,837.097,1631832299999,39876915.86756,11729,405.775,19332334.18208,0
1631832300000,47593.18,47660.00,47532.31,47643.48,1015.806,1631833199999,48348155.85957,12902,529.346,25197485.92210,0
1631833200000,47643.47,47854.38,47583.43,47722.02,2278.241,1631834099999,108789827.32428,22922,1215.108,58029023.55894,0
1631834100000,47722.03,47821.00,47704.36,47782.66,986.694,1631834999999,47140696.44980,13081,511.368,24431143.59310,0
1631835000000,47782.67,47953.51,47728.21,47802.53,2297.947,1631835899999,109908817.82286,21769,1323.801,63335279.65261,0
1631835900000,47805.00,47833.75,47745.43,47745.55,962.074,1631836799999,45976793.47790,12919,454.105,21704098.66303,0
1631836800000,47745.55,47881.95,47683.09,47847.04,2294.965,1631837699999,109604462.13809,27328,1146.708,54777463.64658,0
1631837700000,47847.03,47883.58,47691.84,47704.87,1042.872,1631838599999,49838514.89248,15341,414.183,19795315.39021,0
1631838600000,47704.88,47761.04,47633.57,47691.16,1338.910,1631839499999,63847045.45581,16246,559.252,26675062.94864,0
1631839500000,47691.16,47759.03,47502.02,47507.91,2348.145,1631840399999,111797154.95413,21843,994.571,47366416.05837,0
1631840400000,47507.92,47619.95,47455.59,47610.15,1761.735,1631841299999,83728731.01619,19692,937.162,44546717.52465,0
1631841300000,47611.86,48000.00,47562.05,47950.38,5136.696,1631842199999,245865205.00789,37651,2970.733,142168333.16991,0
1631842200000,47950.37,48100.00,47943.34,47997.63,3234.748,1631843099999,155355082.22266,28840,1587.689,76258335.71592,0
1631843100000,47995.92,48047.61,47961.29,48029.99,1261.670,1631843999999,60563532.89273,14297,755.828,36284524.34951,0
1631844000000,48029.99,48082.50,47880.89,47921.80,1603.394,1631844899999,76890753.08023,18661,769.375,36901560.35015,0
1631844900000,47921.79,47937.90,47812.80,47817.07,1437.393,1631845799999,68798077.53469,16897,623.951,29867167.93873,0
1631845800000,47817.07,47869.99,47782.34,47793.07,867.250,1631846699999,41482879.84509,13305,445.226,21298577.03014,0
1631846700000,47793.07,47845.53,47735.01,47756.57,1086.894,1631847599999,51927035.26504,14532,563.981,26947311.18839,0
1631847600000,47756.58,47829.54,47727.01,47829.53,1015.656,1631848499999,48525122.22570,14124,567.930,27135551.57364,0
1631848500000,47829.54,47994.62,47808.12,47983.19,1720.895,1631849399999,82493438.88091,18194,1021.188,48949663.98281,0
1631849400000,47983.19,48070.03,47898.24,47968.30,1912.301,1631850299999,91773692.77516,20150,891.256,42775615.18259,0
1631850300000,47968.29,47968.29,47823.02,47899.18,1458.087,1631851199999,69809288.70210,15583,595.375,28505467.09073,0
1631851200000,47899.19,47959.53,47808.00,47855.57,1328.834,1631852099999,63618152.37928,17357,660.012,31601275.70753,0
1631852100000,47855.58,47948.58,47739.43,47946.15,1825.866,1631852999999,87324656.05636,19189,1000.852,47878186.82819,0
1631853000000,47947.75,48021.26,47926.90,47971.65,1720.757,1631853899999,82558312.26622,19994,816.561,39179832.63353,0
1631853900000,47971.65,48129.63,47900.00,48064.10,2389.054,1631854799999,114776821.66407,22288,1400.132,67279332.01682,0
1631854800000,48064.10,48150.00,48010.00,48010.00,2016.925,1631855699999,97015381.84029,22429,857.798,41270215.05423,0
1631855700000,48010.00,48088.37,47938.40,47989.50,1484.111,1631856599999,71247764.26606,17552,757.997,36390536.38947,0
1631856600000,47989.50,48070.00,47979.13,48007.71,879.689,1631857499999,42241808.41721,13478,428.823,20593225.25566,0
1631857500000,48007.71,48080.00,47940.37,48044.67,1206.159,1631858399999,57918862.14245,14368,648.436,31139561.70483,0
1631858400000,48044.66,48078.10,47878.00,47899.95,1933.313,1631859299999,92673117.19756,21456,824.244,39506285.13247,0
1631859300000,47899.95,47906.04,47825.00,47871.03,1302.957,1631860199999,62362421.24839,16901,637.338,30506549.82498,0
1631860200000,47871.02,47935.12,47820.00,47880.01,1116.211,1631861099999,53424977.00953,14972,573.510,27454992.75187,0
1631861100000,47880.02,48100.00,47880.01,48059.14,2208.881,1631861999999,106010632.73010,22171,1317.029,63212933.59841,0
1631862000000,48056.09,48133.42,48014.51,48020.09,2346.487,1631862899999,112838122.27660,24599,1257.522,60479016.44215,0
1631862900000,48020.09,48023.42,47856.18,47910.81,2087.192,1631863799999,100042156.67386,21364,1065.965,51086304.72310,0
1631863800000,47910.82,47990.00,47830.00,47861.16,1974.257,1631864699999,94547487.72889,21138,1027.019,49190190.21767,0
1631864700000,47861.16,47909.88,47657.72,47726.77,3194.146,1631865599999,152578245.45355,31022,1269.332,60646172.76091,0
1631865600000,47726.77,47893.14,47656.00,47864.52,2877.520,1631866499999,137453189.68243,29384,1642.326,78456604.46802,0
1631866500000,47864.52,47963.10,47838.21,47924.01,1740.790,1631867399999,83393997.30475,20753,871.013,41726306.88318,0
1631867400000,47924.02,47988.00,47815.17,47822.00,1698.431,1631868299999,81405954.26423,17559,599.136,28725342.54325,0
1631868300000,47822.00,47979.45,47821.99,47913.98,1492.062,1631869199999,71499436.27063,16146,873.209,41837528.85054,0
1631869200000,47913.99,47985.09,47776.64,47795.15,1778.451,1631870099999,85129301.09353,20107,718.737,34402788.84567,0
1631870100000,47795.15,47894.83,47770.01,47885.01,1101.519,1631870999999,52698993.23072,16301,594.288,28432415.44319,0
1631871000000,47885.00,47908.93,47729.17,47756.70,1493.884,1631871899999,71409287.18582,18384,668.186,31941059.66090,0
1631871900000,47758.78,47846.84,47701.01,47723.46,1855.934,1631872799999,88652966.54497,20522,804.973,38456656.90169,0
1631872800000,47723.46,47782.34,47606.27,47653.99,2983.842,1631873699999,142315227.46023,30052,1320.022,62968709.61329,0
1631873700000,47654.62,47717.28,47486.22,47589.14,3887.643,1631874599999,185020043.08505,40889,1816.670,86472919.40604,0
1631874600000,47589.15,47667.12,47387.49,47506.27,4033.444,1631875499999,191585861.57092,39242,1804.233,85718381.29106,0
1631875500000,47506.27,47569.57,47325.43,47462.69,4303.904,1631876399999,204185304.94334,41431,2092.150,99261664.21714,0
1631876400000,47462.70,47571.01,47380.36,47545.60,2362.200,1631877299999,112178339.01540,29551,1344.363,63847467.01745,0
1631877300000,47545.60,47748.00,47520.01,47628.72,3561.755,1631878199999,169635725.01510,33192,2098.430,99946077.19047,0
1631878200000,47628.72,47652.75,47456.18,47532.19,2518.621,1631879099999,119691673.96857,28402,1319.875,62715163.22782,0
1631879100000,47532.20,47532.81,47300.00,47416.58,3867.268,1631879999999,183240102.05859,40656,1920.864,91017329.30198,0
1631880000000,47416.57,47416.57,47233.00,47364.62,4281.051,1631880899999,202571027.52659,46012,2032.911,96202516.31331,0
1631880900000,47364.62,47539.00,47321.71,47499.30,2626.717,1631881799999,124626524.41236,29592,1410.462,66919631.71143,0
1631881800000,47499.30,47532.96,47373.37,47491.16,2068.561,1631882699999,98163522.31233,21127,908.542,43121621.97413,0
1631882700000,47491.16,47491.16,47360.61,47474.18,1568.394,1631883599999,74351828.65575,18315,697.525,33068444.75654,0
1631883600000,47474.17,47474.18,47331.18,47395.44,1652.887,1631884499999,78313308.40108,19744,811.700,38454122.50078,0
1631884500000,47395.43,47428.18,47123.96,47212.79,4384.465,1631885399999,207303659.00578,38496,2000.591,94625395.00769,0
1631885400000,47217.51,47458.00,47176.59,47313.32,3985.630,1631886299999,188721461.87299,35199,2145.465,101590306.62227,0
1631886300000,47313.32,47418.30,47252.47,47256.00,2474.851,1631887199999,117165859.06050,24237,1261.774,59740830.21457,0
1631887200000,47256.00,47488.26,47230.64,47470.00,2665.389,1631888099999,126262904.02961,28914,1578.701,74786461.69826,0
1631888100000,47469.99,47568.00,47428.00,47449.55,2749.122,1631888999999,130543858.34899,30140,1404.131,66687820.93226,0
1631889000000,47449.55,47471.25,47360.00,47369.22,1537.792,1631889899999,72898600.06973,18128,629.767,29852970.82511,0
1631889900000,47369.22,47510.00,47304.91,47489.91,2083.261,1631890799999,98766982.29847,23113,1244.889,59022336.50231,0
1631890800000,47489.91,47538.45,47420.25,47506.77,1699.261,1631891699999,80684930.88466,20415,809.268,38429871.26666,0
1631891700000,47506.06,47599.67,47466.00,47497.29,1615.555,1631892599999,76800059.10214,20236,909.215,43223988.96007,0
1631892600000,47497.30,47597.00,47462.00,47572.64,1651.115,1631893499999,78448898.71334,18879,814.308,38693250.70744,0
1631893500000,47572.63,47650.00,47472.97,47531.00,1812.811,1631894399999,86171829.69005,19934,1025.778,48766230.84444,0
1631894400000,47530.99,47538.89,47367.95,47509.22,2635.551,1631895299999,125036649.83729,29625,1349.718,64032381.57950,0
1631895300000,47509.22,47649.00,47507.92,47607.99,2190.201,1631896199999,104217285.62881,24157,1074.480,51125454.12720,0
1631896200000,47607.98,47709.57,47575.87,47625.94,2294.217,1631897099999,109334230.38165,23736,1157.346,55162157.43540,0
1631897100000,47625.94,47740.00,47588.58,47619.99,1771.478,1631897999999,84409791.94728,19125,1034.790,49313876.60160,0
1631898000000,47620.00,47668.21,47568.17,47573.37,1072.536,1631898899999,51075465.33143,16278,443.622,21128148.10076,0
1631898900000,47573.38,47573.39,47507.75,47521.50,1404.661,1631899799999,66770635.85513,17238,681.934,32416504.08097,0
1631899800000,47521.49,47572.90,47506.00,47518.91,859.003,1631900699999,40839351.90222,13360,510.365,24264642.79417,0
1631900700000,47518.91,47521.78,47213.00,47265.58,4466.545,1631901599999,211402951.95028,42346,2113.899,100041447.16544,0
1631901600000,47265.60,47342.92,46862.00,46901.21,9483.535,1631902499999,446744286.45475,74496,3414.239,160957874.15069,0
1631902500000,46894.84,47069.99,46750.00,46947.50,11009.647,1631903399999,516479836.11553,80755,5337.534,250458611.66845,0
1631903400000,46947.50,47038.37,46890.50,46947.00,2696.563,1631904299999,126665642.98376,27318,1344.539,63161644.22087,0
1631904300000,46946.99,47196.85,46930.23,47192.98,2627.086,1631905199999,123704376.08648,28654,1585.948,74674823.76544,0
1631905200000,47192.98,47231.85,47080.00,47130.00,1842.437,1631906099999,86869497.91581,22945,730.799,34459831.37005,0
1631906100000,47130.01,47293.12,47097.53,47282.47,2002.635,1631906999999,94550063.57090,21584,1215.532,57387325.44086,0
1631907000000,47284.20,47331.46,47224.00,47328.06,1368.363,1631907899999,64714163.73416,17168,758.459,35871662.65979,0
1631907900000,47328.05,47550.00,47275.18,47498.99,3090.975,1631908799999,146570457.35277,29261,1608.972,76292643.27268,0
1631908800000,47499.00,47590.09,47352.75,47358.15,3265.644,1631909699999,154919455.94459,26472,1418.306,67293716.82621,0
1631909700000,47358.16,47398.64,47159.00,47184.71,2191.045,1631910599999,103596678.59828,22264,901.495,42629725.62928,0
1631910600000,47184.72,47267.55,47068.00,47188.18,2007.479,1631911499999,94693296.11291,23454,1038.748,49005431.70307,0
1631911500000,47188.19,47195.37,46968.00,46977.25,2017.942,1631912399999,95020933.81084,22016,772.254,36374884.53296,0
1631912400000,46977.25,47126.42,46801.00,47080.01,5847.668,1631913299999,274495413.07697,49935,3050.570,143250978.19553,0
1631913300000,47080.01,47080.01,46938.83,47058.41,1996.908,1631914199999,93848664.54862,21758,1048.830,49291330.73336,0
1631914200000,47058.41,47218.21,47057.90,47092.79,1652.742,1631915099999,77927354.76815,21211,835.784,39406560.80059,0
1631915100000,47091.97,47284.61,47084.73,47271.05,1220.427,1631915999999,57590102.00306,17305,746.311,35214406.66658,0
1631916000000,47271.04,47428.00,47254.47,47385.10,3759.280,1631916899999,177967169.82266,33947,1798.542,85149081.13155,0
1631916900000,47385.09,47443.77,47291.60,47302.26,1372.913,1631917799999,65006900.55279,16846,668.914,31676654.41969,0
1631917800000,47302.27,47336.28,47241.16,47260.13,969.560,1631918699999,45854446.64751,13630,438.700,20749588.14370,0
1631918700000,47260.13,47299.70,46915.00,46972.98,3179.275,1631919599999,149623260.09886,32676,1340.552,63082713.20242,0
1631919600000,46972.97,47112.68,46907.65,47102.18,2166.722,1631920499999,101849821.88149,23638,1344.885,63228815.32798,0
1631920500000,47102.18,47289.35,47056.37,47086.28,2107.296,1631921399999,99418447.78839,22961,1013.625,47829697.55191,0
1631921400000,47086.55,47280.54,47086.55,47244.27,1359.052,1631922299999,64141305.73892,16618,758.712,35806515.14946,0
1631922300000,47244.26,47323.51,47189.10,47303.11,1313.374,1631923199999,62067230.90985,16321,694.769,32836857.59167,0
1631923200000,47303.11,47370.00,47150.00,47339.99,2779.166,1631924099999,131425064.77615,28035,1264.440,59795556.85203,0
1631924100000,47339.99,47341.45,47188.00,47202.18,1229.698,1631924999999,58117300.32836,16668,552.407,26107104.45295,0
1631925000000,47202.17,47259.92,47111.00,47138.38,1074.460,1631925899999,50687559.39580,16647,550.418,25970067.28053,0
1631925900000,47137.49,47396.99,47044.32,47391.89,2318.684,1631926799999,109443055.01343,23542,1114.978,52655057.16367,0
1631926800000,47391.89,47565.07,47331.92,47533.99,3311.373,1631927699999,157137851.83223,31704,1898.620,90110533.83728,0
1631927700000,47533.99,47594.89,47408.07,47502.43,2261.052,1631928599999,107370770.87056,21860,1047.638,49753684.10414,0
1631928600000,47502.77,47677.97,47459.67,47630.66,2674.001,1631929499999,127264802.50133,25189,1460.943,69539373.30048,0
1631929500000,47630.66,47698.65,47556.49,47590.25,1449.384,1631930399999,69004570.48220,17368,678.538,32315581.46774,0
1631930400000,47590.26,47634.26,47521.26,47577.99,1186.221,1631931299999,56421111.24552,16300,534.296,25417441.43474,0
1631931300000,47577.99,47692.79,47552.82,47599.99,1687.269,1631932199999,80364770.47688,18760,764.400,36409237.88705,0
1631932200000,47600.00,47655.00,47590.01,47639.98,797.425,1631933099999,37979144.38101,13001,410.079,19531525.49823,0
1631933100000,47639.97,47672.29,47609.34,47644.99,664.507,1631933999999,31660715.54394,11675,317.246,15115779.27410,0
1631934000000,47645.00,47777.00,47645.00,47720.88,1927.726,1631934899999,91957957.39207,21103,1063.182,50721190.95149,0
1631934900000,47720.89,47940.00,47720.89,47818.95,4663.554,1631935799999,223088030.08317,39344,2702.827,129299755.78679,0
1631935800000,47818.95,47909.46,47766.68,47802.48,1516.621,1631936699999,72545171.09541,18122,627.177,30003510.88785,0
1631936700000,47802.48,47998.95,47802.48,47917.73,2103.626,1631937599999,100783248.84072,21460,1329.165,63680522.16208,0
1631937600000,47918.43,48049.45,47907.85,47947.39,2999.812,1631938499999,143882382.31458,27815,1638.296,78586902.33033,0
1631938500000,47946.01,48100.00,47943.35,48099.99,2825.115,1631939399999,135693437.14875,25454,1519.813,73012903.69783,0
1631939400000,48100.00,48333.00,48087.31,48241.38,6450.081,1631940299999,311000593.95894,54723,3636.708,175347883.93444,0
1631940300000,48241.38,48340.00,48150.54,48322.61,3249.442,1631941199999,156730584.91009,28587,1666.024,80379512.84881,0
1631941200000,48322.62,48440.00,48269.90,48288.22,3954.618,1631942099999,191182870.27899,40367,1961.633,94849732.82060,0
1631942100000,48288.23,48416.59,48288.22,48306.90,2207.017,1631942999999,106711414.07115,25374,1050.035,50771778.13588,0
1631943000000,48306.89,48400.00,48296.03,48390.98,1827.649,1631943899999,88374734.59357,21437,896.455,43351945.09009,0
1631943900000,48394.22,48792.00,48391.06,48665.76,11126.456,1631944799999,541152500.41813,86717,6616.866,321777213.01008,0
1631944800000,48665.77,48757.41,48633.00,48663.23,3581.084,1631945699999,174396179.86859,33642,1812.625,88285706.44667,0
1631945700000,48663.22,48696.07,48607.00,48607.00,2769.438,1631946599999,134702398.83929,26606,1218.519,59272914.93972,0
1631946600000,48607.01,48675.66,48482.76,48653.51,3413.340,1631947499999,165784116.51230,32392,1515.556,73622688.20564,0
1631947500000,48653.51,48739.69,48545.00,48593.43,2626.332,1631948399999,127772438.99913,25895,1119.705,54486984.45190,0
1631948400000,48593.43,48733.98,48586.13,48700.21,1497.308,1631949299999,72890842.58359,18593,849.940,41375788.64446,0
1631949300000,48700.21,48705.00,48599.65,48612.39,1700.459,1631950199999,82727095.92875,19206,670.516,32623051.73377,0
1631950200000,48612.39,48642.76,48513.65,48518.84,1826.015,1631951099999,88691222.55569,21235,783.761,38071337.62492,0
1631951100000,48518.83,48644.00,48510.00,48621.60,1921.300,1631951999999,93324371.46291,20513,1148.536,55792678.61427,0
1631952000000,48621.60,48744.79,48621.60,48660.00,2633.017,1631952899999,128198020.71384,27075,1365.743,66496116.93656,0
1631952900000,48660.00,48691.54,48623.57,48638.39,941.925,1631953799999,45829161.11714,13718,499.451,24301582.40238,0
1631953800000,48638.40,48768.63,48631.51,48654.98,1723.006,1631954699999,83915305.06018,18470,1007.183,49057596.75971,0
1631954700000,48654.98,48669.28,48572.00,48661.69,1361.131,1631955599999,66167256.45714,16865,614.343,29866948.19934,0
1631955600000,48661.68,48748.63,48659.00,48690.53,1666.457,1631956499999,81171790.95672,18815,831.720,40512565.35256,0
1631956500000,48690.54,48850.00,48590.00,48590.01,4304.658,1631957399999,209679860.88121,34936,2374.342,115693056.83573,0
1631957400000,48590.00,48646.11,48501.81,48535.65,2330.836,1631958299999,113193584.90978,22716,1001.265,48631284.50991,0
1631958300000,48535.65,48646.87,48524.55,48618.84,1219.457,1631959199999,59259543.74305,15238,685.383,33305519.90974,0
1631959200000,48618.85,48678.00,48550.51,48592.69,1131.944,1631960099999,55034804.58346,15712,557.502,27107861.81190,0
1631960100000,48592.70,48689.99,48565.28,48635.26,1120.050,1631960999999,54487838.09333,14183,641.106,31188687.83158,0
1631961000000,48635.25,48700.36,48606.62,48615.54,830.589,1631961899999,40407914.51392,11924,421.168,20492519.13566,0
1631961900000,48615.54,48629.49,48566.84,48594.04,774.930,1631962799999,37657424.80731,12204,331.598,16113947.72406,0
1631962800000,48594.04,48659.89,48560.02,48573.21,1001.931,1631963699999,48707107.25240,13856,448.873,21824414.50227,0
1631963700000,48573.51,48637.52,48573.11,48598.19,816.540,1631964599999,39687958.92666,12520,416.502,20243272.53061,0
1631964600000,48598.19,48642.00,48580.00,48596.96,843.084,1631965499999,40984431.59189,11548,404.483,19664173.84192,0
1631965500000,48596.97,48609.00,48321.00,48383.15,5539.406,1631966399999,268351023.29122,45118,1858.318,90009986.69829,0
1631966400000,48384.34,48684.42,48256.00,48599.99,7396.558,1631967299999,358385294.39233,61266,4093.553,198355479.44491,0
1631967300000,48599.99,48686.29,48506.07,48510.01,2155.567,1631968199999,104819751.92042,25353,961.498,46762174.57937,0
1631968200000,48510.00,48600.00,48333.00,48430.00,3929.832,1631969099999,190352456.63919,36151,1934.030,93680866.39936,0
1631969100000,48432.28,48480.00,48332.11,48379.37,1940.180,1631969999999,93903308.99384,21270,1030.141,49862463.43935,0
1631970000000,48379.38,48489.12,48364.39,48434.86,1832.033,1631970899999,88730198.67272,20455,944.953,45764591.93823,0
1631970900000,48434.86,48544.00,48424.84,48494.70,1499.967,1631971799999,72747468.94129,18392,825.866,40055136.33599,0
1631971800000,48494.70,48494.70,48373.87,48405.00,1375.526,1631972699999,66591396.39597,16269,577.451,27954287.97935,0
1631972700000,48405.01,48466.32,48326.00,48458.54,1573.877,1631973599999,76164734.91491,18923,750.836,36337728.64099,0
1631973600000,48458.54,48528.90,48408.64,48443.35,2363.994,1631974499999,114558075.68956,22682,1291.039,62567716.24733,0
1631974500000,48445.92,48524.00,48442.22,48517.85,1489.789,1631975399999,72242610.83116,17457,745.088,36129970.43348,0
1631975400000,48517.43,48522.85,48379.13,48419.94,1695.908,1631976299999,82143900.83377,16793,630.250,30524004.23254,0
1631976300000,48419.93,48500.00,48414.76,48476.26,807.928,1631977199999,39154947.64427,11696,360.976,17493478.23127,0
1631977200000,48476.26,48519.90,48428.64,48465.36,917.198,1631978099999,44466069.01808,13699,483.431,23438127.28668,0
1631978100000,48465.36,48510.50,48448.79,48484.86,684.905,1631978999999,33210566.69403,10845,354.729,17200786.91622,0
1631979000000,48485.37,48557.36,48355.01,48407.47,2007.000,1631979899999,97291952.74542,20455,924.729,44841789.91339,0
1631979900000,48407.47,48435.73,48257.00,48420.21,3328.521,1631980799999,160909771.25999,28344,1720.336,83171821.13471,0
1631980800000,48420.22,48521.65,48340.19,48393.70,2318.241,1631981699999,112281365.50013,24838,1162.501,56310715.21756,0
1631981700000,48393.71,48397.53,48274.74,48299.46,1778.511,1631982599999,85956191.22596,19250,813.206,39312141.01958,0
1631982600000,48299.46,48319.43,48188.00,48275.50,2762.841,1631983499999,133320056.45938,28433,1242.906,59988462.77587,0
1631983500000,48273.86,48333.89,48168.00,48212.15,2193.066,1631984399999,105813820.78306,22190,1127.690,54423317.73200,0
1631984400000,48212.16,48254.66,48144.00,48146.99,1601.255,1631985299999,77172888.11685,20199,733.635,35364061.49602,0
1631985300000,48147.80,48278.88,48108.02,48264.96,2677.149,1631986199999,129006142.16310,27911,1452.377,69988440.68321,0
1631986200000,48264.95,48347.61,48237.29,48313.30,1766.074,1631987099999,85272390.23743,18263,1043.099,50370662.11724,0
1631987100000,48313.31,48390.00,48302.24,48344.99,1610.889,1631987999999,77872056.19580,18106,801.893,38767296.76295,0
1631988000000,48344.99,48344.99,48239.11,48283.28,1019.001,1631988899999,49203625.97761,12991,426.260,20584445.75823,0
1631988900000,48283.28,48432.42,48267.15,48393.61,1386.077,1631989799999,67045557.44295,15876,740.290,35807698.56939,0
1631989800000,48393.60,48395.85,48316.93,48344.18,841.206,1631990699999,40679790.81815,11829,323.662,15652151.24001,0
1631990700000,48344.18,48345.00,48229.65,48298.42,1126.015,1631991599999,54357414.88989,13999,467.450,22563827.10480,0
1631991600000,48297.83,48303.28,48057.00,48184.92,2317.331,1631992499999,111630985.18112,23454,830.211,40003760.65990,0
1631992500000,48184.91,48240.41,48131.81,48209.22,1075.062,1631993399999,51803896.19933,15776,634.487,30574634.97643,0
1631993400000,48209.23,48209.23,48127.00,48179.96,900.581,1631994299999,43369344.63079,13548,491.176,23653377.32895,0
1631994300000,48179.96,48277.39,48115.51,48272.23,1287.935,1631995199999,62066822.72044,14985,758.941,36583094.38022,0
1631995200000,48272.24,48278.03,47832.24,47917.20,7071.873,1631996099999,339357562.46219,58662,2852.639,136882918.87594,0
1631996100000,47917.19,47980.00,47845.00,47895.93,2662.742,1631996999999,127580732.46838,27351,1541.112,73850499.18277,0
1631997000000,47895.93,47970.69,47813.66,47938.73,2029.603,1631997899999,97231262.51540,21414,1024.876,49103173.28303,0
1631997900000,47938.72,48044.81,47929.70,47970.69,1415.722,1631998799999,67957171.57748,17723,760.315,36495301.68992,0
1631998800000,47970.59,48120.00,47929.07,48108.89,1697.539,1631999699999,81531572.80222,19380,1021.434,49066227.23928,0
1631999700000,48108.20,48108.25,48034.67,48095.00,786.410,1632000599999,37805111.51844,13374,387.890,18648449.15220,0
1632000600000,48095.01,48095.01,47974.71,48016.40,852.949,1632001499999,40963495.37905,13164,287.627,13813210.96274,0
1632001500000,48016.41,48021.26,47862.09,47885.00,1106.540,1632002399999,53048073.72786,14228,413.122,19805412.30162,0
1632002400000,47885.00,48058.69,47843.33,48044.00,1720.761,1632003299999,82520308.31203,19579,983.920,47186415.64262,0
1632003300000,48043.99,48083.91,47970.13,48079.70,1011.930,1632004199999,48601380.78224,13534,555.951,26704805.68384,0
1632004200000,48079.70,48079.70,47970.69,48015.51,841.896,1632005099999,40420212.48189,11641,353.382,16966093.49506,0
1632005100000,48015.51,48061.98,47900.00,48051.63,1283.895,1632005999999,61581434.46158,14549,669.577,32118865.33387,0
1632006000000,48051.63,48350.00,47960.00,48259.94,4416.779,1632006899999,212789011.85511,37079,2384.421,114876880.60496,0
1632006900000,48259.94,48374.26,48113.57,48184.57,2565.687,1632007799999,123766132.67870,25508,1090.345,52600348.68360,0
1632007800000,48184.57,48189.80,48086.00,48114.16,1326.965,1632008699999,63870726.39616,15422,628.011,30229215.00937,0
1632008700000,48114.16,48330.00,48112.34,48285.15,1589.911,1632009599999,76664938.76927,17121,831.135,40074041.57618,0
1632009600000,48284.61,48364.64,48204.74,48237.71,2031.988,1632010499999,98094841.06330,21692,933.326,45063266.17421,0
1632010500000,48237.70,48237.70,48002.73,48019.87,2520.950,1632011399999,121281320.06440,22534,869.056,41810332.19864,0
1632011400000,48019.86,48115.77,47930.00,47954.28,1963.153,1632012299999,94263519.04986,22390,899.566,43193479.16721,0
1632012300000,47954.29,48014.98,47911.88,47940.54,1312.099,1632013199999,62936022.70142,17137,814.405,39067342.92558,0
1632013200000,47940.54,47940.54,47747.75,47879.99,3289.108,1632014099999,157346038.41465,32768,1393.089,66654584.23617,0
1632014100000,47880.00,47880.00,47663.00,47722.53,2854.966,1632014999999,136349466.93673,27099,1077.786,51486155.10794,0
1632015000000,47722.52,47790.36,47590.33,47790.36,3206.214,1632015899999,152904867.12599,33219,1588.706,75790441.25595,0
1632015900000,47790.36,47910.00,47786.73,47869.39,1940.968,1632016799999,92884628.97680,22639,1030.706,49322132.95752,0
1632016800000,47868.78,47868.78,47756.22,47853.71,1413.335,1632017699999,67572003.84675,17249,722.065,34525430.11781,0
1632017700000,47853.72,47999.00,47839.00,47989.45,2195.140,1632018599999,105264245.04997,20525,1200.684,57573483.75342,0
1632018600000,47989.45,47992.44,47871.00,47893.25,910.988,1632019499999,43655314.80998,13912,341.664,16372750.30407,0
1632019500000,47893.25,48021.02,47848.58,48008.17,1251.978,1632020399999,60026381.83361,16021,797.704,38248723.84841,0
1632020400000,48008.18,48050.00,47947.13,47970.99,934.224,1632021299999,44838172.13893,13959,467.439,22437305.70650,0
1632021300000,47971.00,47971.00,47779.17,47869.70,1484.762,1632022199999,71036008.08168,18173,615.037,29422255.23863,0
1632022200000,47869.71,47929.24,47800.00,47916.75,928.142,1632023099999,44427390.45882,12990,487.706,23347289.81132,0
1632023100000,47916.74,47950.00,47823.00,47850.55,681.184,1632023999999,32619439.95726,10579,325.873,15607078.37129,0
1632024000000,47850.54,47969.67,47812.53,47945.62,971.367,1632024899999,46525206.79251,13304,551.199,26401623.14407,0
1632024900000,47945.62,48035.97,47836.00,47837.11,1509.796,1632025799999,72388919.40166,15864,681.396,32676784.21186,0
1632025800000,47837.12,47867.27,47770.42,47802.16,1360.996,1632026699999,65071423.46374,15549,617.285,29518085.68676,0
1632026700000,47802.17,47876.89,47777.12,47855.99,933.560,1632027599999,44648610.53423,12099,536.809,25675397.82631,0
1632027600000,47855.99,47898.53,47772.50,47875.10,900.936,1632028499999,43104457.57486,12974,449.628,21514972.01292,0
1632028500000,47875.01,47950.42,47865.47,47920.13,893.415,1632029399999,42810849.02484,11635,493.748,23658732.10981,0
1632029400000,47920.12,47980.00,47897.95,47958.41,770.706,1632030299999,36954878.03839,11746,391.912,18792538.34497,0
1632030300000,47958.40,48030.16,47906.69,48008.67,1388.441,1632031199999,66603413.39662,14135,725.962,34830765.45477,0
1632031200000,48008.67,48120.31,47983.00,47984.34,2627.511,1632032099999,126300214.31277,24500,1267.175,60918914.87128,0
1632032100000,47984.34,48021.10,47881.85,47949.06,1570.574,1632032999999,75284983.19310,18354,784.561,37607577.10068,0
1632033000000,47949.06,48043.05,47946.15,48010.01,809.588,1632033899999,38860812.26511,12612,392.318,18831302.55058,0
1632033900000,48010.02,48150.00,47927.00,48124.95,2252.949,1632034799999,108255282.72911,20573,1388.005,66694099.23129,0
1632034800000,48124.95,48229.20,48074.09,48149.25,2577.331,1632035699999,124125037.53271,25790,1234.461,59458570.45515,0
1632035700000,48149.24,48154.12,48043.17,48058.99,1104.432,1632036599999,53107578.52517,14413,455.374,21896320.74741,0
1632036600000,48058.99,48105.58,48013.00,48016.57,803.287,1632037499999,38610069.54019,12707,443.614,21325206.61873,0
1632037500000,48016.56,48170.46,47931.00,48156.25,2178.270,1632038399999,104725711.45525,22833,1098.581,52820238.20231,0
1632038400000,48159.20,48286.05,48130.38,48236.07,2616.438,1632039299999,126182212.88004,26463,1440.959,69495292.57667,0
1632039300000,48236.06,48254.84,48132.62,48170.69,1300.797,1632040199999,62675714.95989,17135,475.902,22932293.55770,0
1632040200000,48170.69,48308.37,48170.69,48287.70,1422.153,1632041099999,68638610.67136,18602,799.027,38563244.23145,0
1632041100000,48287.70,48289.00,48238.58,48250.04,814.605,1632041999999,39313708.18505,13344,366.255,17676324.58940,0
1632042000000,48250.04,48343.56,48200.00,48200.00,1570.315,1632042899999,75807326.11645,18263,760.139,36709777.29941,0
1632042900000,48200.01,48240.93,48100.00,48149.98,1986.522,1632043799999,95670013.75212,22741,901.141,43400655.89240,0
1632043800000,48149.98,48200.00,48072.01,48174.03,1046.478,1632044699999,50386604.70002,15557,549.729,26473116.22807,0
1632044700000,48174.02,48224.53,48120.00,48120.00,837.584,1632045599999,40363008.62835,13320,403.158,19430449.56413,0
1632045600000,48120.01,48176.87,48080.00,48083.63,1240.714,1632046499999,59717152.67977,16116,664.733,31996323.47903,0
1632046500000,48083.64,48138.00,48068.40,48129.12,1129.334,1632047399999,54320858.47970,14612,596.986,28717707.68350,0
1632047400000,48129.13,48164.64,48083.02,48138.47,833.068,1632048299999,40091100.45969,13156,476.889,22952003.26396,0
1632048300000,48138.47,48181.20,48062.00,48077.69,1058.479,1632049199999,50932324.42232,14569,538.089,25896268.86091,0
1632049200000,48077.69,48092.00,47862.06,47907.89,4052.140,1632050099999,194298060.21414,40433,1803.992,86494224.55714,0
1632050100000,47907.89,47955.21,47819.44,47872.01,2133.776,1632050999999,102152780.06468,26033,1024.778,49064974.31065,0
1632051000000,47872.00,47872.01,47607.00,47693.03,5293.582,1632051899999,252760246.38864,45565,2290.750,109396104.23998,0
1632051900000,47693.03,47693.03,47186.03,47344.16,14346.298,1632052799999,679830688.41575,115182,6377.324,302174735.38060,0
1632052800000,47344.16,47438.98,47150.10,47404.90,7749.914,1632053699999,366268347.17784,69376,4097.761,193696568.04311,0
1632053700000,47404.90,47449.46,47265.86,47299.40,4535.274,1632054599999,214805999.75184,38675,1876.168,88870392.05349,0
1632054600000,47299.39,47356.12,47050.00,47236.00,6547.460,1632055499999,309034488.40334,51104,2688.937,126938484.67379,0
1632055500000,47236.00,47290.00,47169.62,47281.60,2180.739,1632056399999,103028406.89259,22804,1156.441,54646157.71526,0
1632056400000,47281.60,47380.00,47205.12,47367.95,2715.295,1632057299999,128512948.05162,28018,1464.720,69325612.99181,0
1632057300000,47367.95,47372.74,47200.22,47262.99,2249.977,1632058199999,106375382.26390,23308,983.866,46510602.55699,0
1632058200000,47263.00,47350.00,47236.82,47340.29,1609.092,1632059099999,76104145.41236,16858,942.606,44583819.60270,0
1632059100000,47340.29,47384.17,47288.00,47328.00,1533.376,1632059999999,72599671.39440,17756,797.574,37764578.20472,0
1632060000000,47328.71,47550.00,47270.00,47514.41,5069.612,1632060899999,240544779.59705,42383,2947.180,139844726.36184,0
1632060900000,47515.00,47575.00,47451.00,47455.70,2756.046,1632061799999,130955386.31821,25628,1269.147,60312085.68289,0
1632061800000,47455.70,47634.24,47450.00,47604.53,2279.280,1632062699999,108381016.28867,21384,1374.634,65361398.97495,0
1632062700000,47604.54,47705.00,47566.60,47571.66,3156.202,1632063599999,150351796.20416,29657,1560.296,74338167.19471,0
1632063600000,47571.66,47682.00,47525.00,47539.50,2084.458,1632064499999,99220471.60444,22555,989.017,47083991.27606,0
1632064500000,47539.50,47718.19,47539.50,47640.49,2052.530,1632065399999,97813206.97696,20993,1057.807,50408331.83877,0
1632065400000,47640.48,47770.00,47610.56,47693.62,2142.436,1632066299999,102193690.59936,22467,1114.464,53162966.22589,0
1632066300000,47693.61,47743.48,47655.82,47656.61,1277.134,1632067199999,60928056.94840,15901,691.605,32997007.92119,0
1632067200000,47656.62,47718.76,47505.00,47661.58,3423.430,1632068099999,163009428.71603,30624,1632.406,77727351.90975,0
1632068100000,47661.58,47744.53,47615.72,47620.32,1760.255,1632068999999,83929010.57669,18268,806.675,38464798.74600,0
1632069000000,47620.31,47720.00,47517.00,47532.42,1849.146,1632069899999,88096191.11761,17524,973.727,46401429.70170,0
1632069900000,47532.57,47637.10,47532.19,47555.74,1075.658,1632070799999,51186783.74277,13756,545.148,25942881.20998,0
1632070800000,47555.74,47673.73,47546.00,47594.49,1327.179,1632071699999,63185834.21230,14377,806.354,38391733.71111,0
1632071700000,47594.49,47655.99,47382.67,47512.70,2150.545,1632072599999,102221316.11248,21427,887.502,42205495.41812,0
1632072600000,47512.69,47512.70,47353.51,47353.51,2322.335,1632073499999,110102210.41461,23091,971.358,46054059.41711,0
1632073500000,47353.52,47427.94,47302.63,47384.00,2126.938,1632074399999,100739325.67731,20760,1057.812,50107451.17532,0
1632074400000,47383.99,47466.25,47302.99,47455.02,1964.891,1632075299999,93151487.94646,18949,925.765,43888483.09705,0
1632075300000,47455.01,47567.70,47388.00,47565.23,1350.386,1632076199999,64117999.66323,14947,756.049,35903310.32138,0
1632076200000,47565.22,47800.00,47551.48,47675.01,3532.856,1632077099999,168589624.58725,33403,1772.421,84572801.53504,0
1632077100000,47675.01,47716.94,47582.42,47662.42,1881.460,1632077999999,89631703.20608,17789,839.351,39991795.65795,0
1632078000000,47662.42,47750.00,47630.80,47665.00,1198.994,1632078899999,57187049.35433,14418,616.034,29381664.59380,0
1632078900000,47665.00,47692.44,47552.56,47578.81,1246.867,1632079799999,59358158.50119,14714,630.751,30026346.21492,0
1632079800000,47578.81,47620.00,47518.72,47558.64,1196.821,1632080699999,56928217.51439,13214,509.511,24233523.59380,0
1632080700000,47558.63,47606.78,47350.00,47389.98,1890.316,1632081599999,89692454.33003,21535,806.866,38281789.67075,0
1632081600000,47389.99,47467.58,47262.01,47398.78,2594.192,1632082499999,122866821.89061,26590,1433.185,67889130.79588,0
1632082500000,47398.78,47495.99,47362.02,47460.82,1012.263,1632083399999,48020896.36180,13491,554.800,26320251.31024,0
1632083400000,47460.81,47585.81,47435.25,47525.41,966.842,1632084299999,45932916.43078,13509,533.900,25367507.12430,0
1632084300000,47525.42,47610.00,47482.64,47593.15,930.859,1632085199999,44266472.76102,12888,491.184,23361609.29883,0
1632085200000,47593.14,47675.00,47541.40,47543.89,1336.041,1632086099999,63619558.96305,16223,565.715,26942155.29125,0
1632086100000,47542.01,47597.31,47389.45,47442.23,1399.489,1632086999999,66439525.76638,17451,692.948,32898348.81245,0
1632087000000,47442.23,47593.21,47431.00,47520.47,990.576,1632087899999,47059853.57425,13506,567.628,26966709.47063,0
1632087900000,47520.48,47533.37,47355.00,47464.22,1283.946,1632088799999,60910524.39904,15602,594.354,28199612.97527,0
1632088800000,47464.22,47619.80,47380.00,47402.07,1970.913,1632089699999,93628450.67488,20409,825.899,39243653.49206,0
1632089700000,47402.08,47435.98,47040.00,47245.39,6376.488,1632090599999,300808489.01399,54437,2733.469,128955095.58298,0
1632090600000,47245.39,47314.99,47052.20,47080.00,3600.668,1632091499999,169791215.57067,30056,1699.256,80137897.32884,0
1632091500000,47079.99,47197.73,46840.00,47052.45,9041.509,1632092399999,424767071.17816,65016,4421.151,207743567.43945,0
1632092400000,47052.50,47162.00,46982.00,47100.43,2460.661,1632093299999,115799379.32609,23987,1230.751,57925434.33866,0
1632093300000,47100.43,47245.11,47064.96,47218.05,2038.528,1632094199999,96179058.03901,22541,1149.836,54253540.25033,0
1632094200000,47218.05,47378.95,47190.00,47238.81,1948.751,1632095099999,92108718.29609,22537,904.186,42740333.05774,0
1632095100000,47238.49,47275.47,47158.87,47256.91,1188.664,1632095999999,56118281.86067,15070,569.144,26874712.29082,0
1632096000000,47256.92,47345.00,47063.00,47151.36,2914.283,1632096899999,137599565.43283,26203,1201.944,56743966.07879,0
1632096900000,47151.35,47202.38,46805.00,46935.10,5084.549,1632097799999,238781174.50354,45066,2242.517,105330072.70339,0
1632097800000,46935.83,47100.00,46786.00,47044.16,4294.255,1632098699999,201524508.07872,37357,2255.624,105891711.03153,0
1632098700000,47045.94,47045.94,46880.00,46998.36,1911.179,1632099599999,89731218.07940,21311,866.503,40684722.28120,0
1632099600000,46998.36,47135.15,46920.60,47055.38,1580.025,1632100499999,74356427.59802,20174,860.332,40487265.85390,0
1632100500000,47055.39,47199.78,47006.66,47118.10,1645.774,1632101399999,77537575.86187,18187,999.486,47094260.40770,0
1632101400000,47118.11,47187.63,47090.00,47164.84,932.890,1632102299999,43980606.65079,13798,475.035,22394733.78211,0
1632102300000,47164.83,47294.00,47105.38,47223.51,1701.314,1632103199999,80339381.20826,19064,1005.752,47494350.89457,0
1632103200000,47223.51,47265.03,47163.00,47197.03,1344.797,1632104099999,63486554.80331,15383,602.989,28467706.12377,0
1632104100000,47197.04,47225.60,46904.65,46930.94,2648.792,1632104999999,124625266.41266,24011,1034.983,48685666.19595,0
1632105000000,46930.94,46963.76,45803.01,45986.75,28340.595,1632105899999,1310304429.89511,201838,11567.469,534497543.57599,0
1632105900000,45990.03,46130.00,45923.00,45954.95,5947.783,1632106799999,273887155.07282,48796,2946.835,135705824.82171,0
1632106800000,45952.00,46080.00,45111.00,45549.15,22409.962,1632107699999,1020231559.84933,158392,9714.590,442272262.91277,0
1632107700000,45549.15,45749.99,45485.35,45552.82,4632.394,1632108599999,211451671.85209,45233,2452.548,111953381.84706,0
1632108600000,45552.82,45701.30,45500.00,45588.00,3285.600,1632109499999,149837701.48211,30637,1657.775,75608560.18128,0
1632109500000,45587.99,45700.00,45503.65,45552.92,2506.198,1632110399999,114322359.65945,26509,1410.870,64367720.82957,0
1632110400000,45552.92,45623.50,45345.40,45397.75,5231.299,1632111299999,237882977.12606,45914,2415.569,109867985.84315,0
1632111300000,45397.76,45631.00,45365.60,45611.97,2644.192,1632112199999,120410848.48455,27355,1631.466,74289591.35299,0
1632112200000,45611.97,45740.00,45581.55,45712.46,2645.096,1632113099999,120829181.82049,26518,1486.604,67908617.41703,0
1632113100000,45712.51,45782.55,45628.95,45655.60,1946.911,1632113999999,88951341.81515,22996,952.363,43518555.80633,0
1632114000000,45655.60,45779.37,45640.01,45773.34,1664.977,1632114899999,76138098.59423,18946,954.681,43658279.87509,0
1632114900000,45773.34,45845.00,45734.11,45808.99,1714.780,1632115799999,78505890.39413,20020,950.748,43534489.65849,0
1632115800000,45808.12,45809.02,45640.00,45650.25,1721.185,1632116699999,78705749.60438,18281,617.465,28239377.54974,0
1632116700000,45650.25,45762.19,45600.00,45729.33,1538.295,1632117599999,70279895.94889,18617,826.173,37751354.63079,0
1632117600000,45729.79,45799.00,45610.00,45621.85,1694.080,1632118499999,77445903.82328,20091,822.582,37612096.46104,0
1632118500000,45621.86,45726.12,45507.87,45638.24,1777.685,1632119399999,81115662.21454,22187,865.870,39520842.10508,0
1632119400000,45638.24,45685.15,45507.26,45559.00,1715.969,1632120299999,78205563.03248,20331,921.093,41979803.92431,0
1632120300000,45559.01,45667.60,45450.01,45641.49,2556.734,1632121199999,116464490.52937,23980,1357.006,61829567.59686,0
1632121200000,45641.50,45797.58,45589.62,45616.73,2780.053,1632122099999,127037903.41231,27366,1528.654,69855994.80529,0
1632122100000,45616.73,45640.00,45359.36,45408.07,4190.116,1632122999999,190544266.49887,36423,1814.238,82518880.70424,0
1632123000000,45408.06,45471.98,44377.55,44822.75,19599.526,1632123899999,878862783.86601,144985,8183.119,366868706.45664,0
1632123900000,44822.76,45050.00,44650.00,44825.72,6791.827,1632124799999,304510348.60867,61351,3666.945,164446194.46912,0
1632124800000,44825.73,45086.54,44680.00,44915.00,6088.775,1632125699999,273428390.11189,56389,3305.011,148431100.05124,0
1632125700000,44915.00,45052.44,44862.00,44956.38,3027.343,1632126599999,136105104.51860,29764,1716.926,77196711.77793,0
1632126600000,44956.37,45140.00,44921.82,45119.98,3192.904,1632127499999,143842438.00200,30746,1848.135,83269147.41047,0
1632127500000,45119.99,45159.39,44980.00,45055.51,2642.739,1632128399999,119118498.05585,25685,1183.376,53348712.97139,0
1632128400000,45055.50,45111.00,44894.40,45082.78,3354.010,1632129299999,150933954.58708,30057,1544.478,69522326.34418,0
1632129300000,45082.78,45199.00,45010.00,45010.00,2035.897,1632130199999,91850592.69589,23697,998.428,45052872.44559,0
1632130200000,45010.00,45057.82,44905.11,44922.71,2284.712,1632131099999,102773993.40909,25166,1016.984,45751488.79435,0
1632131100000,44924.48,45014.00,44764.81,44864.29,3784.132,1632131999999,169878664.23030,35982,1803.190,80957534.68824,0
1632132000000,44864.28,44917.50,44449.89,44861.47,7574.111,1632132899999,338587585.70557,64928,3291.294,147199960.16606,0
1632132900000,44861.47,45300.00,44843.13,44864.36,10479.693,1632133799999,472155967.79705,90150,5098.174,229751445.51175,0
1632133800000,44864.37,44984.19,44533.18,44559.77,10187.992,1632134699999,455418660.05569,80783,5011.876,224036003.30246,0
1632134700000,44559.76,44781.31,44234.29,44594.14,11385.671,1632135599999,507531543.62786,86976,5768.648,257305221.86683,0
1632135600000,44594.14,44637.66,44004.00,44259.29,16244.002,1632136499999,719777331.73902,123514,7400.586,328007201.59552,0
1632136500000,44259.29,44443.93,43550.17,43857.11,15989.624,1632137399999,704291707.71365,114560,6391.042,281778198.19728,0
1632137400000,43858.29,44245.75,43398.72,43509.42,20086.485,1632138299999,880768812.59087,149667,9304.860,408297032.31356,0
1632138300000,43494.84,43787.76,43200.00,43731.44,18099.685,1632139199999,788504378.40720,138782,9369.160,408410736.48593,0
1632139200000,43730.01,44050.55,43454.55,43487.10,12312.114,1632140099999,538686539.06566,105183,6229.615,272615978.69075,0
1632140100000,43488.26,43910.23,42956.35,43132.66,23580.694,1632140999999,1022277635.31143,183420,11116.946,482323762.64485,0
1632141000000,43134.06,43357.56,42467.86,43234.75,32175.139,1632141899999,1379557910.75737,253216,15507.289,665304935.29682,0
1632141900000,43230.48,43600.00,43165.78,43535.00,14856.511,1632142799999,644806484.61782,129927,7350.083,319067159.42155,0
1632142800000,43535.00,43535.00,43143.00,43344.76,9097.201,1632143699999,394220658.58089,84528,4187.639,181494775.62026,0
1632143700000,43341.71,43926.61,43255.95,43803.90,13346.403,1632144599999,583169698.84423,112737,7289.662,318567117.56149,0
1632144600000,43803.90,43950.00,43593.96,43922.70,7651.157,1632145499999,335078636.33362,71962,3727.108,163268838.98032,0
1632145500000,43921.97,44148.84,43744.75,44037.11,9177.252,1632146399999,403514408.74018,78594,4915.889,216167314.57190,0
1632146400000,44037.12,44122.23,43865.00,43970.00,5142.840,1632147299999,226239390.33238,50093,2258.214,99361153.41854,0
1632147300000,43969.91,44055.89,43701.00,43978.94,6007.582,1632148199999,263470584.07541,55386,2956.750,129680529.78947,0
1632148200000,43978.94,44014.81,43800.61,43820.62,5589.022,1632149099999,245481497.19534,40325,2389.356,104942657.51404,0
1632149100000,43820.62,43947.60,43705.50,43798.20,4355.158,1632149999999,190891158.43155,35401,2400.416,105223284.82784,0
1632150000000,43798.00,44000.00,43400.00,43985.95,11240.114,1632150899999,491145362.36255,82926,5494.649,240177158.97260,0
1632150900000,43983.06,43988.92,43845.09,43929.99,2734.108,1632151799999,120065318.82600,27120,1214.661,53343290.93091,0
1632151800000,43930.00,43999.95,43726.08,43761.33,4643.934,1632152699999,203626055.21872,37399,2063.997,90510154.15200,0
1632152700000,43758.80,44024.16,43660.03,43836.90,5542.085,1632153599999,242822199.76697,41606,3333.724,146089081.57965,0
1632153600000,43836.90,43872.96,43573.41,43819.99,5270.642,1632154499999,230508562.26094,48549,2718.611,118920888.41427,0
1632154500000,43819.99,44108.83,43720.60,44003.89,5623.359,1632155399999,247029974.46742,47948,3077.257,135203897.59189,0
1632155400000,44004.08,44097.52,43961.08,43999.11,3167.751,1632156299999,139476128.64368,33746,1442.505,63522114.25562,0
1632156300000,43999.10,43999.11,43817.11,43841.60,2705.906,1632157199999,118747182.35641,27165,1400.955,61478270.80049,0
1632157200000,43842.20,43934.93,43729.51,43756.30,2498.428,1632158099999,109475216.14587,27086,1249.306,54748208.22434,0
1632158100000,43756.29,43983.11,43735.00,43970.08,2049.220,1632158999999,89908679.03649,22544,1160.356,50914811.68825,0
1632159000000,43972.27,44260.00,43846.00,44088.48,4750.301,1632159899999,209354935.95474,42828,2691.800,118661812.96447,0
1632159900000,44088.48,44153.37,44009.48,44040.82,1943.406,1632160799999,85615275.01549,20400,894.344,39403065.03341,0
1632160800000,44040.82,44117.60,43892.39,43897.67,2872.180,1632161699999,126305220.77098,28410,1510.413,66424003.22528,0
1632161700000,43897.01,43956.24,43600.00,43600.00,4547.249,1632162599999,198789300.14368,42541,1898.621,82996155.78078,0
1632162600000,43600.00,43671.84,43222.00,43459.57,7605.083,1632163499999,330247653.94830,68648,3897.611,169256767.89129,0
1632163500000,43455.93,43631.24,43313.11,43416.21,4717.666,1632164399999,205057952.97296,42506,2284.168,99310295.18864,0
1632164400000,43416.21,43524.09,43111.00,43232.58,7015.756,1632165299999,303778296.73067,63081,3371.205,146027852.01947,0
1632165300000,43232.58,43329.91,42910.00,43083.81,8241.532,1632166199999,355048290.94738,72891,4033.503,173774833.16851,0
1632166200000,43083.81,43915.72,43078.29,43694.02,10591.820,1632167099999,461407823.67949,85927,6139.972,267400721.34847,0
1632167100000,43700.68,43966.09,43567.92,43852.02,5124.306,1632167999999,224268281.40834,47950,2582.226,113014364.59330,0
1632168000000,43852.01,43971.35,43771.21,43808.77,2908.391,1632168899999,127591622.38066,30602,1212.119,53191843.97758,0
1632168900000,43808.78,43858.03,43635.00,43645.67,2116.195,1632169799999,92534780.64718,22266,786.377,34399004.71200,0
1632169800000,43645.67,43790.96,43354.17,43430.28,3627.761,1632170699999,158037604.76632,35875,1645.504,71711833.81526,0
1632170700000,43430.28,43599.00,43210.65,43547.88,4203.707,1632171599999,182322978.02981,39481,2397.468,104013177.73190,0
1632171600000,43548.03,43802.11,43438.52,43700.51,3905.727,1632172499999,170444083.02866,41272,2074.594,90537253.08422,0
1632172500000,43701.66,43833.00,43635.00,43755.03,1681.794,1632173399999,73566157.46216,21132,875.600,38306688.25202,0
1632173400000,43755.02,43790.00,43668.40,43790.00,922.737,1632174299999,40340478.97972,14905,477.801,20890856.00421,0
1632174300000,43789.99,43925.00,43480.00,43536.47,2473.002,1632175199999,108063032.75260,28359,1128.649,49353587.08924,0
1632175200000,43536.46,43800.00,43528.71,43712.81,1833.744,1632176099999,80050605.74977,22814,1074.778,46914396.83536,0
1632176100000,43712.81,43871.22,43700.00,43772.02,1365.883,1632176999999,59834452.81929,19895,678.742,29736806.70692,0
1632177000000,43772.03,43940.13,43746.46,43750.08,1459.651,1632177899999,64005691.14084,19679,648.248,28432012.60353,0
1632177900000,43750.08,43774.12,43037.03,43347.99,8228.862,1632178799999,356439858.45758,68588,3764.920,163049254.35196,0
1632178800000,43347.98,43637.33,42950.00,43228.38,8297.520,1632179699999,359078142.49610,70192,4178.211,180850605.75028,0
1632179700000,43228.37,43348.60,42653.00,42680.32,10260.245,1632180599999,440175480.96387,84794,4376.745,187843685.82649,0
1632180600000,42680.32,42882.62,42561.62,42671.90,7747.181,1632181499999,330999181.05863,65803,3906.830,166955374.72065,0
1632181500000,42670.71,43050.00,42662.53,43026.60,5705.420,1632182399999,244754400.67647,46004,3163.471,135730670.32885,0
1632182400000,43026.61,43058.00,41900.00,42073.51,19946.946,1632183299999,845171373.43798,152322,7703.496,326454223.38366,0
1632183300000,42077.21,42400.98,40129.23,41068.97,55077.403,1632184199999,2261537964.63502,375330,25120.290,1031403178.19084,0
1632184200000,41068.96,42100.00,40805.33,41914.99,23662.054,1632185099999,981674074.55728,166844,13281.773,551244177.40314,0
1632185100000,41914.98,41973.04,41626.42,41673.94,7125.060,1632185999999,297627078.62684,64154,3315.841,138513872.27273,0
1632186000000,41673.93,41971.34,41541.80,41631.41,6634.009,1632186899999,277149203.04548,51740,3001.690,125430815.09668,0
1632186900000,41631.41,42268.00,41604.67,42215.69,7377.066,1632187799999,309678680.82524,58036,4322.046,181468413.61875,0
1632187800000,42215.69,42832.89,42100.00,42613.84,10473.211,1632188699999,445031413.03822,88027,5728.090,243443895.60264,0
1632188700000,42613.47,42785.00,42470.00,42737.99,5468.692,1632189599999,232872504.24263,47924,2652.818,113009552.72917,0
1632189600000,42740.25,42876.00,42500.17,42875.85,7080.375,1632190499999,302574784.03166,54392,3308.923,141424260.54742,0
1632190500000,42872.46,42909.22,42666.00,42686.96,4257.140,1632191399999,182012222.02382,34293,1867.871,79860175.43519,0
1632191400000,42686.95,42798.50,42612.91,42744.11,2273.626,1632192299999,97070567.69164,24833,1150.549,49127908.76798,0
1632192300000,42744.12,43103.74,42739.00,42874.08,4733.786,1632193199999,203287411.52825,42010,2575.442,110612291.55895,0
1632193200000,42874.08,42950.00,42797.02,42945.18,2189.926,1632194099999,93861749.40486,24570,1034.940,44364853.16091,0
1632194100000,42945.17,42945.72,42726.80,42872.28,2603.735,1632194999999,111489530.52657,24979,1033.016,44246596.04276,0
1632195000000,42872.28,42879.91,42633.33,42734.53,3600.361,1632195899999,153776532.03977,29888,1710.284,73040787.83122,0
1632195900000,42734.53,42789.27,42566.29,42668.97,2626.808,1632196799999,112094558.98132,26455,1208.432,51571141.81888,0
1632196800000,42668.98,42874.53,42440.00,42541.61,6186.428,1632197699999,263837664.88303,44271,2787.804,118928489.33319,0
1632197700000,42541.62,42628.58,42314.84,42347.69,3587.899,1632198599999,152292653.87148,34920,1662.286,70568818.78267,0
1632198600000,42346.18,42497.46,42300.00,42300.00,2664.517,1632199499999,112979745.22622,27629,1422.330,60318221.54680,0
1632199500000,42300.00,42498.98,42284.49,42417.02,2222.233,1632200399999,94219799.92027,24157,1291.940,54781136.92872,0
1632200400000,42417.02,42564.92,42321.38,42342.30,2330.643,1632201299999,98889796.76955,25477,1175.372,49876136.86430,0
1632201300000,42342.29,42421.80,42154.36,42372.39,4141.647,1632202199999,175048480.27027,38561,2087.165,88229575.56851,0
1632202200000,42372.38,42487.59,42350.07,42438.36,2005.561,1632203099999,85096128.38799,23003,1121.934,47607140.02256,0
1632203100000,42438.05,42740.00,42356.00,42549.97,4274.419,1632203999999,181929834.60018,35744,2339.001,99585483.49960,0
1632204000000,42549.97,42837.15,42539.27,42663.38,3866.286,1632204899999,165052680.51484,32999,2069.531,88360406.99215,0
1632204900000,42661.72,42843.04,42611.38,42835.00,2087.679,1632205799999,89174182.57712,22019,1223.072,52262238.98996,0
1632205800000,42834.99,43056.87,42717.20,42868.32,5234.567,1632206699999,224706908.87210,47406,2555.594,109711168.54400,0
1632206700000,42868.31,42881.86,42715.00,42873.19,3013.173,1632207599999,128978800.45347,26402,1465.141,62725164.44521,0
1632207600000,42873.19,42972.80,42822.00,42882.69,2173.398,1632208499999,93240319.99962,23123,1076.372,46179902.31015,0
1632208500000,42881.45,42960.00,42790.31,42915.68,2123.086,1632209399999,91022426.05366,23820,1030.402,44184751.28079,0
1632209400000,42920.00,43220.01,42717.27,43106.10,4665.306,1632210299999,200531764.65297,40738,2686.091,115564822.42124,0
1632210300000,43106.10,43330.00,43030.72,43282.03,6057.550,1632211199999,261611800.90719,52904,3308.448,142890181.75869,0
1632211200000,43281.63,43281.65,43106.39,43115.22,3131.012,1632212099999,135199779.22905,32680,1339.404,57845664.60029,0
1632212100000,43116.13,43220.01,43026.16,43215.58,3129.040,1632212999999,134851762.91340,30065,1489.620,64217616.92072,0
1632213000000,43215.57,43399.00,43072.18,43342.92,3946.599,1632213899999,170681294.11121,39571,2188.635,94672932.44951,0
1632213900000,43342.93,43460.00,43233.00,43245.64,3820.051,1632214799999,165617201.94964,37300,1800.404,78086804.82013,0
1632214800000,43245.64,43410.65,43076.00,43175.48,3866.235,1632215699999,167044544.38237,35862,1922.002,83078756.61407,0
1632215700000,43175.49,43264.96,43106.75,43208.35,1994.605,1632216599999,86170214.18021,23766,1200.975,51889812.68270,0
1632216600000,43208.35,43322.50,43200.00,43244.74,1549.519,1632217499999,67014775.03235,20152,699.817,30270332.11476,0
1632217500000,43244.74,43314.54,43055.40,43136.30,2618.046,1632218399999,112997922.73259,27993,1083.832,46786138.38380,0
1632218400000,43136.30,43239.00,43086.08,43114.74,1875.207,1632219299999,80931061.96422,21279,817.094,35266648.53178,0
1632219300000,43114.74,43275.03,43050.00,43181.77,2835.741,1632220199999,122348983.98288,26315,1433.967,61879313.29850,0
1632220200000,43181.77,43430.00,43093.50,43332.69,3436.334,1632221099999,148778576.26803,35349,1706.014,73862324.86492,0
1632221100000,43333.76,43629.60,43314.02,43420.65,5842.449,1632221999999,254056967.72563,53063,3354.817,145901567.18684,0
1632222000000,43420.66,43489.72,43274.05,43285.01,3091.859,1632222899999,134070568.83931,29141,1116.314,48412667.08754,0
1632222900000,43285.00,43496.14,43274.05,43487.63,2118.582,1632223799999,91917061.99584,24132,1220.513,52951594.60411,0
1632223800000,43484.64,43554.93,43362.10,43401.09,2559.459,1632224699999,111208817.85525,25987,1246.590,54155005.16311,0
1632224700000,43401.09,43448.73,43213.43,43269.19,2315.923,1632225599999,100298678.55436,26504,1099.399,47615612.82868,0
1632225600000,43269.19,43535.55,43121.90,43342.99,4505.033,1632226499999,195314588.83501,43751,2239.507,97117785.93587,0
1632226500000,43344.01,43400.00,43053.74,43281.09,6890.181,1632227399999,297821426.12832,58289,3512.505,151824651.37099,0
1632227400000,43281.10,43330.00,43080.00,43184.84,3298.368,1632228299999,142403764.92598,32069,1688.504,72904306.21379,0
1632228300000,43184.84,43358.72,43100.37,43109.73,2766.879,1632229199999,119665864.55071,28593,1330.419,57542554.45394,0
1632229200000,43109.73,43192.09,42905.01,42939.89,5592.398,1632230099999,240632444.64009,52684,2663.154,114600563.33601,0
1632230100000,42938.23,43131.66,42822.01,43093.14,4599.664,1632230999999,197734255.17025,42351,2437.671,104837424.96264,0
1632231000000,43093.12,43265.18,42905.18,43193.13,4895.242,1632231899999,210975817.46016,44436,2567.612,110656542.19462,0
1632231900000,43193.52,43322.70,43080.00,43122.12,3691.306,1632232799999,159485487.83704,34910,1797.282,77658856.14944,0
1632232800000,43122.12,43162.77,42459.20,42589.99,12585.445,1632233699999,537455613.55972,94798,5232.899,223446668.01401,0
1632233700000,42590.00,42816.60,42460.21,42676.76,7459.246,1632234599999,318275724.87421,60074,3741.903,159685874.81626,0
1632234600000,42676.76,42738.62,42570.90,42573.23,3375.902,1632235499999,143996299.35883,35201,1625.906,69360752.49506,0
1632235500000,42573.21,42633.67,42151.00,42419.50,9885.430,1632236399999,418991478.16973,86309,4518.480,191548670.10977,0
1632236400000,42419.50,42653.57,42305.15,42604.34,6776.421,1632237299999,288098755.58465,56503,3699.989,157338510.21416,0
1632237300000,42604.34,42700.00,42561.32,42636.18,2352.766,1632238199999,100303646.24252,27991,1251.072,53343070.51364,0
1632238200000,42636.18,43337.77,42578.32,43114.71,12829.940,1632239099999,552098784.60493,97938,7326.316,315166847.95208,0
1632239100000,43114.71,43124.17,42980.71,43066.21,2652.184,1632239999999,114138955.91136,28686,1165.885,50179938.80709,0
1632240000000,43065.58,43272.81,42966.18,43002.18,5376.521,1632240899999,231799371.94522,46626,2639.230,113813458.82619,0
1632240900000,43002.18,43123.98,42740.57,43026.58,6068.557,1632241799999,260329046.07498,57141,3082.159,132252911.87494,0
1632241800000,43022.56,43022.58,42476.52,42624.67,6538.844,1632242699999,279316328.13509,60105,3140.814,134160299.57715,0
1632242700000,42624.67,42733.58,42355.00,42450.80,6170.222,1632243599999,262416588.71439,56987,3256.474,138539427.52141,0
1632243600000,42450.80,42600.00,42301.65,42346.66,7052.808,1632244499999,299292262.82455,64109,3635.561,154317878.67301,0
1632244500000,42346.66,42453.97,41817.00,42120.89,13703.130,1632245399999,577153805.91657,111845,5952.082,250702507.67138,0
1632245400000,42121.64,42162.16,41671.00,41853.95,9052.887,1632246299999,379163052.97312,86133,4439.656,185984111.95759,0
1632246300000,41853.94,41899.58,41480.11,41687.77,11790.917,1632247199999,491220530.14610,93109,5622.345,234290738.68892,0
1632247200000,41687.77,42440.00,41616.80,42327.95,15821.066,1632248099999,666091883.13541,117837,9386.826,395158683.12875,0
1632248100000,42327.92,42819.31,42273.83,42390.01,14783.437,1632248999999,630014509.71870,116563,7611.696,324345387.62419,0
1632249000000,42390.00,42485.56,42131.08,42220.00,6647.819,1632249899999,280910145.85962,60592,3380.715,142866942.67546,0
1632249900000,42220.00,42580.41,42080.00,42200.01,6460.125,1632250799999,273134333.20488,55520,3604.314,152400837.39140,0
1632250800000,42200.01,42400.00,41731.88,41775.01,6816.677,1632251699999,286639760.84775,60124,2857.463,120218189.98965,0
1632251700000,41775.17,42100.00,41716.07,41957.31,4842.036,1632252599999,202775410.02233,48875,2907.833,121800046.64924,0
1632252600000,41956.21,42484.21,41935.00,42294.78,6125.997,1632253499999,258890598.62475,52526,3454.430,145985626.33840,0
1632253500000,42293.89,42308.23,41982.96,41999.99,3364.364,1632254399999,141788861.55280,33869,1214.455,51193644.21624,0
1632254400000,41999.99,42325.00,41740.53,41770.05,7005.799,1632255299999,294260257.60547,63215,3497.950,146929820.73826,0
1632255300000,41770.05,42007.89,41544.51,41612.87,7886.346,1632256199999,329338502.35146,68256,3631.474,151739780.55444,0
1632256200000,41612.86,41683.28,40836.99,41200.00,15645.813,1632257099999,645052688.36658,133096,7242.031,298654852.50032,0
1632257100000,41200.00,41391.19,40733.60,40964.71,14799.171,1632257999999,606499497.11220,126825,7848.990,321733770.64860,0
1632258000000,40964.70,41200.00,40332.00,40350.62,16073.186,1632258899999,653318698.74428,146181,7381.974,300200886.45347,0
1632258900000,40350.62,41292.70,39503.58,40956.93,47244.444,1632259799999,1904900786.73855,329208,21769.665,879149063.30770,0
1632259800000,40956.93,41788.87,40950.01,41752.84,10756.373,1632260699999,444488359.22952,97865,5629.954,232754499.19765,0
1632260700000,41750.75,41948.00,41321.78,41366.68,8044.747,1632261599999,334667745.82021,75160,3672.656,152842089.54271,0
1632261600000,41366.70,41589.98,41240.00,41456.63,5501.771,1632262499999,227786903.33467,55843,3036.923,125761682.20293,0
1632262500000,41455.40,41641.00,41012.53,41174.33,7370.696,1632263399999,304353448.06996,63560,3337.569,137880036.89931,0
1632263400000,41174.27,41275.11,40860.40,41038.50,8011.701,1632264299999,328671881.76717,67298,4143.088,170018866.07410,0
1632264300000,41038.50,41104.60,40466.00,40519.37,7482.171,1632265199999,305027222.55727,65716,3098.680,126359902.74382,0
1632265200000,40519.38,41060.00,40410.01,40802.12,9587.676,1632266099999,390331191.68457,82254,5620.412,228863089.18418,0
1632266100000,40803.17,40955.67,40420.11,40603.75,7119.323,1632266999999,289221901.35708,65513,3612.332,146780939.76280,0
1632267000000,40603.75,40629.95,40211.49,40331.38,8456.307,1632267899999,341579556.76384,71060,3934.497,158968053.09933,0
1632267900000,40331.38,40741.58,40316.12,40726.10,7589.415,1632268799999,307666572.87829,66505,4092.530,165934494.23958,0
1632268800000,40727.83,41477.96,40561.15,41318.11,13405.595,1632269699999,549424042.12043,108704,7171.074,294083775.49172,0
1632269700000,41320.01,41323.01,41008.91,41113.66,5265.122,1632270599999,216670566.49653,49369,2320.365,95502675.52730,0
1632270600000,41113.37,41140.29,40581.06,40694.51,6523.378,1632271499999,266051989.10347,59792,2994.464,122087172.74863,0
1632271500000,40694.50,41035.82,40551.49,41008.70,4959.067,1632272399999,202268064.16760,46047,2877.334,117408623.32266,0
1632272400000,41008.69,41916.84,40803.23,41759.40,14174.394,1632273299999,588178510.64323,111831,7269.975,301633126.85878,0
1632273300000,41758.83,42220.39,41748.16,42092.63,10438.284,1632274199999,438229032.34492,88235,5659.845,237698368.51426,0
1632274200000,42089.63,42199.00,41910.38,42146.85,4493.390,1632275099999,188783523.54425,43801,2323.134,97629012.36787,0
1632275100000,42146.85,42349.00,42036.25,42180.00,6262.041,1632275999999,264269617.03290,55786,3177.837,134152016.52447,0
1632276000000,42180.00,42269.74,41951.96,42192.00,3934.360,1632276899999,165580717.77733,38033,2097.004,88274423.06495,0
1632276900000,42191.99,42198.30,41884.06,41933.62,3776.887,1632277799999,158709432.69683,32604,1598.553,67169360.31148,0
1632277800000,41933.62,42126.91,41883.51,42102.46,2435.425,1632278699999,102306720.26508,26544,1444.474,60688299.12263,0
1632278700000,42109.33,42190.00,42004.11,42005.00,2454.102,1632279599999,103310529.50088,26084,1220.491,51380378.96920,0
1632279600000,42004.39,42249.00,41983.31,42208.27,2133.517,1632280499999,89932016.74491,26753,1102.708,46489110.87544,0
1632280500000,42208.28,42400.00,42126.01,42186.01,3094.258,1632281399999,130820810.81086,32859,1634.697,69130252.02068,0
1632281400000,42184.54,42350.01,42054.99,42168.33,2640.243,1632282299999,111346890.67424,28248,1338.777,56464399.93672,0
1632282300000,42168.33,42238.82,42013.30,42045.65,3239.648,1632283199999,136389338.69678,31241,1552.780,65375376.14894,0
1632283200000,42045.66,42165.50,41911.00,42132.53,3235.930,1632284099999,135998298.46931,33429,1717.487,72191993.11469,0
1632284100000,42132.53,42204.31,42001.96,42014.23,1903.302,1632284999999,80194051.89042,22340,984.677,41499298.32563,0
1632285000000,42014.24,42025.86,41808.19,41845.95,3612.579,1632285899999,151391093.07390,34830,1583.022,66353692.05661,0
1632285900000,41845.95,42042.61,41838.90,41891.43,1830.121,1632286799999,76781199.17901,22694,954.031,40026531.68913,0
1632286800000,41891.43,42094.33,41891.43,42029.30,1741.126,1632287699999,73141342.55392,20899,1019.499,42825189.63387,0
1632287700000,42029.30,42222.00,41987.14,42155.75,2976.446,1632288599999,125328051.50456,26848,1814.616,76423289.55557,0
1632288600000,42155.76,42186.64,41832.82,41852.58,2741.087,1632289499999,115041770.37932,29583,1263.071,53002814.12350,0
1632289500000,41852.57,42047.65,41849.17,42014.83,1485.198,1632290399999,62312619.92882,19719,828.367,34755946.16398,0
1632290400000,42013.84,42042.74,41860.24,41996.02,1668.167,1632291299999,69947902.45698,21393,876.046,36733791.13302,0
1632291300000,41996.02,42197.93,41991.32,42088.02,2967.170,1632292199999,124904337.55831,27286,1520.337,64006158.72941,0
1632292200000,42088.02,42352.69,42070.01,42262.15,4930.973,1632293099999,208325395.19415,39933,2880.396,121691567.48383,0
1632293100000,42262.16,42322.15,42171.10,42305.99,2410.570,1632293999999,101789672.43820,25401,1195.621,50492979.47645,0
1632294000000,42305.36,42415.00,42120.00,42185.24,3306.706,1632294899999,139678673.73519,33605,1588.548,67127550.63975,0
1632294900000,42185.24,42304.65,42179.71,42235.08,1475.373,1632295799999,62336253.33524,19944,779.704,32943218.27665,0
1632295800000,42235.09,42592.00,42230.00,42569.96,5730.634,1632296699999,243238425.32781,54185,3441.332,146083332.67366,0
1632296700000,42569.95,42730.24,42503.97,42522.33,4945.672,1632297599999,210781803.71727,49270,2426.599,103430762.59279,0
1632297600000,42522.33,42595.66,42370.00,42455.67,3688.492,1632298499999,156620572.12179,35494,1602.845,68070749.22859,0
1632298500000,42455.67,42529.07,42344.00,42371.72,1881.347,1632299399999,79792157.08482,23382,876.500,37180466.51352,0
1632299400000,42371.71,42398.24,42259.00,42317.76,2371.032,1632300299999,100305385.26432,27538,1143.208,48363209.31525,0
1632300300000,42317.76,42444.46,42231.30,42279.62,2521.883,1632301199999,106797529.51710,26564,1386.046,58710518.10173,0
1632301200000,42279.62,42363.08,42135.55,42193.39,2945.294,1632302099999,124397566.85751,31694,1299.059,54875463.69308,0
1632302100000,42193.39,42324.62,42136.23,42305.47,2331.838,1632302999999,98513585.92574,25578,1341.289,56675980.15303,0
1632303000000,42305.47,42439.77,42198.64,42198.64,2375.042,1632303899999,100536829.71528,30113,1281.798,54275561.66632,0
1632303900000,42198.00,42380.00,42172.29,42379.94,1682.699,1632304799999,71154203.93544,21686,983.936,41606738.59031,0
1632304800000,42379.94,42492.99,42262.09,42276.78,1945.836,1632305699999,82442926.24921,26676,978.593,41471570.95833,0
1632305700000,42276.78,42376.29,42156.25,42183.94,2238.739,1632306599999,94601285.55424,25053,1015.531,42915188.31925,0
1632306600000,42183.94,42316.00,41925.93,41978.30,4797.365,1632307499999,202016459.48696,47420,2134.542,89916530.80395,0
1632307500000,41978.29,42169.40,41950.00,42149.96,3309.636,1632308399999,139235072.22058,35307,1887.128,79398054.73889,0
1632308400000,42149.96,42198.88,41996.85,42119.11,2499.984,1632309299999,105225640.95877,28951,1129.240,47535552.51187,0
1632309300000,42118.88,42140.00,41987.94,42006.17,1915.137,1632310199999,80554797.17593,24020,824.893,34702677.32792,0
1632310200000,42006.70,42051.00,41838.04,41856.27,4704.412,1632311099999,197211340.66429,47720,2146.694,90000094.37880,0
1632311100000,41856.93,42040.13,41850.00,41919.42,3301.639,1632311999999,138501527.29013,34493,1782.867,74795129.62554,0
1632312000000,41919.43,42035.43,41868.86,41901.63,2576.812,1632312899999,108131497.56354,30750,1420.469,59614503.71073,0
1632312900000,41901.63,42132.47,41901.63,41972.80,3151.096,1632313799999,132446938.88584,35708,1769.016,74360216.55499,0
1632313800000,41974.19,42164.47,41955.12,42075.86,2242.188,1632314699999,94375162.05843,26190,1314.202,55323040.63291,0
1632314700000,42075.87,42222.22,42073.16,42163.98,1978.672,1632315599999,83421585.87128,26323,1085.189,45754934.91524,0
1632315600000,42163.98,42663.73,42083.61,42435.34,9043.927,1632316499999,383831960.34424,84343,4975.338,211145195.15421,0
1632316500000,42435.34,42500.00,42201.21,42233.70,4830.119,1632317399999,204584838.50808,48973,2025.325,85790567.62594,0
1632317400000,42233.86,42330.45,42146.52,42146.53,4129.662,1632318299999,174416942.28682,40603,1854.529,78342092.01353,0
1632318300000,42146.52,42367.88,42044.00,42352.21,4158.881,1632319199999,175553762.38820,40521,2125.267,89729776.52930,0
1632319200000,42352.22,42578.67,42252.67,42413.96,6756.577,1632320099999,286536041.95614,59527,3637.819,154320680.09543,0
1632320100000,42413.96,42561.78,42360.00,42486.89,3302.268,1632320999999,140211677.93081,34642,1724.756,73239613.95074,0
1632321000000,42485.17,42547.82,42402.43,42520.01,2498.437,1632321899999,106133690.76055,29238,1228.829,52204288.45037,0
1632321900000,42520.01,42548.93,42260.00,42298.58,3832.694,1632322799999,162343666.88172,37731,1487.562,63015334.22002,0
1632322800000,42298.57,42625.00,42298.57,42590.72,4769.218,1632323699999,202676897.70579,46375,2795.699,118803946.94530,0
1632323700000,42590.72,42915.45,42449.51,42781.99,7067.408,1632324599999,301683913.53338,66436,4312.927,184183294.22628,0
1632324600000,42782.00,43166.76,42734.57,43006.13,12330.185,1632325499999,529971002.94925,111531,6925.730,297729754.47000,0
1632325500000,43006.13,43290.00,42919.00,43198.05,7199.040,1632326399999,310486448.58869,69535,3891.743,167889381.01134,0
1632326400000,43198.06,43444.00,43054.96,43310.21,7863.989,1632327299999,339991238.56401,72742,3984.406,172356598.38415,0
1632327300000,43310.22,43416.90,43175.05,43182.01,4537.281,1632328199999,196303649.96952,46311,1837.114,79497828.77781,0
1632328200000,43182.00,43379.90,43121.61,43292.63,4061.364,1632329099999,175710151.31010,42616,2327.250,100703742.32280,0
1632329100000,43296.03,43382.12,43247.00,43312.26,2586.876,1632329999999,112009757.59122,26910,1278.583,55359795.55297,0
1632330000000,43312.89,43388.17,43119.22,43214.57,4153.962,1632330899999,179472439.90394,39355,1730.318,74766258.67144,0
1632330900000,43215.83,43218.92,42902.07,43036.94,5451.781,1632331799999,234568401.90617,51911,2231.522,96018115.38638,0
1632331800000,43036.93,43270.00,43031.66,43153.84,3801.215,1632332699999,164060341.55290,35671,2159.276,93198407.96772,0
1632332700000,43152.44,43250.00,43077.77,43119.39,2260.322,1632333599999,97569006.51516,22462,1083.684,46782804.89737,0
1632333600000,43113.16,43950.00,42905.00,43924.01,23231.363,1632334499999,1013664242.17394,188416,13156.057,574126050.55974,0
1632334500000,43924.01,43989.98,43777.00,43868.21,7384.072,1632335399999,323993647.83091,70903,3292.511,144496050.03232,0
1632335400000,43868.20,43900.00,43169.21,43504.02,13486.627,1632336299999,587218500.50152,107736,6342.054,276073905.13146,0
1632336300000,43504.01,43512.30,43026.74,43118.51,8617.404,1632337199999,372781566.99815,76874,4144.803,179381574.95838,0
1632337200000,43118.51,43332.88,42823.53,43286.79,8589.451,1632338099999,370174438.68803,74468,4461.842,192417805.62410,0
1632338100000,43286.79,43540.00,43230.00,43426.63,5251.035,1632338999999,227876449.43220,49635,2637.341,114450696.43019,0
1632339000000,43426.64,43499.96,43354.30,43460.02,2572.142,1632339899999,111677308.71095,27835,1305.890,56704553.25995,0
1632339900000,43460.01,43468.00,43312.50,43375.74,1674.992,1632340799999,72674252.17501,21303,786.465,34126543.44357,0
1632340800000,43373.59,43399.99,43151.00,43247.58,2860.677,1632341699999,123707092.94142,30371,1232.593,53308666.27314,0
1632341700000,43247.57,43415.81,43237.30,43358.58,1632.151,1632342599999,70722031.12407,20254,988.883,42853964.09942,0
1632342600000,43358.59,43519.82,43342.35,43442.25,1630.282,1632343499999,70823619.96711,20899,912.377,39640292.34656,0
1632343500000,43442.25,43489.00,43310.71,43397.36,1306.152,1632344399999,56683852.09470,16953,547.304,23754431.11567,0
1632344400000,43397.36,43606.55,43301.00,43514.52,2122.397,1632345299999,92256190.45300,23428,1113.633,48426060.86323,0
1632345300000,43514.53,43514.53,43406.72,43502.99,1293.603,1632346199999,56229084.16927,15409,663.703,28849656.20924,0
1632346200000,43502.99,43647.14,43312.93,43312.93,3080.908,1632347099999,133930922.50519,27169,1506.737,65541392.59888,0
1632347100000,43312.94,43365.77,43001.00,43227.70,4354.870,1632347999999,187887881.91911,37374,1820.107,78522429.95180,0
1632348000000,43227.69,43518.00,43217.60,43324.50,3381.340,1632348899999,146735332.88236,28227,1984.331,86120431.80188,0
1632348900000,43333.57,43349.99,43158.93,43219.07,2052.930,1632349799999,88792045.55715,21976,916.376,39635518.85119,0
1632349800000,43219.07,43478.00,43191.73,43428.12,2536.874,1632350699999,109999584.88457,25023,1493.395,64759978.99714,0
1632350700000,43428.12,43550.00,43352.19,43482.95,2018.823,1632351599999,87766197.40451,21312,1063.064,46221181.72962,0
1632351600000,43482.96,43594.89,43450.00,43536.01,2117.076,1632352499999,92148580.87900,21279,1054.617,45911548.21720,0
1632352500000,43536.00,43575.37,43432.44,43475.58,1410.481,1632353399999,61349726.38762,16773,594.808,25872442.92947,0
1632353400000,43475.57,43662.95,43475.57,43504.63,1854.774,1632354299999,80798415.65682,20135,1104.000,48097818.38884,0
1632354300000,43504.63,43588.27,43492.52,43520.00,1104.214,1632355199999,48076618.36884,15217,602.298,26224278.91363,0
1632355200000,43520.00,43868.00,43350.00,43602.40,6364.226,1632356099999,277400453.35387,56757,3494.355,152378496.94490,0
1632356100000,43602.32,43618.40,43255.47,43265.59,3601.480,1632356999999,156305976.71007,35337,1481.577,64290143.33437,0
1632357000000,43265.59,43520.00,43229.00,43259.36,2807.862,1632357899999,121706634.38808,29558,1459.844,63282962.66691,0
1632357900000,43257.53,43300.00,43100.00,43179.34,2748.276,1632358799999,118700146.96789,29761,1315.354,56813329.18843,0
1632358800000,43179.66,43265.18,43056.00,43113.29,2352.199,1632359699999,101515953.42883,26315,1173.795,50669256.55779,0
1632359700000,43112.56,43347.97,43105.40,43261.42,2229.156,1632360599999,96382124.21822,21665,1319.941,57075069.31776,0
1632360600000,43260.62,43450.00,43255.28,43410.01,2131.719,1632361499999,92485354.18017,21962,1147.933,49803546.80271,0
1632361500000,43410.01,43681.05,43408.11,43613.77,3810.593,1632362399999,166076790.14690,34462,2324.769,101318732.14623,0
1632362400000,43613.76,43657.19,43467.73,43473.98,2594.965,1632363299999,112989582.58437,23723,1033.673,45016794.28008,0
1632363300000,43473.97,43720.00,43464.67,43657.01,2150.014,1632364199999,93774262.99732,22512,1232.027,53735399.35976,0
1632364200000,43657.01,43795.77,43580.00,43703.05,2465.122,1632365099999,107727359.65043,24230,1324.675,57904522.27689,0
1632365100000,43703.04,43719.87,43633.16,43686.00,1087.996,1632365999999,47508712.29799,15221,499.765,21823390.71903,0
1632366000000,43683.24,43732.54,43606.00,43672.62,1258.667,1632366899999,54956165.11463,16434,626.339,27349407.40148,0
1632366900000,43672.63,44170.00,43649.83,44140.48,8783.096,1632367799999,386092755.49932,75761,5344.322,234974016.57349,0
1632367800000,44138.95,44177.00,43933.00,43982.44,4448.235,1632368699999,196010927.09940,44552,2151.579,94826783.31726,0
1632368700000,43982.44,44074.30,43913.91,44053.95,1845.823,1632369599999,81224390.20202,22907,1056.711,46504369.68088,0
1632369600000,44053.95,44166.00,43993.79,44105.14,2489.592,1632370499999,109760602.83346,28010,1442.545,63607199.27295,0
1632370500000,44105.15,44145.00,44023.72,44124.39,1648.165,1632371399999,72660107.50514,18598,615.792,27151112.05151,0
1632371400000,44124.40,44287.99,44089.42,44118.16,3955.058,1632372299999,174744819.11978,39635,2289.084,101155484.69994,0
1632372300000,44118.16,44132.86,44006.53,44018.95,2222.067,1632373199999,97879495.49097,25336,817.839,36023411.41439,0
1632373200000,44018.94,44118.96,43986.06,44091.25,1523.000,1632374099999,67064608.09170,20095,888.176,39115360.31413,0
1632374100000,44091.25,44100.00,43751.81,43811.90,4065.123,1632374999999,178451279.18592,37295,1390.067,61016346.54862,0
1632375000000,43811.91,43841.64,43692.95,43804.10,2763.265,1632375899999,120940969.14863,28685,1436.459,62879697.42584,0
1632375900000,43804.11,43955.94,43804.10,43875.02,1978.218,1632376799999,86801131.15970,21639,1097.116,48144960.57893,0
1632376800000,43875.03,43949.83,43760.00,43797.45,1906.302,1632377699999,83650215.19066,21330,778.470,34170682.58992,0
1632377700000,43797.41,43850.00,43682.01,43735.64,1772.623,1632378599999,77588582.36509,20950,767.145,33582047.18553,0
1632378600000,43735.63,43856.32,43725.59,43833.17,1312.881,1632379499999,57518700.98190,16038,719.714,31532970.49702,0
1632379500000,43833.17,44413.45,43823.92,44279.08,7275.662,1632380399999,321219125.20229,65915,4701.798,207600098.90211,0
1632380400000,44279.08,44317.31,43940.00,43940.02,4095.084,1632381299999,180608712.80746,41739,1674.109,73842571.97646,0
1632381300000,43940.03,44127.76,43940.00,44077.27,2476.934,1632382199999,109042510.26953,23989,1358.432,59794640.38376,0
1632382200000,44077.27,44222.00,44046.81,44135.50,2734.166,1632383099999,120654682.33087,26679,1287.711,56829167.33990,0
1632383100000,44135.51,44244.20,44000.24,44211.73,2659.009,1632383999999,117375080.64095,26574,1218.644,53808372.60646,0
1632384000000,44211.25,44278.00,44100.00,44107.63,3042.779,1632384899999,134462220.21739,30323,1489.888,65849357.63504,0
1632384900000,44107.62,44164.33,44010.08,44134.21,2349.809,1632385799999,103578146.55197,21666,1031.966,45492586.49739,0
1632385800000,44134.21,44197.78,43845.00,43937.53,4448.091,1632386699999,195676245.67074,38019,1781.250,78379035.08826,0
1632386700000,43936.17,44003.08,43801.01,43846.63,3015.712,1632387599999,132288734.53809,31283,1518.138,66596149.07710,0
1632387600000,43845.07,44138.73,43769.79,44081.00,5034.663,1632388499999,221154447.57591,45389,2726.323,119790019.65304,0
1632388500000,44081.00,44195.23,44002.96,44012.21,3365.370,1632389399999,148412290.02342,34381,1635.889,72154190.41529,0
1632389400000,44012.20,44078.23,43871.36,44036.67,2411.542,1632390299999,106018796.64905,25998,1159.573,50980965.22205,0
1632390300000,44036.67,44062.34,43928.08,43965.39,1458.892,1632391199999,64193726.17980,18503,688.940,30314718.34062,0
1632391200000,43965.39,44140.61,43650.92,43719.83,5321.970,1632392099999,233616492.74144,48886,2159.397,94848424.94055,0
1632392100000,43719.84,43839.08,43427.80,43551.88,8422.798,1632392999999,367394018.74867,77929,3854.696,168179589.00441,0
1632393000000,43551.88,43710.00,43470.11,43708.68,3293.158,1632393899999,143616074.12092,34365,1662.924,72534488.02739,0
1632393900000,43708.70,43800.00,43648.65,43755.94,2611.840,1632394799999,114216098.95281,29744,1320.836,57765162.98904,0
1632394800000,43755.94,43799.29,43550.00,43569.26,2170.379,1632395699999,94787302.60573,26646,838.447,36620583.98057,0
1632395700000,43566.78,43790.00,43501.00,43650.56,3151.544,1632396599999,137562753.74233,32692,1783.044,77844110.06585,0
1632396600000,43653.01,43767.45,43486.29,43560.71,2691.094,1632397499999,117307660.32646,27839,1283.810,55969965.08114,0
1632397500000,43560.72,43637.14,43351.00,43633.60,5203.588,1632398399999,226198661.31511,47524,2524.072,109759404.91071,0
1632398400000,43633.60,43744.30,43387.99,43486.55,4969.222,1632399299999,216346469.56671,46478,2321.396,101115038.38514,0
1632399300000,43487.83,43565.80,43373.05,43533.71,2540.547,1632400199999,110471037.34961,29119,1244.222,54110587.76238,0
1632400200000,43533.71,43913.53,43480.00,43754.74,5655.706,1632401099999,247321088.97971,52797,3442.508,150536885.33600,0
1632401100000,43755.65,43760.00,43420.99,43492.87,4606.632,1632401999999,200678504.41324,46408,2134.867,92997245.48868,0
1632402000000,43492.87,43617.12,43401.00,43576.99,3378.565,1632402899999,146939409.97764,34616,1813.045,78876301.27390,0
1632402900000,43576.99,43679.95,43544.74,43662.43,2203.611,1632403799999,96100749.98394,25764,1175.814,51286279.49407,0
1632403800000,43662.43,44089.64,43614.83,44047.37,7405.403,1632404699999,325015454.43204,70619,4255.930,186780060.00635,0
1632404700000,44047.37,44161.72,43948.67,43995.63,5911.589,1632405599999,260388855.61308,53400,2929.305,129050699.23081,0
1632405600000,43995.64,44160.98,43912.28,44060.00,4571.001,1632406499999,201321910.03209,43809,2346.249,103356864.04101,0
1632406500000,44060.00,44250.00,44003.10,44072.20,4516.767,1632407399999,199288876.80496,39359,2484.974,109670168.36990,0
1632407400000,44072.20,44177.35,44024.08,44086.39,1917.423,1632408299999,84541843.97073,23199,988.264,43579535.01347,0
1632408300000,44086.38,44138.00,44015.00,44123.58,1972.261,1632409199999,86915002.43461,23707,1014.402,44708577.30273,0
1632409200000,44121.98,44184.50,44000.00,44079.46,1893.130,1632410099999,83469240.37567,23869,853.830,37653268.31201,0
1632410100000,44079.45,44160.00,43846.72,43917.13,4369.516,1632410999999,192126504.60950,40835,1886.179,82947359.29121,0
1632411000000,43917.13,43917.13,43773.60,43862.26,3767.375,1632411899999,165136102.80739,40151,2002.197,87769634.19710,0
1632411900000,43862.26,43868.45,43655.19,43740.46,3066.960,1632412799999,134237309.27046,30702,1401.719,61354977.28346,0
1632412800000,43740.48,43854.00,43580.00,43654.75,3493.209,1632413699999,152723037.99976,33735,1515.315,66295766.92917,0
1632413700000,43654.75,43789.51,43629.60,43701.47,2278.245,1632414599999,99602586.98995,24875,1146.364,50116272.61548,0
1632414600000,43701.47,43883.30,43684.20,43772.25,2088.568,1632415499999,91493869.71422,25143,1182.907,51818774.90341,0
1632415500000,43773.18,43850.00,43730.00,43780.00,1204.930,1632416399999,52744055.29967,15364,643.011,28149486.84324,0
1632416400000,43780.00,44351.80,43780.00,44328.16,11640.405,1632417299999,513474634.35986,91925,6540.285,288478119.98453,0
1632417300000,44328.37,44760.00,44325.05,44665.00,12743.121,1632418199999,567535306.02523,120236,7125.786,317393605.97241,0
1632418200000,44664.99,44888.00,44615.00,44732.12,8831.967,1632419099999,395106194.79554,73967,4879.667,218352890.30551,0
1632419100000,44731.34,44928.80,44721.00,44801.59,6356.753,1632419999999,284879678.03019,52760,3264.357,146322512.06901,0
1632420000000,44801.59,44898.26,44486.13,44498.81,7951.254,1632420899999,355208042.71268,63161,3081.288,137717035.11540,0
1632420900000,44495.43,44830.23,44425.41,44752.07,7264.090,1632421799999,323850331.98468,59093,3940.989,175755700.96133,0
1632421800000,44752.57,44832.00,44556.80,44617.08,3620.852,1632422699999,161762852.64461,31795,1448.773,64742554.86597,0
1632422700000,44618.18,44767.74,44613.02,44711.80,1850.973,1632423599999,82726736.77937,20392,968.317,43278842.61537,0
1632423600000,44711.80,44797.40,44650.25,44766.04,1923.923,1632424499999,86060489.51073,20845,891.902,39904719.50181,0
1632424500000,44766.04,44821.46,44526.71,44535.99,2933.944,1632425399999,131132804.35470,25391,1151.250,51487415.20625,0
1632425400000,44535.99,44770.00,44522.00,44697.47,1996.551,1632426299999,89207799.40754,21791,1092.076,48785756.50000,0
1632426300000,44697.22,44758.35,44650.00,44743.97,1335.648,1632427199999,59706010.12518,16483,701.684,31370735.19133,0
1632427200000,44743.97,44796.55,44598.40,44657.16,1976.953,1632428099999,88345038.78857,19870,1048.712,46869345.66141,0
1632428100000,44655.43,44668.51,44436.90,44545.15,3135.224,1632428999999,139597953.95979,30653,1191.066,53032383.87122,0
1632429000000,44545.15,44637.82,44494.80,44630.64,1545.467,1632429899999,68882549.10443,18563,793.538,35370991.71486,0
1632429900000,44630.64,44698.58,44510.05,44661.16,1856.488,1632430799999,82815252.50305,20248,1047.549,46739173.08365,0
1632430800000,44661.13,44721.87,44557.00,44641.67,1711.967,1632431699999,76426863.56264,18983,797.576,35609507.98013,0
1632431700000,44641.66,44700.00,44613.63,44640.73,1017.560,1632432599999,45448257.49758,13490,490.981,21930947.51385,0
1632432600000,44640.73,44658.89,44525.36,44540.17,1361.283,1632433499999,60697466.71006,15492,663.578,29586387.74611,0
1632433500000,44540.18,44650.00,44540.17,44649.41,837.587,1632434399999,37359871.47781,12345,511.022,22794099.15399,0
1632434400000,44649.41,44832.31,44641.42,44723.80,2569.495,1632435299999,114947008.67931,26964,1414.488,63285214.45837,0
1632435300000,44723.80,44743.19,44322.40,44500.00,5050.017,1632436199999,224742774.77636,44505,2236.179,99506082.79687,0
1632436200000,44500.01,44725.00,44438.69,44695.04,2099.696,1632437099999,93645177.38405,21670,1189.577,53052278.54491,0
1632437100000,44695.05,44976.48,44645.12,44753.53,4098.914,1632437999999,183779021.45344,38766,2402.262,107724088.32076,0
1632438000000,44751.91,44811.00,44557.23,44615.84,4592.438,1632438899999,205065141.53696,37237,1958.349,87438734.50357,0
1632438900000,44618.15,44843.05,44618.15,44786.37,1840.494,1632439799999,82395813.20326,20161,931.552,41698264.92260,0
1632439800000,44786.36,44846.96,44747.05,44836.40,1483.758,1632440699999,66496335.55037,17828,837.038,37515011.14743,0
1632440700000,44836.41,44854.99,44731.13,44828.29,1266.236,1632441599999,56729772.14345,16618,638.589,28612833.26620,0
1632441600000,44828.29,44959.61,44677.17,44795.24,4797.235,1632442499999,215077845.16002,45808,2491.332,111718952.43986,0
1632442500000,44795.24,44902.52,44732.10,44847.79,2012.822,1632443399999,90176720.15682,25714,1109.704,49717964.40320,0
1632443400000,44847.56,44874.88,44675.02,44773.31,1618.882,1632444299999,72431334.63367,20177,841.259,37637042.93872,0
1632444300000,44773.30,44810.99,44582.01,44631.38,2099.180,1632445199999,93760808.67388,26207,994.501,44421970.82131,0
1632445200000,44631.38,44731.56,44627.48,44681.00,1341.711,1632446099999,59942264.81002,15420,674.217,30122163.40784,0
1632446100000,44681.01,44682.54,44518.72,44619.41,1753.901,1632446999999,78209693.73045,19258,817.543,36456862.14223,0
1632447000000,44619.41,44700.00,44544.21,44660.76,1468.827,1632447899999,65553469.80861,16677,810.913,36190409.17023,0
1632447900000,44660.73,44764.21,44358.30,44446.30,3794.096,1632448799999,169038296.77882,36649,1592.541,70992007.80810,0
1632448800000,44446.30,44510.56,44264.16,44453.86,3448.292,1632449699999,153113009.37865,36471,1704.929,75724198.44086,0
1632449700000,44453.87,44543.75,44352.00,44378.24,2223.622,1632450599999,98814222.87920,23798,1052.694,46792093.77050,0
1632450600000,44379.99,44464.61,44300.10,44396.16,1888.584,1632451499999,83809192.55891,22317,1020.241,45283365.31968,0
1632451500000,44396.16,44438.00,44296.00,44433.29,1383.747,1632452399999,61394810.89949,19353,657.583,29180809.08823,0
1632452400000,44433.29,44550.60,44363.06,44514.11,2117.929,1632453299999,94196476.09854,21728,1241.010,55197304.86422,0
1632453300000,44514.12,44533.71,44416.25,44513.37,1392.879,1632454199999,61939717.67104,15928,624.799,27786277.13595,0
1632454200000,44513.36,44534.83,44412.73,44433.45,1036.420,1632455099999,46080653.02970,12833,504.096,22413220.77394,0
1632455100000,44433.45,44437.95,44200.00,44270.30,3184.196,1632455999999,141056222.97536,31006,1233.515,54646729.39511,0
1632456000000,44270.31,44375.49,44020.03,44117.07,4742.955,1632456899999,209554758.98232,42801,2081.355,91995693.96598,0
1632456900000,44117.08,44243.23,44057.65,44162.73,2547.340,1632457799999,112518212.11699,26924,1303.980,57600712.04445,0
1632457800000,44162.73,44293.12,44150.75,44271.81,1409.266,1632458699999,62351843.53558,17451,808.042,35752113.52329,0
1632458700000,44271.80,44299.00,44170.78,44255.00,1448.186,1632459599999,64077033.05802,16233,610.843,27027783.17586,0
1632459600000,44256.55,44270.00,44082.83,44134.54,2057.320,1632460499999,90845473.35348,21971,980.882,43319566.87043,0
1632460500000,44134.54,44138.96,43873.11,44009.51,5518.415,1632461399999,242707995.01229,48047,2579.511,113479128.64197,0
1632461400000,44007.25,44150.00,43916.53,44109.02,2468.489,1632462299999,108729852.86291,26287,1391.971,61322039.63968,0
1632462300000,44109.01,44196.80,44082.53,44196.79,1902.547,1632463199999,83986959.39132,20353,1014.535,44788924.19079,0
1632463200000,44196.80,44338.70,44097.97,44289.01,3560.759,1632464099999,157614637.53558,33245,1877.511,83109403.65993,0
1632464100000,44289.01,44400.00,44289.01,44334.84,2148.227,1632464999999,95300337.84426,23528,1140.762,50608256.99779,0
1632465000000,44334.83,44359.19,44150.00,44200.00,2423.073,1632465899999,107193552.70997,25411,1028.126,45480400.64259,0
1632465900000,44199.99,44261.95,44085.31,44091.78,1933.322,1632466799999,85392677.88674,23879,1036.238,45776459.57036,0
1632466800000,44091.78,44729.36,44083.00,44588.51,9947.328,1632467699999,442694378.43546,72947,5675.724,252539026.17777,0
1632467700000,44589.92,44739.00,44531.58,44605.28,4463.003,1632468599999,199290377.20904,46785,2170.258,96915062.61975,0
1632468600000,44605.29,45134.33,44521.29,44958.97,9318.845,1632469499999,417634261.63056,75235,5960.134,267185103.67484,0
1632469500000,44958.98,45109.70,44785.00,44785.01,8197.520,1632470399999,368302864.06511,73173,3865.764,173722434.84524,0
1632470400000,44785.01,44990.00,44734.23,44908.13,4050.918,1632471299999,181873844.03840,40209,1966.055,88282413.15262,0
1632471300000,44908.14,45050.00,44870.00,45019.66,3061.677,1632472199999,137704631.83286,32527,1553.255,69871206.78735,0
1632472200000,45019.66,45029.99,44839.21,44873.03,3402.002,1632473099999,152843483.70889,30595,1461.832,65681805.62501,0
1632473100000,44873.03,44874.02,44380.00,44500.00,7979.498,1632473999999,356131942.26288,68906,3614.118,161293636.08325,0
1632474000000,44500.00,44514.39,43407.72,43499.00,27302.673,1632474899999,1197068746.84033,231065,13119.400,575312184.20647,0
1632474900000,43499.00,43499.00,42601.60,42787.24,33604.609,1632475799999,1448271887.58950,271718,16176.216,697429650.96337,0
1632475800000,42785.29,43177.93,42764.95,42988.17,15842.473,1632476699999,681220737.89389,135736,8116.954,349067177.08133,0
1632476700000,42988.17,43035.36,42331.39,42357.05,18913.176,1632477599999,806562117.97962,156817,8496.747,362490380.53754,0
1632477600000,42357.04,42699.17,42185.55,42674.38,16158.868,1632478499999,685822509.44361,143050,8542.339,362691803.01239,0
1632478500000,42674.37,42674.38,42362.53,42478.50,6399.701,1632479399999,272070501.05757,64970,3165.037,134573109.23833,0
1632479400000,42478.49,42478.50,41928.21,42125.20,16705.820,1632480299999,704672459.00870,139467,8389.832,354022723.09869,0
1632480300000,42126.24,42277.54,41936.97,42155.88,11612.643,1632481199999,489495248.96779,94600,6076.841,256194843.29570,0
1632481200000,42155.89,42300.00,41111.00,41174.64,30117.737,1632482099999,1253807278.90748,239860,13672.394,569414152.19705,0
1632482100000,41174.65,41700.00,40650.00,41489.44,29014.312,1632482999999,1195558425.73648,239469,14752.738,608261640.18264,0
1632483000000,41489.44,41543.53,40914.71,41473.39,16214.207,1632483899999,668403464.91914,144615,8101.034,334003776.81537,0
1632483900000,41476.56,41677.23,41308.35,41510.06,9925.779,1632484799999,412190414.82906,91266,5135.775,213319432.63585,0
1632484800000,41510.06,41558.52,41034.73,41100.00,10894.291,1632485699999,449273516.41404,93763,4893.949,201812098.17268,0
1632485700000,41100.00,41619.56,41076.04,41548.92,8691.726,1632486599999,359853465.48098,79125,5323.032,220401432.92894,0
1632486600000,41548.92,41567.73,41158.26,41348.43,8528.177,1632487499999,352611898.14259,66194,3981.776,164649796.51380,0
1632487500000,41348.42,41413.00,40938.82,41155.46,8905.396,1632488399999,366643532.89128,74972,4295.182,176910429.87955,0
1632488400000,41161.79,41310.73,40818.19,41157.47,10876.447,1632489299999,446683922.40184,95340,5574.606,229040010.84624,0
1632489300000,41157.48,41236.39,40872.93,41129.06,7452.307,1632490199999,305803358.91124,65115,3922.566,160984643.86111,0
1632490200000,41128.65,41970.00,41050.60,41685.53,23237.543,1632491099999,966814032.61421,162340,12843.932,534361224.10618,0
1632491100000,41685.53,41950.00,41470.00,41800.00,11122.356,1632491999999,463840396.38415,90541,5829.852,243113377.34404,0
1632492000000,41800.00,42243.02,41721.83,42139.00,16367.005,1632492899999,688947443.82228,125670,9056.920,381229825.23010,0
1632492900000,42138.99,42608.00,41927.59,42450.00,12337.346,1632493799999,521388826.56520,94926,6636.309,280617023.32000,0
1632493800000,42450.00,42640.64,42280.45,42478.65,10083.435,1632494699999,428213847.40950,77570,5285.705,224487933.83372,0
1632494700000,42478.03,42500.00,42280.00,42417.12,6060.466,1632495599999,256851164.05520,52456,2694.170,114187661.93186,0
1632495600000,42417.13,42450.00,42170.00,42215.02,5690.498,1632496499999,240519002.26931,49881,2388.141,100952076.42369,0
1632496500000,42216.46,42315.20,42093.00,42193.42,3342.618,1632497399999,141053713.06471,35169,1765.774,74529621.06373,0
1632497400000,42193.42,42213.77,41588.00,41855.75,11831.759,1632498299999,495321877.13467,93239,5150.369,215583828.53569,0
1632498300000,41855.76,41992.89,41663.12,41927.65,5212.443,1632499199999,218095658.01320,49723,2955.492,123690873.71959,0
1632499200000,41927.63,42131.75,41829.06,41905.52,6492.698,1632500099999,272600945.75822,57879,3426.224,143890109.12134,0
1632500100000,41905.53,42247.13,41845.68,42135.50,4620.882,1632500999999,194468455.96507,48839,2439.479,102687040.28364,0
1632501000000,42135.49,42288.79,42061.85,42065.05,3427.745,1632501899999,144575020.54077,32805,1913.187,80717573.86090,0
1632501900000,42065.06,42349.19,42060.56,42173.77,3353.948,1632502799999,141571945.05728,32907,1915.040,80851924.48031,0
1632502800000,42174.77,42174.78,41888.00,41975.14,3626.817,1632503699999,152292722.76221,40290,1535.092,64457983.91430,0
1632503700000,41975.80,42169.00,41958.01,42136.82,2354.391,1632504599999,99083707.83944,25298,1398.082,58836849.73250,0
1632504600000,42136.81,42136.81,41722.80,41882.01,5280.287,1632505499999,220981607.75162,48054,2447.974,102418338.55319,0
1632505500000,41882.01,42008.65,41808.35,41977.67,2469.485,1632506399999,103503337.94287,24634,1350.035,56587221.11007,0
1632506400000,41980.57,42156.66,41909.41,42070.12,2849.933,1632507299999,119872655.62876,27977,1643.076,69117076.91755,0
1632507300000,42070.13,42261.20,42011.69,42190.24,2353.454,1632508199999,99230559.23077,25348,1294.328,54578409.08046,0
1632508200000,42190.33,42200.00,41990.00,42175.23,2375.982,1632509099999,100027383.36798,22858,1141.763,48078304.50970,0
1632509100000,42175.23,42298.82,42082.12,42128.69,2663.650,1632509999999,112399420.06329,28022,1303.010,54984832.04255,0
1632510000000,42128.69,42300.00,42111.38,42300.00,1786.964,1632510899999,75452218.57237,20160,945.061,39905162.34675,0
1632510900000,42300.00,42345.60,42171.21,42315.26,1781.948,1632511799999,75302358.37076,20193,866.733,36631204.67315,0
1632511800000,42315.26,42500.00,42260.33,42274.91,3845.761,1632512699999,163003493.39856,35970,1964.268,83275888.73685,0
1632512700000,42274.91,42366.13,42177.00,42337.69,2471.536,1632513599999,104455776.77252,22759,1214.221,51326771.71776,0
1632513600000,42337.68,42497.33,42271.87,42435.98,2030.780,1632514499999,86119558.28404,23142,1111.305,47133428.71627,0
1632514500000,42434.47,42498.00,42403.13,42493.43,1403.851,1632515399999,59602713.63030,17767,737.384,31308687.05807,0
1632515400000,42493.42,42957.31,42451.63,42928.91,8398.798,1632516299999,359117128.26175,69287,5321.991,227581109.04845,0
1632516300000,42928.90,42972.00,42791.02,42918.11,3432.362,1632517199999,147176125.91150,33661,1687.716,72376032.96487,0
1632517200000,42918.11,43140.28,42900.00,42914.99,5112.445,1632518099999,219860847.69475,47817,2738.653,117805547.30375,0
1632518100000,42915.19,43049.38,42887.02,42960.15,2204.779,1632518999999,94732343.70144,22855,1065.482,45780747.88841,0
1632519000000,42960.16,43196.82,42890.00,42919.41,2879.331,1632519899999,123927860.82678,28548,1561.418,67237478.89038,0
1632519900000,42919.42,43044.00,42815.32,42896.89,2258.129,1632520799999,96969469.25737,21816,1068.626,45899693.68818,0
1632520800000,42896.90,42930.00,42770.76,42878.01,2120.803,1632521699999,90848539.83540,24942,1049.036,44945039.96800,0
1632521700000,42878.00,42968.08,42777.86,42794.50,1542.306,1632522599999,66142843.10443,20502,660.535,28336596.42757,0
1632522600000,42794.50,42841.39,42736.88,42835.00,1505.899,1632523499999,64437698.23291,18264,777.026,33251424.54293,0
1632523500000,42834.99,43080.00,42808.00,42985.93,3485.910,1632524399999,149798421.26043,27826,1902.933,81767739.56861,0
1632524400000,42985.93,43020.26,42822.00,42885.05,1694.133,1632525299999,72674585.61697,19257,792.980,34013097.74227,0
1632525300000,42885.05,42955.99,42837.43,42867.37,981.938,1632526199999,42127552.86159,13717,495.598,21263624.69966,0
1632526200000,42867.36,42869.64,42565.05,42584.57,3689.569,1632527099999,157467683.13789,34674,1488.044,63518778.68069,0
1632527100000,42584.57,42837.07,42500.00,42798.49,3510.182,1632527999999,149701509.77165,30393,1802.165,76905464.90030,0
1632528000000,42798.49,42854.99,42570.73,42703.34,3398.996,1632528899999,145195134.62776,30527,1439.145,61477948.13304,0
1632528900000,42700.01,42938.00,42657.97,42668.65,2775.192,1632529799999,118819847.55315,26676,1435.681,61483240.57270,0
1632529800000,42670.55,42810.00,42554.07,42609.00,2655.773,1632530699999,113306569.93020,27051,1210.735,51666623.17639,0
1632530700000,42607.00,42746.26,42529.09,42711.11,2171.485,1632531599999,92614202.52113,22021,1155.529,49281824.06755,0
1632531600000,42710.96,42766.42,42340.94,42423.01,4052.939,1632532499999,172320054.66687,35103,1909.407,81202357.04336,0
1632532500000,42423.01,42493.14,42087.21,42130.61,4547.459,1632533399999,192244752.06084,45785,1924.094,81352009.12447,0
1632533400000,42130.60,42262.79,42010.76,42180.80,3873.322,1632534299999,163365179.71195,35979,1914.539,80754262.61788,0
1632534300000,42180.80,42441.12,42130.82,42379.81,3081.060,1632535199999,130462566.72879,29571,1842.613,78023104.72882,0
1632535200000,42375.84,42525.00,42322.79,42394.99,2290.135,1632536099999,97169440.48356,24493,1167.883,49563023.17991,0
1632536100000,42395.00,42548.95,42394.99,42492.42,1578.506,1632536999999,67081860.87283,17937,856.317,36393398.85744,0
1632537000000,42492.42,42720.00,42489.12,42583.39,2724.008,1632537899999,116095367.71899,26689,1643.291,70047732.48088,0
1632537900000,42583.40,42586.81,42258.38,42326.25,3078.905,1632538799999,130548075.79920,28967,1167.814,49506902.02420,0
1632538800000,42326.24,42494.13,42316.55,42357.90,1784.139,1632539699999,75644016.22225,20710,999.998,42401731.15173,0
1632539700000,42357.89,42666.63,42357.00,42540.72,2615.243,1632540599999,111260022.49112,24740,1425.299,60632988.78860,0
1632540600000,42539.30,42751.61,42539.30,42677.37,2331.591,1632541499999,99470757.37952,25640,1280.555,54633665.16255,0
1632541500000,42675.01,42720.00,42567.91,42588.72,1405.595,1632542399999,59922140.81447,17274,646.211,27551611.33130,0
1632542400000,42588.73,42849.34,42588.72,42663.81,2647.846,1632543299999,113185844.37481,28612,1450.977,62026820.05338,0
1632543300000,42663.82,42821.86,42661.99,42808.86,1359.537,1632544199999,58145124.00623,17010,728.005,31134898.98544,0
1632544200000,42808.85,42828.87,42715.00,42750.00,1146.016,1632545099999,49023596.03606,14426,542.283,23200239.52004,0
1632545100000,42751.34,42770.00,42629.03,42667.40,1452.786,1632545999999,62020998.00558,17149,605.121,25835313.60465,0
1632546000000,42667.41,42825.46,42400.00,42411.04,3523.063,1632546899999,150110638.61248,31582,1498.645,63902335.84435,0
1632546900000,42411.32,42532.64,42374.57,42436.00,2407.208,1632547799999,102199447.32100,25699,1165.210,49474327.59517,0
1632547800000,42436.00,42730.47,42436.00,42540.55,3122.881,1632548699999,133059003.68936,27099,1671.296,71210447.13948,0
1632548700000,42540.56,42655.11,42419.43,42428.32,2004.901,1632549599999,85246368.74694,20596,880.580,37444459.64447,0
1632549600000,42428.31,42529.18,42410.31,42453.65,1561.098,1632550499999,66317690.92095,16960,835.306,35486494.27688,0
1632550500000,42455.04,42677.29,42455.03,42621.59,1750.359,1632551399999,74580205.51399,17651,934.928,39832989.05599,0
1632551400000,42621.60,42798.12,42621.56,42773.28,2494.072,1632552299999,106549989.65396,21440,1575.221,67300178.87219,0
1632552300000,42770.77,42800.00,42673.70,42724.92,1698.319,1632553199999,72559619.36024,16813,796.123,34015434.09244,0
1632553200000,42724.92,42769.00,42599.99,42641.25,1507.670,1632554099999,64313281.34046,16610,649.394,27705273.05658,0
1632554100000,42641.25,42644.20,42311.00,42332.70,3825.457,1632554999999,162465473.83749,31947,1552.941,65963345.10800,0
1632555000000,42332.71,42442.80,42172.00,42398.88,4814.613,1632555899999,203687957.82375,44258,2564.078,108498244.85658,0
1632555900000,42398.66,42515.94,42314.74,42357.97,2889.985,1632556799999,122590049.85006,27414,1346.618,57132135.55375,0
1632556800000,42350.10,42509.98,42200.00,42242.00,4347.104,1632557699999,183838568.60613,39157,1992.172,84271209.59007,0
1632557700000,42242.01,42328.34,42020.00,42112.51,5608.661,1632558599999,236251088.47622,48613,2732.058,115085331.78821,0
1632558600000,42112.50,42114.22,41630.26,41820.68,9818.897,1632559499999,410449397.35141,88560,4396.966,183766363.24013,0
1632559500000,41820.69,42765.99,41730.00,42625.40,13862.995,1632560399999,586502341.31118,114812,7822.927,330872356.64575,0
1632560400000,42625.39,42750.00,42437.50,42499.93,8001.662,1632561299999,340725003.53201,69571,3570.760,152069458.77623,0
1632561300000,42499.94,42804.72,42435.55,42715.34,5266.480,1632562199999,224510825.32534,44167,3312.911,141240859.18631,0
1632562200000,42715.34,42892.10,42651.88,42708.07,5170.504,1632563099999,221303353.83030,43888,2732.915,116988531.64061,0
1632563100000,42708.40,42740.00,42541.80,42632.44,2969.755,1632563999999,126645949.69570,27954,1375.019,58639471.18740,0
1632564000000,42632.45,42950.00,42626.01,42912.58,4742.168,1632564899999,203161125.58014,39296,2671.552,114435626.75064,0
1632564900000,42912.58,42918.00,42769.71,42846.76,3091.920,1632565799999,132488483.02930,26215,1285.127,55053106.76857,0
1632565800000,42846.75,42882.94,42647.18,42712.32,2456.167,1632566699999,104923257.17490,24787,1156.615,49409273.71984,0
1632566700000,42712.33,42725.68,42577.90,42665.99,1713.325,1632567599999,73066385.44961,21322,812.957,34676864.02309,0
1632567600000,42665.99,42665.99,42213.51,42410.15,6605.788,1632568499999,280045866.93616,58264,3137.858,133012381.48471,0
1632568500000,42410.15,42469.16,42250.05,42350.50,2770.974,1632569399999,117370933.79975,29474,1307.713,55397054.64488,0
1632569400000,42350.49,42466.07,42300.57,42317.82,3079.007,1632570299999,130484106.38842,26067,1929.093,81754928.19236,0
1632570300000,42317.82,42540.54,42310.92,42472.89,2355.687,1632571199999,99963581.03700,22709,1487.672,63139829.49193,0
1632571200000,42472.89,42617.34,42404.00,42452.11,3550.866,1632572099999,150923709.13642,34611,1606.921,68312443.57266,0
1632572100000,42452.06,42541.42,42276.00,42475.72,3298.391,1632572999999,139791198.11284,32427,1632.818,69208705.69535,0
1632573000000,42475.72,42527.47,42324.14,42423.02,2119.573,1632573899999,89878980.00429,21925,1092.303,46315638.88964,0
1632573900000,42423.02,42440.00,42296.34,42330.14,1787.924,1632574799999,75722594.12944,19124,830.746,35185421.19061,0
1632574800000,42330.00,42743.44,42223.00,42664.84,5412.005,1632575699999,229983066.85860,49538,3033.924,128954037.14288,0
1632575700000,42664.84,42715.00,42536.27,42538.42,3479.840,1632576599999,148349091.19519,28537,1380.360,58852969.34069,0
1632576600000,42538.42,42650.00,42421.69,42555.78,2824.144,1632577499999,120093676.01785,27129,1277.200,54316522.70625,0
1632577500000,42555.79,42634.32,42450.08,42485.00,1502.242,1632578399999,63921646.91372,18034,723.464,30783085.32846,0
1632578400000,42485.01,42591.13,42400.04,42541.56,2096.073,1632579299999,89069632.02416,24040,1087.901,46230892.78163,0
1632579300000,42541.57,42550.00,42145.18,42302.70,7335.670,1632580199999,310125643.57168,60300,3591.311,151839345.52343,0
1632580200000,42302.71,42398.99,42220.00,42236.27,3141.025,1632581099999,132868665.62548,27058,1498.334,63398609.36218,0
1632581100000,42236.28,42415.60,42201.00,42334.54,2959.538,1632581999999,125248614.74153,27040,1726.860,73094916.92871,0
1632582000000,42334.55,42380.00,42214.63,42308.59,2460.213,1632582899999,104062987.60467,25606,1093.015,46233557.46956,0
1632582900000,42308.67,42650.00,42308.67,42643.61,4704.643,1632583799999,200038375.63043,43909,2636.203,112074110.73712,0
1632583800000,42642.57,42728.00,42551.00,42710.99,3468.641,1632584699999,147877113.67074,31346,1809.069,77141997.13181,0
1632584700000,42710.99,42749.69,42601.44,42644.01,2092.550,1632585599999,89265725.79734,21375,965.789,41202122.96496,0
1632585600000,42644.01,42722.07,42340.00,42390.01,5495.024,1632586499999,233415223.78473,48647,2509.589,106586685.69723,0
1632586500000,42390.01,42553.01,42357.00,42543.73,2359.318,1632587399999,100140327.09094,26155,1454.946,61764182.62748,0
1632587400000,42543.73,42719.00,42441.17,42463.02,3888.204,1632588299999,165594495.62086,34008,1695.970,72239577.82161,0
1632588300000,42463.02,42665.90,42437.00,42610.78,2006.128,1632589199999,85434605.58504,22618,1000.535,42604461.74335,0
1632589200000,42610.79,42656.71,42502.63,42535.17,1605.674,1632590099999,68368782.93506,18748,804.198,34247016.65782,0
1632590100000,42534.39,42660.00,42502.49,42654.86,1409.521,1632590999999,60067009.06852,15425,759.660,32379426.67615,0
1632591000000,42654.87,42695.30,42550.48,42566.21,1754.804,1632591899999,74801304.06357,18834,824.150,35136471.53460,0
1632591900000,42566.03,42677.00,42522.58,42574.39,1288.645,1632592799999,54901038.37110,16393,659.854,28110998.50023,0
1632592800000,42574.39,42799.87,42560.72,42739.96,1855.615,1632593699999,79221502.48537,19123,1277.709,54563915.01281,0
1632593700000,42739.99,42800.00,42409.41,42517.69,4649.957,1632594599999,197850584.95139,39128,1881.418,80048197.46593,0
1632594600000,42517.69,42685.08,42450.00,42525.02,4227.959,1632595499999,179963761.73548,30434,2357.607,100359992.23346,0
1632595500000,42525.02,42663.73,42424.49,42556.25,2150.055,1632596399999,91479624.43929,20292,892.158,37972825.50010,0
1632596400000,42556.25,42692.93,42480.21,42676.81,1782.203,1632597299999,75911834.74975,17128,997.673,42500577.02466,0
1632597300000,42677.65,42678.75,42573.01,42666.00,1016.652,1632598199999,43340468.16267,14418,390.539,16648959.23044,0
1632598200000,42668.12,42744.00,42618.33,42659.82,1571.393,1632599099999,67081141.79703,19079,764.119,32621659.93067,0
1632599100000,42659.82,42700.00,42570.24,42637.26,940.512,1632599999999,40100671.80446,12662,504.272,21502357.60113,0
1632600000000,42637.02,42666.87,42540.00,42582.51,1223.686,1632600899999,52114604.34979,15521,667.344,28420989.33633,0
1632600900000,42582.51,42616.95,42506.63,42528.84,1061.834,1632601799999,45183517.54318,15165,549.324,23375444.02136,0
1632601800000,42528.83,42792.00,42526.43,42698.15,2097.105,1632602699999,89536220.47885,23797,1100.711,46989074.94603,0
1632602700000,42698.15,42751.51,42590.18,42623.45,1313.448,1632603599999,56040394.63961,17397,670.302,28601894.59603,0
1632603600000,42623.44,42651.86,42550.00,42572.00,1374.625,1632604499999,58538643.87383,16320,660.639,28135900.34008,0
1632604500000,42572.00,42573.63,42356.00,42482.81,3316.865,1632605399999,140828206.22056,32731,1464.665,62177307.63529,0
1632605400000,42481.05,42604.95,42480.62,42564.74,865.623,1632606299999,36831977.72851,11941,421.237,17925821.01931,0
1632606300000,42564.74,42700.00,42545.00,42658.98,1388.071,1632607199999,59170715.85395,14362,910.122,38798652.61874,0
1632607200000,42658.98,42708.85,42558.40,42637.81,1467.221,1632608099999,62569558.68114,16152,705.911,30102883.50881,0
1632608100000,42637.82,42738.12,42632.10,42658.65,1179.307,1632608999999,50348616.23036,14307,605.868,25866253.25345,0
1632609000000,42658.37,42740.00,42656.10,42728.85,937.284,1632609899999,40029011.60215,11225,551.043,23533672.46939,0
1632609900000,42728.85,42774.44,42680.09,42702.45,1226.134,1632610799999,52384290.91737,13938,719.249,30730284.80281,0
1632610800000,42705.07,42790.00,42556.42,42635.94,1771.658,1632611699999,75562113.10416,19322,974.331,41555466.60502,0
1632611700000,42636.96,42691.79,42578.61,42677.00,1361.874,1632612599999,58070797.25981,13239,868.998,37052323.70351,0
1632612600000,42677.00,42745.74,42658.81,42671.83,1065.182,1632613499999,45500200.19961,13490,512.727,21901090.97750,0
1632613500000,42671.83,42730.00,42629.24,42651.58,768.623,1632614399999,32805296.42179,10763,433.997,18522845.72918,0
1632614400000,42646.84,42714.00,42528.05,42542.62,1879.347,1632615299999,80099957.74151,19505,916.616,39074191.64218,0
1632615300000,42542.46,42580.06,42380.00,42489.52,3415.522,1632616199999,145038933.85551,32316,1857.264,78878324.35878,0
1632616200000,42486.72,42581.00,42422.69,42492.20,1757.462,1632617099999,74707848.60151,19567,965.706,41053798.84277,0
1632617100000,42492.20,42567.93,42278.56,42560.42,2860.246,1632617999999,121291660.27891,29570,1450.242,61514785.86649,0
1632618000000,42561.00,42600.00,42381.41,42417.58,2212.976,1632618899999,94026602.55375,20700,1110.360,47191571.26785,0
1632618900000,42417.58,42538.21,42365.44,42478.99,964.092,1632619799999,40946689.97937,13259,460.252,19550657.28230,0
1632619800000,42479.00,42503.41,42093.53,42337.83,3946.344,1632620699999,166764444.21191,40171,1858.573,78542169.73438,0
1632620700000,42337.84,42389.85,42178.00,42372.53,2446.583,1632621599999,103442079.51832,25973,1242.506,52536773.06038,0
1632621600000,42373.71,42418.81,41930.73,41998.34,4140.791,1632622499999,174539232.25371,39101,1787.692,75369289.36119,0
1632622500000,41998.34,42122.74,41885.82,41980.02,4094.770,1632623399999,172036053.78175,41511,2191.189,92068972.38789,0
1632623400000,41980.00,42193.00,41901.02,42134.52,2951.404,1632624299999,124103632.45344,31325,1711.271,71974281.51093,0
1632624300000,42134.12,42220.00,42000.00,42053.76,2183.561,1632625199999,91934858.13236,24385,1060.513,44655041.06442,0
1632625200000,42053.75,42133.59,41904.04,42096.09,2340.739,1632626099999,98376548.76830,24998,1256.452,52812134.59110,0
1632626100000,42096.10,42318.54,42008.85,42277.33,2229.495,1632626999999,94026488.72982,24986,1305.422,55063043.03834,0
1632627000000,42279.12,42387.84,42222.00,42242.46,2241.365,1632627899999,94812982.03681,23889,1084.610,45892291.52470,0
1632627900000,42242.46,42261.00,42121.72,42196.89,1492.099,1632628799999,62938103.34997,17758,768.120,32398224.13655,0
1632628800000,42196.88,42202.81,42008.10,42133.36,1879.076,1632629699999,79101867.83755,21816,950.502,40018001.01736,0
1632629700000,42135.46,42194.99,42039.12,42049.46,1331.039,1632630599999,56039974.67047,17094,683.050,28762050.45310,0
1632630600000,42049.45,42049.45,41832.93,41994.18,3583.506,1632631499999,150343566.04422,35641,1553.954,65209116.84983,0
1632631500000,41994.19,42243.47,41955.36,42198.98,3081.448,1632632399999,129787204.30737,28654,1698.143,71531181.64584,0
1632632400000,42201.24,42246.00,42121.00,42239.09,1665.983,1632633299999,70286319.77883,18726,786.202,33172991.09374,0
1632633300000,42239.08,42288.12,42110.00,42139.97,1889.500,1632634199999,79735953.79489,19748,908.987,38371581.80250,0
1632634200000,42139.98,42141.28,41945.00,42114.08,2887.669,1632635099999,121381065.61230,27122,1480.961,62256336.97605,0
1632635100000,42114.07,42156.99,42000.00,42049.67,1445.904,1632635999999,60848033.00789,15940,641.775,27006593.83283,0
1632636000000,42049.66,42109.25,41920.00,41988.63,2379.449,1632636899999,99933587.43631,22717,1150.150,48312850.32537,0
1632636900000,41987.61,42119.66,41937.78,42116.81,2142.854,1632637799999,90095282.70737,20802,1220.210,51305539.39987,0
1632637800000,42116.81,42164.99,42008.00,42051.99,1849.449,1632638699999,77832620.51000,17653,1004.209,42263167.02989,0
1632638700000,42051.99,42138.00,41920.41,41949.35,2039.958,1632639599999,85710855.19796,21717,998.058,41943738.71681,0
1632639600000,41947.58,42023.64,41900.01,41968.86,2435.907,1632640499999,102205032.40354,20931,1306.742,54831834.01187,0
1632640500000,41968.86,42046.69,41750.00,41848.89,5393.062,1632641399999,225759603.89529,43432,2407.006,100786263.66104,0
1632641400000,41848.90,41927.30,41050.00,41132.78,18692.013,1632642299999,774008063.38656,144742,8361.719,346255315.58194,0
1632642300000,41132.79,41399.94,40725.01,41214.97,19570.759,1632643199999,803345499.42865,161275,10056.819,412893773.52789,0
1632643200000,41214.97,41680.00,41158.47,41288.63,16570.118,1632644099999,686529168.36761,115239,8711.818,360935188.01571,0
1632644100000,41288.64,41429.82,41030.61,41398.66,8922.869,1632644999999,368080740.84624,78995,4976.804,205330609.75302,0
1632645000000,41398.66,41500.00,41280.00,41297.71,3964.452,1632645899999,164074667.00710,37482,1958.333,81067463.19977,0
1632645900000,41297.72,41588.00,41217.00,41583.11,5225.758,1632646799999,216632211.40114,43069,2851.067,118216093.48642,0
1632646800000,41583.73,41696.00,41484.07,41492.76,4266.841,1632647699999,177373555.55724,38110,2186.514,90907768.63620,0
1632647700000,41492.76,42599.99,41492.76,42302.07,20667.077,1632648599999,871392400.05465,143033,11617.517,489643877.99363,0
1632648600000,42302.07,42662.17,42289.06,42540.42,9637.086,1632649499999,409632370.45937,74958,5120.191,217633019.77039,0
1632649500000,42540.42,43755.00,42540.42,43234.86,26125.076,1632650399999,1130663819.04641,199139,15031.073,650185977.72788,0
1632650400000,43234.85,43466.29,43097.33,43152.94,9548.155,1632651299999,413300205.72040,74766,4624.503,200246864.51685,0
1632651300000,43152.79,43176.57,42918.00,42971.84,7493.027,1632652199999,322360037.03054,67636,3633.682,156351502.57651,0
1632652200000,42974.79,43198.00,42810.00,43121.07,4714.822,1632653099999,202838962.63095,46162,2437.736,104926784.97881,0
1632653100000,43121.08,43133.23,42950.00,42983.00,3232.557,1632653999999,139071932.01955,27149,1643.550,70704913.41134,0
1632654000000,42983.00,43198.00,42971.01,43118.81,2296.915,1632654899999,98980717.16033,24898,1253.212,54002567.94837,0
1632654900000,43118.80,43318.19,43070.56,43102.53,2907.408,1632655799999,125527067.83204,30627,1628.822,70342535.55877,0
1632655800000,43108.52,43164.04,42977.23,42997.34,2190.874,1632656699999,94340060.47017,22790,955.658,41157672.21741,0
1632656700000,43000.11,43171.59,42997.23,43058.87,2950.394,1632657599999,127132144.88057,21476,1878.779,80958485.82745,0
1632657600000,43058.86,43426.95,43058.86,43372.00,5965.383,1632658499999,258056724.07036,48943,3199.283,138421821.31048,0
1632658500000,43372.00,43399.34,43242.00,43353.50,2384.440,1632659399999,103272842.57765,25857,1088.371,47144575.26500,0
1632659400000,43353.49,43441.18,43225.00,43269.74,2659.333,1632660299999,115199225.12711,26404,1273.522,55179044.41341,0
1632660300000,43269.74,43269.75,43156.03,43242.44,1766.648,1632661199999,76330367.38069,19737,885.560,38263596.41451,0
1632661200000,43242.43,43311.00,43170.56,43202.59,1749.456,1632662099999,75642392.91871,20405,904.695,39125305.51573,0
1632662100000,43202.58,43332.84,43115.01,43219.91,2451.320,1632662999999,105980908.66175,23975,1089.228,47093535.50559,0
1632663000000,43219.91,43300.00,43103.01,43128.42,2013.080,1632663899999,86971488.98463,21961,835.712,36109025.07325,0
1632663900000,43129.68,43205.36,43122.27,43196.36,1362.515,1632664799999,58816196.11547,15656,764.844,33016901.95796,0
1632664800000,43196.37,43240.57,43077.00,43120.53,1958.086,1632665699999,84498476.46542,18466,857.251,37000803.23638,0
1632665700000,43117.74,43382.70,43113.57,43280.00,3032.948,1632666599999,131229767.93963,26188,1770.688,76613804.28509,0
1632666600000,43280.00,43296.86,43122.49,43238.59,2309.894,1632667499999,99791121.15197,22364,1221.850,52788023.60050,0
1632667500000,43239.37,43355.00,43113.61,43293.43,3906.688,1632668399999,168959255.75372,27933,2378.236,102866523.35195,0
1632668400000,43293.44,43342.88,43190.50,43230.25,2284.966,1632669299999,98881225.72691,20977,1020.057,44153178.46163,0
1632669300000,43230.24,43300.00,43175.00,43291.35,1648.542,1632670199999,71291745.81107,16770,1007.060,43558196.37865,0
1632670200000,43291.35,43300.00,43240.70,43300.00,898.122,1632671099999,38862726.51365,13018,430.571,18632172.81649,0
1632671100000,43300.00,43390.00,43256.33,43314.19,2296.490,1632671999999,99521877.82195,25515,1234.794,53512628.28839,0
1632672000000,43314.19,43529.00,43286.00,43343.39,4128.258,1632672899999,179160080.73155,41357,2092.095,90816762.11224,0
1632672900000,43344.33,43366.85,43210.01,43300.00,2354.905,1632673799999,101878822.08430,24186,1056.863,45724470.24847,0
1632673800000,43299.99,43334.84,43133.40,43186.89,1720.595,1632674699999,74332650.16560,21596,853.289,36865257.79659,0
1632674700000,43186.90,43283.99,43112.00,43199.51,2040.433,1632675599999,88137025.79716,20096,990.717,42805207.98699,0
1632675600000,43199.50,43280.00,43189.41,43253.85,891.050,1632676499999,38523906.76468,11683,436.578,18874496.62938,0
1632676500000,43253.86,43265.00,43150.00,43179.01,957.918,1632677399999,41395769.52215,12032,410.045,17721397.05055,0
1632677400000,43179.00,43230.52,43154.17,43177.51,734.705,1632678299999,31731869.94918,12221,373.403,16127285.34495,0
1632678300000,43177.52,43186.14,43059.00,43130.78,2187.034,1632679199999,94303471.58325,21770,1034.984,44634416.56965,0
1632679200000,43130.04,43248.99,43126.00,43162.65,1193.506,1632680099999,51544257.34644,14627,641.090,27689266.93680,0
1632680100000,43162.64,43269.66,43162.64,43214.95,1033.464,1632680999999,44671826.78760,12093,576.719,24930552.62664,0
1632681000000,43214.95,43239.05,43190.00,43216.39,520.524,1632681899999,22495144.22006,8783,285.585,12341970.55645,0
1632681900000,43216.39,43230.00,43170.00,43179.98,506.625,1632682799999,21885412.97820,9419,264.956,11445607.98468,0
1632682800000,43179.97,43217.34,43120.00,43124.45,699.401,1632683699999,30194281.74256,10528,323.654,13973113.89039,0
1632683700000,43124.45,43248.00,43106.89,43230.84,1064.521,1632684599999,45977887.75354,12989,624.057,26958311.65495,0
1632684600000,43230.83,43420.81,43200.24,43313.51,2173.966,1632685499999,94149112.23283,23933,1061.916,45990440.52197,0
1632685500000,43313.50,43339.98,43212.72,43244.59,976.297,1632686399999,42247887.09150,12421,515.867,22326472.87560,0
1632686400000,43245.25,43419.00,43245.25,43354.41,1366.774,1632687299999,59222861.68286,16161,731.956,31718661.79760,0
1632687300000,43354.42,43690.00,43335.41,43612.12,3278.028,1632688199999,142584588.38464,32328,2060.122,89632209.43619,0
1632688200000,43612.12,43700.00,43530.81,43553.56,2522.953,1632689099999,110023928.48635,27419,1197.073,52220067.70550,0
1632689100000,43553.55,43630.58,43457.10,43625.00,1609.910,1632689999999,70090460.20990,18166,778.856,33918272.08214,0
1632690000000,43625.01,43690.00,43458.69,43483.84,1533.146,1632690899999,66761908.06649,18822,686.107,29886566.03114,0
1632690900000,43483.19,43497.72,43400.00,43420.00,1036.035,1632691799999,45000729.00714,15167,478.038,20764580.06336,0
1632691800000,43420.01,43460.83,43325.62,43383.05,1011.948,1632692699999,43924471.89137,13488,441.025,19149304.74902,0
1632692700000,43383.05,43550.56,43381.71,43548.02,1130.619,1632693599999,49166466.88022,13972,584.187,25397417.72763,0
1632693600000,43548.02,43940.00,43463.83,43702.66,5460.054,1632694499999,239022526.76995,50397,3106.850,136021424.05763,0
1632694500000,43703.80,43755.00,43567.90,43596.26,2047.958,1632695399999,89407022.33990,21341,1062.084,46369692.73722,0
1632695400000,43596.27,43598.08,43406.41,43466.26,1916.778,1632696299999,83399372.33571,21116,931.052,40508616.31126,0
1632696300000,43466.27,43472.60,42770.01,42887.51,8238.306,1632697199999,355172720.38793,66195,3347.240,144400316.34790,0
1632697200000,42887.52,43200.00,42650.00,43049.50,9361.054,1632698099999,401546596.76821,83456,4977.050,213594623.75834,0
1632698100000,43049.50,43119.26,42943.88,42972.41,3259.472,1632698999999,140283799.70887,31725,1609.519,69282318.65743,0
1632699000000,42972.41,43197.00,42886.05,43123.48,2573.437,1632699899999,110800685.02814,27404,1387.623,59763321.56371,0
1632699900000,43123.48,43249.80,43120.25,43150.00,2038.530,1632700799999,88026949.81253,20718,986.463,42602655.43144,0
1632700800000,43150.01,43207.93,42968.46,43050.80,2723.583,1632701699999,117342501.91791,28916,1274.880,54929912.30329,0
1632701700000,43050.45,43066.56,42914.04,43048.11,1995.477,1632702599999,85777035.44966,21209,1008.066,43339920.02731,0
1632702600000,43048.10,43450.00,43046.83,43431.49,4340.972,1632703499999,187840345.24794,37048,2490.748,107774025.10589,0
1632703500000,43430.27,43958.58,43380.98,43851.20,7205.364,1632704399999,314851854.63846,65896,3758.614,164248711.80453,0
1632704400000,43851.20,43971.80,43693.40,43912.15,4825.203,1632705299999,211530868.44533,44512,2424.767,106310962.92960,0
1632705300000,43911.32,43950.00,43800.88,43919.43,2154.186,1632706199999,94561438.45254,22714,1005.304,44134229.15507,0
1632706200000,43919.43,44300.00,43855.54,44217.89,7506.533,1632707099999,331315909.05337,65926,4708.163,207829326.35612,0
1632707100000,44217.89,44261.40,44126.99,44259.86,2581.323,1632707999999,114055177.04140,25356,1353.257,59799903.89411,0
1632708000000,44259.86,44350.00,44156.63,44172.31,2525.623,1632708899999,111730631.68620,26402,1183.682,52372740.16625,0
1632708900000,44172.31,44172.31,43959.40,43984.73,3630.555,1632709799999,159863256.22816,34134,1571.086,69176992.77450,0
1632709800000,43985.51,44166.04,43982.86,44112.78,1943.866,1632710699999,85738197.87543,20823,1024.330,45179557.49774,0
1632710700000,44112.78,44173.11,44000.00,44157.84,1678.889,1632711599999,74037025.34178,18414,777.791,34306351.92943,0
1632711600000,44157.83,44220.00,44076.44,44108.00,1809.724,1632712499999,79903971.75211,18290,863.366,38125587.46970,0
1632712500000,44108.00,44120.00,44019.03,44040.00,1535.445,1632713399999,67664544.29205,14000,524.151,23100629.85659,0
1632713400000,44040.00,44076.46,43938.02,43961.39,1315.062,1632714299999,57878003.27952,15075,562.186,24744894.94836,0
1632714300000,43961.39,44028.90,43824.76,44028.89,2800.601,1632715199999,123023556.53317,26973,1497.827,65808166.99584,0
1632715200000,44028.89,44066.54,43946.09,44020.39,1636.248,1632716099999,72013068.35276,18715,794.193,34955623.48816,0
1632716100000,44020.40,44026.43,43924.01,44017.10,1438.939,1632716999999,63285287.53699,14203,711.800,31305091.95127,0
1632717000000,44017.09,44018.57,43892.00,43954.88,1574.866,1632717899999,69190924.43015,14954,760.723,33425003.18583,0
1632717900000,43953.35,44040.74,43892.00,44003.94,1366.682,1632718799999,60081558.42511,16331,833.488,36645391.48483,0
1632718800000,44003.94,44160.32,43984.28,44159.99,2136.053,1632719699999,94190533.27666,21936,1226.272,54073225.54768,0
1632719700000,44159.99,44230.97,44021.31,44033.34,1645.647,1632720599999,72586938.09090,17645,713.740,31493953.31861,0
1632720600000,44034.92,44096.01,43961.92,44011.94,1182.795,1632721499999,52054580.08882,13491,568.031,24999835.69872,0
1632721500000,44011.94,44111.00,43984.87,44063.74,981.753,1632722399999,43236069.81541,12894,549.207,24187221.96416,0
1632722400000,44063.74,44179.00,44063.74,44140.31,1568.974,1632723299999,69241433.00986,16363,898.905,39672217.07105,0
1632723300000,44140.30,44194.00,43968.57,44010.96,2439.448,1632724199999,107500011.31054,21243,885.393,39020860.09028,0
1632724200000,44010.96,44099.16,43936.00,44037.70,1735.328,1632725099999,76354987.69876,19985,941.067,41409163.01625,0
1632725100000,44037.69,44070.78,43641.45,43722.06,3972.692,1632725999999,174009439.28214,36859,1525.376,66817323.39494,0
1632726000000,43722.07,43918.00,43651.85,43790.32,3856.439,1632726899999,168865943.61755,36156,1941.518,85021130.87921,0
1632726900000,43790.32,43849.76,43623.60,43759.99,3427.249,1632727799999,149804637.32475,29790,1617.219,70684908.61744,0
1632727800000,43760.00,43822.70,43720.00,43780.60,1660.522,1632728699999,72684803.22278,17337,980.600,42925408.85877,0
1632728700000,43780.59,43818.00,43652.14,43665.96,1630.770,1632729599999,71342096.10588,17365,845.261,36988234.13463,0
1632729600000,43662.70,43844.00,43639.79,43716.62,2601.447,1632730499999,113816467.70526,23959,1435.987,62829845.90385,0
1632730500000,43716.62,43869.00,43706.79,43815.54,1712.940,1632731399999,75034683.95414,18516,1007.741,44142879.48026,0
1632731400000,43815.53,43865.43,43690.76,43731.12,1525.714,1632732299999,66810168.83290,17965,630.273,27610105.15324,0
1632732300000,43731.11,43855.01,43716.00,43816.77,1176.998,1632733199999,51535037.07016,15613,765.512,33518701.25065,0
1632733200000,43816.29,44068.22,43758.24,43951.58,3328.293,1632734099999,146196587.86490,36615,1848.863,81224270.62156,0
1632734100000,43951.58,44100.00,43885.00,43968.01,1920.161,1632734999999,84477212.06407,24551,1014.387,44631017.40413,0
1632735000000,43968.01,43986.09,43330.00,43593.57,8059.428,1632735899999,351131256.00372,79618,3574.294,155701158.42282,0
1632735900000,43593.56,43593.56,43370.00,43540.56,3744.365,1632736799999,162874068.10975,41320,1781.813,77512434.59316,0
1632736800000,43540.56,43835.00,43491.06,43763.38,3993.512,1632737699999,174372871.66792,40427,2300.142,100442904.66659,0
1632737700000,43763.39,43949.18,43726.23,43794.64,3963.329,1632738599999,173733136.46317,38603,1895.918,83117191.48444,0
1632738600000,43794.64,43876.73,43707.29,43843.85,1457.197,1632739499999,63807322.72561,19232,742.274,32504552.23135,0
1632739500000,43843.89,43882.48,43730.02,43757.01,1238.324,1632740399999,54241369.60160,16445,576.521,25255397.60786,0
1632740400000,43757.00,43848.00,43569.09,43635.95,2582.726,1632741299999,112830157.54297,28019,1184.908,51765880.81710,0
1632741300000,43635.95,43738.09,43602.27,43682.34,1780.217,1632742199999,77746387.31371,19718,974.412,42555818.96726,0
1632742200000,43682.35,43716.90,43550.00,43672.11,1659.725,1632743099999,72412020.07965,19634,884.242,38583630.84865,0
1632743100000,43672.11,43784.33,43672.10,43735.01,1166.994,1632743999999,51042966.72867,15042,624.579,27318684.02248,0
1632744000000,43735.00,43824.75,43410.00,43482.65,5181.250,1632744899999,225664573.06871,49801,2498.257,108808438.06460,0
1632744900000,43482.65,43547.42,43355.00,43428.31,3193.336,1632745799999,138738575.91480,34485,1608.385,69889531.67122,0
1632745800000,43428.32,43534.06,43206.20,43498.61,4202.768,1632746699999,182358617.56681,41897,1946.468,84501762.38041,0
1632746700000,43498.61,43742.47,43496.12,43523.53,3357.310,1632747599999,146416576.24550,34744,1760.154,76775858.40699,0
1632747600000,43523.53,43622.60,43470.00,43524.73,1584.279,1632748499999,68987744.58940,21527,781.018,34015297.33076,0
1632748500000,43524.74,43638.20,43444.45,43600.81,1551.025,1632749399999,67544662.23392,20619,740.084,32237296.09773,0
1632749400000,43600.81,43643.62,43301.90,43416.64,3570.211,1632750299999,155086492.33676,39151,1786.470,77598175.54102,0
1632750300000,43416.64,43563.51,43363.57,43492.45,1818.582,1632751199999,79055333.26253,20855,1007.945,43817791.03440,0
1632751200000,43492.14,43589.76,43424.00,43507.07,1584.720,1632752099999,68947614.11027,20354,811.214,35296192.73719,0
1632752100000,43507.07,43625.00,43410.00,43585.79,2019.592,1632752999999,87904184.56422,22786,1020.048,44396945.75830,0
1632753000000,43585.79,44060.72,43120.01,43364.29,15988.261,1632753899999,695740287.79216,133967,7955.535,346389085.40501,0
1632753900000,43364.30,43449.99,43060.00,43181.27,8113.078,1632754799999,350618509.15039,73916,3778.507,163324352.03577,0
1632754800000,43181.27,43280.00,43019.00,43050.34,6308.208,1632755699999,272171665.17309,59292,3048.843,131558994.23390,0
1632755700000,43050.34,43216.95,43025.00,43178.63,3782.192,1632756599999,163035867.69250,38697,2100.294,90542271.64546,0
1632756600000,43178.63,43252.41,43057.97,43109.78,3162.683,1632757499999,136443943.98169,30093,1492.504,64396280.82503,0
1632757500000,43107.10,43321.42,43026.24,43266.54,3760.770,1632758399999,162436567.94127,35712,2081.897,89938197.74173,0
1632758400000,43266.54,43329.10,43197.37,43260.17,3396.590,1632759299999,146965727.12189,32046,1436.883,62182202.75323,0
1632759300000,43258.75,43389.95,43150.00,43234.75,2943.427,1632760199999,127349429.08883,34364,1396.961,60456540.13748,0
1632760200000,43234.74,43313.42,43040.38,43078.97,2913.098,1632761099999,125754073.59187,31153,1295.879,55957308.72027,0
1632761100000,43078.97,43162.06,42825.78,43052.34,7027.626,1632761999999,301849947.73678,68150,3203.406,137623680.47731,0
1632762000000,43053.46,43157.72,42964.84,43123.55,3257.163,1632762899999,140277643.52446,33259,1616.244,69618008.09752,0
1632762900000,43123.55,43215.79,42959.15,42966.23,2635.412,1632763799999,113623259.83861,27868,1256.134,54179231.96695,0
1632763800000,42965.48,43142.10,42903.38,43067.03,2126.542,1632764699999,91585593.96560,26884,1088.447,46872701.13220,0
1632764700000,43067.04,43090.00,42942.60,43036.09,1809.692,1632765599999,77833541.38142,21019,944.087,40608459.79527,0
1632765600000,43037.98,43199.00,42984.23,43165.04,2308.585,1632766499999,99544662.48350,24845,1297.792,55953557.27208,0
1632766500000,43165.03,43178.37,43090.35,43142.91,1169.436,1632767399999,50444793.86250,14437,542.765,23411544.26085,0
1632767400000,43142.92,43146.49,42954.15,42974.80,2350.407,1632768299999,101102038.42597,23828,1045.162,44958121.32614,0
1632768300000,42974.80,43016.25,42926.00,43013.00,1470.973,1632769199999,63202441.82397,17035,719.411,30910765.31768,0
1632769200000,43012.99,43115.66,42930.00,43099.94,1455.725,1632770099999,62619384.61213,17100,826.552,35562550.58526,0
1632770100000,43099.93,43130.31,43031.40,43106.06,972.485,1632770999999,41893813.31901,13409,417.828,18001222.32059,0
1632771000000,43106.06,43170.00,43061.02,43135.00,1214.585,1632771899999,52371712.04646,14345,645.230,27822648.84420,0
1632771900000,43134.99,43136.57,42988.06,42994.80,1130.337,1632772799999,48659109.32172,13551,504.328,21711096.23531,0
1632772800000,42994.81,43005.22,42680.01,42779.83,5995.565,1632773699999,256574706.40807,54898,2584.687,110598242.60919,0
1632773700000,42779.83,42885.79,42730.00,42860.25,2016.940,1632774599999,86344575.61569,20852,1102.852,47215711.68731,0
1632774600000,42860.25,42927.51,42772.17,42829.99,1578.314,1632775499999,67636964.59772,17868,809.830,34709129.62271,0
1632775500000,42829.99,42869.81,42542.25,42660.02,3910.789,1632776399999,166888429.61281,36449,1539.143,65709799.99120,0
1632776400000,42660.01,42777.00,42554.74,42756.89,2372.202,1632777299999,101287788.56612,24228,1299.253,55482913.23035,0
1632777300000,42756.90,42877.39,42700.00,42814.01,1287.515,1632778199999,55093509.46337,17118,665.485,28477569.74346,0
1632778200000,42814.01,42972.80,42765.02,42939.86,2040.680,1632779099999,87524603.91055,20080,1226.364,52601620.06944,0
1632779100000,42939.86,43145.00,42888.74,43047.80,2250.423,1632779999999,96850664.73577,24116,1249.241,53770745.93505,0
1632780000000,43047.79,43140.28,42963.07,43121.65,1776.411,1632780899999,76475856.10132,18675,899.131,38712364.03554,0
1632780900000,43121.64,43320.22,43092.85,43281.95,2927.015,1632781799999,126495082.85721,28938,1860.787,80427639.12680,0
1632781800000,43281.95,43398.57,43072.87,43094.12,2843.879,1632782699999,122911803.22781,26223,1193.657,51633272.04842,0
1632782700000,43094.13,43148.68,42957.60,43141.04,2294.687,1632783599999,98798612.27812,23573,1168.999,50343634.60140,0
1632783600000,43141.04,43209.10,42980.49,43043.00,1613.686,1632784499999,69545106.98752,18424,742.755,32014803.75315,0
1632784500000,43043.00,43074.69,42616.45,42656.24,4338.292,1632785399999,185799304.48685,35209,1643.633,70414070.30783,0
1632785400000,42656.25,42787.46,42121.15,42203.01,10264.291,1632786299999,435300692.44776,84621,4533.035,192340147.54780,0
1632786300000,42203.01,42345.06,42059.13,42122.69,5702.388,1632787199999,240723643.67313,49817,2965.566,125219413.19290,0
1632787200000,42122.69,42274.15,41900.67,42111.54,8233.449,1632788099999,346608884.66014,67784,4172.391,175717906.58304,0
1632788100000,42112.39,42359.76,42024.99,42223.93,3617.320,1632788999999,152755961.60912,34009,1883.304,79538226.39167,0
1632789000000,42223.93,42415.08,42121.38,42338.30,3255.650,1632789899999,137641675.40944,28401,1863.252,78776290.23654,0
1632789900000,42338.29,42367.73,42180.00,42304.03,1775.576,1632790799999,75031474.89216,19998,803.477,33955477.41538,0
1632790800000,42304.04,42317.99,42051.39,42156.43,2605.356,1632791699999,109833255.34984,26418,1122.637,47321950.44869,0
1632791700000,42155.85,42280.00,42150.01,42182.53,1409.110,1632792599999,59486542.70804,16516,786.399,33197379.56137,0
1632792600000,42182.54,42463.65,42130.00,42420.22,3143.293,1632793499999,133111433.62479,28890,1913.984,81063421.53952,0
1632793500000,42420.22,42524.00,42339.96,42425.85,2395.258,1632794399999,101652087.91158,25208,1276.413,54175271.74545,0
1632794400000,42425.86,42588.92,42425.85,42511.42,2503.773,1632795299999,106448186.47910,26883,1313.209,55834031.47843,0
1632795300000,42513.09,42564.24,42425.00,42527.51,1933.662,1632796199999,82167024.12038,18934,1109.518,47157050.81065,0
1632796200000,42527.52,42539.58,42340.78,42365.98,1452.294,1632797099999,61615509.45945,16752,572.648,24296714.85924,0
1632797100000,42365.99,42466.00,42210.63,42400.07,2665.687,1632797999999,112857412.34455,25803,1196.618,50677164.56276,0
1632798000000,42400.07,42523.82,42336.90,42467.68,2108.856,1632798899999,89485937.99186,21062,1108.813,47064438.40728,0
1632798900000,42467.68,42558.03,42446.51,42451.94,1692.978,1632799799999,71944745.79169,19615,970.374,41237832.78667,0
1632799800000,42451.94,42515.12,42405.33,42482.85,1261.877,1632800699999,53565444.49641,13642,612.167,25988408.06027,0
1632800700000,42482.84,42599.94,42451.83,42527.00,1382.715,1632801599999,58813940.73098,15949,781.463,33245810.26774,0
1632801600000,42527.72,42659.39,42472.34,42605.02,2780.268,1632802499999,118427640.02071,23984,1709.314,72817052.47491,0
1632802500000,42605.02,42749.00,42602.88,42702.19,2542.910,1632803399999,108539642.88551,24640,1449.731,61882127.16161,0
1632803400000,42702.18,42735.35,42563.00,42595.02,1533.367,1632804299999,65383049.83309,16479,635.629,27103909.16804,0
1632804300000,42595.02,42659.56,42551.89,42604.73,1286.303,1632805199999,54817869.25242,13480,680.687,29010794.42235,0
1632805200000,42604.73,42705.49,42322.83,42379.61,3127.580,1632806099999,132883595.52037,29269,1283.136,54524026.56484,0
1632806100000,42378.76,42627.24,42353.39,42421.49,2515.898,1632806999999,106958116.50210,25696,1424.430,60560614.73584,0
1632807000000,42421.50,42518.56,42384.68,42514.44,1536.680,1632807899999,65231682.25626,17428,730.770,31025221.82052,0
1632807900000,42513.89,42517.65,42351.00,42396.60,1619.114,1632808799999,68676822.27431,17650,742.461,31493957.41719,0
1632808800000,42399.38,42480.99,42276.26,42315.59,1638.391,1632809699999,69459077.13056,17760,675.042,28629368.18892,0
1632809700000,42315.59,42375.80,42262.48,42350.06,2000.296,1632810599999,84625946.05950,20571,1060.222,44858875.74593,0
1632810600000,42350.06,42402.04,42100.00,42142.22,2983.826,1632811499999,126030126.05637,28328,1139.896,48161838.64062,0
1632811500000,42142.21,42241.42,41824.00,42194.42,9002.031,1632812399999,378373151.14660,76393,4598.601,193356737.65039,0
1632812400000,42194.43,42289.30,41993.15,42014.23,4001.352,1632813299999,168678238.99472,37432,2014.020,84932706.33961,0
1632813300000,42014.22,42036.33,41714.28,41845.13,8325.605,1632814199999,348336152.00938,70947,3838.855,160645236.22042,0
1632814200000,41844.91,41940.00,41781.98,41820.32,3257.497,1632815099999,136391028.69453,34282,1666.553,69785422.86021,0
1632815100000,41820.31,41835.95,41629.01,41762.05,5083.816,1632815999999,212044439.71777,50363,2581.259,107666489.35232,0
1632816000000,41763.93,41924.19,41505.01,41900.00,7996.688,1632816899999,333325650.40656,73317,4293.652,179042081.03792,0
1632816900000,41900.00,42066.59,41703.25,41731.35,9852.849,1632817799999,413101603.54692,74385,4767.221,199897128.05022,0
1632817800000,41731.36,41913.00,41622.37,41829.22,4443.809,1632818699999,185499473.13206,43568,2397.893,100110477.33541,0
1632818700000,41829.23,41955.00,41656.30,41825.13,3853.440,1632819599999,160957819.97298,36605,2005.247,83758256.51701,0
1632819600000,41825.13,41892.24,41646.52,41805.93,3491.542,1632820499999,145828956.85625,32977,1762.463,73630180.16825,0
1632820500000,41805.94,42049.93,41713.00,42031.35,4910.258,1632821399999,205777048.22326,42763,2683.172,112461199.32722,0
1632821400000,42031.35,42123.75,41933.76,42000.44,3785.561,1632822299999,159095857.28815,36584,1952.756,82083191.88801,0
1632822300000,42000.44,42050.00,41837.82,41876.58,2419.932,1632823199999,101510262.81178,26389,1105.430,46372786.82516,0
1632823200000,41874.85,41893.22,41660.00,41771.00,3671.938,1632824099999,153312408.79061,38715,1726.255,72075571.70059,0
1632824100000,41771.00,41926.25,41600.00,41643.81,4101.439,1632824999999,171301615.66344,37964,1908.805,79741836.88695,0
1632825000000,41643.80,41776.11,41630.76,41660.00,2277.214,1632825899999,94996070.91338,24063,1063.026,44348217.62394,0
1632825900000,41660.00,41871.86,41650.00,41802.92,2315.642,1632826799999,96792735.37184,24538,1183.571,49472823.12062,0
1632826800000,41802.93,41983.67,41700.00,41894.01,3654.544,1632827699999,152918555.40032,29526,2085.483,87274662.35669,0
1632827700000,41895.86,42050.00,41856.22,41954.59,3568.030,1632828599999,149788290.14223,32661,1857.223,77970497.30189,0
1632828600000,41954.59,42048.00,41852.40,41869.32,2454.509,1632829499999,102966126.17458,23230,1093.304,45885124.01430,0
1632829500000,41869.30,42150.00,41860.00,42087.21,2842.710,1632830399999,119494547.08319,27707,1799.646,75657576.39029,0
1632830400000,42085.72,42117.51,41995.95,41996.07,2497.277,1632831299999,105017448.01848,26819,1219.001,51270793.27145,0
1632831300000,41996.09,42092.38,41942.19,42083.13,2369.535,1632832199999,99536370.93943,21647,1192.653,50111197.36943,0
1632832200000,42083.13,42090.00,41818.03,41829.18,2631.789,1632833099999,110434224.02423,25792,1015.213,42600382.67937,0
1632833100000,41830.00,41942.88,41730.00,41818.44,3519.437,1632833999999,147182550.09837,35447,1806.307,75554712.08223,0
1632834000000,41818.44,42566.85,41770.22,41848.97,14050.210,1632834899999,592389588.33341,110836,7316.744,308561398.99454,0
1632834900000,41847.52,42469.93,41828.07,42365.65,10608.637,1632835799999,447415454.95015,89013,5794.798,244337121.57984,0
1632835800000,42365.65,42488.00,42158.29,42283.77,6062.002,1632836699999,256498376.43339,58146,2980.760,126140736.36189,0
1632836700000,42283.77,42291.72,41867.26,41983.96,8196.834,1632837599999,344489399.38410,66271,3677.392,154519890.88858,0
1632837600000,41983.95,41987.47,41376.20,41536.01,13453.732,1632838499999,560782587.33111,109564,6077.731,253386510.54100,0
1632838500000,41536.00,41769.68,41254.41,41535.23,15834.253,1632839399999,656107018.14286,126097,7990.966,331257156.11460,0
1632839400000,41544.09,41648.48,41414.94,41631.86,5715.001,1632840299999,237333677.96893,55431,2907.450,120756002.43012,0
1632840300000,41631.86,41637.82,41432.00,41523.52,3381.193,1632841199999,140361190.02059,34284,1608.100,66761778.90602,0
1632841200000,41523.52,41562.21,41342.54,41373.74,4272.613,1632842099999,177056382.29755,41837,2160.835,89560754.85605,0
1632842100000,41373.75,41529.84,41292.28,41464.21,4715.257,1632842999999,195282524.74591,39902,2489.281,103125034.93062,0
1632843000000,41467.35,41668.40,41463.83,41571.00,2797.048,1632843899999,116328074.97298,30924,1490.950,62011397.97106,0
1632843900000,41571.00,41624.98,41412.63,41446.30,2511.538,1632844799999,104247856.52605,26000,1106.936,45946840.34534,0
1632844800000,41443.37,41563.93,41372.00,41531.68,3222.201,1632845699999,133575791.43310,32654,1622.524,67274092.86879,0
1632845700000,41531.67,41620.00,41501.54,41573.58,1911.396,1632846599999,79462554.52298,23767,924.708,38445552.05829,0
1632846600000,41575.08,41618.28,41364.00,41386.08,2894.612,1632847499999,120093381.26281,27140,1218.651,50577767.62539,0
1632847500000,41387.41,41437.83,41111.46,41248.76,8214.943,1632848399999,338742415.21493,76159,3925.787,161881324.71408,0
1632848400000,41248.77,41334.98,41125.97,41139.23,4426.298,1632849299999,182493804.87277,42378,2069.483,85350738.46409,0
1632849300000,41139.22,41448.51,41100.53,41369.59,4621.717,1632850199999,190733851.77061,43236,2504.931,103391716.20546,0
1632850200000,41369.58,41396.68,41244.74,41350.31,2425.926,1632851099999,100253781.26370,24686,1183.999,48930308.69594,0
1632851100000,41350.30,41442.88,41242.06,41391.59,2320.070,1632851999999,95931812.30772,23835,1264.359,52279107.55544,0
1632852000000,41391.59,41434.98,41257.00,41273.78,3202.506,1632852899999,132398869.64323,27963,1714.369,70886565.87518,0
1632852900000,41273.78,41495.70,41273.78,41492.61,2256.780,1632853799999,93475906.66217,23634,1230.724,50977093.41141,0
1632853800000,41492.60,41666.66,41460.00,41583.44,3599.427,1632854699999,149633312.08202,34466,1883.962,78322481.13528,0
1632854700000,41583.45,41753.61,41538.94,41548.99,3775.513,1632855599999,157170119.38569,32050,2090.818,87059993.33322,0
1632855600000,41548.99,41710.39,41510.00,41695.51,1884.736,1632856499999,78442330.99646,21333,1022.696,42571852.76918,0
1632856500000,41695.50,41747.56,41580.12,41640.00,2086.037,1632857399999,86907420.02671,21382,1026.450,42771398.88029,0
1632857400000,41640.01,41668.50,41540.00,41546.51,1246.939,1632858299999,51859098.24926,15021,453.308,18853332.31099,0
1632858300000,41546.51,41800.00,41364.25,41583.23,5416.147,1632859199999,224971051.03893,42288,3074.655,127779105.25595,0
1632859200000,41583.24,41849.96,41553.03,41659.98,4992.777,1632860099999,208226683.42094,46727,2348.410,97937521.75424,0
1632860100000,41659.99,41999.00,41614.94,41811.09,6706.614,1632860999999,280547296.80135,47683,3623.879,151551637.14053,0
1632861000000,41811.09,41859.49,41733.76,41796.28,1342.429,1632861899999,56102610.68640,16085,585.921,24488113.81487,0
1632861900000,41796.28,41860.00,41734.16,41746.03,1165.365,1632862799999,48718184.23734,15144,513.979,21487798.03937,0
1632862800000,41748.12,41876.61,41745.58,41843.99,1005.529,1632863699999,42052426.82681,14654,463.488,19382738.49444,0
1632863700000,41843.98,41964.24,41820.00,41849.61,1622.680,1632864599999,67995652.76732,20319,832.327,34880227.19091,0
1632864600000,41850.46,41859.63,41767.31,41819.99,1217.214,1632865499999,50889557.49021,14427,451.875,18893259.94340,0
1632865500000,41819.99,41870.56,41738.40,41832.99,1416.600,1632866399999,59216039.16165,14458,726.618,30375296.03820,0
1632866400000,41832.99,41845.00,41672.05,41763.59,1536.743,1632867299999,64127675.88660,17875,696.168,29053744.52211,0
1632867300000,41763.59,41825.85,41628.88,41628.88,1348.653,1632868199999,56278809.05332,16232,648.200,27054285.83557,0
1632868200000,41628.88,41747.10,41589.86,41704.99,1148.334,1632869099999,47876794.19898,14673,573.078,23894753.01118,0
1632869100000,41705.00,41738.86,41550.00,41565.26,1345.180,1632869999999,55993156.27300,15976,560.814,23350527.11744,0
1632870000000,41566.56,41684.16,41499.05,41542.08,1607.380,1632870899999,66863356.09037,15873,721.529,30022025.13567,0
1632870900000,41542.08,41573.52,41435.85,41538.36,1877.176,1632871799999,77906457.89111,18120,873.697,36258511.49115,0
1632871800000,41538.36,41538.37,40854.00,40971.41,8457.950,1632872699999,347892037.87305,67137,3176.256,130631734.29178,0
1632872700000,40971.42,41062.23,40854.66,41006.32,6521.417,1632873599999,267164515.08581,56039,3700.927,151634158.41198,0
1632873600000,41002.96,41177.44,40800.44,40817.02,6913.847,1632874499999,283565926.28647,58492,3026.054,124174788.12170,0
1632874500000,40817.02,41459.67,40708.73,41354.70,9661.095,1632875399999,396527550.28409,78428,5657.984,232370864.36166,0
1632875400000,41354.70,41740.00,41251.03,41592.49,8116.107,1632876299999,337009181.06943,67490,4265.990,177119176.29541,0
1632876300000,41592.49,41640.13,41368.46,41572.93,4087.180,1632877199999,169651669.10954,35691,1812.471,75247663.78436,0
1632877200000,41572.93,41793.60,41503.52,41760.55,3425.788,1632878099999,142689518.94649,32141,2025.046,84360166.11672,0
1632878100000,41760.55,41833.15,41630.68,41647.90,2785.072,1632878999999,116229539.81082,26442,1210.818,50540277.84013,0
1632879000000,41643.88,41647.38,41316.08,41430.86,4430.096,1632879899999,183642669.89677,39365,1982.343,82155668.92570,0
1632879900000,41432.56,41569.98,41369.56,41535.03,1830.444,1632880799999,75897410.39119,19466,1106.699,45894603.86671,0
1632880800000,41537.13,41777.53,41532.83,41619.99,3970.873,1632881699999,165452309.72675,31721,2446.046,101939736.90404,0
1632881700000,41619.99,41878.00,41616.60,41842.54,2804.169,1632882599999,117065117.22795,25701,1418.860,59244000.18448,0
1632882600000,41842.53,41875.01,41688.26,41784.32,2252.320,1632883499999,94091126.39770,22780,954.476,39876148.75027,0
1632883500000,41788.14,41830.00,41691.69,41695.39,1348.570,1632884399999,56305599.84356,16551,655.111,27354593.19018,0
1632884400000,41695.39,41793.82,41605.96,41750.94,1861.780,1632885299999,77611151.02247,18751,930.608,38805758.01363,0
1632885300000,41752.86,41799.00,41679.17,41755.95,1180.344,1632886199999,49268295.77953,12992,573.842,23953754.94090,0
1632886200000,41755.95,41900.00,41749.42,41860.02,2455.755,1632887099999,102727305.67425,22201,1449.547,60636115.18722,0
1632887100000,41860.02,42262.88,41846.42,42186.65,7695.323,1632887999999,323947716.34555,65024,4433.192,186606763.26067,0
1632888000000,42186.67,42444.00,42114.00,42346.55,7411.009,1632888899999,313547858.87237,61593,3983.595,168534573.22686,0
1632888900000,42346.55,42396.00,42235.00,42242.00,2792.694,1632889799999,118141345.48757,27186,1173.514,49647125.08929,0
1632889800000,42242.00,42326.00,42210.29,42311.10,1396.662,1632890699999,59044479.64553,17599,780.440,32997328.35862,0
1632890700000,42311.09,42329.98,42153.22,42226.78,2463.787,1632891599999,104029182.04768,23288,1101.755,46527285.25727,0
1632891600000,42226.77,42274.57,42065.00,42121.36,2415.504,1632892499999,101852959.06535,22519,1007.468,42504043.04255,0
1632892500000,42121.36,42156.43,41965.82,42097.67,3365.949,1632893399999,141591345.13808,29592,1795.246,75537938.84326,0
1632893400000,42097.68,42210.20,42001.10,42193.99,1995.919,1632894299999,84054953.54809,19395,1168.641,49221184.98414,0
1632894300000,42192.86,42288.80,42160.53,42274.21,1635.145,1632895199999,69039917.61398,17759,844.792,35673368.54935,0
1632895200000,42274.22,42339.97,42126.24,42157.50,2056.233,1632896099999,86845511.30849,21929,1046.390,44203098.09919,0
1632896100000,42159.20,42235.98,42111.00,42159.62,1314.035,1632896999999,55419283.26574,16528,657.840,27748486.75446,0
1632897000000,42159.63,42224.72,42144.01,42181.19,959.214,1632897899999,40455231.70127,12884,448.570,18919247.07413,0
1632897900000,42181.19,42441.00,42177.85,42420.80,2922.428,1632898799999,123688078.16374,29441,1850.663,78332933.16600,0
1632898800000,42420.80,42447.78,42300.00,42308.47,2391.832,1632899699999,101369017.34139,23971,952.037,40356824.87854,0
1632899700000,42308.47,42493.72,42305.02,42429.51,1962.343,1632900599999,83192326.36462,21733,1155.311,48980652.56903,0
1632900600000,42429.51,42430.62,42319.76,42340.81,1144.225,1632901499999,48473281.40182,13275,446.304,18905879.85987,0
1632901500000,42340.80,42438.00,42314.74,42429.27,1151.070,1632902399999,48769651.03931,12820,610.024,25850843.92096,0
1632902400000,42429.28,42468.30,42311.00,42362.67,1457.143,1632903299999,61738435.40682,18688,726.684,30791462.62365,0
1632903300000,42362.67,42400.00,42153.82,42342.47,2826.990,1632904199999,119521058.31555,26995,1291.340,54612478.45215,0
1632904200000,42342.47,42443.30,42171.14,42242.50,2874.992,1632905099999,121614408.44454,27820,1292.248,54667722.13889,0
1632905100000,42241.66,42363.98,42241.66,42350.02,1132.704,1632905999999,47923422.80818,14678,619.570,26212246.16993,0
1632906000000,42350.02,42350.02,42150.00,42150.01,3248.156,1632906899999,137134358.27303,32239,1566.055,66117655.66108,0
1632906900000,42150.01,42246.80,42127.71,42221.07,1715.788,1632907799999,72387827.11145,20218,855.207,36083559.75872,0
1632907800000,42221.08,42227.83,42109.59,42172.03,1408.747,1632908699999,59397171.69355,18433,638.403,26919261.28084,0
1632908700000,42172.02,42280.00,42170.00,42237.21,1599.195,1632909599999,67520086.41660,17528,963.216,40667089.59407,0
1632909600000,42237.20,42445.00,42120.05,42307.69,5978.091,1632910499999,252913957.58896,54793,3023.956,127979600.58260,0
1632910500000,42307.68,42360.00,42184.42,42332.15,1730.366,1632911399999,73142577.91021,21323,836.567,35362834.23570,0
1632911400000,42330.66,42400.00,42251.42,42379.04,1960.755,1632912299999,83058335.98679,21433,1145.676,48537784.90240,0
1632912300000,42379.03,42474.06,42353.47,42400.00,2597.075,1632913199999,110171327.19901,26715,1447.297,61398500.70396,0
1632913200000,42400.00,42423.20,42281.15,42332.50,1977.371,1632914099999,83738960.91729,22783,886.305,37535186.65590,0
1632914100000,42332.51,42346.64,42226.51,42322.47,1835.196,1632914999999,77612827.35992,21390,896.794,37933320.69430,0
1632915000000,42322.47,42359.93,42220.00,42306.36,1358.476,1632915899999,57434745.60986,17486,703.171,29730656.96497,0
1632915900000,42305.68,42398.13,42282.30,42374.10,1446.261,1632916799999,61241330.91774,17917,794.364,33637993.36052,0
1632916800000,42374.10,42468.00,42315.87,42418.54,2441.830,1632917699999,103532827.51607,29896,1214.767,51512567.80365,0
1632917700000,42418.55,42576.80,42116.09,42172.24,8202.937,1632918599999,347371580.71970,74148,3734.030,158202972.96681,0
1632918600000,42172.01,42241.57,41847.00,42029.99,8348.923,1632919499999,350740655.16503,76499,3856.811,162078789.10628,0
1632919500000,42029.98,42096.00,41920.97,42033.19,3194.917,1632920399999,134289330.40546,35759,1708.850,71834805.87267,0
1632920400000,42033.19,42175.82,41966.34,42010.66,3369.183,1632921299999,141771811.90857,35745,1747.686,73560461.39133,0
1632921300000,42010.70,42087.13,41891.81,42038.92,3093.440,1632922199999,129918040.45105,30992,1730.113,72670676.20670,0
1632922200000,42038.92,42136.00,41910.00,41910.70,3222.646,1632923099999,135399646.46382,31517,1583.446,66542903.98929,0
1632923100000,41910.00,42170.00,41888.00,42120.47,4334.487,1632923999999,182280614.17437,38987,2306.382,96997287.42003,0
1632924000000,42120.48,42218.00,42092.93,42135.81,3225.963,1632924899999,136004852.24633,31969,1762.062,74294406.57577,0
1632924900000,42135.00,42243.82,42126.80,42182.24,2111.438,1632925799999,89113064.72893,23493,1212.805,51187454.87031,0
1632925800000,42182.23,42195.61,42025.98,42118.70,2740.691,1632926699999,115338331.33139,27021,1261.603,53095196.85869,0
1632926700000,42118.69,42233.00,42050.00,42191.21,1793.534,1632927599999,75615845.74131,21140,993.304,41876106.02295,0
1632927600000,42191.20,42228.30,42141.57,42190.99,1375.469,1632928499999,58033300.99790,18740,637.336,26891928.16611,0
1632928500000,42191.00,42200.00,42068.73,42113.70,1668.006,1632929399999,70260521.35997,20329,731.646,30819801.70724,0
1632929400000,42113.70,42125.25,41648.70,41813.85,10357.478,1632930299999,433276884.63472,85011,4727.673,197739412.77919,0
1632930300000,41813.85,41837.40,41613.30,41694.15,3997.739,1632931199999,166847376.22972,41041,1756.920,73327499.08587,0
1632931200000,41694.15,41820.00,41636.22,41686.67,4110.972,1632932099999,171508313.65338,40447,2274.374,94894473.47637,0
1632932100000,41686.68,41734.46,41450.00,41536.93,5699.769,1632932999999,236792987.63523,53646,2531.952,105185951.44240,0
1632933000000,41536.93,41598.99,41405.26,41490.42,3318.556,1632933899999,137682736.79232,34849,1605.803,66633246.28363,0
1632933900000,41490.41,41607.14,41433.00,41490.94,2654.115,1632934799999,110216103.28819,27369,1395.213,57945237.95696,0
1632934800000,41490.94,41534.00,41437.46,41457.95,1957.055,1632935699999,81188662.97190,22425,1017.284,42207298.99284,0
1632935700000,41457.95,41582.23,41435.35,41511.40,1749.163,1632936599999,72637461.98755,20470,949.804,39446023.33668,0
1632936600000,41511.41,41562.83,41424.53,41462.03,1673.251,1632937499999,69424303.83495,18974,745.423,30930665.89543,0
1632937500000,41462.04,41462.04,41200.00,41218.46,4936.096,1632938399999,203945186.03599,50131,2055.194,84915612.44633,0
1632938400000,41218.45,41452.79,41040.01,41397.21,9756.342,1632939299999,402254754.99610,85423,5074.497,209246072.66502,0
1632939300000,41397.26,41480.00,41305.11,41331.16,2557.506,1632940199999,105856162.56220,28505,1191.364,49318521.51248,0
1632940200000,41331.16,41349.84,41235.16,41291.49,2141.426,1632941099999,88413355.61093,23696,1068.313,44111018.18492,0
1632941100000,41291.49,41322.17,41134.69,41300.00,2672.613,1632941999999,110177221.71276,28254,1420.127,58558670.89112,0
1632942000000,41300.01,41399.31,41172.54,41343.39,2377.352,1632942899999,98159999.21297,25796,1229.734,50771610.95895,0
1632942900000,41343.38,41500.00,41224.30,41323.17,2963.782,1632943799999,122561746.91132,31872,1429.361,59114658.71267,0
1632943800000,41323.17,41323.83,41174.16,41261.82,1885.292,1632944699999,77763496.59332,20242,1016.597,41939196.94919,0
1632944700000,41261.82,41309.00,41150.00,41198.42,1790.880,1632945599999,73797037.51726,20128,883.381,36408910.79109,0
1632945600000,41198.42,41260.33,41030.01,41046.42,3201.044,1632946499999,131693782.37002,34450,1488.061,61235373.24783,0
1632946500000,41043.68,41200.00,40900.00,40981.07,6616.151,1632947399999,271527805.33866,58281,2976.251,122198881.42377,0
1632947400000,40981.08,41101.35,40887.00,40994.49,4469.501,1632948299999,183165257.50094,41656,2142.507,87819047.12748,0
1632948300000,40994.49,41150.00,40943.45,41112.00,2473.089,1632949199999,101507248.47224,28465,1370.481,56252581.28820,0
1632949200000,41112.01,41239.21,40969.00,40981.50,3331.856,1632950099999,137065932.70177,32828,1619.297,66635265.10007,0
1632950100000,40981.50,41185.00,40940.41,41173.68,2045.367,1632950999999,83971807.92644,23366,1172.898,48149664.40175,0
1632951000000,41173.68,41192.00,41092.08,41190.00,1108.248,1632951899999,45594445.40631,14612,495.788,20397869.32006,0
1632951900000,41190.00,41285.80,41174.92,41219.01,1704.837,1632952799999,70277111.45651,18985,1024.522,42235287.38852,0
1632952800000,41219.02,41280.00,41050.12,41148.22,1933.178,1632953699999,79577181.94382,19506,948.761,39060454.26108,0
1632953700000,41148.21,41205.80,41081.19,41180.92,1113.558,1632954599999,45819114.57874,13668,526.077,21647485.56194,0
1632954600000,41180.92,41442.46,41152.06,41354.56,3347.191,1632955499999,138306213.87004,29217,1864.369,77021489.31937,0
1632955500000,41354.56,41421.29,41271.85,41334.13,1972.681,1632956399999,81566955.15622,21073,914.388,37813847.67600,0
1632956400000,41332.86,41408.00,41270.00,41336.14,1339.807,1632957299999,55375452.50120,17228,653.079,26997995.15588,0
1632957300000,41336.13,41397.10,41282.46,41384.13,987.913,1632958199999,40838579.85081,13318,549.370,22711814.02815,0
1632958200000,41386.34,41450.00,41350.00,41450.00,1728.111,1632959099999,71548791.74308,18177,1071.708,44373432.55781,0
1632959100000,41450.00,41547.58,41433.50,41499.71,2868.088,1632959999999,119005171.53316,25630,1657.215,68765298.87599,0
1632960000000,41499.70,41570.86,41387.78,41509.00,2610.773,1632960899999,108263322.62322,25845,1246.399,51692202.07558,0
1632960900000,41509.00,41789.01,41508.99,41696.24,4876.037,1632961799999,203287399.22053,40899,2855.426,119030986.55876,0
1632961800000,41696.24,42000.00,41613.11,41888.90,3976.185,1632962699999,166253605.32268,36759,2242.877,93816304.40306,0
1632962700000,41888.90,42399.37,41888.90,42305.62,9337.105,1632963599999,393988268.69364,81024,5029.573,212207763.98812,0
1632963600000,42303.25,42972.50,42222.00,42913.91,12992.482,1632964499999,553756262.60798,109843,7614.564,324665922.46666,0
1632964500000,42911.86,43199.00,42766.60,42863.44,11884.451,1632965399999,510584980.90118,99501,5631.970,242023484.90881,0
1632965400000,42863.43,42971.10,42780.67,42793.34,3798.893,1632966299999,162835351.97814,35499,1734.572,74359983.71997,0
1632966300000,42793.59,42993.41,42789.38,42953.64,2214.166,1632967199999,94970530.98125,33272,1168.490,50124647.56430,0
1632967200000,42953.64,43078.57,42900.00,42958.15,3661.942,1632968099999,157424237.61326,34366,1924.669,82742229.16272,0
1632968100000,42957.31,43150.00,42934.26,43111.80,2800.067,1632968999999,120598526.21587,32473,1567.356,67507364.24232,0
1632969000000,43111.79,43123.21,42982.88,43025.99,2069.748,1632969899999,89078338.86642,24392,896.591,38589440.65598,0
1632969900000,43025.99,43400.00,42952.10,43382.58,5942.531,1632970799999,256750134.18990,50614,3490.854,150863602.15047,0
1632970800000,43382.58,43459.60,43171.63,43244.29,5909.408,1632971699999,256046017.16601,54609,2510.602,108803217.57374,0
1632971700000,43244.31,43288.97,43140.00,43168.37,2219.116,1632972599999,95872466.65937,23100,856.906,37021872.24509,0
1632972600000,43166.95,43400.00,43125.00,43313.02,3692.911,1632973499999,159773798.79893,34433,2158.636,93408011.49713,0
1632973500000,43312.55,43732.71,43281.51,43566.97,8933.144,1632974399999,388697612.53018,68454,5608.461,244029863.71468,0
1632974400000,43566.97,43822.85,43550.90,43567.40,7422.429,1632975299999,324162392.02961,65359,3561.653,155571728.05432,0
1632975300000,43567.39,43600.00,43507.01,43528.54,2362.121,1632976199999,102870006.64980,27016,1052.697,45847347.50190,0
1632976200000,43532.99,43600.00,43500.23,43511.79,1800.362,1632977099999,78399974.16881,21753,867.663,37789509.21095,0
1632977100000,43511.79,43545.92,43425.66,43494.83,2319.952,1632977999999,100888854.98630,26273,986.801,42915094.46699,0
1632978000000,43494.84,43667.99,43494.84,43622.69,2619.809,1632978899999,114224791.55688,27510,1420.001,61914912.53520,0
1632978900000,43622.69,43679.74,43435.27,43453.30,2360.911,1632979799999,102839022.98228,24039,908.409,39581423.39898,0
1632979800000,43452.99,43544.00,43450.99,43469.99,2058.895,1632980699999,89549741.90315,20824,1000.824,43530789.70181,0
1632980700000,43469.99,43581.56,43421.45,43506.32,1984.520,1632981599999,86347071.99668,22700,1001.722,43593464.75921,0
1632981600000,43506.33,43599.99,43505.42,43556.22,1619.105,1632982499999,70525357.14045,18851,833.057,36287741.84070,0
1632982500000,43556.23,43645.00,43527.96,43535.88,2427.763,1632983399999,105841359.77922,20308,1527.299,66587705.43215,0
1632983400000,43535.87,43609.00,43504.73,43535.62,1365.700,1632984299999,59488452.16284,16090,726.855,31661798.90682,0
1632984300000,43535.62,43538.42,43350.00,43363.40,3247.714,1632985199999,141092461.37936,30382,1258.375,54675518.14545,0
1632985200000,43363.41,43427.55,43206.00,43216.87,3937.178,1632986099999,170494695.92036,39784,1795.376,77756540.01825,0
1632986100000,43216.80,43436.72,43208.99,43352.29,3125.503,1632986999999,135514157.94619,29863,1694.448,73465569.47649,0
1632987000000,43352.30,43440.00,43315.80,43349.52,2058.605,1632987899999,89298348.06132,18382,886.164,38438549.40177,0
1632987900000,43349.52,43376.37,43271.08,43276.02,2773.230,1632988799999,120121941.76431,19883,1279.556,55419908.87179,0
1632988800000,43276.02,43442.83,43140.10,43232.68,6060.429,1632989699999,262334950.76422,41077,2942.872,127429718.96923,0
1632989700000,43232.68,43232.69,42906.52,43016.15,9424.655,1632990599999,405533457.85223,68721,4018.627,172903155.72062,0
1632990600000,43016.15,43054.43,42777.00,42900.00,6734.322,1632991499999,288983075.91125,55800,3128.374,134275992.44581,0
1632991500000,42900.00,43149.53,42860.00,43048.12,5771.418,1632992399999,248305522.38800,43818,3506.173,150867820.55312,0
1632992400000,43048.12,43299.70,43045.00,43231.08,4707.340,1632993299999,203248697.89872,42895,2845.104,122857916.77392,0
1632993300000,43231.09,43280.00,43109.44,43172.97,2506.167,1632994199999,108258860.36803,25717,1100.563,47550915.30693,0
1632994200000,43172.96,43178.33,43020.00,43109.20,2182.583,1632995099999,94020351.08746,22965,1033.616,44526952.44955,0
1632995100000,43108.79,43199.83,42960.00,43132.35,3301.930,1632995999999,142174556.93836,28905,1631.637,70274052.16289,0
1632996000000,43132.35,43259.01,43083.35,43253.69,2823.870,1632996899999,122011181.84731,27969,1571.167,67886522.04364,0
1632996900000,43253.69,43277.00,43000.08,43065.00,2730.860,1632997799999,117800167.02592,25993,1401.517,60455416.39908,0
1632997800000,43065.00,43071.62,42861.53,42910.00,3572.257,1632998699999,153365059.32712,36416,1790.170,76846848.33797,0
1632998700000,42910.01,43009.26,42710.40,42817.82,3866.910,1632999599999,165721047.17962,39706,1803.987,77344549.08615,0
1632999600000,42817.79,43118.40,42765.32,43022.91,4506.611,1633000499999,193516967.69633,44529,2794.280,120012851.54572,0
1633000500000,43022.93,43124.25,42950.26,43038.16,2387.368,1633001399999,102748855.64509,26979,1029.030,44297175.90288,0
1633001400000,43038.16,43087.06,42873.27,42937.10,2080.364,1633002299999,89387436.83044,23431,942.482,40495686.99965,0
1633002300000,42937.11,43066.00,42902.11,43055.44,1408.809,1633003199999,60575767.90839,17440,828.329,35617619.64083,0
1633003200000,43055.44,43234.53,42985.00,43169.99,4355.463,1633004099999,187893879.96956,40937,2409.915,103977918.46753,0
1633004100000,43169.99,43274.99,43169.99,43178.42,2350.972,1633004999999,101614535.19301,25631,1219.206,52702412.36824,0
1633005000000,43178.42,43691.17,43173.28,43655.93,8543.701,1633005899999,371103338.42816,74968,5530.933,240256666.07601,0
1633005900000,43652.92,43778.88,43294.01,43393.80,11148.306,1633006799999,485171642.27312,87975,5031.856,219078738.16121,0
1633006800000,43393.81,43434.31,43233.51,43391.20,4040.134,1633007699999,175058048.82711,40795,2174.902,94252285.24091,0
1633007700000,43391.19,43530.00,43343.79,43436.19,3746.777,1633008599999,162785100.73673,34218,1818.197,79002818.77705,0
1633008600000,43436.18,43564.00,43085.00,43132.41,7295.411,1633009499999,315597489.56035,62607,3458.392,149653282.45614,0
1633009500000,43132.40,43284.45,43045.00,43051.49,4641.944,1633010399999,200291235.81136,40742,2365.775,102113548.04204,0
1633010400000,43051.50,43058.00,42820.00,42987.51,7360.052,1633011299999,316173404.60102,67270,3236.577,139052496.53532,0
1633011300000,42987.52,43175.36,42968.25,43084.90,3746.415,1633012199999,161401525.46055,37410,2092.691,90158924.06594,0
1633012200000,43084.90,43110.20,42885.73,43073.55,2853.071,1633013099999,122699371.36295,29602,1513.097,65087505.68023,0
1633013100000,43073.55,43137.00,42981.35,43097.70,2590.899,1633013999999,111609120.78980,24708,1254.210,54029598.88498,0
1633014000000,43098.00,43274.91,42991.38,43243.91,3823.594,1633014899999,165020265.48812,36357,2191.083,94570030.55345,0
1633014900000,43243.92,43475.84,43203.72,43409.48,4499.978,1633015799999,195124598.33862,44194,2421.755,105013937.28584,0
1633015800000,43409.48,43418.00,43047.76,43164.13,5123.385,1633016699999,221470028.78254,44049,2345.719,101399645.86737,0
1633016700000,43164.13,43169.20,42922.00,43126.77,4857.679,1633017599999,209063271.13642,40842,2492.461,107272714.65356,0
1633017600000,43126.77,43200.00,42905.50,42963.86,4811.087,1633018499999,207252923.01676,41842,2195.791,94607140.20021,0
1633018500000,42962.23,43055.00,42911.05,42950.00,2218.717,1633019399999,95387591.05703,25650,1214.955,52238493.35789,0
1633019400000,42950.00,42976.14,42810.06,42905.71,3753.848,1633020299999,161025544.41289,36494,1815.932,77912201.04056,0
1633020300000,42905.70,42997.69,42870.00,42946.33,2332.550,1633021199999,100141691.14364,21874,1434.061,61569095.27068,0
1633021200000,42946.32,43300.00,42926.67,43190.32,5752.671,1633022099999,248195480.19851,50650,3144.136,135658541.36216,0
1633022100000,43190.31,43201.78,42991.41,43017.00,2840.686,1633022999999,122412468.53724,25221,1303.441,56182393.04206,0
1633023000000,43017.00,43400.00,42933.35,43250.10,6751.197,1633023899999,291619865.74765,50207,4076.987,176145352.64585,0
1633023900000,43250.10,43400.00,43217.00,43313.06,2866.912,1633024799999,124140382.35971,27366,1567.850,67898791.43482,0
1633024800000,43313.77,43470.00,43269.80,43357.09,3210.544,1633025699999,139284639.39786,33654,1739.535,75482022.31635,0
1633025700000,43357.09,43443.95,43250.00,43386.55,2921.360,1633026599999,126571127.13809,25066,1623.423,70356428.91411,0
1633026600000,43386.56,44000.00,43356.16,43911.11,14277.330,1633027499999,623878513.55758,111632,8720.368,381111201.52300,0
1633027500000,43911.11,44069.74,43846.67,43975.01,7484.399,1633028399999,328921723.94926,70543,3737.796,164301755.16812,0
1633028400000,43975.01,44100.00,43847.00,43917.27,5846.716,1633029299999,257102690.85676,56114,2629.253,115634222.19395,0
1633029300000,43917.26,43969.78,43801.00,43827.23,3377.502,1633030199999,148192374.17263,30417,1351.469,59309411.03227,0
1633030200000,43827.23,43913.19,43638.99,43674.26,3330.280,1633031099999,145784743.02181,34427,1472.410,64470880.82921,0
1633031100000,43674.25,43730.00,43507.00,43515.50,3808.521,1633031999999,166134597.89948,36995,1770.076,77232278.70451,0
1633032000000,43515.27,43766.32,43507.00,43699.58,2690.644,1633032899999,117491225.22514,29414,1599.215,69835264.30244,0
1633032900000,43699.58,43699.85,43539.95,43608.40,1494.043,1633033799999,65158998.51374,18156,647.821,28251298.39996,0
1633033800000,43608.40,43613.35,43071.56,43173.72,5970.182,1633034699999,258709983.62806,54561,2073.650,89870893.42267,0
1633034700000,43173.73,43431.17,43142.59,43417.83,3999.579,1633035599999,173238533.91298,39063,2346.183,101626029.86394,0
1633035600000,43417.82,43495.61,43350.79,43433.21,1797.669,1633036499999,78103508.37967,19831,923.370,40122577.48495,0
1633036500000,43431.05,43490.00,43363.48,43469.99,1439.964,1633037399999,62541875.56341,15446,691.679,30045080.71691,0
1633037400000,43469.99,43636.10,43432.39,43562.38,2322.184,1633038299999,101139383.91110,21899,1517.846,66116368.31619,0
1633038300000,43562.38,43773.71,43538.61,43729.27,2370.895,1633039199999,103588012.40652,26337,1358.499,59357128.25001,0
1633039200000,43729.27,43799.81,43607.71,43660.38,1935.637,1633040099999,84549865.29673,22886,854.903,37352551.31543,0
1633040100000,43660.38,43889.68,43607.71,43866.48,2243.558,1633040999999,98195959.60906,25963,1383.362,60554351.64523,0
1633041000000,43865.21,43868.90,43634.69,43723.81,2383.652,1633041899999,104228305.02095,23655,820.240,35855939.05518,0
1633041900000,43724.30,43755.89,43667.54,43710.62,1281.778,1633042799999,56019151.45830,15883,661.846,28926572.89387,0
1633042800000,43710.63,43791.49,43556.16,43665.69,2128.135,1633043699999,92948402.75092,22733,1009.035,44080782.19904,0
1633043700000,43665.69,43729.99,43565.64,43698.39,1418.160,1633044599999,61871492.56741,16656,684.345,29860874.51501,0
1633044600000,43696.63,43880.00,43687.63,43815.00,2589.162,1633045499999,113434807.32734,25850,1216.846,53317140.97038,0
1633045500000,43817.13,43879.65,43700.54,43796.57,2089.654,1633046399999,91487169.77949,19886,811.200,35516713.87623,0
