1627776000000,41448.10,41549.95,41091.77,41483.62,13531.933,1627776899999,559287417.06182,104135,6515.648,269420006.01845,0
1627776900000,41483.61,41650.00,41420.00,41615.19,3923.247,1627777799999,163041241.09944,40736,2204.644,91619546.65764,0
1627777800000,41612.49,41695.71,41526.62,41670.01,3142.904,1627778699999,130781457.99736,34141,1743.566,72569252.19672,0
1627778700000,41670.00,41750.00,41636.17,41715.88,3026.971,1627779599999,126238453.60484,30308,1451.756,60548272.31927,0
1627779600000,41715.87,41900.00,41651.20,41842.31,5202.694,1627780499999,217494637.42534,46285,2901.903,121324313.93977,0
1627780500000,41842.32,41900.00,41602.31,41726.12,4320.033,1627781399999,180353278.50605,39659,2045.122,85391002.85468,0
1627781400000,41726.12,41760.00,41674.50,41733.88,1813.217,1627782299999,75657460.27616,20283,894.504,37324623.16764,0
1627782300000,41734.08,41783.14,41653.29,41697.18,1828.398,1627783199999,76268312.05669,20317,917.629,38277563.78709,0
1627783200000,41697.18,41737.33,41625.90,41628.65,1534.099,1627784099999,63957128.03177,20213,738.491,30790107.65301,0
1627784100000,41629.76,41715.00,41602.17,41707.21,1827.238,1627784999999,76142590.00840,21343,978.652,40785910.69368,0
1627785000000,41707.22,41730.00,41634.53,41713.82,1471.599,1627785899999,61356782.91216,19223,747.290,31158794.50987,0
1627785900000,41713.82,41819.74,41713.82,41807.12,2686.557,1627786799999,112222863.34097,25241,1623.617,67822960.36350,0
1627786800000,41807.13,41980.00,41807.12,41949.66,5532.262,1627787699999,231815822.81960,48036,3156.421,132272258.40120,0
1627787700000,41949.67,42385.00,41896.57,42254.95,11497.630,1627788599999,484599510.95521,105024,6790.969,286225613.02082,0
1627788600000,42254.95,42389.00,42150.00,42304.46,6931.551,1627789499999,292884932.25909,65799,3627.196,153300111.38282,0
1627789500000,42304.45,42614.98,42206.62,42420.62,11020.284,1627790399999,467537748.26836,98167,6261.531,265699635.59616,0
1627790400000,42421.51,42423.09,42263.00,42405.02,6447.036,1627791299999,272995541.23444,60876,3053.489,129301222.55843,0
1627791300000,42402.72,42406.93,42144.69,42299.39,5072.410,1627792199999,214453555.41469,50495,2129.022,90017654.27107,0
1627792200000,42298.87,42314.60,42182.85,42246.21,3026.186,1627793099999,127866705.12501,33174,1437.384,60735423.78098,0
1627793100000,42246.22,42304.64,42043.52,42062.28,4824.501,1627793999999,203424354.56414,42800,1955.739,82484705.61020,0
1627794000000,42062.39,42155.00,41665.84,41747.00,9896.228,1627794899999,414703459.36998,86535,4517.051,189337852.02563,0
1627794900000,41747.00,41938.00,41732.91,41833.02,5677.113,1627795799999,237720831.13427,52713,2987.162,125079620.19105,0
1627795800000,41833.01,41960.00,41777.00,41876.66,3526.785,1627796699999,147772724.67097,37824,1904.372,79804845.72125,0
1627796700000,41876.66,41896.00,41787.00,41826.20,2293.948,1627797599999,95991277.72960,26964,1135.578,47521615.68851,0
1627797600000,41829.00,41868.24,41600.00,41789.95,7204.987,1627798499999,300622426.99457,60768,3589.459,149818639.64272,0
1627798500000,41789.95,41833.98,41720.00,41722.00,2085.869,1627799399999,87168607.72779,23981,970.787,40577738.44951,0
1627799400000,41722.01,41831.09,41651.15,41698.01,3342.986,1627800299999,139508900.94303,30870,1689.563,70520893.99081,0
1627800300000,41698.01,41777.00,41698.00,41700.91,2018.932,1627801199999,84269603.51189,21234,1069.149,44623242.36331,0
1627801200000,41700.90,41795.00,41700.00,41736.11,2121.727,1627802099999,88580916.99313,23306,1250.441,52204540.06718,0
1627802100000,41736.11,41776.86,41570.03,41754.45,4265.055,1627802999999,177722386.69774,42602,2033.267,84736682.79813,0
1627803000000,41754.44,41826.80,41712.00,41772.59,2387.856,1627803899999,99752427.88756,25686,1257.909,52551440.76953,0
1627803900000,41772.59,41796.01,41641.00,41704.99,2453.008,1627804799999,102296604.17623,27179,1196.013,49880712.19257,0
1627804800000,41705.00,41797.93,41650.00,41730.00,2030.422,1627805699999,84752800.66608,26153,1066.706,44527993.41153,0
1627805700000,41730.00,41792.88,41729.99,41742.88,1439.700,1627806599999,60132174.29486,17341,732.886,30610267.07110,0
1627806600000,41742.88,41840.00,41690.94,41736.08,2063.347,1627807499999,86176257.52915,25212,1174.123,49044037.67980,0
1627807500000,41736.09,41775.00,41627.08,41763.62,2499.533,1627808399999,104246541.32906,28523,1188.765,49580234.84306,0
1627808400000,41763.62,41929.36,41724.46,41809.66,3697.466,1627809299999,154693337.48177,41422,1875.669,78488797.35710,0
1627809300000,41809.67,41944.64,41808.00,41923.84,2764.400,1627810199999,115818995.19325,31867,1559.992,65358336.97114,0
1627810200000,41923.85,41952.60,41830.02,41887.91,2303.707,1627811099999,96491946.07480,28960,1073.855,44982860.82788,0
1627811100000,41887.91,41936.17,41855.00,41922.03,1628.539,1627811999999,68228339.07970,20823,839.360,35167519.76250,0
1627812000000,41922.03,41924.33,41725.00,41793.22,3422.403,1627812899999,143086157.74858,38267,1405.500,58767464.27099,0
1627812900000,41793.22,41824.71,41669.00,41718.76,4138.687,1627813799999,172727727.34879,37904,1738.600,72570097.81845,0
1627813800000,41718.75,41768.11,41670.00,41692.38,2574.102,1627814699999,107366904.70625,28748,1342.254,55988363.82682,0
1627814700000,41692.38,41726.56,41342.38,41503.38,8291.504,1627815599999,344307708.35970,78449,3412.229,141694972.55653,0
1627815600000,41503.38,41622.20,41422.00,41433.01,5258.979,1627816499999,218381268.30035,52502,2784.340,115625211.01749,0
1627816500000,41433.01,41520.00,41328.77,41456.59,5349.727,1627817399999,221652488.37515,54942,2724.176,112885476.44333,0
1627817400000,41456.59,41628.00,41445.32,41583.01,4261.890,1627818299999,177112688.10415,43745,2387.644,99224019.06248,0
1627818300000,41580.66,41628.00,41515.03,41596.01,2208.464,1627819199999,91815740.39766,25842,1082.640,45017054.58953,0
1627819200000,41596.00,41750.00,41542.56,41686.03,3854.779,1627820099999,160638617.12140,45886,2014.938,83973831.43269,0
1627820100000,41686.03,41750.00,41650.00,41708.00,2576.198,1627820999999,107429903.69600,29850,1217.772,50788732.30166,0
1627821000000,41708.00,41839.52,41671.22,41689.72,3344.409,1627821899999,139637938.30027,38875,1822.057,76081798.31955,0
1627821900000,41689.72,41698.08,41559.00,41576.44,2944.587,1627822799999,122620389.20506,34020,1216.243,50653487.45022,0
1627822800000,41576.43,41643.89,41501.58,41519.34,2826.979,1627823699999,117526369.42689,34632,1319.140,54847504.84951,0
1627823700000,41519.34,41561.00,41383.53,41470.58,5331.920,1627824599999,221146931.22196,54017,2644.289,109683111.10843,0
1627824600000,41470.59,41570.00,41418.42,41429.07,3011.684,1627825499999,124947918.65875,32699,1485.908,61653097.43767,0
1627825500000,41429.07,41510.82,41415.24,41428.16,2230.706,1627826399999,92493007.68643,26298,1093.980,45363963.31337,0
1627826400000,41428.17,41535.00,41330.00,41471.71,4459.980,1627827299999,184868980.37673,46260,2178.657,90332123.75181,0
1627827300000,41471.70,41510.00,41385.00,41452.24,2345.128,1627828199999,97189210.27471,28845,1303.449,54018998.54985,0
1627828200000,41447.98,41460.00,41333.00,41351.52,3398.125,1627829099999,140606860.16130,39004,1579.959,65378090.05895,0
1627829100000,41351.37,41438.00,41205.00,41343.57,5702.473,1627829999999,235692455.78995,54990,2569.656,106236923.82433,0
1627830000000,41343.56,41424.29,41256.38,41374.03,3511.051,1627830899999,145131539.74551,40086,1936.621,80050180.64408,0
1627830900000,41374.02,41526.90,41322.79,41502.06,3857.796,1627831799999,159973155.44732,40656,2158.974,89535142.93159,0
1627831800000,41502.05,41508.00,41418.12,41446.20,2099.792,1627832699999,87068332.30452,23397,917.728,38053530.60800,0
1627832700000,41446.20,41446.21,41150.73,41303.72,6049.903,1627833599999,249724354.91176,62777,2801.136,115629589.18220,0
1627833600000,41303.72,41323.31,41100.00,41162.50,7174.004,1627834499999,295567305.76708,66865,3149.114,129771151.01334,0
1627834500000,41162.49,41164.90,40730.12,40882.99,18715.457,1627835399999,765739162.79506,156701,7921.291,324146639.85945,0
1627835400000,40883.00,40950.00,40750.07,40910.00,6283.460,1627836299999,256822538.37699,60292,3266.825,133541305.14267,0
1627836300000,40910.00,41390.27,40880.88,41262.20,13420.141,1627837199999,552451235.04786,109172,7470.125,307498801.49622,0
1627837200000,41262.20,41343.60,41130.00,41155.48,6918.357,1627838099999,285289899.41654,61158,2975.375,122710735.53505,0
1627838100000,41155.48,41215.22,40855.00,40964.10,7682.419,1627838999999,315275112.38528,68396,3477.763,142734967.94854,0
1627839000000,40964.08,41056.77,40901.00,40965.78,4040.891,1627839899999,165615920.01103,42371,2139.482,87696651.12801,0
1627839900000,40965.78,41206.91,40955.31,41100.00,4617.492,1627840799999,189647857.41974,43820,2542.887,104450975.15263,0
1627840800000,41099.99,41143.69,40992.14,41030.88,2887.822,1627841699999,118560987.90974,30642,1311.500,53847388.32353,0
1627841700000,41030.87,41232.39,41020.42,41117.42,3065.408,1627842599999,126124407.92133,35876,1696.537,69805175.60017,0
1627842600000,41116.74,41240.49,41084.27,41184.87,2612.347,1627843499999,107550526.31701,28775,1302.451,53626135.12143,0
1627843500000,41184.87,41184.87,40955.01,41085.68,2804.261,1627844399999,115142238.32623,32297,1238.297,50843827.71184,0
1627844400000,41085.69,41085.69,40752.00,40851.72,4827.172,1627845299999,197451661.55119,46832,1998.117,81753665.02458,0
1627845300000,40851.72,41297.38,40567.73,41203.89,12579.242,1627846199999,515049771.92427,103947,6220.123,254849149.51497,0
1627846200000,41203.90,41500.00,41200.71,41414.31,8716.326,1627847099999,360736737.21536,77532,4257.731,176218104.56983,0
1627847100000,41414.32,41488.38,41223.55,41267.09,4678.959,1627847999999,193497257.43736,45002,1963.308,81205224.14384,0
1627848000000,41267.08,41511.38,41265.68,41496.86,5297.527,1627848899999,219276350.00517,45034,2836.655,117443510.89711,0
1627848900000,41496.86,41512.87,41220.00,41321.22,5637.152,1627849799999,233137102.36249,46479,2753.578,113881542.87974,0
1627849800000,41321.23,41344.25,41111.99,41152.06,4474.324,1627850699999,184346611.95994,44308,2091.046,86159737.30102,0
1627850700000,41152.05,41368.79,41152.05,41266.13,2602.206,1627851599999,107451767.34329,28243,1376.294,56825335.99323,0
1627851600000,41266.13,41269.60,41055.94,41168.96,2651.658,1627852499999,109126302.60134,32273,1312.418,54014826.47215,0
1627852500000,41168.95,41237.71,40932.20,41209.70,4180.239,1627853399999,171687551.87832,47051,2215.056,91003191.81102,0
1627853400000,41209.70,41329.19,40980.00,41085.40,3302.247,1627854299999,135970068.36477,41209,1508.593,62117407.30794,0
1627854300000,41085.39,41164.97,41036.30,41076.98,1780.738,1627855199999,73195372.92049,23235,908.550,37348747.01089,0
1627855200000,41076.97,41199.70,40951.00,41109.71,3752.797,1627856099999,154165917.46235,37761,1742.856,71620157.48965,0
1627856100000,41109.70,41114.54,40536.20,40583.60,10793.802,1627856999999,439871416.60617,93912,4723.207,192459837.06197,0
1627857000000,40583.59,40584.39,40092.00,40219.73,18478.115,1627857899999,744193654.58467,153730,8216.389,330877904.56455,0
1627857900000,40218.86,40320.00,39957.23,40266.81,8576.131,1627858799999,344459199.73970,78039,4345.091,174587221.02848,0
1627858800000,40266.81,40434.66,40167.00,40249.98,6375.686,1627859699999,257129676.23462,56005,3156.065,127295902.24596,0
1627859700000,40249.97,40345.30,39350.40,39708.86,21660.771,1627860599999,862006916.17168,154904,8430.796,335564832.27140,0
1627860600000,39710.01,39950.02,39512.93,39722.15,11155.101,1627861499999,443817274.87140,96705,5340.820,212533289.76989,0
1627861500000,39722.15,40150.00,39720.96,39846.78,8373.168,1627862399999,334736330.79545,75068,4431.248,177157545.30938,0
1627862400000,39846.78,40062.93,39750.49,40018.23,7882.506,1627863299999,314673775.19590,69280,4280.520,170912754.79966,0
1627863300000,40018.23,40100.00,39797.41,39950.62,4557.442,1627864199999,182064607.50465,42496,2217.260,88598343.92005,0
1627864200000,39950.63,39950.63,39538.37,39645.03,6381.995,1627865099999,253570604.46995,59607,2708.603,107657853.89506,0
1627865100000,39646.68,39740.00,39432.16,39528.62,7675.240,1627865999999,303932711.02206,67019,3603.383,142735130.79836,0
1627866000000,39528.61,39710.84,39229.12,39651.00,11838.162,1627866899999,467434517.87863,101707,5858.390,231426056.54241,0
1627866900000,39651.00,39683.13,39455.82,39645.06,3958.307,1627867799999,156632799.63320,39660,2024.418,80114166.26699,0
1627867800000,39643.68,39797.00,39624.05,39709.99,4318.794,1627868699999,171511865.52602,41408,2316.747,92015427.81542,0
1627868700000,39709.99,39787.50,39579.91,39617.19,3349.761,1627869599999,132904616.15419,34564,1852.749,73518107.31959,0
1627869600000,39617.85,39740.00,39455.62,39530.01,3904.918,1627870499999,154698170.80635,35644,1774.486,70326177.34852,0
1627870500000,39530.00,39746.62,39530.00,39641.01,3191.892,1627871399999,126548246.54056,32745,1769.259,70146752.41256,0
1627871400000,39641.01,39737.00,39570.00,39718.95,2686.550,1627872299999,106587197.88656,27438,1429.850,56731729.83551,0
1627872300000,39718.94,39877.00,39678.62,39773.37,4900.664,1627873199999,194994216.57646,41419,2522.428,100364469.11707,0
1627873200000,39773.38,39910.19,39749.93,39841.07,3651.141,1627874099999,145439050.18433,35955,1840.517,73315560.56510,0
1627874100000,39841.07,39841.07,39721.48,39761.56,2168.397,1627874999999,86227775.62678,24977,907.701,36095047.99299,0
1627875000000,39761.57,39788.28,39676.60,39700.74,1749.143,1627875899999,69477548.56140,23674,855.443,33980447.38429,0
1627875900000,39700.74,39839.49,39700.74,39782.41,1995.292,1627876799999,79381441.24019,23163,1041.368,41435056.88854,0
1627876800000,39783.67,39811.36,39664.64,39676.61,2679.973,1627877699999,106453769.67073,28405,1120.697,44515668.50724,0
1627877700000,39676.61,39830.00,39611.00,39828.32,2942.867,1627878599999,116907650.29182,29599,1465.832,58240978.14406,0
1627878600000,39828.32,39850.96,39700.00,39723.05,1620.099,1627879499999,64426158.31896,21342,797.027,31697985.67755,0
1627879500000,39723.05,39767.00,39642.00,39664.67,2175.245,1627880399999,86340373.75042,22556,996.243,39548274.16494,0
1627880400000,39664.67,39762.00,39655.92,39661.88,1712.583,1627881299999,68024078.87694,20551,838.290,33297950.63995,0
1627881300000,39661.87,39740.00,39570.55,39651.17,2278.814,1627882199999,90371638.92828,24497,994.267,39435261.44486,0
1627882200000,39651.18,39798.69,39636.52,39780.47,2661.631,1627883099999,105747970.27899,26210,1496.838,59468812.55142,0
1627883100000,39778.90,39800.00,39713.02,39717.29,1568.503,1627883999999,62361199.69405,18555,696.164,27679944.54447,0
1627884000000,39717.29,39726.28,39632.22,39651.58,2062.840,1627884899999,81860184.89948,24261,1139.515,45223320.52092,0
1627884900000,39651.59,39768.46,39630.49,39699.99,2403.365,1627885799999,95453051.15538,24713,1263.826,50196486.95045,0
1627885800000,39699.99,40088.31,39660.98,40035.00,5847.199,1627886699999,233196291.86687,56807,3647.663,145495408.35852,0
1627886700000,40035.00,40333.00,39944.70,40253.67,13229.200,1627887599999,531759367.20727,114206,6538.359,262825787.29303,0
1627887600000,40253.66,40450.00,40150.95,40280.01,7889.021,1627888499999,317937267.42353,74235,4213.301,169830411.42611,0
1627888500000,40280.00,40306.71,40162.26,40184.35,3762.522,1627889399999,151303970.58963,39722,1803.956,72541563.26105,0
1627889400000,40184.35,40186.71,40000.00,40017.29,4992.372,1627890299999,200160817.98913,48062,2136.646,85675882.67597,0
1627890300000,40017.29,40137.44,40016.55,40099.99,2746.809,1627891199999,110129348.07652,28792,1495.081,59941581.99878,0
1627891200000,40097.47,40166.50,39850.09,39975.95,5902.995,1627892099999,235965832.03760,58330,2672.465,106847969.80839,0
1627892100000,39975.95,39993.00,39579.13,39658.93,8660.304,1627892999999,344341505.14695,71123,3661.684,145631117.23167,0
1627893000000,39658.93,39743.65,39400.00,39599.87,10848.433,1627893899999,429555271.09593,91741,5278.001,209046489.87472,0
1627893900000,39599.87,39680.00,39500.00,39539.11,5787.180,1627894799999,229145683.92651,47114,2698.310,106845064.80702,0
1627894800000,39539.10,39598.39,39300.00,39551.50,10740.288,1627895699999,423876507.00382,80895,5332.048,210464931.83521,0
1627895700000,39551.50,39700.00,39477.00,39540.66,6855.792,1627896599999,271537246.46583,62259,3707.420,146859534.07765,0
1627896600000,39540.65,39604.69,39450.00,39523.86,3206.821,1627897499999,126728701.86820,33436,1700.295,67206528.50273,0
1627897500000,39523.86,39689.00,39462.30,39622.82,3378.102,1627898399999,133722966.14629,38521,1775.208,70281092.84967,0
1627898400000,39622.82,39682.00,39522.69,39640.76,2121.718,1627899299999,84016278.45050,28588,1164.362,46112272.02241,0
1627899300000,39640.77,39652.79,39566.55,39595.12,2121.112,1627900199999,84009121.68086,24238,1036.915,41069945.88643,0
1627900200000,39595.11,39841.88,39585.26,39760.26,5660.741,1627901099999,224920087.08773,52477,3117.259,123865018.75302,0
1627901100000,39760.26,39839.91,39670.00,39700.64,3215.794,1627901999999,127834341.87748,34039,1448.933,57610919.94751,0
1627902000000,39700.63,39710.00,39422.61,39500.46,6871.257,1627902899999,271620820.21226,60450,3160.716,124935594.00047,0
1627902900000,39500.46,39580.63,39443.72,39548.27,3427.484,1627903799999,135488418.33613,31335,1946.613,76962969.03385,0
1627903800000,39548.27,39627.40,39453.16,39546.31,3011.978,1627904699999,119103508.92308,32175,1454.254,57519754.26887,0
1627904700000,39546.31,39572.62,39442.00,39535.48,2362.861,1627905599999,93368816.46292,25612,1117.688,44169932.35443,0
1627905600000,39535.49,39700.00,39020.00,39094.33,15212.687,1627906499999,598295659.71425,119235,6067.645,238840101.52093,0
1627906500000,39094.32,39346.36,39025.00,39183.25,10072.070,1627907399999,395023601.78998,87184,5010.221,196512694.19027,0
1627907400000,39183.07,39306.00,38838.00,39199.00,13732.097,1627908299999,537177237.14285,127568,6374.024,249466700.27390,0
1627908300000,39198.99,39376.99,39198.99,39256.07,5081.395,1627909199999,199708325.01190,45753,2706.928,106390053.63049,0
1627909200000,39256.07,39302.03,39128.10,39200.01,4509.026,1627910099999,176767873.19276,45841,2071.277,81205311.17296,0
1627910100000,39200.01,39350.00,39200.00,39313.29,3185.692,1627910999999,125161720.12918,35142,1878.617,73807708.85949,0
1627911000000,39313.29,39559.60,39313.29,39430.66,7220.025,1627911899999,284784081.90933,70622,4014.778,158364133.17456,0
1627911900000,39430.65,39660.00,39406.00,39557.43,5503.372,1627912799999,217600306.44125,53601,3116.005,123223490.51096,0
1627912800000,39557.42,39750.00,39557.42,39573.03,6716.813,1627913699999,266400154.42979,67634,3189.559,126523811.72501,0
1627913700000,39573.02,39650.00,39499.43,39569.45,4227.339,1627914599999,167294585.65409,42063,1955.210,77397057.99244,0
1627914600000,39570.95,39615.97,39501.13,39580.63,2143.449,1627915499999,84815111.19507,27229,1117.874,44235607.98493,0
1627915500000,39580.63,39733.37,39525.00,39606.90,4103.531,1627916399999,162653725.39263,39040,2419.919,95921898.30029,0
1627916400000,39606.91,39800.00,39576.61,39760.93,3893.616,1627917299999,154578690.91673,40046,2328.473,92457521.33929,0
1627917300000,39760.93,39794.82,39671.72,39712.25,3209.194,1627918199999,127473010.84289,35570,1565.480,62182529.22663,0
1627918200000,39712.24,39795.00,39622.00,39646.70,3302.800,1627919099999,131134446.64612,36527,1483.042,58893121.18739,0
1627919100000,39646.71,39758.40,39646.70,39678.00,2699.005,1627919999999,107176022.31032,28213,1451.396,57635979.08770,0
1627920000000,39678.01,39779.99,39560.80,39737.99,4135.171,1627920899999,164136510.76192,41628,1884.750,74817990.16898,0
1627920900000,39737.99,39960.00,39729.10,39900.00,7516.944,1627921799999,299718686.49663,65120,4342.094,173123788.96557,0
1627921800000,39900.00,39917.99,39737.14,39750.01,3734.649,1627922699999,148656295.77646,37190,1457.282,58001540.71561,0
1627922700000,39750.01,39814.66,39620.00,39799.98,4446.662,1627923599999,176523694.67738,43433,2290.988,90956662.52635,0
1627923600000,39799.99,39878.76,39623.00,39629.26,3623.117,1627924499999,144049067.10533,37505,1676.964,66685556.41332,0
1627924500000,39630.00,39772.77,39620.00,39750.00,1889.159,1627925399999,75023793.36321,23810,964.090,38285257.21367,0
1627925400000,39749.99,39799.46,39670.07,39733.58,1986.461,1627926299999,78984938.60507,23570,922.280,36675108.65847,0
1627926300000,39733.59,39749.75,39650.00,39680.08,1809.453,1627927199999,71836451.69563,21856,902.972,35850589.11002,0
1627927200000,39680.09,39749.12,39460.02,39564.48,4120.183,1627928099999,163181893.67303,39713,1731.559,68596329.81261,0
1627928100000,39564.48,39712.49,39556.46,39699.14,2028.140,1627928999999,80405187.17274,24565,1101.992,43693354.85149,0
1627929000000,39699.13,39778.67,39628.92,39653.31,2221.925,1627929899999,88244114.43298,25318,1113.355,44220890.32501,0
1627929900000,39653.31,39695.46,39611.00,39629.98,1230.417,1627930799999,48774580.92305,16913,630.131,24980092.09060,0
1627930800000,39629.99,39777.97,39629.97,39660.03,1890.878,1627931699999,75067635.55854,22442,961.785,38183837.42892,0
1627931700000,39660.03,39714.12,39407.54,39520.86,5729.016,1627932599999,226305902.04985,49711,2594.150,102475741.43589,0
1627932600000,39520.86,39539.07,39290.00,39332.93,5759.812,1627933499999,226817455.24963,51942,2554.071,100583119.65545,0
1627933500000,39332.93,39348.92,39000.00,39174.29,10140.627,1627934399999,397379884.08006,82626,4642.089,181935485.14314,0
1627934400000,39174.29,39265.08,38658.00,38861.32,13039.417,1627935299999,507614084.86564,116154,5658.589,220356038.99069,0
1627935300000,38861.31,39098.35,38713.92,39032.66,7974.471,1627936199999,310354371.93206,72618,4287.155,166889687.21429,0
1627936200000,39032.67,39036.39,38700.00,38793.57,6778.751,1627937099999,263250598.99271,62636,3260.791,126623455.11826,0
1627937100000,38793.58,38900.00,38662.40,38840.00,6372.674,1627937999999,247229154.79609,55522,3312.972,128560083.28375,0
1627938000000,38841.65,38972.97,38777.67,38966.68,3334.763,1627938899999,129746323.33783,37201,1901.180,73971913.68849,0
1627938900000,38966.68,38973.00,38772.37,38843.76,2934.429,1627939799999,114056550.29044,32013,1160.598,45119682.82664,0
1627939800000,38843.77,39327.89,38843.75,39239.53,6019.248,1627940699999,235555847.31778,62934,3351.627,131122986.85589,0
1627940700000,39239.52,39283.01,39161.63,39189.99,2917.796,1627941599999,114432649.33255,30758,1395.993,54754818.45152,0
1627941600000,39189.99,39324.99,39153.38,39283.01,2970.207,1627942499999,116509799.82906,31438,1622.934,63674592.49321,0
1627942500000,39283.00,39500.00,39255.04,39384.01,5360.021,1627943399999,211229975.15050,50505,2582.228,101762766.76998,0
1627943400000,39384.00,39516.64,39359.03,39369.38,2862.023,1627944299999,112834168.90592,29155,1499.856,59137814.68275,0
1627944300000,39369.38,39458.00,39356.93,39410.01,2046.084,1627945199999,80638591.76719,21362,1008.586,39750426.27277,0
1627945200000,39410.01,39538.92,39410.01,39417.92,2855.676,1627946099999,112725564.66025,28638,1433.242,56581527.58649,0
1627946100000,39417.92,39449.98,39251.56,39346.12,3419.304,1627946999999,134560734.32197,33315,1445.669,56902521.70233,0
1627947000000,39346.12,39437.26,39315.42,39321.07,2495.252,1627947899999,98267597.93461,25094,1289.944,50804663.98793,0
1627947900000,39321.06,39353.99,39036.82,39147.48,4461.180,1627948799999,174864627.82079,44942,1859.297,72880287.65104,0
1627948800000,39147.47,39194.90,38750.00,38887.28,9558.012,1627949699999,372181378.27964,82757,4374.099,170298985.19767,0
1627949700000,38887.28,39331.78,38777.00,39251.21,7754.197,1627950599999,302943477.55921,71514,4378.076,171031489.66695,0
1627950600000,39251.21,39680.00,39246.48,39585.70,9022.586,1627951499999,356715009.17393,84939,4554.300,180040195.43900,0
1627951500000,39585.72,39774.93,39200.00,39310.00,9601.289,1627952399999,379063542.85820,82088,4440.758,175343618.97199,0
1627952400000,39310.01,39319.85,39018.19,39150.06,7535.338,1627953299999,295008696.68129,64346,3826.451,149812369.46953,0
1627953300000,39150.05,39174.98,38913.00,39036.98,5843.450,1627954199999,228030662.39419,49684,2894.604,112950455.94861,0
1627954200000,39036.98,39182.10,38918.84,39034.99,4290.987,1627955099999,167484149.06556,43127,2335.130,91171256.21352,0
1627955100000,39035.00,39092.00,38788.18,38821.24,5558.204,1627955999999,216182875.62183,48399,2453.432,95444244.21410,0
1627956000000,38821.25,39020.00,38750.00,39000.92,5683.552,1627956899999,221010439.74897,51225,3207.226,124733551.18020,0
1627956900000,39000.92,39043.00,38920.95,39003.28,2069.662,1627957799999,80697849.07682,23360,1107.667,43189936.15070,0
1627957800000,39003.29,39083.88,38877.62,38967.90,2507.134,1627958699999,97734773.02420,29889,1114.387,43456849.56768,0
1627958700000,38967.90,39075.73,38885.52,38891.43,1896.325,1627959599999,73935802.23784,24041,770.946,30068032.11565,0
1627959600000,38891.43,39000.00,38850.00,38940.82,2637.880,1627960499999,102651586.25578,27346,1241.316,48312074.59291,0
1627960500000,38940.84,38946.78,38641.74,38851.54,6567.319,1627961399999,254688119.77954,54343,2954.586,114621350.62576,0
1627961400000,38851.53,38875.00,38550.00,38589.99,8975.027,1627962299999,346949420.26811,73858,3940.350,152368317.92965,0
1627962300000,38590.00,38689.19,38501.00,38651.44,7292.428,1627963199999,281420998.28260,59351,3760.321,145150009.50480,0
1627963200000,38652.03,38724.28,38530.85,38655.44,4892.328,1627964099999,188989624.02649,47380,2512.706,97084729.42532,0
1627964100000,38655.45,38828.96,38655.44,38752.00,3798.544,1627964999999,147203531.04588,37389,2198.319,85203244.28524,0
1627965000000,38751.99,38768.85,38420.22,38649.99,6519.198,1627965899999,251579488.68264,56861,2823.818,109021319.10935,0
1627965900000,38650.00,38670.00,38209.00,38333.00,11943.103,1627966799999,458506320.99329,101711,5082.214,195144536.21906,0
1627966800000,38332.99,38333.00,37983.77,38034.62,16547.871,1627967699999,630899350.14510,134745,7230.988,275728325.34550,0
1627967700000,38034.62,38250.00,37920.00,38225.01,9330.653,1627968599999,355697310.73784,84093,4728.374,180322152.51689,0
1627968600000,38225.01,38370.54,38154.86,38157.84,4860.128,1627969499999,185978988.75927,49806,2462.288,94249827.31987,0
1627969500000,38157.84,38350.00,38157.83,38255.89,3420.012,1627970399999,130955416.26056,34537,2064.465,79058327.33961,0
1627970400000,38255.90,38420.00,38202.86,38354.11,4236.983,1627971299999,162436127.14284,44503,2411.582,92465588.06891,0
1627971300000,38355.72,38420.00,38327.00,38390.25,2302.616,1627972199999,88384298.13139,26231,1341.792,51508231.03381,0
1627972200000,38390.24,38395.16,38261.28,38382.92,2684.819,1627973099999,102908135.22320,31977,1235.998,47381005.44784,0
1627973100000,38382.91,38433.00,38322.96,38351.14,2818.245,1627973999999,108201478.34283,28142,1406.696,54015081.49135,0
1627974000000,38351.13,38488.00,38250.00,38389.07,4561.290,1627974899999,175034296.32015,45500,2142.195,82220906.86289,0
1627974900000,38388.80,38652.90,38384.29,38546.36,4936.726,1627975799999,190178863.99759,50372,2826.183,108876503.38966,0
1627975800000,38548.13,38655.12,38493.01,38529.13,3727.147,1627976699999,143766936.84021,40452,1809.246,69795356.12923,0
1627976700000,38529.13,38594.65,38470.00,38569.99,2843.745,1627977599999,109551146.31257,31150,1255.138,48358111.86431,0
1627977600000,38569.99,38579.00,38388.00,38413.80,4861.061,1627978499999,186901979.81211,46550,1861.032,71566675.24752,0
1627978500000,38413.81,38658.25,38289.00,38621.29,6911.186,1627979399999,266201906.02964,59407,3685.530,142002369.37816,0
1627979400000,38621.29,38645.00,38455.23,38564.42,3279.583,1627980299999,126418031.04324,32726,1460.849,56317862.11521,0
1627980300000,38564.42,38619.83,38500.00,38501.77,2061.022,1627981199999,79462506.07268,24798,878.461,33872948.12223,0
1627981200000,38501.77,38528.33,38308.69,38352.20,5233.407,1627982099999,201180260.90211,48072,2314.691,88994691.35577,0
1627982100000,38352.01,38593.00,38352.00,38556.35,3489.981,1627982999999,134307330.52681,36701,1896.641,72988436.83852,0
1627983000000,38556.35,38560.30,38457.52,38502.57,2123.329,1627983899999,81759029.59124,22804,1097.203,42247667.95223,0
1627983900000,38502.50,38629.00,38432.00,38628.35,2934.199,1627984799999,113115098.14545,28294,1607.545,61981110.99540,0
1627984800000,38628.34,38700.00,38528.00,38533.13,3730.250,1627985699999,144052638.90841,39465,1995.289,77063087.86746,0
1627985700000,38533.12,38616.79,38522.33,38536.98,1584.374,1627986599999,61113871.05374,21050,840.211,32411912.28455,0
1627986600000,38536.98,38799.56,38461.05,38781.25,7040.474,1627987499999,271970537.20084,56518,3799.940,146847715.57501,0
1627987500000,38781.26,38787.00,38633.50,38691.23,3709.093,1627988399999,143523990.16527,34056,1655.707,64065355.24950,0
1627988400000,38690.92,38728.04,38572.53,38597.02,3099.584,1627989299999,119797466.48852,30249,1183.864,45767447.11624,0
1627989300000,38597.02,38695.73,38550.00,38550.00,2215.062,1627990199999,85557433.13155,24305,1082.397,41816958.18540,0
1627990200000,38550.01,38593.23,38386.35,38487.45,6204.019,1627991099999,238600842.77283,52349,3190.571,122710102.54786,0
1627991100000,38487.44,38535.00,38402.07,38483.68,2548.918,1627991999999,98081931.59680,26677,1204.975,46373969.84803,0
1627992000000,38483.66,38500.00,37658.69,38400.00,35545.384,1627992899999,1350184682.91775,275628,16842.479,639897910.54533,0
1627992900000,38400.00,38519.34,38140.00,38214.27,14439.910,1627993799999,553330726.61699,123085,7026.814,269293805.67515,0
1627993800000,38214.87,38319.99,38064.67,38260.15,7335.188,1627994699999,280052733.14889,66704,3656.758,139652526.13859,0
1627994700000,38260.14,38440.00,38250.00,38370.00,4206.835,1627995599999,161377536.32691,44550,2109.289,80922785.07779,0
1627995600000,38369.99,38500.00,38357.23,38436.60,4919.271,1627996499999,189124680.55012,48823,2623.638,100875989.65120,0
1627996500000,38436.41,38455.00,38310.00,38387.23,3736.614,1627997399999,143421262.71304,34325,1668.906,64062206.67337,0
1627997400000,38387.24,38597.00,38387.24,38585.08,4817.041,1627998299999,185473665.29208,50940,2925.360,112646058.57314,0
1627998300000,38585.08,38620.04,38422.21,38454.36,4008.225,1627999199999,154438542.08606,40736,1749.688,67433819.32938,0
1627999200000,38454.37,38553.05,38407.31,38453.60,4354.067,1628000099999,167517948.81711,37158,2541.482,97796905.92171,0
1628000100000,38453.60,38614.46,38423.02,38545.44,3223.680,1628000999999,124240254.20346,35096,1782.063,68688591.42695,0
1628001000000,38545.45,38700.00,38457.00,38459.84,5279.388,1628001899999,203716295.60265,52279,2545.153,98241906.38703,0
1628001900000,38459.85,38479.99,38168.41,38251.99,9316.158,1628002799999,356853957.83647,85072,4123.349,157949980.77822,0
1628002800000,38251.98,38336.01,38080.00,38128.38,6841.987,1628003699999,261331423.99864,62665,3311.330,126509526.38403,0
1628003700000,38128.39,38182.04,37947.54,38058.27,8931.850,1628004599999,339880767.29056,80658,4024.515,153164902.49659,0
1628004600000,38058.28,38318.00,37922.02,38108.49,10552.220,1628005499999,402593883.02968,84028,5510.997,210272130.59097,0
1628005500000,38108.49,38235.57,38030.00,38170.37,4415.545,1628006399999,168350487.92611,42073,2397.540,91418051.29544,0
1628006400000,38170.37,38270.00,37954.05,38042.16,6306.550,1628007299999,240231428.06154,53619,2435.558,92819943.28006,0
1628007300000,38042.16,38312.00,38001.61,38118.52,7534.052,1628008199999,287557157.47053,67886,3995.170,152486350.11747,0
1628008200000,38118.51,38254.11,38091.56,38216.80,3657.037,1628009099999,139694302.85002,35217,1928.846,73678325.94679,0
1628009100000,38216.80,38477.99,38190.01,38389.34,6153.148,1628009999999,236052209.43293,55563,3434.471,131743163.62262,0
1628010000000,38390.32,38512.00,38346.20,38346.20,5136.103,1628010899999,197446019.70079,47554,2714.076,104347152.77870,0
1628010900000,38346.21,38364.37,38201.74,38235.58,3700.266,1628011799999,141612837.69996,37824,1826.509,69906188.67697,0
1628011800000,38235.58,38345.43,38106.57,38188.47,3616.987,1628012699999,138220381.94388,34186,1867.626,71397116.94699,0
1628012700000,38188.48,38208.63,37998.42,38002.11,4694.129,1628013599999,178740194.20231,42472,2056.580,78328633.00331,0
1628013600000,38002.10,38140.00,37600.00,37950.00,15513.665,1628014499999,587616666.10198,123344,7244.350,274533094.81091,0
1628014500000,37950.00,37998.51,37800.00,37915.15,5789.836,1628015399999,219411114.20105,53157,3199.438,121254068.59068,0
1628015400000,37915.16,38100.00,37811.38,38023.81,4362.613,1628016299999,165738097.66693,46095,2435.055,92509266.01084,0
1628016300000,38023.82,38200.00,38023.81,38186.70,3453.390,1628017199999,131650052.71367,35196,1949.117,74309236.92354,0
1628017200000,38185.33,38213.87,38100.00,38192.07,2737.771,1628018099999,104467452.91272,29711,1309.232,49963822.85886,0
1628018100000,38192.07,38334.97,38128.59,38270.03,4349.011,1628018999999,166344673.07883,38363,2238.986,85643657.65654,0
1628019000000,38270.02,38309.83,38230.35,38253.72,2219.817,1628019899999,84931343.55349,22993,928.263,35520148.96101,0
1628019900000,38253.73,38312.00,37908.52,38015.54,4513.149,1628020799999,171983605.55646,43924,1825.997,69566937.66100,0
1628020800000,38015.27,38105.75,37900.00,37959.83,4060.665,1628021699999,154219982.98072,43105,2134.868,81084958.25238,0
1628021700000,37959.95,38135.94,37875.00,38085.99,3698.599,1628022599999,140601517.30919,39224,1890.079,71852364.07814,0
1628022600000,38085.99,38194.91,37884.31,38005.65,3697.729,1628023499999,140702967.80990,39761,1842.512,70109081.27903,0
1628023500000,38005.66,38120.88,37964.65,38082.04,2197.129,1628024399999,83605210.34243,27627,1054.036,40108537.19432,0
1628024400000,38082.04,38232.97,38051.73,38166.90,2891.537,1628025299999,110282595.20472,31352,1583.234,60395290.94766,0
1628025300000,38166.90,38274.00,38123.77,38272.11,2232.766,1628026199999,85306407.67501,28569,1200.383,45867758.87816,0
1628026200000,38272.11,38420.40,38162.64,38222.41,4430.145,1628027099999,169703520.60397,52263,2294.694,87904134.25231,0
1628027100000,38222.18,38350.00,38220.48,38330.54,1790.392,1628027999999,68582277.72863,22926,978.409,37479865.01121,0
1628028000000,38330.54,38400.00,38262.81,38393.09,2089.825,1628028899999,80147598.89864,25815,1062.514,40753260.80207,0
1628028900000,38393.10,38500.00,38276.00,38490.05,4215.350,1628029799999,161932709.99371,39907,2398.810,92182196.46729,0
1628029800000,38490.05,38549.90,38314.10,38340.29,3651.139,1628030699999,140366766.35323,38550,1648.845,63411375.36768,0
1628030700000,38340.29,38354.31,38201.64,38345.16,2797.751,1628031599999,107091907.10916,28980,1668.453,63876020.41103,0
1628031600000,38345.16,38642.30,38344.75,38531.02,5962.171,1628032499999,229682228.99182,53634,3274.504,126141942.83189,0
1628032500000,38531.02,38538.75,38301.00,38324.83,2918.430,1628033399999,112086099.76434,27067,1252.344,48106032.12056,0
1628033400000,38324.82,38479.99,38263.05,38349.60,3122.489,1628034299999,119752280.56674,32048,1661.287,63718806.55708,0
1628034300000,38349.59,38355.02,38054.41,38203.26,4560.173,1628035199999,174146068.88152,40948,2014.962,76936728.47245,0
1628035200000,38201.33,38333.00,37946.56,37983.20,7659.210,1628036099999,291964516.29979,62085,3121.861,119033137.16938,0
1628036100000,37983.20,38129.13,37983.19,38047.62,2743.620,1628036999999,104442506.06701,27340,1612.902,61402841.50664,0
1628037000000,38048.00,38277.00,37982.22,38229.45,5282.115,1628037899999,201548381.47138,42248,3073.832,117266917.56871,0
1628037900000,38229.46,38485.00,38227.55,38399.99,4351.264,1628038799999,167000158.09818,40264,2381.812,91406665.58916,0
1628038800000,38399.98,38480.00,38325.76,38400.10,3490.718,1628039699999,134084218.97750,32133,1695.913,65146181.55385,0
1628039700000,38400.10,38532.24,38400.09,38492.70,3275.195,1628040599999,126036770.40541,29454,1816.660,69913340.45890,0
1628040600000,38492.69,38554.27,38340.66,38439.48,3354.470,1628041499999,129005862.04783,33020,1702.259,65479503.94381,0
1628041500000,38439.48,38475.39,38320.00,38352.06,2173.076,1628042399999,83401443.95456,22667,1041.106,39957472.04808,0
1628042400000,38352.07,38422.05,38228.11,38282.31,2474.954,1628043299999,94855526.98588,28956,1181.816,45300279.12535,0
1628043300000,38282.31,38296.38,38082.36,38172.37,4711.423,1628044199999,179831522.99770,40134,2354.758,89881899.44059,0
1628044200000,38172.37,38239.81,38115.45,38170.47,2594.328,1628045099999,99068136.59455,27073,1366.542,52186688.07518,0
1628045100000,38170.01,38170.01,38060.00,38094.91,3567.358,1628045999999,135945777.05873,27832,1470.207,56030073.73422,0
1628046000000,38094.91,38142.71,38012.00,38068.15,2953.729,1628046899999,112467484.30527,27552,1515.790,57723702.82792,0
1628046900000,38068.14,38096.60,37900.00,37928.70,5305.926,1628047799999,201448482.26010,47503,2336.848,88730600.56335,0
1628047800000,37929.03,38130.99,37920.14,37992.65,3902.429,1628048699999,148456992.02496,35671,2129.101,80991372.66087,0
1628048700000,37992.65,38089.02,37950.00,37980.34,2767.005,1628049599999,105171611.60083,25301,1320.116,50179604.21685,0
1628049600000,37980.33,38026.08,37780.69,37871.16,5958.179,1628050499999,225852314.61458,49452,2405.410,91209580.59736,0
1628050500000,37871.15,37955.00,37800.00,37892.85,3279.531,1628051399999,124252757.27410,31710,1872.386,70943082.07815,0
1628051400000,37892.86,37973.40,37758.00,37972.49,4008.849,1628052299999,151868496.30417,34978,2106.343,79807376.04635,0
1628052300000,37972.49,38096.99,37941.94,37966.76,3658.465,1628053199999,139137930.04130,34843,1815.239,69039508.86862,0
1628053200000,37966.77,38195.17,37962.03,38123.54,4076.955,1628054099999,155339217.80900,36558,2304.279,87784976.96309,0
1628054100000,38123.53,38220.00,38122.06,38154.93,3428.109,1628054999999,130895411.06366,31088,1762.620,67306320.93485,0
1628055000000,38154.93,38218.32,38050.00,38102.70,3313.156,1628055899999,126308411.98244,31767,1433.304,54647034.64115,0
1628055900000,38102.70,38115.99,37962.43,38000.00,2667.157,1628056799999,101449421.61458,27195,1177.886,44805822.24208,0
1628056800000,38000.01,38002.96,37801.28,37873.03,6461.999,1628057699999,244807524.57912,53922,3241.335,122790104.08873,0
1628057700000,37873.02,37939.91,37837.00,37915.92,2939.024,1628058599999,111359398.87409,27279,1662.440,62993285.11303,0
1628058600000,37914.73,38155.31,37893.55,38070.07,5816.105,1628059499999,221306713.86111,49554,3257.379,123921782.83819,0
1628059500000,38070.15,38097.34,37777.00,37817.46,7163.060,1628060399999,271332277.78161,57927,2815.096,106644283.93900,0
1628060400000,37819.30,37884.61,37700.00,37832.01,5438.988,1628061299999,205592511.55730,55107,2501.689,94593507.67992,0
1628061300000,37832.01,37832.01,37661.10,37797.79,4464.902,1628062199999,168519764.68241,44648,2244.452,84723932.05285,0
1628062200000,37797.79,37834.72,37706.49,37738.40,2936.838,1628063099999,110892525.31162,29373,1406.246,53101833.98740,0
1628063100000,37738.30,37846.16,37700.15,37827.97,3302.497,1628063999999,124774803.74305,30719,1701.178,64276408.42243,0
1628064000000,37827.96,37977.00,37768.74,37911.43,5589.659,1628064899999,211674034.44253,47383,3222.474,122048700.69221,0
1628064900000,37911.43,37983.62,37650.00,37696.54,7138.762,1628065799999,269697468.68883,59108,2878.899,108777811.41917,0
1628065800000,37696.54,37778.02,37660.00,37690.00,3608.676,1628066699999,136064236.38377,35558,1850.479,69775837.04137,0
1628066700000,37690.00,37810.00,37500.00,37743.71,13046.376,1628067599999,491373946.15870,97269,6106.982,230127984.21674,0
1628067600000,37743.72,37830.00,37661.00,37783.75,3610.618,1628068499999,136274177.05468,37726,1709.593,64527900.11488,0
1628068500000,37783.75,37844.50,37708.23,37766.15,3171.615,1628069399999,119831896.20176,30470,1441.420,54465405.25041,0
1628069400000,37766.14,37877.69,37710.01,37833.46,4328.892,1628070299999,163618606.98224,36481,2613.914,98803099.68597,0
1628070300000,37833.47,37870.80,37770.26,37818.22,2192.444,1628071199999,82912189.03678,23464,1002.998,37935378.80155,0
1628071200000,37818.22,37885.63,37759.33,37774.90,2944.689,1628072099999,111413929.17063,31044,1515.670,57354454.08345,0
1628072100000,37774.89,37868.00,37730.00,37865.16,2472.068,1628072999999,93399064.10450,24744,1329.937,50252673.34770,0
1628073000000,37865.16,37950.00,37854.49,37894.84,4577.562,1628073899999,173529226.70107,45040,2413.690,91504750.96451,0
1628073900000,37894.83,38115.00,37869.39,38080.99,6704.688,1628074799999,254908066.52602,59430,3640.677,138410953.19866,0
1628074800000,38079.59,38248.86,38077.00,38081.45,7783.514,1628075699999,296966137.57700,78577,3772.739,143950690.47329,0
1628075700000,38081.45,38187.85,38033.45,38103.06,4201.444,1628076599999,160077615.36435,41577,2127.676,81065965.19963,0
1628076600000,38103.07,38224.00,38095.00,38128.80,3208.912,1628077499999,122447542.81806,32286,1587.110,60571245.71226,0
1628077500000,38128.79,38190.00,38090.49,38152.86,2288.493,1628078399999,87265338.61300,26369,1113.460,42461181.22504,0
1628078400000,38152.87,38399.44,38143.22,38355.84,10002.936,1628079299999,383268528.65046,84199,5609.350,214912396.59251,0
1628079300000,38355.84,38460.00,38277.14,38447.13,6394.295,1628080199999,245420107.44167,64002,3393.382,130256786.10717,0
1628080200000,38447.12,38495.50,38350.49,38462.11,4899.257,1628081099999,188212735.07689,51016,2442.695,93849703.99364,0
1628081100000,38462.12,38895.00,38441.83,38812.46,16601.211,1628081999999,641798262.42322,148474,9472.330,366268875.67575,0
1628082000000,38812.45,38947.98,38720.00,38869.99,12805.985,1628082899999,497167448.45083,122264,6239.806,242285906.73848,0
1628082900000,38870.00,39155.00,38755.00,39081.94,13157.525,1628083799999,512785386.50774,112198,7297.380,284424443.73349,0
1628083800000,39081.94,39220.00,38970.00,39088.96,10310.030,1628084699999,403044304.48087,99788,4876.841,190683084.19714,0
1628084700000,39088.96,39163.97,38901.44,38985.01,7443.576,1628085599999,290485703.49947,72911,3310.026,129191117.49063,0
1628085600000,38985.01,39062.91,38825.03,39033.28,8360.937,1628086499999,325587930.77626,84713,4132.571,160954336.26205,0
1628086500000,39033.27,39167.31,39008.37,39078.06,5860.856,1628087399999,229109454.44947,57620,3077.718,120322898.99023,0
1628087400000,39078.07,39078.35,38916.00,38980.98,5372.693,1628088299999,209414746.60318,46913,2470.784,96302620.04184,0
1628088300000,38982.12,39138.58,38982.12,39097.73,4458.833,1628089199999,174233823.37969,38846,2248.684,87874286.86055,0
1628089200000,39097.73,39441.00,39097.73,39407.32,14211.246,1628090099999,558349045.47323,119317,7890.598,310043153.95593,0
1628090100000,39407.32,39444.00,39209.00,39274.50,8618.857,1628090999999,338749327.27821,71381,3427.825,134720071.04378,0
1628091000000,39274.50,39295.62,39170.00,39261.94,6129.426,1628091899999,240482271.41171,46023,2800.152,109861529.62934,0
1628091900000,39261.94,39362.04,39217.73,39289.96,3935.970,1628092799999,154614643.86145,36801,2033.511,79887873.44546,0
1628092800000,39289.95,39621.00,39221.00,39437.40,9899.065,1628093699999,390118347.26295,85267,5664.567,223317073.24319,0
1628093700000,39437.27,39496.62,39320.00,39347.76,5566.409,1628094599999,219286020.38888,50301,2344.434,92362611.80727,0
1628094600000,39347.76,39541.94,39326.36,39517.76,4638.447,1628095499999,182966334.06007,43264,2410.311,95071708.33162,0
1628095500000,39517.75,39559.75,39404.10,39468.60,3294.957,1628096399999,130036389.58963,35107,1656.291,65368320.87637,0
1628096400000,39468.60,39471.58,39234.00,39360.01,6284.822,1628097299999,247205888.70185,58153,2658.430,104570101.72104,0
1628097300000,39360.01,39440.00,39322.00,39373.81,2926.047,1628098199999,115249824.30233,28969,1398.945,55103079.21511,0
1628098200000,39373.80,39473.51,39311.69,39362.36,3012.631,1628099099999,118648312.96057,28503,1568.477,61776798.24031,0
1628099100000,39362.36,39438.55,39300.00,39383.56,3151.886,1628099999999,124072767.28704,30058,1441.344,56737701.45141,0
1628100000000,39384.99,39800.00,39373.54,39649.98,13177.476,1628100899999,522389885.93935,104532,7115.650,282050149.24540,0
1628100900000,39649.30,39694.00,39550.00,39603.20,4676.140,1628101799999,185231603.70402,43105,2467.856,97768308.62070,0
1628101800000,39603.20,39630.61,39513.76,39593.29,2771.671,1628102699999,109690326.91199,29205,1383.231,54744754.78833,0
1628102700000,39593.30,39721.28,39544.50,39570.00,2361.003,1628103599999,93531591.85809,26362,1155.902,45796353.31987,0
1628103600000,39570.00,39659.00,39467.68,39639.00,3214.177,1628104499999,127169701.64115,34415,1579.815,62520254.40935,0
1628104500000,39639.00,39761.37,39636.59,39744.53,3305.786,1628105399999,131242969.31413,35224,1663.072,66030286.37126,0
1628105400000,39744.52,39855.12,39504.65,39680.76,5866.331,1628106299999,232661375.12404,52331,2897.930,114999173.80832,0
1628106300000,39680.77,39780.00,39584.22,39745.16,3406.861,1628107199999,135261048.32025,29669,1611.714,63993597.82286,0
1628107200000,39745.17,39849.99,39666.00,39711.21,4441.512,1628108099999,176647891.87929,44602,2094.767,83331635.81255,0
1628108100000,39711.21,39816.00,39670.00,39725.20,2134.238,1628108999999,84785649.53921,25934,1108.067,44022418.64437,0
1628109000000,39725.20,39735.43,39612.00,39635.27,2424.521,1628109899999,96190975.69955,25944,1041.456,41324555.59482,0
1628109900000,39635.26,39774.00,39612.00,39749.00,2415.830,1628110799999,95818276.52040,24253,1486.505,58960820.70355,0
1628110800000,39749.54,39960.00,39716.02,39920.38,6425.451,1628111699999,256053982.05348,60432,3789.261,151034186.56177,0
1628111700000,39920.38,39975.32,39727.00,39812.82,3990.988,1628112599999,158948624.12190,45348,1889.950,75277816.15923,0
1628112600000,39812.81,39863.86,39747.00,39836.28,1723.464,1628113499999,68602170.60096,23500,885.566,35251566.99548,0
1628113500000,39836.27,39891.23,39801.00,39830.84,1636.894,1628114399999,65220597.80603,20392,761.045,30323980.77869,0
1628114400000,39830.85,39950.00,39830.84,39913.76,3128.203,1628115299999,124845890.63079,32316,1565.895,62493424.65487,0
1628115300000,39913.76,39970.00,39863.78,39901.00,2534.583,1628116199999,101162571.03002,23880,1302.376,51987277.88668,0
1628116200000,39901.00,39956.80,39730.02,39771.79,3944.862,1628117099999,157134114.90876,35642,1661.867,66204041.97877,0
1628117100000,39771.79,39830.64,39513.88,39723.51,8415.230,1628117999999,333740264.74475,65061,3922.785,155597014.12347,0
1628118000000,39723.50,39760.00,39555.00,39707.63,4019.045,1628118899999,159372258.69082,37759,2020.301,80112415.38025,0
1628118900000,39707.63,39899.49,39706.52,39885.84,3538.005,1628119799999,140860297.65409,32412,2004.284,79797845.47149,0
1628119800000,39887.77,39931.74,39766.99,39800.00,3477.710,1628120699999,138627389.75604,34128,1453.646,57946230.56539,0
1628120700000,39800.01,39837.68,39677.08,39731.31,2803.549,1628121599999,111446356.67334,28827,1540.853,61257081.90913,0
1628121600000,39731.31,39850.00,39624.33,39849.99,4581.793,1628122499999,182059355.95147,38957,2687.677,106799966.39681,0
1628122500000,39849.99,39856.63,39665.00,39671.92,2842.841,1628123399999,112936506.10283,28893,1224.368,48632065.12289,0
1628123400000,39671.91,39780.00,39660.00,39703.29,2024.927,1628124299999,80431007.08250,22835,1067.587,42407701.77777,0
1628124300000,39703.29,39762.85,39555.00,39574.16,3214.902,1628125199999,127428630.69259,30619,1214.125,48125419.72842,0
1628125200000,39575.42,39621.02,39321.00,39416.71,8964.266,1628126099999,353377443.88269,75960,4044.632,159429548.52696,0
1628126100000,39416.72,39479.98,39200.00,39248.00,7012.538,1628126999999,275879413.00320,55851,2910.383,114553444.92382,0
1628127000000,39248.00,39387.63,39248.00,39339.42,4015.242,1628127899999,157922547.39006,33866,2101.712,82662293.77303,0
1628127900000,39339.42,39627.99,39261.00,39513.74,5942.739,1628128799999,234491507.12305,46835,3192.397,126001093.04953,0
1628128800000,39513.75,39521.00,39374.00,39407.74,3560.984,1628129699999,140434043.02049,32226,1665.203,65671986.08098,0
1628129700000,39407.74,39457.85,39310.53,39350.71,2159.939,1628130599999,85042042.93688,24122,1020.546,40187063.35413,0
1628130600000,39350.70,39427.66,39261.31,39299.99,2376.940,1628131499999,93512081.49998,24960,1118.055,43991194.67899,0
1628131500000,39299.99,39419.00,39284.12,39405.49,2213.010,1628132399999,87109155.14870,22371,1187.405,46739885.47525,0
1628132400000,39405.49,39571.60,39354.01,39400.89,4234.868,1628133299999,167225013.58625,41025,2221.532,87735094.29143,0
1628133300000,39400.88,39416.81,39336.33,39392.89,2066.800,1628134199999,81376900.06287,22206,1032.753,40667184.73552,0
1628134200000,39392.89,39479.00,39302.00,39416.09,2224.079,1628135099999,87586812.29617,23887,1052.520,41450007.02175,0
1628135100000,39416.09,39497.00,39355.78,39450.00,1443.228,1628135999999,56917859.61279,18688,734.869,28983315.74669,0
1628136000000,39450.00,39540.08,39401.01,39505.00,2141.091,1628136899999,84538330.67592,25670,1051.996,41539445.96404,0
1628136900000,39504.99,39508.09,39438.19,39440.00,1357.328,1628137799999,53574974.60202,16810,613.071,24199685.92706,0
1628137800000,39439.99,39440.00,39360.00,39395.19,2165.678,1628138699999,85308226.49634,23184,1088.442,42875717.76189,0
1628138700000,39395.19,39419.00,39301.00,39381.65,2061.047,1628139599999,81123798.31440,22468,900.954,35469346.65630,0
1628139600000,39381.65,39479.77,39305.27,39456.82,2475.971,1628140499999,97597033.72104,24938,1206.824,47574397.88521,0
1628140500000,39456.81,39530.00,39437.09,39464.00,1981.422,1628141399999,78225983.73239,21827,1039.598,41046044.03898,0
1628141400000,39464.01,39467.62,39366.82,39396.20,1763.514,1628142299999,69482161.53889,20449,908.756,35803129.78722,0
1628142300000,39396.20,39412.77,39350.00,39402.81,1510.229,1628143199999,59468861.85624,17528,864.002,34022846.52923,0
1628143200000,39402.82,39403.78,39320.08,39325.99,2230.919,1628144099999,87769729.85101,23604,1017.766,40041407.80264,0
1628144100000,39325.99,39326.00,39107.00,39189.62,6542.491,1628144999999,256581554.97957,58845,2876.278,112815223.81533,0
1628145000000,39191.12,39224.41,39033.00,39037.82,6127.841,1628145899999,239720066.43092,53227,2364.793,92526136.01804,0
1628145900000,39037.82,39170.15,39012.20,39111.35,4141.834,1628146799999,161936509.24080,37374,2497.761,97662361.21022,0
1628146800000,39111.34,39111.34,38928.00,38982.56,5663.665,1628147699999,221015338.86099,54776,2413.161,94189905.48159,0
1628147700000,38982.56,39064.79,38860.00,38906.20,5208.741,1628148599999,202835576.31963,50758,2343.864,91278115.47129,0
1628148600000,38906.20,38969.99,38825.00,38861.51,5571.388,1628149499999,216664883.21604,53206,2824.247,109843350.26782,0
1628149500000,38861.52,38900.00,38750.00,38889.08,7314.578,1628150399999,283942253.84819,65133,3387.076,131503212.19412,0
1628150400000,38889.07,38969.71,38768.93,38969.58,6571.708,1628151299999,255480471.20914,57041,3495.066,135882713.03739,0
1628151300000,38969.58,38969.98,38840.86,38942.94,3955.545,1628152199999,153918883.69878,34763,2052.303,79861315.50344,0
1628152200000,38942.94,38942.94,38791.34,38795.01,3320.046,1628153099999,128943090.60330,32858,1498.437,58197240.12498,0
1628153100000,38795.00,38814.71,38453.11,38503.96,14964.482,1628153999999,577684379.11896,119442,6070.234,234318338.92248,0
1628154000000,38503.29,38623.99,38417.62,38574.95,7604.537,1628154899999,293164927.35014,67403,4256.437,164115890.62520,0
1628154900000,38574.96,38574.96,38002.00,38227.83,21065.440,1628155799999,805617115.77533,153886,9049.681,346004063.69058,0
1628155800000,38228.08,38297.46,37931.17,38153.88,11524.598,1628156699999,439196268.18324,88943,5674.291,216307565.04439,0
1628156700000,38152.27,38183.66,37900.00,38045.01,9007.427,1628157599999,342367388.78787,79482,4265.918,162173654.06737,0
1628157600000,38045.01,38250.00,37933.74,38237.50,10077.813,1628158499999,384350419.08470,81721,6179.553,235715677.33462,0
1628158500000,38237.51,38242.86,38071.42,38120.01,4649.752,1628159399999,177311373.64491,43248,2058.766,78507472.60363,0
1628159400000,38120.00,38120.01,37811.04,38040.14,9134.145,1628160299999,346662821.64110,81103,4160.009,157913936.55539,0
1628160300000,38040.15,38099.25,37925.00,38029.99,3972.055,1628161199999,150981864.61524,39785,2038.226,77482085.75284,0
1628161200000,38029.99,38217.49,37930.03,38217.11,6273.278,1628162099999,239045359.45962,57637,3375.030,128615462.35783,0
1628162100000,38217.11,38220.00,38089.00,38214.25,4338.841,1628162999999,165527352.06598,39846,2285.994,87212235.99261,0
1628163000000,38214.24,38220.00,37954.38,38028.36,4976.808,1628163899999,189461314.77138,43334,2234.592,85079384.99674,0
1628163900000,38028.35,38090.50,37950.00,38004.00,4183.025,1628164799999,158992770.62432,37781,2278.960,86630109.43282,0
1628164800000,38004.00,38145.75,37891.00,38008.01,6573.380,1628165699999,249896562.68190,58384,3048.870,115934444.18788,0
1628165700000,38008.01,38064.52,37753.97,37788.32,8707.074,1628166599999,330040501.79593,69449,3787.575,143622046.70362,0
1628166600000,37787.62,37969.00,37670.00,37670.01,9712.788,1628167499999,367366901.64805,83254,4461.818,168798235.66814,0
1628167500000,37670.00,38107.09,37291.00,38019.13,32716.033,1628168399999,1230342577.32029,242534,15867.672,597111015.50354,0
1628168400000,38019.14,38153.00,37720.00,37824.62,18688.978,1628169299999,709462152.72206,143826,8659.178,328681122.42918,0
1628169300000,37824.62,37890.84,37650.00,37800.00,9039.382,1628170199999,341221148.85491,75316,4797.421,181143022.09396,0
1628170200000,37800.00,37944.00,37744.00,37859.88,6898.820,1628171099999,261182167.13444,54801,3334.086,126242141.81430,0
1628171100000,37859.87,38040.00,37692.79,38038.16,7466.100,1628171999999,282450379.45795,63470,4180.165,158186976.40659,0
1628172000000,38038.15,38450.00,37860.44,38383.48,20846.064,1628172899999,797091339.55863,161513,11305.761,432384552.58313,0
1628172900000,38381.40,38533.10,38282.74,38346.26,15004.653,1628173799999,576069909.21028,120764,7977.365,306322811.17395,0
1628173800000,38346.27,38736.00,38266.00,38669.39,14572.778,1628174699999,561302482.54389,121309,8345.182,321420023.26619,0
1628174700000,38670.01,39050.00,38600.00,38990.90,15901.106,1628175599999,617462090.20483,134546,8870.325,344500649.40182,0
1628175600000,38990.52,39331.00,38819.00,39200.00,15415.270,1628176499999,602220392.49281,139061,8508.973,332458809.37345,0
1628176500000,39200.00,39349.60,39110.00,39277.88,10090.286,1628177399999,395769553.00550,89887,5007.944,196446841.14664,0
1628177400000,39274.52,39369.71,39130.57,39201.97,7324.748,1628178299999,287567666.29406,68202,3538.947,138954757.94310,0
1628178300000,39201.97,39202.88,38514.71,38723.29,24876.224,1628179199999,964809889.09325,190509,10776.389,417681404.09464,0
1628179200000,38721.79,39450.00,38704.00,39205.86,19940.362,1628180099999,780535563.73065,165857,10632.338,416068187.98602,0
1628180100000,39205.77,39331.84,39150.00,39268.00,6496.873,1628180999999,255002770.75552,63405,3196.436,125474678.17437,0
1628181000000,39268.01,39334.94,38900.00,39286.37,10276.014,1628181899999,402168038.78205,88527,4948.114,193741087.82608,0
1628181900000,39286.37,39781.66,39242.00,39727.25,15814.544,1628182799999,625817892.06096,144610,9481.225,375148691.85743,0
1628182800000,39727.26,40000.00,39642.68,39980.46,14372.343,1628183699999,571960904.39822,131502,7777.053,309584201.90021,0
1628183700000,39980.13,40349.58,39980.13,40166.85,20521.120,1628184599999,824718626.73741,177162,10411.279,418399264.03111,0
1628184600000,40166.86,40430.00,40161.74,40349.15,9635.535,1628185499999,388309942.87270,89548,4969.021,200280834.53202,0
1628185500000,40348.24,40700.00,40203.58,40684.49,16904.177,1628186399999,684055042.07832,143342,9514.282,385091250.21754,0
1628186400000,40684.49,40740.00,40415.45,40578.12,12529.557,1628187299999,508263262.82657,112874,5378.456,218217400.35903,0
1628187300000,40578.12,40875.00,40329.63,40750.00,12404.994,1628188199999,503620723.38649,107423,6424.332,260950768.76438,0
1628188200000,40750.00,40989.00,40661.86,40904.69,9502.232,1628189099999,388057156.22976,88181,4914.452,200743129.40393,0
1628189100000,40904.69,40960.25,40700.00,40822.14,7102.283,1628189999999,290005160.88525,68880,3254.069,132879961.34111,0
1628190000000,40822.15,41350.00,40784.00,41243.06,15604.587,1628190899999,641505327.65204,134288,8410.818,345750155.10208,0
1628190900000,41243.05,41343.52,41044.56,41239.98,7771.955,1628191799999,320148526.12236,79410,3479.903,143376241.47436,0
1628191800000,41239.98,41268.74,40738.40,40867.64,12806.709,1628192699999,524088608.25942,105780,5718.084,233975623.60216,0
1628192700000,40867.65,40889.14,40527.71,40694.19,10782.917,1628193599999,438819167.62992,91983,4905.713,199665429.71740,0
1628193600000,40694.19,41168.93,40694.19,40800.56,11361.844,1628194499999,465168767.25518,101601,6229.711,255006211.78937,0
1628194500000,40800.56,41098.77,40800.56,40905.88,4969.356,1628195399999,203520121.06726,48211,2734.730,112013979.28959,0
1628195400000,40905.88,41050.00,40796.77,40799.59,4743.437,1628196299999,194156163.17853,43650,2102.893,86095174.25633,0
1628196300000,40799.58,41029.29,40719.43,40886.31,4640.123,1628197199999,189740530.34022,44861,2311.929,94538884.40062,0
1628197200000,40886.31,41000.47,40863.00,40880.00,3963.434,1628198099999,162250570.72262,36731,1943.710,79567864.01099,0
1628198100000,40880.00,40930.00,40672.00,40891.68,5609.635,1628198999999,228871032.93171,51769,2699.645,110146804.67416,0
1628199000000,40891.68,41327.73,40859.35,40898.78,7837.983,1628199899999,321950792.69319,83270,4224.721,173569953.05145,0
1628199900000,40898.77,40950.00,40707.77,40915.89,5521.960,1628200799999,225427747.15025,51271,2798.991,114266452.21819,0
1628200800000,40914.13,41000.00,40842.05,40916.93,3423.969,1628201699999,140196059.85961,33861,1652.405,67676782.62926,0
1628201700000,40916.93,40998.72,40760.06,40855.77,3528.375,1628202599999,144176701.94405,34015,1748.311,71439905.90874,0
1628202600000,40855.77,40966.43,40819.48,40880.04,2596.022,1628203499999,106179373.97739,27331,1259.806,51526254.21510,0
1628203500000,40880.00,41045.54,40860.63,40938.90,3586.461,1628204399999,146907357.78344,33060,2127.285,87144627.93920,0
1628204400000,40938.89,41038.48,40938.89,40973.00,2734.996,1628205299999,112115114.79544,28298,1302.206,53383968.50459,0
1628205300000,40972.99,41150.00,40955.99,40980.25,4251.007,1628206199999,174530629.50461,36735,2261.819,92881555.87476,0
1628206200000,40980.25,41033.00,40862.09,40916.99,3130.002,1628207099999,128163284.86412,32041,1474.641,60388209.85966,0
1628207100000,40913.72,40958.46,40762.70,40882.40,5294.889,1628207999999,216372003.30385,44443,2259.481,92340501.80230,0
1628208000000,40882.39,41042.74,40655.61,40779.42,8972.019,1628208899999,366280543.90478,74454,4589.162,187396807.47177,0
1628208900000,40779.42,40909.61,40350.00,40511.47,9306.218,1628209799999,377796130.98807,83656,4040.692,164064770.62298,0
1628209800000,40511.47,40673.09,40449.48,40543.19,4736.437,1628210699999,192160435.02765,48441,2325.856,94361479.28107,0
1628210700000,40545.06,40547.69,39960.00,40079.88,17571.847,1628211599999,705934283.22577,127246,7140.535,286814028.89813,0
1628211600000,40077.26,40250.61,39977.00,39980.99,6614.943,1628212499999,265509952.05200,61573,3348.918,134465640.90297,0
1628212500000,39979.69,40199.99,39907.51,40107.01,5143.269,1628213399999,206148692.00101,46467,2756.212,110494476.86901,0
1628213400000,40107.01,40500.23,40064.12,40340.28,7046.607,1628214299999,284294977.13719,66200,4209.052,169799373.63762,0
1628214300000,40340.28,40766.58,40310.00,40600.80,9535.076,1628215199999,387078556.93838,73092,5530.411,224473899.80616,0
1628215200000,40600.80,40663.74,40384.07,40415.98,4812.968,1628216099999,195082646.47687,40894,1861.830,75488572.95023,0
1628216100000,40415.99,40500.00,40221.77,40471.34,5454.321,1628216999999,219979536.12002,45753,3227.254,130182537.55769,0
1628217000000,40471.78,40639.18,40259.00,40280.88,5332.602,1628217899999,215594668.73968,48991,2461.512,99532636.53345,0
1628217900000,40280.88,40428.34,40240.32,40353.95,2908.098,1628218799999,117319236.08826,28371,1547.972,62454567.18588,0
1628218800000,40354.01,40525.00,40272.82,40429.97,3167.094,1628219699999,128099769.33256,31159,1551.189,62742225.75684,0
1628219700000,40429.96,40614.99,40350.00,40364.95,4357.463,1628220599999,176511739.81717,37641,2079.358,84255473.94991,0
1628220600000,40364.95,40427.65,40255.10,40299.01,3059.859,1628221499999,123465320.99714,28560,1564.139,63125251.70421,0
1628221500000,40299.01,40344.98,40140.57,40224.62,3634.999,1628222399999,146197034.46638,35543,1834.651,73795079.89821,0
1628222400000,40226.33,40364.96,40096.00,40109.15,3663.180,1628223299999,147366316.84073,38026,1756.300,70677784.53623,0
1628223300000,40109.15,40170.79,39849.82,40022.67,7222.539,1628224199999,289001163.45824,65748,3227.660,129191422.91701,0
1628224200000,40022.68,40140.00,39880.00,40079.87,4812.319,1628225099999,192569272.67530,44929,2768.530,110794502.51430,0
1628225100000,40079.88,40187.59,39962.28,40179.49,3562.481,1628225999999,142803706.02481,34519,1996.173,80038155.42851,0
1628226000000,40179.50,40368.14,40136.15,40257.88,5720.370,1628226899999,230334504.17927,51726,3113.751,125380487.98813,0
1628226900000,40257.88,40386.64,40165.00,40273.09,3709.415,1628227799999,149359577.80201,34839,1626.704,65513722.25762,0
1628227800000,40273.08,40531.06,40259.92,40453.53,4920.146,1628228699999,198857897.26961,48807,2816.826,113841685.58642,0
1628228700000,40453.52,40575.75,40369.11,40549.35,4357.704,1628229599999,176413448.25305,37694,2265.168,91714835.16726,0
1628229600000,40546.51,40750.00,40449.67,40709.43,5487.680,1628230499999,222738370.88272,54046,3220.607,130754255.35187,0
1628230500000,40709.43,41219.76,40701.92,40970.30,17351.295,1628231399999,712298651.14208,156523,8806.099,361459314.85366,0
1628231400000,40970.30,40975.00,40700.63,40809.62,7944.317,1628232299999,324288111.51877,75645,3908.265,159538745.25529,0
1628232300000,40809.62,41170.00,40640.75,41029.85,9272.372,1628233199999,379181990.85050,87390,4869.700,199201633.21265,0
1628233200000,41029.25,41117.87,40836.02,40840.85,7240.298,1628234099999,296571031.99402,68650,3136.561,128496406.25885,0
1628234100000,40840.85,40879.08,40695.86,40807.40,5095.076,1628234999999,207838174.01903,49088,2716.674,110840338.61270,0
1628235000000,40807.38,41000.00,40800.77,40926.32,4841.984,1628235899999,198111704.00566,45547,2561.989,104825733.59448,0
1628235900000,40926.31,40926.32,40711.94,40727.86,4786.751,1628236799999,195223926.91463,44751,2266.612,92442691.53455,0
1628236800000,40725.40,40995.00,40527.92,40854.95,11329.130,1628237699999,461637753.19518,97693,5696.063,232141970.10530,0
1628237700000,40854.96,40970.56,40759.69,40849.53,3796.529,1628238599999,155137323.17550,37701,1725.729,70531640.06046,0
1628238600000,40849.54,40940.00,40729.00,40939.62,3675.701,1628239499999,150122136.77903,36796,1952.710,79762528.47740,0
1628239500000,40939.55,41127.99,40848.91,40934.70,8880.758,1628240399999,364113820.70447,75320,4297.206,176203877.11011,0
1628240400000,40934.69,40939.41,40731.60,40916.19,5806.663,1628241299999,237111479.00128,50560,2871.035,117240075.86067,0
1628241300000,40916.20,40918.25,40705.69,40768.58,3567.449,1628242199999,145502610.78157,39186,1667.184,67996627.22712,0
1628242200000,40767.26,40856.00,40576.37,40679.92,6564.497,1628243099999,266976286.68691,58190,3319.525,135012708.53632,0
1628243100000,40679.92,40776.00,40550.01,40600.01,5918.170,1628243999999,240622921.05640,50420,3027.861,123121339.89123,0
1628244000000,40600.00,40765.00,40390.59,40483.25,9741.477,1628244899999,395083377.11887,87664,4701.475,190754668.88861,0
1628244900000,40484.44,40571.95,40430.02,40538.00,3558.323,1628245799999,144163512.15268,37427,1921.949,77871148.88935,0
1628245800000,40538.00,40750.00,40435.81,40690.92,4991.648,1628246699999,202742705.37005,50128,2861.287,116227801.54289,0
1628246700000,40690.92,40848.00,40640.00,40679.76,5030.338,1628247599999,204976509.15591,48427,2560.385,104338892.74652,0
1628247600000,40679.76,40681.49,40500.00,40647.37,4320.502,1628248499999,175286046.84327,44948,2074.481,84167729.18003,0
1628248500000,40647.38,40648.71,40480.57,40633.21,3144.479,1628249399999,127545351.20190,32658,1486.296,60295043.49408,0
1628249400000,40633.22,40746.00,40557.02,40570.94,3465.355,1628250299999,140902160.45452,35868,1689.703,68714296.08860,0
1628250300000,40570.94,40619.34,40481.02,40500.00,3437.998,1628251199999,139339585.18192,32642,1654.272,67055005.39700,0
1628251200000,40500.00,40900.00,40282.01,40761.68,14196.491,1628252099999,575899366.92414,123103,7477.561,303351096.37686,0
1628252100000,40760.66,41073.30,40690.00,40953.75,12882.639,1628252999999,527187415.98556,113887,6897.105,282289181.97981,0
1628253000000,40953.76,40962.96,40560.04,40668.89,8350.900,1628253899999,340242415.17942,75085,3563.084,145153312.38169,0
1628253900000,40668.90,40814.65,40576.88,40754.45,4962.922,1628254799999,202088240.07678,47977,2725.102,110968263.82657,0
1628254800000,40754.46,40921.00,40687.37,40920.99,4303.771,1628255699999,175693050.48473,43774,2414.354,98572081.16279,0
1628255700000,40921.00,41010.00,40858.72,40958.04,5336.138,1628256599999,218460762.93705,52610,2900.883,118785117.92553,0
1628256600000,40958.04,41000.00,40850.00,40881.00,3318.809,1628257499999,135731596.05974,35908,1470.606,60149890.09105,0
1628257500000,40880.99,40922.00,40733.03,40903.47,4359.908,1628258399999,177916036.99250,44513,2292.452,93559778.04486,0
1628258400000,40903.48,40937.00,40723.73,40767.77,3498.766,1628259299999,142778932.74136,38024,1623.564,66256365.43706,0
1628259300000,40767.78,40801.16,40625.45,40717.25,4134.883,1628260199999,168309447.81005,44804,1976.664,80471230.44546,0
1628260200000,40717.25,40832.99,40636.47,40771.81,2893.996,1628261099999,117955403.16052,32684,1611.288,65675282.60074,0
1628261100000,40771.82,40849.90,40705.93,40745.05,2534.536,1628261999999,103357120.79126,26064,1183.785,48282540.74274,0
1628262000000,40745.05,40940.91,40671.43,40940.91,4116.968,1628262899999,168094779.19197,44450,2319.872,94739010.59403,0
1628262900000,40940.91,41754.37,40874.38,41668.05,32508.540,1628263799999,1347356051.73093,285294,17401.773,720999188.28425,0
1628263800000,41668.22,41886.00,41543.71,41833.12,16298.037,1628264699999,679973027.36598,164791,8598.207,358755742.07400,0
1628264700000,41833.12,42500.00,41733.85,42213.52,20372.409,1628265599999,857194202.29506,168813,11461.141,482364213.25985,0
1628265600000,42211.53,43296.66,42208.43,42720.45,49300.146,1628266499999,2108893763.81699,425795,25910.078,1108331379.05122,0
1628266500000,42720.48,42864.39,42420.38,42538.37,17015.744,1628267399999,725172823.31960,169084,7931.513,338075195.11865,0
1628267400000,42538.37,42680.00,42343.68,42437.37,12770.054,1628268299999,542875292.46061,122003,6189.856,263208072.18209,0
1628268300000,42437.51,42555.00,42233.34,42506.87,10670.839,1628269199999,452352570.38978,105323,5399.078,228898837.22489,0
1628269200000,42506.87,42680.00,42454.91,42547.41,5898.707,1628270099999,251098739.62235,60344,2951.395,125645969.07794,0
1628270100000,42547.40,42957.00,42547.40,42899.08,9438.015,1628270999999,403649521.63482,86509,5293.165,226401308.65239,0
1628271000000,42899.09,43150.00,42693.49,43132.37,12368.591,1628271899999,530638178.66241,105337,6332.128,271841412.61657,0
1628271900000,43132.37,43400.00,42801.44,42889.72,15211.253,1628272799999,654923293.54858,146793,7471.332,321770957.07042,0
1628272800000,42889.73,43000.00,42637.00,42638.78,7458.705,1628273699999,319484177.08348,75277,3386.235,145087057.17309,0
1628273700000,42638.78,42869.90,42638.78,42777.01,4009.450,1628274599999,171499282.76617,45690,2197.580,93997830.06472,0
1628274600000,42777.00,42942.28,42775.00,42843.61,3502.698,1628275499999,150131560.49728,37154,1975.411,84676926.07339,0
1628275500000,42844.49,42895.00,42683.00,42787.74,3843.888,1628276399999,164373566.03279,37767,1835.925,78510801.20329,0
1628276400000,42787.73,42903.36,42756.87,42856.36,2521.054,1628277299999,108014359.89130,30002,1217.704,52180631.69298,0
1628277300000,42856.36,42996.09,42764.60,42853.01,4017.514,1628278199999,172328549.80357,45723,2055.554,88176766.15499,0
1628278200000,42853.01,42990.01,42843.98,42970.65,3585.220,1628279099999,153933002.45884,35164,1932.328,82969102.55205,0
1628279100000,42970.64,42975.00,42732.00,42912.09,4184.881,1628279999999,179400701.80806,42297,2023.117,86729681.83959,0
1628280000000,42912.73,42965.00,42780.31,42842.79,3684.375,1628280899999,157993216.97961,35853,1703.328,73046696.19913,0
1628280900000,42842.79,42881.63,42436.18,42654.62,6477.790,1628281799999,276298469.62445,64692,2912.965,124283105.59190,0
1628281800000,42654.62,42886.16,42645.77,42774.47,5738.516,1628282699999,245572156.87733,52685,2583.021,110528996.95285,0
1628282700000,42774.47,42800.00,42600.00,42714.36,3945.983,1628283599999,168480605.60948,37655,1752.398,74833263.49108,0
1628283600000,42714.37,42771.00,42570.00,42600.43,3422.574,1628284499999,145955429.19924,37636,1614.493,68852283.48333,0
1628284500000,42600.43,42659.00,42478.01,42563.35,3611.955,1628285399999,153785993.03192,41336,1793.248,76351243.35532,0
1628285400000,42563.34,42693.94,42562.00,42618.93,1845.661,1628286299999,78689636.18876,26479,889.787,37936657.17494,0
1628286300000,42618.50,42679.99,42392.34,42434.21,3485.920,1628287199999,148191231.28682,35974,1448.435,61581915.03961,0
1628287200000,42434.21,42635.00,42433.00,42607.55,2964.644,1628288099999,126183109.89062,31782,1531.312,65175378.67827,0
1628288100000,42607.54,42888.09,42607.54,42690.00,5407.344,1628288999999,231104963.34963,49104,3019.085,129044777.46922,0
1628289000000,42690.00,42690.00,42574.51,42641.01,2098.659,1628289899999,89429934.13863,23860,984.551,41954128.79043,0
1628289900000,42641.26,42784.80,42559.00,42774.29,2025.711,1628290799999,86458436.70052,24699,1062.319,45347345.08593,0
1628290800000,42774.28,42798.24,42646.22,42679.13,2151.071,1628291699999,91854737.05865,21747,1027.292,43876306.57782,0
1628291700000,42679.12,42740.00,42570.00,42706.74,2165.833,1628292599999,92384339.08254,24038,1030.357,43947877.04861,0
1628292600000,42706.74,42835.11,42676.50,42789.98,2807.456,1628293499999,120063127.55776,26870,1468.526,62805520.68334,0
1628293500000,42789.98,42926.44,42731.00,42825.43,2880.426,1628294399999,123316752.26269,30515,1529.981,65511049.74136,0
1628294400000,42825.43,42899.46,42577.00,42760.01,6451.976,1628295299999,275804464.56398,57912,3245.985,138755122.46356,0
1628295300000,42760.00,42850.00,42666.60,42789.00,2701.666,1628296199999,115567411.85724,30859,1305.140,55828667.65051,0
1628296200000,42789.00,42984.30,42725.00,42931.12,3440.376,1628297099999,147526396.80617,35382,1858.461,79692314.43502,0
1628297100000,42931.12,43286.30,42874.62,43258.02,7871.690,1628297999999,339191917.34675,79585,4541.286,195687514.09239,0
1628298000000,43255.94,43259.99,42816.50,42821.59,7143.572,1628298899999,307176447.04094,71257,3087.899,132762618.21458,0
1628298900000,42821.59,43080.24,42800.00,42976.73,3653.688,1628299799999,156926383.86290,38160,1984.244,85216922.14775,0
1628299800000,42976.73,43169.56,42930.00,43138.54,2637.487,1628300699999,113589392.75441,31090,1478.102,63662715.24339,0
1628300700000,43138.55,43329.88,43062.34,43150.00,5051.440,1628301599999,218235002.15955,50761,2744.733,118610563.62464,0
1628301600000,43150.00,43224.82,43050.00,43196.77,3748.458,1628302499999,161646857.53699,39079,1949.184,84064098.89213,0
1628302500000,43196.78,43385.00,43138.23,43323.74,4426.994,1628303399999,191603794.08113,46735,2546.092,110213465.77608,0
1628303400000,43323.33,43376.79,43152.00,43153.02,3041.403,1628304299999,131550284.50081,34441,1351.300,58459394.04622,0
1628304300000,43155.48,43285.65,43055.81,43279.70,3610.227,1628305199999,155832135.15227,38905,1865.311,80522631.06638,0
1628305200000,43279.69,43285.92,43152.15,43208.29,2110.137,1628306099999,91222597.37788,26014,918.142,39697257.46686,0
1628306100000,43208.28,43266.84,42950.44,43250.58,4530.087,1628306999999,195327802.25529,47650,2021.068,87162970.86896,0
1628307000000,43250.58,43367.00,43231.69,43301.35,4336.161,1628307899999,187757824.92017,46199,2138.786,92613476.08743,0
1628307900000,43301.36,43780.00,43294.36,43670.30,15189.797,1628308799999,662648395.54470,139566,9115.415,397555921.37866,0
1628308800000,43670.29,43945.00,43575.55,43852.89,10540.417,1628309699999,461268368.70757,99947,5931.027,259622047.50625,0
1628309700000,43852.89,43863.36,43455.86,43531.37,6611.412,1628310599999,288754195.40810,65856,2529.359,110488049.05068,0
1628310600000,43531.38,43668.16,43455.00,43573.63,4608.101,1628311499999,200749053.56816,47477,2536.531,110511468.73610,0
1628311500000,43573.62,43573.63,43275.00,43287.72,5091.607,1628312399999,221016054.59458,53146,1991.421,86443463.58894,0
1628312400000,43287.72,43459.99,43278.61,43340.00,3221.551,1628313299999,139732321.96494,37399,1757.149,76221647.97941,0
1628313300000,43339.99,43413.55,43310.55,43391.25,2179.899,1628314199999,94533982.05941,27097,1147.547,49769470.57056,0
1628314200000,43391.24,43645.00,43340.00,43591.05,4141.004,1628315099999,180221671.44691,43856,2408.750,104829423.13192,0
1628315100000,43591.03,43591.05,43351.00,43420.00,3570.899,1628315999999,155225799.42386,38143,1441.809,62679357.15815,0
1628316000000,43422.07,43504.75,43327.77,43491.90,3173.624,1628316899999,137721565.24915,33844,1541.986,66928043.77703,0
1628316900000,43492.37,43494.68,43310.02,43363.44,2351.820,1628317799999,102010872.04839,28825,929.359,40309998.24079,0
1628317800000,43360.94,43362.46,43035.68,43177.22,8163.156,1628318699999,352257560.68460,78529,3505.479,151241032.20787,0
1628318700000,43177.23,43298.85,43050.00,43254.99,4301.366,1628319599999,185853831.05973,42700,2235.967,96631051.79654,0
1628319600000,43254.99,43294.80,43070.00,43079.20,3165.657,1628320499999,136665658.74442,34980,1245.552,53781034.09194,0
1628320500000,43079.61,43235.99,43070.00,43104.99,2910.937,1628321399999,125632047.41671,32259,1450.189,62594767.70330,0
1628321400000,43105.00,43268.09,43092.20,43200.00,2430.761,1628322299999,105033477.96793,27981,1191.672,51489685.91149,0
1628322300000,43200.00,43550.00,43146.23,43207.27,7200.301,1628323199999,312172901.78077,69767,3900.662,169145665.18253,0
1628323200000,43207.26,43355.70,43101.81,43319.49,4968.757,1628324099999,214690237.14652,52537,2312.493,99931692.82365,0
1628324100000,43319.48,43444.00,43253.75,43350.13,3568.775,1628324999999,154768753.69370,41300,1813.229,78642549.43164,0
1628325000000,43350.14,43450.00,43279.17,43366.97,2471.824,1628325899999,107157720.44742,30533,1305.683,56613989.92853,0
1628325900000,43366.98,43470.00,43366.98,43440.22,2305.922,1628326799999,100125447.67053,28197,1251.936,54363483.47176,0
1628326800000,43440.22,43798.00,43359.57,43523.82,9261.236,1628327699999,403729102.82142,93802,4950.057,215813179.98936,0
1628327700000,43523.82,43664.96,43507.53,43583.61,3592.981,1628328599999,156573308.56632,41755,1775.081,77356699.50593,0
1628328600000,43583.62,43785.00,43556.95,43741.83,5509.374,1628329499999,240772507.23972,64850,2958.252,129289176.57511,0
1628329500000,43740.35,43817.00,43600.00,43629.99,4137.119,1628330399999,180714169.97782,50277,2069.584,90421792.59635,0
1628330400000,43630.00,43869.46,43520.00,43778.40,7529.535,1628331299999,329253221.08267,85058,4083.857,178602460.82006,0
1628331300000,43778.41,44021.00,43643.76,43715.21,11137.666,1628332199999,488068724.36583,113557,5720.208,250774778.75062,0
1628332200000,43716.89,43716.89,43550.01,43597.21,4393.015,1628333099999,191665042.57997,55943,1953.613,85239361.20097,0
1628333100000,43597.20,43694.94,43593.01,43658.64,2265.987,1628333999999,98898488.79427,28531,1118.849,48833944.22790,0
1628334000000,43655.81,43659.65,43414.20,43492.51,5258.457,1628334899999,228720921.47623,59703,2266.937,98598975.43973,0
1628334900000,43492.51,43803.66,43412.27,43674.00,5936.569,1628335799999,259142846.99565,62588,3429.285,149700337.91307,0
1628335800000,43673.99,43767.48,43603.13,43730.96,3501.205,1628336699999,152947914.56496,37631,1555.707,67973826.56577,0
1628336700000,43730.96,43869.14,43660.00,43801.59,4283.824,1628337599999,187547783.71005,49038,2117.364,92710473.28943,0
1628337600000,43801.58,44400.00,43734.59,44363.38,24242.111,1628338499999,1070998575.55707,220251,13608.505,601264504.85128,0
1628338500000,44363.38,44588.00,44151.00,44351.16,19115.345,1628339399999,848480018.16111,182011,10070.446,447127521.69913,0
1628339400000,44351.15,44434.66,43643.37,43839.83,19658.824,1628340299999,864959439.08286,181918,8880.131,390668766.59311,0
1628340300000,43839.84,43877.63,43357.16,43546.05,16814.753,1628341199999,732678255.30462,169527,8024.894,349723289.52949,0
1628341200000,43546.05,43546.05,43104.00,43267.29,17115.098,1628342099999,740943540.19138,166124,8349.714,361494590.50743,0
1628342100000,43267.28,43741.26,43232.00,43559.22,11143.817,1628342999999,485010293.10546,111523,6218.044,270625626.15257,0
1628343000000,43556.34,43694.55,43336.62,43401.55,7290.161,1628343899999,317129042.94011,78309,3292.038,143230098.48848,0
1628343900000,43401.54,43419.38,43150.00,43168.83,6681.145,1628344799999,289261810.29200,68583,3279.157,141999453.43491,0
1628344800000,43168.83,43400.00,43163.93,43339.99,4496.963,1628345699999,194782690.45257,49589,2460.474,106574253.32868,0
1628345700000,43340.00,43543.86,43339.99,43446.93,3502.317,1628346599999,152156073.22589,41889,1935.842,84105055.28527,0
1628346600000,43446.95,43623.68,43328.78,43490.65,5950.398,1628347499999,258851428.93070,61096,3031.332,131888582.64973,0
1628347500000,43491.06,43550.05,43413.24,43479.73,3330.759,1628348399999,144827099.59288,33117,1644.914,71526088.34044,0
1628348400000,43479.00,43678.20,43265.85,43578.36,5556.703,1628349299999,241517963.29081,59892,2799.178,121703408.41158,0
1628349300000,43578.35,43629.99,43476.81,43576.78,2819.196,1628350199999,122789296.94472,34466,1297.839,56530757.75124,0
1628350200000,43576.78,43585.39,43431.26,43460.57,2022.087,1628351099999,87948774.80411,27737,904.924,39358430.40263,0
1628351100000,43460.57,43467.17,43273.01,43362.44,3807.207,1628351999999,165083776.03817,42648,1828.048,79268868.62501,0
1628352000000,43362.43,43412.00,42656.00,43002.91,22030.686,1628352899999,946090375.32858,194840,10134.047,435219138.23110,0
1628352900000,43002.95,43093.77,42395.20,42729.24,16861.289,1628353799999,720379993.29076,152052,7663.824,327489009.35770,0
1628353800000,42729.24,43609.97,42718.99,43425.72,17019.205,1628354699999,736777314.04666,151648,9607.472,415802080.62857,0
1628354700000,43425.72,43784.48,43403.58,43706.59,10503.048,1628355599999,458200653.84828,99473,5538.542,241656944.66278,0
1628355600000,43706.58,43794.48,43420.00,43526.11,7184.956,1628356499999,312933634.71131,66587,3154.454,137417202.25670,0
1628356500000,43528.63,43594.80,43308.00,43468.45,5363.379,1628357399999,232974467.68742,59105,2574.343,111843206.00722,0
1628357400000,43468.45,43468.45,43211.00,43378.85,4229.867,1628358299999,183297876.49243,48588,2058.264,89212239.13185,0
1628358300000,43380.50,43518.00,43340.00,43423.78,2621.961,1628359199999,113841795.35181,30693,1339.993,58189189.25919,0
1628359200000,43423.78,43442.37,43256.00,43320.82,3496.405,1628360099999,151513880.80239,38284,1798.176,77923287.29065,0
1628360100000,43320.80,43533.10,43280.11,43499.99,2478.384,1628360999999,107680744.18476,29509,1549.123,67309570.20839,0
1628361000000,43500.12,43599.59,43421.22,43564.07,2657.326,1628361899999,115665286.38141,30802,1269.363,55258694.97472,0
1628361900000,43564.07,43620.00,43532.36,43532.37,2215.049,1628362799999,96550962.78346,24450,1112.390,48490597.81931,0
1628362800000,43532.36,43739.27,43521.36,43636.58,2726.389,1628363699999,119016994.71688,32358,1571.969,68624966.20080,0
1628363700000,43636.58,43690.00,43532.76,43638.33,2030.461,1628364599999,88549010.40336,26129,952.394,41536418.50926,0
1628364600000,43638.32,43670.00,43422.54,43507.28,2237.339,1628365499999,97393881.53306,28229,902.308,39278770.86765,0
1628365500000,43507.28,44084.99,43404.61,43945.16,7039.326,1628366399999,308358411.95617,72728,4472.995,195991133.76653,0
1628366400000,43945.16,44170.00,43621.29,43702.90,10582.558,1628367299999,464256668.01862,100948,5399.578,236925056.78195,0
1628367300000,43702.90,43964.82,43666.00,43917.99,3710.995,1628368199999,162742324.17343,39732,1987.220,87137831.90666,0
1628368200000,43917.99,44050.00,43852.04,43928.36,3002.322,1628369099999,131904199.46003,34052,1492.102,65564868.45259,0
1628369100000,43928.36,43988.00,43854.54,43928.82,1752.375,1628369999999,76980059.30476,24171,772.675,33945527.12742,0
1628370000000,43929.23,44246.25,43857.13,44144.01,6024.919,1628370899999,265672536.91659,68269,3264.562,143967081.02540,0
1628370900000,44144.01,44338.75,44100.00,44300.56,4415.925,1628371799999,195336917.93176,56857,2334.314,103269571.01187,0
1628371800000,44300.56,44349.20,44055.00,44128.93,4101.359,1628372699999,181201764.85880,49166,1731.134,76481802.25727,0
1628372700000,44128.92,44150.00,43500.00,43539.81,7209.066,1628373599999,315786083.69432,71693,3065.879,134238881.88630,0
1628373600000,43538.27,43945.72,43522.00,43838.11,7763.120,1628374499999,339723290.95298,78537,4078.055,178468735.31744,0
1628374500000,43838.11,44000.00,43756.26,43960.65,3180.278,1628375399999,139648391.30380,36426,1624.236,71326550.47861,0
1628375400000,43958.90,44174.26,43901.89,44126.96,3704.804,1628376299999,163283496.75224,40652,1857.142,81853211.01862,0
1628376300000,44126.96,44126.97,43896.00,44014.77,3648.925,1628377199999,160557972.40260,35901,1599.502,70378553.11600,0
1628377200000,44014.77,44199.00,44014.76,44159.35,3152.177,1628378099999,139156653.75942,35008,1752.525,77365233.52030,0
1628378100000,44159.36,44350.00,44106.72,44216.78,3949.500,1628378999999,174746569.57968,41898,2173.572,96178668.33595,0
1628379000000,44216.79,44545.00,44216.78,44421.95,7513.600,1628379899999,333709883.26747,75004,4347.074,193088557.18716,0
1628379900000,44421.96,44753.01,44323.92,44601.11,12067.097,1628380799999,538329889.66313,100350,6201.996,276687799.39871,0
1628380800000,44601.11,44838.00,44366.00,44648.59,11175.791,1628381699999,497992309.17394,100074,5950.660,265237021.03005,0
1628381700000,44648.60,44785.00,44324.00,44351.73,8034.067,1628382599999,357916712.67455,74657,3905.176,174031464.19096,0
1628382600000,44351.73,44441.38,44136.78,44377.84,7157.688,1628383499999,317140480.20281,69160,3512.032,155633166.61279,0
1628383500000,44377.84,44783.01,44315.30,44587.48,6033.617,1628384399999,268962371.12512,55730,3601.730,160567422.56368,0
1628384400000,44587.48,44620.00,44230.55,44273.40,4798.833,1628385299999,213023902.40621,52039,1975.851,87715424.48726,0
1628385300000,44273.40,44333.78,44028.23,44210.69,5671.245,1628386199999,250490406.37727,58231,2590.749,114460121.80354,0
1628386200000,44210.70,44215.99,43874.25,44028.01,5716.954,1628387099999,251612627.68640,63561,2662.307,117182126.71708,0
1628387100000,44028.00,44171.82,43944.55,44123.01,3672.136,1628387999999,161799854.96764,40880,1901.090,83790212.13203,0
1628388000000,44120.87,44128.00,43930.01,43985.92,2881.782,1628388899999,126881503.57893,31881,1307.788,57586908.34776,0
1628388900000,43984.96,44036.33,43800.00,43919.99,3713.827,1628389799999,163075822.67265,42480,1745.054,76633441.46945,0
1628389800000,43920.00,44169.99,43859.00,43936.90,3321.404,1628390699999,146276935.24609,37889,1744.534,76834950.68555,0
1628390700000,43937.67,44150.00,43891.44,43931.55,2845.025,1628391599999,125169935.09181,32181,1352.773,59526420.61846,0
1628391600000,43931.55,44195.00,43890.12,44184.68,2582.154,1628392499999,113760150.97513,31385,1382.114,60902091.73501,0
1628392500000,44184.67,44364.80,44152.43,44305.80,5040.870,1628393399999,223094525.19952,44319,2660.703,117759838.30550,0
1628393400000,44305.79,44312.76,44130.74,44219.99,2466.712,1628394299999,109070997.26013,28156,965.451,42693645.14756,0
1628394300000,44219.99,44371.34,44190.60,44333.53,2424.370,1628395199999,107395647.68529,26517,1376.553,60979890.18413,0
1628395200000,44333.54,44454.65,44210.00,44427.62,3948.464,1628396099999,175157605.09810,41895,1977.789,87750605.36415,0
1628396100000,44427.63,44500.00,44343.73,44498.22,2374.774,1628396999999,105506528.53191,29650,1209.810,53762186.30928,0
1628397000000,44498.22,44544.00,44243.88,44292.22,3580.691,1628397899999,158854913.35240,37041,1627.418,72217928.93245,0
1628397900000,44292.22,44328.62,44153.10,44326.80,2460.915,1628398799999,108894266.94395,28803,1223.565,54149464.50967,0
1628398800000,44326.81,44488.12,44170.00,44420.01,3778.548,1628399699999,167538067.06623,39910,1924.611,85355265.00009,0
1628399700000,44420.01,44550.00,44356.00,44441.61,3523.416,1628400599999,156683021.10052,36445,1860.923,82759446.26478,0
1628400600000,44443.67,44720.00,44402.96,44674.97,5211.788,1628401499999,232469073.80662,56017,2739.806,122213662.64416,0
1628401500000,44674.97,44837.45,44599.03,44739.05,6946.473,1628402399999,310654890.12294,67007,3497.682,156458074.28325,0
1628402400000,44737.73,45038.50,44639.00,44719.32,14810.622,1628403299999,664246024.10249,123077,8348.275,374556964.86375,0
1628403300000,44719.31,45196.28,44697.78,44999.43,11588.305,1628404199999,521327851.56789,115886,6285.567,282811180.56054,0
1628404200000,44999.43,45350.00,44916.80,45187.67,10534.583,1628405099999,475462443.69763,105692,5673.993,256146873.64549,0
1628405100000,45189.90,45280.00,44980.00,45038.04,7286.269,1628405999999,328786046.68788,72417,3108.367,140314067.16027,0
1628406000000,45038.13,45197.77,44874.91,45182.55,5334.544,1628406899999,240331948.10750,60601,2700.406,121689379.13646,0
1628406900000,45182.56,45274.00,45079.25,45091.98,3980.292,1628407799999,179813377.28348,46677,1783.347,80576313.35725,0
1628407800000,45093.38,45130.00,44800.00,44935.04,7878.928,1628408699999,354133745.93119,74970,3400.244,152836466.68418,0
1628408700000,44935.04,45019.99,44710.98,44796.46,7158.041,1628409599999,321247325.68508,66144,3459.607,155276973.82027,0
1628409600000,44796.46,45000.00,44750.74,44905.53,4196.356,1628410499999,188462363.59580,50445,2060.530,92535951.55914,0
1628410500000,44905.52,44939.99,44651.76,44827.24,5522.052,1628411399999,247241839.68925,54624,2552.727,114309193.84092,0
1628411400000,44827.24,44830.00,44650.00,44680.00,3147.608,1628412299999,140767672.05356,38606,1526.027,68250459.12167,0
1628412300000,44680.00,44792.98,44406.10,44480.35,6149.082,1628413199999,274211260.06489,62497,2885.992,128743700.71626,0
1628413200000,44480.34,44788.00,44433.83,44762.29,5874.359,1628414099999,262353074.09666,60141,3439.781,153629468.31349,0
1628414100000,44762.29,44853.50,44600.00,44798.04,3799.700,1628414999999,169858564.31012,40991,2027.749,90666884.91865,0
1628415000000,44798.03,44905.06,44630.65,44730.76,3947.788,1628415899999,176757376.91285,44715,1920.752,86010220.49302,0
1628415900000,44730.76,44763.81,44635.30,44731.90,1973.328,1628416799999,88199529.73237,25742,1071.085,47873997.35947,0
1628416800000,44731.89,44884.99,44451.00,44632.93,5658.625,1628417699999,252682200.53936,58799,2783.576,124313953.11924,0
1628417700000,44632.93,44639.78,44200.00,44345.55,10422.622,1628418599999,462460372.74150,103068,4743.450,210466902.48420,0
1628418600000,44345.55,44476.99,44220.00,44305.35,4803.158,1628419499999,213039447.36513,54259,2381.430,105637218.78758,0
1628419500000,44305.34,44470.00,44291.13,44388.71,3186.409,1628420399999,141494640.51435,37369,1581.428,70224407.28950,0
1628420400000,44388.70,44552.40,44325.63,44368.06,3277.669,1628421299999,145768660.02645,40575,1680.540,74746182.78874,0
1628421300000,44368.07,44672.33,44100.00,44568.31,11784.740,1628422199999,522889677.02552,109256,6018.932,267152791.77927,0
1628422200000,44568.31,44748.21,44462.66,44465.34,5299.211,1628423099999,236499123.57007,58409,2454.236,109557238.23136,0
1628423100000,44465.35,44600.36,44450.00,44458.35,2395.696,1628423999999,106654247.72641,28764,1227.246,54642267.29434,0
1628424000000,44458.35,44739.04,44379.00,44629.77,5492.007,1628424899999,244806556.54377,55101,2802.609,124936378.87101,0
1628424900000,44629.78,44950.00,44563.32,44924.18,7558.085,1628425799999,338597591.22934,72616,4236.773,189829849.79821,0
1628425800000,44924.17,45000.00,44765.00,44833.14,5501.309,1628426699999,246784935.37861,53996,2754.653,123576078.92053,0
1628426700000,44833.14,45150.00,44831.12,45003.03,6770.999,1628427599999,304700583.94119,69431,3757.936,169127662.95146,0
1628427600000,45003.04,45197.89,44872.60,44889.80,6739.628,1628428499999,303493578.10962,75051,2897.041,130505366.22794,0
1628428500000,44889.79,45021.29,44750.01,44798.10,4464.007,1628429399999,200373215.99384,52703,2099.536,94275404.33715,0
1628429400000,44798.09,44921.64,44647.16,44708.00,5519.376,1628430299999,247061456.62970,58719,2811.525,125870458.15807,0
1628430300000,44708.00,44777.77,44535.93,44757.96,5084.907,1628431199999,227162696.78224,51351,2692.581,120318692.46014,0
1628431200000,44757.96,44875.64,44471.14,44640.00,7221.734,1628432099999,322627549.49818,74826,3410.155,152368492.63442,0
1628432100000,44640.01,44640.01,44362.34,44428.98,8351.799,1628432999999,371501238.07584,71337,3772.251,167820777.67012,0
1628433000000,44429.31,44434.20,43888.00,44109.09,16410.996,1628433899999,725365836.76145,148310,7243.029,320234843.16447,0
1628433900000,44109.08,44258.00,43855.00,43936.99,10379.007,1628434799999,457562619.64307,106736,4605.513,203103542.21317,0
1628434800000,43937.00,44171.44,43850.00,44009.22,8672.920,1628435699999,381926962.16512,94841,4729.141,208294219.98482,0
1628435700000,44009.23,44155.00,43920.60,44006.87,5788.591,1628436599999,255092362.47802,59713,2904.467,128009105.70357,0
1628436600000,44008.34,44199.00,43742.39,44056.99,10370.878,1628437499999,456297129.05744,101900,4980.740,219242958.52693,0
1628437500000,44056.99,44147.90,43922.55,44000.56,3854.423,1628438399999,169829816.65325,43344,1837.912,80975171.03024,0
1628438400000,43998.89,44388.00,43849.10,44286.58,9073.121,1628439299999,400320495.46415,90413,5010.725,221143884.00742,0
1628439300000,44286.59,44388.00,44112.77,44206.66,4680.549,1628440199999,207030086.27427,52204,2153.971,95292871.53662,0
1628440200000,44203.46,44209.25,43900.35,43923.33,4811.989,1628441099999,211805085.70367,54971,2157.995,94990663.14152,0
1628441100000,43924.20,44018.59,43612.00,43732.62,10377.062,1628441999999,454048258.49730,102077,4833.482,211522469.34799,0
1628442000000,43732.62,43849.26,43543.00,43625.57,11344.194,1628442899999,495242145.29999,99224,5648.637,246656683.06051,0
1628442900000,43624.40,43880.40,43603.05,43772.71,5381.847,1628443799999,235406970.43471,54979,2739.398,119838156.09950,0
1628443800000,43772.71,43900.00,43713.26,43871.77,4180.736,1628444699999,183272553.89384,45735,2304.701,101044052.74385,0
1628444700000,43871.03,43923.00,43655.69,43690.06,2995.496,1628445599999,131157476.83027,36717,1400.924,61352462.60995,0
1628445600000,43690.06,43800.00,43555.00,43693.52,4489.187,1628446499999,196084504.29687,47300,2157.597,94264528.15059,0
1628446500000,43693.51,43817.54,43580.00,43802.74,3237.099,1628447399999,141501184.60174,33851,1776.547,77664000.44322,0
1628447400000,43802.74,43933.71,43640.00,43675.33,4085.934,1628448299999,178920046.17063,43197,2000.362,87622350.06696,0
1628448300000,43675.34,43819.28,43430.30,43625.77,6723.121,1628449199999,293118613.99941,63983,2899.397,126439565.85637,0
1628449200000,43625.77,43634.26,43302.00,43344.54,6459.698,1628450099999,280733623.34511,69003,2945.150,128022626.60002,0
1628450100000,43344.54,43795.21,43265.00,43785.35,7481.799,1628450999999,325669919.01118,74448,4141.531,180302858.44137,0
1628451000000,43785.36,43867.91,43671.32,43682.00,5125.037,1628451899999,224365497.14420,55304,2496.309,109294704.75211,0
1628451900000,43682.36,43742.37,43441.58,43723.26,5119.878,1628452799999,223083961.99398,50805,2881.070,125531509.34203,0
1628452800000,43722.04,43980.00,43556.22,43916.47,8212.076,1628453699999,359450701.31231,74189,4377.434,191625858.53619,0
1628453700000,43916.46,44250.00,43828.40,43900.00,11447.023,1628454599999,504401354.22837,104416,5947.105,262051889.32095,0
1628454600000,43900.00,43950.38,43690.06,43740.02,3563.489,1628455499999,156014566.54839,40104,1782.483,78039100.11006,0
1628455500000,43740.02,44058.98,43627.32,43837.48,5475.705,1628456399999,240135424.11735,55453,2798.309,122697073.79844,0
1628456400000,43837.49,43990.00,43750.00,43902.23,2913.624,1628457299999,127833527.97799,36689,1512.469,66361756.14984,0
1628457300000,43903.36,44150.00,43816.21,44124.90,3189.806,1628458199999,140297317.10315,40865,1829.036,80457617.77193,0
1628458200000,44124.89,44200.00,43964.51,44181.59,2995.679,1628459099999,132062555.78634,39159,1572.988,69368215.66714,0
1628459100000,44181.59,44239.86,44042.30,44210.00,2488.272,1628459999999,109823007.42034,31757,1249.919,55172754.28773,0
1628460000000,44211.77,44474.00,44136.08,44460.01,5358.327,1628460899999,237579227.71930,59967,3052.615,135360395.84243,0
1628460900000,44459.35,44587.24,44287.04,44349.61,6499.702,1628461799999,288804061.83861,61855,3292.866,146352765.50902,0
1628461800000,44349.61,44354.99,44160.61,44223.10,3661.241,1628462699999,161991566.83400,38417,1911.583,84582486.08460,0
1628462700000,44223.10,44381.21,44178.00,44183.83,3093.261,1628463599999,137013844.79884,31901,1501.385,66518071.64446,0
1628463600000,44183.83,44440.67,44178.00,44310.01,2721.346,1628464499999,120685838.30526,31619,1302.555,57764745.47954,0
1628464500000,44310.00,44395.00,43949.24,44092.41,5758.062,1628465399999,253991673.09934,53078,2599.196,114660322.14287,0
1628465400000,44092.41,44178.00,43610.00,43798.44,8433.278,1628466299999,369672408.56617,73909,3915.506,171610178.10162,0
1628466300000,43798.43,43866.00,43682.31,43787.71,4754.863,1628467199999,208183033.22849,42361,2566.093,112366323.94310,0
1628467200000,43787.71,43966.41,43200.00,43336.57,13841.379,1628468099999,602802170.48729,121051,6048.644,263564325.16195,0
1628468100000,43338.87,43508.77,43113.02,43357.63,10926.365,1628468999999,473462277.68937,93610,5790.883,251034199.14534,0
1628469000000,43357.63,43460.92,43088.00,43196.80,7768.022,1628469899999,335992345.06750,70524,3691.665,159686062.92072,0
1628469900000,43196.81,43349.32,43035.95,43196.51,7240.974,1628470799999,312796589.30422,65253,3519.935,152088943.49642,0
1628470800000,43196.50,43200.00,42802.00,42837.21,12599.209,1628471699999,541498460.92212,106655,5332.402,229225703.94975,0
1628471700000,42837.20,43165.82,42785.00,43110.77,7863.748,1628472599999,338333237.75353,73804,3970.948,170865599.06371,0
1628472600000,43110.77,43330.17,43027.19,43092.61,6323.496,1628473499999,273082096.93790,60636,3156.364,136333401.34278,0
1628473500000,43092.62,43206.45,43000.69,43080.31,3159.124,1628474399999,136141355.44458,34461,1511.831,65155858.70193,0
1628474400000,43080.31,43265.11,43030.96,43254.09,2501.845,1628475299999,107991097.62657,30880,1417.720,61199083.82746,0
1628475300000,43254.10,43300.00,43160.80,43194.50,2189.542,1628476199999,94672361.61459,27603,1072.605,46375987.04291,0
1628476200000,43194.49,43371.91,43151.18,43355.90,2817.807,1628477099999,121915397.18693,31396,1454.010,62914891.51969,0
1628477100000,43356.48,43491.64,43321.90,43454.15,4423.387,1628477999999,192029383.66785,40741,2311.991,100382386.56975,0
1628478000000,43454.15,43454.16,43258.65,43264.10,2246.764,1628478899999,97439723.73229,27639,874.150,37917312.30231,0
1628478900000,43264.11,43417.90,43250.98,43387.28,1885.370,1628479799999,81716058.94572,23945,1049.409,45485470.38622,0
1628479800000,43387.27,43600.00,43355.18,43536.56,3405.856,1628480699999,148070564.37401,36978,1994.567,86725450.26524,0
1628480700000,43539.21,43631.65,43450.39,43486.16,2742.080,1628481599999,119358766.78371,31485,1362.511,59319862.42218,0
1628481600000,43486.16,43589.00,43340.00,43363.07,2928.143,1628482499999,127196870.30166,36515,1287.906,55948462.37063,0
1628482500000,43363.06,43433.00,43231.16,43377.63,3594.304,1628483399999,155720703.29330,38479,1806.549,78280433.89803,0
1628483400000,43377.44,43600.00,43375.00,43554.98,3482.620,1628484299999,151554860.22592,37611,1811.374,78826347.50829,0
1628484300000,43554.99,43600.00,43440.00,43574.41,2231.375,1628485199999,97140707.95732,27154,1197.328,52132177.37799,0
1628485200000,43573.49,43734.27,43533.22,43658.96,3907.172,1628486099999,170560499.36329,44576,2322.345,101375145.62181,0
1628486100000,43658.96,43690.42,43561.00,43607.97,1838.419,1628486999999,80189037.12772,24431,803.655,35057319.57642,0
1628487000000,43607.97,43660.00,43455.00,43502.95,2688.278,1628487899999,117057829.42454,29538,1117.177,48650126.26405,0
1628487900000,43502.95,43568.99,43371.00,43540.96,2943.960,1628488799999,127957671.30417,33831,1502.738,65325246.64888,0
1628488800000,43540.95,43641.71,43355.00,43420.64,4922.126,1628489699999,214066107.63234,55608,2449.903,106558552.47001,0
1628489700000,43421.27,43472.46,43267.30,43294.91,4476.038,1628490599999,194054427.90721,45008,2055.831,89140965.35196,0
1628490600000,43295.57,43542.49,43285.03,43403.56,3054.597,1628491499999,132689145.65706,34888,1595.234,69298263.21251,0
1628491500000,43403.56,43533.00,43350.50,43469.82,2053.058,1628492399999,89220864.00172,26591,1067.666,46396556.35772,0
1628492400000,43469.83,43629.98,43469.82,43513.88,3021.622,1628493299999,131673969.77918,34743,1467.567,63951767.36154,0
1628493300000,43513.88,43564.60,43388.08,43408.93,2750.975,1628494199999,119492937.75178,31343,1298.620,56406023.47733,0
1628494200000,43408.94,43671.54,43363.05,43633.29,3789.547,1628495099999,165012262.17383,40577,2001.130,87154458.36480,0
1628495100000,43633.29,43862.15,43564.41,43790.00,5626.369,1628495999999,245927471.93839,58361,3451.525,150897476.53357,0
1628496000000,43790.01,43900.00,43661.09,43705.29,5933.419,1628496899999,259743303.45263,65956,3117.125,136485761.03917,0
1628496900000,43705.30,43740.00,43590.70,43642.24,3013.610,1628497799999,131540028.12278,33918,1581.478,69038415.27942,0
1628497800000,43644.14,43850.00,43644.14,43742.78,2803.513,1628498699999,122646098.48509,36591,1603.925,70161940.90935,0
1628498700000,43744.60,43846.48,43705.10,43714.59,2303.188,1628499599999,100813135.32416,30575,1047.556,45857446.74602,0
1628499600000,43714.01,44243.64,43650.00,44240.75,10913.332,1628500499999,480220854.86530,92748,6948.679,305758252.03148,0
1628500500000,44238.90,44753.01,44130.01,44599.27,19935.022,1628501399999,886528304.93421,185830,10463.566,465373826.90396,0
1628501400000,44599.27,44726.93,44462.40,44613.67,8178.244,1628502299999,364636009.68831,80821,4230.480,188656426.73181,0
1628502300000,44613.68,45039.99,44570.00,44861.31,13630.271,1628503199999,611494180.32186,124256,7659.285,343634934.37462,0
1628503200000,44861.71,45278.00,44861.71,45050.49,13267.660,1628504099999,598434522.36766,132841,6982.667,314981180.61464,0
1628504100000,45050.49,45143.88,44756.00,44971.46,9289.483,1628504999999,417368994.12727,95797,4314.757,193856506.08863,0
1628505000000,44971.45,45700.00,44971.45,45663.91,19932.841,1628505899999,904638123.30743,178274,11706.582,531371204.47423,0
1628505900000,45665.38,45720.00,45448.33,45648.10,10721.056,1628506799999,488483483.23084,110951,5353.214,243944652.94924,0
1628506800000,45648.10,45880.00,45460.00,45777.60,13970.757,1628507699999,638074498.07622,140278,7035.608,321435853.15448,0
1628507700000,45777.59,45800.16,45530.62,45632.01,7863.334,1628508599999,359158208.46114,73226,3677.946,168019409.35499,0
1628508600000,45632.01,45740.13,45470.00,45712.68,6282.743,1628509499999,286518532.51115,66482,3042.318,138776208.97635,0
1628509500000,45712.68,46080.00,45650.73,45930.81,14569.794,1628510399999,668317924.89309,134830,7983.413,366271381.11029,0
1628510400000,45930.82,46048.31,45575.00,45715.41,10603.464,1628511299999,485117220.98239,99094,4924.191,225310743.04435,0
1628511300000,45715.50,45840.96,45560.00,45764.72,6272.318,1628512199999,286610582.02337,63021,3284.266,150094050.92351,0
1628512200000,45764.73,45847.68,45616.00,45621.18,4224.239,1628513099999,193147449.79800,45176,1863.339,85210246.21073,0
1628513100000,45621.19,45774.85,45620.00,45690.91,3054.736,1628513999999,139565928.71235,33656,1699.406,77646688.80205,0
1628514000000,45690.92,45876.00,45610.01,45756.65,5541.071,1628514899999,253529093.51897,56652,2782.136,127313204.64429,0
1628514900000,45756.65,45870.00,45675.03,45851.95,3930.083,1628515799999,179979979.28744,42492,2196.940,100614661.18938,0
1628515800000,45851.96,45905.14,45742.59,45774.36,4468.180,1628516699999,204774274.20652,48336,2259.026,103542156.73529,0
1628516700000,45774.36,45811.33,45279.60,45421.02,14216.431,1628517599999,646772886.70862,127327,5826.078,264983488.32660,0
1628517600000,45421.01,46444.01,45400.75,45977.00,24226.856,1628518499999,1114510725.81406,211751,13434.830,618007614.23174,0
1628518500000,45978.65,46089.14,45835.90,45869.32,7536.756,1628519399999,346436457.30096,80508,3580.586,164600540.39266,0
1628519400000,45869.32,45968.40,45600.00,45660.98,9888.169,1628520299999,452215561.87167,95711,4500.477,205847149.42627,0
1628520300000,45660.99,45792.18,45478.00,45635.64,7330.398,1628521199999,334570169.26329,71759,3719.288,169788642.99052,0
1628521200000,45635.64,45960.63,45635.64,45884.08,5660.980,1628522099999,259339217.88593,57176,3174.234,145428215.12493,0
1628522100000,45884.07,45990.00,45880.71,45951.12,4065.250,1628522999999,186716088.51456,49005,1872.107,85992601.37903,0
1628523000000,45951.11,46047.91,45808.32,45898.97,5582.957,1628523899999,256423938.71042,57615,2818.168,129466688.07195,0
1628523900000,45898.96,46034.16,45858.01,45872.11,3219.043,1628524799999,147886515.87523,39166,1532.768,70425248.15933,0
1628524800000,45871.79,46200.00,45680.80,45800.00,10426.659,1628525699999,478850698.92563,107350,5040.197,231577455.76155,0
1628525700000,45799.99,45963.33,45736.00,45752.58,4164.261,1628526599999,190933155.36776,48889,2027.018,92949116.66971,0
1628526600000,45752.58,45865.73,45714.00,45813.91,3033.738,1628527499999,138923031.59090,36068,1498.606,68632011.97867,0
1628527500000,45813.91,45920.00,45810.56,45897.99,2384.949,1628528399999,109420054.94930,31146,1245.025,57122875.22105,0
1628528400000,45897.99,46056.00,45783.00,45801.43,5422.887,1628529299999,248916582.77109,51852,2858.285,131230804.28560,0
1628529300000,45802.68,45907.62,45780.81,45880.07,1903.051,1628530199999,87236533.73621,26252,1039.195,47637651.15129,0
1628530200000,45879.97,45949.09,45782.76,45830.32,2360.033,1628531099999,108250496.89468,29392,1158.742,53154185.26114,0
1628531100000,45830.31,45910.00,45790.09,45839.99,2398.554,1628531999999,109968323.30351,29175,1068.751,48997226.32001,0
1628532000000,45840.00,46022.89,45826.35,45926.15,2730.833,1628532899999,125393563.08840,34791,1410.678,64784446.34659,0
1628532900000,45926.15,46100.00,45880.24,46005.43,4081.293,1628533799999,187709273.43428,43702,2210.560,101681957.53790,0
1628533800000,46005.43,46450.00,45960.00,46329.13,10362.714,1628534699999,479486301.82517,106867,5719.990,264692614.45435,0
1628534700000,46329.13,46483.00,46151.11,46213.71,7839.818,1628535599999,363138361.51762,81504,3523.961,163255154.05820,0
1628535600000,46213.72,46440.00,46130.00,46392.75,5631.436,1628536499999,260557194.98731,55177,3289.975,152245166.87591,0
1628536500000,46392.75,46437.42,46244.60,46334.41,3212.922,1628537399999,148854286.88468,36681,1445.118,66955662.83083,0
1628537400000,46336.47,46336.47,46153.15,46169.14,3306.391,1628538299999,152815642.03829,38554,1455.334,67260530.18281,0
1628538300000,46169.14,46238.00,45818.00,45986.77,7533.199,1628539199999,346429013.81207,73083,3379.166,155371121.19310,0
1628539200000,45986.76,46340.52,45986.21,46240.24,5099.543,1628540099999,235566966.83098,55332,2821.264,130325301.59363,0
1628540100000,46240.25,46432.99,46236.91,46298.08,4719.623,1628540999999,218814943.63915,48677,2423.270,112345610.45833,0
1628541000000,46298.08,46298.08,45454.30,45810.99,21131.539,1628541899999,967424228.76209,187006,9772.540,447287439.85191,0
1628541900000,45810.98,45856.22,45450.01,45484.57,8067.330,1628542799999,368244767.87611,83131,3675.572,167802037.61435,0
1628542800000,45484.57,45811.41,45088.00,45121.02,11396.775,1628543699999,518048835.76639,108595,5180.660,235672882.82069,0
1628543700000,45121.16,45355.57,44907.42,45213.83,15229.909,1628544599999,687843110.71380,148647,7618.669,344212940.70277,0
1628544600000,45213.84,46071.48,45213.84,45921.14,13115.069,1628545499999,599177455.60242,129662,6776.418,309564945.37198,0
1628545500000,45921.14,45937.19,45700.01,45743.51,4508.545,1628546399999,206484128.34544,47441,2198.087,100667332.35552,0
1628546400000,45743.52,46178.61,45701.00,45772.41,7223.218,1628547299999,331356589.00255,66532,3882.156,178137090.40610,0
1628547300000,45772.41,45949.98,45745.01,45783.33,2956.297,1628548199999,135538046.53136,31681,1541.824,70687920.37697,0
1628548200000,45784.06,46085.00,45783.72,46015.88,4541.755,1628549099999,208613408.34945,43259,2425.802,111418944.75897,0
1628549100000,46015.87,46344.66,45962.55,46258.30,7216.114,1628549999999,333360629.40079,68897,3928.211,181486772.74218,0
1628550000000,46258.30,46429.95,46128.93,46293.00,5045.294,1628550899999,233479325.20654,53584,2555.459,118291297.52300,0
1628550900000,46293.00,46438.79,46252.83,46307.89,3818.180,1628551799999,176903289.90607,40236,2022.387,93710100.09372,0
1628551800000,46307.89,46313.56,46052.18,46090.01,4079.014,1628552699999,188375967.17340,42651,1592.033,73530191.54093,0
1628552700000,46090.01,46404.72,46055.04,46259.70,3606.791,1628553599999,166836247.47403,38651,1998.886,92469550.80015,0
1628553600000,46259.70,46800.00,45901.00,46015.19,20981.353,1628554499999,973173553.62142,177130,11073.263,513865332.07266,0
1628554500000,46021.56,46283.81,45902.10,46197.40,6162.850,1628555399999,284068560.20096,57799,3319.209,153009456.10521,0
1628555400000,46196.92,46319.33,45766.66,45917.08,6533.825,1628556299999,300507467.74651,61555,2764.806,127182110.79280,0
1628556300000,45917.07,46077.00,45717.00,45981.10,4917.322,1628557199999,225677062.79404,50411,2742.847,125906335.22854,0
1628557200000,45981.09,46050.00,45726.00,45746.86,3628.359,1628558099999,166391246.72556,39585,1545.551,70877252.51961,0
1628558100000,45745.28,45909.56,45638.85,45888.86,4002.891,1628558999999,183345748.48624,41483,2001.484,91694379.06015,0
1628559000000,45887.58,45999.00,45869.11,45926.48,2563.538,1628559899999,117765089.40381,28767,1261.091,57937300.74200,0
1628559900000,45926.67,46125.63,45850.00,46020.23,3100.763,1628560799999,142661631.01770,34030,1831.446,84281182.72517,0
1628560800000,46023.06,46055.21,45822.12,45994.82,2839.304,1628561699999,130410851.37226,31724,1264.329,58084777.15578,0
1628561700000,45994.82,46072.70,45904.86,46037.56,1927.838,1628562599999,88646495.02020,24670,1042.637,47943755.70932,0
1628562600000,46037.56,46046.78,45905.00,46026.69,1561.018,1628563499999,71753678.21476,22072,701.318,32237603.81605,0
1628563500000,46026.69,46149.10,45980.00,46089.01,2568.340,1628564399999,118320644.67989,28775,1318.636,60756037.10662,0
1628564400000,46089.00,46125.00,45932.76,45946.06,2158.183,1628565299999,99345192.35299,27467,838.171,38589242.45341,0
1628565300000,45946.06,45984.19,45750.14,45778.68,3215.289,1628566199999,147386411.77652,38793,1494.738,68514258.41836,0
1628566200000,45778.68,45875.00,45635.03,45818.15,4362.790,1628567099999,199592968.68777,45972,2213.378,101288213.42505,0
1628567100000,45818.14,45818.15,45652.13,45728.38,2339.949,1628567999999,106991139.36651,27268,1104.970,50524004.65985,0
1628568000000,45728.39,45779.43,45558.81,45779.43,4634.337,1628568899999,211549777.63750,46888,2261.023,103236790.48745,0
1628568900000,45779.43,45858.79,45717.80,45751.93,1953.736,1628569799999,89454167.40103,26636,1006.781,46100552.51423,0
1628569800000,45753.25,45758.47,45540.00,45569.93,3201.296,1628570699999,146048003.63047,35985,1513.403,69033703.67707,0
1628570700000,45569.92,45651.17,45470.88,45476.47,3673.710,1628571599999,167370788.76021,37671,1562.554,71206470.80599,0
1628571600000,45476.47,45700.00,45426.87,45629.60,4018.450,1628572499999,183205884.97289,41733,2151.970,98119757.06644,0
1628572500000,45630.77,45764.85,45621.34,45704.99,2428.831,1628573399999,111021794.05460,27222,1283.794,58683816.36141,0
1628573400000,45704.99,45795.78,45622.32,45682.45,2606.576,1628574299999,119138209.36382,28778,1220.397,55786442.93245,0
1628574300000,45682.46,45725.29,45526.00,45578.07,2257.829,1628575199999,102952265.64931,28152,1103.586,50320312.41003,0
1628575200000,45578.07,45578.07,45401.00,45485.14,3877.685,1628576099999,176342519.65502,43042,1863.368,84742865.84112,0
1628576100000,45485.13,45589.00,45380.00,45435.62,3077.596,1628576999999,139984795.41610,33999,1401.789,63765247.06908,0
1628577000000,45436.86,45640.00,45412.03,45638.41,2969.515,1628577899999,135175755.38797,30812,1634.249,74401565.81368,0
1628577900000,45638.41,45736.18,45536.55,45576.84,3731.299,1628578799999,170330072.57736,39277,1769.918,80810632.82114,0
1628578800000,45573.86,45574.98,45318.00,45400.18,4835.545,1628579699999,219675784.66794,48919,2338.210,106225848.68112,0
1628579700000,45400.19,45490.00,45360.00,45460.39,2347.755,1628580599999,106651063.68042,27677,1101.240,50026209.48056,0
1628580600000,45460.40,45699.97,45380.00,45590.91,4342.548,1628581499999,197841263.57474,43705,2451.792,111692339.89087,0
1628581500000,45590.91,46071.96,45528.05,45972.43,8430.426,1628582399999,386447162.90168,76041,4822.680,221069237.52388,0
1628582400000,45972.43,45981.92,45770.00,45832.74,5474.347,1628583299999,251177848.12260,54101,2392.152,109774874.25262,0
1628583300000,45832.75,46105.74,45710.00,46017.42,7564.467,1628584199999,347601255.66190,66584,4148.309,190652750.11730,0
1628584200000,46017.42,46091.48,45900.00,46040.45,3196.926,1628585099999,147008097.58762,32755,1562.840,71878547.48961,0
1628585100000,46040.45,46201.00,45933.11,46151.28,5115.259,1628585999999,235711693.96852,51315,2902.563,133787143.76769,0
1628586000000,46151.29,46199.99,46020.00,46068.00,4304.071,1628586899999,198330674.05768,41188,1912.104,88120643.64803,0
1628586900000,46068.01,46104.24,45829.27,45885.86,5391.139,1628587799999,247517061.52572,50555,2407.150,110508880.89132,0
1628587800000,45885.86,45993.93,45815.55,45928.72,2855.951,1628588699999,131172514.93412,30851,1601.759,73577272.73891,0
1628588700000,45928.73,46100.00,45862.94,45985.50,2871.250,1628589599999,132096647.19731,32282,1407.560,64763348.98926,0
1628589600000,45985.50,46050.00,45839.84,45918.01,2767.503,1628590499999,127139358.10968,34176,1423.362,65392912.44500,0
1628590500000,45918.00,45926.77,45712.48,45775.50,3652.599,1628591399999,167288500.51294,38235,1713.662,78477001.44288,0
1628591400000,45775.48,45776.87,45350.00,45484.44,10462.148,1628592299999,476403247.30371,101378,4741.249,215874163.34938,0
1628592300000,45484.43,45541.00,45300.00,45375.91,7413.010,1628593199999,336638987.26412,73077,3335.498,151498758.65041,0
1628593200000,45375.92,45535.79,45250.00,45510.15,6853.364,1628594099999,311129658.49888,69429,3737.852,169761627.57571,0
1628594100000,45510.15,45620.00,45466.66,45606.18,4748.869,1628594999999,216298332.66970,52738,2486.550,113269356.92193,0
1628595000000,45606.18,45609.82,45300.92,45318.41,4957.661,1628595899999,225174644.31449,50380,1880.964,85433052.45269,0
1628595900000,45318.40,45483.75,45201.00,45360.61,5159.382,1628596799999,233966580.27726,58262,2282.377,103521440.70556,0
1628596800000,45360.61,45546.37,45203.00,45513.51,6144.648,1628597699999,278787294.27063,65621,3210.689,145688931.73876,0
1628597700000,45514.38,45832.05,45462.91,45807.47,7644.240,1628598599999,349095384.44474,77426,4259.713,194554345.47042,0
1628598600000,45806.33,45899.96,45656.31,45762.00,5474.551,1628599499999,250450918.80947,53546,2633.137,120484502.71666,0
1628599500000,45762.00,45976.69,45723.88,45928.70,5379.488,1628600399999,246629844.76121,50891,2729.560,125169247.06301,0
1628600400000,45928.93,46036.65,45783.98,45910.47,5742.453,1628601299999,263582726.75702,62459,2763.487,126874141.34676,0
1628601300000,45910.46,45984.00,45817.14,45912.28,3701.291,1628602199999,169881075.75961,42426,1750.510,80352222.40462,0
1628602200000,45910.01,46138.21,45450.00,45522.05,14915.047,1628603099999,683286398.87997,126606,7080.369,324493570.50356,0
1628603100000,45522.05,45644.84,45350.00,45545.13,11520.304,1628603999999,523927315.13079,105610,5962.670,271217476.54312,0
1628604000000,45544.57,45671.10,45350.00,45670.85,6207.741,1628604899999,282279223.41085,62162,3202.365,145664757.88178,0
1628604900000,45670.84,45678.67,45462.37,45490.44,3127.247,1628605799999,142397539.90551,37684,1347.560,61363162.57484,0
1628605800000,45490.44,45573.77,45251.00,45300.01,5530.346,1628606699999,251031600.89539,54401,2212.623,100462659.17740,0
1628606700000,45300.00,45419.99,45201.10,45366.00,6989.871,1628607599999,316791960.57829,65142,3803.876,172427843.13881,0
1628607600000,45366.00,45511.82,45225.46,45405.95,5943.590,1628608499999,269704509.54230,55346,3135.750,142324105.98685,0
1628608500000,45405.52,45440.79,45062.79,45095.09,6797.919,1628609399999,307427122.48900,68529,2575.449,116500396.91960,0
1628609400000,45095.09,45294.00,44850.00,45286.44,14359.299,1628610299999,647220808.91054,131597,7002.713,315759788.18653,0
1628610300000,45286.43,45452.73,45100.00,45178.06,7441.777,1628611199999,336937023.03470,72048,3711.394,168107218.29750,0
1628611200000,45178.07,45293.75,45055.75,45076.85,5939.837,1628612099999,268279609.88847,60758,2894.211,130741108.50985,0
1628612100000,45076.85,45195.83,44815.00,44848.10,9318.096,1628612999999,419219323.12422,88271,4300.358,193532035.39660,0
1628613000000,44848.10,44927.40,44670.05,44862.59,11644.677,1628613899999,521563682.52405,111477,5784.424,259126774.59567,0
1628613900000,44862.59,44945.00,44700.18,44822.92,4809.154,1628614799999,215689501.95515,51150,2229.461,99996283.20707,0
1628614800000,44824.30,45050.00,44820.01,45018.08,4581.210,1628615699999,205936424.87997,48476,2495.335,112180902.78016,0
1628615700000,45018.09,45171.32,44950.41,45076.47,4401.585,1628616599999,198301274.08650,46068,2069.794,93271919.86632,0
1628616600000,45076.46,45090.00,44870.00,44993.23,2854.880,1628617499999,128431444.40524,33467,1319.351,59356098.64520,0
1628617500000,44993.24,45150.00,44912.39,45123.57,2432.385,1628618399999,109535542.69438,28133,1302.851,58671376.42817,0
1628618400000,45123.57,45260.00,45035.86,45046.21,3952.481,1628619299999,178478331.78062,41073,2007.432,90674324.19120,0
1628619300000,45046.22,45204.33,45045.79,45094.63,1845.123,1628620199999,83244208.35700,22349,991.554,44734293.74448,0
1628620200000,45094.63,45358.75,45090.00,45330.39,2991.909,1628621099999,135303809.94153,32037,1750.124,79162442.04466,0
1628621100000,45324.18,45400.00,45217.97,45319.98,3602.652,1628621999999,163236160.66628,37447,1844.015,83561541.93926,0
1628622000000,45319.99,45449.00,45261.82,45398.43,2673.599,1628622899999,121337156.29688,30987,1352.743,61395953.50509,0
1628622900000,45398.43,45600.00,45364.80,45414.31,4516.947,1628623799999,205384077.37349,46352,2273.677,103404970.21762,0
1628623800000,45414.32,45578.21,45411.36,45512.01,2694.934,1628624699999,122614758.36080,30039,1410.999,64197593.56044,0
1628624700000,45509.45,45516.87,45418.70,45516.81,2160.898,1628625599999,98271324.79727,22571,973.050,44256134.03160,0
1628625600000,45516.80,45680.00,45386.33,45475.56,5721.506,1628626499999,260552119.29847,58634,2849.510,129791052.29456,0
1628626500000,45475.55,45649.04,45462.12,45478.87,3554.178,1628627399999,161911156.68998,39122,1675.311,76328470.27439,0
1628627400000,45478.86,45635.39,45473.63,45531.09,3337.679,1628628299999,152031533.13478,35730,1749.847,79710571.78828,0
1628628300000,45533.36,45812.68,45531.09,45638.38,4568.150,1628629199999,208688956.35643,47342,2386.362,109033921.12938,0
1628629200000,45641.02,45771.61,45610.00,45698.28,2325.165,1628630099999,106235586.08633,30513,1096.202,50083862.64781,0
1628630100000,45694.12,45960.00,45454.00,45727.05,7894.269,1628630999999,360979659.13548,77992,3890.011,177915442.70920,0
1628631000000,45727.04,45855.00,45575.35,45780.00,4425.405,1628631899999,202385726.01331,46313,2064.891,94435139.70427,0
1628631900000,45779.99,45825.00,45661.96,45690.80,2066.069,1628632799999,94476088.92674,24036,931.321,42590997.31756,0
1628632800000,45690.81,45896.99,45690.81,45828.48,2368.688,1628633699999,108522083.65429,27716,1128.559,51707242.43749,0
1628633700000,45828.48,45828.48,45564.73,45564.73,2517.534,1628634599999,115070514.11712,27933,1000.413,45740075.92748,0
1628634600000,45565.22,45670.85,45430.00,45594.55,5264.630,1628635499999,239746516.66111,52964,2633.476,119945534.81131,0
1628635500000,45592.42,45685.00,45418.00,45463.35,3543.562,1628636399999,161435782.16011,36495,1601.958,72980426.63026,0
1628636400000,45463.35,45544.05,45325.00,45359.00,2817.085,1628637299999,127983325.64792,30623,1181.396,53689944.71712,0
1628637300000,45359.01,45444.00,45250.00,45256.29,2700.119,1628638199999,122472205.18698,28641,1156.768,52481985.32957,0
1628638200000,45256.29,45581.00,45250.28,45550.01,3767.145,1628639099999,171231740.71174,36110,2097.159,95322436.40499,0
1628639100000,45550.01,45636.79,45467.75,45589.99,2228.806,1628639999999,101533117.36061,25386,1133.774,51651935.27816,0
1628640000000,45589.99,45696.00,45455.53,45696.00,3733.888,1628640899999,170170498.86487,38965,1963.171,89501890.94640,0
1628640900000,45695.99,45808.71,45384.01,45561.72,6291.246,1628641799999,286872360.31377,56428,3252.495,148336737.83214,0
1628641800000,45561.71,45813.33,45561.71,45736.61,4942.207,1628642699999,225931518.85649,42122,2432.069,111185668.01438,0
1628642700000,45736.62,45820.00,45642.00,45740.80,2688.585,1628643599999,122983084.42803,28351,1225.568,56063633.35435,0
1628643600000,45740.80,45792.09,45581.11,45591.72,1829.011,1628644499999,83507431.04381,24602,878.998,40134959.29187,0
1628644500000,45591.72,45936.45,45583.47,45847.18,3294.077,1628645399999,150824477.64129,34546,1978.103,90586179.95375,0
1628645400000,45847.18,45938.99,45686.21,45732.37,3265.146,1628646299999,149562512.43668,33757,1347.218,61714402.79952,0
1628646300000,45732.37,45787.62,45655.00,45777.56,1740.592,1628647199999,79592008.03165,21527,874.720,40000578.83738,0
1628647200000,45777.55,46000.00,45770.88,45832.40,4340.545,1628648099999,199269762.64205,42943,2223.658,102099325.19666,0
1628648100000,45832.40,45892.79,45679.67,45723.94,2491.198,1628648999999,114031886.87822,28387,1105.074,50596324.16172,0
1628649000000,45723.93,45736.25,45375.00,45430.21,6020.963,1628649899999,274056210.53375,52049,2837.683,129163782.86609,0
1628649900000,45428.71,45486.82,45354.00,45450.83,2703.068,1628650799999,122800171.27688,28779,1396.656,63450883.21918,0
1628650800000,45454.55,45467.02,45386.50,45454.84,1679.747,1628651699999,76306220.03789,19325,860.920,39109280.25633,0
1628651700000,45454.85,45622.77,45453.95,45521.11,2575.874,1628652599999,117332379.15805,26140,1494.940,68093568.25704,0
1628652600000,45521.10,45614.99,45476.60,45527.93,1450.800,1628653499999,66084952.39201,18516,686.059,31256095.92850,0
1628653500000,45529.01,45661.99,45529.01,45588.41,1512.802,1628654399999,68992053.11205,18570,816.856,37251340.87323,0
1628654400000,45588.40,45722.57,45530.00,45675.04,1697.180,1628655299999,77448084.89236,22552,851.149,38847692.61682,0
1628655300000,45675.05,45720.00,45619.11,45677.62,1358.879,1628656199999,62064744.79543,17623,702.980,32108191.09134,0
1628656200000,45677.62,45704.40,45450.00,45612.64,2593.369,1628657099999,118162793.18066,27909,1082.065,49303881.85131,0
1628657100000,45612.64,45800.00,45611.40,45627.71,3136.162,1628657999999,143363824.29079,28334,1572.612,71898637.72664,0
1628658000000,45627.72,45777.06,45610.00,45613.99,2165.868,1628658899999,98947703.46504,23856,983.124,44919025.22558,0
1628658900000,45613.99,45740.76,45540.00,45681.74,2142.063,1628659799999,97759288.40622,24365,997.684,45537462.44364,0
1628659800000,45681.74,45869.94,45681.73,45800.00,3027.158,1628660699999,138623060.90535,31807,1623.736,74359091.96974,0
1628660700000,45799.99,45894.53,45759.63,45801.45,2961.113,1628661599999,135688656.89048,32159,1384.021,63424303.92557,0
1628661600000,45801.46,45941.75,45800.01,45875.00,3319.365,1628662499999,152287988.59785,36379,1707.646,78349988.43859,0
1628662500000,45875.00,46100.00,45805.37,45983.96,6432.321,1628663399999,295805915.24682,59531,3472.669,159718512.57080,0
1628663400000,45983.96,46270.00,45830.52,45955.99,10586.959,1628664299999,487687241.71931,94548,5529.905,254788045.92212,0
1628664300000,45956.00,46150.00,45865.00,46087.86,6071.317,1628665199999,279382740.08310,56712,2986.081,137414206.51586,0
1628665200000,46087.87,46450.00,46087.87,46395.86,10821.147,1628666099999,501335115.07986,97559,5845.661,270824676.74502,0
1628666100000,46395.87,46450.00,46215.00,46316.43,5728.210,1628666999999,265271550.15584,54181,2777.623,128626639.28308,0
1628667000000,46316.42,46350.00,46257.17,46305.57,2729.813,1628667899999,126399708.81452,30712,1194.934,55332488.72688,0
1628667900000,46305.57,46428.00,46178.02,46367.38,4690.139,1628668799999,217203550.15576,49896,2172.733,100642863.44674,0
1628668800000,46367.37,46643.13,46200.00,46249.98,10474.694,1628669699999,486386943.98477,98668,5822.701,270451163.77368,0
1628669700000,46249.99,46300.00,46002.01,46218.57,6905.176,1628670599999,318620817.06625,63905,3390.244,156466569.50743,0
1628670600000,46218.57,46255.00,46080.45,46193.98,2853.593,1628671499999,131757137.17766,32683,1368.808,63212059.26437,0
1628671500000,46193.98,46340.00,46137.00,46217.01,3239.306,1628672399999,149784226.33655,34277,1752.539,81053952.76591,0
1628672400000,46217.01,46310.00,46090.01,46100.67,2182.461,1628673299999,100804860.60691,30509,1043.597,48207106.14626,0
1628673300000,46100.67,46278.22,46046.54,46251.27,2869.729,1628674199999,132463722.71601,32828,1497.154,69115872.82455,0
1628674200000,46251.27,46329.69,46198.05,46269.01,2616.203,1628675099999,121070486.65475,28213,1242.085,57485959.39364,0
1628675100000,46269.00,46280.00,46100.00,46129.99,2273.476,1628675999999,104964097.11400,27913,906.883,41868118.17592,0
1628676000000,46129.99,46249.83,46119.92,46211.83,1713.057,1628676899999,79114257.77306,24705,964.855,44560840.36157,0
1628676900000,46211.82,46424.00,45910.00,46043.13,7739.610,1628677799999,357226387.33372,70496,3609.425,166655387.23613,0
1628677800000,46043.13,46159.99,45922.20,46094.36,4272.023,1628678699999,196793752.22862,43974,2090.884,96326264.35745,0
1628678700000,46094.36,46145.00,46010.08,46064.12,1912.156,1628679599999,88149793.10259,23697,822.367,37914035.63518,0
1628679600000,46064.13,46269.03,45980.00,46163.89,3734.156,1628680499999,172368275.77237,38131,1863.191,86018003.55801,0
1628680500000,46163.90,46249.88,46073.76,46159.86,2388.968,1628681399999,110270795.43061,25295,1065.587,49197365.70078,0
1628681400000,46159.85,46159.85,45955.00,46067.88,3413.522,1628682299999,157134805.67049,37240,1544.935,71116389.93807,0
1628682300000,46067.87,46090.00,45845.22,45946.21,4617.749,1628683199999,212162141.78321,45635,2077.365,95459723.67871,0
1628683200000,45946.20,45999.46,45825.00,45953.63,4073.409,1628684099999,187039256.62959,44083,1987.420,91267577.87158,0
1628684100000,45953.63,45993.99,45851.33,45916.13,2612.770,1628684999999,119978536.77315,28153,1330.715,61108739.08338,0
1628685000000,45916.12,46150.00,45916.12,46025.26,4600.263,1628685899999,211818382.92765,50969,2561.846,117957228.37220,0
1628685900000,46025.26,46029.74,45920.00,45985.10,2434.193,1628686799999,111940512.85885,28289,1177.908,54169425.05550,0
1628686800000,45985.09,46130.00,45912.00,46089.15,3030.003,1628687699999,139546311.19059,35930,1625.372,74859785.26006,0
1628687700000,46089.14,46399.90,46085.81,46360.00,9241.372,1628688599999,427561248.45752,80849,5056.505,233935623.18585,0
1628688600000,46359.99,46376.86,46256.00,46299.00,3221.642,1628689499999,149181025.45968,37677,1407.357,65170993.47347,0
1628689500000,46299.00,46540.71,46244.00,46283.03,8070.729,1628690399999,374260925.22340,72956,4233.686,196358038.60781,0
1628690400000,46287.02,46400.00,46180.00,46319.65,4373.604,1628691299999,202415218.26510,44340,2380.472,110187794.11019,0
1628691300000,46319.66,46427.99,46318.43,46376.06,2664.481,1628692199999,123554611.14642,31066,1455.021,67473155.67823,0
1628692200000,46376.05,46642.00,46323.60,46540.05,8324.445,1628693099999,387172914.03109,69489,4663.558,216911351.73531,0
1628693100000,46540.05,46682.87,46449.38,46480.80,7214.001,1628693999999,335868924.32266,67577,3512.460,163555916.34941,0
1628694000000,46480.81,46749.00,46311.14,46668.95,7875.267,1628694899999,366627847.77468,75704,4116.866,191709273.56124,0
1628694900000,46668.94,46723.72,46591.35,46669.00,4161.290,1628695799999,194151071.09803,47271,2051.333,95713928.67095,0
1628695800000,46669.00,46754.27,46467.11,46613.96,6814.742,1628696699999,317504800.14955,61391,3213.800,149757434.88740,0
1628696700000,46612.72,46628.01,46350.00,46448.00,5422.302,1628697599999,251961813.38963,51694,2527.193,117428832.96032,0
1628697600000,46448.00,46499.79,46244.00,46407.75,6049.632,1628698499999,280459159.50988,58107,2958.862,137193511.94646,0
1628698500000,46407.75,46575.00,46314.21,46380.00,4540.340,1628699399999,210953810.09596,44379,2227.129,103494715.65157,0
1628699400000,46380.01,46426.29,46311.00,46343.03,2580.195,1628700299999,119630430.50650,26595,1262.845,58556963.99389,0
1628700300000,46343.03,46417.00,46211.00,46342.77,3664.512,1628701199999,169684326.05342,35485,1753.152,81196389.12735,0
1628701200000,46342.76,46399.15,46263.09,46390.16,2412.267,1628702099999,111805172.61665,26209,1395.430,64677146.23251,0
1628702100000,46390.16,46400.00,46305.00,46356.11,1285.802,1628702999999,59600063.33144,19822,613.994,28461532.87263,0
1628703000000,46356.11,46520.00,46354.57,46432.98,2890.005,1628703899999,134264720.05788,31322,1579.677,73383595.39257,0
1628703900000,46432.98,46600.00,46401.13,46515.33,2964.100,1628704799999,137872724.56301,30879,1527.863,71064094.47923,0
1628704800000,46518.57,46525.82,46344.00,46366.35,2715.523,1628705699999,126086489.15098,30054,1118.667,51946765.93808,0
1628705700000,46366.36,46366.36,46277.00,46327.76,2530.774,1628706599999,117198902.10427,29534,1266.910,58670627.36766,0
1628706600000,46327.76,46417.87,46280.00,46349.61,2032.393,1628707499999,94160762.34499,23076,1089.257,50472158.18618,0
1628707500000,46349.61,46437.31,46261.47,46301.55,2119.924,1628708399999,98232353.64066,24581,967.048,44818678.80965,0
1628708400000,46301.55,46368.00,46210.16,46297.27,2376.147,1628709299999,109983505.25285,26350,1075.013,49767569.23724,0
1628709300000,46297.27,46346.47,46204.00,46332.98,2735.117,1628710199999,126562025.87032,26135,1171.686,54223026.49375,0
1628710200000,46332.97,46380.00,46260.00,46359.77,1559.184,1628711099999,72244247.00790,19592,869.399,40284299.10516,0
1628711100000,46359.77,46490.92,46305.00,46448.42,2701.160,1628711999999,125378857.92684,26970,1522.411,70673206.31714,0
1628712000000,46448.43,46669.00,46412.07,46598.83,5037.957,1628712899999,234633344.22357,46819,2820.947,131381195.50353,0
1628712900000,46601.02,46690.00,46556.00,46562.93,3143.116,1628713799999,146505246.87558,28305,1638.533,76383068.18994,0
1628713800000,46562.94,46588.00,46450.00,46495.90,2697.400,1628714699999,125481571.91592,27453,1244.679,57898565.85178,0
1628714700000,46495.90,46495.90,46310.00,46323.10,3025.207,1628715599999,140307245.80714,33247,1236.339,57331641.37578,0
1628715600000,46323.10,46324.15,45957.58,46098.99,10852.879,1628716499999,500673450.60156,97800,4795.837,221233202.80028,0
1628716500000,46098.99,46178.61,45900.00,46142.99,6097.993,1628717399999,280568012.03842,66554,3317.789,152688023.05858,0
1628717400000,46142.98,46375.00,46052.38,46275.64,4688.466,1628718299999,216850445.66267,53404,2423.913,112100519.37212,0
1628718300000,46275.63,46389.29,46222.22,46336.66,2577.943,1628719199999,119433062.48586,29699,1351.189,62603613.93919,0
1628719200000,46336.66,46344.96,46081.25,46093.86,3661.976,1628720099999,169125588.29365,40297,1669.990,77131771.13599,0
1628720100000,46093.87,46120.40,45520.06,45740.34,11280.985,1628720999999,516445622.92066,101657,4796.882,219642153.64194,0
1628721000000,45740.35,45855.00,45611.08,45729.00,5312.092,1628721899999,243174825.54045,52998,2742.031,125539553.14311,0
1628721900000,45729.00,45799.00,45601.90,45765.03,4296.841,1628722799999,196353195.67227,43400,2052.428,93803893.62820,0
1628722800000,45765.03,45928.07,45687.80,45694.81,4509.584,1628723699999,206681444.62151,46119,2306.445,105734412.57264,0
1628723700000,45693.78,45832.01,45571.82,45647.12,4794.213,1628724599999,219057176.35939,45810,2244.203,102567094.17814,0
1628724600000,45647.12,45737.60,45572.40,45650.54,2806.880,1628725499999,128175814.35194,31914,1434.810,65525599.81042,0
1628725500000,45659.20,45699.87,45522.00,45522.12,3358.760,1628726399999,153182898.19009,34980,1554.674,70917706.65586,0
1628726400000,45522.13,45845.21,45363.45,45824.28,9050.765,1628727299999,412682125.88930,78761,4706.378,214676723.09404,0
1628727300000,45826.04,45880.00,45710.00,45721.08,3362.304,1628728199999,153919728.28564,34722,1564.748,71648886.86815,0
1628728200000,45721.09,45725.00,45521.00,45719.01,3289.202,1628729099999,150014718.43349,35723,1818.294,82925196.94066,0
1628729100000,45719.00,45780.00,45610.21,45754.64,2229.523,1628729999999,101912583.87277,26983,1130.833,51691955.38454,0
1628730000000,45754.63,45828.44,45633.35,45818.70,2022.152,1628730899999,92479479.73262,25695,1158.858,53008224.01315,0
1628730900000,45818.69,45944.93,45744.43,45869.37,3614.257,1628731799999,165767464.07020,35123,1829.588,83921129.90385,0
1628731800000,45869.37,46174.00,45860.17,45905.06,5820.358,1628732699999,267833786.06120,51245,3167.049,145731443.86531,0
1628732700000,45905.05,46049.53,45876.03,45987.01,2395.711,1628733599999,110105430.21033,27275,1229.400,56504557.41076,0
1628733600000,45987.00,46095.50,45911.82,46002.99,2209.991,1628734499999,101664461.47008,26610,1079.217,49653235.79669,0
1628734500000,46002.99,46098.68,45950.00,46076.20,1885.619,1628735399999,86803228.75330,23804,968.221,44580633.98303,0
1628735400000,46076.19,46196.72,46040.00,46136.68,2645.852,1628736299999,122050622.01131,31719,1372.559,63319940.97934,0
1628736300000,46136.68,46221.10,46077.21,46213.21,1904.821,1628737199999,87930737.51785,26427,1009.124,46591626.53485,0
1628737200000,46213.38,46220.82,46085.16,46154.84,1898.962,1628738099999,87623334.70569,25506,862.542,39800663.05841,0
1628738100000,46154.84,46185.45,46015.80,46164.55,2145.299,1628738999999,98937857.18077,25568,1131.274,52178555.55988,0
1628739000000,46164.55,46226.67,46083.86,46161.13,1801.413,1628739899999,83134528.56981,22612,965.094,44545650.68763,0
1628739900000,46161.13,46194.40,45910.00,45938.54,3809.136,1628740799999,175278176.58889,37140,1551.396,71391407.40475,0
1628740800000,45938.54,46023.00,45866.53,45889.27,2281.811,1628741699999,104877083.73069,29941,1038.795,47753849.73344,0
1628741700000,45889.59,45952.83,45650.00,45664.31,5384.136,1628742599999,246544524.85209,53038,2606.738,119388531.96550,0
1628742600000,45664.32,45778.38,45650.09,45739.69,3233.628,1628743499999,147869414.27828,31581,1973.760,90259723.26326,0
1628743500000,45739.69,45741.12,45537.00,45593.30,3952.035,1628744399999,180289525.08199,38397,1756.808,80153431.16149,0
1628744400000,45593.31,45637.24,45220.00,45378.14,7931.102,1628745299999,360363246.23906,69070,3164.140,143822584.64534,0
1628745300000,45380.53,45485.00,45001.03,45192.04,10837.890,1628746199999,490255095.38550,104049,5215.466,235967990.90726,0
1628746200000,45192.05,45218.69,44820.00,45161.96,15954.125,1628747099999,718242755.50911,133622,7799.047,351196781.06826,0
1628747100000,45161.96,45287.00,44970.00,45148.89,7349.961,1628747999999,331801528.23950,71065,3765.620,170007078.75151,0
1628748000000,45148.98,45225.01,44935.74,44988.94,5480.626,1628748899999,246999677.93876,61472,2534.558,114231895.14671,0
1628748900000,44988.94,45150.86,44917.00,45099.87,4540.880,1628749799999,204514187.80917,46429,2514.909,113269825.12726,0
1628749800000,45099.88,45218.00,44870.00,45213.90,7238.137,1628750699999,325842442.07222,66689,3779.868,170217397.32931,0
1628750700000,45213.89,45233.00,45005.68,45219.99,5209.006,1628751599999,235102841.77093,50562,2228.569,100589197.23838,0
1628751600000,45220.00,45390.00,45114.57,45300.00,6176.145,1628752499999,279623389.19702,59768,3308.941,149833406.75872,0
1628752500000,45300.00,45307.11,45165.00,45174.31,2800.836,1628753399999,126648308.24301,34561,1185.197,53594214.97620,0
1628753400000,45174.30,45286.84,45033.30,45209.49,4723.528,1628754299999,213255489.59204,48965,2346.755,105962866.49119,0
1628754300000,45209.49,45311.76,45206.00,45230.00,2185.911,1628755199999,98954162.88212,29437,1098.357,49726074.93509,0
1628755200000,45230.00,45320.00,45108.38,45313.77,4957.711,1628756099999,224161869.51531,48301,2597.141,117439714.48970,0
1628756100000,45312.76,45385.49,45201.73,45324.58,3445.153,1628756999999,156040215.35766,36633,2001.881,90670596.77438,0
1628757000000,45324.58,45399.00,45173.00,45223.86,3536.539,1628757899999,160216006.58738,39168,1681.747,76204021.99981,0
1628757900000,45223.87,45329.42,45189.00,45232.00,2351.163,1628758799999,106406351.41550,29342,1159.136,52463204.48270,0
1628758800000,45232.01,45234.69,44850.00,44954.54,8034.828,1628759699999,361947579.47254,77423,3529.722,159032277.11362,0
1628759700000,44954.97,45449.00,44912.01,45449.00,11444.038,1628760599999,518020200.56720,100137,6685.051,302556440.73482,0
1628760600000,45449.00,45590.00,45333.00,45383.91,8505.094,1628761499999,386794979.48520,81628,4385.421,199454566.62635,0
1628761500000,45383.90,45399.99,45236.87,45352.00,3756.510,1628762399999,170206026.85680,41564,1925.505,87248967.04133,0
1628762400000,45352.00,45560.00,45352.00,45559.43,3239.901,1628763299999,147224180.21784,34884,1827.647,83060853.57728,0
1628763300000,45559.99,45680.00,45406.31,45461.93,6409.369,1628764199999,291949548.52584,59420,3175.940,144699893.13924,0
1628764200000,45461.93,45461.93,45322.55,45407.49,2438.996,1628765099999,110696373.23427,29190,1050.994,47702462.16368,0
1628765100000,45407.50,45487.61,45350.00,45360.58,2196.288,1628765999999,99771102.75391,25435,1092.919,49656770.66687,0
1628766000000,45360.57,45451.11,45296.86,45312.81,2910.198,1628766899999,132058855.57431,30366,1347.351,61158347.55091,0
1628766900000,45312.80,45330.89,45071.04,45269.77,7762.743,1628767799999,350851402.75166,68608,3611.549,163237954.38130,0
1628767800000,45269.99,45270.00,44784.10,44920.00,10122.887,1628768699999,455505243.21994,94473,4325.513,194682405.36232,0
1628768700000,44920.01,45028.74,44610.01,44764.31,12228.050,1628769599999,548194434.50302,118010,5742.127,257514285.56585,0
1628769600000,44764.32,44972.44,44670.25,44828.01,7981.353,1628770499999,357686749.26886,83011,4222.947,189260613.00514,0
1628770500000,44828.01,44880.00,44311.00,44478.01,16158.539,1628771399999,720140066.61671,142245,7174.625,319809107.50518,0
1628771400000,44478.00,44560.00,44300.00,44478.59,9310.881,1628772299999,413879622.72896,94807,4623.555,205574686.48568,0
1628772300000,44478.58,44706.82,44471.82,44624.86,6631.406,1628773199999,295799835.45926,66078,3659.418,163232257.46400,0
1628773200000,44624.86,44707.15,44524.44,44573.29,4719.196,1628774099999,210494404.35902,48783,2314.875,103270633.76041,0
1628774100000,44572.63,44748.00,44541.93,44715.04,3777.804,1628774999999,168755493.62749,43500,1971.660,88072855.95988,0
1628775000000,44715.04,44722.44,44540.00,44697.49,3741.700,1628775899999,166943544.21548,40207,1675.931,74782012.49906,0
1628775900000,44696.60,44697.00,44458.54,44473.70,4102.507,1628776799999,182688223.93695,42370,1651.033,73531895.35263,0
1628776800000,44473.71,44545.57,44269.00,44397.16,7315.010,1628777699999,324730902.65084,78628,3319.195,147373226.15110,0
1628777700000,44398.27,44519.23,44120.00,44192.78,9651.798,1628778599999,427492388.97623,97048,4255.173,188526136.31733,0
1628778600000,44192.79,44440.00,44077.69,44184.28,10254.761,1628779499999,453937205.97971,95609,4831.141,213913016.03555,0
1628779500000,44177.30,44320.19,43925.00,44141.42,13800.920,1628780399999,608689563.74152,120949,6692.207,295264189.62574,0
1628780400000,44141.43,44350.00,44079.70,44216.45,7633.701,1628781299999,337742341.82257,77949,4174.002,184687600.16773,0
1628781300000,44219.62,44339.00,44150.52,44210.80,3540.336,1628782199999,156637795.75307,45511,1891.353,83682324.40327,0
1628782200000,44210.81,44347.99,44177.01,44285.10,3246.182,1628783099999,143787148.52017,39625,1620.628,71787720.01348,0
1628783100000,44283.37,44347.74,44155.00,44203.37,3721.266,1628783999999,164635312.70842,41200,1851.974,81934817.62201,0
1628784000000,44203.37,44368.09,44005.00,44138.01,9447.059,1628784899999,417627774.02168,82878,4512.340,199515075.99868,0
1628784900000,44138.00,44199.97,43910.00,43927.62,7695.596,1628785799999,338872136.27582,83997,3592.572,158222366.63846,0
1628785800000,43927.63,44079.59,43800.00,44029.59,9995.861,1628786699999,439117379.77684,93863,4870.027,214019766.68190,0
1628786700000,44027.87,44200.00,43960.94,44036.52,5526.855,1628787599999,243681823.62934,57933,2688.493,118548661.26309,0
1628787600000,44036.51,44190.00,43910.06,44118.94,4023.919,1628788499999,177431106.50899,45351,2036.799,89829620.70825,0
1628788500000,44118.94,44261.14,44072.89,44174.59,2929.861,1628789399999,129354556.28664,35935,1713.680,75669870.74940,0
1628789400000,44174.59,44289.90,44159.69,44207.46,4023.283,1628790299999,177915524.67307,41177,2196.032,97117737.99473,0
1628790300000,44207.46,44234.57,44060.00,44133.70,2087.671,1628791199999,92145503.71082,27852,913.118,40303800.82184,0
1628791200000,44133.71,44320.93,44120.37,44305.25,3229.930,1628792099999,142906230.35752,38815,1733.312,76696920.67861,0
1628792100000,44305.25,44350.00,44237.88,44278.89,2528.594,1628792999999,112003849.14979,32328,1278.605,56642444.21534,0
1628793000000,44278.90,44349.62,44211.15,44279.24,2153.502,1628793899999,95353180.16852,25520,1101.488,48776537.29555,0
1628793900000,44279.23,44516.96,44267.19,44417.31,4617.393,1628794799999,205128435.39176,44738,2691.860,119587821.02345,0
1628794800000,44417.31,44449.65,44323.97,44370.16,2176.848,1628795699999,96593291.84734,27038,968.375,42973756.81516,0
1628795700000,44370.16,44395.09,44256.26,44388.90,2142.316,1628796599999,94975150.98428,23747,900.370,39926592.97881,0
1628796600000,44388.91,44482.33,44333.00,44419.75,2397.993,1628797499999,106475428.53380,24076,1286.552,57128998.18690,0
1628797500000,44419.75,44437.74,44348.78,44370.26,1335.903,1628798399999,59301072.16253,17667,617.170,27395645.54798,0
1628798400000,44370.27,44549.00,44351.69,44533.25,2596.482,1628799299999,115435594.54214,28082,1564.402,69555527.77813,0
1628799300000,44533.24,44541.33,44409.05,44414.26,1427.357,1628800199999,63459530.36500,19749,650.832,28935790.69350,0
1628800200000,44414.26,44490.24,44414.26,44454.84,1090.807,1628801099999,48496920.41367,16286,539.558,23989507.98269,0
1628801100000,44454.84,44524.71,44093.10,44480.12,6264.162,1628801999999,277541270.44220,53859,2725.445,120764969.85311,0
1628802000000,44480.13,44544.52,44200.00,44311.54,4540.259,1628802899999,201439795.91187,43628,2048.278,90873446.05447,0
1628802900000,44311.53,44461.97,44250.19,44298.07,2040.727,1628803799999,90530634.58386,26904,1057.219,46905484.66353,0
1628803800000,44298.07,44305.19,44200.40,44213.49,1341.852,1628804699999,59401190.55017,18379,632.625,28009537.17440,0
1628804700000,44213.49,44275.46,44150.00,44249.87,2182.638,1628805599999,96502242.66631,22438,990.288,43789823.71145,0
1628805600000,44251.00,44300.00,44119.56,44176.62,2105.118,1628806499999,93040385.11085,25030,1027.919,45435742.24671,0
1628806500000,44176.62,44219.97,43974.69,44009.34,3178.187,1628807399999,140079249.61665,31902,1465.198,64580431.15518,0
1628807400000,44009.34,44127.89,43955.53,44088.05,3128.296,1628808299999,137737865.93245,29378,1593.510,70181584.69991,0
1628808300000,44088.06,44092.00,43875.00,43970.00,3272.124,1628809199999,143762025.10058,33646,1397.415,61397807.41348,0
1628809200000,43970.00,44405.53,43957.54,44334.03,5269.513,1628810099999,232890901.24486,49228,3092.433,136676635.38659,0
1628810100000,44334.02,44479.00,44166.60,44479.00,4055.741,1628810999999,179748064.95919,38747,2235.648,99101336.16298,0
1628811000000,44478.99,44529.80,44361.93,44377.23,3494.464,1628811899999,155326708.48828,35884,1607.633,71463083.48819,0
1628811900000,44377.23,44459.87,44361.94,44385.09,1683.795,1628812799999,74767341.37818,20011,863.779,38357565.88938,0
1628812800000,44385.09,44669.97,44385.09,44489.40,6578.739,1628813699999,293130815.18243,57734,3317.374,147818904.97506,0
1628813700000,44489.41,44589.45,44208.88,44439.26,6465.493,1628814599999,286976960.28042,54799,3248.952,144208817.99853,0
1628814600000,44439.27,44650.00,44285.61,44603.73,5162.843,1628815499999,229717982.03021,43816,2825.506,125752217.44494,0
1628815500000,44603.74,44632.47,44479.13,44493.00,2305.020,1628816399999,102652732.45553,25812,997.788,44438484.45217,0
1628816400000,44493.00,44621.05,44444.15,44528.77,2558.189,1628817299999,113885515.17261,27503,1313.168,58467315.07272,0
1628817300000,44528.97,44800.00,44528.97,44730.87,6395.244,1628818199999,285981733.56135,53956,3448.112,154181080.43160,0
1628818200000,44730.87,44930.00,44692.96,44848.19,6586.311,1628819099999,295174978.69973,53550,3917.956,175617281.70168,0
1628819100000,44848.20,44851.76,44727.00,44837.87,2602.363,1628819999999,116521955.81760,27168,1300.688,58240716.96454,0
1628820000000,44837.88,44928.14,44835.73,44865.33,2554.921,1628820899999,114668078.41217,25352,1274.309,57195380.76089,0
1628820900000,44865.33,44963.00,44811.00,44903.91,2061.062,1628821799999,92529355.00452,22217,1182.658,53097172.87924,0
1628821800000,44903.92,45082.17,44903.92,45060.02,3780.968,1628822699999,170188519.45791,35527,2191.830,98660433.58612,0
1628822700000,45060.01,45363.00,45060.00,45279.38,7942.616,1628823599999,359243001.97956,69787,4789.005,216610056.53315,0
1628823600000,45279.39,45315.00,45170.00,45202.15,2925.861,1628824499999,132324767.92281,29240,1286.607,58189037.09563,0
1628824500000,45202.15,45380.00,45202.15,45266.30,3049.787,1628825399999,138154997.82129,29613,1633.850,74018339.05782,0
1628825400000,45266.29,45304.53,45154.68,45248.86,2515.879,1628826299999,113768655.00782,24774,1111.592,50270444.94701,0
1628826300000,45248.86,45266.68,45132.83,45162.37,1626.532,1628827199999,73491023.48349,18880,673.572,30435308.46947,0
1628827200000,45162.37,45221.65,44908.00,44968.20,4601.657,1628828099999,207323015.36146,42709,1680.341,75726348.19818,0
1628828100000,44968.20,45059.25,44915.59,45024.45,2488.024,1628828999999,111943367.37921,26918,1319.201,59361415.16789,0
1628829000000,45024.46,45299.00,45024.46,45229.29,3512.299,1628829899999,158682901.82000,35911,1924.180,86923328.01577,0
1628829900000,45229.28,45279.00,45123.83,45227.21,2102.314,1628830799999,95023327.91518,23083,927.147,41909720.61924,0
1628830800000,45227.21,45272.91,45129.80,45135.32,1495.142,1628831699999,67586763.23831,21170,649.861,29377293.60032,0
1628831700000,45135.31,45290.49,45135.31,45199.86,1623.186,1628832599999,73417611.16909,21156,838.505,37925082.29434,0
1628832600000,45199.85,45375.00,45199.85,45330.01,2320.685,1628833499999,105167517.69985,25906,1299.224,58877596.91241,0
1628833500000,45330.00,45367.74,45215.20,45264.44,2231.253,1628834399999,101050890.37133,25404,960.437,43500018.50436,0
1628834400000,45264.45,45346.14,45150.67,45200.54,2517.482,1628835299999,113830056.09256,27974,1168.316,52829974.90490,0
1628835300000,45196.02,45693.88,45193.22,45496.56,9342.132,1628836199999,425204021.47981,83991,5087.124,231513037.64056,0
1628836200000,45496.55,45890.00,45492.25,45867.98,12282.534,1628837099999,561473967.71663,103356,6759.675,309014753.29884,0
1628837100000,45867.98,45901.00,45720.26,45819.56,6544.030,1628837999999,299682266.01207,61529,3253.218,148979796.47222,0
1628838000000,45819.55,46250.00,45819.55,46150.00,14164.223,1628838899999,652917727.36015,130922,7642.464,352258815.96863,0
1628838900000,46150.00,46349.46,46063.18,46144.79,8250.587,1628839799999,381135448.72698,78366,4002.252,184937442.89137,0
1628839800000,46144.78,46219.99,46023.70,46172.89,5063.113,1628840699999,233453760.09321,50148,2682.196,123686754.09692,0
1628840700000,46172.88,46229.49,46067.16,46108.85,4170.658,1628841599999,192493080.48295,39933,1746.800,80628951.32549,0
1628841600000,46108.85,46321.64,46108.85,46140.00,6310.701,1628842499999,291659317.38936,57044,3480.891,160883781.29373,0
1628842500000,46139.99,46193.82,45950.00,46081.22,5136.678,1628843399999,236591081.23997,53921,2184.731,100646146.76510,0
1628843400000,46080.34,46218.81,46053.24,46155.42,3319.659,1628844299999,153206426.46291,37682,1653.432,76310281.38772,0
1628844300000,46155.43,46280.00,46080.55,46154.99,3759.954,1628845199999,173678274.42709,42668,1604.448,74126194.25455,0
1628845200000,46154.99,46450.00,46128.73,46340.10,8041.593,1628846099999,372540994.53654,76578,4383.345,203074493.99699,0
1628846100000,46340.10,46371.19,46180.55,46275.01,5658.310,1628846999999,261780871.39281,53943,2627.839,121577499.95707,0
1628847000000,46275.00,46349.44,46200.00,46344.26,2747.442,1628847899999,127184639.98504,29682,1320.353,61126872.30111,0
1628847900000,46344.27,46415.00,46189.19,46229.43,3686.188,1628848799999,170686302.43932,39213,1752.149,81141608.73812,0
1628848800000,46229.01,46399.00,46220.00,46358.36,3940.331,1628849699999,182539588.82897,38706,1894.989,87798668.99697,0
1628849700000,46358.36,46487.00,46314.44,46383.66,5264.695,1628850599999,244402686.85967,50371,2652.626,123156161.10224,0
1628850600000,46383.66,46472.00,46323.29,46354.47,3450.887,1628851499999,160096199.71043,33368,1816.540,84280295.21967,0
1628851500000,46354.47,46390.00,46257.00,46290.79,2982.236,1628852399999,138116616.20097,32595,1299.211,60169592.97255,0
1628852400000,46290.79,46462.15,46290.79,46418.82,2934.477,1628853299999,136118876.48786,32076,1551.748,71971103.51669,0
1628853300000,46418.82,46479.29,46326.00,46348.84,3172.110,1628854199999,147220223.27559,37479,1439.176,66800746.97252,0
1628854200000,46348.84,46550.00,46120.03,46159.18,7952.662,1628855099999,368571665.92794,70076,3768.309,174749525.95308,0
1628855100000,46159.18,46374.84,46136.14,46154.14,6834.475,1628855999999,316193454.53516,64273,3534.479,163532588.28241,0
1628856000000,46154.14,46355.00,46130.00,46252.90,5154.719,1628856899999,238375061.57680,54430,2764.166,127833185.21000,0
1628856900000,46252.91,46418.74,46252.90,46410.01,2983.760,1628857799999,138325637.41932,33103,1660.123,76965361.50113,0
1628857800000,46410.00,46600.00,46324.17,46583.46,7709.723,1628858699999,358513920.28034,72809,4163.074,193608466.73875,0
1628858700000,46583.45,46637.45,46467.65,46529.64,5578.084,1628859599999,259665794.63152,58143,2665.489,124091186.77146,0
1628859600000,46529.64,46568.00,46420.79,46559.91,3180.268,1628860499999,147838136.05879,35765,1579.893,73454007.59185,0
1628860500000,46559.91,46681.82,46514.77,46544.99,5432.928,1628861399999,253128430.92344,55691,2647.683,123378688.66053,0
1628861400000,46545.00,46593.87,46400.40,46441.27,4511.874,1628862299999,209713790.34782,44904,1928.846,89664974.52761,0
1628862300000,46441.27,46616.75,46440.02,46518.01,3908.422,1628863199999,181933021.84289,39987,2164.070,100724018.34956,0
1628863200000,46518.01,46635.35,46447.35,46476.88,3946.480,1628864099999,183683150.33007,40810,2036.716,94811604.84410,0
1628864100000,46476.87,46560.82,46417.71,46454.58,2382.009,1628864999999,110730251.57958,30144,1146.973,53323196.99186,0
1628865000000,46456.81,46460.49,46263.72,46395.98,6976.586,1628865899999,323464665.73929,70904,3232.238,149866877.98712,0
1628865900000,46395.98,46519.50,46395.98,46434.22,3343.355,1628866799999,155379570.61989,35715,1663.194,77300167.57123,0
1628866800000,46434.22,46531.95,46305.01,46423.41,4447.518,1628867699999,206336048.51476,48126,2118.209,98275597.01312,0
1628867700000,46423.91,46425.86,46160.00,46246.03,6540.123,1628868599999,302501098.58392,66602,2926.656,135381881.59557,0
1628868600000,46246.03,46347.63,46177.82,46248.08,3650.893,1628869499999,168935178.05395,40051,1785.998,82648811.31065,0
1628869500000,46248.09,46480.00,46246.73,46371.20,4802.276,1628870399999,222651683.27002,45377,2612.700,121128246.26699,0
1628870400000,46371.20,46500.00,46325.00,46393.68,4048.028,1628871299999,187953252.08384,42407,2145.253,99625641.08081,0
1628871300000,46393.69,46432.86,46230.00,46379.99,4112.019,1628872199999,190458437.04028,40021,1992.381,92276718.64218,0
1628872200000,46379.99,46450.00,46310.00,46399.68,2316.600,1628873099999,107488437.96999,26354,1077.934,50017145.52289,0
1628873100000,46399.68,46546.58,46376.07,46540.00,3299.306,1628873999999,153351749.27400,34104,1935.802,89978945.86362,0
1628874000000,46539.99,46550.00,46435.12,46438.29,2230.543,1628874899999,103693755.47609,28064,1013.277,47107836.71274,0
1628874900000,46438.29,46512.10,46401.99,46495.72,1561.980,1628875799999,72561935.96917,22410,833.125,38704915.92937,0
1628875800000,46495.72,46543.00,46463.00,46506.78,1697.589,1628876699999,78943905.54575,22796,929.611,43231049.90170,0
1628876700000,46506.78,46639.06,46475.42,46496.02,3879.531,1628877599999,180633025.29451,40942,2278.321,106089568.11014,0
1628877600000,46496.02,46496.02,46362.00,46465.53,3422.196,1628878499999,158872145.39567,38558,1620.170,75218666.04907,0
1628878500000,46465.53,46599.99,46418.37,46557.77,2100.489,1628879399999,97730149.47364,26259,1100.052,51185064.02651,0
1628879400000,46557.78,46630.00,46517.91,46580.99,2409.731,1628880299999,112251136.10337,27731,1295.032,60328467.91113,0
1628880300000,46580.99,46631.01,46450.00,46508.79,2851.110,1628881199999,132641671.74661,31702,1495.965,69598171.51454,0
1628881200000,46508.78,46515.00,46400.00,46476.17,2495.237,1628882099999,115894592.90047,29416,1244.993,57828639.66684,0
1628882100000,46476.17,46539.13,46300.62,46330.91,3243.163,1628882999999,150460249.97591,32394,1311.221,60828196.63337,0
1628883000000,46329.71,46397.06,46276.89,46295.06,2358.963,1628883899999,109285925.63862,26474,1132.554,52476168.06228,0
1628883900000,46295.05,46472.58,46295.05,46466.14,2080.852,1628884799999,96526194.47379,22997,1310.683,60798930.39122,0
1628884800000,46466.15,47782.97,46411.00,47642.68,31544.672,1628885699999,1491395470.16980,272148,18912.588,893772687.19586,0
1628885700000,47642.68,47980.69,47516.85,47611.33,14589.756,1628886599999,695939566.33152,141137,7360.923,351242829.39321,0
1628886600000,47611.32,47663.84,47381.02,47486.79,6799.423,1628887499999,322899743.35410,73910,3160.396,150088607.62693,0
1628887500000,47486.79,47629.86,47415.87,47606.39,4168.050,1628888399999,198108346.40628,47460,2149.952,102205961.86640,0
1628888400000,47606.38,47840.00,47527.14,47777.33,6645.191,1628889299999,316857375.90129,68292,3979.410,189767808.28416,0
1628889300000,47777.33,47850.00,47663.28,47798.33,4326.538,1628890199999,206533144.68385,51955,2018.637,96371440.15277,0
1628890200000,47798.59,47827.60,47621.57,47694.07,3116.994,1628891099999,148702467.13037,41399,1302.527,62147147.67219,0
1628891100000,47694.07,47709.58,47517.00,47565.92,2921.385,1628891999999,139074743.08442,32796,1177.359,56056109.75197,0
1628892000000,47564.63,47664.90,47537.50,47589.89,2741.728,1628892899999,130482935.90359,31442,1454.095,69211049.74056,0
1628892900000,47589.89,47589.90,47472.57,47510.00,2321.637,1628893799999,110340789.40880,27202,943.570,44851117.95874,0
1628893800000,47510.00,47661.50,47476.80,47658.39,2639.243,1628894699999,125558210.34397,30826,1591.089,75696732.44605,0
1628894700000,47657.95,47657.95,47524.01,47550.00,1802.546,1628895599999,85774157.45519,23377,794.239,37794150.50805,0
1628895600000,47550.01,47595.75,47504.84,47588.30,1736.683,1628896499999,82558139.31520,24624,830.831,39497828.61442,0
1628896500000,47586.62,47777.01,47560.06,47671.89,3602.539,1628897399999,171681295.09679,39588,1957.624,93304645.61522,0
1628897400000,47671.89,47677.66,47579.00,47648.92,2866.873,1628898299999,136503027.53101,31089,1555.752,74073839.92559,0
1628898300000,47648.92,47848.12,47640.30,47792.52,4532.302,1628899199999,216473307.66918,47053,2579.982,123234290.37168,0
1628899200000,47792.52,47839.11,47653.83,47719.00,3778.714,1628900099999,180333631.76811,39895,1919.513,91611726.68969,0
1628900100000,47719.00,47790.00,47635.51,47773.94,2128.871,1628900999999,101564839.12082,27621,1138.113,54300125.19577,0
1628901000000,47773.94,47774.85,47575.00,47616.66,2863.813,1628901899999,136480382.38776,32928,1278.245,60909628.33659,0
1628901900000,47616.66,47689.26,47519.99,47635.56,2324.671,1628902799999,110678379.58014,28175,997.996,47523417.68382,0
1628902800000,47636.39,47790.44,47633.57,47703.18,3089.435,1628903699999,147404066.47522,29225,1769.243,84422841.27186,0
1628903700000,47703.19,47741.90,47640.30,47652.24,1272.955,1628904599999,60699383.13128,19285,512.072,24419145.11812,0
1628904600000,47652.23,47674.79,47579.31,47652.71,1431.243,1628905499999,68154864.74647,19635,674.766,32132850.65324,0
1628905500000,47654.93,47681.55,47580.00,47580.76,1322.687,1628906399999,62988898.05605,17755,668.749,31847892.29285,0
1628906400000,47580.76,47658.00,47547.00,47557.01,1545.354,1628907299999,73546343.63945,20579,767.836,36545540.93147,0
1628907300000,47557.01,47602.00,47528.00,47537.20,1466.404,1628908199999,69738790.27932,19357,687.286,32687294.85409,0
1628908200000,47537.19,47620.00,47400.00,47472.68,4098.814,1628909099999,194726934.66391,34689,1535.998,72988231.44579,0
1628909100000,47472.69,47600.00,47454.62,47562.98,1956.022,1628909999999,93024545.93795,20025,1140.937,54257299.74131,0
1628910000000,47561.27,47628.00,47528.54,47587.03,1683.483,1628910899999,80107916.90523,21360,844.998,40209897.30707,0
1628910900000,47587.03,47609.79,47507.44,47520.00,1093.343,1628911799999,51992592.74429,15331,490.149,23307904.62588,0
1628911800000,47519.99,47555.00,47456.10,47464.95,1516.785,1628912699999,72051677.88794,19573,723.634,34376144.50799,0
1628912700000,47464.95,47580.00,47460.00,47563.99,1403.100,1628913599999,66712118.00097,18125,806.669,38353079.69977,0
1628913600000,47563.99,47570.00,47466.42,47516.29,1360.886,1628914499999,64643583.69565,18753,697.720,33141269.34534,0
1628914500000,47516.84,47700.00,47516.84,47603.70,3177.456,1628915399999,151335240.95834,31128,1471.688,70089595.84346,0
1628915400000,47603.70,47650.00,47550.64,47572.58,1385.227,1628916299999,65928750.01891,19518,786.649,37441150.18323,0
1628916300000,47572.57,47572.58,47467.85,47485.38,1731.254,1628917199999,82257029.73264,22255,794.181,37734329.18443,0
1628917200000,47487.25,47572.57,47465.00,47530.00,1606.388,1628918099999,76326240.94375,20542,934.214,44389692.90254,0
1628918100000,47529.61,47595.48,47508.64,47548.20,1106.160,1628918999999,52611183.74506,15336,567.409,26989223.42191,0
1628919000000,47548.19,47572.20,47484.94,47498.58,1286.871,1628919899999,61146017.33794,17442,556.601,26448629.89957,0
1628919900000,47499.62,47595.90,47494.57,47548.55,1785.497,1628920799999,84903871.77855,19634,1023.210,48656034.70946,0
1628920800000,47548.55,47650.00,47516.39,47596.74,2168.920,1628921699999,103235053.89462,25170,1179.053,56120092.19651,0
1628921700000,47596.74,47689.89,47587.75,47640.00,1541.627,1628922599999,73431695.17193,21466,868.588,41375625.68740,0
1628922600000,47640.00,47680.00,47557.04,47590.28,1318.446,1628923499999,62770592.24661,17909,614.932,29280011.81865,0
1628923500000,47590.28,47605.65,47505.98,47547.69,1623.755,1628924399999,77217645.13880,18986,671.604,31940859.59049,0
1628924400000,47547.69,47738.00,47513.00,47698.48,3295.194,1628925299999,156950703.00343,32211,2016.201,96035154.39376,0
1628925300000,47698.48,47720.18,47635.68,47694.39,2083.530,1628926199999,99370238.39463,25481,940.186,44842952.38892,0
1628926200000,47694.34,47754.99,47656.32,47673.99,1759.925,1628927099999,83957775.34805,24115,834.162,39797426.42246,0
1628927100000,47672.07,47700.00,47630.33,47639.81,1333.282,1628927999999,63537763.82924,18544,685.520,32669866.37158,0
1628928000000,47639.80,47679.63,47565.00,47636.27,2209.757,1628928899999,105226815.86082,28003,1099.630,52369866.71945,0
1628928900000,47636.27,47691.14,47595.00,47677.99,1411.012,1628929799999,67239360.27233,17817,784.059,37364386.87052,0
1628929800000,47677.99,47715.00,47655.36,47684.92,1311.948,1628930699999,62559125.17912,16107,627.323,29914313.81290,0
1628930700000,47686.51,47728.77,47555.00,47625.88,2297.927,1628931599999,109463958.53184,23372,1008.395,48045125.72118,0
1628931600000,47625.88,47850.00,47621.02,47786.78,4574.779,1628932499999,218473856.60120,40261,2966.321,141658275.81336,0
1628932500000,47786.79,47829.00,47732.46,47779.51,2377.536,1628933399999,113613696.57689,29855,1203.882,57532509.47449,0
1628933400000,47779.50,48300.00,47737.07,48050.63,12561.893,1628934299999,603784919.82254,115746,7774.113,373676328.21808,0
1628934300000,48050.35,48140.00,46730.00,47035.91,29378.216,1628935199999,1392188592.50264,255756,12450.242,589921164.20531,0
1628935200000,47035.92,47307.92,46754.97,46755.99,18908.140,1628936099999,889838202.09995,187754,8998.549,423644312.10263,0
1628936100000,46755.99,47121.41,46500.00,46870.22,20983.885,1628936999999,981569614.66438,188985,10298.185,481861700.21146,0
1628937000000,46870.22,46983.22,46636.02,46689.07,9807.667,1628937899999,459213308.91796,91497,4362.381,204311207.72238,0
1628937900000,46691.34,46738.76,46127.01,46356.53,18142.342,1628938799999,841767815.53283,171884,7858.310,364635029.11376,0
1628938800000,46356.52,46465.28,46000.00,46349.52,12932.446,1628939699999,598374183.13693,112103,6386.169,295666193.54305,0
1628939700000,46349.52,46400.00,46184.50,46349.70,5339.042,1628940599999,247158735.68738,55698,2830.965,131059767.06418,0
1628940600000,46349.70,46399.00,46235.01,46325.66,3893.320,1628941499999,180337718.53793,39538,1850.020,85701361.55948,0
1628941500000,46325.67,46584.64,46303.67,46580.00,6229.368,1628942399999,289414728.80063,62777,3745.282,174027540.97656,0
1628942400000,46579.99,46580.00,46326.30,46415.29,5584.889,1628943299999,259490514.30194,56118,2443.795,113545759.02174,0
1628943300000,46415.30,46477.00,46272.09,46327.66,5466.153,1628944199999,253398395.07116,50696,2440.162,113129798.66034,0
1628944200000,46327.65,46428.14,46327.65,46350.25,2092.066,1628945099999,97046613.58448,25578,943.742,43777812.81404,0
1628945100000,46350.25,46381.39,46260.00,46280.01,2323.568,1628945999999,107593652.92556,28429,1014.802,46993758.70275,0
1628946000000,46280.00,46400.00,46120.00,46288.53,5468.893,1628946899999,252900861.15088,56555,2530.879,117061792.28626,0
1628946900000,46288.52,46432.34,46288.52,46404.45,2682.079,1628947799999,124412671.61511,31490,1461.071,67773379.66318,0
1628947800000,46404.46,46500.00,46356.82,46390.01,2401.165,1628948699999,111470084.95711,29127,1226.125,56931258.78798,0
1628948700000,46390.00,46516.00,46350.00,46509.13,1959.521,1628949599999,90997352.88098,24920,1117.988,51922632.84376,0
1628949600000,46509.14,46722.51,46439.81,46689.05,5920.081,1628950499999,275999976.24505,62320,3299.186,153809201.26521,0
1628950500000,46689.05,46872.99,46610.00,46768.95,6678.076,1628951399999,312183260.42519,67908,3587.380,167719219.02460,0
1628951400000,46768.95,46776.99,46673.79,46730.41,3434.783,1628952299999,160453951.17633,38521,1520.159,71018937.64552,0
1628952300000,46730.41,46947.67,46633.01,46891.85,5606.414,1628953199999,262427719.27548,57365,3061.695,143349447.03092,0
1628953200000,46891.85,46900.00,46700.00,46749.99,3895.739,1628954099999,182346562.25338,41604,1550.764,72599318.88799,0
1628954100000,46750.00,46824.86,46734.70,46793.33,1855.893,1628954999999,86836293.00520,25211,928.589,43449003.20064,0
1628955000000,46793.33,46900.00,46546.76,46868.74,6258.182,1628955899999,292519084.69432,63648,2993.824,139984266.09065,0
1628955900000,46868.73,46950.00,46826.06,46943.19,2651.769,1628956799999,124360359.94468,34306,1458.883,68420889.07361,0
1628956800000,46941.69,46993.00,46710.00,46759.32,5357.174,1628957699999,251007355.83364,55420,2404.590,112688403.10732,0
1628957700000,46759.32,46908.79,46742.23,46870.01,2076.496,1628958599999,97235414.80833,25404,1110.003,51980512.51908,0
1628958600000,46870.01,46882.99,46788.00,46869.96,1935.154,1628959499999,90628114.26514,20181,928.687,43494828.51439,0
1628959500000,46869.97,46930.00,46647.17,46864.96,3276.382,1628960399999,153382966.19958,34099,1422.347,66611653.46722,0
1628960400000,46864.96,46870.00,46730.00,46825.21,1722.589,1628961299999,80630928.41220,23506,856.526,40094820.09527,0
1628961300000,46825.22,46880.10,46600.00,46782.42,4265.717,1628962199999,199284725.22979,42638,1979.918,92506790.79953,0
1628962200000,46782.42,46845.00,46704.00,46779.94,1982.707,1628963099999,92765793.00606,23930,1037.969,48562477.49045,0
1628963100000,46779.94,46890.00,46778.87,46794.89,1977.269,1628963999999,92630344.95865,23288,1096.577,51374194.58891,0
1628964000000,46794.89,46812.92,46722.00,46745.34,1551.399,1628964899999,72543742.31957,21144,836.105,39097036.99069,0
1628964900000,46745.35,46851.00,46700.00,46816.70,1578.033,1628965799999,73834158.89025,19063,800.420,37453042.22837,0
1628965800000,46816.70,46875.00,46800.34,46825.71,1514.037,1628966699999,70932072.90736,18288,811.456,38017764.77596,0
1628966700000,46825.72,46859.44,46681.77,46746.92,2051.782,1628967599999,95910497.27129,23581,947.938,44316344.89281,0
1628967600000,46746.92,46819.53,46720.00,46757.66,1430.254,1628968499999,66911986.16138,18515,711.549,33290037.43382,0
1628968500000,46757.67,46824.53,46663.00,46686.74,1261.004,1628969399999,58965791.32106,16592,592.079,27692333.86251,0
1628969400000,46686.74,47419.00,46686.73,47258.51,8818.219,1628970299999,415519032.50850,71582,5890.152,277545197.63202,0
1628970300000,47269.05,47298.35,47001.00,47044.67,5939.572,1628971199999,279878688.62450,52643,2466.924,116252295.53265,0
1628971200000,47044.67,47049.98,46609.84,46650.57,6796.282,1628972099999,318034442.68734,63355,2891.471,135312189.56046,0
1628972100000,46650.56,46650.56,46311.00,46454.49,8027.390,1628972999999,373012608.41278,74138,3613.846,167956255.78677,0
1628973000000,46454.49,46637.50,46401.40,46624.76,3333.940,1628973899999,155160636.37244,32911,1971.163,91736999.45820,0
1628973900000,46624.76,46690.00,46532.89,46633.34,1982.733,1628974799999,92445981.34377,24701,862.491,40221553.27339,0
1628974800000,46633.33,46766.57,46626.43,46744.01,1823.512,1628975699999,85171164.90588,25349,1020.316,47657679.95036,0
1628975700000,46744.01,46822.37,46651.01,46757.51,1721.069,1628976599999,80471785.33338,24180,792.809,37074013.94138,0
1628976600000,46757.50,47039.13,46733.63,46921.38,3544.904,1628977499999,166387408.72316,39983,2040.769,95791025.46298,0
1628977500000,46921.38,47095.65,46921.37,47029.11,1894.885,1628978399999,89072177.04352,23875,982.227,46174316.07007,0
1628978400000,47029.12,47044.34,46901.00,47017.84,2166.063,1628979299999,101728379.18304,22864,884.509,41540769.51102,0
1628979300000,47017.84,47248.07,46995.33,47092.84,4414.241,1628980199999,207953334.87345,43127,2218.214,104513413.11720,0
1628980200000,47092.84,47099.52,46920.98,46967.52,2057.574,1628981099999,96722404.88781,22584,727.384,34196378.92395,0
1628981100000,46969.21,47011.49,46839.10,46867.00,2867.971,1628981999999,134563147.95652,29174,1419.279,66602541.16065,0
1628982000000,46867.00,46976.99,46855.00,46951.57,2164.298,1628982899999,101533857.63684,20798,1144.384,53692084.72851,0
1628982900000,46951.57,47199.07,46951.57,47130.09,2978.445,1628983799999,140283744.90024,30952,1587.497,74759472.29915,0
1628983800000,47130.08,47200.00,47059.77,47191.01,1907.254,1628984699999,89903048.12074,21403,979.102,46158992.49239,0
1628984700000,47191.01,47200.00,47035.01,47083.74,1771.786,1628985599999,83440281.48198,22062,758.828,35735458.88462,0
1628985600000,47083.75,47229.09,47052.31,47164.67,3359.232,1628986499999,158363772.98336,34535,1643.291,77479808.33343,0
1628986500000,47164.66,47250.00,47080.00,47102.46,2404.875,1628987399999,113439445.08699,27594,1037.969,48973489.51709,0
1628987400000,47102.46,47130.99,46919.02,47030.96,3151.523,1628988299999,148145020.51861,33524,1420.737,66788027.92521,0
1628988300000,47030.96,47200.00,46980.00,47199.62,2001.616,1628989199999,94278396.23639,23407,1090.877,51380012.12554,0
1628989200000,47199.63,47230.00,47117.50,47143.31,1882.844,1628990099999,88843327.22875,23839,932.938,44026286.75751,0
1628990100000,47143.30,47324.14,47138.07,47261.82,3147.244,1628990999999,148671095.21733,29711,1827.968,86369960.55882,0
1628991000000,47261.82,47388.75,47202.55,47219.01,2981.792,1628991899999,141018463.40713,30454,1630.352,77109327.51189,0
1628991900000,47219.01,47225.20,47086.63,47153.85,2118.038,1628992799999,99871278.66117,23446,792.915,37388106.90329,0
1628992800000,47153.85,47238.00,47140.00,47179.93,1434.284,1628993699999,67691508.19895,20314,798.511,37686888.01390,0
1628993700000,47179.93,47350.00,47179.93,47253.89,1659.916,1628994599999,78481552.14920,22331,813.381,38455796.84914,0
1628994600000,47253.90,47344.98,47253.89,47299.17,1534.391,1628995499999,72569244.98086,19565,839.125,39687528.64065,0
1628995500000,47299.18,47309.97,47180.00,47180.20,1589.474,1628996399999,75094003.97811,20090,649.976,30707812.75043,0
1628996400000,47180.20,47264.39,47114.41,47165.90,1508.013,1628997299999,71146675.79014,21405,650.304,30684211.40857,0
1628997300000,47165.90,47199.00,47080.00,47170.23,2104.025,1628998199999,99179228.11710,22736,1015.278,47863328.85477,0
1628998200000,47170.24,47280.46,47128.75,47168.48,1478.800,1628999099999,69826392.47855,20562,870.653,41116538.13566,0
1628999100000,47167.85,47167.85,46805.13,46900.01,5255.501,1628999999999,246754627.85405,53137,2272.783,106699232.83781,0
1629000000000,46900.01,46914.09,46500.94,46572.90,8420.614,1629000899999,393069896.77505,78941,3482.600,162559809.58748,0
1629000900000,46572.47,46762.98,46565.59,46760.34,3674.715,1629001799999,171482491.61256,36702,2198.852,102613951.29728,0
1629001800000,46760.33,46843.19,46662.65,46742.55,2900.095,1629002699999,135611252.46792,31735,1454.733,68035778.61918,0
1629002700000,46742.13,46753.78,46656.83,46737.35,1323.553,1629003599999,61815068.63880,19804,557.435,26035041.67109,0
1629003600000,46737.34,46839.73,46633.73,46820.00,2156.542,1629004499999,100825868.95017,26433,1071.004,50086643.12650,0
1629004500000,46819.99,46886.00,46657.00,46736.87,2159.649,1629005399999,101053028.52647,26300,1009.011,47229028.76061,0
1629005400000,46736.86,46799.82,46607.00,46633.16,1782.238,1629006299999,83222477.31957,22374,833.856,38942035.74515,0
1629006300000,46633.16,46720.00,46513.43,46644.55,2807.141,1629007199999,130867175.40179,27624,1415.398,65990563.11318,0
1629007200000,46644.55,46788.60,46564.20,46592.09,2511.286,1629008099999,117206989.08236,29102,1216.945,56806393.84603,0
1629008100000,46592.09,46595.10,46300.00,46461.34,7539.850,1629008999999,350140613.22253,66238,3487.664,161982739.07664,0
1629009000000,46462.73,46570.00,46384.80,46510.00,2261.691,1629009899999,105139725.47054,26662,1131.024,52580635.84627,0
1629009900000,46510.00,46580.00,46425.00,46434.47,1562.860,1629010799999,72670345.90103,20453,780.317,36285915.82338,0
1629010800000,46434.47,46490.80,46171.61,46209.25,6544.486,1629011699999,302974475.40616,65631,2830.567,131052020.54678,0
1629011700000,46209.48,46374.07,46175.30,46341.20,3373.001,1629012599999,156138741.44268,36751,1781.155,82456133.29706,0
1629012600000,46341.20,46341.20,46120.00,46128.14,4088.265,1629013499999,188900883.00157,42397,1642.765,75914897.84671,0
1629013500000,46128.13,46152.42,45666.00,45788.25,19064.711,1629014399999,873796014.90637,156560,8762.577,401512423.30700,0
1629014400000,45788.25,45920.00,45600.00,45890.22,9513.512,1629015299999,435416294.85765,96608,4758.036,217796702.72709,0
1629015300000,45890.21,45896.46,45714.89,45754.36,3475.712,1629016199999,159218313.10403,40038,1488.928,68202914.96647,0
1629016200000,45754.35,45940.00,45670.00,45803.98,4412.609,1629017099999,202243245.73925,46821,2295.584,105236587.11880,0
1629017100000,45803.98,45916.98,45745.00,45754.55,2824.091,1629017999999,129386971.20465,32289,1396.970,64008021.50539,0
1629018000000,45754.55,45972.18,45663.00,45970.42,4854.664,1629018899999,222467649.89368,51723,2564.054,117528268.89356,0
1629018900000,45970.43,45988.00,45850.00,45875.10,2389.049,1629019799999,109685468.40791,31322,1032.966,47428797.46719,0
1629019800000,45875.09,46140.00,45825.00,46140.00,4051.815,1629020699999,186310874.44390,42426,2586.532,118959143.92983,0
1629020700000,46139.99,46171.41,46002.00,46033.61,4296.598,1629021599999,198019588.03697,43607,2101.048,96839774.23012,0
1629021600000,46033.61,46147.09,45916.24,46081.23,3754.878,1629022499999,172808582.57546,41626,1845.333,84944313.22851,0
1629022500000,46081.23,46149.97,45912.11,45987.89,3232.222,1629023399999,148752928.00756,34443,1420.619,65397624.18562,0
1629023400000,45987.89,46067.70,45850.00,45906.22,3272.493,1629024299999,150327273.81311,38102,1435.640,65950316.34143,0
1629024300000,45906.22,45963.06,45800.00,45938.45,2696.313,1629025199999,123702570.85502,34315,1245.225,57140537.57161,0
1629025200000,45938.93,45938.93,45671.84,45705.59,3860.675,1629026099999,176788807.10531,42204,1641.675,75189848.80358,0
1629026100000,45705.58,45891.70,45667.00,45891.70,3076.763,1629026999999,140950053.90287,34231,1741.292,79770824.78907,0
1629027000000,45891.70,46143.00,45871.07,46044.27,4673.619,1629027899999,215208226.27145,49825,2669.807,122929747.18228,0
1629027900000,46044.26,46044.26,45902.65,45945.79,2758.992,1629028799999,126818760.08428,31839,1228.903,56486018.89172,0
1629028800000,45945.79,46084.00,45820.41,45988.74,3564.982,1629029699999,163810507.80485,40893,1761.556,80943073.45301,0
1629029700000,45988.74,46005.22,45830.00,45910.01,2588.211,1629030599999,118774572.42100,29383,1318.481,60504338.44103,0
1629030600000,45910.01,45910.01,45717.00,45800.27,3122.102,1629031499999,143003835.95253,34389,1403.249,64275124.17614,0
1629031500000,45800.26,45938.72,45730.01,45820.06,2436.891,1629032399999,111658426.57838,28371,1385.852,63505586.73701,0
1629032400000,45820.06,45946.39,45737.61,45932.72,2496.694,1629033299999,114505904.80071,28068,1302.563,59744068.38905,0
1629033300000,45935.00,45972.00,45853.00,45894.39,1829.857,1629034199999,84020050.17439,21631,745.989,34257801.24541,0
1629034200000,45894.40,45920.00,45601.00,45618.53,5139.405,1629035099999,235094089.63912,48315,2032.355,93000873.59545,0
1629035100000,45618.53,46073.00,45480.00,46055.65,13029.342,1629035999999,597176828.02849,111479,6882.053,315583329.69991,0
1629036000000,46057.78,46537.03,45945.59,46348.21,15800.586,1629036899999,731907298.56675,137554,8294.559,384188349.57748,0
1629036900000,46348.21,46434.37,46225.05,46322.73,4722.921,1629037799999,218795942.07566,53814,2241.298,103844429.85172,0
1629037800000,46322.73,46377.32,46149.00,46207.54,3928.290,1629038699999,181625836.55094,43084,1604.146,74182305.32915,0
1629038700000,46207.54,46207.99,45768.00,45867.53,9642.149,1629039599999,442958604.23339,86183,4351.087,199856722.64882,0
1629039600000,45867.54,46050.37,45822.00,46030.58,3137.743,1629040499999,144201278.70922,38496,1813.462,83351889.30176,0
1629040500000,46030.58,46059.00,45900.00,45935.92,2011.889,1629041399999,92484137.46504,27472,818.235,37617121.68226,0
1629041400000,45935.92,46014.88,45851.07,46014.07,2256.054,1629042299999,103651852.94329,26057,1129.125,51883540.14796,0
1629042300000,46014.07,46188.00,45978.58,46163.48,3088.317,1629043199999,142300658.44819,33016,1814.156,83601557.88636,0
1629043200000,46161.77,46328.23,46060.35,46088.81,5853.903,1629044099999,270532896.32214,55332,2624.933,121335242.24940,0
1629044100000,46088.81,46169.09,45963.70,46127.81,3303.666,1629044999999,152185586.54998,35437,1727.090,79574619.00508,0
1629045000000,46127.81,46136.60,45935.89,45959.28,2496.357,1629045899999,114871507.90434,29095,1168.550,53770673.48482,0
1629045900000,45959.28,46006.95,45860.00,45898.61,2310.507,1629046799999,106128071.78094,26781,948.970,43597601.62376,0
1629046800000,45898.61,45976.10,45672.14,45729.99,5751.999,1629047699999,263249577.43073,59271,2832.720,129644368.88257,0
1629047700000,45729.98,45996.99,45659.10,45908.58,5432.418,1629048599999,248737093.96796,44788,3514.416,160942036.02442,0
1629048600000,45909.07,46032.06,45865.57,45985.00,3848.887,1629049499999,176895225.04866,36993,1824.044,83840222.11293,0
1629049500000,45985.01,46090.00,45937.94,45989.00,2985.677,1629050399999,137399179.57806,28718,1372.883,63190570.01341,0
1629050400000,45988.99,46086.48,45946.00,46060.00,2297.394,1629051299999,105756486.71823,25226,1134.342,52222375.05024,0
1629051300000,46059.99,46059.99,45918.70,46006.41,1262.958,1629052199999,58071928.36405,19516,536.631,24676115.71110,0
1629052200000,46006.01,46300.00,45860.03,46250.75,7170.523,1629053099999,330579858.91410,54555,4306.908,198549781.83020,0
1629053100000,46250.75,46330.00,46100.00,46290.45,3551.189,1629053999999,164138267.76403,37128,1844.492,85255064.66090,0
1629054000000,46290.46,46400.00,46133.36,46179.00,3975.707,1629054899999,183925043.36013,36297,1878.776,86953956.19616,0
1629054900000,46178.99,46248.95,46078.51,46228.83,2247.047,1629055799999,103722915.74170,24267,1269.788,58622956.29706,0
1629055800000,46228.83,46347.93,46176.00,46338.27,2401.351,1629056699999,111111642.83181,26359,1151.821,53309058.00690,0
1629056700000,46338.27,46450.04,46266.19,46335.28,3207.038,1629057599999,148629168.07109,34611,1705.183,79049871.69807,0
1629057600000,46335.28,46395.19,46257.21,46385.01,1543.817,1629058499999,71499339.10841,23886,828.440,38374627.35211,0
1629058500000,46385.00,46515.52,46350.00,46465.06,3652.783,1629059399999,169667412.02720,39153,1850.128,85941632.29492,0
1629059400000,46463.51,46755.25,46459.25,46564.70,6821.247,1629060299999,317893750.58009,66763,3693.663,172155251.01750,0
1629060300000,46564.70,46745.06,46506.24,46684.54,2941.184,1629061199999,137159011.58467,35955,1491.237,69553529.68102,0
1629061200000,46684.55,46787.97,46673.26,46764.96,3402.040,1629062099999,159000335.81968,43247,1627.148,76054454.16736,0
1629062100000,46764.97,46917.96,46706.92,46712.07,4801.979,1629062999999,224764794.84658,53257,2597.360,121600968.76101,0
1629063000000,46712.08,46856.55,46465.00,46849.98,4091.822,1629063899999,190935152.81610,49785,1854.306,86567410.36449,0
1629063900000,46849.98,47000.00,46808.98,46855.07,4421.930,1629064799999,207458385.11865,45106,2299.500,107895368.91504,0
1629064800000,46855.07,47180.00,46844.60,47014.71,6549.609,1629065699999,308205618.72586,62169,3350.785,157670200.78836,0
1629065700000,47014.71,47194.87,47001.69,47162.43,3210.983,1629066599999,151286540.98953,35489,1481.537,69805233.65436,0
1629066600000,47162.43,47190.00,47066.00,47101.89,2283.188,1629067499999,107595415.98950,27791,994.698,46879072.89505,0
1629067500000,47101.87,47266.44,47101.87,47226.61,3690.187,1629068399999,174217629.27189,36795,1945.566,91849392.12006,0
1629068400000,47226.62,47328.00,47116.00,47220.40,4198.817,1629069299999,198234509.09743,44528,2076.538,98062424.54916,0
1629069300000,47218.43,47224.97,47018.38,47120.00,3362.075,1629070199999,158356702.69166,35235,1488.368,70113785.95417,0
1629070200000,47120.01,47160.00,46909.67,46973.47,3666.593,1629071099999,172403344.41338,36136,1416.217,66594116.06123,0
1629071100000,46975.63,47104.39,46966.34,47006.02,2494.229,1629071999999,117348951.84514,27161,1189.388,55963490.73240,0
1629072000000,47006.02,47554.00,46769.91,47517.00,10867.713,1629072899999,512217342.46605,92979,6250.351,294837319.76449,0
1629072900000,47517.00,47847.36,47345.01,47550.88,19479.591,1629073799999,927416344.98658,156822,9734.151,463562318.31590,0
1629073800000,47550.87,47840.86,47540.16,47675.02,7520.779,1629074699999,358716940.88275,60145,3575.637,170573385.34021,0
1629074700000,47675.01,47800.00,47562.79,47568.90,4117.658,1629075599999,196332114.53865,37154,1884.603,89885389.82844,0
1629075600000,47568.91,47688.00,47501.00,47512.04,4199.999,1629076499999,199819377.86413,37324,1660.805,79015390.76154,0
1629076500000,47512.03,47612.19,47501.19,47602.76,1979.959,1629077399999,94182271.32468,22297,1220.759,58073038.80396,0
1629077400000,47602.77,47723.67,47555.01,47574.19,2491.646,1629078299999,118732514.90691,26238,1155.745,55080823.48506,0
1629078300000,47572.53,47699.00,47543.66,47671.66,1617.305,1629079199999,77011968.52891,19844,905.017,43095105.03630,0
1629079200000,47671.65,47802.05,47670.86,47690.00,3981.798,1629080099999,190062831.33699,32300,2115.489,100997559.96191,0
1629080100000,47690.00,47712.85,47588.53,47618.01,2589.634,1629080999999,123339637.25113,22890,1089.912,51906236.82755,0
1629081000000,47618.01,47720.00,47573.00,47713.01,1466.715,1629081899999,69890661.48357,18405,855.054,40749184.69959,0
1629081900000,47713.09,48047.52,47712.21,48005.76,10045.407,1629082799999,481402345.46564,86012,5645.307,270552996.34126,0
1629082800000,48005.76,48074.23,47662.99,47686.97,6197.822,1629083699999,296408446.79271,59225,2677.894,128115598.54784,0
1629083700000,47686.98,47780.00,47638.84,47657.52,2679.837,1629084599999,127806614.31075,29194,1319.483,62930571.49585,0
1629084600000,47657.17,47717.21,47410.30,47527.50,5550.302,1629085499999,264105065.26212,46913,2287.978,108900947.41209,0
1629085500000,47527.36,47620.01,47350.00,47391.88,4696.379,1629086399999,222943660.38990,46626,2077.150,98609145.61068,0
1629086400000,47391.89,47548.07,47366.00,47422.72,3658.569,1629087299999,173708198.20072,37089,1874.164,88996877.53697,0
1629087300000,47422.73,47600.00,47415.60,47450.00,2432.918,1629088199999,115585143.94088,28156,1188.372,56466540.73356,0
1629088200000,47450.00,47535.89,47426.08,47503.28,1426.845,1629089099999,67759772.51082,21035,714.543,33934331.79773,0
1629089100000,47503.29,47544.00,47422.34,47431.04,1511.459,1629089999999,71784864.53427,21755,649.259,30838055.82740,0
1629090000000,47429.90,47641.02,47427.46,47522.59,2447.871,1629090899999,116383897.54637,27836,1465.812,69697981.26435,0
1629090900000,47522.84,47554.84,47476.72,47535.77,1382.020,1629091799999,65666261.22419,18891,701.301,33323275.65478,0
1629091800000,47535.76,47540.39,47456.00,47537.30,1324.010,1629092699999,62878034.11910,19389,540.077,25649323.36933,0
1629092700000,47537.30,47650.32,47440.00,47636.56,2057.950,1629093599999,97843978.61054,23356,1124.677,53483545.77924,0
1629093600000,47635.68,47759.74,47460.00,47467.58,3588.540,1629094499999,170713929.52692,37008,1742.643,82921337.82089,0
1629094500000,47469.95,47470.18,47206.71,47230.01,5573.914,1629095399999,263681677.17629,56342,2332.458,110321375.54305,0
1629095400000,47230.15,47413.80,47228.53,47380.43,2297.926,1629096299999,108801400.79974,26944,1370.795,64902656.78473,0
1629096300000,47380.44,47470.76,47284.98,47358.01,2259.490,1629097199999,107097568.95176,25570,1079.150,51158967.44889,0
1629097200000,47358.02,47440.00,47328.94,47378.88,1887.419,1629098099999,89459054.13995,22210,1002.250,47503096.79747,0
1629098100000,47378.88,47500.00,47320.00,47478.53,1833.124,1629098999999,86904507.38003,22285,1099.080,52115260.07439,0
1629099000000,47478.53,47533.28,47422.69,47449.97,1758.987,1629099899999,83505315.65849,22167,1017.910,48329013.69170,0
1629099900000,47449.97,47456.10,47321.75,47335.09,1648.025,1629100799999,78076920.25673,21768,718.841,34056449.58710,0
1629100800000,47335.09,47451.41,47110.00,47190.94,6414.851,1629101699999,303156651.37902,62428,2957.878,139812404.41050,0
1629101700000,47191.27,47245.83,47020.00,47223.88,5634.585,1629102599999,265561604.48376,56140,2703.392,127434542.98253,0
1629102600000,47223.87,47288.10,47172.00,47233.29,2134.344,1629103499999,100837079.23793,28107,1102.509,52091760.70530,0
1629103500000,47233.29,47293.00,47149.00,47164.23,2207.655,1629104399999,104245750.77650,22659,1037.369,48991946.85918,0
1629104400000,47164.23,47244.83,47091.47,47237.63,1995.777,1629105299999,94160466.51137,23935,919.302,43384668.64154,0
1629105300000,47237.62,47253.04,47080.00,47118.17,2055.103,1629106199999,96899203.96964,25382,956.894,45118837.69203,0
1629106200000,47118.16,47226.00,47082.31,47128.27,2066.860,1629107099999,97487622.85488,24490,1148.572,54179983.21741,0
1629107100000,47128.27,47216.00,47060.00,47200.03,2118.759,1629107999999,99914812.97571,24423,1216.061,57352888.08603,0
1629108000000,47200.02,47588.88,47200.00,47398.05,7480.316,1629108899999,354639634.66048,70384,4030.778,191081133.13603,0
1629108900000,47398.05,47413.54,47271.00,47302.20,3107.481,1629109799999,147149800.16953,31265,1485.138,70332771.62872,0
1629109800000,47302.20,47407.95,47293.69,47384.15,1821.055,1629110699999,86236666.12644,22925,1033.822,48958430.51437,0
1629110700000,47384.16,47518.74,47350.00,47454.35,2725.331,1629111599999,129263770.37177,29145,1543.733,73229368.17031,0
1629111600000,47454.35,47655.53,47390.00,47591.13,3767.798,1629112499999,179013002.09941,39020,2032.847,96605213.17306,0
1629112500000,47591.14,47690.00,47508.85,47547.64,4634.084,1629113399999,220570320.97293,48141,2435.854,115954167.69158,0
1629113400000,47547.64,47578.40,47466.52,47490.00,2592.139,1629114299999,123146184.18561,26865,970.718,46116468.75904,0
1629114300000,47490.00,47554.12,47450.00,47541.90,1887.948,1629115199999,89682215.24728,21753,922.293,43819349.37769,0
1629115200000,47541.91,47750.00,47224.00,47365.98,9942.846,1629116099999,472098697.80553,87529,4512.812,214375904.74196,0
1629116100000,47365.98,47459.89,47250.31,47355.64,5674.167,1629116999999,268645888.13575,50741,2823.036,133664599.99810,0
1629117000000,47356.54,47437.00,47280.00,47289.21,2491.749,1629117899999,118014517.33168,24833,1124.101,53244445.95534,0
1629117900000,47289.96,47344.33,47169.54,47336.41,3473.020,1629118799999,164146770.56749,37041,1676.375,79243384.00008,0
1629118800000,47336.41,47406.68,47228.56,47276.00,2975.973,1629119699999,140775528.20456,30724,1445.406,68385088.11215,0
1629119700000,47276.00,47276.00,47067.30,47116.23,4619.601,1629120599999,217800760.10670,48929,1932.128,91091520.77977,0
1629120600000,47116.22,47206.25,46560.00,46628.42,18147.114,1629121499999,849281921.40130,151256,7868.596,368222772.31441,0
1629121500000,46628.43,46726.32,46331.92,46465.00,15647.713,1629122399999,727689889.26725,138028,7321.572,340557192.55014,0
1629122400000,46464.99,46620.00,46250.00,46429.41,10561.860,1629123299999,490573300.84137,99025,5029.343,233652435.87122,0
1629123300000,46429.40,46519.54,46337.91,46435.35,4971.640,1629124199999,230740525.83417,50502,2622.580,121729526.78848,0
1629124200000,46435.34,46435.34,46189.99,46242.90,5677.918,1629125099999,262881565.13283,60064,2581.299,119525709.35599,0
1629125100000,46242.90,46400.00,46110.00,46138.77,7622.120,1629125999999,352477402.63915,66149,3591.771,166115349.54405,0
1629126000000,46138.76,46365.28,46036.01,46129.57,9609.511,1629126899999,443712908.41674,88840,4720.200,218005343.78200,0
1629126900000,46128.93,46263.76,46100.00,46112.70,3740.828,1629127799999,172747627.87127,40947,1988.332,91827601.97825,0
1629127800000,46112.72,46360.00,45922.39,46359.42,10289.614,1629128699999,475213161.27936,84206,5210.837,240821166.82653,0
1629128700000,46359.42,46371.92,46270.00,46350.80,4237.381,1629129599999,196278783.90495,41170,2222.573,102958020.60656,0
1629129600000,46350.80,46555.00,46222.00,46491.01,7222.327,1629130499999,335252742.21508,70191,3785.255,175727076.34512,0
1629130500000,46491.01,46491.01,46288.30,46306.34,3342.188,1629131399999,154942062.65323,35987,1305.497,60519142.21565,0
1629131400000,46306.01,46415.49,46260.59,46377.54,2386.992,1629132299999,110602600.96555,27721,1300.054,60247140.86296,0
1629132300000,46377.46,46485.00,46350.00,46453.15,2251.379,1629133199999,104511295.26074,23455,1122.357,52102031.77694,0
1629133200000,46453.15,46453.15,46322.64,46358.86,2009.953,1629134099999,93203613.27501,23227,851.416,39483964.12884,0
1629134100000,46358.85,46418.72,46180.56,46266.00,2695.457,1629134999999,124764834.42901,29308,1073.101,49681277.55766,0
1629135000000,46266.01,46432.74,46200.00,46419.99,3224.449,1629135899999,149419024.82912,27478,1861.462,86260087.56722,0
1629135900000,46420.00,46550.00,46400.41,46484.81,3992.194,1629136799999,185590411.44449,35593,1922.186,89360670.01421,0
1629136800000,46482.87,46545.60,46379.61,46536.35,2598.214,1629137699999,120669662.17872,26280,1406.372,65321617.03977,0
1629137700000,46536.36,46694.41,46481.41,46546.88,4664.654,1629138599999,217365023.93827,44608,2336.328,108886081.84162,0
1629138600000,46546.88,46560.01,46380.00,46395.98,2537.357,1629139499999,117914190.98360,26848,1066.302,49560860.36865,0
1629139500000,46395.99,46546.04,46394.98,46490.32,1821.365,1629140399999,84616800.50145,19979,1084.138,50365606.31292,0
1629140400000,46490.32,46490.32,46306.15,46318.99,2525.750,1629141299999,117160595.61428,25413,1050.404,48731171.40932,0
1629141300000,46318.98,46413.08,46255.01,46259.63,2233.294,1629142199999,103449857.20307,25652,1029.037,47672194.97587,0
1629142200000,46259.63,46435.31,46257.58,46384.87,1993.019,1629143099999,92378795.59065,22101,1037.352,48085342.11261,0
1629143100000,46384.86,46384.86,46102.00,46125.24,3748.218,1629143999999,173168673.16334,40250,1592.540,73577397.50843,0
1629144000000,46125.23,46151.00,45700.00,45874.24,14401.031,1629144899999,660455350.42282,122971,6550.107,300357603.79458,0
1629144900000,45874.24,45918.55,45682.03,45799.18,6103.235,1629145799999,279364069.12554,56037,2682.152,122772718.20210,0
1629145800000,45799.18,45939.00,45751.00,45782.78,3965.128,1629146699999,181800007.27731,41433,2154.199,98779940.60358,0
1629146700000,45782.77,46129.99,45780.00,46096.47,4334.095,1629147599999,199290455.62227,44667,2543.742,116970307.77357,0
1629147600000,46093.01,46164.57,45966.35,46034.87,2654.183,1629148499999,122224046.78591,34213,1323.666,60965518.21090,0
1629148500000,46034.86,46177.01,45913.60,46152.06,2518.076,1629149399999,115861714.10083,31261,1424.547,65564929.74744,0
1629149400000,46152.05,46250.00,46147.61,46243.00,2871.776,1629150299999,132688467.75935,34285,1536.638,71002224.03421,0
1629150300000,46243.00,46274.87,46059.72,46071.70,2551.854,1629151199999,117726473.22291,25193,1070.728,49407629.76471,0
1629151200000,46071.71,46333.00,46012.13,46189.00,3340.080,1629152099999,154303696.74487,37087,1739.889,80396433.38028,0
1629152100000,46188.01,46350.00,46170.00,46188.41,2592.750,1629152999999,119940527.47326,28754,1147.481,53086967.40128,0
1629153000000,46188.41,46237.00,46080.44,46102.55,2051.213,1629153899999,94662801.98783,23171,929.548,42905531.74712,0
1629153900000,46102.54,46251.47,46063.00,46141.38,2016.896,1629154799999,93088800.65063,23572,871.541,40232196.14776,0
1629154800000,46141.37,46154.34,46002.13,46060.04,2329.924,1629155699999,107348265.91555,26998,912.154,42031806.01179,0
1629155700000,46060.73,46071.14,45733.61,45924.79,5182.483,1629156599999,237763785.49583,51884,2412.254,110668784.14599,0
1629156600000,45925.42,46199.00,45925.42,46141.89,3581.638,1629157499999,165038107.82530,36897,1822.330,83958421.53486,0
1629157500000,46141.88,46141.89,45837.00,45926.23,3897.681,1629158399999,179193578.97417,40225,1922.604,88373942.66198,0
1629158400000,45926.23,46108.60,45750.00,45815.11,5673.325,1629159299999,260396975.64895,49213,2516.894,115551542.47385,0
1629159300000,45814.29,45864.99,45240.00,45586.50,17324.711,1629160199999,788493754.50225,137504,7286.745,331643308.77810,0
1629160200000,45586.49,45699.99,45443.82,45527.46,7223.507,1629161099999,329077760.26975,60067,3615.260,164687828.58044,0
1629161100000,45527.46,45843.42,45493.86,45788.55,4592.182,1629161999999,209971701.09590,41639,2194.805,100355619.18496,0
1629162000000,45788.70,46096.00,45746.00,45986.77,5847.920,1629162899999,268703052.98219,52706,3129.708,143805077.32274,0
1629162900000,45988.61,46319.28,45950.00,46292.13,5919.558,1629163799999,273325020.92468,51140,3147.792,145330988.50680,0
1629163800000,46292.72,46292.90,46158.33,46265.82,3541.148,1629164699999,163631001.00526,33362,1459.028,67422879.54742,0
1629164700000,46265.82,46399.99,46202.08,46303.73,5084.006,1629165599999,235384038.07679,41162,2445.148,113226350.74407,0
1629165600000,46302.60,46326.75,46204.71,46310.29,2700.387,1629166499999,124992820.14240,31878,1309.130,60600681.19784,0
1629166500000,46310.28,46310.32,46165.00,46203.70,2061.228,1629167399999,95282165.53817,23972,1011.331,46753298.19504,0
1629167400000,46203.71,46448.00,46192.30,46413.62,3074.315,1629168299999,142464629.59006,31844,1690.783,78356873.06378,0
1629168300000,46412.96,46487.12,46320.52,46451.26,2879.656,1629169199999,133647712.61780,29256,1508.329,70011957.85024,0
1629169200000,46451.27,46466.71,46335.69,46370.88,2020.754,1629170099999,93727043.55028,23250,984.286,45655327.42417,0
1629170100000,46374.49,46572.62,46371.97,46500.75,3400.984,1629170999999,158045640.93656,32378,1767.476,82146748.17239,0
1629171000000,46500.75,46645.00,46447.38,46490.01,3797.305,1629171899999,176726549.79346,35707,1924.330,89570375.30971,0
1629171900000,46490.00,46490.00,46370.69,46426.12,2268.485,1629172799999,105299959.93583,25262,946.067,43914513.93756,0
1629172800000,46426.80,46599.00,46385.36,46539.39,2291.593,1629173699999,106573590.88510,26422,1218.554,56667112.59566,0
1629173700000,46539.39,46549.00,46250.71,46270.00,3137.721,1629174599999,145522356.21526,34886,1204.310,55855802.08947,0
1629174600000,46270.00,46423.83,46269.10,46364.28,1769.668,1629175499999,82049742.82056,22115,992.024,45992820.32916,0
1629175500000,46364.04,46488.67,46364.03,46380.32,1767.532,1629176399999,82073758.71335,20328,887.191,41201696.16987,0
1629176400000,46380.33,46450.00,46187.44,46190.01,3164.417,1629177299999,146505696.41124,34169,1392.232,64466722.25863,0
1629177300000,46190.00,46491.63,46036.49,46424.95,5387.124,1629178199999,249223072.58463,51662,2741.846,126884047.02940,0
1629178200000,46424.96,46475.70,46188.00,46309.02,3180.402,1629179099999,147282980.87430,31025,1608.228,74463871.38538,0
1629179100000,46309.01,46318.37,46046.17,46063.65,2557.536,1629179999999,118065460.35624,31870,1077.648,49753270.40076,0
1629180000000,46063.64,46132.47,45832.99,45904.07,7187.828,1629180899999,330339771.71073,70599,3317.967,152501836.99819,0
1629180900000,45904.07,46077.57,45880.40,46074.81,3305.734,1629181799999,152029172.76061,33139,1879.855,86459302.49737,0
1629181800000,46074.81,46077.00,45812.09,45827.08,2613.269,1629182699999,120062320.79527,30257,990.445,45518260.41082,0
1629182700000,45827.09,45949.99,45750.45,45772.01,3956.707,1629183599999,181398862.90117,38334,1877.613,86096955.44925,0
1629183600000,45772.00,45878.80,45657.00,45877.33,4327.492,1629184499999,197961658.55580,48843,2209.729,101101691.67274,0
1629184500000,45877.34,46035.00,45670.57,45707.22,4825.626,1629185399999,221250460.57743,50581,2408.323,110442915.81040,0
1629185400000,45707.23,45950.00,45681.00,45934.44,3752.025,1629186299999,171901370.05771,36997,1973.613,90440764.51771,0
1629186300000,45934.42,46000.00,45862.41,45959.99,3160.598,1629187199999,145168170.31634,28552,1679.002,77122117.18003,0
1629187200000,45959.99,46155.00,45884.79,46018.35,4266.408,1629188099999,196381525.04758,46122,2173.855,100084456.40978,0
1629188100000,46018.36,46358.00,46018.35,46342.92,4500.779,1629188999999,207949933.96308,47105,2662.352,123014280.54673,0
1629189000000,46342.92,46393.00,46231.05,46285.86,3498.830,1629189899999,161962546.64048,35945,1733.076,80229311.68088,0
1629189900000,46285.86,46324.87,46163.64,46222.40,2676.607,1629190799999,123776272.03638,28756,1326.612,61361563.97442,0
1629190800000,46223.03,46445.90,46197.20,46329.02,4455.424,1629191699999,206491422.71456,40349,2572.686,119238891.11904,0
1629191700000,46329.02,46613.88,46319.55,46519.12,7020.387,1629192599999,326379758.43074,61305,3679.700,171080594.75953,0
1629192600000,46519.12,46868.00,46517.71,46724.99,10163.305,1629193499999,474769143.73991,89160,5447.466,254479995.93733,0
1629193500000,46724.99,46884.90,46660.00,46857.18,5445.811,1629194399999,254826640.73751,50119,2915.158,136423864.13468,0
1629194400000,46854.76,46975.00,46749.00,46819.99,7630.868,1629195299999,357652037.06049,67491,3813.199,178766081.56204,0
1629195300000,46820.00,46843.38,46740.04,46810.30,3142.273,1629196199999,147027118.51797,31597,1502.268,70298196.85807,0
1629196200000,46810.31,46965.00,46760.75,46814.99,3644.176,1629197099999,170797409.40810,38676,1854.112,86909112.44736,0
1629197100000,46816.48,46936.57,46601.47,46637.00,5547.619,1629197999999,259434303.04471,50498,2260.207,105729644.70455,0
1629198000000,46636.99,46913.87,46636.99,46738.70,4288.130,1629198899999,200646252.10491,43608,2102.769,98403869.10338,0
1629198900000,46738.70,46879.00,46639.63,46834.63,3250.164,1629199799999,152021498.29741,34977,1632.422,76366288.21911,0
1629199800000,46834.64,47170.00,46834.63,47041.01,7297.071,1629200699999,342949725.24400,62706,4391.021,206384845.50444,0
1629200700000,47041.01,47194.00,46737.26,46864.78,7960.882,1629201599999,373622014.30319,69878,3740.306,175573756.55756,0
1629201600000,46864.79,47088.00,46862.02,46937.91,4883.527,1629202499999,229455577.27449,53590,2425.179,113952907.65646,0
1629202500000,46937.92,47055.00,46876.01,47013.56,2578.654,1629203399999,121148516.33999,32777,1196.035,56193282.84306,0
1629203400000,47013.36,47048.99,46700.00,46794.98,5467.248,1629204299999,255953283.54655,54995,2558.999,119801891.78737,0
1629204300000,46794.98,46861.84,46653.76,46667.09,3457.035,1629205199999,161625921.24950,36230,1589.153,74309624.61780,0
1629205200000,46667.10,46800.00,46300.00,46417.89,6979.816,1629206099999,325007111.82896,64913,3077.579,143326091.83473,0
1629206100000,46417.89,46584.34,46360.00,46536.53,6730.082,1629206999999,312835772.87230,66990,3569.965,165954013.46259,0
1629207000000,46536.53,46600.00,46377.32,46580.53,4332.287,1629207899999,201403370.05717,42396,2252.338,104718313.92597,0
1629207900000,46580.52,46586.99,46355.22,46396.71,3384.703,1629208799999,157208997.21892,35876,1498.338,69599781.26579,0
1629208800000,46396.71,46471.84,46155.95,46169.48,6640.624,1629209699999,307372419.38884,61836,3029.321,140237499.45215,0
1629209700000,46169.82,46264.63,45867.98,45933.90,10128.633,1629210599999,466606855.64486,92191,4611.201,212429567.44290,0
1629210600000,45933.90,46079.69,45867.57,45979.37,7622.929,1629211499999,350473638.69541,65387,3685.711,169482353.78830,0
1629211500000,45979.37,46125.00,45930.31,45954.47,5451.427,1629212399999,250978991.35926,51000,2853.171,131365569.44829,0
1629212400000,45954.47,46045.04,45760.88,45904.33,7450.323,1629213299999,341860465.17800,70922,3606.493,165505558.55369,0
1629213300000,45904.32,45956.47,45796.14,45930.92,3706.677,1629214199999,170020271.82205,38209,1904.936,87377061.33621,0
1629214200000,45930.92,45930.92,45700.00,45718.46,5890.220,1629215099999,269771476.21091,54076,2496.770,114360472.10893,0
1629215100000,45718.46,45844.99,45670.00,45754.47,5227.979,1629215999999,239218238.41575,50216,2634.248,120552475.24994,0
1629216000000,45754.47,45960.00,45552.01,45893.30,12094.941,1629216899999,553587896.02743,110252,6210.003,284314940.12460,0
1629216900000,45893.30,45975.50,45700.00,45876.99,4563.136,1629217799999,209143485.31508,47856,2301.734,105525607.26215,0
1629217800000,45877.00,45944.23,45700.00,45733.95,4295.463,1629218699999,196772813.70671,39407,2026.714,92867833.08752,0
1629218700000,45733.96,45867.99,45680.32,45682.62,2247.404,1629219599999,102895473.59763,26606,1038.330,47545622.39939,0
1629219600000,45680.92,45850.00,45566.00,45732.00,4759.564,1629220499999,217548845.36040,50701,2297.904,105043226.73026,0
1629220500000,45726.95,45810.00,45630.00,45799.01,2437.115,1629221399999,111392064.05353,28785,1297.872,59322580.75972,0
1629221400000,45799.01,45912.83,45674.32,45883.73,2920.318,1629222299999,133847814.44045,32885,1495.908,68570538.70118,0
1629222300000,45884.99,45949.37,45782.09,45815.42,2852.933,1629223199999,130891019.73349,29838,1282.265,58839319.44649,0
1629223200000,45815.42,46220.23,45782.37,46149.96,5983.323,1629224099999,275695013.99136,59912,3194.758,147177580.30674,0
1629224100000,46149.97,46172.42,46000.57,46080.51,2313.340,1629224999999,106568496.35583,28150,1062.745,48953228.28001,0
1629225000000,46080.51,46081.58,45700.00,45710.16,4232.406,1629225899999,194104854.90068,45676,1877.950,86129694.96239,0
1629225900000,45710.16,45958.13,45681.24,45780.00,3194.633,1629226799999,146315332.58789,34235,1544.316,70742846.75093,0
1629226800000,45779.99,45824.13,45500.00,45581.97,5303.559,1629227699999,242093641.23359,52914,2126.151,97069972.48194,0
1629227700000,45581.98,45720.94,45360.00,45677.19,7815.271,1629228599999,355585458.29022,77393,3751.270,170703281.14517,0
1629228600000,45677.19,45720.00,45463.82,45511.26,2636.693,1629229499999,120136749.58885,32911,1345.158,61294253.14515,0
1629229500000,45511.26,45610.73,45293.86,45471.21,6134.419,1629230399999,278762633.81945,59342,2830.553,128679661.13581,0
1629230400000,45471.96,45565.11,45010.00,45107.02,11578.789,1629231299999,523491811.71381,108609,4723.328,213567551.91679,0
1629231300000,45108.72,45108.73,44602.23,44750.57,16746.146,1629232199999,750861833.02273,141992,7139.145,320152357.87812,0
1629232200000,44750.56,44998.57,44550.10,44897.07,11972.154,1629233099999,536064242.25804,101725,6071.973,271933385.17919,0
1629233100000,44897.08,45136.06,44853.06,45008.54,5798.653,1629233999999,261169397.96838,58233,3035.745,136734435.64935,0
1629234000000,45008.54,45058.48,44756.05,44950.44,4289.371,1629234899999,192630919.42926,48508,2068.074,92889140.60632,0
1629234900000,44952.99,44953.18,44752.33,44939.36,2971.056,1629235799999,133224286.08819,36812,1495.450,67059581.75088,0
1629235800000,44939.36,44997.23,44768.00,44907.14,2917.364,1629236699999,131000065.12207,37164,1542.099,69245239.09350,0
1629236700000,44907.13,44999.00,44774.37,44817.30,2488.427,1629237599999,111669317.28024,28413,1244.826,55866992.13987,0
1629237600000,44818.02,44948.00,44651.15,44686.92,4638.648,1629238499999,207725409.98086,48107,2096.957,93923384.25324,0
1629238500000,44685.92,44848.95,44412.01,44743.19,8755.694,1629239399999,390628084.74864,77069,4072.589,181739481.74364,0
1629239400000,44743.19,44970.00,44680.00,44840.92,5298.956,1629240299999,237670967.63894,51963,2630.788,117996090.49571,0
1629240300000,44844.12,44953.50,44741.03,44937.23,3048.528,1629241199999,136785017.60324,34161,1524.631,68408945.33940,0
1629241200000,44937.23,44937.23,44760.81,44877.58,2170.231,1629242099999,97305036.46151,27588,1132.008,50754458.79874,0
1629242100000,44877.57,44880.00,44675.04,44825.90,2370.434,1629242999999,106099093.65948,27431,1128.173,50502568.61267,0
1629243000000,44825.90,44962.91,44652.00,44699.20,3334.800,1629243899999,149497873.08856,36439,1512.628,67817102.79637,0
1629243900000,44699.20,44795.71,44583.33,44704.84,3636.990,1629244799999,162452228.43544,36097,1797.296,80284372.07983,0
1629244800000,44704.85,45039.90,44611.80,44817.91,8320.487,1629245699999,373010502.31923,69191,3953.679,177243328.96991,0
1629245700000,44817.91,44939.68,44713.95,44749.76,3134.280,1629246599999,140532283.60273,36715,1528.052,68523603.67674,0
1629246600000,44747.39,44759.33,44550.00,44575.57,4815.531,1629247499999,214928647.13993,48629,2165.138,96658645.04167,0
1629247500000,44575.58,44888.00,44508.00,44841.48,5331.098,1629248399999,238559169.70490,49513,2513.728,112494630.58971,0
1629248400000,44841.48,44841.49,44227.32,44392.99,8066.518,1629249299999,358733470.54769,76951,3281.307,146025159.39290,0
1629249300000,44392.98,44794.04,44341.55,44707.73,6898.921,1629250199999,307817351.97741,65935,3658.150,163207503.20334,0
1629250200000,44707.72,44984.00,44703.47,44949.23,4444.883,1629251099999,199390558.60154,46240,2501.203,112206036.18157,0
1629251100000,44949.23,45148.00,44818.18,45138.99,4291.176,1629251999999,193039390.43030,48456,2347.588,105625461.65331,0
1629252000000,45139.00,45149.04,44944.19,45114.85,4094.970,1629252899999,184436844.22903,45109,1944.395,87581254.49479,0
1629252900000,45112.20,45120.97,44950.00,44974.20,2509.589,1629253799999,113013587.43700,28746,971.558,43760882.62671,0
1629253800000,44974.20,45035.70,44489.25,44865.66,7465.000,1629254699999,333795350.58077,80588,3436.119,153620214.59501,0
1629254700000,44865.66,45034.23,44758.38,44973.04,4201.645,1629255599999,188696566.40413,43859,2126.914,95529426.32152,0
1629255600000,44974.50,45017.20,44772.97,44783.41,2345.090,1629256499999,105250568.37203,30419,1148.567,51558741.22357,0
1629256500000,44783.40,44825.60,44675.00,44705.58,2447.603,1629257399999,109528307.82829,29358,1275.419,57083782.52530,0
1629257400000,44705.58,44931.01,44620.04,44835.01,2578.113,1629258299999,115504982.83146,30301,1376.051,61656427.92496,0
1629258300000,44835.00,45091.13,44824.67,45083.38,3101.372,1629259199999,139460827.02976,32174,1722.526,77470883.70873,0
1629259200000,45083.38,45300.00,45012.54,45193.01,6564.064,1629260099999,296513353.78898,62231,3429.101,154929408.60827,0
1629260100000,45193.01,45199.98,45015.97,45020.65,2324.243,1629260999999,104827080.33552,29224,1051.260,47414970.96707,0
1629261000000,45020.65,45117.00,44904.47,44935.62,2572.902,1629261899999,115774234.19435,28383,1121.346,50471373.60127,0
1629261900000,44935.62,45109.43,44868.05,45087.12,2449.548,1629262799999,110206845.12330,26686,1370.555,61668585.51801,0
1629262800000,45087.11,45246.05,45017.88,45163.69,2511.851,1629263699999,113420174.63244,30119,1185.939,53550381.36956,0
1629263700000,45163.69,45324.18,45145.60,45272.43,3179.956,1629264599999,143909119.69932,31901,1705.067,77167836.45880,0
1629264600000,45272.43,45399.90,45250.72,45385.56,3648.057,1629265499999,165337907.14703,35284,1948.995,88340288.09394,0
1629265500000,45385.56,45446.28,45341.09,45439.63,3338.327,1629266399999,151516350.83310,34180,1758.435,79819306.08428,0
1629266400000,45439.62,45449.00,45303.00,45347.85,3253.161,1629267299999,147569769.60492,32395,1479.473,67117731.31624,0
1629267300000,45347.86,45500.00,45245.27,45315.53,4414.309,1629268199999,200339781.31815,42615,2120.674,96267310.50366,0
1629268200000,45317.22,45376.71,45230.00,45289.14,2399.421,1629269099999,108661001.75099,27929,1109.966,50270441.91259,0
1629269100000,45289.72,45462.96,45289.72,45392.57,1785.773,1629269999999,81054398.55585,23851,928.994,42165955.53285,0
1629270000000,45392.57,45438.16,45215.75,45233.06,3000.949,1629270899999,135985734.58214,33989,1388.744,62935051.19860,0
1629270900000,45233.06,45286.32,45066.00,45101.99,4429.037,1629271799999,200014782.09400,44899,1899.757,85793282.89523,0
1629271800000,45101.99,45267.60,45100.56,45114.54,2810.913,1629272699999,127006603.81986,29522,1545.851,69854253.10317,0
1629272700000,45114.54,45148.94,44903.37,44957.76,4244.261,1629273599999,191017554.55480,50548,1791.660,80651465.34631,0
1629273600000,44957.76,45168.00,44952.41,45120.91,3400.319,1629274499999,153216238.48845,36331,1981.946,89316038.51563,0
1629274500000,45120.91,45239.96,44965.00,44965.00,3745.462,1629275399999,168941059.10750,41057,1869.035,84306891.88308,0
1629275400000,44965.00,45150.00,44871.00,45037.45,3872.368,1629276299999,174297473.06257,44544,1957.752,88132761.02026,0
1629276300000,45037.45,45292.47,45033.73,45264.89,2720.644,1629277199999,122955873.18185,33413,1589.210,71829061.75557,0
1629277200000,45264.88,45390.00,45133.32,45351.31,4967.012,1629278099999,224925275.32567,49248,2379.017,107732634.00513,0
1629278100000,45351.30,45430.00,45271.69,45283.26,3309.695,1629278999999,150149825.39262,39150,1580.237,71696952.75262,0
1629279000000,45282.50,45435.00,45282.50,45432.65,1767.653,1629279899999,80183692.46258,24191,977.622,44350088.64493,0
1629279900000,45432.65,45469.03,45354.65,45381.68,2356.914,1629280799999,107035416.11548,28562,1105.968,50229382.46474,0
1629280800000,45381.68,45570.00,45310.18,45311.31,6213.049,1629281699999,282439789.45566,58209,3080.985,140090255.52335,0
1629281700000,45311.31,45366.10,45169.00,45181.89,4204.241,1629282599999,190326240.58180,46369,2144.286,97086142.27923,0
1629282600000,45181.99,45345.53,45129.19,45288.07,2814.841,1629283499999,127377248.90161,32293,1406.989,63680587.80104,0
1629283500000,45288.07,45400.00,45183.79,45211.24,2715.238,1629284399999,123042523.39427,28437,1577.796,71509397.11504,0
1629284400000,45211.24,45440.40,45204.00,45204.00,3250.704,1629285299999,147364811.28980,35382,1673.249,75848509.44538,0
1629285300000,45204.00,45350.00,45059.00,45065.65,4117.240,1629286199999,186056156.09370,43975,1883.086,85108954.74800,0
1629286200000,45065.66,45139.00,44752.27,44843.15,8159.529,1629287099999,366591972.73135,81808,3726.248,167421938.42162,0
1629287100000,44843.15,44871.00,44682.00,44784.19,6556.767,1629287999999,293530919.29625,65951,3244.021,145227752.49709,0
1629288000000,44784.18,44933.00,44750.00,44750.00,4080.885,1629288899999,183006491.93917,45339,1941.340,87066938.58902,0
1629288900000,44750.00,45070.00,44677.03,44940.15,6698.475,1629289799999,300792692.38187,62786,3791.701,170317671.54195,0
1629289800000,44939.99,45000.00,44822.83,44890.94,3835.553,1629290699999,172252588.70861,34782,1857.278,83404050.78089,0
1629290700000,44890.93,45134.20,44890.93,45020.00,4053.628,1629291599999,182566852.56555,43240,2071.350,93286081.47372,0
1629291600000,45020.00,45330.60,45020.00,45198.99,6179.276,1629292499999,279391016.07718,57476,3438.856,155478118.28439,0
1629292500000,45199.00,45400.00,45199.00,45323.42,3932.235,1629293399999,178214591.61204,41062,2224.109,100797390.84143,0
1629293400000,45323.41,45395.70,45182.00,45205.82,3758.038,1629294299999,170173636.82834,39361,1738.152,78706499.25139,0
1629294300000,45205.82,45323.34,45121.01,45274.33,3395.573,1629295199999,153548781.13830,36271,1776.452,80333554.44156,0
1629295200000,45274.33,45379.58,45237.07,45295.60,3170.243,1629296099999,143623233.98988,31761,1652.813,74875692.27496,0
1629296100000,45295.61,45500.00,45295.60,45339.50,5388.411,1629296999999,244697304.15325,48752,2911.029,132195559.77763,0
1629297000000,45339.51,45415.54,45166.00,45309.84,3601.371,1629297899999,163148977.65516,36854,1874.197,84905644.46861,0
1629297900000,45309.83,45480.00,45236.01,45419.98,3240.284,1629298799999,147000318.18724,35486,1835.666,83296586.93998,0
1629298800000,45419.99,45480.00,45266.60,45301.06,2665.349,1629299699999,120851790.81054,33446,1326.706,60158058.73352,0
1629299700000,45301.06,45375.55,45229.55,45249.75,2743.943,1629300599999,124255330.32219,29599,1195.139,54118770.32882,0
1629300600000,45249.74,45430.00,45204.27,45368.00,2546.572,1629301499999,115423713.00165,30326,1357.551,61534718.48339,0
1629301500000,45368.01,45850.00,45363.75,45827.23,13429.382,1629302399999,613643596.68424,124187,7711.459,352344383.48382,0
1629302400000,45827.73,45869.99,45656.00,45687.12,6873.045,1629303299999,314472919.25586,67582,3372.095,154292224.93792,0
1629303300000,45687.12,45747.57,45610.00,45700.79,3750.598,1629304199999,171321728.63314,40129,1993.018,91035838.19411,0
1629304200000,45700.79,45900.00,45700.79,45800.45,4017.886,1629305099999,184042929.08439,42927,2156.330,98781247.13558,0
1629305100000,45800.46,45998.97,45754.16,45889.89,5569.679,1629305999999,255618154.67765,56547,3034.524,139286670.52494,0
1629306000000,45889.89,45938.87,45760.00,45817.18,3001.488,1629306899999,137577965.79495,32857,1389.856,63713859.05179,0
1629306900000,45817.17,45891.69,45740.23,45838.09,2905.414,1629307799999,133096100.00757,26262,1324.456,60682327.45277,0
1629307800000,45838.10,45899.31,45760.13,45813.14,2013.883,1629308699999,92281978.47451,23972,1014.227,46479411.99714,0
1629308700000,45813.15,45940.00,45781.82,45835.32,2164.597,1629309599999,99282132.46096,25426,1140.662,52324620.43599,0
1629309600000,45835.32,46050.00,45540.99,45621.53,7914.616,1629310499999,362390286.76105,72248,3697.421,169383193.85074,0
1629310500000,45621.53,45718.92,45510.00,45636.30,4723.906,1629311399999,215527023.01579,48393,2283.293,104183276.70752,0
1629311400000,45636.30,45800.00,45574.30,45581.31,2862.918,1629312299999,130875121.97765,31069,1313.109,60038178.61697,0
1629312300000,45581.31,45643.89,45351.49,45422.48,4820.012,1629313199999,219327996.66972,44004,2224.003,101225583.38281,0
1629313200000,45422.49,45534.89,45331.31,45336.49,2881.627,1629314099999,131009442.90625,30791,1562.206,71037014.13666,0
1629314100000,45336.49,45435.22,45006.63,45086.07,7815.698,1629314999999,353194029.77572,70984,3571.646,161421884.57755,0
1629315000000,45086.08,45150.92,44900.01,44923.51,5664.806,1629315899999,254885564.43965,57597,2916.873,131251315.90275,0
1629315900000,44921.99,45024.21,44793.99,44922.74,7054.436,1629316799999,316676678.10810,61658,3608.810,162018633.69172,0
1629316800000,44922.73,45026.65,44770.00,44933.72,4994.937,1629317699999,224236235.07328,49857,2710.654,121704395.97585,0
1629317700000,44933.72,44953.69,44778.24,44881.14,3215.889,1629318599999,144274204.53319,34708,1647.605,73924154.23909,0
1629318600000,44881.16,44900.00,44700.00,44779.53,4123.556,1629319499999,184646642.51227,41194,1629.017,72957763.58676,0
1629319500000,44779.52,44779.52,44546.10,44552.09,5747.256,1629320399999,256448347.29798,56772,2601.017,116066852.60052,0
1629320400000,44552.09,44800.00,44401.01,44708.90,7725.608,1629321299999,344525849.28429,70383,4072.523,181664969.08263,0
1629321300000,44708.91,44717.18,44487.41,44684.56,3075.348,1629322199999,137111089.70818,36553,1632.268,72779075.25401,0
1629322200000,44681.47,44681.47,44550.00,44669.99,1745.382,1629323099999,77844275.65121,23808,897.555,40033566.75786,0
1629323100000,44669.98,44720.00,44577.46,44588.94,2017.764,1629323999999,90096483.88150,22504,944.628,42184285.71096,0
1629324000000,44588.95,44837.31,44523.72,44823.87,4000.045,1629324899999,178706423.80159,37258,2265.626,101244957.39264,0
1629324900000,44823.87,44900.00,44722.09,44879.23,3849.226,1629325799999,172515913.87911,34850,1929.551,86492304.20077,0
1629325800000,44879.22,44879.22,44741.50,44814.40,2055.770,1629326699999,92078713.46159,22345,944.596,42309316.68113,0
1629326700000,44814.40,44933.34,44740.69,44875.27,2095.020,1629327599999,93894203.31449,22045,1227.333,55007133.21613,0
1629327600000,44875.27,44979.00,44820.06,44963.00,2316.418,1629328499999,104056851.89954,29132,1166.806,52420576.96456,0
1629328500000,44963.00,45090.00,44910.00,45079.66,2272.363,1629329399999,102235309.84539,27800,1290.257,58062189.33606,0
1629329400000,45079.66,45199.00,44955.00,44962.29,4734.421,1629330299999,213416907.36418,40785,2297.822,103605103.88859,0
1629330300000,44962.29,45040.00,44700.00,44714.09,3968.604,1629331199999,178100719.12570,40561,1618.539,72654637.28055,0
1629331200000,44714.09,44976.50,44630.71,44650.60,5549.279,1629332099999,248682227.01399,48873,2751.298,123298155.80228,0
1629332100000,44650.87,44833.20,44500.00,44694.60,5863.140,1629332999999,261850009.21820,55547,2926.283,130688206.96550,0
1629333000000,44696.33,44840.00,44550.00,44821.66,4026.004,1629333899999,179909560.53226,41033,2333.772,104317966.33753,0
1629333900000,44821.66,45098.00,44821.65,45058.66,4016.028,1629334799999,180594388.81166,41054,2229.902,100290332.74392,0
1629334800000,45058.66,45058.66,44880.63,45045.68,2824.602,1629335699999,127021086.03649,31123,1253.232,56358604.30583,0
1629335700000,45045.90,45138.40,44987.92,45108.49,2771.643,1629336599999,124920606.01165,30415,1527.494,68849793.44657,0
1629336600000,45108.48,45192.00,45050.89,45191.86,2027.597,1629337499999,91540508.23240,25202,1021.641,46125937.66507,0
1629337500000,45191.86,45243.81,44957.79,44971.98,3182.704,1629338399999,143546086.73250,32853,1494.850,67453774.04404,0
1629338400000,44970.83,44970.83,44764.02,44830.00,3957.122,1629339299999,177494631.20843,39700,1833.387,82234567.97470,0
1629339300000,44830.01,44876.57,44645.32,44707.00,3717.049,1629340199999,166307825.16386,35371,1594.774,71368985.32031,0
1629340200000,44707.00,44791.57,44640.00,44656.99,2657.538,1629341099999,118803424.54932,25635,1294.741,57883925.20065,0
1629341100000,44656.99,44727.24,44586.07,44599.84,2295.610,1629341999999,102503588.91511,23503,945.991,42247874.12246,0
1629342000000,44599.84,44627.33,44255.00,44303.13,9180.831,1629342899999,407678165.99917,79312,3865.197,171637524.47844,0
1629342900000,44302.31,44360.83,44125.00,44143.71,7883.129,1629343799999,348872104.00431,65906,3203.894,141838018.79386,0
1629343800000,44143.71,44336.00,44062.61,44203.92,7255.772,1629344699999,320648583.22974,63762,3665.901,162027730.90978,0
1629344700000,44205.11,44307.46,44050.00,44058.62,4381.599,1629345599999,193478041.60721,42719,1930.952,85292161.68819,0
1629345600000,44058.61,44253.00,43948.53,44106.58,8220.467,1629346499999,362516306.65563,73248,3728.443,164484573.02541,0
1629346500000,44104.93,44326.78,43938.38,44308.99,5794.693,1629347399999,255907440.03417,54874,3040.571,134346898.81321,0
1629347400000,44308.83,44340.00,44202.00,44286.05,2886.729,1629348299999,127795842.52433,30594,1490.405,65986766.71668,0
1629348300000,44284.32,44284.32,44110.00,44150.12,2242.995,1629349199999,99102337.33499,26078,1037.755,45849466.90626,0
1629349200000,44151.18,44270.00,44061.78,44200.01,3303.321,1629350099999,145929597.58054,31536,1714.517,75734138.61768,0
1629350100000,44200.01,44470.00,44173.38,44440.02,3962.481,1629350999999,175712795.69509,39752,2257.725,100114948.25760,0
1629351000000,44440.01,44499.93,44350.10,44434.40,2781.819,1629351899999,123587701.94721,32780,1292.338,57414523.79984,0
1629351900000,44433.00,44490.97,44376.17,44404.65,1935.480,1629352799999,86000610.19329,22958,998.421,44369950.42047,0
1629352800000,44404.65,44449.35,44214.41,44272.22,3131.088,1629353699999,138731727.62141,30609,1346.679,59672635.87452,0
1629353700000,44272.20,44409.33,44219.39,44367.56,2078.816,1629354599999,92155092.10915,24386,1112.246,49303929.94646,0
1629354600000,44367.56,44460.00,44325.00,44346.14,2144.290,1629355499999,95225405.38762,26553,1052.988,46764384.10204,0
1629355500000,44346.14,44533.40,44264.01,44396.58,3727.360,1629356399999,165523384.45486,34243,1806.259,80212915.80966,0
1629356400000,44397.01,44524.03,44350.00,44518.98,1834.681,1629357299999,81576116.96461,23667,915.477,40707695.02590,0
1629357300000,44519.00,44529.78,44370.56,44387.12,1916.198,1629358199999,85159169.67844,23170,841.142,37384334.45055,0
1629358200000,44387.11,44450.00,44273.39,44366.54,3453.646,1629359099999,153153479.80746,33415,1583.138,70208068.96117,0
1629359100000,44366.53,44689.97,44226.44,44684.87,6530.385,1629359999999,290440371.05875,60535,3362.351,149582033.47831,0
1629360000000,44684.26,44980.00,44450.00,44490.00,13766.782,1629360899999,616515876.77268,121738,6493.987,290870659.02736,0
1629360900000,44489.99,44762.18,44360.51,44731.89,7766.982,1629361799999,345931023.15914,67326,4288.113,190992797.69038,0
1629361800000,44732.61,44877.70,44660.47,44728.46,4346.040,1629362699999,194553690.29628,42770,2099.060,93983413.67112,0
1629362700000,44728.45,44787.92,44588.06,44713.30,3536.028,1629363599999,157988430.56803,33641,1779.912,79528113.53760,0
1629363600000,44713.29,44862.63,44691.14,44772.79,2440.775,1629364499999,109327659.20952,29625,1251.436,56055758.73976,0
1629364500000,44772.78,44792.78,44605.85,44752.90,3162.084,1629365399999,141336569.02127,32010,1419.818,63461003.75475,0
1629365400000,44752.90,44856.00,44718.78,44841.64,3489.189,1629366299999,156271237.60521,31747,1908.017,85461880.08700,0
1629366300000,44841.64,44887.56,44750.00,44764.73,2256.233,1629367199999,101131199.07824,24254,890.719,39929651.52808,0
1629367200000,44764.73,44860.00,44656.05,44657.77,2671.488,1629368099999,119617514.99089,30151,1157.173,51824293.73254,0
1629368100000,44657.76,44733.15,44558.00,44713.90,3522.926,1629368999999,157290383.39282,38632,1805.540,80617373.86883,0
1629369000000,44713.90,44736.53,44477.00,44489.26,3763.230,1629369899999,167732917.82987,38700,1672.942,74574150.10206,0
1629369900000,44487.62,44496.36,44362.05,44386.99,4383.069,1629370799999,194742182.59787,40425,2022.270,89855772.86205,0
1629370800000,44387.00,44451.69,44227.00,44350.01,4700.620,1629371699999,208453033.71442,45034,2272.671,100795887.00884,0
1629371700000,44350.00,44521.64,44305.00,44382.79,3326.207,1629372599999,147771106.33374,34386,1826.298,81147122.29784,0
1629372600000,44382.79,44487.62,44275.05,44294.54,2825.614,1629373499999,125445740.76453,27708,1240.639,55096821.90763,0
1629373500000,44294.54,44396.99,44199.72,44235.00,4066.508,1629374399999,180098806.31554,37336,1952.830,86512813.10459,0
1629374400000,44235.01,44315.73,44151.00,44295.91,4255.374,1629375299999,188157087.40916,46564,2298.521,101644658.27757,0
1629375300000,44295.68,44479.91,44250.39,44411.96,4405.947,1629376199999,195550596.02387,41598,2296.184,101919160.03626,0
1629376200000,44411.96,44550.00,44359.45,44493.22,3356.299,1629377099999,149188020.88163,33431,1748.734,77742254.06239,0
1629377100000,44492.99,44623.00,44430.66,44585.27,3666.468,1629377999999,163251701.85547,35618,1967.401,87620037.90218,0
1629378000000,44585.70,44717.72,44516.00,44667.07,4031.784,1629378899999,179951670.00954,44071,2094.420,93490973.09931,0
1629378900000,44667.07,44724.85,44454.10,44455.83,3230.378,1629379799999,144089233.37925,35809,1295.753,57826141.52432,0
1629379800000,44457.13,44828.15,44400.77,44805.65,7764.016,1629380699999,346630438.31386,65774,4199.517,187520916.04228,0
1629380700000,44805.64,45000.00,44800.00,44987.90,8157.747,1629381599999,366361978.87259,71894,4310.527,193603857.58534,0
1629381600000,44987.90,45341.95,44987.90,45246.53,13762.229,1629382499999,621876063.55652,125170,7548.628,341112133.02236,0
1629382500000,45246.54,45495.00,45235.00,45235.03,10219.298,1629383399999,463619623.69135,97598,5407.352,245361620.17745,0
1629383400000,45235.89,45398.00,45155.51,45301.00,6843.983,1629384299999,309920920.48018,69370,3368.498,152556684.27137,0
1629384300000,45301.00,45489.33,45258.99,45473.82,5325.983,1629385199999,241689621.59045,52829,3167.297,143746061.37257,0
1629385200000,45473.82,45750.00,45473.81,45574.66,10257.563,1629386099999,468028851.89392,97207,5430.689,247784241.82834,0
1629386100000,45574.30,45657.41,45503.50,45566.91,3628.885,1629386999999,165442685.48390,38473,1966.017,89646185.30946,0
1629387000000,45566.90,45780.00,45566.90,45641.85,4459.150,1629387899999,203599355.61826,47573,2346.394,107140660.85102,0
1629387900000,45641.86,45816.88,45641.85,45789.99,4677.901,1629388799999,213963722.50341,51889,2538.471,116117032.01632,0
1629388800000,45790.00,45959.63,45590.00,45616.50,11126.671,1629389699999,509509605.37898,99408,5556.973,254523885.15730,0
1629389700000,45616.50,45764.78,45616.50,45754.26,3163.905,1629390599999,144670569.99584,34465,1718.257,78568586.10141,0
1629390600000,45754.26,45850.00,45700.00,45766.91,3060.816,1629391499999,140154219.35120,34472,1457.126,66725322.17515,0
1629391500000,45766.90,45839.69,45605.00,45622.54,3077.743,1629392399999,140698035.96539,33829,1383.246,63236335.21408,0
1629392400000,45622.53,45706.38,45427.01,45512.01,6227.726,1629393299999,283612943.09857,64338,2728.224,124254799.38275,0
1629393300000,45512.00,45732.15,45512.00,45655.00,3586.931,1629394199999,163634224.21207,37139,2026.814,92468178.21910,0
1629394200000,45655.01,45788.00,45632.86,45670.31,2718.607,1629395099999,124279888.46890,30353,1446.554,66127699.38416,0
1629395100000,45670.31,45823.37,45670.31,45735.71,2507.184,1629395999999,114715746.65175,28946,1215.628,55624340.42866,0
1629396000000,45736.24,45820.00,45686.59,45753.12,2098.826,1629396899999,96063262.37934,25113,1024.300,46883253.84552,0
1629396900000,45753.12,46700.00,45750.78,46393.54,21408.962,1629397799999,991693325.57541,172115,12706.815,588345253.01056,0
1629397800000,46393.54,46783.00,46393.54,46598.01,11332.155,1629398699999,528037865.19802,104672,5758.991,268377309.34161,0
1629398700000,46598.99,46691.05,46442.90,46580.72,5349.284,1629399599999,248966736.69659,50494,2662.025,123925858.69813,0
1629399600000,46578.41,46774.99,46533.24,46550.18,5936.742,1629400499999,277044119.58361,61225,2930.232,136761739.56200,0
1629400500000,46550.18,46717.64,46500.06,46697.82,3580.214,1629401399999,166845568.48990,36799,2102.390,97995710.79883,0
1629401400000,46697.82,46749.00,46622.00,46694.12,2583.942,1629402299999,120667488.50786,32507,997.817,46600864.31806,0
1629402300000,46694.11,46749.99,46573.24,46719.82,2987.236,1629403199999,139423092.27481,31094,1515.176,70721910.88683,0
1629403200000,46719.82,46886.00,46451.60,46460.72,8884.468,1629404099999,414718752.87152,72388,4288.903,200268870.48101,0
1629404100000,46461.19,46585.36,46456.76,46537.63,2661.703,1629404999999,123848026.15194,30983,1394.227,64875550.39537,0
1629405000000,46537.63,46677.41,46525.77,46674.68,2264.181,1629405899999,105522670.38491,24202,1318.994,61477214.67609,0
1629405900000,46674.68,46674.69,46467.51,46613.11,2080.554,1629406799999,96877007.02295,25330,905.986,42182449.29092,0
1629406800000,46613.10,46641.80,46510.00,46526.02,1564.730,1629407699999,72865715.11480,21116,729.157,33953257.07604,0
1629407700000,46526.02,46650.00,46510.09,46560.24,2112.421,1629408599999,98398550.41340,23292,1070.562,49871762.49236,0
1629408600000,46560.23,46636.50,46543.36,46557.80,1110.022,1629409499999,51711924.83823,16122,566.429,26388187.62512,0
1629409500000,46557.81,46734.90,46557.80,46616.03,2307.381,1629410399999,107669736.53614,23032,1228.111,57310275.11817,0
1629410400000,46616.03,46689.99,46511.00,46586.06,2005.299,1629411299999,93430312.94908,22102,894.862,41695645.26800,0
1629411300000,46586.06,46613.13,46367.73,46563.67,3954.221,1629412199999,183826123.98693,39369,1718.412,79899937.55441,0
1629412200000,46563.68,46588.81,46400.61,46406.05,2050.662,1629413099999,95335582.40507,22903,917.116,42634098.29467,0
1629413100000,46405.62,46838.62,46404.17,46832.67,3730.866,1629413999999,173957364.12288,36313,2239.417,104416282.15497,0
1629414000000,46832.14,47100.00,46571.13,46636.98,10351.349,1629414899999,485268828.90486,93549,5298.803,248522687.49280,0
1629414900000,46636.99,46736.40,46522.39,46604.05,3287.678,1629415799999,153245982.66724,32947,1544.204,71984917.37690,0
1629415800000,46605.00,46700.00,46558.00,46682.32,1971.757,1629416699999,91988711.77090,23062,1035.022,48288212.00816,0
1629416700000,46682.33,46778.02,46575.00,46772.00,2717.050,1629417599999,126823091.05699,25350,1438.603,67160509.56302,0
1629417600000,46772.00,46888.00,46650.00,46863.44,5339.633,1629418499999,249782876.60892,50960,2667.093,124775904.16703,0
1629418500000,46863.44,47499.90,46793.06,47277.16,14034.047,1629419399999,662393872.48776,114060,8276.642,390564907.89430,0
1629419400000,47277.17,47394.00,47223.46,47272.64,5160.341,1629420299999,244111161.17827,49160,2435.130,115205904.44216,0
1629420300000,47272.68,47300.00,47090.77,47162.70,4590.112,1629421199999,216462969.55026,42788,2101.677,99111908.18604,0
1629421200000,47162.69,47197.15,46924.75,47073.00,4036.270,1629422099999,189888613.09161,40681,1867.290,87865178.69041,0
1629422100000,47072.99,47238.67,47020.00,47068.97,2764.560,1629422999999,130309646.83199,29320,1359.266,64083696.32312,0
1629423000000,47068.97,47267.96,47062.49,47253.98,2508.102,1629423899999,118383151.10075,27626,1424.074,67219522.59360,0
1629423900000,47253.50,47319.88,47160.00,47211.83,2508.769,1629424799999,118526366.21620,26685,1142.644,53994546.94244,0
1629424800000,47211.82,47244.91,47121.00,47126.82,2129.547,1629425699999,100442020.97877,22655,769.649,36301925.37290,0
1629425700000,47126.82,47286.99,47102.12,47243.36,1982.678,1629426599999,93616163.37432,22186,1000.436,47233154.22080,0
1629426600000,47243.36,47343.99,47165.18,47227.04,2204.819,1629427499999,104186418.01960,24515,1029.878,48669962.49400,0
1629427500000,47227.04,47339.10,47141.42,47180.01,2113.948,1629428399999,99804220.95660,21688,961.878,45416555.41752,0
1629428400000,47180.01,47220.00,47050.00,47102.89,2577.068,1629429299999,121433855.09969,27426,1106.137,52129656.47402,0
1629429300000,47102.89,47140.98,47000.00,47029.51,2773.706,1629430199999,130534448.63762,28175,1278.482,60174861.71037,0
1629430200000,47029.50,47181.76,47023.20,47124.01,2159.056,1629431099999,101735219.83393,23298,1148.979,54139810.00145,0
1629431100000,47124.00,47184.82,47040.00,47092.39,1312.008,1629431999999,61803017.43884,17806,568.911,26801005.93184,0
1629432000000,47092.39,47232.24,47018.00,47154.84,2679.515,1629432899999,126260555.42524,27071,1583.874,74631393.01476,0
1629432900000,47154.84,47250.00,47072.05,47094.06,2259.505,1629433799999,106592010.73181,22782,994.169,46907799.49730,0
1629433800000,47094.06,47181.42,47057.31,47180.26,1640.978,1629434699999,77304095.73376,19983,975.620,45963652.96267,0
1629434700000,47180.27,47228.96,47086.66,47144.91,1574.794,1629435599999,74275971.75120,19270,811.204,38261894.94968,0
1629435600000,47144.91,47165.38,46936.00,46954.27,3654.752,1629436499999,171865194.17808,36207,1466.238,68955447.49160,0
1629436500000,46954.27,47066.00,46941.26,47059.99,2531.589,1629437399999,119024919.31729,26771,1369.589,64397072.76437,0
1629437400000,47059.99,47231.20,47025.19,47111.80,3210.123,1629438299999,151312725.19499,30733,1631.742,76918823.06257,0
1629438300000,47111.81,47181.76,47030.80,47180.45,1759.391,1629439199999,82884992.92421,20821,1000.397,47130604.78745,0
1629439200000,47181.76,47260.00,47103.24,47231.50,2619.069,1629440099999,123624552.23592,30880,1440.392,67994428.71722,0
1629440100000,47231.49,47233.33,47149.32,47175.62,1465.813,1629440999999,69168445.89528,20081,636.877,30053695.64155,0
1629441000000,47175.16,47175.16,47040.00,47055.67,2250.052,1629441899999,105958748.51974,24238,1011.141,47616468.53343,0
1629441900000,47055.66,47213.01,47036.03,47200.94,2056.608,1629442799999,96936995.98836,21063,1253.750,59094645.73255,0
1629442800000,47200.94,47237.27,47090.80,47092.48,2111.850,1629443699999,99610911.56885,21713,952.865,44949070.27442,0
1629443700000,47092.49,47193.30,47060.00,47080.94,1644.773,1629444599999,77516949.34730,19244,860.389,40552606.44622,0
1629444600000,47080.93,47098.97,46900.39,47006.34,4490.666,1629445499999,210948310.78374,45179,2234.597,104968372.84005,0
1629445500000,47005.60,47007.90,46733.00,46871.29,6892.541,1629446399999,322870963.15967,59785,2962.280,138767145.02470,0
1629446400000,46871.29,47012.50,46766.80,46780.00,5148.368,1629447299999,241457791.31156,50582,2689.360,126142043.84475,0
1629447300000,46779.48,46969.00,46770.02,46933.78,2171.697,1629448199999,101863341.53145,28768,1097.108,51459668.80830,0
1629448200000,46933.77,46949.99,46786.99,46813.51,3417.878,1629449099999,160153277.13621,30889,1493.725,69988312.81511,0
1629449100000,46814.60,46934.00,46790.00,46933.46,1858.735,1629449999999,87115002.49776,22198,1075.722,50417038.84498,0
1629450000000,46933.45,47241.16,46916.62,47170.00,6123.167,1629450899999,288485893.74596,57626,3530.541,166321394.84383,0
1629450900000,47170.00,47175.00,47035.99,47068.84,2774.940,1629451799999,130669474.14734,29397,1244.575,58613257.07541,0
1629451800000,47068.83,47307.08,47011.16,47303.11,5583.169,1629452699999,263585055.22288,52276,3127.430,147661560.79502,0
1629452700000,47303.10,47357.77,47170.00,47219.88,3199.051,1629453599999,151154307.16371,34469,1514.226,71552429.09668,0
1629453600000,47219.87,47294.72,47142.00,47210.00,2319.237,1629454499999,109469310.90900,27421,1274.613,60164294.98326,0
1629454500000,47210.00,47268.78,47160.33,47244.83,1832.134,1629455399999,86497987.39443,22965,880.302,41557744.94267,0
1629455400000,47244.83,47386.79,47208.00,47253.40,3375.408,1629456299999,159631991.83374,35659,1702.206,80508175.60239,0
1629456300000,47253.40,47272.98,47171.58,47246.37,2244.636,1629457199999,105999508.45449,24583,1216.747,57462589.10851,0
1629457200000,47246.37,47252.24,47097.60,47106.81,2850.383,1629458099999,134390882.17734,30355,1184.445,55843175.56984,0
1629458100000,47106.82,47217.44,47025.59,47132.01,2837.563,1629458999999,133673723.85869,32115,1358.649,64017867.94889,0
1629459000000,47132.00,47155.00,46980.00,47047.77,2379.723,1629459899999,111956615.85005,29249,1068.790,50288351.58691,0
1629459900000,47047.13,47047.13,46900.55,46961.01,3181.001,1629460799999,149409228.25156,35999,1561.436,73343944.43320,0
1629460800000,46961.49,47084.48,46914.16,47044.00,3105.019,1629461699999,145941953.58494,32032,1730.017,81327891.84294,0
1629461700000,47044.00,47188.58,46986.32,47145.19,3031.868,1629462599999,142721699.93050,30149,1802.986,84883396.51374,0
1629462600000,47145.19,47145.19,46998.66,47002.94,1766.640,1629463499999,83132694.98997,21849,764.748,35987357.10581,0
1629463500000,47002.95,47222.00,46935.27,47196.62,4182.270,1629464399999,197082877.42972,39372,2325.486,109600501.24581,0
1629464400000,47196.62,47275.56,47142.01,47200.01,2841.537,1629465299999,134146047.33929,31867,1427.462,67391438.19378,0
1629465300000,47200.01,47647.00,47155.29,47483.63,9103.972,1629466199999,431827057.85785,78250,5286.363,250731375.97711,0
1629466200000,47483.63,47698.26,47433.23,47660.00,7440.906,1629467099999,353927884.91219,68606,3943.200,187582691.48038,0
1629467100000,47659.99,47869.39,47557.42,47835.44,10097.359,1629467999999,481670980.09835,91096,5326.898,254203152.89466,0
1629468000000,47835.38,47924.12,47675.00,47875.76,7658.554,1629468899999,366024200.72828,80886,3735.786,178589446.58633,0
1629468900000,47876.10,48073.40,47840.00,47992.21,12540.408,1629469799999,601424313.99533,109574,6642.294,318599437.38584,0
1629469800000,47992.21,48500.00,47900.00,48419.88,17714.045,1629470699999,854773769.43427,152696,10200.015,492253439.53762,0
1629470700000,48419.88,48710.96,48391.36,48600.02,15082.083,1629471599999,732563460.30146,145732,7818.966,379824032.59098,0
1629471600000,48600.01,48658.00,48248.55,48297.29,13758.122,1629472499999,665517590.97945,107636,6005.779,290493324.35873,0
1629472500000,48297.29,48500.00,48282.20,48431.82,4352.750,1629473399999,210762857.12235,46779,2340.584,113329658.51663,0
1629473400000,48431.83,48580.18,48376.46,48558.57,4109.969,1629474299999,199283590.70812,41317,2236.182,108435535.67946,0
1629474300000,48558.58,48765.46,48461.05,48752.38,6965.224,1629475199999,338645926.70429,67623,3872.485,188329708.33208,0
1629475200000,48750.99,48888.00,48618.87,48824.34,9527.798,1629476099999,464462400.04830,91454,4968.173,242241338.04959,0
1629476100000,48824.34,49098.00,48768.00,49090.01,10730.140,1629476999999,525115245.00827,100157,6044.705,295876469.63993,0
1629477000000,49090.01,49178.31,48653.04,48814.74,10401.855,1629477899999,507807220.23515,94413,4684.040,228720277.83166,0
1629477900000,48814.73,48816.06,48500.00,48778.13,6094.867,1629478799999,296747288.97484,57258,2884.124,140463037.26131,0
1629478800000,48777.61,48904.11,48725.12,48789.99,3231.211,1629479699999,157728582.36693,37863,1603.605,78286995.26252,0
1629479700000,48789.99,48867.58,48660.61,48700.01,2770.394,1629480599999,135080785.42237,32748,1258.514,61371180.22914,0
1629480600000,48700.01,48776.21,48618.40,48634.33,3461.459,1629481499999,168498599.35027,35641,1573.932,76620201.49470,0
1629481500000,48634.33,48790.00,48634.33,48686.00,2520.102,1629482399999,122780895.13128,29204,1344.089,65486742.25744,0
1629482400000,48685.99,48768.00,48570.00,48623.85,3218.022,1629483299999,156615311.17624,33198,1497.252,72870646.80456,0
1629483300000,48623.85,48683.68,48524.00,48524.00,2577.668,1629484199999,125295060.82838,29782,1093.821,53173539.15606,0
1629484200000,48523.52,48618.22,48324.28,48459.70,6680.115,1629485099999,323526337.79471,61693,3307.890,160215463.32191,0
1629485100000,48459.71,48554.99,48414.00,48482.83,2903.685,1629485999999,140792547.79594,32463,1419.338,68825499.09147,0
1629486000000,48482.84,48570.00,48452.83,48459.05,2276.549,1629486899999,110432227.15187,27927,1133.367,54981832.36060,0
1629486900000,48459.05,48674.00,48434.91,48570.71,2718.071,1629487799999,132013462.31197,31164,1549.190,75250955.79547,0
1629487800000,48570.71,48739.71,48565.00,48713.59,2127.164,1629488699999,103510669.04023,27088,1199.642,58377830.07926,0
1629488700000,48713.59,48735.88,48614.22,48692.29,1630.175,1629489599999,79343740.52942,20882,703.257,34229431.72885,0
1629489600000,48693.16,48790.00,48605.74,48773.00,2002.855,1629490499999,97514613.37107,23425,1012.896,49322736.80883,0
1629490500000,48772.99,48847.25,48672.82,48809.99,2215.345,1629491399999,107999417.35058,25905,1173.783,57228169.43081,0
1629491400000,48809.99,48850.05,48672.00,48685.24,2204.111,1629492299999,107463665.91536,24402,1038.564,50642594.75103,0
1629492300000,48683.65,48735.00,48632.99,48655.39,1724.073,1629493199999,83927273.18500,20445,838.167,40804881.13803,0
1629493200000,48655.38,48797.73,48637.03,48728.10,2081.694,1629494099999,101451540.82415,22507,1136.627,55395323.12625,0
1629494100000,48728.11,48749.74,48670.39,48739.66,1066.282,1629494999999,51936714.22237,17652,434.373,21158156.25515,0
1629495000000,48739.67,48920.00,48739.23,48919.99,2566.901,1629495899999,125384862.88643,31101,1621.490,79206268.11634,0
1629495900000,48919.99,49500.00,48844.99,49378.76,9905.592,1629496799999,487161753.55725,84281,6475.982,318557174.78484,0
1629496800000,49378.77,49446.97,49070.62,49238.38,6649.454,1629497699999,327314881.71281,65518,2957.910,145592727.97300,0
1629497700000,49238.39,49238.40,49070.79,49132.29,2905.391,1629498599999,142759900.23981,33075,1327.865,65249966.79465,0
1629498600000,49130.00,49184.10,48979.60,48995.05,3099.112,1629499499999,152095764.65057,30868,1204.563,59129703.98618,0
1629499500000,48993.89,49247.00,48950.45,49214.15,4440.801,1629500399999,218205988.94067,38901,2616.674,128586276.00892,0
1629500400000,49214.16,49283.00,49096.98,49198.19,3058.571,1629501299999,150455156.31712,30176,1273.846,62672593.48656,0
1629501300000,49198.20,49289.00,49168.01,49168.01,2114.437,1629502199999,104112099.87982,25126,1033.389,50887314.98674,0
1629502200000,49168.01,49254.95,49113.95,49229.84,1743.617,1629503099999,85792333.46679,22430,899.262,44247686.63079,0
1629503100000,49229.85,49368.03,49000.00,49332.74,4767.071,1629503999999,234521732.01115,40533,2386.482,117440468.12594,0
1629504000000,49332.99,49380.00,49030.13,49086.02,4839.765,1629504899999,238128732.03887,43248,2404.014,118271855.09915,0
1629504900000,49086.02,49196.39,48800.00,48838.57,5169.365,1629505799999,253163234.15266,47635,2193.887,107473191.53507,0
1629505800000,48838.56,49056.40,48720.76,49000.01,4701.033,1629506699999,229886725.43166,47666,2457.917,120210497.25224,0
1629506700000,49000.00,49076.79,48891.86,48891.87,2235.015,1629507599999,109512729.49783,25672,951.485,46631564.17336,0
1629507600000,48891.87,48992.65,48817.00,48949.10,2238.581,1629508499999,109493107.89138,24865,1107.807,54196546.01969,0
1629508500000,48949.10,49047.31,48868.30,48877.57,2056.660,1629509399999,100731190.14540,22097,1032.137,50561794.15575,0
1629509400000,48883.28,48995.00,48830.00,48915.35,1717.297,1629510299999,83988693.35381,20386,775.919,37947384.34564,0
1629510300000,48916.56,49099.98,48906.42,49067.00,2135.702,1629511199999,104693541.74078,22058,1253.472,61450419.31240,0
1629511200000,49067.00,49079.00,48982.61,49015.16,1603.989,1629512099999,78635444.00391,19539,641.047,31428155.13523,0
1629512100000,49015.16,49127.80,48985.03,49115.59,1846.843,1629512999999,90583318.00087,20320,1038.293,50932717.23852,0
1629513000000,49115.60,49143.61,49001.00,49009.33,1416.374,1629513899999,69510461.74202,18759,637.077,31265227.05706,0
1629513900000,49009.33,49028.01,48860.00,48877.78,2484.713,1629514799999,121538209.59244,26501,1192.629,58334037.84971,0
1629514800000,48877.77,48923.67,48700.01,48835.59,3293.653,1629515699999,160796354.44182,30229,1320.955,64502054.46391,0
1629515700000,48835.58,48915.60,48813.06,48857.47,1307.511,1629516599999,63898276.81254,16252,774.921,37871551.60640,0
1629516600000,48857.47,48950.06,48837.36,48870.20,1698.666,1629517499999,83079752.81551,17048,957.376,46825592.93236,0
1629517500000,48870.20,48960.00,48786.76,48872.26,1565.625,1629518399999,76527554.81287,18735,736.022,35976952.19595,0
1629518400000,48872.26,48873.10,48703.40,48743.00,2275.709,1629519299999,110987253.75980,23878,1052.263,51318127.89902,0
1629519300000,48743.00,48777.27,48600.00,48744.26,4187.278,1629520199999,203825643.86451,38375,2202.891,107243527.39906,0
1629520200000,48744.26,48867.27,48683.05,48698.72,2831.458,1629521099999,138070662.85848,28490,1479.721,72171390.46629,0
1629521100000,48698.71,48800.00,48667.38,48675.77,1475.817,1629521999999,71923180.89916,18024,705.057,34364873.91525,0
1629522000000,48675.78,48870.00,48608.66,48855.57,2996.525,1629522899999,146135625.90378,27796,1515.935,73936070.20628,0
1629522900000,48855.58,49008.00,48850.77,48930.18,3725.403,1629523799999,182342184.16663,34335,2083.633,101983792.14285,0
1629523800000,48930.18,48974.28,48800.00,48835.00,2287.030,1629524699999,111767784.70188,26731,1095.658,53544929.41468,0
1629524700000,48835.01,48915.17,48778.47,48872.64,1682.127,1629525599999,82146459.17926,22296,938.007,45811681.23623,0
1629525600000,48872.64,48877.91,48760.00,48841.58,1368.206,1629526499999,66793029.67575,18454,662.804,32355012.07047,0
1629526500000,48841.59,48867.93,48721.00,48831.85,1631.751,1629527399999,79632116.55252,18949,805.763,39331919.29750,0
1629527400000,48831.84,48831.85,48688.00,48739.03,2139.801,1629528299999,104272551.69351,21340,855.559,41693270.24868,0
1629528300000,48739.03,48760.92,48634.42,48714.24,2097.640,1629529199999,102135874.55454,22566,937.975,45678264.99073,0
1629529200000,48714.23,48790.80,48655.00,48750.00,1820.335,1629530099999,88694284.62704,21384,1023.445,49867964.43590,0
1629530100000,48750.00,48996.81,48726.03,48927.85,4495.463,1629530999999,219958851.12400,41513,2301.740,112606879.95050,0
1629531000000,48927.84,48960.99,48846.00,48878.68,1897.401,1629531899999,92764810.02633,22496,911.877,44582510.67940,0
1629531900000,48878.69,49044.66,48869.73,48985.51,2558.982,1629532799999,125337355.34927,28789,1455.750,71300784.03882,0
1629532800000,48985.50,49155.01,48928.56,49074.41,3668.677,1629533699999,179997197.96552,39030,1989.174,97602197.35857,0
1629533700000,49074.40,49099.99,48900.00,48918.01,2935.511,1629534599999,143743904.87683,29026,1199.209,58718189.29421,0
1629534600000,48918.01,48935.07,48861.61,48913.25,1790.322,1629535499999,87529853.68872,21564,817.848,39986359.86804,0
1629535500000,48913.25,48921.33,48804.78,48890.47,1620.658,1629536399999,79187679.99213,18451,697.890,34103512.86962,0
1629536400000,48890.46,48952.61,48780.00,48893.47,2488.208,1629537299999,121579404.62885,23815,1240.837,60637854.87170,0
1629537300000,48893.48,48929.59,48824.00,48854.48,1596.261,1629538199999,77996197.97911,19029,838.251,40959425.16164,0
1629538200000,48854.48,48871.42,48780.00,48855.08,1642.484,1629539099999,80185462.72149,18504,882.818,43100910.87468,0
1629539100000,48855.09,48939.39,48791.56,48836.09,1678.551,1629539999999,82021205.52116,20155,840.070,41048236.21576,0
1629540000000,48836.08,48935.00,48797.00,48903.50,1950.899,1629540899999,95355722.77876,20517,1114.589,54480894.90834,0
1629540900000,48903.51,48987.37,48878.81,48902.31,2036.166,1629541799999,99636802.06605,20829,1095.396,53605790.84828,0
1629541800000,48902.31,48991.77,48868.00,48945.78,1252.305,1629542699999,61261276.14639,15887,635.845,31108678.29500,0
1629542700000,48944.46,49394.22,48944.46,49311.04,9766.698,1629543599999,480580709.48858,84396,5685.055,279742258.17288,0
1629543600000,49311.03,49447.62,48250.00,48496.70,28242.608,1629544499999,1374091935.38099,221132,12830.517,624008768.82592,0
1629544500000,48496.70,48619.95,48315.77,48379.93,9878.188,1629545399999,478922776.43830,90043,4944.435,239751384.45751,0
1629545400000,48377.93,48590.00,48368.05,48549.93,5444.733,1629546299999,264093070.45746,48300,3095.479,150155553.49309,0
1629546300000,48549.93,48613.91,48450.01,48543.29,3922.753,1629547199999,190380995.75626,35805,2044.026,99213503.82221,0
1629547200000,48541.74,48652.00,48475.16,48600.71,3661.752,1629548099999,177941972.29739,37669,1834.740,89170554.51687,0
1629548100000,48600.71,48748.00,48600.00,48704.53,3609.809,1629548999999,175764917.29250,37460,1991.945,96991182.74811,0
1629549000000,48704.53,48745.00,48600.00,48722.37,2614.044,1629549899999,127250837.59846,28576,1193.436,58105395.87293,0
1629549900000,48720.02,49363.41,48717.63,49245.22,14160.436,1629550799999,695295266.41892,118649,7707.916,378281072.28136,0
1629550800000,49245.23,49500.00,49055.00,49154.26,12043.088,1629551699999,593765783.35487,100356,5686.998,280494677.71624,0
1629551700000,49154.26,49375.60,49072.44,49302.61,6047.160,1629552599999,297606770.03160,54452,3360.440,165401880.61977,0
1629552600000,49302.60,49341.24,49216.50,49328.51,2759.427,1629553499999,135976371.35338,31393,1269.347,62555991.87402,0
1629553500000,49328.51,49330.10,49100.00,49169.20,3197.169,1629554399999,157241581.88674,32164,1325.783,65200833.22529,0
1629554400000,49169.19,49198.61,49002.43,49046.26,4288.821,1629555299999,210558908.36420,41895,1946.305,95563400.48459,0
1629555300000,49046.26,49144.00,48957.90,49058.75,3642.123,1629556199999,178681873.80076,36794,1793.888,88023316.04041,0
1629556200000,49060.14,49130.00,48969.99,48992.78,3242.719,1629557099999,158989933.12961,31314,1723.711,84523066.27918,0
1629557100000,48992.78,49083.98,48980.23,49020.33,1635.396,1629557999999,80187330.68055,21609,816.066,40014816.61347,0
1629558000000,49020.32,49200.00,48992.30,49180.00,3815.935,1629558899999,187422471.90211,34704,2033.705,99892493.56814,0
1629558900000,49179.99,49250.00,49075.04,49126.45,2955.293,1629559799999,145300289.42992,30495,1388.718,68285223.14213,0
1629559800000,49126.45,49227.93,49120.09,49225.86,1963.836,1629560699999,96587083.95999,21269,1057.821,52030115.49917,0
1629560700000,49225.85,49300.00,49183.78,49198.90,2275.575,1629561599999,112049607.58199,26310,1198.663,59027501.62361,0
1629561600000,49198.90,49363.00,49077.00,49350.22,4398.344,1629562499999,216485241.23234,43038,2292.910,112896728.85967,0
1629562500000,49350.22,49716.14,49237.43,49628.65,10538.708,1629563399999,521638135.39474,83762,6620.437,327725049.00006,0
1629563400000,49628.66,49750.00,49442.97,49492.81,9152.484,1629564299999,453802768.11618,80130,4094.685,203072297.14296,0
1629564300000,49492.82,49555.55,49420.52,49514.47,2550.310,1629565199999,126224169.76248,30773,1238.865,61323848.67019,0
1629565200000,49514.48,49705.01,49403.01,49608.85,5003.400,1629566099999,248033175.49537,44798,2407.657,119389023.98133,0
1629566100000,49608.86,49658.28,49471.44,49602.88,3938.992,1629566999999,195223047.26041,35074,1752.003,86844750.41156,0
1629567000000,49602.88,49740.00,49516.88,49645.32,4313.306,1629567899999,214082816.94525,34343,2178.879,108171720.35883,0
1629567900000,49645.32,49833.00,49453.41,49674.49,7935.926,1629568799999,394049079.25593,59890,4154.720,206376259.32224,0
1629568800000,49674.50,49696.36,49313.09,49459.00,5491.426,1629569699999,271573677.67170,52145,2281.482,112826602.33923,0
1629569700000,49459.00,49466.69,49361.22,49397.08,1914.059,1629570599999,94582342.74371,25767,925.228,45722152.12485,0
1629570600000,49397.09,49587.48,49300.00,49537.70,3204.321,1629571499999,158456367.39160,32555,1691.255,83652852.66282,0
1629571500000,49537.71,49588.89,49464.81,49476.99,1404.030,1629572399999,69529630.47528,19164,585.912,29017351.82327,0
1629572400000,49476.99,49494.05,49195.00,49291.85,3506.633,1629573299999,172976583.02376,36605,1543.589,76145734.92807,0
1629573300000,49291.69,49307.42,48771.54,49155.37,9906.388,1629574199999,485650021.09504,80803,4826.465,236631178.97462,0
1629574200000,49155.48,49244.19,48950.00,48964.19,3962.700,1629575099999,194719488.55213,39628,1623.165,79790313.96763,0
1629575100000,48966.57,49089.75,48873.07,48999.94,3363.773,1629575999999,164760382.59570,34115,1828.051,89539259.91975,0
1629576000000,48999.94,49190.00,48865.03,48916.58,3952.857,1629576899999,193807689.26422,41391,2033.271,99695066.18767,0
1629576900000,48916.57,49062.85,48895.08,48943.40,2218.493,1629577799999,108657597.26383,26543,1071.821,52494767.38164,0
1629577800000,48943.39,49122.48,48937.39,49089.40,2199.528,1629578699999,107890692.05577,25462,1072.113,52592888.56199,0
1629578700000,49089.40,49128.52,48931.69,49014.95,1867.067,1629579599999,91518943.57950,22920,970.509,47574287.13202,0
1629579600000,49014.95,49088.00,48917.24,49087.14,1677.724,1629580499999,82205895.48499,22631,909.469,44563879.07549,0
1629580500000,49087.13,49238.44,49065.00,49143.50,2362.043,1629581399999,116092584.12814,29063,1239.841,60942646.54303,0
1629581400000,49143.50,49282.00,49095.36,49131.17,1588.617,1629582299999,78130632.14736,23444,791.758,38943071.35536,0
1629582300000,49131.17,49249.00,49131.16,49162.46,1432.969,1629583199999,70503840.66346,18459,737.268,36273115.97659,0
1629583200000,49162.47,49359.16,49161.60,49275.36,2054.006,1629584099999,101192839.65389,23754,1213.902,59811191.05786,0
1629584100000,49275.35,49380.00,49264.11,49310.82,2181.699,1629584999999,107613535.62234,23614,1164.667,57451963.66410,0
1629585000000,49310.82,49399.06,49174.98,49255.31,2032.382,1629585899999,100210557.19845,24111,933.712,46049639.12657,0
1629585900000,49255.32,49389.00,49250.83,49359.58,1479.255,1629586799999,72988338.45012,19077,743.880,36704246.13516,0
1629586800000,49359.58,49418.00,49314.16,49317.53,1667.357,1629587699999,82336360.71121,20152,914.736,45174758.51469,0
1629587700000,49317.52,49346.00,49132.33,49167.24,2667.549,1629588599999,131348573.71123,25438,1078.216,53092428.17141,0
1629588600000,49167.23,49219.24,48922.07,49010.00,3775.349,1629589499999,185165775.84214,35190,1673.609,82080376.02519,0
1629589500000,49009.99,49070.63,48838.29,48848.29,2243.433,1629590399999,109836240.27381,25489,1055.325,51687094.56086,0
1629590400000,48846.11,49026.56,48660.67,48897.73,5830.007,1629591299999,284851048.35514,50724,2826.892,138189287.15294,0
1629591300000,48897.73,48981.15,48755.00,48929.00,2917.108,1629592199999,142575380.56015,28996,1666.507,81466718.58037,0
1629592200000,48929.00,49064.06,48912.06,48981.54,2090.834,1629593099999,102402252.12598,23082,1018.200,49874953.82948,0
1629593100000,48981.53,49039.42,48845.65,48985.27,1671.142,1629593999999,81803628.85044,19640,839.100,41079215.39729,0
1629594000000,48985.27,49019.96,48888.00,48918.44,1472.665,1629594899999,72088690.94753,19098,752.729,36846159.28182,0
1629594900000,48918.44,49062.39,48907.02,49055.68,1512.842,1629595799999,74120180.94963,17131,825.024,40422324.42817,0
1629595800000,49055.93,49172.89,49046.97,49133.72,2647.859,1629596699999,130087195.36549,24707,1441.079,70796951.49096,0
1629596700000,49133.71,49176.44,49063.07,49063.08,1851.262,1629597599999,90940084.82574,20819,847.008,41612326.36321,0
1629597600000,49063.08,49085.79,48950.00,48989.39,1667.466,1629598499999,81761251.06950,18615,701.117,34380191.09104,0
1629598500000,48989.39,49022.50,48880.76,48902.67,1659.506,1629599399999,81208033.28845,18489,827.005,40469307.20237,0
1629599400000,48902.66,48902.66,48774.68,48784.68,2310.298,1629600299999,112819870.45840,24275,1137.994,55576265.87462,0
1629600300000,48780.77,48930.00,48770.13,48860.01,2027.251,1629601199999,99043592.87819,21049,1261.843,61649360.78396,0
1629601200000,48860.01,48926.00,48792.90,48834.45,1811.102,1629602099999,88478930.17790,19588,857.063,41874983.43193,0
1629602100000,48834.45,48888.00,48670.00,48702.45,2476.796,1629602999999,120792597.07564,23291,1008.387,49192001.19780,0
1629603000000,48702.44,48810.97,48616.41,48793.99,3081.335,1629603899999,150105295.36922,31920,1601.238,78011898.81719,0
1629603900000,48793.99,48886.00,48740.00,48809.18,1837.288,1629604799999,89696030.97351,21526,929.663,45387037.16593,0
1629604800000,48809.19,48956.44,48809.18,48894.57,2165.891,1629605699999,105908311.04327,23612,1285.555,62863844.16249,0
1629605700000,48894.56,48968.00,48872.99,48911.38,1559.363,1629606599999,76292710.26338,19637,841.045,41149729.02005,0
1629606600000,48911.39,48935.00,48840.00,48860.91,1322.839,1629607499999,64663500.91523,17324,644.793,31520488.17294,0
1629607500000,48860.92,49166.25,48833.35,49144.41,3622.662,1629608399999,177639182.14954,32563,2236.504,109669982.00434,0
1629608400000,49144.40,49299.90,49065.40,49114.50,4608.136,1629609299999,226661070.35874,43772,2230.252,109720948.51999,0
1629609300000,49114.50,49139.84,48975.95,49034.58,2752.804,1629610199999,135009122.76203,25021,1150.995,56453300.92161,0
1629610200000,49034.58,49139.13,49000.00,49113.36,1293.556,1629611099999,63480754.75054,16863,734.007,36023419.36732,0
1629611100000,49113.36,49190.91,49074.00,49153.80,1707.576,1629611999999,83893231.47698,17458,974.551,47883771.25680,0
1629612000000,49154.99,49244.00,49068.40,49142.50,2310.160,1629612899999,113565708.90082,26552,1035.873,50927195.92457,0
1629612900000,49142.50,49292.99,49139.25,49170.33,2606.050,1629613799999,128264961.29133,28893,1323.961,65164962.24400,0
1629613800000,49170.33,49292.07,49160.22,49274.99,1721.743,1629614699999,84775995.14313,23113,958.035,47173875.66745,0
1629614700000,49274.98,49281.00,49177.27,49185.30,1278.804,1629615599999,62943562.28945,17889,570.644,28088652.10243,0
1629615600000,49184.76,49277.44,49150.88,49150.88,1553.590,1629616499999,76463313.34186,17988,690.933,34009131.61705,0
1629616500000,49150.88,49250.00,49113.14,49233.42,1809.840,1629617399999,89024000.71163,20498,961.471,47297928.27927,0
1629617400000,49233.42,49233.43,49160.00,49182.01,1003.836,1629618299999,49384929.01288,15409,539.232,26527996.60123,0
1629618300000,49182.02,49265.19,49150.00,49212.40,1410.306,1629619199999,69406841.53345,16943,794.848,39116973.80408,0
1629619200000,49212.40,49300.00,49184.00,49204.18,1843.085,1629620099999,90777875.97130,20483,937.627,46184318.69575,0
1629620100000,49204.18,49217.10,48928.57,49020.01,4829.885,1629620999999,236901756.17633,44987,2154.353,105670755.33241,0
1629621000000,49020.00,49150.00,48970.00,49105.00,1801.462,1629621899999,88409539.84070,21607,987.029,48446741.82007,0
1629621900000,49105.00,49155.00,49003.77,49037.56,1385.472,1629622799999,68011882.34539,18759,658.912,32346728.70172,0
1629622800000,49037.55,49138.88,49032.03,49055.47,1235.388,1629623699999,60649619.94797,17416,637.670,31304071.80367,0
1629623700000,49055.47,49185.00,49051.70,49163.43,1367.787,1629624599999,67216117.98287,17376,710.858,34933625.47431,0
1629624600000,49163.43,49229.99,49100.37,49219.41,1578.947,1629625499999,77651848.41992,17759,887.557,43653178.11905,0
1629625500000,49219.41,49295.00,49191.79,49230.00,2382.995,1629626399999,117351199.64305,22708,1114.761,54898826.03891,0
1629626400000,49229.99,49399.00,49150.03,49324.74,3903.012,1629627299999,192307539.84850,30746,2443.349,120406426.31744,0
1629627300000,49324.74,49500.00,49295.15,49360.01,5014.143,1629628199999,247716465.03456,45948,2675.509,132199213.39563,0
1629628200000,49360.01,49480.00,49275.17,49316.09,2955.857,1629629099999,145896403.89108,29289,1327.927,65550313.56781,0
1629629100000,49316.09,49378.47,49120.00,49157.06,4018.551,1629629999999,197814287.30662,35648,1895.271,93306461.62439,0
1629630000000,49157.06,49220.00,49110.12,49219.99,1918.186,1629630899999,94297971.10985,25459,999.081,49120499.53254,0
1629630900000,49220.00,49249.66,49140.00,49190.90,1635.424,1629631799999,80455956.31307,20528,920.485,45288940.37713,0
1629631800000,49190.90,49213.63,49056.03,49149.66,2196.965,1629632699999,107902495.27628,24684,955.166,46911658.37221,0
1629632700000,49150.00,49174.00,49081.95,49171.46,1503.802,1629633599999,73865914.86531,17997,759.287,37298174.32087,0
1629633600000,49171.46,49261.60,48957.00,49037.48,4718.623,1629634499999,231539177.70474,45168,2123.531,104231342.75219,0
1629634500000,49038.71,49087.00,48984.00,49000.01,1653.965,1629635399999,81108119.87422,20390,768.204,37675961.10368,0
1629635400000,49000.00,49070.00,48856.00,48936.99,3536.696,1629636299999,173181114.39490,32287,1626.342,79660664.55162,0
1629636300000,48937.00,49034.09,48873.58,48897.40,3065.999,1629637199999,150046389.76165,30693,1487.658,72811207.59295,0
1629637200000,48897.41,48941.26,48805.00,48851.77,3654.819,1629638099999,178573429.23894,38530,1740.737,85061688.83612,0
1629638100000,48851.78,48986.92,48703.16,48983.20,6742.359,1629638999999,329181520.35558,57444,3179.565,155270109.37725,0
1629639000000,48983.19,49064.28,48805.09,48822.95,4366.117,1629639899999,213706623.26522,41164,1980.555,96962120.76926,0
1629639900000,48822.95,48939.29,48732.94,48905.01,3609.507,1629640799999,176277923.24034,34226,1785.902,87231382.77230,0
1629640800000,48905.00,48981.35,48807.23,48894.78,2605.173,1629641699999,127385599.05805,28162,1363.413,66679750.87276,0
1629641700000,48894.43,48974.18,48750.12,48816.93,2627.077,1629642599999,128343546.10584,25448,905.081,44237187.49896,0
1629642600000,48816.93,48816.93,48393.00,48660.00,10000.184,1629643499999,485999420.43158,85505,4072.095,197916892.43981,0
1629643500000,48660.00,48660.00,48250.95,48290.01,13165.152,1629644399999,637267390.69753,111211,5933.097,287221094.96418,0
1629644400000,48290.01,48480.00,48075.81,48401.77,12091.733,1629645299999,583959379.99613,107628,5777.776,279121503.57036,0
1629645300000,48401.78,48472.65,48273.09,48413.43,4663.429,1629646199999,225713043.81594,45908,2477.748,119920359.23476,0
1629646200000,48413.42,48540.00,48396.10,48509.87,4104.155,1629647099999,199004186.34831,41420,2115.131,102567428.56715,0
1629647100000,48509.87,48550.00,48426.41,48549.78,2266.042,1629647999999,109883383.44325,25555,1232.823,59786210.91670,0
1629648000000,48550.00,48569.00,48372.00,48500.00,3468.475,1629648899999,168192290.64272,37382,1658.957,80460656.92950,0
1629648900000,48500.01,48748.87,48389.81,48717.64,5389.872,1629649799999,261962713.21019,47214,3312.243,161006888.33525,0
1629649800000,48717.64,48863.00,48668.14,48759.97,5334.860,1629650699999,260239192.31530,48589,2643.162,128941383.39577,0
1629650700000,48759.98,48763.03,48580.00,48652.98,4235.827,1629651599999,206114619.60281,33496,1674.866,81520100.75352,0
1629651600000,48652.97,48789.00,48617.98,48767.91,1987.671,1629652499999,96780744.82240,23230,1153.193,56156859.30334,0
1629652500000,48767.90,48798.95,48523.35,48644.34,2943.360,1629653399999,143193504.05176,31064,1393.779,67814277.44526,0
1629653400000,48644.33,48732.96,48600.00,48629.00,1630.578,1629654299999,79315914.20332,19185,742.411,36120431.81429,0
1629654300000,48629.00,48726.87,48600.00,48718.57,1535.147,1629655199999,74698121.48561,16955,919.405,44738809.17068,0
1629655200000,48718.58,48723.11,48205.63,48312.86,6839.609,1629656099999,331075932.29859,56298,2904.011,140533734.53546,0
1629656100000,48312.87,48422.93,48220.00,48356.75,3169.529,1629656999999,153251893.20236,31529,1719.580,83152387.86947,0
1629657000000,48356.74,48518.01,48322.92,48504.33,2559.697,1629657899999,123994926.61679,26110,1428.696,69206951.77623,0
1629657900000,48504.93,48566.03,48401.01,48404.98,2136.481,1629658799999,103594389.31145,22449,1009.241,48941867.99797,0
1629658800000,48404.98,48597.86,48372.00,48535.48,1833.674,1629659699999,88973755.89353,20108,951.313,46168060.02291,0
1629659700000,48535.48,48718.19,48535.47,48669.74,2264.665,1629660599999,110155804.26887,23063,1364.496,66370834.84525,0
1629660600000,48669.73,48705.39,48610.83,48638.46,888.716,1629661499999,43242040.83908,14591,407.420,19825444.25442,0
1629661500000,48638.47,48690.73,48470.00,48680.23,1994.619,1629662399999,96886775.72598,21485,940.597,45692914.30327,0
1629662400000,48680.23,48680.23,48378.21,48420.76,2548.322,1629663299999,123535958.94000,27781,1123.045,54438683.89600,0
1629663300000,48420.76,48499.54,48354.00,48404.43,1705.268,1629664199999,82575139.41295,20603,834.172,40399791.29582,0
1629664200000,48407.06,48410.00,48260.87,48393.06,1833.140,1629665099999,88624653.35241,22150,810.773,39207108.43572,0
1629665100000,48393.07,48479.22,48280.00,48405.75,2112.094,1629665999999,102219973.15617,22420,1125.175,54458525.37647,0
1629666000000,48405.75,48443.99,48263.48,48311.73,1635.311,1629666899999,79046577.50949,20937,889.934,43017234.42517,0
1629666900000,48311.73,48450.99,48306.78,48402.10,1305.618,1629667799999,63184571.36762,18932,712.861,34500825.31446,0
1629667800000,48402.10,48541.87,48396.58,48524.65,1315.405,1629668699999,63765619.86478,19244,718.444,34830685.28558,0
1629668700000,48524.65,48784.72,48524.64,48700.41,3376.076,1629669599999,164371792.32811,31474,1665.237,81063535.40734,0
1629669600000,48700.40,48850.00,48617.00,48841.85,2965.621,1629670499999,144631802.79205,31479,1550.975,75656595.10712,0
1629670500000,48841.84,49000.00,48783.03,48832.13,4121.497,1629671399999,201464500.80431,36560,2321.741,113517337.70847,0
1629671400000,48834.40,49016.72,48810.50,48934.05,3604.476,1629672299999,176281720.68826,30880,1699.188,83115731.19097,0
1629672300000,48934.05,49340.00,48933.30,49283.09,8790.265,1629673199999,432148600.10835,70695,5228.978,257085997.80183,0
1629673200000,49283.08,49456.00,49185.00,49354.65,7114.179,1629674099999,350959980.37708,61002,3637.241,179460494.29825,0
1629674100000,49354.65,49556.20,49318.01,49410.01,5374.318,1629674999999,265691740.70873,49169,2729.300,134951086.52395,0
1629675000000,49410.01,49439.68,49300.00,49328.25,3277.320,1629675899999,161726546.31736,31976,1432.307,70683195.58663,0
1629675900000,49328.25,49420.00,49229.47,49273.28,3346.625,1629676799999,165029775.49066,29257,1417.304,69920649.51681,0
1629676800000,49273.28,49479.79,49250.00,49414.62,4131.148,1629677699999,204049476.72598,39202,2226.073,109948053.04531,0
1629677700000,49414.63,49461.46,49316.00,49323.12,2060.548,1629678599999,101736389.76015,23046,847.231,41832944.65567,0
1629678600000,49323.11,49356.45,49100.00,49205.04,4917.792,1629679499999,241911347.70783,43258,2154.062,105955999.96645,0
1629679500000,49206.60,49465.67,49206.59,49454.55,3497.023,1629680399999,172716636.95933,31470,2202.039,108755521.51464,0
1629680400000,49453.82,49490.00,49361.79,49386.39,1955.747,1629681299999,96646546.74066,24019,888.056,43888886.88265,0
1629681300000,49386.40,49766.00,49386.39,49693.49,7755.226,1629682199999,385064795.93392,68194,4465.298,221658795.52359,0
1629682200000,49693.50,49990.00,49693.50,49882.38,9872.894,1629683099999,492394073.51983,82880,5327.543,265724521.98534,0
1629683100000,49882.39,49974.11,49835.61,49860.40,3924.094,1629683999999,195816180.19538,39737,1978.863,98758291.97644,0
1629684000000,49860.40,49943.95,49749.93,49803.96,3700.163,1629684899999,184396894.70008,35510,1493.899,74464540.25790,0
1629684900000,49803.96,49912.00,49787.27,49827.96,2389.131,1629685799999,119088592.19485,25834,1340.863,66839837.43081,0
1629685800000,49827.55,50196.00,49623.71,49880.25,13962.764,1629686699999,697186931.97920,97173,7151.227,357320601.81758,0
1629686700000,49880.25,50327.98,49880.24,50092.95,12198.164,1629687599999,611465765.82576,94688,6630.793,332417231.40835,0
1629687600000,50092.96,50199.99,50092.95,50147.38,4350.149,1629688499999,218224393.19318,40595,2411.282,120966287.62326,0
1629688500000,50147.38,50176.11,49881.95,49961.13,5680.737,1629689399999,284110713.11624,49920,2422.816,121159675.68919,0
1629689400000,49961.13,50476.00,49961.13,50350.00,6502.833,1629690299999,326723465.66868,51621,4326.097,217360229.88313,0
1629690300000,50350.00,50371.94,50170.59,50306.81,5545.605,1629691199999,278777165.07482,46683,2648.541,133133643.65703,0
1629691200000,50306.82,50423.22,50222.00,50237.62,3478.181,1629692099999,175012938.94844,37244,1559.038,78458707.45607,0
1629692100000,50237.63,50272.01,50151.32,50209.09,2625.770,1629692999999,131843225.20077,27764,1227.553,61638986.58779,0
1629693000000,50209.10,50330.59,50179.68,50311.95,2045.362,1629693899999,102818495.76577,23924,1063.808,53478447.59256,0
1629693900000,50311.96,50441.08,50253.85,50321.75,3063.737,1629694799999,154209745.78457,30085,1615.389,81324976.59744,0
1629694800000,50321.75,50377.64,50262.00,50288.59,1835.838,1629695699999,92359402.54767,22639,832.335,41875252.79638,0
1629695700000,50288.59,50430.00,50288.58,50379.32,1905.503,1629696599999,95972305.73469,22122,1013.168,51028370.06736,0
1629696600000,50379.31,50443.00,50231.83,50248.19,2679.443,1629697499999,134813883.12992,29656,1168.222,58787315.50333,0
1629697500000,50248.19,50314.67,50200.00,50266.51,2043.389,1629698399999,102690343.39961,22928,904.289,45446224.21829,0
1629698400000,50266.51,50410.66,50230.62,50247.19,2777.595,1629699299999,139809182.39862,29181,1251.405,62991461.83416,0
1629699300000,50247.20,50276.05,50050.01,50051.19,3667.782,1629700199999,184025919.44916,37532,1634.437,82018524.37347,0
1629700200000,50051.20,50177.53,50050.99,50147.86,2975.850,1629701099999,149200598.80728,29395,1532.067,76810077.39917,0
1629701100000,50147.87,50243.12,50147.86,50185.20,1929.860,1629701999999,96895410.69285,21217,1053.002,52869931.35355,0
1629702000000,50185.19,50202.99,50060.20,50100.00,1869.510,1629702899999,93715558.81097,22640,853.982,42809126.54978,0
1629702900000,50100.01,50185.20,50075.00,50080.16,1509.387,1629703799999,75669713.05740,20917,758.949,38052620.17937,0
1629703800000,50080.15,50193.95,50070.82,50107.71,1845.061,1629704699999,92501855.12635,20262,907.398,45494704.86165,0
1629704700000,50107.71,50245.25,50104.92,50180.25,1947.087,1629705599999,97726394.84433,20421,1159.496,58201727.97354,0
1629705600000,50180.26,50304.28,50128.00,50294.84,2338.801,1629706499999,117431144.24413,26202,1328.055,66693085.61434,0
1629706500000,50294.84,50294.85,50196.43,50232.03,1597.559,1629707399999,80266592.74828,18857,637.334,32019762.82910,0
1629707400000,50231.42,50238.00,50147.00,50150.60,1547.276,1629708299999,77657902.82414,18226,710.022,35637170.13746,0
1629708300000,50150.60,50299.01,50150.01,50276.40,1642.971,1629709199999,82548960.40426,18289,841.931,42300547.97263,0
1629709200000,50276.39,50293.29,50184.55,50211.02,1479.470,1629710099999,74319636.46499,19234,768.417,38601454.70722,0
1629710100000,50211.01,50400.00,50208.27,50347.00,3047.170,1629710999999,153336767.82190,29736,1724.565,86783694.22792,0
1629711000000,50346.99,50387.97,50286.43,50322.58,1838.330,1629711899999,92528570.44473,23725,863.548,43464158.42209,0
1629711900000,50322.57,50365.18,50266.00,50328.65,1594.421,1629712799999,80221462.48279,19508,723.292,36394502.86205,0
1629712800000,50329.99,50470.00,50000.00,50249.38,9637.009,1629713699999,483963442.71508,79738,4432.614,222659121.69531,0
1629713700000,50247.49,50600.00,50160.00,50331.24,10138.045,1629714599999,510553646.68043,82744,5286.118,266309223.03787,0
1629714600000,50331.24,50393.81,50104.36,50215.72,4134.649,1629715499999,207597484.04910,38942,2082.177,104562338.53299,0
1629715500000,50215.72,50299.65,50131.18,50250.00,2376.154,1629716399999,119352829.27286,25703,1078.785,54187499.85613,0
1629716400000,50250.00,50337.50,50175.70,50196.71,2354.847,1629717299999,118367965.21410,25505,1115.233,56063277.27597,0
1629717300000,50197.99,50262.48,50170.94,50235.42,1151.047,1629718199999,57805769.87813,16553,539.553,27097210.39401,0
1629718200000,50235.42,50354.26,50230.00,50343.40,2217.364,1629719099999,111567287.02358,24212,1208.840,60824545.26271,0
1629719100000,50343.39,50500.00,50334.38,50418.05,4203.226,1629719999999,211952726.12216,39663,2032.961,102509029.19932,0
1629720000000,50418.05,50484.75,50335.21,50359.96,2675.069,1629720899999,134807480.29585,29558,1230.991,62043278.60172,0
1629720900000,50359.96,50412.45,50311.42,50403.86,1637.126,1629721799999,82443605.89721,20072,765.183,38536324.37192,0
1629721800000,50403.85,50444.31,50252.64,50276.87,2729.102,1629722699999,137348746.50015,28483,1116.874,56208242.43126,0
1629722700000,50276.87,50341.63,50222.59,50303.48,1690.958,1629723599999,85042148.04029,19366,926.969,46625063.90313,0
1629723600000,50302.05,50313.53,50170.00,50241.08,2610.266,1629724499999,131116203.40803,26561,1123.102,56414797.40129,0
1629724500000,50241.07,50271.23,50120.15,50226.84,3006.742,1629725399999,150913954.72530,30547,1450.397,72800850.09481,0
1629725400000,50226.84,50309.20,50193.65,50253.99,2091.799,1629726299999,105147622.92281,20989,1228.687,61767677.25792,0
1629726300000,50253.99,50295.47,50151.00,50209.99,1903.262,1629727199999,95566477.03278,20122,779.959,39166185.60920,0
1629727200000,50210.00,50279.39,50150.00,50277.37,2128.520,1629728099999,106862135.46938,24785,1127.198,56596455.51615,0
1629728100000,50277.36,50393.25,50160.00,50160.01,4365.674,1629728999999,219645348.08354,36378,1866.782,93938873.30760,0
1629729000000,50160.00,50173.02,49730.00,49867.64,19543.329,1629729899999,974950451.45229,153986,9059.672,451920559.30159,0
1629729900000,49867.64,49960.00,49744.40,49769.26,6724.898,1629730799999,335290194.47018,61390,3204.433,159789796.46090,0
1629730800000,49769.26,49897.83,49612.18,49837.41,9805.015,1629731699999,487870507.27943,85559,4796.615,238717491.50940,0
1629731700000,49837.42,49950.00,49750.00,49772.69,4153.245,1629732599999,207075388.03038,40959,1891.022,94297042.19431,0
1629732600000,49772.69,49789.86,49314.14,49607.01,13962.145,1629733499999,691872529.73934,110557,6020.940,298418013.15591,0
1629733500000,49607.01,49710.00,49530.00,49571.64,4100.780,1629734399999,203479894.35707,43884,1946.840,96613315.97141,0
1629734400000,49571.64,49680.00,49477.44,49559.28,4195.483,1629735299999,208016828.53639,43340,2062.057,102252116.50108,0
1629735300000,49559.27,49665.88,49523.53,49660.64,2188.862,1629736199999,108603515.86299,25551,1247.023,61872550.60200,0
1629736200000,49660.64,49672.97,49500.00,49529.36,2878.756,1629737099999,142728226.90760,29246,1183.539,58685732.21243,0
1629737100000,49529.35,49787.00,49410.00,49756.91,5996.986,1629737999999,297259666.24996,53073,3172.168,157275223.30193,0
1629738000000,49756.92,49856.00,49667.08,49691.08,4557.920,1629738899999,226798649.38292,42430,2106.732,104848748.94440,0
1629738900000,49691.07,49700.20,49557.00,49580.01,2612.805,1629739799999,129661856.84037,26545,1243.381,61703225.70999,0
1629739800000,49580.00,49633.59,49501.00,49557.72,2197.858,1629740699999,108933532.71368,24406,1169.194,57953974.38303,0
1629740700000,49557.73,49634.01,49452.86,49466.20,2634.924,1629741599999,130540613.63144,25667,1228.537,60878511.91865,0
1629741600000,49466.19,49590.21,49428.67,49486.16,3266.315,1629742499999,161668754.36646,27820,1576.149,78022439.85956,0
1629742500000,49486.16,49648.99,49433.48,49626.68,2005.016,1629743399999,99332448.50199,23157,1127.482,55868436.91986,0
1629743400000,49626.67,49640.17,49559.45,49597.21,1664.981,1629744299999,82582139.98545,21013,782.767,38825253.87205,0
1629744300000,49597.21,49665.37,49453.00,49512.06,2393.599,1629745199999,118590391.37672,24486,1201.231,59515098.11463,0
1629745200000,49512.06,49512.06,49154.01,49169.80,9289.824,1629746099999,457932782.81395,68241,4081.680,201212564.24406,0
1629746100000,49173.47,49352.53,49120.83,49290.00,3760.122,1629746999999,185154089.58909,35091,2166.660,106695429.26207,0
1629747000000,49290.00,49350.31,49217.56,49270.93,1950.533,1629747899999,96130097.41008,21018,903.640,44539017.27393,0
1629747900000,49270.92,49355.85,49220.89,49287.30,1791.470,1629748799999,88313063.97569,19674,911.979,44958534.16496,0
1629748800000,49287.29,49287.29,49075.01,49267.00,4514.139,1629749699999,221958883.56836,41583,2244.898,110394623.82631,0
1629749700000,49267.00,49377.00,49230.52,49334.11,2368.991,1629750599999,116836730.63371,25131,1283.279,63290513.54082,0
1629750600000,49334.11,49434.00,49263.31,49416.47,1829.750,1629751499999,90264044.84950,20144,1101.369,54340927.80005,0
1629751500000,49416.46,49570.00,49333.54,49560.00,3656.051,1629752399999,180855761.89098,33422,2113.341,104548654.99947,0
1629752400000,49559.99,49660.00,49451.01,49456.48,3426.276,1629753299999,169812448.90761,32992,1421.024,70449590.11794,0
1629753300000,49457.86,49501.63,49374.00,49453.36,2036.442,1629754199999,100701516.59953,23116,882.234,43632659.76850,0
1629754200000,49453.36,49635.98,49422.99,49555.50,1943.527,1629755099999,96293371.28584,23056,1132.064,56081312.93615,0
1629755100000,49555.51,49602.69,49500.00,49601.60,1323.174,1629755999999,65541991.95866,14983,697.438,34549176.25248,0
1629756000000,49601.59,49696.65,49430.00,49696.65,3278.278,1629756899999,162482828.52568,26175,1557.520,77218453.22857,0
1629756900000,49696.85,49728.99,49590.94,49601.24,2076.583,1629757799999,103086835.21795,19118,1038.581,51562764.99115,0
1629757800000,49601.24,49679.50,49540.00,49646.86,1698.165,1629758699999,84238618.62894,17079,823.037,40831840.14040,0
1629758700000,49646.87,49687.34,49612.72,49683.22,1352.315,1629759599999,67145344.45486,13974,668.189,33177531.28076,0
1629759600000,49683.22,49683.23,49584.02,49626.73,1454.603,1629760499999,72179698.34347,14824,705.459,35004955.57325,0
1629760500000,49626.43,49745.00,49607.45,49725.06,2027.048,1629761399999,100730549.20363,19542,1152.051,57249970.21546,0
1629761400000,49725.05,49749.00,49602.31,49630.00,1561.173,1629762299999,77538949.38138,16380,791.505,39314266.09030,0
1629762300000,49630.01,49630.01,49472.12,49523.91,2731.885,1629763199999,135340325.32067,21725,1221.759,60526981.83944,0
1629763200000,49523.23,49724.00,49404.33,49697.87,4331.775,1629764099999,214727898.16874,34753,2284.690,113285279.81968,0
1629764100000,49697.86,49732.00,49492.05,49530.57,2568.957,1629764999999,127439506.96650,22515,989.694,49105617.98193,0
1629765000000,49530.57,49531.10,49207.61,49207.61,5493.765,1629765899999,270946013.19119,49377,2583.126,127398245.13447,0
1629765900000,49207.61,49318.02,49051.19,49272.89,6261.207,1629766799999,307869959.97474,52885,3207.277,157728913.78105,0
1629766800000,49272.89,49309.48,48850.00,48988.46,8703.930,1629767699999,426613184.59628,71660,3553.279,174166627.72484,0
1629767700000,48988.46,49029.99,48801.01,49029.99,4237.022,1629768599999,207346569.35430,37783,2196.485,107510046.09933,0
1629768600000,49029.99,49148.79,48988.45,49141.06,2887.739,1629769499999,141693895.46911,27878,1568.137,76948398.97302,0
1629769500000,49141.05,49145.53,48993.71,48993.72,2282.255,1629770399999,111968028.80710,22003,895.658,43947802.66784,0
1629770400000,48993.71,49201.60,48960.70,49193.23,2686.804,1629771299999,131984871.71912,25251,1576.212,77436807.89124,0
1629771300000,49193.22,49259.00,49121.30,49249.75,1406.729,1629772199999,69190534.44095,17546,717.613,35301958.50714,0
1629772200000,49249.74,49256.30,49093.08,49172.90,1418.470,1629773099999,69726125.41213,16056,573.345,28186308.01288,0
1629773100000,49172.90,49246.81,49168.92,49230.06,1627.775,1629773999999,80107004.04382,15565,778.971,38336637.50493,0
1629774000000,49230.06,49358.46,49210.70,49267.67,2916.451,1629774899999,143775191.17655,27365,1517.363,74802335.88530,0
1629774900000,49267.66,49327.30,49234.83,49294.02,1454.747,1629775799999,71683972.35046,14425,760.426,37474531.37469,0
1629775800000,49294.01,49399.91,49287.04,49338.77,1914.421,1629776699999,94477175.21387,19821,1062.013,52410718.61195,0
1629776700000,49338.77,49420.00,49332.68,49360.77,1266.245,1629777599999,62524408.78793,16267,596.933,29476527.58062,0
1629777600000,49360.78,49500.00,49282.89,49339.92,3142.581,1629778499999,155157992.15240,29403,1580.674,78056916.32279,0
1629778500000,49339.92,49382.01,49205.75,49284.47,2198.073,1629779399999,108302302.71236,22902,998.757,49213358.86769,0
1629779400000,49284.46,49594.00,49277.89,49580.75,4068.734,1629780299999,201257659.90231,36553,2494.322,123380443.25201,0
1629780300000,49580.75,49617.49,49500.00,49511.21,2787.515,1629781199999,138111323.00264,29113,1228.626,60876160.03211,0
1629781200000,49511.22,49557.21,49460.00,49486.99,1709.095,1629782099999,84591336.92775,20715,769.527,38088797.69753,0
1629782100000,49486.99,49600.15,49472.00,49480.42,1653.614,1629782999999,81912471.38226,19129,756.329,37470752.00640,0
1629783000000,49480.65,49640.00,49480.41,49594.28,2248.230,1629783899999,111423387.42459,23996,1157.998,57395773.86175,0
1629783900000,49594.29,49666.00,49542.44,49583.37,1789.933,1629784799999,88785871.28752,20273,884.069,43855147.92904,0
1629784800000,49583.37,49670.00,49506.05,49664.59,2320.094,1629785699999,115058455.04705,23127,1194.021,59220788.87123,0
1629785700000,49664.60,49697.84,49623.75,49674.93,2687.284,1629786599999,133464582.78046,23714,1314.016,65264260.85975,0
1629786600000,49674.94,49799.80,49651.69,49691.94,3642.333,1629787499999,181088248.28579,32771,1971.842,98040913.78618,0
1629787500000,49691.93,49840.00,49685.76,49808.72,2859.613,1629788399999,142291111.54347,27553,1676.837,83444289.42706,0
1629788400000,49808.72,49882.81,49778.33,49787.51,3762.749,1629789299999,187487947.58567,33142,1806.144,90003616.96857,0
1629789300000,49787.51,49840.00,49750.00,49826.37,2252.328,1629790199999,112146571.07192,23812,1085.871,54072444.33777,0
1629790200000,49826.37,49856.11,49746.75,49755.18,1716.680,1629791099999,85479535.29474,19287,704.305,35075167.13641,0
1629791100000,49757.07,49822.47,49650.01,49800.00,3183.718,1629791999999,158322922.83338,27110,1513.283,75263348.49263,0
1629792000000,49800.00,49864.11,49730.00,49733.55,2527.673,1629792899999,125884649.98718,26348,1224.939,61008335.35920,0
1629792900000,49732.89,49753.51,49568.11,49628.01,4569.114,1629793799999,226890921.46487,35722,1873.297,93029519.25672,0
1629793800000,49628.00,49816.91,49628.00,49738.15,2509.411,1629794699999,124826437.17199,23754,1461.709,72696553.61730,0
1629794700000,49738.14,49785.38,49650.49,49716.35,1983.462,1629795599999,98616108.80508,21471,863.884,42954670.95861,0
1629795600000,49716.34,49766.57,49668.80,49668.81,1236.398,1629796499999,61483615.94004,16554,586.706,29178093.31085,0
1629796500000,49668.80,49685.32,49533.00,49588.08,3076.006,1629797399999,152619578.84959,28244,1220.143,60549533.01634,0
1629797400000,49588.07,49765.62,49578.01,49689.71,2691.008,1629798299999,133747197.75535,24736,1628.190,80914185.50371,0
1629798300000,49689.71,49709.00,49608.00,49641.72,1655.749,1629799199999,82221958.81085,19377,805.161,39983340.36434,0
1629799200000,49641.73,49850.00,49641.72,49842.01,2657.194,1629800099999,132165563.90090,24318,1524.475,75837856.08101,0
1629800100000,49842.01,49888.88,49510.01,49557.59,5940.092,1629800999999,294997126.59980,45845,2651.889,131731451.25883,0
1629801000000,49557.59,49598.57,49322.22,49435.57,6340.931,1629801899999,313420034.39265,56020,2924.888,144571051.75751,0
1629801900000,49435.56,49476.40,49266.59,49330.78,4533.166,1629802799999,223797224.48478,36549,2022.031,99845379.48628,0
1629802800000,49330.77,49378.96,49142.49,49192.80,5256.693,1629803699999,258803142.61615,48164,2304.240,113446421.36455,0
1629803700000,49192.80,49294.49,49120.00,49289.99,4897.583,1629804599999,241066703.79462,42475,2558.900,125976840.51688,0
1629804600000,49289.99,49376.86,49260.00,49367.44,2851.021,1629805499999,140658552.24710,28777,1591.960,78542182.03282,0
1629805500000,49367.44,49485.00,49362.00,49459.48,2873.170,1629806399999,141984631.53229,30319,1546.146,76408126.02850,0
1629806400000,49459.49,49480.35,49260.00,49290.85,2894.635,1629807299999,142810457.13331,31387,1240.493,61208124.00315,0
1629807300000,49289.73,49479.11,49153.00,49177.04,5553.636,1629808199999,273822249.12060,47590,2313.805,114093897.43581,0
1629808200000,49177.04,49275.00,49060.00,49268.50,6232.730,1629809099999,306432712.61195,51371,3305.790,162539659.88068,0
1629809100000,49263.99,49383.67,49160.99,49381.73,3506.769,1629809999999,172818779.04747,33372,1937.766,95506061.47087,0
1629810000000,49381.73,49429.21,49153.67,49158.69,4455.005,1629810899999,219584716.66527,39222,1897.296,93518864.78989,0
1629810900000,49158.69,49205.87,48850.00,48863.25,9281.239,1629811799999,454855114.40857,80259,4155.139,203667069.72450,0
1629811800000,48863.25,48870.56,48500.00,48605.99,20449.206,1629812699999,994569353.58502,146838,10321.169,501962946.90794,0
1629812700000,48605.04,48685.00,48420.00,48657.80,10804.516,1629813599999,524829086.19549,79541,5403.536,262526683.28652,0
1629813600000,48657.82,48666.56,48488.00,48489.84,5886.465,1629814499999,285939560.67848,53349,2636.496,128086967.70539,0
1629814500000,48489.83,48696.20,48360.00,48629.63,9110.084,1629815399999,442264349.15564,80285,4593.731,223067423.64133,0
1629815400000,48629.63,48760.00,48597.83,48741.85,5106.576,1629816299999,248672151.44278,50492,2856.294,139093542.21386,0
1629816300000,48741.85,48741.85,48544.69,48575.01,3358.102,1629817199999,163333680.15036,33598,1420.838,69117787.91904,0
1629817200000,48575.00,48657.56,48452.47,48551.30,4592.420,1629818099999,222970137.61454,43433,2299.909,111678336.86164,0
1629818100000,48552.75,48620.00,48403.00,48602.01,4155.829,1629818999999,201553772.07150,40213,2114.612,102569575.03512,0
1629819000000,48602.01,48602.01,48375.00,48541.36,5482.783,1629819899999,265771500.35463,42845,2784.011,134963001.53699,0
1629819900000,48540.36,48541.71,48252.00,48370.25,7815.417,1629820799999,377990965.72860,62666,3597.708,173996794.70260,0
1629820800000,48370.26,48469.71,48160.42,48173.00,11947.434,1629821699999,577199045.72820,92121,5378.622,259875669.79246,0
1629821700000,48173.00,48236.74,47750.05,48159.99,23493.019,1629822599999,1127681549.41053,170609,10073.011,483674732.37972,0
1629822600000,48160.00,48329.82,48050.00,48100.65,6936.114,1629823499999,334307981.08607,60181,3486.232,168049139.07580,0
1629823500000,48100.64,48143.37,47900.00,48001.03,7573.321,1629824399999,363640111.05765,63573,3703.953,177857423.60284,0
1629824400000,48001.04,48247.00,47905.79,48186.47,5979.358,1629825299999,287787887.94998,50611,3148.004,151519971.41873,0
1629825300000,48186.47,48370.00,48120.00,48258.14,4573.107,1629826199999,220700272.37485,42679,2675.386,129124911.24999,0
1629826200000,48258.14,48299.00,48165.15,48179.17,2148.899,1629827099999,103595659.73773,24007,1048.469,50548196.37104,0
1629827100000,48179.16,48179.17,48017.00,48048.00,3558.830,1629827999999,171154371.11361,32848,1683.317,80955231.37916,0
1629828000000,48048.00,48150.00,47923.00,47981.01,3704.903,1629828899999,177982119.63616,35894,1821.986,87539841.81968,0
1629828900000,47981.00,48230.00,47981.00,48020.27,3214.596,1629829799999,154642784.28360,31358,1634.490,78620005.53771,0
1629829800000,48020.26,48178.57,47850.94,48131.41,5141.960,1629830699999,246730022.33608,45087,2608.034,125168701.31589,0
1629830700000,48131.40,48230.00,47971.80,48214.41,2926.759,1629831599999,140785031.76745,31481,1553.627,74739263.83150,0
1629831600000,48214.01,48315.00,48129.73,48163.76,3950.773,1629832499999,190526436.58861,36898,1935.177,93326757.62057,0
1629832500000,48163.76,48163.76,47941.14,47998.45,2833.618,1629833399999,136124173.33504,30402,1429.091,68655908.60541,0
1629833400000,47998.44,48163.18,47945.99,48014.15,2591.558,1629834299999,124518033.45712,27024,1234.517,59317384.81539,0
1629834300000,48014.14,48461.98,48010.91,48267.14,8689.002,1629835199999,419662203.00970,58429,4809.147,232234388.70977,0
1629835200000,48267.14,48329.02,48066.89,48329.02,3988.219,1629836099999,192155224.03036,35774,1995.287,96145707.69933,0
1629836100000,48329.02,48398.07,48208.05,48360.01,2020.754,1629836999999,97596198.11170,25514,1081.767,52257531.35480,0
1629837000000,48360.01,48400.00,48267.30,48311.21,2197.269,1629837899999,106227058.90057,24179,1001.622,48426698.73231,0
1629837900000,48311.22,48398.00,48264.48,48364.91,1835.088,1629838799999,88713840.79078,19572,1096.130,52991499.82728,0
1629838800000,48365.90,48428.34,48200.00,48262.24,1916.287,1629839699999,92554987.80577,24995,925.687,44713742.65477,0
1629839700000,48262.24,48352.91,48155.00,48303.05,1979.827,1629840599999,95510241.81582,25348,1008.439,48652385.46613,0
1629840600000,48303.06,48347.33,48222.67,48251.47,1090.329,1629841499999,52637287.64098,18265,601.269,29027688.17549,0
1629841500000,48251.47,48251.47,48000.00,48235.00,3156.259,1629842399999,151850969.31552,32747,1395.530,67148892.78186,0
1629842400000,48234.99,48343.00,48140.03,48291.36,2072.278,1629843299999,100038437.03797,23130,998.276,48195851.76302,0
1629843300000,48291.36,48388.00,48250.00,48284.22,2031.511,1629844199999,98176374.12366,23125,1048.939,50693322.33424,0
1629844200000,48284.23,48315.45,48168.00,48246.24,1215.997,1629845099999,58636379.50358,17345,616.426,29725301.65754,0
1629845100000,48246.24,48367.67,48177.00,48361.70,1284.220,1629845999999,62006534.48179,17799,674.799,32585128.13399,0
1629846000000,48361.70,48400.00,48230.10,48272.77,2000.455,1629846899999,96699161.78212,23316,848.636,41024756.54694,0
1629846900000,48272.77,48283.22,48051.20,48095.38,2960.364,1629847799999,142471417.27067,27624,1507.579,72551592.44824,0
1629847800000,48095.38,48190.00,47871.14,47891.68,3541.766,1629848699999,170089862.31029,34593,1375.467,66074372.61109,0
1629848700000,47891.68,47946.53,47600.00,47719.36,8363.179,1629849599999,399450577.33233,70173,3711.119,177308264.99715,0
1629849600000,47719.37,48019.36,47700.00,47980.52,6188.829,1629850499999,296318667.80672,49010,2888.086,138284252.77021,0
1629850500000,47989.29,48170.00,47812.90,47860.01,4835.392,1629851399999,232112835.40900,41564,2267.089,108849553.34145,0
1629851400000,47860.01,48135.75,47858.00,48000.00,2973.288,1629852299999,142777082.26511,29410,1656.743,79553835.02451,0
1629852300000,48000.01,48139.00,47977.00,48044.29,2193.539,1629853199999,105490584.05291,21990,1110.194,53396958.99047,0
1629853200000,48044.29,48044.29,47752.11,47863.99,3369.824,1629854099999,161371013.57984,32514,1464.160,70099423.00717,0
1629854100000,47863.98,47957.50,47783.76,47869.38,1783.372,1629854999999,85391424.24661,22884,953.609,45660197.88927,0
1629855000000,47869.50,48079.00,47831.25,48072.05,2107.863,1629855899999,101143086.36312,22546,1220.170,58553609.53142,0
1629855900000,48072.05,48193.61,48020.00,48182.62,2698.918,1629856799999,129831756.79675,25757,1375.970,66195068.65302,0
1629856800000,48181.62,48288.00,48130.10,48229.97,3499.531,1629857699999,168748507.33885,29418,1834.433,88461082.52108,0
1629857700000,48229.98,48230.99,48063.14,48124.83,2057.106,1629858599999,99019766.80176,23068,860.771,41432336.20063,0
1629858600000,48124.83,48300.00,48120.01,48267.38,2347.409,1629859499999,113228745.17939,23722,1275.870,61547053.39828,0
1629859500000,48267.38,48323.14,48204.00,48217.15,1947.738,1629860399999,94006481.55433,20043,963.401,46505283.59638,0
1629860400000,48217.16,48270.00,48141.00,48155.83,1834.930,1629861299999,88440284.13934,18949,851.844,41059884.91182,0
1629861300000,48155.83,48300.00,48140.62,48277.78,1779.703,1629862199999,85800101.38712,18292,1061.720,51190947.61716,0
1629862200000,48277.79,48300.00,48157.65,48210.24,1685.408,1629863099999,81275523.37667,17522,730.819,35242435.87868,0
1629863100000,48210.24,48270.00,47981.99,48002.75,3641.990,1629863999999,175065360.71762,32733,1394.634,67036124.24720,0
1629864000000,48005.02,48279.68,47957.00,48179.39,3332.417,1629864899999,160462636.78766,30894,1913.011,92125347.71112,0
1629864900000,48179.39,48258.80,48000.00,48015.00,2350.304,1629865799999,113070326.86490,23971,948.072,45614453.59312,0
1629865800000,48015.01,48121.40,48000.00,48091.00,1638.278,1629866699999,78725787.53525,19748,882.659,42416925.70702,0
1629866700000,48091.00,48177.00,47901.70,48038.32,3040.126,1629867599999,146008302.33245,25666,1226.271,58914678.47478,0
1629867600000,48038.31,48185.00,48020.61,48173.73,2098.723,1629868499999,101020913.80313,21568,1108.567,53363376.76266,0
1629868500000,48172.66,48266.45,48156.53,48213.85,2240.805,1629869399999,108044363.86422,22189,1273.741,61421206.70536,0
1629869400000,48213.84,48386.00,48213.84,48363.49,3611.427,1629870299999,174526880.54469,31404,2265.860,109501689.36467,0
1629870300000,48363.50,48578.86,48321.42,48535.74,6291.813,1629871199999,305118137.00280,49260,3461.677,167876188.64142,0
1629871200000,48535.74,48636.74,48403.91,48462.45,5084.313,1629872099999,246684651.17698,41593,2458.443,119310587.63353,0
1629872100000,48462.46,48496.65,48338.96,48419.60,2813.520,1629872999999,136144850.94841,27857,1507.294,72939923.34812,0
1629873000000,48419.60,48483.85,48356.00,48470.00,2058.667,1629873899999,99680572.93390,21554,1038.144,50268952.12383,0
1629873900000,48469.99,48493.28,48311.00,48325.01,2006.956,1629874799999,97118808.50055,20247,785.497,38014755.29944,0
1629874800000,48325.01,48449.00,48325.01,48416.55,1698.905,1629875699999,82233729.32419,19417,931.481,45086989.02830,0
1629875700000,48418.50,48522.64,48374.06,48374.07,2885.653,1629876599999,139844022.49634,24738,1331.954,64560922.35600,0
1629876600000,48374.07,48395.20,48075.59,48119.89,5875.732,1629877499999,283219509.93014,48521,2523.736,121642489.47489,0
1629877500000,48119.88,48202.00,48068.60,48159.67,3045.150,1629878399999,146592289.86142,29089,1537.778,74035878.62951,0
1629878400000,48159.40,48188.00,47932.11,47995.57,5503.450,1629879299999,264392895.75134,45619,2223.383,106824296.83547,0
1629879300000,47995.71,48009.98,47820.00,47908.33,5399.007,1629880199999,258692427.45549,46260,2464.143,118076106.82963,0
1629880200000,47911.25,47974.46,47506.90,47583.73,11922.473,1629881099999,568913525.82374,85644,4867.857,232304842.66804,0
1629881100000,47583.72,47619.95,47270.00,47300.00,16810.765,1629881999999,797481547.00744,123383,7126.465,338161024.16946,0
1629882000000,47299.99,47542.46,47222.00,47466.07,12700.162,1629882899999,601835676.32746,89684,7559.694,358266506.99849,0
1629882900000,47466.06,47569.29,47330.00,47340.26,6449.811,1629883799999,306116884.41056,52856,2999.974,142426644.89165,0
1629883800000,47340.26,47438.09,47130.57,47223.01,10873.211,1629884699999,513991174.07925,86842,5203.904,246079346.23689,0
1629884700000,47224.35,47342.72,47177.40,47266.04,4275.650,1629885599999,202077412.85201,39168,2235.553,105667259.53519,0
1629885600000,47266.04,47383.86,47192.03,47363.49,4383.698,1629886499999,207360865.19079,39689,2350.928,111216715.43421,0
1629886500000,47363.48,47531.41,47324.75,47492.03,4700.592,1629887399999,222958563.31820,42369,2623.391,124434635.17845,0
1629887400000,47492.03,47592.70,47430.83,47576.00,3178.683,1629888299999,151022993.04862,31780,1635.478,77714606.08282,0
1629888300000,47576.37,47592.41,47466.60,47480.74,2217.877,1629889199999,105390667.23646,24834,1022.153,48572516.80125,0
1629889200000,47480.74,47547.00,47377.00,47389.21,2818.050,1629890099999,133713103.06148,30070,1270.827,60307514.84123,0
1629890100000,47389.20,47542.35,47383.04,47476.25,1891.065,1629890999999,89802227.00356,22674,981.285,46600554.17038,0
1629891000000,47476.25,47597.00,47476.25,47584.00,2118.071,1629891899999,100687868.19490,23448,1231.762,58559055.26986,0
1629891900000,47583.99,47675.00,47537.58,47592.49,3457.732,1629892799999,164629437.29987,31813,1896.786,90314277.93958,0
1629892800000,47592.50,47699.99,47477.00,47632.86,4508.818,1629893699999,214672720.00290,35028,2578.113,122779751.53856,0
1629893700000,47632.87,47743.85,47631.85,47698.99,3524.063,1629894599999,168085005.78315,29641,2031.703,96908276.66571,0
1629894600000,47698.98,47730.00,47564.98,47637.65,3069.371,1629895499999,146228796.69106,26781,1288.551,61399688.20112,0
1629895500000,47637.64,47832.98,47637.64,47772.80,4915.217,1629896399999,234821375.87069,35483,2886.355,137893521.98911,0
1629896400000,47772.81,47899.99,47772.80,47807.81,4231.416,1629897299999,202449570.84153,38245,2183.019,104457395.71774,0
1629897300000,47807.81,47860.54,47700.01,47833.39,3455.548,1629898199999,165090348.15428,33630,1712.933,81847379.98299,0
1629898200000,47833.39,47871.62,47738.00,47756.02,2007.417,1629899099999,95981301.69100,24574,930.646,44502357.42077,0
1629899100000,47756.02,47839.61,47627.00,47678.66,3881.850,1629899999999,185194489.32381,35060,1679.233,80115800.03602,0
1629900000000,47678.66,47683.43,47333.00,47454.99,8374.155,1629900899999,397357620.73850,70960,3528.418,167403423.29290,0
1629900900000,47454.98,48110.98,47440.02,47976.12,14244.452,1629901799999,681945021.55734,107995,8115.908,388504813.96716,0
1629901800000,47976.12,48400.00,47937.01,48307.71,12552.967,1629902699999,605653485.02050,98740,7172.914,346065234.45608,0
1629902700000,48307.70,48495.84,48234.65,48441.04,7427.444,1629903599999,359454809.25318,64951,3790.288,183452904.62722,0
1629903600000,48441.04,48522.61,48351.50,48484.48,5546.843,1629904499999,268704727.48025,50756,2870.229,139072242.50675,0
1629904500000,48486.09,48500.00,48281.64,48443.74,4521.446,1629905399999,218785840.46815,38013,1866.298,90317578.06178,0
1629905400000,48443.74,48508.01,48330.00,48459.51,3388.866,1629906299999,164077581.50163,32133,1811.878,87731935.41462,0
1629906300000,48459.52,48850.00,48459.16,48811.99,12604.000,1629907199999,614173742.96304,93432,7210.021,351282601.59922,0
1629907200000,48811.99,48861.47,48656.79,48695.91,6480.403,1629908099999,315911489.20552,50821,3001.112,146327848.24023,0
1629908100000,48695.91,48795.32,48684.88,48689.00,3166.642,1629908999999,154335355.71277,29514,1445.968,70477555.17102,0
1629909000000,48689.00,48750.00,48625.96,48630.97,2403.735,1629909899999,117039822.58717,24401,1086.764,52921470.18665,0
1629909900000,48630.98,48770.00,48618.17,48731.02,1792.094,1629910799999,87290581.06572,20692,1020.251,49697410.96814,0
1629910800000,48731.03,48749.98,48628.19,48651.61,1965.343,1629911699999,95696701.52830,20919,914.363,44528329.94039,0
1629911700000,48651.61,48699.96,48510.00,48654.05,3988.323,1629912599999,193866018.22271,31525,1962.754,95420417.54421,0
1629912600000,48654.06,49090.00,48652.47,49026.72,9390.469,1629913499999,459526653.22002,71600,5708.585,279345206.19217,0
1629913500000,49026.71,49064.99,48807.61,48843.42,3860.915,1629914399999,188809256.98785,33929,1670.061,81666455.94129,0
1629914400000,48843.43,49021.55,48745.85,48967.34,3847.919,1629915299999,188196149.43102,33415,1805.561,88318222.22495,0
1629915300000,48963.82,49000.00,48879.89,48885.90,2339.385,1629916199999,114479353.77212,21693,972.800,47608282.72831,0
1629916200000,48885.90,48980.00,48882.44,48972.61,1626.732,1629917099999,79612291.32762,18975,883.279,43229592.62179,0
1629917100000,48972.45,49044.00,48858.45,48932.58,1853.942,1629917999999,90744221.42565,20946,994.458,48679001.83824,0
1629918000000,48932.59,49192.00,48932.59,48977.36,4440.159,1629918899999,217886120.98365,38850,2556.319,125458906.23119,0
1629918900000,48977.35,49008.84,48782.00,48874.71,3555.466,1629919799999,173806021.04584,31449,1544.097,75484374.60386,0
1629919800000,48874.71,48940.00,48822.20,48937.33,1698.993,1629920699999,83073318.45386,18786,841.097,41126370.02302,0
1629920700000,48937.61,48960.00,48545.00,48668.11,5351.105,1629921599999,260647204.36151,43994,2132.573,103883294.22731,0
1629921600000,48668.11,48964.96,48668.11,48899.14,3154.955,1629922499999,154084721.49016,29798,1749.200,85432691.70354,0
1629922500000,48899.13,49065.52,48812.58,48860.00,3358.405,1629923399999,164435208.48835,31215,1636.624,80141462.76827,0
1629923400000,48860.00,48885.26,48713.41,48761.64,2069.949,1629924299999,101012363.98462,23638,934.351,45596735.02870,0
1629924300000,48761.64,48796.98,48625.00,48701.93,2474.023,1629925199999,120484227.67737,24534,1100.951,53622468.98059,0
1629925200000,48701.92,48892.59,48690.23,48815.03,1852.612,1629926099999,90441539.60855,20038,1075.176,52490978.89322,0
1629926100000,48815.04,48871.53,48720.01,48819.46,1342.376,1629926999999,65493014.58201,18612,712.168,34748399.11794,0
1629927000000,48819.45,48910.23,48800.00,48861.42,1606.346,1629927899999,78482577.51159,17988,826.783,40398365.97554,0
1629927900000,48861.42,49123.66,48835.92,49091.37,3301.137,1629928799999,161668003.39764,26267,1767.233,86556241.17654,0
1629928800000,49092.55,49297.80,48884.22,49086.68,6906.632,1629929699999,339089430.77350,53617,3445.200,169176282.45758,0
1629929700000,49086.13,49103.64,48860.02,48865.70,2457.483,1629930599999,120276647.30341,22379,946.539,46326181.23589,0
1629930600000,48865.70,49068.96,48850.00,48859.64,2523.132,1629931499999,123551323.93749,22021,1270.527,62233003.89600,0
1629931500000,48863.50,48944.94,48851.11,48927.26,1168.102,1629932399999,57108725.82992,15112,657.153,32129795.62519,0
1629932400000,48927.27,49048.40,48826.93,49035.41,2161.108,1629933299999,105771894.21244,20968,1217.603,59604619.53528,0
1629933300000,49035.40,49135.00,48934.34,49084.96,2404.500,1629934199999,117917870.91570,22378,1260.390,61825256.01510,0
1629934200000,49084.96,49094.89,48987.15,49023.16,1402.316,1629935099999,68755971.37803,16418,548.616,26899817.67455,0
1629935100000,49023.17,49029.35,48940.71,48992.65,1183.884,1629935999999,57989428.98647,15181,546.772,26783425.39789,0
1629936000000,48992.65,49121.00,48841.92,49045.41,4912.492,1629936899999,240664627.64266,36450,2457.931,120448779.38232,0
1629936900000,49045.41,49193.00,48852.05,49084.21,4895.570,1629937799999,239980070.03842,37239,2421.750,118708270.18668,0
1629937800000,49084.20,49221.26,49006.10,49162.77,2995.104,1629938699999,147154440.99705,28429,1650.137,81087253.94222,0
1629938700000,49162.77,49380.00,49158.10,49306.54,4700.274,1629939599999,231694403.10033,41827,2484.193,122466395.39091,0
1629939600000,49306.54,49353.30,49030.00,49090.88,3958.276,1629940499999,194683554.17095,32206,1512.602,74392540.71788,0
1629940500000,49091.52,49159.30,49028.18,49142.54,1988.643,1629941399999,97611664.58989,22620,1139.859,55952959.61623,0
1629941400000,49142.53,49142.54,48850.10,48865.37,3512.225,1629942299999,171949032.26757,29534,1210.168,59251730.73769,0
1629942300000,48868.59,48939.97,48753.00,48762.57,3186.713,1629943199999,155595107.09258,28698,1380.314,67404452.86973,0
1629943200000,48762.57,48873.00,48740.00,48820.34,2889.751,1629944099999,141072843.78556,24339,1583.292,77297559.24445,0
1629944100000,48820.35,48876.48,48730.00,48840.01,1921.372,1629944999999,93791310.89433,19339,1085.068,52973796.93721,0
1629945000000,48840.00,48841.23,48665.00,48746.44,2937.620,1629945899999,143221426.50130,25023,1312.316,63984365.29517,0
1629945900000,48746.43,48850.00,48721.24,48728.34,1597.198,1629946799999,77916029.14890,17547,778.911,38002618.35065,0
1629946800000,48728.68,48750.68,48231.06,48305.44,9358.074,1629947699999,453462257.12113,75363,3850.574,186587418.02157,0
1629947700000,48305.43,48342.68,48108.00,48152.00,7224.380,1629948599999,348424529.91726,56640,3550.711,171277992.09858,0
1629948600000,48152.00,48243.54,47950.02,48058.30,7132.678,1629949499999,343042326.62971,53876,3118.135,150021415.27805,0
1629949500000,48058.30,48125.59,47853.00,47945.44,6620.633,1629950399999,317551694.36118,55114,3077.268,147621367.75035,0
1629950400000,47945.44,48035.00,47760.00,47774.00,6503.063,1629951299999,311383268.00032,52572,2853.776,136670831.94329,0
1629951300000,47774.00,47951.63,47611.00,47904.25,7120.642,1629952199999,340470837.28073,59109,3686.165,176307388.34339,0
1629952200000,47904.26,47904.26,47780.19,47799.21,3051.815,1629953099999,145965288.62792,29446,1563.713,74798651.74406,0
1629953100000,47799.21,47940.00,47703.76,47922.99,3797.846,1629953999999,181717989.13135,33811,1918.629,91805717.31443,0
1629954000000,47923.00,48090.00,47841.79,47854.00,5809.647,1629954899999,278833642.19772,44248,2993.205,143692835.27813,0
1629954900000,47854.01,47899.00,47422.22,47425.64,9871.656,1629955799999,470008389.13896,77810,4070.023,193790229.79025,0
1629955800000,47425.63,47439.53,46910.00,47045.79,20390.411,1629956699999,961903807.82078,149630,8972.922,423346431.08075,0
1629956700000,47045.79,47151.01,46860.00,47070.13,11572.924,1629957599999,544277534.95322,88140,5540.668,260612273.63282,0
1629957600000,47070.13,47291.03,47009.14,47286.72,6067.488,1629958499999,286173798.84254,54150,3475.322,163912771.59918,0
1629958500000,47286.73,47290.04,46863.06,47112.37,10354.264,1629959399999,487295114.48780,75453,4503.546,211952724.46514,0
1629959400000,47112.37,47242.32,46727.65,47001.71,13584.388,1629960299999,637711904.72858,100148,5784.606,271678357.52910,0
1629960300000,47001.70,47091.35,46829.02,46892.41,6919.292,1629961199999,324869646.30131,51503,3641.879,171015040.11557,0
1629961200000,46892.41,46899.28,46620.00,46794.71,9886.922,1629962099999,462298736.70025,79888,4865.346,227538618.32635,0
1629962100000,46794.71,46982.91,46600.00,46915.47,11001.129,1629962999999,514432775.53827,76427,5882.632,275104628.31559,0
1629963000000,46915.34,47082.52,46834.38,47049.98,5025.911,1629963899999,236028518.61672,49670,2588.930,121608367.86522,0
1629963900000,47049.98,47058.99,46820.00,46920.11,3600.245,1629964799999,168953395.51936,37086,1738.038,81564706.52941,0
1629964800000,46920.11,47110.00,46766.95,46930.00,5354.704,1629965699999,251397947.03214,51811,2533.546,118966908.42210,0
1629965700000,46930.00,47000.00,46781.10,46895.72,4000.217,1629966599999,187526915.28556,37332,1666.788,78136072.54821,0
1629966600000,46895.39,47000.00,46704.00,46944.00,4363.052,1629967499999,204382146.99082,40806,2196.272,102918973.42434,0
1629967500000,46943.92,47122.51,46808.42,46920.47,5832.126,1629968399999,274030490.83525,47325,3007.673,141336221.25213,0
1629968400000,46920.48,47032.89,46780.00,46839.79,4589.537,1629969299999,215102257.34154,41222,2126.738,99693682.39371,0
1629969300000,46839.79,46988.69,46800.00,46981.31,2743.330,1629970199999,128660223.47051,30674,1367.507,64138474.10069,0
1629970200000,46981.32,46989.00,46835.98,46883.42,2799.777,1629971099999,131335423.18490,27511,1245.010,58401587.59724,0
1629971100000,46881.64,46950.00,46758.34,46804.99,3609.107,1629971999999,169042290.69216,33221,1578.180,73934156.92798,0
1629972000000,46804.99,46990.00,46706.63,46850.86,4066.338,1629972899999,190574442.77938,38768,1976.939,92666814.72486,0
1629972900000,46850.85,46950.00,46793.72,46932.86,2596.928,1629973799999,121767053.10883,26305,1322.191,62003573.38673,0
1629973800000,46932.87,47069.97,46932.86,47009.42,4353.063,1629974699999,204617084.51692,38405,2350.375,110479645.21776,0
1629974700000,47010.00,47013.14,46914.00,46979.76,2057.759,1629975599999,96623193.44733,21533,929.810,43662261.61602,0
1629975600000,46979.75,47169.46,46909.45,47111.63,4355.232,1629976499999,205001581.92945,40222,2540.381,119584724.84059,0
1629976500000,47110.28,47199.99,47035.42,47128.58,4770.877,1629977399999,224779751.34669,41796,2664.465,125539845.19224,0
1629977400000,47128.58,47128.59,46875.50,47056.89,4676.497,1629978299999,219697705.50327,41812,2281.718,107204677.74202,0
1629978300000,47056.89,47056.89,46827.00,46851.44,3446.428,1629979199999,161667877.81024,34094,1542.149,72345162.77140,0
1629979200000,46851.44,46883.03,46280.00,46572.99,19849.453,1629980099999,923819972.10289,151954,8322.375,387323759.72657,0
1629980100000,46575.04,47454.74,46565.32,47393.77,24163.493,1629980999999,1139690527.40258,171646,13419.918,632849456.80796,0
1629981000000,47393.77,47400.62,47044.27,47174.64,8739.974,1629981899999,412506550.03047,71471,3878.959,183074639.86052,0
1629981900000,47174.65,47175.82,46800.76,46956.99,8630.335,1629982799999,405004592.06744,68535,3991.829,187328513.93501,0
1629982800000,46956.99,47242.41,46867.97,46886.66,9101.591,1629983699999,428511990.11844,68363,4603.079,216748420.88514,0
1629983700000,46886.67,47145.89,46879.60,47111.47,3643.751,1629984599999,171370922.50069,36105,2132.104,100284066.85628,0
1629984600000,47113.00,47280.00,47031.10,47182.44,4469.797,1629985499999,210826441.56106,39114,2239.750,105649982.14391,0
1629985500000,47182.44,47255.83,47061.61,47194.75,3732.102,1629986399999,176007327.67959,31671,1853.516,87430471.58894,0
1629986400000,47194.76,47425.00,47177.09,47361.01,5573.436,1629987299999,263680093.66987,49549,3225.553,152604860.21852,0
1629987300000,47361.01,47380.69,47080.00,47117.30,4432.531,1629988199999,209300290.64389,42110,1827.954,86315182.31907,0
1629988200000,47117.29,47189.00,46913.47,46935.01,5925.524,1629989099999,278790194.64852,51888,2749.597,129395954.19223,0
1629989100000,46932.47,47077.00,46833.00,46845.84,4484.391,1629989999999,210617293.91819,39850,2070.849,97294123.62336,0
1629990000000,46845.40,47069.53,46742.25,46964.20,5494.197,1629990899999,257652692.33250,49879,2903.041,136171145.26546,0
1629990900000,46964.49,47042.00,46864.01,46952.55,2754.912,1629991799999,129339155.25579,27491,1376.167,64614573.54468,0
1629991800000,46952.56,46963.45,46708.64,46733.28,4179.738,1629992699999,195730178.84036,39877,1831.825,85791855.97400,0
1629992700000,46733.28,46924.29,46637.24,46820.38,6471.356,1629993599999,302724343.10816,51772,3423.828,160204473.15084,0
1629993600000,46822.12,46962.75,46687.00,46788.92,4879.491,1629994499999,228471209.27058,45871,2594.597,121497464.26678,0
1629994500000,46788.92,46788.92,46519.19,46734.61,6612.879,1629995399999,308553562.06092,58789,3042.995,142008233.09330,0
1629995400000,46734.61,47077.00,46631.57,46965.01,6540.922,1629996299999,306814482.76394,54526,3683.312,172791950.44094,0
1629996300000,46965.00,46996.21,46872.51,46911.12,2295.508,1629997199999,107707831.43839,26542,1114.738,52306145.02212,0
1629997200000,46911.12,47136.99,46900.00,47078.88,3375.147,1629998099999,158790507.96375,33473,1875.794,88259055.99519,0
1629998100000,47078.88,47125.31,46950.01,46974.05,2473.114,1629998999999,116320468.98217,26754,1091.440,51338595.13901,0
1629999000000,46974.06,47023.50,46896.37,46974.34,2266.786,1629999899999,106455253.94458,24266,919.768,43198554.77934,0
1629999900000,46974.34,47044.00,46921.90,46962.68,1768.688,1630000799999,83113316.69010,20088,835.750,39272566.06681,0
1630000800000,46959.13,47032.50,46763.01,46788.21,3078.176,1630001699999,144212932.05775,29785,1448.852,67867865.31601,0
1630001700000,46788.21,46847.04,46735.00,46775.52,1721.593,1630002599999,80550095.58992,20945,843.911,39487233.35864,0
1630002600000,46775.36,46973.94,46772.85,46895.62,2184.271,1630003499999,102412353.82389,23591,1216.590,57041022.13559,0
1630003500000,46895.62,47100.00,46881.15,47015.19,2348.238,1630004399999,110422110.28387,25156,1179.501,55464435.53099,0
1630004400000,47012.25,47046.77,46848.05,46894.79,1588.623,1630005299999,74552379.89375,21532,737.847,34627576.26069,0
1630005300000,46894.78,46894.78,46760.80,46784.27,2449.863,1630006199999,114702058.90041,25030,1232.186,57691376.86126,0
1630006200000,46784.28,46962.67,46784.27,46856.50,1399.418,1630007099999,65614387.34310,19897,677.433,31760277.91400,0
1630007100000,46856.49,47046.45,46856.49,46947.13,1872.044,1630007999999,87954202.30641,21493,983.701,46216969.71633,0
1630008000000,46946.15,47081.41,46896.80,46975.68,1912.528,1630008899999,89920767.84113,23707,988.852,46494821.01011,0
1630008900000,46975.68,47023.26,46864.45,46933.05,1421.241,1630009799999,66706673.14922,18756,637.206,29907440.08283,0
1630009800000,46933.05,47030.00,46933.05,47016.00,1123.864,1630010699999,52807199.19646,14878,580.426,27274074.79915,0
1630010700000,47016.01,47060.00,46958.26,47030.00,1430.003,1630011599999,67231204.88518,16690,828.123,38937230.90048,0
1630011600000,47029.99,47249.93,47005.52,47217.91,3773.947,1630012499999,178000903.06853,39323,2076.609,97932489.67723,0
1630012500000,47217.92,47300.00,47136.05,47228.39,2938.474,1630013399999,138790595.86951,33281,1323.441,62517557.88824,0
1630013400000,47228.40,47240.02,47124.93,47179.07,1222.474,1630014299999,57655497.56470,17524,449.696,21210249.72039,0
1630014300000,47179.06,47325.00,47179.06,47259.74,2049.642,1630015199999,96842558.94330,21191,1096.718,51823852.94969,0
1630015200000,47256.73,47353.37,47149.75,47287.38,2590.782,1630016099999,122411787.71914,24788,1216.193,57479718.76266,0
1630016100000,47287.39,47418.95,47192.45,47394.12,2679.098,1630016999999,126821123.45161,26301,1479.632,70048560.62930,0
1630017000000,47394.11,47438.53,47283.89,47304.35,2255.474,1630017899999,106814603.64043,24000,953.069,45134884.17736,0
1630017900000,47304.35,47313.00,47117.33,47180.00,2757.438,1630018799999,130163069.82638,25514,1039.212,49048909.22842,0
1630018800000,47180.01,47224.00,47017.05,47073.89,2654.017,1630019699999,125035041.95120,27054,1301.075,61299934.22959,0
1630019700000,47073.89,47251.09,47051.20,47222.00,1673.408,1630020599999,78936616.13490,19196,1075.635,50733447.75766,0
1630020600000,47222.00,47411.48,47222.00,47318.12,3013.789,1630021499999,142678791.22849,27411,1548.347,73303651.04213,0
1630021500000,47318.13,47355.50,46808.60,46853.06,5181.984,1630022399999,243853077.64223,44658,2158.712,101597969.15100,0
1630022400000,46854.22,47070.82,46634.09,46634.09,8091.322,1630023299999,379035452.77550,64383,3914.526,183436584.04672,0
1630023300000,46634.10,46814.93,46359.97,46708.05,11599.812,1630024199999,539705934.15092,89844,5882.031,273718187.71259,0
1630024200000,46707.05,46810.96,46555.00,46762.61,3596.354,1630025099999,167860119.44488,38999,1908.735,89095061.67180,0
1630025100000,46762.61,47344.00,46669.43,47278.40,8358.300,1630025999999,393132909.34145,62477,4197.050,197400413.13801,0
1630026000000,47278.40,47644.87,47274.00,47547.19,14156.467,1630026899999,672576537.61100,90950,8018.878,380957455.08460,0
1630026900000,47547.20,47649.98,47419.65,47554.45,5386.406,1630027799999,256045752.49292,42293,2698.181,128275047.74410,0
1630027800000,47554.46,47688.88,47428.26,47431.67,5081.735,1630028699999,241833592.60675,41299,2303.135,109648493.39746,0
1630028700000,47431.67,47517.26,47180.00,47267.19,6269.060,1630029599999,296648312.21985,47005,2958.493,139989336.26384,0
1630029600000,47267.20,47520.00,47267.19,47445.25,3497.299,1630030499999,165762539.85712,29336,2073.043,98258800.33382,0
1630030500000,47445.25,47460.32,47300.33,47413.40,2039.186,1630031399999,96578833.36652,20958,924.485,43783770.39948,0
1630031400000,47413.40,47470.84,47280.63,47355.85,2013.927,1630032299999,95403430.19764,20296,876.137,41513444.41752,0
1630032300000,47355.85,47410.00,47224.24,47250.36,1743.240,1630033199999,82461686.72238,17991,740.321,35023840.69320,0
1630033200000,47243.09,47307.80,47010.00,47094.78,4613.394,1630034099999,217401575.36561,41077,2078.048,97929978.67045,0
1630034100000,47094.78,47094.79,46790.00,46790.00,5300.165,1630034999999,248791916.42114,42820,2232.495,104819586.39050,0
1630035000000,46790.00,46957.04,46740.01,46762.97,4350.841,1630035899999,203827435.61816,35856,2248.628,105361071.17070,0
1630035900000,46762.97,46868.16,46700.53,46845.70,3065.051,1630036799999,143430151.20198,28249,1722.967,80637771.89593,0
1630036800000,46845.71,46928.88,46654.28,46703.76,4801.678,1630037699999,224617561.30540,36745,1882.430,88097023.93192,0
1630037700000,46703.75,46774.40,46635.00,46690.01,2555.787,1630038599999,119308458.45886,26425,1286.409,60056070.01316,0
1630038600000,46689.17,46866.73,46597.44,46846.74,3505.262,1630039499999,163869855.99875,31636,1940.948,90746560.99221,0
1630039500000,46846.73,47031.98,46804.00,46944.99,3943.465,1630040399999,185022639.07202,35757,1995.608,93640724.80014,0
1630040400000,46944.99,47040.00,46877.94,46922.82,3466.664,1630041299999,162830769.79249,31649,1651.726,77599832.61329,0
1630041300000,46922.82,47098.00,46865.51,47041.13,2622.620,1630042199999,123277300.67686,26159,1433.302,67383012.71055,0
1630042200000,47041.13,47217.63,46985.00,47111.09,3153.234,1630043099999,148592990.12185,31322,1721.285,81115498.48301,0
1630043100000,47111.10,47164.02,47020.00,47130.57,1881.006,1630043999999,88555580.50587,21531,855.035,40254971.74868,0
1630044000000,47130.67,47282.49,47071.74,47227.33,2842.032,1630044899999,134122425.09058,30786,1529.783,72202454.62448,0
1630044900000,47227.32,47245.55,47120.00,47156.21,1605.609,1630045799999,75750346.76591,20888,682.383,32196719.45268,0
1630045800000,47156.21,47198.00,47038.00,47090.46,1972.881,1630046699999,92934331.02134,24548,789.253,37179602.16865,0
1630046700000,47090.47,47214.76,47090.47,47181.65,1761.319,1630047599999,83082081.25923,21503,999.541,47147104.22442,0
1630047600000,47181.65,47261.31,47099.00,47099.00,2064.970,1630048499999,97457455.35495,24962,1077.357,50855633.78541,0
1630048500000,47099.00,47460.00,46850.00,47257.12,11142.076,1630049399999,525568364.19783,85381,5838.364,275468456.03975,0
1630049400000,47257.11,47445.00,47159.99,47313.64,5146.278,1630050299999,243486795.64396,43604,2766.621,130902415.35851,0
1630050300000,47313.00,47584.33,47301.01,47483.55,4468.376,1630051199999,211976632.68066,41583,2385.698,113195510.32083,0
1630051200000,47482.05,47593.47,47379.95,47400.29,4470.049,1630052099999,212155626.76050,43430,2231.632,105935180.83887,0
1630052100000,47400.28,47409.12,47308.94,47345.85,2536.123,1630052999999,120093567.96088,25668,1175.194,55651229.55229,0
1630053000000,47345.86,47468.39,47308.00,47327.98,1847.856,1630053899999,87578569.17005,22356,910.783,43171882.87406,0
1630053900000,47327.98,47343.98,47136.17,47199.57,3927.999,1630054799999,185541197.31531,36209,1501.583,70941087.32349,0
1630054800000,47199.57,47243.60,47120.00,47190.00,2909.765,1630055699999,137206886.19199,29802,1578.448,74431160.82416,0
1630055700000,47189.99,47280.00,47003.00,47113.00,4341.875,1630056599999,204696169.76116,37778,2034.336,95937598.10454,0
1630056600000,47113.00,47200.00,47022.46,47200.00,2143.887,1630057499999,100987032.53844,23468,1111.534,52362315.48666,0
1630057500000,47200.00,47350.00,47189.20,47216.48,3051.609,1630058399999,144225507.67652,30463,1648.127,77896552.99165,0
1630058400000,47216.48,47389.31,47190.04,47361.03,3493.423,1630059299999,165312855.12641,30219,1820.713,86152163.56451,0
1630059300000,47361.04,47377.00,47239.00,47282.13,1336.800,1630060199999,63216529.75478,18386,620.618,29349587.80476,0
1630060200000,47282.17,47450.00,47225.00,47385.27,2501.245,1630061099999,118378762.41953,23756,1340.213,63444922.48974,0
1630061100000,47385.27,47500.00,47348.91,47425.01,3752.172,1630061999999,177980403.84760,36027,2058.852,97666642.29189,0
1630062000000,47426.28,47559.00,47360.14,47414.76,3877.641,1630062899999,184075747.41160,37220,1941.000,92150339.40507,0
1630062900000,47414.75,47571.75,47407.72,47527.26,2720.110,1630063799999,129233156.63260,28453,1334.519,63403425.50929,0
1630063800000,47527.25,47795.13,47517.57,47702.48,7879.034,1630064699999,375816345.56900,69199,4479.655,213662371.34893,0
1630064700000,47703.64,47757.99,47369.81,47455.85,8235.965,1630065599999,391737072.35544,66561,3893.449,185184561.44507,0
1630065600000,47456.66,47556.93,47340.00,47450.01,5022.688,1630066499999,238283598.05042,45088,2677.396,127030180.34838,0
1630066500000,47450.00,47545.82,47310.75,47310.75,3916.759,1630067399999,185708132.27922,34263,1747.598,82871459.06405,0
1630067400000,47310.76,47426.98,47251.00,47426.98,3343.121,1630068299999,158258300.09769,33474,1878.299,88924562.77154,0
1630068300000,47426.97,47475.00,47353.84,47357.85,2478.605,1630069199999,117550476.85004,23076,1168.666,55433257.60526,0
1630069200000,47357.85,47357.85,47022.97,47160.12,8020.784,1630070099999,378325944.52228,62763,3120.535,147180152.68582,0
1630070100000,47160.12,47180.04,47071.00,47149.59,2726.235,1630070999999,128488658.40243,27553,1396.159,65802872.58524,0
1630071000000,47149.60,47325.90,47115.87,47178.52,3955.815,1630071899999,186838370.21401,35270,2156.004,101834168.26760,0
1630071900000,47178.52,47387.22,47111.00,47289.65,3906.759,1630072799999,184712984.08928,37000,2035.192,96236433.27529,0
1630072800000,47289.15,47887.98,47209.00,47707.26,15868.844,1630073699999,756267013.29332,121770,8405.539,400543564.00924,0
1630073700000,47707.26,48069.00,47700.16,47963.03,13715.892,1630074599999,657010934.71016,101856,7250.619,347313162.66859,0
1630074600000,47963.03,48180.00,47962.21,48168.76,12487.978,1630075499999,600681799.07309,94967,6737.159,324075177.57852,0
1630075500000,48168.75,48273.50,48029.47,48150.01,7493.205,1630076399999,360668096.72215,57352,4080.151,196446586.15403,0
1630076400000,48150.00,48444.00,48150.00,48363.13,10923.325,1630077299999,528009195.72474,90022,5904.499,285419046.40176,0
1630077300000,48363.13,48410.00,48220.00,48302.11,4925.719,1630078199999,237947573.52287,45057,2174.493,105048060.81124,0
1630078200000,48302.43,48353.80,48150.00,48263.02,4589.675,1630079099999,221338889.96804,44566,2198.773,106050658.41663,0
1630079100000,48263.02,48310.04,48150.00,48199.56,2897.355,1630079999999,139692374.51984,28294,1329.942,64131447.93878,0
1630080000000,48199.56,48304.00,48120.00,48141.80,4096.475,1630080899999,197503320.69891,35785,1990.363,95985523.58907,0
1630080900000,48141.81,48166.96,48000.00,48158.51,4962.563,1630081799999,238656699.66690,44084,2242.310,107852886.36307,0
1630081800000,48158.52,48277.00,48134.57,48252.04,2830.886,1630082699999,136478915.22690,30024,1552.922,74870115.46295,0
1630082700000,48252.03,48280.11,48176.59,48183.21,1916.279,1630083599999,92408612.03809,23822,860.683,41507371.88947,0
1630083600000,48182.01,48350.00,48180.31,48195.88,2724.662,1630084499999,131523573.24975,29781,1261.882,60916478.69010,0
1630084500000,48195.88,48299.83,48190.15,48246.81,1551.079,1630085399999,74829290.81754,20155,760.794,36700310.49758,0
1630085400000,48246.80,48281.76,48185.50,48218.96,1653.719,1630086299999,79756077.82998,18700,879.040,42399303.39540,0
1630086300000,48221.99,48296.00,48149.26,48184.03,1582.682,1630087199999,76295480.10610,18100,731.085,35242472.37346,0
1630087200000,48184.03,48293.48,48116.69,48266.35,2408.373,1630088099999,116112659.92956,23843,1306.530,62995768.91893,0
1630088100000,48266.35,48318.22,48227.53,48279.24,1296.201,1630088999999,62571948.69972,18432,696.430,33619904.72186,0
1630089000000,48279.24,48350.00,48250.04,48305.24,1858.498,1630089899999,89772720.85854,21046,905.933,43762516.98071,0
1630089900000,48305.25,48375.68,48283.48,48327.99,1887.516,1630090799999,91231988.01741,20233,940.789,45473426.95833,0
1630090800000,48328.00,48400.00,48266.11,48396.84,1671.438,1630091699999,80775839.37450,20953,905.231,43752333.95581,0
1630091700000,48396.84,48587.71,48325.00,48355.10,6310.112,1630092599999,305691224.66143,49035,3916.770,189786546.97888,0
1630092600000,48355.10,48400.00,48301.27,48349.80,1922.911,1630093499999,92964317.15205,23128,893.125,43180843.00668,0
1630093500000,48349.80,48432.60,48291.73,48292.50,1775.960,1630094399999,85854520.27841,20647,764.598,36963375.05505,0
1630094400000,48292.50,48428.80,48172.74,48420.00,3654.301,1630095299999,176503918.26981,37773,1977.285,95523746.99658,0
1630095300000,48420.00,48888.00,48320.28,48835.52,6364.824,1630096199999,309253708.57913,58759,4254.006,206801495.07333,0
1630096200000,48835.52,49220.00,48800.64,48991.53,12048.160,1630097099999,590376541.79665,102764,6320.724,309780469.91427,0
1630097100000,48991.53,49047.05,48857.80,48925.76,3838.924,1630097999999,187834386.10562,37510,1998.498,97793496.52709,0
1630098000000,48925.75,49091.68,48881.50,49012.69,3182.373,1630098899999,155898566.70582,33589,1899.009,93037383.53730,0
1630098900000,49012.70,49039.89,48938.51,48991.17,1501.865,1630099799999,73586537.61823,23149,567.661,27815230.73414,0
1630099800000,48991.15,49094.34,48975.28,49090.40,1444.395,1630100699999,70820297.68173,21055,851.933,41774290.30061,0
1630100700000,49090.40,49099.76,48932.07,48983.27,2228.196,1630101599999,109216070.95910,22586,896.230,43929628.25568,0
1630101600000,48983.27,48998.06,48727.00,48742.43,2688.075,1630102499999,131382543.92822,28000,814.790,39841163.47522,0
1630102500000,48742.42,48959.33,48742.42,48929.61,2502.652,1630103399999,122350839.30007,26133,1385.691,67742213.89839,0
1630103400000,48929.93,49060.47,48916.58,49051.39,2703.154,1630104299999,132475443.34676,24579,1363.738,66833839.05742,0
1630104300000,49051.40,49051.65,48950.79,49009.05,1258.924,1630105199999,61674415.68310,16676,497.867,24390419.07808,0
1630105200000,49009.05,49080.00,48971.80,49061.29,1633.632,1630106099999,80117164.40521,19745,882.038,43258971.72549,0
1630106100000,49061.29,49073.48,48902.29,48959.58,2702.857,1630106999999,132382390.25622,23777,1043.926,51124266.41716,0
1630107000000,48959.69,49150.00,48959.69,49058.23,2495.416,1630107899999,122488934.43266,24337,1446.392,70997445.89184,0
1630107900000,49058.22,49133.00,49007.97,49083.98,1575.782,1630108799999,77298162.08841,19182,801.803,39335062.26334,0
1630108800000,49082.13,49245.24,49018.00,49045.06,4829.200,1630109699999,237267968.81356,43014,2498.249,122763125.41754,0
1630109700000,49043.71,49050.00,48858.00,49046.05,3503.564,1630110599999,171498358.67276,33262,1781.550,87210555.14980,0
1630110600000,49046.05,49300.00,49040.00,49168.24,5972.102,1630111499999,293791320.01577,46142,3328.594,163760116.38844,0
1630111500000,49168.23,49333.00,49168.23,49257.63,3777.881,1630112399999,186120239.82970,30833,1914.947,94352760.89411,0
1630112400000,49257.63,49310.00,49129.00,49131.63,2909.414,1630113299999,143166408.51582,29640,1352.213,66544208.79839,0
1630113300000,49131.63,49189.01,49080.79,49115.48,2335.556,1630114199999,114751940.93137,23111,934.429,45920068.80865,0
1630114200000,49115.48,49174.00,49063.95,49154.92,1477.202,1630115099999,72570982.34073,19309,845.700,41551290.04797,0
1630115100000,49154.93,49220.86,49119.59,49170.01,1666.623,1630115999999,81955870.55750,17187,910.413,44769806.01570,0
1630116000000,49170.01,49170.01,49013.46,49073.28,1835.152,1630116899999,90064838.24153,21053,728.264,35741715.76604,0
1630116900000,49073.28,49130.00,49018.00,49084.71,1581.002,1630117799999,77578993.83303,19528,792.443,38887603.31579,0
1630117800000,49084.70,49094.52,48900.00,48988.52,3248.734,1630118699999,159097003.65717,29690,1340.841,65659889.72731,0
1630118700000,48988.51,49042.53,48945.09,48977.93,1755.386,1630119599999,86011641.31800,18736,916.261,44897010.70375,0
1630119600000,48977.93,49040.93,48894.00,48969.80,1575.165,1630120499999,77129717.59915,19262,667.255,32677341.76439,0
1630120500000,48969.80,49024.11,48957.47,49010.36,1298.062,1630121399999,63600664.10652,16845,764.354,37451211.50774,0
1630121400000,49010.36,49080.55,48967.02,48989.90,1624.843,1630122299999,79665456.98919,17882,875.686,42937791.94903,0
1630122300000,48989.89,48989.89,48888.88,48892.89,1667.975,1630123199999,81614074.41505,17682,616.536,30169665.13163,0
1630123200000,48892.89,49099.94,48892.89,48980.99,2335.968,1630124099999,114524890.99127,23204,1450.579,71115252.16751,0
1630124100000,48980.99,49128.00,48968.32,49009.19,1813.313,1630124999999,88973530.34656,18447,995.698,48856943.60594,0
1630125000000,49009.97,49058.04,48941.40,48994.04,1206.938,1630125899999,59137080.21462,16271,576.576,28255866.42488,0
1630125900000,48994.03,49057.96,48970.00,48994.80,796.486,1630126799999,39039036.55146,12382,421.525,20661328.00141,0
1630126800000,48994.80,49011.74,48923.00,48995.33,1225.815,1630127699999,60023447.69554,16063,579.402,28371460.99547,0
1630127700000,48995.33,49066.09,48988.65,49030.01,1315.488,1630128599999,64509640.52532,14879,598.923,29369049.53256,0
1630128600000,49030.00,49054.83,48900.38,48926.71,1785.090,1630129499999,87414803.55403,18512,728.451,35672487.98789,0
1630129500000,48926.71,48976.50,48907.00,48907.01,1002.944,1630130399999,49095019.01938,14727,481.680,23579486.57355,0
1630130400000,48907.00,48919.04,48671.89,48789.98,6564.667,1630131299999,320221323.66900,55888,2922.209,142551848.75119,0
1630131300000,48788.42,49129.00,48775.34,49115.66,4558.006,1630132199999,223173918.21167,40812,2446.017,119744788.62387,0
1630132200000,49115.66,49120.00,48978.19,48979.36,2341.153,1630133099999,114824252.79563,24515,1038.174,50920047.34812,0
1630133100000,48979.36,49099.99,48960.71,49039.34,1665.014,1630133999999,81610141.20915,19741,935.702,45864462.97179,0
1630134000000,49039.33,49039.34,48902.00,48939.44,1626.325,1630134899999,79609838.97195,20122,753.896,36901185.25432,0
1630134900000,48939.43,49002.56,48875.52,48967.60,1631.170,1630135799999,79799454.93100,18626,836.850,40943123.28942,0
1630135800000,48967.59,49028.40,48851.01,48854.53,1534.505,1630136699999,75089853.16231,18799,612.345,29973674.47359,0
1630136700000,48854.52,48984.49,48848.00,48978.13,1882.451,1630137599999,92107261.80246,18847,1130.600,55321047.95432,0
1630137600000,48978.14,49094.00,48940.34,49081.80,2647.786,1630138499999,129777031.28745,26723,1351.179,66225894.77860,0
1630138500000,49081.79,49088.00,49023.69,49050.00,1824.043,1630139399999,89480690.27500,19755,989.866,48558822.88255,0
1630139400000,49049.99,49100.00,48988.20,48993.99,1953.510,1630140299999,95800816.47416,18721,993.178,48716511.10674,0
1630140300000,48994.00,49010.54,48950.00,48953.45,1152.562,1630141199999,56442577.15636,15604,535.525,26226596.08761,0
1630141200000,48953.45,49065.63,48933.17,49008.04,1427.726,1630142099999,69965068.63620,17580,735.051,36021766.09157,0
1630142100000,49006.81,49043.10,48966.67,48996.01,938.060,1630142999999,45961187.09264,14830,478.121,23426352.99157,0
1630143000000,48996.01,49121.83,48924.40,49060.84,3023.055,1630143899999,148285468.78268,26148,1661.892,81525638.14591,0
1630143900000,49063.71,49063.72,48950.00,48961.74,1778.667,1630144799999,87121729.09079,19017,846.993,41485107.67025,0
1630144800000,48961.73,49001.79,48915.00,49000.00,1331.050,1630145699999,65153279.00032,18699,641.338,31394424.88191,0
1630145700000,48999.99,49000.00,48936.32,48990.73,718.215,1630146599999,35163139.55683,12819,364.141,17828240.01209,0
1630146600000,48990.73,48990.74,48920.00,48945.00,753.462,1630147499999,36885034.25856,12700,369.815,18104276.15056,0
1630147500000,48944.99,48982.58,48870.18,48874.94,1513.939,1630148399999,74056800.64804,17933,665.073,32534410.30971,0
1630148400000,48874.93,48933.33,48800.00,48841.29,2339.066,1630149299999,114289316.10792,25464,1028.889,50275143.21962,0
1630149300000,48841.29,48920.00,48756.66,48796.37,3173.210,1630150199999,154958689.96524,28554,1560.045,76187774.98170,0
1630150200000,48796.52,48875.69,48701.00,48750.26,3124.457,1630151099999,152412575.89430,30263,1521.372,74220994.97121,0
1630151100000,48750.27,48863.22,48673.57,48707.73,3829.500,1630151999999,186781971.30292,33006,1883.879,91902266.34791,0
1630152000000,48713.36,48921.93,48550.00,48817.05,6212.259,1630152899999,302752576.15106,50730,2966.955,144666866.65476,0
1630152900000,48817.05,48912.00,48770.46,48782.67,2687.431,1630153799999,131284134.78292,29201,1417.579,69252646.90750,0
1630153800000,48784.01,48910.00,48680.91,48864.40,5595.553,1630154699999,273122359.95743,43765,2808.644,137103788.01057,0
1630154700000,48864.40,49000.00,48864.39,48904.00,2697.210,1630155599999,132024699.34885,31588,1464.425,71681962.32842,0
1630155600000,48904.01,48954.52,48843.59,48877.96,1639.845,1630156499999,80182529.86861,21877,759.998,37164613.36549,0
1630156500000,48877.97,48894.65,48750.00,48765.01,2022.534,1630157399999,98700093.76628,25934,1034.271,50473725.73596,0
1630157400000,48765.01,48861.55,48731.00,48792.13,1749.549,1630158299999,85352866.11121,21797,862.441,42080077.33282,0
1630158300000,48792.13,48854.67,48709.04,48767.14,1657.550,1630159199999,80848534.46033,19758,736.422,35927282.18665,0
1630159200000,48767.14,48769.30,48555.49,48630.01,4446.260,1630160099999,216292538.62635,40982,1850.032,90003944.94315,0
1630160100000,48630.02,48734.87,48560.86,48622.06,2829.227,1630160999999,137665365.97125,30146,1513.351,73639750.33769,0
1630161000000,48622.07,48668.51,48395.65,48576.08,8402.833,1630161899999,407649551.07820,64781,3513.932,170511584.16851,0
1630161900000,48576.08,48699.89,48480.00,48679.99,4268.186,1630162799999,207401978.53974,35720,2178.733,105875579.50596,0
1630162800000,48679.98,48756.00,48526.05,48674.37,4243.953,1630163699999,206478769.42975,37722,2163.577,105275569.21099,0
1630163700000,48674.37,48712.17,48570.10,48593.49,1811.678,1630164599999,88087636.43469,20404,760.827,36993241.23208,0
1630164600000,48593.48,48732.72,48589.94,48673.25,1872.241,1630165499999,91128504.38178,20590,1021.218,49704492.45933,0
1630165500000,48675.84,48840.00,48675.84,48840.00,2958.273,1630166399999,144287431.14714,27715,1910.522,93189022.54822,0
1630166400000,48839.99,48934.71,48740.00,48925.69,3697.013,1630167299999,180526512.59762,36817,1733.528,84674861.55518,0
1630167300000,48925.71,49075.00,48886.11,49069.06,4744.213,1630168199999,232423546.58803,44566,2665.974,130620622.31350,0
1630168200000,49069.06,49199.69,49012.55,49068.17,5770.828,1630169099999,283342578.67041,48907,2871.773,141013178.36853,0
1630169100000,49068.17,49076.93,48944.83,48985.52,2715.657,1630169999999,133053656.26507,26864,1120.947,54925732.27879,0
1630170000000,48985.51,49062.20,48934.98,49020.08,1842.004,1630170899999,90254979.75316,21278,967.513,47412223.64848,0
1630170900000,49020.07,49068.94,48928.00,49004.36,1580.696,1630171799999,77447523.15229,20023,859.117,42100115.61500,0
1630171800000,49004.37,49042.47,48950.00,49023.75,1046.222,1630172699999,51259789.27308,15345,454.004,22246041.16072,0
1630172700000,49023.75,49064.00,48975.04,49034.99,1181.902,1630173599999,57940994.76195,14621,631.484,30956380.87789,0
1630173600000,49034.99,49114.26,48960.22,48978.42,2008.646,1630174499999,98512808.90336,22880,861.144,42239516.89702,0
1630174500000,48978.42,49021.63,48929.03,48959.53,1009.855,1630175399999,49462308.48642,14289,474.465,23241520.61543,0
1630175400000,48959.53,48976.00,48854.25,48911.46,1810.416,1630176299999,88541414.08897,19668,823.307,40266738.69297,0
1630176300000,48911.46,48926.96,48766.14,48815.84,1727.609,1630177199999,84395265.29642,19733,660.475,32271238.16070,0
1630177200000,48815.84,48815.84,48544.98,48676.74,4189.864,1630178099999,203983431.46938,38873,1804.548,87868073.37455,0
1630178100000,48676.74,48731.16,48567.00,48615.70,2315.278,1630178999999,112594353.00112,25717,1130.817,55000753.98741,0
1630179000000,48615.71,48675.00,48520.00,48550.00,2249.424,1630179899999,109292331.36174,25356,1083.838,52670264.56227,0
1630179900000,48550.01,48726.36,48531.84,48668.51,2340.099,1630180799999,113869123.00363,23628,1432.286,69692403.96125,0
1630180800000,48668.51,48735.00,48600.48,48680.00,1428.917,1630181699999,69536166.50160,18904,727.439,35400546.30213,0
1630181700000,48680.01,48700.88,48600.00,48656.75,1230.421,1630182599999,59859976.99923,16578,634.630,30875415.71856,0
1630182600000,48656.75,48742.00,48619.48,48739.71,1291.471,1630183499999,62883174.29218,15353,738.347,35952049.75245,0
1630183500000,48739.71,48764.24,48700.00,48745.78,935.151,1630184399999,45561963.97637,12072,416.312,20285956.69707,0
1630184400000,48745.78,48786.00,48700.00,48703.71,905.449,1630185299999,44115318.72742,14114,312.091,15207827.57106,0
1630185300000,48703.71,48900.00,48702.79,48886.22,1836.382,1630186199999,89658755.31170,24397,1092.569,53342938.26410,0
1630186200000,48886.21,48920.20,48875.69,48914.85,1076.050,1630187099999,52616002.57031,17218,542.004,26503874.05390,0
1630187100000,48914.85,49000.00,48913.36,48959.19,1338.685,1630187999999,65546440.75560,16861,704.611,34499343.27092,0
1630188000000,48959.19,49009.54,48881.00,48937.13,1576.310,1630188899999,77160864.49905,18881,705.422,34534887.77962,0
1630188900000,48937.13,48978.16,48810.18,48899.52,1706.820,1630189799999,83441923.98049,19554,769.519,37621691.66239,0
1630189800000,48897.37,48916.11,48750.00,48766.47,2119.527,1630190699999,103438396.92492,20934,1228.990,59981176.63960,0
1630190700000,48766.47,48827.46,48702.20,48725.01,1242.217,1630191599999,60566790.75661,14900,535.836,26130511.03663,0
1630191600000,48725.00,48810.00,48685.54,48793.59,1315.013,1630192499999,64116104.98469,16236,736.242,35901424.79510,0
1630192500000,48793.58,48848.40,48731.38,48762.39,1119.336,1630193399999,54615214.94304,15088,543.330,26514046.03765,0
1630193400000,48762.38,48874.60,48740.24,48854.00,1078.599,1630194299999,52649221.67682,14327,586.250,28614306.29157,0
1630194300000,48854.00,48932.00,48850.82,48931.99,1396.866,1630195199999,68301670.33048,16080,734.216,35901112.23459,0
1630195200000,48931.99,49126.03,48829.96,48944.89,4688.746,1630196099999,229766417.27592,38725,2445.379,119828341.76937,0
1630196100000,48944.89,49018.05,48759.18,48989.00,4063.119,1630196999999,198563888.31638,32363,2065.348,100943282.00681,0
1630197000000,48988.99,49146.02,48976.96,49068.44,4115.047,1630197899999,201967463.00935,32660,2115.204,103813692.53174,0
1630197900000,49067.93,49769.20,49067.24,49620.82,14210.554,1630198799999,703166432.61910,108296,8708.834,430879910.43949,0
1630198800000,49620.82,49665.98,49524.24,49634.94,3793.479,1630199699999,188067490.19132,35779,2036.113,100950024.17433,0
1630199700000,49634.94,49697.94,49504.38,49556.74,3083.202,1630200599999,152866040.23924,28625,1385.581,68710685.44417,0
1630200600000,49556.75,49599.37,49330.00,49378.16,3916.626,1630201499999,193568299.58304,36199,1750.028,86486134.19892,0
1630201500000,49378.16,49450.51,49320.00,49397.47,2567.252,1630202399999,126751632.83136,24507,1289.637,63676318.37130,0
1630202400000,49395.97,49433.00,49273.12,49281.30,2085.883,1630203299999,102948137.44935,23169,852.311,42074475.76423,0
1630203300000,49281.29,49377.96,49270.69,49281.50,1766.158,1630204199999,87107520.39098,17515,894.925,44143540.31650,0
1630204200000,49281.51,49322.00,49011.00,49041.38,5128.500,1630205099999,252058000.60205,40233,1966.740,96678824.26375,0
1630205100000,49041.37,49048.55,48400.00,48617.69,13162.354,1630205999999,641562973.92171,93634,5330.687,259902390.20933,0
1630206000000,48617.69,48716.98,48455.76,48593.43,7282.869,1630206899999,353930424.82033,54926,3690.964,179409858.36037,0
1630206900000,48593.90,48635.00,48231.41,48247.36,7545.952,1630207799999,365538901.46078,58535,2904.608,140762492.22548,0
1630207800000,48247.03,48388.00,48100.00,48318.44,9341.671,1630208699999,450760386.79141,76350,4388.968,211833509.20895,0
1630208700000,48318.44,48380.00,48227.35,48242.87,4184.335,1630209599999,202111261.49283,38335,1978.539,95578538.42559,0
1630209600000,48242.88,48325.44,47741.31,48072.28,13526.308,1630210499999,649466083.51963,103792,5633.475,270561337.25254,0
1630210500000,48074.25,48211.00,47986.05,48195.91,3519.342,1630211399999,169327748.26628,37029,1987.942,95658089.94995,0
1630211400000,48195.91,48292.00,48146.19,48277.01,3405.975,1630212299999,164185901.71438,33558,2048.045,98736449.63345,0
1630212300000,48277.01,48313.00,48152.23,48158.34,2546.447,1630213199999,122810831.49428,24634,1112.596,53663389.82164,0
1630213200000,48158.34,48312.40,48091.71,48242.02,2973.471,1630214099999,143315244.30680,26647,1763.271,85006823.64912,0
1630214100000,48242.02,48370.00,48227.28,48283.62,2556.020,1630214999999,123466635.66845,25849,1370.022,66177267.02783,0
1630215000000,48283.63,48330.00,48200.00,48309.65,1592.697,1630215899999,76856483.54377,19601,693.902,33488115.65718,0
1630215900000,48309.66,48387.99,48287.81,48319.90,1706.334,1630216799999,82477660.12611,19269,896.954,43357267.87088,0
1630216800000,48319.90,48362.49,48240.00,48361.76,1607.066,1630217699999,77634583.51307,18129,789.284,38134447.67017,0
1630217700000,48361.75,48484.00,48307.03,48419.55,2661.654,1630218599999,128828437.68725,26839,1499.887,72601960.40271,0
1630218600000,48419.55,48527.00,48397.86,48448.56,2601.731,1630219499999,126085537.50253,26740,1492.171,72320752.66953,0
1630219500000,48448.56,48455.17,48353.97,48424.58,2084.408,1630220399999,100900160.05844,19298,1024.536,49594508.09866,0
1630220400000,48424.58,48580.00,48422.94,48507.79,2735.498,1630221299999,132677053.33571,25009,1590.043,77126805.56103,0
1630221300000,48507.79,48597.00,48462.63,48564.69,2427.082,1630222199999,117821946.41336,25165,1317.362,63954096.01863,0
1630222200000,48564.68,48565.79,48361.96,48400.42,2293.783,1630223099999,111201476.96191,23366,850.555,41241714.58147,0
1630223100000,48400.42,48530.00,48400.02,48498.00,1803.801,1630223999999,87469596.03043,18409,1050.702,50946499.12827,0
1630224000000,48497.01,48643.09,48439.73,48592.00,3689.540,1630224899999,179201571.86043,30464,1771.104,86033976.56358,0
1630224900000,48591.53,48630.00,48530.80,48531.16,1522.827,1630225799999,73989612.72523,18212,632.873,30753200.05403,0
1630225800000,48531.15,48578.85,48451.98,48488.96,2113.624,1630226699999,102533952.62600,23676,991.127,48083018.52643,0
1630226700000,48488.97,48584.00,48304.32,48519.97,3912.764,1630227599999,189526543.80906,39436,1948.365,94392417.38511,0
1630227600000,48518.70,48568.14,48321.71,48490.00,2903.609,1630228499999,140635508.05415,29449,1345.702,65184261.76385,0
1630228500000,48490.00,48576.57,48432.67,48457.14,2064.900,1630229399999,100174665.70207,23141,974.433,47275687.78245,0
1630229400000,48457.15,48534.69,48362.17,48455.01,2804.799,1630230299999,135889681.11361,24597,1518.944,73594493.88820,0
1630230300000,48455.00,48610.00,48452.88,48597.70,2061.243,1630231199999,100083561.23364,20747,1195.053,58025771.82597,0
1630231200000,48597.70,48691.00,48427.76,48455.90,3552.652,1630232099999,172449135.60862,33525,1598.961,77643878.65902,0
1630232100000,48455.90,48554.37,48455.58,48507.56,1113.263,1630232999999,54004827.88946,15813,586.080,28432668.60865,0
1630233000000,48507.56,48555.00,48470.00,48535.66,1033.682,1630233899999,50157159.77352,13765,499.405,24234705.15783,0
1630233900000,48535.65,48653.49,48535.65,48547.47,2004.977,1630234799999,97441143.52104,21313,1025.707,49850204.46257,0
1630234800000,48547.25,48626.37,48464.93,48499.99,1995.950,1630235699999,96884917.37673,21756,725.939,35239255.97919,0
1630235700000,48499.99,48579.48,48438.87,48489.38,2159.538,1630236599999,104726054.02384,21121,974.607,47263271.58408,0
1630236600000,48489.37,48489.38,48310.62,48321.82,2829.234,1630237499999,136909548.77548,26802,1157.117,56003766.50861,0
1630237500000,48321.81,48382.78,48160.32,48188.00,5711.214,1630238399999,275543476.14142,44422,2310.310,111459392.70991,0
1630238400000,48185.56,48368.24,48122.84,48228.76,4383.243,1630239299999,211563010.22536,41180,2268.696,109517750.63006,0
1630239300000,48229.99,48450.00,48169.67,48365.94,3165.803,1630240199999,153104532.24431,31622,1715.191,82953996.16642,0
1630240200000,48367.00,48478.88,48301.00,48410.84,2018.647,1630241099999,97695795.00874,23254,1092.758,52893250.27626,0
1630241100000,48410.83,48425.00,48366.88,48385.97,1194.019,1630241999999,57778693.96435,15920,578.170,27979461.09893,0
1630242000000,48385.97,48520.00,48342.87,48489.01,2848.937,1630242899999,138063376.60181,27687,1542.097,74739869.17697,0
1630242900000,48489.01,48546.99,48453.18,48546.99,2076.681,1630243799999,100745212.60068,19507,1191.952,57826524.36259,0
1630243800000,48546.99,48569.00,48470.00,48480.07,1832.341,1630244699999,88898765.79212,19584,821.161,39843460.83714,0
1630244700000,48480.07,48483.59,48301.19,48336.05,2560.702,1630245599999,123896484.48915,26055,971.901,47021507.15456,0
1630245600000,48336.05,48527.72,48300.00,48446.00,2956.620,1630246499999,143179291.26245,26801,1774.076,85912867.35757,0
1630246500000,48446.30,48450.00,48273.54,48338.69,2760.998,1630247399999,133466618.10044,27477,1300.857,62878628.16454,0
1630247400000,48338.68,48499.00,48300.27,48480.00,2340.629,1630248299999,113284325.11371,23913,1234.764,59770061.76000,0
1630248300000,48480.00,48488.39,48226.00,48249.92,3539.999,1630249199999,171033759.77937,31325,1364.789,65937682.79264,0
1630249200000,48249.92,48347.06,48179.00,48308.10,3360.919,1630250099999,162213662.42344,33888,1728.481,83432746.87345,0
1630250100000,48308.10,48377.00,48256.00,48354.66,1488.323,1630250999999,71911639.71937,21647,747.144,36100704.73458,0
1630251000000,48354.66,48520.00,48344.05,48493.40,2994.889,1630251899999,145067087.98682,30818,1754.939,85007644.33328,0
1630251900000,48493.41,48493.41,48414.01,48489.96,1442.145,1630252799999,69869784.90063,18602,709.908,34395625.99548,0
1630252800000,48489.96,48585.00,48412.36,48427.57,3353.016,1630253699999,162612287.05274,30619,1676.098,81302336.80396,0
1630253700000,48427.57,48457.99,48350.00,48438.18,1931.514,1630254599999,93471622.89344,20754,1022.234,49469285.36187,0
1630254600000,48438.19,48575.43,48367.78,48575.42,2296.121,1630255499999,111346247.19292,23678,1190.179,57718746.48407,0
1630255500000,48575.43,48855.45,48573.46,48685.82,6916.556,1630256399999,336773714.33333,58212,4071.178,198263052.27762,0
1630256400000,48685.81,48733.00,48557.15,48566.56,2203.194,1630257299999,107115949.67353,25558,1011.830,49202735.53006,0
1630257300000,48566.57,48643.04,48500.00,48638.00,1973.911,1630258199999,95882988.99967,22609,939.053,45622427.53359,0
1630258200000,48637.99,48800.00,48637.27,48731.99,3243.000,1630259099999,158018371.09221,32032,1838.005,89549177.10532,0
1630259100000,48732.00,48800.00,48682.63,48789.99,1767.653,1630259999999,86140957.12874,21413,822.397,40079002.81405,0
1630260000000,48789.99,48799.49,48690.00,48721.88,1506.780,1630260899999,73423481.86193,19089,687.632,33510701.39194,0
1630260900000,48721.89,48880.00,48650.28,48803.18,2744.048,1630261799999,133850483.21288,24919,1700.441,82959203.96213,0
1630261800000,48803.19,48810.89,48709.31,48709.31,1337.797,1630262699999,65229843.47045,15946,586.969,28620095.72871,0
1630262700000,48711.98,48800.00,48704.44,48770.52,980.311,1630263599999,47787812.20432,13548,516.053,25154826.14478,0
1630263600000,48770.53,48893.15,48766.36,48842.51,1592.063,1630264499999,77742290.26268,20489,876.888,42823630.47468,0
1630264500000,48842.50,48893.85,48784.00,48810.39,1362.130,1630265399999,66507932.84639,19089,580.978,28368688.98875,0
1630265400000,48810.39,48829.08,48720.00,48755.50,1220.718,1630266299999,59517966.49771,15660,478.141,23312858.10672,0
1630266300000,48753.66,48825.31,48704.54,48808.94,1098.671,1630267199999,53578201.55356,14351,656.914,32039172.73236,0
1630267200000,48808.95,48868.02,48760.00,48795.79,1246.897,1630268099999,60873576.12628,17853,550.825,26892295.27387,0
1630268100000,48795.80,48989.94,48795.80,48969.87,3050.998,1630268999999,149262041.02153,29506,1831.606,89610040.27918,0
1630269000000,48969.87,49068.69,48770.13,48792.87,3224.034,1630269899999,157736772.52897,30900,1702.950,83359842.13198,0
1630269900000,48792.86,48949.01,48789.01,48902.78,1663.885,1630270799999,81323208.14770,18499,980.952,47942390.86950,0
1630270800000,48902.78,48972.37,48858.92,48863.84,1190.846,1630271699999,58257795.26692,17388,475.221,23251324.89514,0
1630271700000,48863.83,48907.20,48793.26,48876.31,1198.840,1630272599999,58569323.43036,17475,520.742,25441769.26919,0
1630272600000,48876.41,48915.71,48723.00,48723.00,1166.034,1630273499999,56961856.69625,15953,357.823,17485859.56161,0
1630273500000,48723.00,48922.00,48344.60,48921.99,7492.584,1630274399999,364434618.62595,56777,3274.974,159348235.41781,0
1630274400000,48922.00,49249.03,48921.99,49150.00,6688.503,1630275299999,328247607.44805,54047,3919.159,192394335.17462,0
1630275300000,49150.00,49320.89,49149.99,49248.45,5179.080,1630276199999,255022296.17397,41993,2863.280,140992308.23524,0
1630276200000,49248.45,49446.66,49132.00,49235.90,6656.793,1630277099999,328159962.60123,48367,3223.480,158945007.99117,0
1630277100000,49235.91,49296.66,49051.20,49155.00,4022.650,1630277999999,197701176.03739,36636,2012.708,98921120.57951,0
1630278000000,49155.01,49299.87,49062.32,49141.84,3117.438,1630278899999,153330234.35734,29839,1446.932,71172847.17302,0
1630278900000,49141.85,49191.42,48963.44,49000.00,3267.017,1630279799999,160309023.69303,26592,1483.705,72812542.42150,0
1630279800000,48999.99,49020.70,48858.42,48886.08,3648.594,1630280699999,178602472.78182,30469,1529.144,74869685.31410,0
1630280700000,48885.18,48959.26,48755.00,48795.41,3347.748,1630281599999,163536311.26881,30466,1539.283,75202896.75684,0
1630281600000,48795.42,48916.25,48598.72,48782.51,7312.062,1630282499999,356580100.40381,50392,3637.138,177440521.86621,0
1630282500000,48782.50,48782.51,48569.00,48662.46,3398.259,1630283399999,165437680.11696,30744,1266.093,61642628.61975,0
1630283400000,48661.87,48682.78,48566.00,48585.06,2162.076,1630284299999,105132527.36262,23305,1052.826,51201145.73183,0
1630284300000,48585.06,48600.00,48360.65,48435.13,5715.898,1630285199999,277054302.08385,44913,2544.867,123358216.48506,0
1630285200000,48435.13,48550.00,48394.33,48474.64,3009.967,1630286099999,145925525.93171,26432,1560.103,75642369.79569,0
1630286100000,48474.64,48640.00,48462.89,48640.00,2323.363,1630286999999,112792471.12742,25128,1405.969,68261873.78365,0
1630287000000,48640.00,48728.83,48550.02,48597.99,3007.761,1630287899999,146317506.87835,25576,1440.604,70089404.19743,0
1630287900000,48597.99,48604.22,48491.29,48513.58,1314.956,1630288799999,63812028.58075,15981,628.563,30504092.78657,0
1630288800000,48513.58,48600.00,48480.45,48560.99,1264.148,1630289699999,61372451.37152,16407,681.476,33088020.85916,0
1630289700000,48560.99,48678.69,48541.61,48637.99,1607.958,1630290599999,78151919.06854,17297,894.268,43469966.05846,0
1630290600000,48638.00,48638.67,48534.06,48624.15,799.579,1630291499999,38839976.31128,12742,359.117,17445400.32303,0
1630291500000,48624.16,48624.16,48422.00,48424.00,2432.485,1630292399999,117914902.19932,21837,966.587,46858398.38036,0
1630292400000,48422.34,48487.34,48322.53,48386.34,3493.688,1630293299999,169128283.35627,28756,1606.634,77788882.41712,0
1630293300000,48386.34,48386.34,48024.32,48083.72,8077.955,1630294199999,389132858.74777,63897,3559.938,171475764.37905,0
1630294200000,48083.71,48164.19,47917.11,48000.00,6354.510,1630295099999,305323870.24248,52450,3037.749,145999265.72029,0
1630295100000,47999.99,48046.60,47822.99,47989.05,6320.436,1630295999999,302932793.13465,51768,3250.504,155813458.35211,0
1630296000000,47989.04,48172.42,47850.00,48088.78,4874.029,1630296899999,233985885.71237,43952,2563.068,123056390.87511,0
1630296900000,48088.78,48099.02,47888.00,47954.88,2869.287,1630297799999,137700421.36306,28790,1105.891,53087454.55776,0
1630297800000,47954.99,47956.90,47776.01,47823.34,5267.446,1630298699999,251929748.43143,47097,2511.955,120138698.49509,0
1630298700000,47823.34,47972.16,47764.00,47896.50,4618.374,1630299599999,221167257.03841,34889,2332.355,111693096.43929,0
1630299600000,47895.57,48014.85,47777.09,47992.08,3234.760,1630300499999,154935195.23087,29667,1744.858,83580599.59075,0
1630300500000,47992.07,48060.00,47932.93,47937.70,2709.087,1630301399999,130048500.90739,24866,1335.658,64126990.22182,0
1630301400000,47937.69,48050.00,47901.26,47983.69,1647.178,1630302299999,79023698.91381,19933,892.829,42836128.54017,0
1630302300000,47983.69,48037.79,47941.14,48023.61,1336.079,1630303199999,64111774.84827,17023,635.645,30502837.13122,0
1630303200000,48023.64,48023.64,47862.07,47899.99,2104.049,1630304099999,100839011.28324,21275,790.108,37868912.96337,0
1630304100000,47899.99,48025.99,47837.18,47840.59,2478.718,1630304999999,118795224.99568,22271,1280.383,61372657.47604,0
1630305000000,47840.58,48100.00,47597.29,47919.63,10729.632,1630305899999,513664058.84593,80528,4870.220,233296926.48234,0
1630305900000,47919.63,48080.72,47880.00,47960.91,2738.066,1630306799999,131412932.56324,28200,1379.782,66224073.22310,0
1630306800000,47960.90,47974.25,47770.42,47840.00,3388.627,1630307699999,162178915.06858,33176,1596.623,76413165.53821,0
1630307700000,47840.00,48027.09,47753.41,48012.01,3616.878,1630308599999,173315689.29404,31785,2155.661,103293547.29236,0
1630308600000,48012.01,48022.00,47869.55,47896.71,2552.003,1630309499999,122371941.62890,23741,1141.244,54721982.33147,0
1630309500000,47896.72,48000.00,47867.77,47981.01,3543.385,1630310399999,169898163.07931,27460,1485.356,71214293.74156,0
1630310400000,47981.01,48033.33,47884.00,47947.59,2965.474,1630311299999,142194811.52955,26628,1334.130,63975483.65182,0
1630311300000,47947.58,48090.00,47904.54,48070.01,2358.199,1630312199999,113196091.94539,23579,1217.258,58434455.16736,0
1630312200000,48070.02,48248.00,47995.02,48218.12,4464.902,1630313099999,214890003.78756,38724,2820.143,135736825.12055,0
1630313100000,48218.13,48236.66,48094.59,48107.92,2732.590,1630313999999,131617206.86180,25983,1098.322,52896670.06588,0
1630314000000,48107.92,48146.88,47945.19,47986.84,3291.463,1630314899999,158042169.69697,30537,1481.209,71126847.49643,0
1630314900000,47986.85,48159.89,47986.84,48016.10,2095.812,1630315799999,100763273.19727,22386,992.757,47731676.50568,0
1630315800000,48016.10,48091.04,47980.61,47989.01,1796.984,1630316699999,86299991.01116,19630,900.029,43229855.34139,0
1630316700000,47989.00,48033.91,47904.35,47955.61,2061.515,1630317599999,98873681.41958,22305,877.991,42114697.96249,0
1630317600000,47955.61,47955.61,47840.48,47932.00,2669.009,1630318499999,127839452.93234,28312,1188.345,56923757.59676,0
1630318500000,47932.00,47982.40,47893.64,47918.00,1124.976,1630319399999,53925900.43222,15815,578.627,27737695.39774,0
1630319400000,47917.99,47995.00,47872.00,47942.37,1474.810,1630320299999,70706542.91784,18196,727.779,34892526.60780,0
1630320300000,47942.37,48088.00,47942.37,48030.92,1974.924,1630321199999,94883167.33369,22587,1060.802,50959626.13691,0
1630321200000,48030.91,48049.00,47918.51,47921.63,1900.818,1630322099999,91196952.91247,20699,835.626,40089652.13057,0
1630322100000,47921.62,47921.63,47777.00,47802.01,2996.507,1630322999999,143386227.71493,31799,1218.890,58334508.51026,0
1630323000000,47802.00,47978.01,47673.46,47966.93,7080.891,1630323899999,338375624.33355,60031,3816.263,182379018.97569,0
1630323900000,47966.94,47980.00,47805.00,47934.44,2598.854,1630324799999,124457687.13252,27532,1228.529,58827745.37301,0
1630324800000,47934.44,47950.01,47712.52,47739.21,3111.641,1630325699999,148732606.25312,32069,1568.513,74971867.55840,0
1630325700000,47739.21,47789.50,47560.00,47603.22,7415.736,1630326599999,353314785.23991,63991,3261.684,155419555.81629,0
1630326600000,47603.22,47750.28,47555.00,47740.44,4338.653,1630327499999,206678672.49886,39770,2457.203,117070095.60981,0
1630327500000,47740.43,47849.53,47605.51,47634.83,4167.822,1630328399999,198913386.41327,37676,2078.046,99199038.87471,0
1630328400000,47634.82,47698.08,47400.00,47510.22,6587.297,1630329299999,313131931.90975,60011,2686.858,127774699.47230,0
1630329300000,47510.22,47740.00,47471.02,47572.18,5013.041,1630330199999,238765392.48757,46212,2633.539,125426351.85524,0
1630330200000,47571.73,47777.00,47536.00,47686.99,3977.614,1630331099999,189702152.35666,35586,2054.773,97978993.59323,0
1630331100000,47686.99,47835.10,47671.82,47809.69,2778.991,1630331999999,132710083.54708,28696,1565.645,74774120.14904,0
1630332000000,47809.69,47949.00,47753.27,47897.43,5007.112,1630332899999,239763829.14276,45332,2702.782,129425033.74866,0
1630332900000,47897.43,47932.96,47825.29,47884.94,2163.393,1630333799999,103591072.84746,24745,1043.961,49991561.69713,0
1630333800000,47884.95,47906.98,47758.49,47786.56,3549.742,1630334699999,169788782.16655,26585,1481.992,70901140.12973,0
1630334700000,47786.57,47833.15,47676.76,47734.41,2430.897,1630335599999,116070443.49436,26974,1184.324,56554123.34922,0
1630335600000,47734.51,47899.48,47702.12,47884.34,2471.741,1630336499999,118199680.02645,26162,1525.136,72931461.40421,0
1630336500000,47884.35,47920.00,47841.85,47909.61,1989.067,1630337399999,95248473.26460,21369,971.169,46509351.36657,0
1630337400000,47909.61,48120.00,47909.61,48010.62,5178.553,1630338299999,248695648.93404,45214,3039.397,145961965.44492,0
1630338300000,48010.63,48139.00,48010.62,48039.99,3302.336,1630339199999,158758431.89896,31100,1566.886,75331142.55390,0
1630339200000,48039.99,48162.14,47989.36,48114.98,3448.869,1630340099999,165781700.19388,34108,1760.555,84634805.06804,0
1630340100000,48114.98,48160.00,48034.72,48142.15,2738.065,1630340999999,131704270.17913,26937,1334.279,64184824.71970,0
1630341000000,48142.15,48187.00,48043.88,48179.78,2520.387,1630341899999,121272354.07955,25850,1418.027,68235919.94501,0
1630341900000,48179.78,48216.11,48129.99,48200.53,2562.413,1630342799999,123439591.09604,28451,1247.739,60111288.86249,0
1630342800000,48200.53,48220.00,48083.00,48101.03,2635.490,1630343699999,126894687.53125,25558,1089.279,52455904.73929,0
1630343700000,48101.02,48175.00,48101.02,48128.99,1423.600,1630344599999,68538044.33732,17534,752.518,36231437.79450,0
1630344600000,48128.64,48175.77,48116.28,48165.31,962.977,1630345499999,46365989.47180,14161,509.726,24543114.45800,0
1630345500000,48165.32,48380.67,48120.58,48353.00,3598.445,1630346399999,173688354.90379,32951,2219.194,107112102.96801,0
1630346400000,48353.00,48450.00,48255.00,48280.98,4827.248,1630347299999,233451820.54886,43689,2092.673,101210960.71266,0
1630347300000,48280.99,48333.00,48184.94,48278.85,2409.313,1630348199999,116237935.92898,23561,1075.646,51901298.57830,0
1630348200000,48278.85,48412.76,48275.00,48350.55,1952.004,1630349099999,94363970.24794,22093,976.551,47212506.48560,0
1630349100000,48350.55,48575.29,48332.43,48528.01,4685.778,1630349999999,227182650.27482,36646,2730.686,132399398.18076,0
1630350000000,48528.00,48600.00,48393.97,48474.64,4779.054,1630350899999,231809344.81065,39003,1719.537,83434864.62988,0
1630350900000,48474.63,48498.97,48384.68,48490.00,1689.248,1630351799999,81862870.37268,21959,871.315,42227037.24268,0
1630351800000,48490.00,48552.41,48449.90,48536.15,2226.876,1630352699999,108028133.38840,22147,1179.250,57206165.69590,0
1630352700000,48536.16,48671.00,48526.09,48666.62,2791.353,1630353599999,135652023.40264,26785,1638.047,79611971.58300,0
1630353600000,48666.62,48746.81,48568.00,48703.74,3356.497,1630354499999,163335295.67396,34277,1739.742,84669047.41562,0
1630354500000,48707.41,48744.17,48600.00,48608.92,1999.054,1630355399999,97297990.55046,22718,741.276,36087211.04122,0
1630355400000,48608.93,48714.00,48570.00,48694.32,2224.735,1630356299999,108200324.27134,21011,1191.725,57970263.91348,0
1630356300000,48694.33,48738.00,48620.00,48671.83,1552.250,1630357199999,75558203.12019,18532,746.019,36318149.49587,0
1630357200000,48671.84,48717.35,48367.58,48522.49,4668.834,1630358099999,226500982.18621,39955,1857.543,90100376.57395,0
1630358100000,48522.49,48550.00,48214.73,48265.53,4117.407,1630358999999,199199692.97851,42142,1664.601,80549799.39587,0
1630359000000,48265.53,48482.85,48240.59,48446.86,2209.876,1630359899999,106895179.50752,23748,1391.585,67313801.27554,0
1630359900000,48446.85,48500.00,48408.00,48445.01,1616.548,1630360799999,78330502.82685,17858,719.020,34843162.76232,0
1630360800000,48445.01,48526.50,48200.00,48220.55,2901.636,1630361699999,140353344.62532,29202,1280.983,61983937.56556,0
1630361700000,48222.76,48326.74,47755.00,47849.72,8723.366,1630362599999,418519719.65049,69738,3883.698,186328526.22050,0
1630362600000,47849.73,47900.00,47589.06,47689.97,6585.394,1630363499999,314352384.21310,55509,3147.703,150277342.43498,0
1630363500000,47689.98,47790.90,47560.00,47659.64,4152.384,1630364399999,198030505.30229,36568,1835.926,87581116.93631,0
1630364400000,47660.63,47660.63,47263.32,47457.92,10209.781,1630365299999,484184776.72317,82481,4472.083,212111542.63964,0
1630365300000,47457.92,47499.00,47311.88,47430.50,5337.178,1630366199999,253019184.43366,39842,2819.730,133693934.93292,0
1630366200000,47430.51,47430.51,47050.00,47055.60,13029.497,1630367099999,615071565.85503,94337,5827.806,275183965.79001,0
1630367100000,47055.60,47100.00,46876.49,47024.70,10521.134,1630367999999,494369522.64018,82775,5070.782,238308482.95253,0
1630368000000,47024.69,47177.77,46911.85,47130.01,7901.391,1630368899999,371766410.56608,59596,4330.518,203798594.05522,0
1630368900000,47130.00,47130.01,46780.00,46802.86,8731.488,1630369799999,409457842.94221,67681,3461.418,162336726.43958,0
1630369800000,46801.98,46934.76,46731.03,46800.01,6565.017,1630370699999,307386779.35882,52277,3598.306,168515802.12492,0
1630370700000,46800.00,46969.35,46750.00,46889.80,3319.161,1630371599999,155623772.84562,33590,1834.565,86016723.69332,0
1630371600000,46889.79,47051.22,46790.00,46998.49,3612.511,1630372499999,169547601.92094,33492,2017.026,94686737.09707,0
1630372500000,46998.49,47050.99,46932.29,46947.83,2809.919,1630373399999,132038244.04975,23128,1484.005,69736450.56174,0
1630373400000,46947.83,46999.90,46873.15,46930.00,2684.171,1630374299999,125951357.90673,23532,1097.905,51520066.87653,0
1630374300000,46930.00,46977.75,46809.59,46921.84,1667.932,1630375199999,78231310.45390,19457,822.714,38597158.49671,0
1630375200000,46921.84,46921.84,46792.71,46879.98,2129.656,1630376099999,99768919.97038,22122,977.372,45795118.74658,0
1630376100000,46879.98,47087.05,46855.00,47068.91,2557.052,1630376999999,120130154.10183,26609,1463.985,68782511.45558,0
1630377000000,47068.90,47078.19,46961.23,47003.21,1826.635,1630377899999,85861066.90062,21786,878.168,41277906.91603,0
1630377900000,47003.21,47059.70,46958.58,47059.67,1521.854,1630378799999,71546155.31788,17740,814.167,38278572.48098,0
1630378800000,47057.90,47130.00,47012.70,47116.83,2479.432,1630379699999,116741164.67430,23289,1259.681,59316156.35953,0
1630379700000,47116.83,47191.28,47074.40,47171.59,2456.738,1630380599999,115836794.07483,24227,1258.347,59331998.72725,0
1630380600000,47171.60,47176.96,47070.00,47115.64,1469.617,1630381499999,69257787.20875,17888,600.506,28300465.07737,0
1630381500000,47115.63,47244.00,47100.00,47177.21,2436.314,1630382399999,114968578.27642,23907,1383.874,65307648.52215,0
1630382400000,47177.22,47312.50,47112.00,47281.74,3342.165,1630383299999,157841618.60535,27863,2030.790,95911784.21129,0
1630383300000,47281.74,47292.99,47220.65,47235.65,1533.655,1630384199999,72464688.97017,18141,642.401,30352452.37350,0
1630384200000,47235.66,47343.48,47216.91,47225.00,2165.276,1630385099999,102379725.55000,20459,1084.515,51290022.90798,0
1630385100000,47228.51,47250.00,47030.64,47086.64,4140.488,1630385999999,195155219.94857,31043,1734.143,81736350.59534,0
1630386000000,47086.65,47160.00,47033.00,47134.52,2461.715,1630386899999,115948872.28643,22146,1383.530,65169052.55685,0
1630386900000,47134.52,47245.87,47124.71,47208.07,2055.734,1630387799999,97000738.88613,19671,1247.339,58855695.73710,0
1630387800000,47208.06,47238.00,47124.89,47218.77,1665.067,1630388699999,78568293.98249,17776,918.427,43339331.17541,0
1630388700000,47218.03,47229.37,47160.00,47176.68,1279.831,1630389599999,60404530.16230,13843,571.238,26960975.76984,0
1630389600000,47176.68,47280.00,47171.87,47197.83,2065.285,1630390499999,97558187.84096,19163,1151.524,54395674.85714,0
1630390500000,47199.00,47221.20,47030.00,47107.45,3184.959,1630391399999,150046024.80498,27357,1394.013,65668023.22244,0
1630391400000,47107.44,47173.82,47027.35,47090.03,1831.409,1630392299999,86258362.62997,20566,812.192,38252815.19512,0
1630392300000,47090.03,47110.00,47010.00,47052.57,2269.708,1630393199999,106771029.53302,19273,991.032,46626023.08783,0
1630393200000,47052.57,47241.90,46852.34,47231.18,6262.530,1630394099999,294674217.61883,48264,3085.411,145257752.36100,0
1630394100000,47231.18,47480.00,47138.23,47418.53,7467.638,1630394999999,353510892.84223,53532,4158.022,196856645.36780,0
1630395000000,47418.54,47666.00,47360.47,47642.79,9663.694,1630395899999,459372853.17024,68010,5235.635,248900902.36653,0
1630395900000,47641.82,47920.83,47636.29,47789.00,12752.941,1630396799999,609241808.65004,92626,6193.707,295906265.85214,0
1630396800000,47788.55,47870.05,47670.00,47780.00,5582.641,1630397699999,266597476.11935,46567,2579.495,123202205.93647,0
1630397700000,47779.99,47988.00,47751.00,47969.99,5214.022,1630398599999,249607659.98660,41201,2788.389,133502683.10549,0
1630398600000,47969.99,48011.99,47750.45,47823.20,5567.802,1630399499999,266557356.55181,42562,2190.440,104883784.10674,0
1630399500000,47823.19,47824.98,47688.06,47764.01,2956.877,1630400399999,141193057.46256,29885,1469.999,70202148.22038,0
1630400400000,47764.01,47817.96,47530.00,47540.93,4581.729,1630401299999,218327325.42149,40175,1790.762,85345735.59710,0
1630401300000,47540.93,47644.00,47418.00,47488.26,5354.957,1630402199999,254429558.81287,44875,2711.732,128864190.23843,0
1630402200000,47488.25,47576.74,47465.00,47550.00,2302.396,1630403099999,109394695.33633,25815,1225.013,58211875.45995,0
1630403100000,47550.01,47601.26,47369.40,47429.21,3021.707,1630403999999,143468779.14087,29391,1287.563,61155166.73071,0
1630404000000,47429.21,47439.38,47222.00,47277.97,5277.086,1630404899999,249627072.85398,47268,2547.318,120497296.93399,0
1630404900000,47277.97,47408.74,47165.30,47379.66,4774.100,1630405799999,225777556.66958,41633,2692.596,127366794.07415,0
1630405800000,47380.00,47531.20,47268.84,47527.49,2981.994,1630406699999,141284511.50105,28849,1766.301,83714875.31473,0
1630406700000,47527.49,47749.96,47359.14,47454.71,7568.665,1630407599999,360069382.24813,60521,3714.950,176718584.56609,0
1630407600000,47454.72,47587.79,47352.15,47450.00,3228.893,1630408499999,153176158.07435,31434,1644.356,78022009.88099,0
1630408500000,47450.00,47799.00,47442.83,47799.00,5484.091,1630409399999,261396028.87773,48675,3080.391,146809169.46812,0
1630409400000,47798.99,48100.00,47762.57,48038.22,11264.966,1630410299999,540058273.66616,85237,6056.108,290395643.77296,0
1630410300000,48038.22,48080.00,47788.87,47997.22,8728.261,1630411199999,418175429.26881,67593,4203.789,201427025.13663,0
1630411200000,47997.23,48188.00,47869.49,47996.15,7647.810,1630412099999,367358946.11189,68754,3973.522,190889450.51879,0
1630412100000,47995.73,48069.99,47838.79,47846.13,3481.950,1630412999999,166941996.23678,35979,1592.614,76377501.88737,0
1630413000000,47846.15,48008.00,47754.42,47762.94,3683.588,1630413899999,176453893.34677,35309,1696.510,81291941.16502,0
1630413900000,47762.93,47900.00,47754.81,47838.85,2561.888,1630414799999,122532178.26861,28693,1460.709,69868883.78549,0
1630414800000,47840.00,48033.15,47840.00,47932.06,3651.982,1630415699999,175140078.32101,32022,2104.175,100911363.26083,0
1630415700000,47932.18,48027.50,47677.61,47718.43,5230.985,1630416599999,250076511.46330,45448,2353.917,112560126.21672,0
1630416600000,47718.44,47866.57,47710.00,47770.98,2545.750,1630417499999,121643652.27923,25805,1353.098,64653282.49339,0
1630417500000,47770.99,47913.99,47769.22,47907.00,1768.206,1630418399999,84633906.51208,20786,1032.862,49437524.05641,0
1630418400000,47906.99,48298.00,47705.00,47754.23,11800.882,1630419299999,566704987.07040,99272,6050.533,290584110.03540,0
1630419300000,47754.22,47810.32,47463.00,47510.11,9950.215,1630420199999,473633462.05486,81189,4712.175,224328621.36207,0
1630420200000,47510.01,47636.00,47374.00,47576.34,5607.165,1630421099999,266500096.15325,50163,2859.223,135927336.82833,0
1630421100000,47576.34,47631.21,47230.00,47298.48,7355.830,1630421999999,348603466.33416,61337,3011.827,142758604.56794,0
1630422000000,47297.50,47465.00,47205.19,47462.01,4836.045,1630422899999,228989902.40848,46033,2774.025,131366673.91640,0
1630422900000,47462.01,47501.31,47320.00,47400.21,3420.443,1630423799999,162134025.00122,34577,1708.543,80996103.73103,0
1630423800000,47400.02,47474.98,47254.76,47367.08,3219.494,1630424699999,152423230.33932,29273,1353.757,64105192.06779,0
1630424700000,47367.08,47500.00,47285.98,47439.56,3111.524,1630425599999,147537524.12055,27863,1874.755,88901852.56635,0
1630425600000,47439.56,47550.00,47330.34,47390.05,4438.378,1630426499999,210538736.20345,40635,2295.437,108905600.83608,0
1630426500000,47390.04,47494.17,47325.96,47494.17,2037.633,1630427399999,96617064.20722,23228,998.760,47362002.07528,0
1630427400000,47494.17,47617.36,47480.38,47573.98,2961.670,1630428299999,140828739.59958,28814,1423.143,67675079.22401,0
1630428300000,47573.98,47592.31,47383.07,47411.20,2020.514,1630429199999,95884024.74109,22239,874.556,41497240.84502,0
1630429200000,47411.19,47494.71,47338.45,47394.81,2251.102,1630430099999,106727813.94274,25214,1171.446,55540006.81860,0
1630430100000,47394.82,47477.94,47311.00,47329.27,1917.221,1630430999999,90843456.10873,20685,830.672,39370041.00876,0
1630431000000,47329.26,47364.62,47044.31,47206.91,6783.768,1630431899999,320100019.26485,57207,2880.134,135906004.10890,0
1630431900000,47206.90,47282.42,47101.17,47145.16,2859.375,1630432799999,134928458.02966,30299,1403.015,66214904.24124,0
1630432800000,47145.16,47283.06,47108.51,47129.47,2498.576,1630433699999,117932617.90869,24668,1514.274,71484671.42829,0
1630433700000,47129.67,47238.00,47076.92,47228.78,1987.853,1630434599999,93712893.99621,24043,1017.260,47962314.91792,0
1630434600000,47226.25,47397.96,47200.94,47353.11,2967.532,1630435499999,140395342.36818,26991,1736.355,82146029.78222,0
1630435500000,47353.11,47450.92,47251.48,47344.70,2193.247,1630436399999,103836610.72989,22224,1170.330,55423437.27873,0
1630436400000,47344.70,47443.88,47327.07,47360.70,1476.475,1630437299999,69960169.43330,19654,669.052,31706826.46483,0
1630437300000,47361.91,47397.27,47331.61,47349.99,731.647,1630438199999,34656723.91272,13858,367.456,17406101.49011,0
1630438200000,47349.99,47437.53,47230.01,47365.99,1984.970,1630439099999,93946885.13565,21769,983.903,46572682.31646,0
1630439100000,47366.00,47388.99,47260.00,47344.02,1333.831,1630439999999,63118475.09298,16299,715.360,33852100.87315,0
1630440000000,47343.83,47358.00,47181.61,47314.94,2252.358,1630440899999,106500633.79246,24034,1109.280,52457904.68615,0
1630440900000,47314.93,47364.43,47169.59,47243.50,1693.531,1630441799999,80018398.16500,20151,718.958,33970050.72706,0
1630441800000,47243.68,47316.43,47194.00,47194.01,1471.847,1630442699999,69544332.39799,18440,669.277,31626744.65298,0
1630442700000,47194.02,47203.47,46923.62,47048.59,4478.977,1630443599999,210732296.71063,42069,1617.420,76102515.79382,0
1630443600000,47048.58,47060.67,46888.00,47047.79,3133.263,1630444499999,147143933.88496,32570,1351.530,63488267.85408,0
1630444500000,47047.78,47144.23,46867.74,47037.94,4867.477,1630445399999,228778609.48391,40400,2325.765,109335110.84558,0
1630445400000,47037.94,47245.00,46987.29,47209.60,2267.683,1630446299999,106819907.20475,26049,1386.765,65326527.61410,0
1630446300000,47209.60,47256.52,46952.02,46952.02,2346.909,1630447199999,110565851.60998,24687,929.774,43812732.75641,0
1630447200000,46952.03,47046.91,46888.00,46975.45,2056.937,1630448099999,96618089.64342,24208,942.076,44261805.01345,0
1630448100000,46979.01,46996.03,46781.01,46900.01,3422.319,1630448999999,160422817.41370,35240,1347.467,63182079.51090,0
1630449000000,46900.01,46961.57,46767.37,46940.01,2520.741,1630449899999,118138850.91225,26790,1261.482,59138418.89842,0
1630449900000,46940.01,47148.03,46940.00,47128.69,2552.821,1630450799999,120183172.97463,25703,1359.963,64022341.73601,0
1630450800000,47128.70,47300.00,47035.31,47243.88,3023.060,1630451699999,142606117.00168,27903,1902.408,89744981.09173,0
1630451700000,47243.88,47272.47,47140.36,47241.17,1729.919,1630452599999,81659734.95158,19696,878.667,41481824.95380,0
1630452600000,47241.18,47410.00,47241.17,47296.58,3069.640,1630453499999,145272403.40922,26835,1590.839,75298003.14083,0
1630453500000,47296.58,47331.06,47142.78,47150.32,2142.008,1630454399999,101206062.94776,21002,893.143,42211205.72581,0
