1614556800000,45162.64,45500.47,44972.49,45498.26,3788.361,1614557699999,171275930.31718,41638,2202.111,99591452.76521,0
1614557700000,45498.25,46388.28,45454.25,46181.33,7212.686,1614558599999,332219261.48602,78537,3928.415,180943250.97260,0
1614558600000,46181.33,46587.98,46181.00,46261.37,5143.049,1614559499999,238752009.36108,56471,2599.135,120666560.66902,0
1614559500000,46262.42,46448.88,46150.00,46246.26,2581.772,1614560399999,119444516.72890,30408,1335.164,61786848.39343,0
1614560400000,46246.26,46366.00,46005.00,46069.76,2313.226,1614561299999,106767685.21541,29412,1099.747,50771798.43937,0
1614561300000,46069.76,46204.63,45870.00,46146.79,3362.397,1614562199999,154831505.68394,35332,1651.928,76069432.18141,0
1614562200000,46146.79,46514.47,46140.00,46255.08,3036.938,1614563099999,140614546.55660,36116,1591.927,73708168.80430,0
1614563100000,46255.07,46400.00,46052.76,46186.91,2749.689,1614563999999,127060787.35186,31279,1212.583,56053968.93882,0
1614564000000,46186.92,46418.02,46108.45,46407.60,2177.873,1614564899999,100778732.70755,29234,1062.442,49171684.82553,0
1614564900000,46407.59,46836.16,46264.90,46676.63,3554.364,1614565799999,165588509.00151,44826,1942.449,90518291.16614,0
1614565800000,46676.63,46788.88,46573.65,46581.51,2184.907,1614566699999,101992247.45896,25455,1035.190,48323756.86625,0
1614566700000,46581.52,46595.61,46353.06,46435.90,2121.195,1614567599999,98606344.62247,22876,936.530,43546204.32966,0
1614567600000,46435.91,46555.54,46222.00,46411.79,2018.686,1614568499999,93650594.02491,24722,1012.897,47004070.00514,0
1614568500000,46411.67,46541.50,46335.71,46518.13,1267.717,1614569399999,58903999.61348,17478,702.622,32649607.35818,0
1614569400000,46518.13,46537.79,46264.74,46339.72,1421.743,1614570299999,65960660.31425,19078,657.888,30523316.27185,0
1614570300000,46339.73,46540.80,46265.45,46351.91,1587.820,1614571199999,73638443.45952,21244,763.459,35413538.07882,0
1614571200000,46351.91,46505.62,46312.14,46342.77,1360.131,1614572099999,63156942.26191,17974,564.591,26216706.67785,0
1614572100000,46344.70,46392.29,45963.98,46187.06,3454.307,1614572999999,159349823.91832,36937,1427.153,65841887.87782,0
1614573000000,46187.06,46291.49,46020.01,46284.42,1869.408,1614573899999,86286004.47788,20236,896.239,41380600.31984,0
1614573900000,46284.42,46700.00,46250.56,46474.71,3255.649,1614574799999,151326298.76186,36679,1660.983,77214364.91146,0
1614574800000,46479.12,46492.55,46302.00,46332.44,1265.512,1614575699999,58700794.85121,16719,606.368,28127655.30255,0
1614575700000,46332.44,46336.88,46002.00,46067.28,1993.328,1614576599999,92108533.12909,22673,765.104,35370326.72644,0
1614576600000,46067.29,46240.00,46057.90,46141.12,1723.679,1614577499999,79580982.27638,19350,929.235,42902485.99009,0
1614577500000,46143.90,46240.00,46067.07,46230.85,1261.722,1614578399999,58235437.12468,15842,676.277,31218884.33836,0
1614578400000,46230.85,46308.65,46090.00,46273.07,1469.894,1614579299999,67897472.96287,18921,850.414,39287471.28758,0
1614579300000,46273.68,46296.91,46165.61,46269.08,890.464,1614580199999,41172425.99669,13657,462.921,21404527.32877,0
1614580200000,46269.09,46299.79,45761.31,45838.71,4255.562,1614581099999,195585852.82264,40406,1528.042,70258711.94117,0
1614581100000,45838.71,45911.87,45670.00,45887.24,3328.962,1614581999999,152472835.56058,33221,1621.237,74272903.24463,0
1614582000000,45886.08,46200.01,45870.63,46196.82,3172.617,1614582899999,146172158.78537,33130,1759.364,81045757.23658,0
1614582900000,46196.83,46255.51,46090.00,46149.99,1526.254,1614583799999,70465115.15485,20124,716.745,33097555.35643,0
1614583800000,46149.99,46171.27,45929.09,46118.54,2124.681,1614584699999,97873264.43122,23074,908.312,41844117.49667,0
1614584700000,46118.54,46451.92,45970.00,46314.44,3222.487,1614585599999,148961122.67289,35412,1766.436,81663687.95856,0
1614585600000,46315.28,46680.60,46287.32,46555.46,3932.783,1614586499999,182874336.98224,42853,2256.951,104939272.96755,0
1614586500000,46555.45,47113.59,46470.86,46897.86,6404.033,1614587399999,300143004.10576,64574,3690.267,172981526.15871,0
1614587400000,46897.87,47369.30,46828.63,47090.55,4678.042,1614588299999,220312842.99387,47361,2732.787,128737052.82858,0
1614588300000,47097.02,47228.61,46968.13,47020.99,2790.400,1614589199999,131426498.28916,32303,1245.770,58693559.38767,0
1614589200000,47021.00,47404.90,46893.33,47267.28,5217.540,1614590099999,246136142.76779,52087,2407.298,113629886.29641,0
1614590100000,47267.27,47458.50,47122.00,47191.93,3209.791,1614590999999,151710669.69972,38031,1588.891,75122450.68526,0
1614591000000,47188.09,47478.30,47138.92,47464.93,2339.230,1614591899999,110620776.67466,28431,1278.203,60458563.96705,0
1614591900000,47464.93,47541.95,47227.38,47357.85,2679.605,1614592799999,126907364.33659,32086,1187.331,56243714.03337,0
1614592800000,47357.85,47438.11,47000.00,47285.36,3339.199,1614593699999,157560408.92022,40201,1434.935,67723229.58553,0
1614593700000,47285.36,47433.95,47160.00,47196.44,2123.660,1614594599999,100432162.49787,28977,929.588,43968643.22984,0
1614594600000,47195.19,47687.00,47195.19,47593.48,3762.608,1614595499999,178456971.71506,39842,2245.878,106559053.17038,0
1614595500000,47596.80,47736.38,47424.52,47610.29,4472.343,1614596399999,212933470.45566,46855,2334.176,111155203.20208,0
1614596400000,47610.29,47895.93,47470.00,47744.01,5834.629,1614597299999,278262792.46690,63162,2911.898,138903803.01751,0
1614597300000,47744.00,47811.07,47620.10,47650.00,3154.922,1614598199999,150567841.24116,34980,1584.081,75608210.91665,0
1614598200000,47650.01,47773.16,47503.00,47745.12,2609.265,1614599099999,124343295.00512,37009,1265.505,60320527.26090,0
1614599100000,47745.11,47949.00,47627.30,47720.00,4091.333,1614599999999,195527979.64019,42462,2090.348,99935628.10443,0
1614600000000,47720.01,47974.94,47670.31,47753.72,3398.362,1614600899999,162606753.00541,39682,1810.549,86646502.81372,0
1614600900000,47755.46,47860.00,47453.62,47490.00,3417.637,1614601799999,162776100.52225,39320,1377.621,65635144.51175,0
1614601800000,47490.00,47858.52,47480.00,47825.31,2378.015,1614602699999,113337222.83179,29373,1275.251,60782931.43336,0
1614602700000,47825.31,48055.00,47805.64,47927.40,4431.373,1614603599999,212508795.01338,51040,2165.023,103844650.77422,0
1614603600000,47927.40,48327.39,47927.40,48248.44,5346.102,1614604499999,257674263.68197,59382,3054.730,147233592.27578,0
1614604500000,48248.45,48448.63,48050.16,48136.75,4952.071,1614605399999,238884649.99750,53846,2330.898,112468930.19950,0
1614605400000,48136.76,48185.00,47930.00,48176.42,3377.241,1614606299999,162200499.70454,38027,1603.755,77045692.75034,0
1614606300000,48176.42,48291.53,47781.58,47839.89,3946.276,1614607199999,189597533.47767,40261,1710.708,82246003.31034,0
1614607200000,47835.21,48185.00,47625.55,48083.44,6010.263,1614608099999,287788917.14118,60638,3068.363,146989223.22256,0
1614608100000,48083.44,48348.95,47961.48,48214.00,3288.959,1614608999999,158287809.46458,36736,1617.691,77885691.17240,0
1614609000000,48214.00,48588.88,48185.51,48341.89,5204.132,1614609899999,251905656.04471,58821,2692.849,130388155.85878,0
1614609900000,48341.90,48346.49,48094.00,48100.00,3699.178,1614610799999,178302705.25263,38195,1785.693,86093551.17877,0
1614610800000,48100.01,48543.00,48091.23,48430.00,4117.401,1614611699999,199097468.62378,48709,2101.517,101615822.34431,0
1614611700000,48430.00,48888.00,48357.77,48767.73,6061.659,1614612599999,294789312.68396,66781,3409.938,165847333.81131,0
1614612600000,48768.12,49276.00,48750.50,49170.41,8072.924,1614613499999,395323442.17406,86621,4627.257,226650497.72089,0
1614613500000,49170.40,49300.00,49020.93,49184.51,4927.390,1614614399999,242212387.52983,57622,2259.076,111081189.50495,0
1614614400000,49184.51,49455.00,48780.00,48900.00,9949.353,1614615299999,488274403.45997,105269,4627.233,227231740.13102,0
1614615300000,48900.00,49374.38,48900.00,49070.99,4398.990,1614616199999,216288711.81262,56001,2230.384,109668926.10330,0
1614616200000,49070.99,49183.09,48801.00,48903.34,3618.353,1614617099999,177232615.79569,41879,1632.529,79987599.35331,0
1614617100000,48903.34,49259.00,48533.26,49070.97,7629.682,1614617999999,372561001.45756,76707,3643.806,177991252.38930,0
1614618000000,49068.19,49220.73,48869.22,48869.22,3131.908,1614618899999,153545824.53659,36988,1473.058,72241025.28996,0
1614618900000,48868.68,49050.00,48701.22,49019.07,2882.599,1614619799999,140798113.46151,34393,1488.133,72695470.97652,0
1614619800000,49027.02,49136.50,48700.00,48736.62,2964.487,1614620699999,145050839.32407,34539,1346.050,65882588.84927,0
1614620700000,48736.63,48800.00,48520.00,48583.00,3330.796,1614621599999,162076337.38800,36121,1524.087,74172613.13723,0
1614621600000,48587.12,48790.99,48554.48,48649.99,2518.495,1614622499999,122627756.77606,29564,1206.652,58752462.81506,0
1614622500000,48649.99,48649.99,48250.00,48442.56,5352.913,1614623399999,258906569.49613,53439,2618.343,126638455.37915,0
1614623400000,48443.97,48620.00,48390.59,48459.99,2378.598,1614624299999,115378553.47498,28532,1105.591,53634974.00294,0
1614624300000,48460.00,48541.88,48313.85,48475.60,1578.871,1614625199999,76530417.26469,20452,748.113,36268222.45278,0
1614625200000,48475.60,48700.00,48323.84,48561.74,2346.903,1614626099999,113872661.76152,28710,1275.369,61887833.00689,0
1614626100000,48558.31,48588.90,48250.00,48299.48,1740.010,1614626999999,84163824.35700,24217,770.706,37281733.57781,0
1614627000000,48299.47,48440.00,48055.00,48058.44,2769.969,1614627899999,133540906.75996,32826,1136.728,54819815.15077,0
1614627900000,48058.33,48430.00,48055.00,48279.28,2184.427,1614628799999,105431150.22705,27678,1128.632,54463482.73552,0
1614628800000,48279.27,48679.11,48230.00,48603.56,2330.487,1614629699999,112946851.95938,31614,1337.886,64852932.20718,0
1614629700000,48603.56,48937.23,48260.09,48361.49,3674.783,1614630599999,178848347.88651,43944,1888.101,91930829.66400,0
1614630600000,48362.25,48374.36,47891.00,48155.01,4713.806,1614631499999,226764724.58434,53708,2261.159,108807563.99537,0
1614631500000,48155.00,48586.00,48149.28,48527.38,2036.122,1614632399999,98488095.97396,24926,1123.771,54361175.75182,0
1614632400000,48527.38,48749.18,48375.32,48484.15,2367.429,1614633299999,114974794.58670,31645,1118.903,54345377.48696,0
1614633300000,48484.16,48659.81,48345.10,48548.69,1951.425,1614634199999,94697991.15212,25888,924.742,44880142.09503,0
1614634200000,48548.68,48769.99,48450.39,48726.82,1455.108,1614635099999,70779826.47470,21008,763.959,37165405.75766,0
1614635100000,48726.82,48881.29,48594.00,48794.01,2311.493,1614635999999,112743253.40546,28515,1230.496,60025960.67587,0
1614636000000,48794.01,48826.33,48603.69,48690.05,1239.906,1614636899999,60388921.63134,19775,549.897,26786157.91628,0
1614636900000,48690.05,48989.25,48690.05,48986.17,1290.255,1614637799999,63047186.78834,22157,750.064,36652512.75546,0
1614637800000,48985.30,49333.00,48960.96,49117.08,3403.894,1614638699999,167376636.79290,46873,1829.844,89966515.66884,0
1614638700000,49116.12,49149.57,48924.02,49132.94,2082.763,1614639599999,102138945.23359,27854,916.915,44971873.22373,0
1614639600000,49132.95,49369.16,49064.36,49287.70,2770.133,1614640499999,136387705.24992,32857,1445.202,71147196.50812,0
1614640500000,49287.71,49800.00,49273.00,49674.96,5001.872,1614641399999,248053808.24007,53422,2911.104,144345908.30127,0
1614641400000,49674.95,49741.50,49430.89,49622.06,2298.313,1614642299999,113950411.29903,30035,1153.763,57214670.05304,0
1614642300000,49622.07,49776.14,49532.49,49592.70,1990.342,1614643199999,98830833.79905,25171,968.468,48090338.09120,0
1614643200000,49594.99,49912.54,49504.86,49909.90,3316.125,1614644099999,165057925.65888,34396,1889.680,94078570.32186,0
1614644100000,49909.90,50221.77,49779.27,50210.00,5599.368,1614644999999,280239643.02531,47805,2840.522,142179185.45736,0
1614645000000,50213.64,50216.50,49530.00,49681.46,5645.940,1614645899999,281288202.42340,51580,2128.876,106023275.70010,0
1614645900000,49681.98,49782.22,49310.00,49401.01,4229.440,1614646799999,209252269.89352,39210,1920.517,95032171.34223,0
1614646800000,49401.00,49413.38,49361.00,49361.01,63.932,1614647699999,3157740.22104,457,28.100,1388152.23983,0
1614647700000,49361.01,49361.01,49361.01,49361.01,0.000,1614648599999,0.00000,0,0.000,0.00000,0
1614648600000,49361.01,49361.01,49361.01,49361.01,0.000,1614649499999,0.00000,0,0.000,0.00000,0
1614649500000,49361.01,49361.01,49361.01,49361.01,0.000,1614650399999,0.00000,0,0.000,0.00000,0
1614650400000,49361.01,49597.01,49050.44,49454.52,3634.108,1614651299999,179231402.21957,38587,1854.012,91470830.94086,0
1614651300000,49454.51,49550.00,49198.28,49406.97,1906.220,1614652199999,94149962.83417,24073,907.796,44850695.08803,0
1614652200000,49408.59,49800.00,49396.76,49655.01,2264.981,1614653099999,112521741.17252,26608,1171.432,58192268.71872,0
1614653100000,49655.01,49709.99,49141.99,49290.25,2179.901,1614653999999,107698312.68021,24643,932.938,46094928.34667,0
1614654000000,49290.25,49410.35,49050.78,49359.02,2128.631,1614654899999,104857453.99377,23447,1051.723,51817625.71518,0
1614654900000,49359.01,49360.87,48946.00,48952.78,2737.401,1614655799999,134418738.65790,28911,1150.191,56491568.00641,0
1614655800000,48952.77,49099.98,48875.01,48905.09,2250.927,1614656699999,110293402.81423,23901,1046.305,51278456.79777,0
1614656700000,48905.08,49120.00,48848.00,48988.38,1464.770,1614657599999,71765445.01542,17898,780.835,38259215.37766,0
1614657600000,48990.00,49249.01,48820.27,48899.95,3216.879,1614658499999,157766691.34180,30337,1714.509,84111702.47017,0
1614658500000,48900.57,48959.46,48662.26,48779.51,3134.011,1614659399999,152930258.91586,31502,1454.105,70967020.82744,0
1614659400000,48782.95,49121.00,48761.41,49016.69,2082.043,1614660299999,101968764.91704,21954,1165.292,57080102.58042,0
1614660300000,49016.69,49177.77,48969.45,49177.74,1238.925,1614661199999,60804450.10009,15331,711.905,34944607.40171,0
1614661200000,49176.85,49382.46,48924.26,49323.69,1996.466,1614662099999,98096493.65901,21814,1034.522,50859467.02066,0
1614662100000,49323.69,49414.57,48884.36,48947.76,2566.708,1614662999999,126229856.98173,28159,1049.179,51604095.14034,0
1614663000000,48947.77,49023.45,48808.66,49010.38,1600.644,1614663899999,78290981.08985,20323,848.825,41521098.97539,0
1614663900000,49010.39,49015.00,48700.00,48706.10,1764.786,1614664799999,86154940.21897,20557,740.692,36160433.14544,0
1614664800000,48711.11,48768.83,48453.76,48600.86,3479.703,1614665699999,169069616.02736,39085,1614.705,78459754.18938,0
1614665700000,48600.85,48740.00,48360.00,48700.91,3755.237,1614666599999,182371178.00183,37439,1867.080,90689788.29705,0
1614666600000,48700.00,48865.50,48523.81,48863.92,1969.008,1614667499999,95916068.27987,22677,1074.261,52340633.63160,0
1614667500000,48860.83,48860.83,48523.81,48663.26,1809.651,1614668399999,88080978.16497,19942,750.140,36508106.66971,0
1614668400000,48663.27,48663.27,48354.51,48408.26,2391.461,1614669299999,115982964.96519,25050,1065.131,51656705.96213,0
1614669300000,48408.25,48759.41,48375.75,48675.42,2318.669,1614670199999,112672290.87839,23314,1263.676,61414130.07809,0
1614670200000,48674.60,48868.43,48602.40,48701.97,2045.126,1614671099999,99745704.09756,21551,1028.748,50175159.40215,0
1614671100000,48701.97,48704.54,48310.97,48345.01,2658.452,1614671999999,128957495.06935,30744,1182.526,57382203.96357,0
1614672000000,48345.01,48600.00,48287.11,48590.46,2556.511,1614672899999,123835448.53940,29023,1438.796,69702590.26091,0
1614672900000,48590.46,48984.07,48589.00,48976.28,2846.835,1614673799999,138883841.55638,32385,1455.679,71025573.14297,0
1614673800000,48974.88,49133.79,48880.00,48979.86,2851.613,1614674699999,139699858.56962,32599,1269.669,62210689.17000,0
1614674700000,48979.86,49238.80,48813.13,48887.35,3303.862,1614675599999,161965155.19334,36423,1730.376,84865106.19556,0
1614675600000,48887.50,49094.67,48887.50,48970.52,1788.466,1614676499999,87635075.01002,22374,943.731,46245339.53965,0
1614676500000,48970.52,49162.27,48902.31,49015.01,1772.232,1614677399999,86881390.52236,22407,969.793,47545787.66738,0
1614677400000,49015.00,49269.57,48992.96,49253.74,1617.298,1614678299999,79449214.04329,21358,970.427,47678787.17428,0
1614678300000,49255.58,49292.34,49013.01,49155.62,2211.771,1614679199999,108685601.96881,25860,1114.702,54783154.16068,0
1614679200000,49155.61,49280.00,48914.86,49035.67,2602.449,1614680099999,127750330.00447,30295,1182.574,58066411.17853,0
1614680100000,49035.68,49035.68,48900.00,49010.00,1364.147,1614680999999,66810038.04773,17711,576.978,28261017.93117,0
1614681000000,49010.00,49184.22,49003.50,49085.69,1476.305,1614681899999,72490502.54187,19828,804.657,39510408.37573,0
1614681900000,49084.34,49093.98,48580.00,48750.65,4234.931,1614682799999,206619764.39274,45380,1762.738,85992151.89527,0
1614682800000,48750.46,48836.00,48580.00,48829.31,2234.382,1614683699999,108836368.66939,29673,1158.738,56449876.97069,0
1614683700000,48829.31,48884.58,48655.26,48872.95,1821.471,1614684599999,88868187.77597,23250,859.467,41938631.95451,0
1614684600000,48872.95,49060.00,48840.63,49020.01,2319.878,1614685499999,113592038.74717,25776,1252.098,61310976.17118,0
1614685500000,49020.00,49051.77,48801.03,48866.00,1217.876,1614686399999,59608998.09284,17556,545.664,26715568.60018,0
1614686400000,48866.00,49147.57,48670.00,48808.51,3953.756,1614687299999,193297024.86421,44960,2007.220,98145533.69331,0
1614687300000,48808.52,48880.00,48585.65,48589.19,2444.787,1614688199999,119067638.24817,27685,1127.021,54900180.50803,0
1614688200000,48590.37,48800.00,48585.65,48740.00,1544.870,1614689099999,75243215.14018,20308,858.906,41833044.81600,0
1614689100000,48740.00,48879.31,48665.69,48838.47,1784.266,1614689999999,87071374.77219,21596,839.571,40976740.01816,0
1614690000000,48838.48,48988.68,48797.96,48878.53,1762.758,1614690899999,86202099.93057,23987,842.461,41199195.52290,0
1614690900000,48878.53,49106.27,48858.16,49060.69,1882.771,1614691799999,92186515.70503,22423,1138.370,55747463.24675,0
1614691800000,49063.20,49064.86,48770.00,48839.01,2050.732,1614692699999,100318288.62358,25457,817.990,40016404.60162,0
1614692700000,48839.01,49072.93,48732.13,49021.82,2433.094,1614693599999,119079075.50132,26848,1300.307,63639057.56334,0
1614693600000,49021.82,49447.35,48930.00,49306.45,4024.058,1614694499999,198136889.14584,44229,2287.371,112643753.91826,0
1614694500000,49306.27,49714.72,49300.00,49565.88,4694.029,1614695399999,232347819.29220,50147,2610.534,129225293.11979,0
1614695400000,49565.43,49597.29,49250.01,49312.08,4068.455,1614696299999,201050030.17262,38068,1616.214,79888037.06806,0
1614696300000,49312.07,49432.80,48760.00,48920.06,7286.217,1614697199999,357216169.75856,63720,3241.208,158910907.43502,0
1614697200000,48920.08,49070.00,48714.30,48775.50,2711.034,1614698099999,132622751.63795,31309,1321.247,64656936.06098,0
1614698100000,48775.51,48859.85,48458.38,48612.26,4834.391,1614698999999,235185425.41852,50131,2272.778,110586335.40589,0
1614699000000,48612.26,48755.19,48405.32,48538.78,3492.229,1614699899999,169686134.40116,40185,1669.850,81161483.04828,0
1614699900000,48538.76,48704.93,48458.76,48689.39,2147.600,1614700799999,104359980.15899,27083,1222.072,59397528.91679,0
1614700800000,48689.38,48740.00,48454.89,48506.18,2414.845,1614701699999,117305800.41432,29176,1174.835,57081924.19203,0
1614701700000,48506.17,48695.56,48430.46,48681.46,2122.492,1614702599999,103135502.41010,24839,1060.951,51562693.17641,0
1614702600000,48685.00,48686.00,47643.00,47696.10,10846.715,1614703499999,520469687.75188,104491,4350.904,208723779.92066,0
1614703500000,47697.45,47993.42,47278.39,47557.22,9066.113,1614704399999,432236895.71067,85745,4036.705,192595002.51345,0
1614704400000,47557.22,47838.54,47224.00,47467.80,7911.861,1614705299999,376121433.39750,82022,3927.285,186748268.03764,0
1614705300000,47469.23,47941.07,47400.72,47900.29,4597.843,1614706199999,219254888.21682,49790,2570.410,122603180.68796,0
1614706200000,47900.00,47916.83,47630.45,47750.00,3065.393,1614707099999,146401990.68997,31405,1526.527,72897182.19695,0
1614707100000,47750.01,47999.99,47659.87,47877.86,2889.512,1614707999999,138215098.11745,30350,1622.399,77623565.45823,0
1614708000000,47877.88,48050.85,47702.79,47950.40,2680.585,1614708899999,128314571.02129,32116,1424.658,68223518.80855,0
1614708900000,47950.31,47952.37,47555.43,47835.36,2545.200,1614709799999,121590862.10457,32207,1218.191,58206765.53983,0
1614709800000,47835.36,47917.66,47537.12,47660.58,2480.495,1614710699999,118353869.43440,28105,986.757,47097023.59296,0
1614710700000,47660.58,47780.92,47566.95,47715.58,2719.607,1614711599999,129686073.10515,26316,1258.136,60004609.49527,0
1614711600000,47710.33,47836.98,47155.45,47343.24,5464.211,1614712499999,259166847.34888,55930,2586.006,122667898.22927,0
1614712500000,47343.25,47722.61,47167.06,47636.74,3956.814,1614713399999,187879141.56124,41836,2116.993,100536991.95802,0
1614713400000,47638.32,47973.96,47550.00,47787.21,3078.265,1614714299999,147104216.77019,31428,1728.501,82604990.77495,0
1614714300000,47783.83,47831.49,47410.00,47494.92,2380.998,1614715199999,113453737.10112,25707,1032.129,49179050.62239,0
1614715200000,47494.92,47674.17,47288.69,47425.20,4052.039,1614716099999,192283810.83645,42097,2084.956,98966116.12203,0
1614716100000,47425.21,47608.35,47322.70,47545.35,2097.785,1614716999999,99562028.97658,25326,1172.370,55641716.72166,0
1614717000000,47545.34,47677.46,47250.00,47311.17,2966.753,1614717899999,140679895.15769,34216,1342.072,63649874.51344,0
1614717900000,47311.17,47609.01,47058.06,47562.18,4924.220,1614718799999,233084145.99972,49801,2287.296,108297714.99795,0
1614718800000,47562.18,47841.72,47475.64,47790.00,2773.407,1614719699999,132253018.51450,33226,1437.422,68559065.95735,0
1614719700000,47794.00,47907.69,47700.00,47737.03,1833.534,1614720599999,87643971.18129,23491,875.429,41850548.53070,0
1614720600000,47737.02,47737.03,47300.09,47420.01,3352.315,1614721499999,159159144.01367,36762,1561.662,74126566.10395,0
1614721500000,47415.00,47596.24,47350.00,47432.47,1853.517,1614722399999,87993528.49257,21477,1024.059,48616197.90104,0
1614722400000,47432.47,47757.95,47358.61,47723.30,1514.565,1614723299999,72072539.90430,21264,794.294,37793211.55344,0
1614723300000,47723.30,47987.65,47582.91,47652.39,1895.423,1614724199999,90557648.35351,25637,979.907,46841780.26273,0
1614724200000,47650.01,47996.00,47650.00,47850.11,1518.108,1614725099999,72586013.01043,21222,851.247,40701629.54638,0
1614725100000,47850.10,47897.19,47691.90,47812.58,1574.418,1614725999999,75226313.04952,18861,782.259,37375204.62462,0
1614726000000,47813.35,48350.00,47742.61,48208.44,4002.417,1614726899999,192662001.96961,45985,2381.542,114637865.84145,0
1614726900000,48208.43,48237.25,48020.20,48022.18,2081.941,1614727799999,100180344.09395,22400,1055.022,50770861.42501,0
1614727800000,48022.18,48497.00,47992.52,48330.00,3469.720,1614728699999,167529544.06347,34098,1989.589,96051791.60927,0
1614728700000,48330.00,48500.00,48230.79,48450.57,2184.737,1614729599999,105604260.53007,22328,1259.156,60874267.32463,0
1614729600000,48454.21,48458.01,48110.66,48361.97,2345.766,1614730499999,113221004.64856,26642,1054.002,50877395.85996,0
1614730500000,48361.98,48727.87,48300.03,48686.84,2615.719,1614731399999,127040196.27341,32895,1454.366,70642515.89261,0
1614731400000,48687.91,48768.00,48475.00,48550.39,2169.781,1614732299999,105426860.44051,23420,1010.803,49121817.78156,0
1614732300000,48550.40,48680.00,48430.00,48517.29,1846.440,1614733199999,89681412.75158,20437,942.137,45763802.25671,0
1614733200000,48517.29,48899.40,48464.84,48745.87,2408.367,1614734099999,117344568.69217,27372,1301.204,63400421.96069,0
1614734100000,48745.86,48765.00,48543.99,48546.52,1939.721,1614734999999,94401921.36292,20739,811.828,39521833.80263,0
1614735000000,48546.53,48670.81,48546.53,48670.81,1017.616,1614735899999,49469841.65100,14985,595.746,28961940.76840,0
1614735900000,48670.81,48874.99,48623.40,48854.90,1600.886,1614736799999,78074974.48514,18046,803.343,39181852.36880,0
1614736800000,48854.90,48967.13,48758.12,48795.01,1962.558,1614737699999,95896635.18655,24440,1027.711,50217666.22215,0
1614737700000,48795.01,48795.01,48550.00,48675.02,1811.464,1614738599999,88161921.30917,20380,789.189,38413538.99877,0
1614738600000,48675.02,48800.00,48625.39,48799.99,984.554,1614739499999,47968814.42066,13793,557.241,27151443.68111,0
1614739500000,48800.00,48800.00,48550.00,48605.41,1474.572,1614740399999,71718702.46689,17732,567.115,27579617.64239,0
1614740400000,48606.58,48855.00,48601.64,48795.50,1475.205,1614741299999,71882499.88426,17306,760.224,37043251.27327,0
1614741300000,48795.51,48839.29,48610.43,48644.41,1090.433,1614742199999,53113643.94093,15617,438.005,21335104.81837,0
1614742200000,48644.41,48671.86,48525.01,48544.80,1198.685,1614743099999,58247324.24383,17048,552.273,26839520.15223,0
1614743100000,48544.80,48742.50,48506.00,48728.06,1569.754,1614743999999,76347737.64341,18042,747.079,36335186.75750,0
1614744000000,48728.07,49171.01,48670.66,49153.75,3458.933,1614744899999,169220952.29598,36739,1893.617,92680758.85042,0
1614744900000,49153.75,49336.00,49050.00,49152.00,3291.594,1614745799999,161971783.89270,38116,1779.438,87567623.72326,0
1614745800000,49152.00,49227.00,49114.60,49153.85,1347.710,1614746699999,66282199.10445,17671,669.207,32914552.96177,0
1614746700000,49153.84,49325.88,49055.71,49109.19,2163.869,1614747599999,106469864.44877,23622,1146.845,56436542.29673,0
1614747600000,49108.20,49207.66,49053.52,49160.16,1322.980,1614748499999,64995093.93303,17794,683.842,33599481.10561,0
1614748500000,49160.15,49444.00,49124.32,49428.00,1966.938,1614749399999,96963308.25246,25661,1168.038,57581810.37443,0
1614749400000,49427.99,49487.48,48888.42,48888.43,3163.728,1614750299999,155452610.36603,35389,1255.614,61737718.16618,0
1614750300000,48888.43,49132.96,48851.00,49082.72,2345.178,1614751199999,114851490.78047,27354,1249.557,61205978.66767,0
1614751200000,49082.72,49405.00,49082.15,49400.00,2440.929,1614752099999,120348172.46673,29305,1414.808,69757243.55318,0
1614752100000,49400.01,49403.69,49198.97,49306.83,1930.519,1614752999999,95123793.88510,22611,776.925,38280792.81430,0
1614753000000,49306.84,49552.00,49306.84,49435.22,3020.627,1614753899999,149320360.21666,33136,1765.534,87282367.65026,0
1614753900000,49435.22,49636.00,49435.22,49527.87,3205.449,1614754799999,158768991.33007,32028,1865.488,92405867.86099,0
1614754800000,49527.88,49659.41,49467.62,49478.99,1918.350,1614755699999,95101149.02025,23280,898.122,44531136.40270,0
1614755700000,49478.99,49900.00,49471.50,49744.98,4087.335,1614756599999,203427550.12967,44072,2370.093,117955338.05480,0
1614756600000,49744.98,49890.00,49666.86,49826.94,1961.066,1614757499999,97607510.23348,24106,1061.229,52824008.23725,0
1614757500000,49826.95,49956.00,49650.00,49769.54,2777.546,1614758399999,138381213.18142,32074,1353.170,67432131.26621,0
1614758400000,49763.58,50088.75,49754.32,50062.81,4516.794,1614759299999,225568897.11208,48637,2569.164,128316817.87660,0
1614759300000,50062.81,50740.00,50019.00,50675.53,9911.154,1614760199999,500304693.26077,97322,5371.316,271054703.79553,0
1614760200000,50676.50,50850.00,50558.78,50723.83,5023.192,1614761099999,254769554.00916,51888,2601.382,131959545.83283,0
1614761100000,50723.83,51036.02,50565.15,50921.24,4991.031,1614761999999,253536164.37982,54914,2708.575,137629481.20108,0
1614762000000,50921.24,51046.82,50708.57,50949.96,5481.385,1614762899999,279008068.35368,56555,2681.885,136551206.66310,0
1614762900000,50949.96,51450.00,50830.81,51399.88,6268.974,1614763799999,320990360.96981,70548,3258.419,166867030.89492,0
1614763800000,51399.99,51431.67,51055.00,51338.57,5834.746,1614764699999,298897485.14889,56246,2988.941,153125888.45448,0
1614764700000,51341.65,51548.24,51128.06,51480.18,4405.062,1614765599999,226104558.96742,47942,2406.766,123549369.51837,0
1614765600000,51478.88,51729.67,51327.10,51596.08,5752.513,1614766499999,296438762.48516,61282,3059.463,157692858.65203,0
1614766500000,51596.08,51632.99,51225.00,51441.98,4374.343,1614767399999,224848099.21441,47392,1998.784,102728370.99926,0
1614767400000,51441.99,51822.50,51439.03,51440.00,4748.689,1614768299999,245160195.77121,54762,2372.809,122519650.79535,0
1614768300000,51439.99,51700.00,51342.97,51456.74,4211.585,1614769199999,217066580.59238,44853,2036.390,104980593.73539,0
1614769200000,51452.51,51850.00,51444.90,51764.88,7394.114,1614770099999,381904001.31536,61978,4048.729,209164342.78360,0
1614770100000,51765.85,51825.00,51565.16,51715.00,4012.729,1614770999999,207490042.15049,39770,1969.619,101859267.95517,0
1614771000000,51717.25,51740.12,51219.00,51278.08,5540.884,1614771899999,284881573.82355,57806,2351.108,120889321.19976,0
1614771900000,51278.08,51770.00,51250.44,51721.40,4439.157,1614772799999,228677470.44243,45885,2543.295,131034246.02622,0
1614772800000,51721.33,51744.00,51406.08,51439.28,3299.840,1614773699999,170318306.87587,36730,1481.100,76463636.65695,0
1614773700000,51443.06,51814.30,51430.00,51674.32,3863.859,1614774599999,199485591.16865,41350,2114.043,109141062.69586,0
1614774600000,51674.32,52340.00,51673.97,52239.69,9537.115,1614775499999,496467406.38859,95978,5698.261,296612242.67028,0
1614775500000,52242.00,52627.00,52112.00,52566.07,8773.931,1614776399999,459464731.17738,86492,4784.602,250627205.63051,0
1614776400000,52569.50,52681.51,51900.00,52068.28,9268.136,1614777299999,484154599.33871,92867,4015.022,209774936.18114,0
1614777300000,52068.11,52091.03,51664.87,51839.42,6870.747,1614778199999,356198479.11420,68780,3116.576,161596032.53701,0
1614778200000,51839.86,52036.48,51393.56,51460.79,6717.731,1614779099999,347291257.64114,75442,2875.652,148735076.79820,0
1614779100000,51464.19,51648.52,51282.00,51623.41,6633.792,1614779999999,341359811.09212,63116,3442.092,177160345.58919,0
1614780000000,51623.41,51623.42,51034.50,51100.26,6840.747,1614780899999,350807979.53534,71693,2854.564,146393112.61158,0
1614780900000,51104.56,51179.70,50800.00,50964.24,8572.905,1614781799999,437080107.06729,87470,4167.177,212504986.56663,0
1614781800000,50964.23,51270.00,50717.49,50809.36,7947.367,1614782699999,405633183.56852,80143,4052.044,206885345.30230,0
1614782700000,50813.40,51073.81,50719.48,50846.57,5172.295,1614783599999,263191088.97410,54412,2670.099,135880018.01078,0
1614783600000,50845.91,51237.21,50654.06,50685.79,5973.679,1614784499999,304263752.26709,57493,3101.855,158040271.76172,0
1614784500000,50686.69,51008.49,50632.01,50918.93,4734.844,1614785399999,240503800.28440,47387,2653.878,134814454.03445,0
1614785400000,50918.92,50925.92,50505.00,50507.08,5088.201,1614786299999,258072644.65339,46864,2128.586,107983673.56128,0
1614786300000,50507.08,50859.26,50505.00,50796.23,4137.248,1614787199999,209615243.41940,41535,2203.530,111642011.47493,0
1614787200000,50796.23,51162.00,50778.69,51162.00,6666.706,1614788099999,340125534.40051,63238,3733.836,190525972.77280,0
1614788100000,51162.00,51445.00,50962.91,51435.92,6442.537,1614788999999,330026538.45046,56545,3910.720,200362122.37022,0
1614789000000,51437.68,51467.99,50967.79,51071.65,5401.047,1614789899999,276602873.05559,49276,2299.927,117809404.23332,0
1614789900000,51071.65,51315.59,51071.65,51101.36,2493.610,1614790799999,127620625.79881,26915,1317.738,67449191.97196,0
1614790800000,51101.36,51495.00,51100.00,51436.03,2518.592,1614791699999,129287230.52198,33305,1478.859,75920984.14531,0
1614791700000,51436.03,51454.85,51138.27,51194.54,2562.900,1614792599999,131437674.94225,32103,1082.776,55537388.44937,0
1614792600000,51194.54,51198.94,50832.82,51083.00,3706.571,1614793499999,189001750.33465,40003,1671.329,85231244.83236,0
1614793500000,51082.99,51476.01,50980.36,51345.18,3204.728,1614794399999,164476407.04939,33800,1634.742,83907100.44977,0
1614794400000,51345.18,51644.75,51277.18,51499.99,3513.954,1614795299999,181015022.70698,37928,1958.969,100919508.45265,0
1614795300000,51499.99,51589.00,51350.00,51429.51,2221.043,1614796199999,114340103.46089,24803,1068.795,55024732.03529,0
1614796200000,51429.50,51527.98,51315.77,51372.77,1688.411,1614797099999,86798445.16304,19899,772.747,39728026.76843,0
1614797100000,51372.78,51434.03,51109.00,51265.79,2155.425,1614797999999,110420905.70673,24633,929.216,47607444.75868,0
1614798000000,51265.80,51274.52,50638.43,50813.75,3835.863,1614798899999,195208969.96331,45422,1599.160,81373183.23130,0
1614798900000,50813.74,50816.52,50288.00,50515.69,5346.056,1614799799999,269847538.20299,59950,2253.714,113759606.30765,0
1614799800000,50515.70,50919.67,50380.49,50874.42,3229.708,1614800699999,163588313.54067,36634,1943.438,98456620.10782,0
1614800700000,50874.42,51056.78,50761.00,50879.73,2651.866,1614801599999,134994867.85245,29821,1263.566,64338482.91090,0
1614801600000,50879.73,51206.50,50712.34,50928.63,2909.994,1614802499999,148392747.62221,33285,1530.168,78050594.43370,0
1614802500000,50928.63,51142.68,50853.50,50888.41,1818.501,1614803399999,92699820.04652,24788,842.899,42974853.72304,0
1614803400000,50889.33,51088.00,50857.36,50907.48,1492.821,1614804299999,76069214.71445,18791,710.502,36208406.70847,0
1614804300000,50907.48,51029.40,50454.05,50550.18,3005.491,1614805199999,152229046.18584,36510,1313.732,66528322.95708,0
1614805200000,50550.17,50695.54,50377.37,50509.99,2115.708,1614806099999,106908992.30924,27558,980.846,49572995.43063,0
1614806100000,50509.99,50885.76,50430.00,50885.34,1648.146,1614806999999,83477906.10267,21617,954.163,48329995.56998,0
1614807000000,50885.35,51150.00,50781.47,51109.15,2058.866,1614807899999,105019668.37614,27875,1046.690,53395158.01347,0
1614807900000,51109.16,51114.62,50851.72,50987.66,1625.241,1614808799999,82896859.58008,19380,709.068,36167917.02139,0
1614808800000,50987.65,51387.00,50685.43,51291.32,2490.473,1614809699999,127128185.34478,33633,1343.337,68594773.90330,0
1614809700000,51291.31,51295.48,50869.99,51052.01,2528.894,1614810599999,129095578.06575,28410,1256.205,64116383.20524,0
1614810600000,51052.01,51074.75,50604.86,50814.07,1818.280,1614811499999,92430649.00510,23914,749.510,38102771.00425,0
1614811500000,50814.07,50828.56,50505.00,50590.96,1658.417,1614812399999,84004553.33547,24547,788.307,39936208.51714,0
1614812400000,50590.96,50887.00,50445.00,50815.39,2344.482,1614813299999,118801535.49527,29114,1345.869,68223781.52163,0
1614813300000,50815.39,51091.52,50801.25,50934.97,1989.871,1614814199999,101374554.71592,24876,888.176,45250728.55858,0
1614814200000,50934.97,50934.98,50551.43,50628.01,1884.510,1614815099999,95550623.03549,24139,873.295,44271182.61453,0
1614815100000,50628.00,50800.00,50321.39,50373.75,3029.461,1614815999999,153115487.77509,31874,1283.454,64898915.68179,0
1614816000000,50373.75,50466.54,49870.98,50098.40,7758.171,1614816899999,388977666.79073,75293,3286.340,164842792.17578,0
1614816900000,50098.39,50593.03,50054.00,50528.99,3406.334,1614817799999,171539338.92606,37556,1760.736,88693401.15839,0
1614817800000,50529.00,50735.76,50408.01,50735.76,1972.742,1614818699999,99773568.45755,25942,1097.804,55527489.66278,0
1614818700000,50734.50,51168.75,50529.63,50907.57,3435.968,1614819599999,174873018.16007,39702,1856.022,94488609.72898,0
1614819600000,50907.56,51467.52,50735.55,51409.79,3680.758,1614820499999,187972707.15870,43204,1943.826,99325656.61647,0
1614820500000,51410.00,51671.84,51245.20,51538.08,5063.927,1614821399999,260582005.76461,50533,2762.038,142178345.83495,0
1614821400000,51538.08,51630.00,51440.70,51458.77,2532.246,1614822299999,130499666.99378,27529,1224.246,63096942.72068,0
1614822300000,51458.78,51638.98,51327.22,51472.60,1852.879,1614823199999,95359338.41467,23218,887.437,45684001.66976,0
1614823200000,51476.54,51800.00,51369.52,51525.01,2769.595,1614824099999,142951091.85382,33289,1495.159,77198781.77864,0
1614824100000,51525.01,51598.03,51287.00,51410.45,2425.282,1614824999999,124798659.99757,26810,1071.333,55142118.92127,0
1614825000000,51410.45,51475.10,51125.00,51275.87,2252.531,1614825899999,115500088.39885,27908,990.855,50814148.87511,0
1614825900000,51275.87,51379.98,50810.00,50817.43,2919.011,1614826799999,148975820.11269,34489,1141.245,58263186.37100,0
1614826800000,50817.43,51048.71,50800.00,50955.95,2230.007,1614827699999,113632829.96671,26355,1158.707,59044029.88774,0
1614827700000,50955.94,51019.94,50250.00,50328.46,5023.678,1614828599999,253795647.89092,54786,1960.464,99050424.37040,0
1614828600000,50328.47,50388.16,49731.13,49984.55,7362.022,1614829499999,368499749.89258,76772,3519.860,176255733.37842,0
1614829500000,49984.55,50174.71,49420.00,49611.69,7796.081,1614830399999,387544653.61366,81598,3612.924,179643090.41380,0
1614830400000,49609.62,49830.00,49420.00,49501.21,5925.016,1614831299999,294078916.36948,60934,2984.003,148155449.46509,0
1614831300000,49506.94,49780.00,49425.00,49666.45,4119.944,1614832199999,204298991.23219,44334,2073.402,102850314.32615,0
1614832200000,49664.20,49750.00,49322.00,49354.01,4321.319,1614833099999,213854050.12030,42272,1753.139,86800507.86080,0
1614833100000,49354.01,49391.03,49070.00,49122.64,5193.594,1614833999999,255573952.12156,56296,2296.989,113052682.89489,0
1614834000000,49123.01,49423.32,49086.08,49349.99,2967.046,1614834899999,146257313.18300,35602,1735.506,85557213.12828,0
1614834900000,49349.99,49402.41,49120.35,49217.69,2494.948,1614835799999,122860124.55108,28839,1153.512,56818104.59164,0
1614835800000,49217.68,49669.70,49103.55,49548.41,4606.090,1614836699999,227686047.96153,44228,2504.328,123838893.81255,0
1614836700000,49548.41,49731.02,49487.61,49671.85,2453.533,1614837599999,121740174.36320,27308,1450.216,71960292.25866,0
1614837600000,49671.85,49887.93,49521.00,49625.30,3270.020,1614838499999,162539493.59905,36831,1529.340,76033837.28133,0
1614838500000,49625.29,49800.00,49255.00,49682.09,4034.463,1614839399999,199804583.32198,45639,1880.314,93158768.91457,0
1614839400000,49682.08,49690.21,49402.50,49523.09,2247.303,1614840299999,111263806.26431,27421,1048.153,51891345.55135,0
1614840300000,49523.09,49575.45,49266.34,49426.01,2045.806,1614841199999,101072501.36488,24096,902.776,44607050.93283,0
1614841200000,49426.01,49700.00,49350.00,49696.83,2460.544,1614842099999,121937173.62851,28558,1329.984,65918492.50119,0
1614842100000,49696.84,49845.00,49587.43,49680.88,2238.599,1614842999999,111268350.90332,26871,1121.703,55759962.98031,0
1614843000000,49680.89,49748.51,49488.24,49666.85,1819.736,1614843899999,90268176.20122,21726,818.551,40609304.67486,0
1614843900000,49666.86,49761.99,49527.08,49708.93,1730.983,1614844799999,85948997.84634,21741,892.588,44324345.97649,0
1614844800000,49706.38,50655.69,49704.52,50470.00,9718.002,1614845699999,488643645.14774,93845,5520.246,277422718.32002,0
1614845700000,50470.01,50765.66,50307.41,50409.28,7095.104,1614846599999,358405559.36299,58214,3740.574,189010715.03275,0
1614846600000,50409.28,50547.51,50327.01,50434.83,2002.716,1614847499999,100986810.47464,23207,1043.254,52614777.30984,0
1614847500000,50434.82,50446.17,50002.10,50241.94,3631.902,1614848399999,182355438.05949,37417,1521.673,76407974.42964,0
1614848400000,50241.93,50249.00,49866.61,49867.75,2655.304,1614849299999,133006285.24550,28102,1033.576,51799736.94375,0
1614849300000,49870.00,49947.42,48605.00,48702.56,15977.389,1614850199999,783759458.89016,157761,6970.374,341793197.19902,0
1614850200000,48706.54,49154.00,48550.00,48887.07,7449.826,1614851099999,363965327.70690,73900,3767.513,184169446.71271,0
1614851100000,48887.08,49114.21,48651.41,49081.48,4483.590,1614851999999,219198522.32925,46520,2383.947,116571135.11058,0
1614852000000,49081.47,49555.00,48741.37,48777.66,6976.784,1614852899999,343347535.93295,70703,3270.488,161044587.31720,0
1614852900000,48777.66,49156.79,48760.00,49025.01,2829.766,1614853799999,138663727.47609,33529,1455.816,71333339.37385,0
1614853800000,49025.97,49339.36,48970.03,49308.00,2544.481,1614854699999,125106244.62950,32728,1326.439,65231245.85997,0
1614854700000,49308.00,49388.45,49077.52,49228.39,2274.169,1614855599999,111983624.03056,27521,1108.781,54609170.13375,0
1614855600000,49228.40,49458.60,49066.00,49264.87,2957.990,1614856499999,145800549.94821,34777,1528.475,75350353.75286,0
1614856500000,49264.86,49330.00,48910.00,49030.00,2673.475,1614857399999,131277276.13413,32184,1141.566,56065010.31063,0
1614857400000,49030.00,49534.39,49026.10,49420.00,3639.038,1614858299999,179471084.11640,39864,1995.417,98405700.38536,0
1614858300000,49420.01,49486.01,49300.39,49350.45,1655.914,1614859199999,81783493.64539,20113,742.678,36680996.85287,0
1614859200000,49350.45,49581.00,49187.00,49497.97,3639.112,1614860099999,179838703.24052,39175,2023.132,100002488.71083,0
1614860100000,49497.98,49780.00,49362.82,49430.00,4662.064,1614860999999,231151010.27876,46497,2471.519,122554402.41841,0
1614861000000,49430.00,49463.57,49128.76,49399.79,2766.712,1614861899999,136413876.56168,33801,1282.736,63259498.20736,0
1614861900000,49400.58,49467.39,49155.14,49383.88,1988.987,1614862799999,98102630.87009,23897,847.814,41823853.13768,0
1614862800000,49383.87,49393.85,48744.85,49119.94,5847.434,1614863699999,286408754.44241,62991,2587.016,126732068.35334,0
1614863700000,49118.90,49600.00,49116.33,49466.71,5048.403,1614864599999,249390793.04193,52065,2663.735,131599578.32077,0
1614864600000,49463.01,49700.00,49264.02,49670.02,2893.406,1614865499999,143081344.46858,33799,1443.276,71397504.74383,0
1614865500000,49670.02,49729.82,49475.81,49640.00,2475.539,1614866399999,122758711.18173,31280,1200.300,59528769.02818,0
1614866400000,49639.99,49720.00,49332.01,49517.17,2059.638,1614867299999,101983732.72807,28255,871.254,43151180.34910,0
1614867300000,49517.16,49747.05,49500.08,49665.07,1900.539,1614868199999,94343650.74395,24507,1030.513,51158575.98474,0
1614868200000,49665.06,50636.77,49533.00,49868.28,11555.085,1614869099999,579203798.34080,106206,6239.754,312731290.72485,0
1614869100000,49870.84,50069.99,49214.14,49431.48,8783.650,1614869999999,434923625.62882,83767,4153.072,205658144.66233,0
1614870000000,49432.43,49499.00,49015.16,49172.38,6533.958,1614870899999,321642202.93503,67210,2965.039,145999983.49306,0
1614870900000,49178.87,49364.19,48835.39,49314.73,6008.484,1614871799999,295175048.37178,61122,3052.185,150021895.99876,0
1614871800000,49314.74,49587.00,49236.57,49494.57,4552.521,1614872699999,224963704.63029,43407,2568.066,126903415.11035,0
1614872700000,49494.56,49850.00,49350.00,49438.63,5464.493,1614873599999,271110182.70364,54956,2659.572,131979693.91439,0
1614873600000,49438.64,49710.61,49320.67,49543.98,3987.230,1614874499999,197485774.27658,43343,1915.717,94892927.56492,0
1614874500000,49539.97,49955.00,49420.53,49793.40,4063.693,1614875399999,202078438.74111,41521,2195.372,109181652.84806,0
1614875400000,49793.18,50070.83,49630.09,49760.12,3624.787,1614876299999,180721930.81391,41710,1869.894,93256648.36363,0
1614876300000,49760.11,49989.71,49643.66,49723.33,2501.351,1614877199999,124625206.56787,27355,1214.034,60501216.59804,0
1614877200000,49723.33,49925.00,49140.30,49324.89,4990.728,1614878099999,246924968.24802,54420,2227.761,110263351.71190,0
1614878100000,49324.89,49971.08,49261.01,49427.11,7038.359,1614878999999,348923584.92752,75806,3466.081,171855180.51387,0
1614879000000,49427.12,49478.12,49015.00,49253.26,5273.439,1614879899999,259667054.35656,56420,2536.471,124916367.49916,0
1614879900000,49253.26,49257.00,48332.43,48541.69,10592.510,1614880799999,516354354.50979,104928,4126.244,201172544.04389,0
1614880800000,48541.69,48660.00,48150.00,48210.76,6852.945,1614881699999,331532946.93020,76035,3324.425,160877497.63926,0
1614881700000,48210.77,48470.00,48110.00,48450.43,4797.833,1614882599999,231867989.93441,55701,2478.194,119789759.26201,0
1614882600000,48450.44,48480.00,48154.10,48159.44,3367.397,1614883499999,162815174.55942,38183,1672.443,80878216.26224,0
1614883500000,48166.25,48243.99,47600.00,47623.82,8953.205,1614884399999,428517367.92039,96373,3647.666,174586971.12955,0
1614884400000,47617.22,48325.88,47607.07,48271.68,5441.249,1614885299999,261395057.40787,60216,2997.436,144000798.29258,0
1614885300000,48271.68,48364.52,48076.13,48143.64,3033.606,1614886199999,146269052.37090,34088,1457.196,70276705.13552,0
1614886200000,48145.76,48270.00,47900.00,48260.24,3359.903,1614887099999,161511516.63019,37117,1678.128,80685599.78418,0
1614887100000,48260.24,48408.38,47977.41,48019.76,3374.966,1614887999999,162796452.96198,37258,1499.024,72329625.09340,0
1614888000000,48019.76,48049.99,47500.00,47809.64,6792.728,1614888899999,324278414.89224,72384,3008.299,143632167.74884,0
1614888900000,47809.64,48132.00,47620.00,48034.28,4209.128,1614889799999,201734468.79101,49464,2115.467,101395087.12598,0
1614889800000,48034.28,48245.41,47895.10,48139.54,2475.818,1614890699999,119125605.84403,30719,1297.684,62447354.31442,0
1614890700000,48140.01,48293.74,48018.43,48237.37,1846.952,1614891599999,88958623.45596,25818,952.314,45874613.76384,0
1614891600000,48237.37,48275.99,48020.00,48107.77,1644.537,1614892499999,79149780.95981,22488,836.397,40253260.83828,0
1614892500000,48106.81,48456.71,48079.40,48383.67,1656.116,1614893399999,79962505.28050,23479,922.808,44564297.39759,0
1614893400000,48383.67,48431.03,48091.34,48122.83,2139.232,1614894299999,103226576.60859,23177,979.885,47280046.24662,0
1614894300000,48122.84,48187.40,47820.00,47987.27,2055.035,1614895199999,98627725.49680,27449,909.975,43674198.85098,0
1614895200000,47987.29,48284.21,47893.50,48230.28,2268.904,1614896099999,109158335.46738,28766,1176.311,56586611.73834,0
1614896100000,48230.28,48234.69,47907.87,48200.00,1394.316,1614896999999,67072052.83695,19206,660.853,31790205.54244,0
1614897000000,48199.99,48305.00,48105.00,48273.20,1533.652,1614897899999,73967815.28369,19615,754.136,36375099.80763,0
1614897900000,48273.20,48385.00,48265.30,48279.22,1010.422,1614898799999,48828332.84654,14982,483.294,23355788.20879,0
1614898800000,48278.78,48334.28,48132.81,48145.46,1450.824,1614899699999,69975149.49708,19739,672.796,32449548.68225,0
1614899700000,48145.73,48690.00,48077.48,48525.01,3358.279,1614900599999,162723594.40602,41174,1956.106,94797406.99329,0
1614900600000,48530.52,48742.33,48515.00,48515.00,1765.364,1614901499999,85807635.78017,21723,944.555,45917382.69101,0
1614901500000,48515.00,48576.30,48335.45,48385.77,1418.798,1614902399999,68768773.64847,17644,678.778,32907261.43415,0
1614902400000,48385.77,48404.52,47100.00,47316.05,10333.950,1614903299999,492251674.92005,104496,4363.413,207931148.26246,0
1614903300000,47316.05,47455.00,46700.00,46926.48,9489.003,1614904199999,446223481.24121,92523,4418.854,207894451.67909,0
1614904200000,46928.83,47140.96,46573.38,46899.99,5909.259,1614905099999,277087912.28147,63088,2747.012,128884678.33738,0
1614905100000,46900.00,47060.39,46510.38,46850.00,4929.905,1614905999999,230499590.39259,54009,2383.921,111508237.60910,0
1614906000000,46849.99,47000.00,46506.00,46583.58,3963.576,1614906899999,185102540.72067,44827,1878.318,87757149.39092,0
1614906900000,46583.58,46930.15,46320.00,46556.79,7859.341,1614907799999,366042921.37183,74062,3710.483,172902635.87184,0
1614907800000,46556.79,46826.78,46472.00,46747.13,2984.645,1614908699999,139407642.04255,34743,1694.152,79133642.13777,0
1614908700000,46747.13,46930.77,46650.51,46743.85,2600.586,1614909599999,121613748.87279,27128,1397.422,65360598.32533,0
1614909600000,46743.85,46823.82,46405.00,46809.39,4928.135,1614910499999,229663128.60559,48183,2481.675,115688067.75605,0
1614910500000,46809.39,47043.01,46722.00,46791.88,3392.693,1614911399999,159029337.35541,36201,1756.840,82365411.28877,0
1614911400000,46791.87,46950.00,46636.13,46770.24,2401.411,1614912299999,112413489.60267,26021,1216.458,56957322.11366,0
1614912300000,46775.93,47204.00,46763.51,47124.79,3197.428,1614913199999,150361478.13653,34261,1803.790,84823507.95216,0
1614913200000,47129.36,47279.63,46927.07,46944.11,2517.579,1614914099999,118591747.39726,27859,1167.299,55005117.46841,0
1614914100000,46944.12,47151.82,46828.06,46997.55,2611.941,1614914999999,122684970.94159,26755,1413.063,66376389.54247,0
1614915000000,46996.93,47243.77,46948.00,47141.01,1806.298,1614915899999,85128309.58194,21369,961.893,45331761.80667,0
1614915900000,47141.01,47365.90,47054.01,47300.23,2391.730,1614916799999,112932909.61236,24816,1327.323,62689804.87418,0
1614916800000,47300.22,47313.59,47091.99,47161.98,1843.802,1614917699999,86965376.67738,21759,940.987,44385180.35219,0
1614917700000,47161.99,47236.48,46962.75,47163.57,1951.012,1614918599999,91923327.46877,21674,855.526,40323215.21115,0
1614918600000,47163.58,47340.72,47120.00,47230.01,1631.365,1614919499999,77082873.71230,17710,804.749,38022956.46040,0
1614919500000,47230.01,47250.00,46636.00,46700.98,3529.261,1614920399999,165553309.76236,34375,1339.158,62827757.94611,0
1614920400000,46708.00,47198.13,46705.46,47036.27,3405.856,1614921299999,159998631.65215,34766,1725.657,81067968.79802,0
1614921300000,47039.54,47080.00,46817.11,46889.83,2172.141,1614922199999,101995576.59875,22400,939.577,44119070.76534,0
1614922200000,46887.70,47242.80,46850.31,47133.32,1934.748,1614923099999,91112094.59353,23487,1037.488,48859878.73011,0
1614923100000,47133.32,47293.00,47050.00,47180.00,1510.871,1614923999999,71299301.10040,19681,777.211,36679913.86328,0
1614924000000,47180.00,47345.00,47140.01,47250.01,1826.313,1614924899999,86286853.63005,22134,1046.205,49431302.39942,0
1614924900000,47250.00,47431.00,47030.00,47036.85,2450.881,1614925799999,115756495.58661,27083,1175.954,55572659.68678,0
1614925800000,47035.68,47450.00,46970.60,47315.73,2671.107,1614926699999,126145576.63952,29246,1614.126,76256294.44596,0
1614926700000,47315.73,47450.00,47261.62,47400.00,1923.975,1614927599999,91102668.81991,21049,1002.500,47474518.22687,0
1614927600000,47400.00,47557.92,47394.39,47401.80,2835.131,1614928499999,134632714.82285,29473,1488.501,70686633.51601,0
1614928500000,47401.80,47401.81,47220.00,47237.93,1928.168,1614929399999,91229745.60776,22482,919.404,43499591.19597,0
1614929400000,47235.91,47343.29,47110.00,47181.57,2051.372,1614930299999,96826889.41592,22580,1017.406,48025293.52266,0
1614930300000,47181.58,47500.00,47021.60,47394.41,2932.955,1614931199999,138498686.25484,30581,1593.459,75280822.31228,0
1614931200000,47394.41,47512.99,47030.55,47058.65,3679.473,1614932099999,173868448.52274,41763,1763.896,83353380.21501,0
1614932100000,47058.65,47076.72,46750.00,46754.81,4595.960,1614932999999,215569732.97141,51732,2068.011,97017778.25917,0
1614933000000,46754.81,46897.97,46421.42,46623.16,5040.463,1614933899999,235073412.78442,54130,2331.267,108749677.45828,0
1614933900000,46623.15,46891.09,46533.00,46671.66,3709.913,1614934799999,173348742.10464,40366,1961.460,91670118.15511,0
1614934800000,46669.90,46899.07,46552.12,46733.71,2696.161,1614935699999,126121488.14885,32733,1380.101,64565197.94090,0
1614935700000,46733.71,47099.34,46710.01,46861.69,2524.672,1614936599999,118428258.71694,31147,1404.336,65884663.68832,0
1614936600000,46861.69,47028.95,46821.87,47020.00,1549.244,1614937499999,72693494.86112,21704,822.127,38576907.82161,0
1614937500000,47020.00,47189.99,46921.00,47083.03,2730.043,1614938399999,128483995.93562,30044,1503.978,70781686.82850,0
1614938400000,47081.31,47246.65,47061.04,47180.77,2637.686,1614939299999,124441348.02086,28503,1347.259,63572236.81628,0
1614939300000,47180.77,47229.00,47023.62,47128.56,1637.353,1614940199999,77169589.18305,20046,752.415,35470272.36016,0
1614940200000,47128.57,47184.99,46805.45,47091.47,2918.846,1614941099999,137136649.52625,30764,1387.724,65202061.06762,0
1614941100000,47091.48,47225.40,46985.00,47110.23,1884.253,1614941999999,88805048.73052,22392,937.235,44175236.84943,0
1614942000000,47110.23,47420.78,47110.23,47276.08,2803.388,1614942899999,132624926.13040,35004,1592.150,75320342.60591,0
1614942900000,47276.09,47475.00,47270.00,47376.25,2205.388,1614943799999,104462130.88132,29889,1181.624,55971700.99655,0
1614943800000,47376.25,47487.86,47274.02,47307.45,2182.885,1614944699999,103418141.92252,25081,1044.754,49506712.15639,0
1614944700000,47307.45,47545.28,47280.00,47492.70,2638.621,1614945599999,125181654.33805,27450,1452.818,68932689.10684,0
1614945600000,47492.70,47899.99,47420.38,47456.69,8025.140,1614946499999,382381528.70997,77900,3880.157,184916316.75980,0
1614946500000,47456.69,47482.89,47011.00,47258.34,6411.756,1614947399999,302845264.45855,60160,3106.897,146754984.28408,0
1614947400000,47258.34,47826.42,47243.60,47740.58,4181.668,1614948299999,198885561.24775,47797,2330.735,110837286.97799,0
1614948300000,47740.58,47756.94,47507.30,47673.87,2469.750,1614949199999,117645835.91326,28035,1128.124,53744479.08631,0
1614949200000,47673.86,48180.40,47673.86,47846.29,5336.175,1614950099999,255813632.14792,58449,2846.731,136469183.30849,0
1614950100000,47847.88,48124.04,47762.91,48114.29,3156.511,1614950999999,151269681.03676,34687,1673.685,80221721.29353,0
1614951000000,48114.29,48148.12,47312.51,48061.39,8867.773,1614951899999,423063676.76606,88426,4200.591,200408073.08554,0
1614951900000,48061.67,48300.00,47909.00,48069.92,5957.907,1614952799999,286825421.48573,64612,3066.310,147656153.54780,0
1614952800000,48069.65,48304.00,48069.65,48209.99,3351.832,1614953699999,161584706.32657,36051,1887.109,90979728.07726,0
1614953700000,48209.98,48640.00,48209.98,48470.10,6352.716,1614954599999,307862040.57107,65727,3393.813,164463573.58806,0
1614954600000,48470.17,48750.00,48174.18,48427.70,7109.577,1614955499999,344329563.98476,72083,3233.022,156640511.16931,0
1614955500000,48427.70,48499.22,47947.09,48139.64,6564.415,1614956399999,316046093.26113,65089,2959.492,142486095.94802,0
1614956400000,48139.64,48711.99,48139.63,48367.44,5718.212,1614957299999,276983687.87629,66687,2942.762,142547022.04222,0
1614957300000,48367.43,48574.82,48130.00,48250.01,4263.502,1614958199999,206119955.50763,50340,2190.941,105944221.08889,0
1614958200000,48250.01,48320.00,48001.90,48125.99,4511.441,1614959099999,217111409.65931,47969,2113.300,101712492.11954,0
1614959100000,48123.99,48273.65,47850.00,47888.00,4725.811,1614959999999,227041751.73966,49770,2140.697,102884133.91911,0
1614960000000,47888.11,47888.11,47501.00,47516.74,8743.939,1614960899999,417234173.94482,84725,3923.692,187258477.47852,0
1614960900000,47516.75,47673.04,47045.80,47046.52,9233.328,1614961799999,437384960.44048,85308,3921.615,185810283.60361,0
1614961800000,47046.52,47483.22,46909.55,47481.07,7825.326,1614962699999,369800465.87094,72451,4202.109,198644072.79766,0
1614962700000,47481.07,47751.42,47340.01,47671.95,5550.334,1614963599999,263975060.76339,57687,3195.255,151990440.43212,0
1614963600000,47679.89,47770.56,47350.00,47608.39,4517.201,1614964499999,214888895.43361,45825,2117.241,100743724.72253,0
1614964500000,47608.19,47980.00,47586.26,47866.82,4622.639,1614965399999,221135628.12950,50217,2574.514,123164974.64891,0
1614965400000,47866.82,48139.73,47800.00,48081.57,3693.575,1614966299999,177132667.49716,40128,1968.919,94441806.77313,0
1614966300000,48081.56,48250.33,47990.29,48094.05,3554.483,1614967199999,170989798.09276,38275,1971.159,94827190.15062,0
1614967200000,48094.05,48375.84,47922.57,48346.88,4283.075,1614968099999,206180340.43880,49895,2017.665,97158672.01569,0
1614968100000,48350.00,48550.00,48322.61,48522.82,3836.384,1614968999999,185918169.02849,44122,1948.537,94436297.06161,0
1614969000000,48528.04,48543.36,48201.01,48418.17,2927.739,1614969899999,141658950.45816,36612,1391.005,67314796.07280,0
1614969900000,48418.17,48538.89,48278.77,48491.64,2369.383,1614970799999,114744684.26169,28673,1028.150,49798287.72782,0
1614970800000,48491.64,48518.84,48325.29,48469.44,1777.599,1614971699999,86090057.77784,23018,834.432,40415085.26425,0
1614971700000,48469.36,49100.00,48408.76,49005.67,5545.925,1614972599999,270642723.78826,58948,3408.993,166398021.06858,0
1614972600000,49000.09,49050.00,48812.43,48901.40,3076.744,1614973499999,150478450.33589,35406,1444.540,70657127.34808,0
1614973500000,48901.41,49427.00,48846.52,49298.42,4373.851,1614974399999,215274420.55848,54197,2491.948,122640451.70140,0
1614974400000,49298.42,49470.00,48907.29,49015.00,5649.013,1614975299999,278145492.76843,60794,2575.714,126884998.51221,0
1614975300000,49013.00,49410.00,48855.00,49398.35,3338.715,1614976199999,163957697.81826,40786,1879.582,92337858.35617,0
1614976200000,49396.91,49400.00,49108.04,49170.10,2226.077,1614977099999,109609038.59629,30790,1013.896,49928184.54622,0
1614977100000,49170.09,49244.44,49012.56,49179.33,1776.813,1614977999999,87283854.13830,25340,770.001,37830979.28686,0
1614978000000,49179.33,49410.00,49035.00,49075.41,2496.179,1614978899999,122985162.33323,30432,1258.032,61991332.63086,0
1614978900000,49075.40,49111.12,48914.88,49006.07,1989.488,1614979799999,97491757.26797,26425,859.196,42110582.62858,0
1614979800000,49013.41,49250.00,49008.81,49200.02,1977.459,1614980699999,97187165.87946,22148,1106.159,54369225.97669,0
1614980700000,49207.59,49243.02,49010.00,49059.99,1364.341,1614981599999,67016563.94036,18317,606.284,29779964.22071,0
1614981600000,49059.99,49350.00,49059.99,49168.17,1978.355,1614982499999,97397477.41631,26982,888.014,43714021.32073,0
1614982500000,49168.17,49278.99,49050.00,49057.10,1122.547,1614983399999,55175634.40786,18000,567.259,27883353.40564,0
1614983400000,49057.10,49350.00,48711.01,49338.55,3459.183,1614984299999,169250483.37306,47471,1690.357,82764959.19936,0
1614984300000,49335.91,49425.54,49000.00,49088.58,2738.641,1614985199999,134783471.88022,34995,1105.309,54409674.03426,0
1614985200000,49088.58,49181.39,48724.01,48862.45,2325.851,1614986099999,113810973.37863,29861,1030.814,50439596.40684,0
1614986100000,48862.45,48936.17,48622.00,48780.80,2322.485,1614986999999,113337494.70589,27992,1102.464,53817895.46136,0
1614987000000,48778.32,48856.00,48720.00,48791.18,1623.849,1614987899999,79218584.08099,18601,795.324,38801310.86797,0
1614987900000,48791.18,49018.54,48724.13,48770.57,1927.262,1614988799999,94207800.83211,22518,1077.756,52691024.52985,0
1614988800000,48772.68,49150.00,48772.67,49088.24,3062.486,1614989699999,150067889.46057,35688,1791.903,87802623.98262,0
1614989700000,49089.24,49141.31,48950.28,49141.31,1488.088,1614990599999,72961290.53071,19110,754.163,36978882.21776,0
1614990600000,49142.22,49174.00,48920.00,48957.88,1441.997,1614991499999,70723196.38524,18107,654.488,32099356.79554,0
1614991500000,48957.89,48982.72,48689.00,48825.58,2237.143,1614992399999,109178922.31404,24514,976.915,47674424.12824,0
1614992400000,48825.58,48920.00,48526.87,48667.61,2227.363,1614993299999,108421737.30768,26094,1058.911,51560432.40577,0
1614993300000,48667.60,48747.00,48600.00,48636.69,1261.383,1614994199999,61397303.53516,16039,626.715,30507917.71081,0
1614994200000,48636.69,48750.00,48565.00,48671.00,1333.407,1614995099999,64883039.91077,15994,729.060,35474405.23273,0
1614995100000,48671.00,48825.79,48610.93,48658.54,1119.547,1614995999999,54541587.30474,15484,599.322,29203297.12363,0
1614996000000,48658.55,48667.99,48213.00,48374.11,2518.217,1614996899999,121912952.12876,32926,908.023,43954195.63927,0
1614996900000,48369.62,48550.63,48360.02,48518.14,1101.210,1614997799999,53374332.00831,16518,570.873,27669141.91808,0
1614997800000,48518.13,48726.64,48490.03,48627.20,1008.284,1614998699999,49041343.01953,17467,546.679,26590103.47662,0
1614998700000,48627.21,48750.00,48550.00,48734.64,817.810,1614999599999,39788028.40344,14781,428.597,20857914.15168,0
1614999600000,48734.64,48743.00,48581.75,48688.21,837.459,1615000499999,40745582.05640,14669,386.383,18799968.94517,0
1615000500000,48688.22,48711.46,48502.33,48683.36,976.167,1615001399999,47457691.34640,14019,586.780,28527577.72411,0
1615001400000,48683.36,48731.79,48435.00,48569.86,1395.993,1615002299999,67776558.31745,18937,642.813,31209440.34132,0
1615002300000,48567.62,48826.25,48539.18,48676.99,1711.825,1615003199999,83347836.10294,22945,972.197,47339271.51356,0
1615003200000,48676.99,48700.00,48300.00,48469.96,2591.889,1615004099999,125553425.47100,25935,1346.180,65207302.42392,0
1615004100000,48468.13,48480.00,48115.00,48283.10,2886.161,1615004999999,139253213.18543,30058,1168.923,56402595.87687,0
1615005000000,48283.11,48401.92,48250.70,48270.31,1397.351,1615005899999,67528744.97505,16274,599.402,28968898.11226,0
1615005900000,48273.60,48543.20,48233.88,48485.00,1838.278,1615006799999,89013845.11945,18551,1079.170,52252058.05208,0
1615006800000,48485.00,48588.00,48220.61,48268.48,1750.696,1615007699999,84707507.46574,21042,769.077,37217227.82843,0
1615007700000,48264.41,48537.59,48250.35,48455.99,1149.611,1615008599999,55653408.94392,16463,582.162,28180553.63535,0
1615008600000,48455.99,48880.67,48455.99,48723.61,3064.676,1615009499999,149278020.40740,35745,1699.197,82770376.02404,0
1615009500000,48723.62,48727.60,48463.37,48510.40,2403.472,1615010399999,116832976.33533,28446,1068.427,51946328.96568,0
1615010400000,48510.40,48865.60,48510.39,48753.09,2525.484,1615011299999,123071181.97965,28685,1421.459,69264983.88423,0
1615011300000,48753.09,48973.98,48741.18,48837.16,2191.695,1615012199999,107147971.23686,24938,1296.732,63394526.82606,0
1615012200000,48837.16,48890.69,48724.36,48838.96,1572.498,1615013099999,76758766.55324,20029,699.635,34155862.46970,0
1615013100000,48838.84,48953.51,48838.83,48930.08,1038.287,1615013999999,50782952.61940,14921,527.211,25787343.98955,0
1615014000000,48930.08,48994.00,48776.00,48848.01,1301.631,1615014899999,63617315.46490,18297,633.154,30950420.03169,0
1615014900000,48846.81,49149.58,48846.80,49056.98,2795.322,1615015799999,137040636.18124,29476,1475.170,72327088.69746,0
1615015800000,49054.41,49063.30,48950.00,48956.71,1176.498,1615016699999,57643768.84166,15951,583.880,28607937.27332,0
1615016700000,48956.71,49033.00,48800.00,48833.21,1516.849,1615017599999,74205324.21135,18318,596.532,29194416.80135,0
1615017600000,48833.20,49139.95,48806.32,48897.21,2059.834,1615018499999,100868760.17922,26869,1086.457,53204754.40435,0
1615018500000,48897.20,49061.60,48856.70,48860.15,1360.211,1615019399999,66608133.89059,19470,594.426,29111256.98099,0
1615019400000,48860.16,49004.30,48626.04,48734.91,2100.539,1615020299999,102516618.77293,26221,770.148,37606446.40305,0
1615020300000,48734.73,48847.44,48634.41,48678.41,2118.292,1615021199999,103230894.73373,23854,1021.789,49806881.09390,0
1615021200000,48678.41,48817.00,48610.13,48693.19,1726.500,1615022099999,84088793.22018,20914,878.123,42781797.91900,0
1615022100000,48693.19,48778.11,48401.17,48498.82,2665.081,1615022999999,129481815.57212,32632,1077.425,52357176.13062,0
1615023000000,48499.87,48593.22,48329.54,48410.72,2487.699,1615023899999,120531971.45451,28719,1195.461,57931097.98486,0
1615023900000,48405.23,48449.00,48301.43,48363.45,1965.418,1615024799999,95095559.71266,23024,978.914,47371935.06834,0
1615024800000,48363.46,48514.89,48320.00,48367.73,1917.245,1615025699999,92854992.58571,23651,988.977,47903918.66463,0
1615025700000,48367.73,48437.17,48260.00,48365.24,1512.055,1615026599999,73085721.63823,20139,728.514,35218472.57903,0
1615026600000,48365.24,48428.89,48271.00,48348.57,1299.501,1615027499999,62824072.20599,17269,687.272,33229046.65189,0
1615027500000,48348.57,48348.57,47933.00,48053.62,4476.911,1615028399999,215398157.66693,48145,1586.614,76352824.40347,0
1615028400000,48053.63,48286.00,48006.00,48161.10,2142.038,1615029299999,103197048.65055,27896,1166.382,56199521.40700,0
1615029300000,48158.50,48267.27,48070.00,48179.80,1488.211,1615030199999,71695237.16310,22140,780.050,37582591.10227,0
1615030200000,48179.81,48256.66,48100.00,48162.23,1638.591,1615031099999,78959135.93605,20315,699.666,33717518.01927,0
1615031100000,48162.23,48346.15,48150.00,48185.05,1876.560,1615031999999,90550840.05945,21973,1095.693,52880078.37185,0
1615032000000,48182.34,48224.14,47630.00,47745.72,6611.098,1615032899999,316288084.57538,72788,2916.054,139508688.87178,0
1615032900000,47750.00,47798.44,47551.05,47684.44,4179.250,1615033799999,199170807.10301,48745,2111.414,100648769.00284,0
1615033800000,47684.44,47850.00,47610.01,47790.85,2395.127,1615034699999,114336305.40919,29072,1386.206,66180534.28086,0
1615034700000,47790.84,47797.85,47435.00,47696.76,3653.876,1615035599999,173950086.63650,40907,1410.411,67173519.82107,0
1615035600000,47696.75,47779.00,47530.80,47550.87,2361.119,1615036499999,112495548.46169,30132,1103.396,52576215.62448,0
1615036500000,47550.88,47584.03,47090.00,47227.81,6052.291,1615037399999,286421055.25681,66898,2447.525,115851451.80589,0
1615037400000,47228.31,47440.00,47140.02,47339.12,3569.145,1615038299999,168828068.90162,41499,1903.191,90036879.85046,0
1615038300000,47339.84,47492.96,47264.69,47350.00,2368.740,1615039199999,112239575.83540,28968,1305.557,61870850.99583,0
1615039200000,47350.00,47618.00,47220.02,47480.01,3580.277,1615040099999,169926894.35329,40463,2143.763,101773081.12737,0
1615040100000,47480.01,47578.97,47403.90,47444.00,1979.151,1615040999999,93952168.14614,22922,960.002,45582886.20935,0
1615041000000,47444.01,47587.93,47330.82,47472.48,1871.305,1615041899999,88815785.65188,23591,960.477,45593600.26080,0
1615041900000,47472.49,47752.38,47447.52,47570.61,3405.614,1615042799999,162174201.80341,33872,1907.240,90823692.22899,0
1615042800000,47570.62,47662.89,47480.07,47576.61,2154.489,1615043699999,102480992.02665,24280,1131.607,53833269.82614,0
1615043700000,47576.60,47655.70,47391.56,47616.53,2076.356,1615044599999,98656440.27832,25797,894.489,42514964.16395,0
1615044600000,47616.52,47723.34,47511.28,47658.55,1812.249,1615045499999,86328764.31284,23590,960.517,45762826.20234,0
1615045500000,47658.36,47676.66,47255.00,47284.11,2352.490,1615046399999,111700312.30358,29063,898.490,42673390.69682,0
1615046400000,47282.01,47852.00,47138.01,47805.98,5815.965,1615047299999,276237722.86690,58060,3094.989,147052989.09201,0
1615047300000,47805.98,47950.00,47740.80,47765.00,3534.907,1615048199999,169114559.00302,37124,1834.415,87774404.71587,0
1615048200000,47765.00,47839.75,47551.00,47697.26,3059.362,1615049099999,145820727.71681,31117,1407.351,67082016.39638,0
1615049100000,47697.73,47851.00,47671.98,47766.99,2374.757,1615049999999,113422037.15939,24708,1406.384,67175504.91223,0
1615050000000,47766.99,47843.97,47660.00,47755.99,1563.322,1615050899999,74638646.30924,22094,801.657,38276844.94652,0
1615050900000,47756.00,48207.65,47703.73,48178.92,3992.214,1615051799999,191634539.48215,44897,2243.068,107676284.01160,0
1615051800000,48178.88,48450.00,48176.51,48190.00,4480.927,1615052699999,216422719.37157,47793,2357.274,113859124.39137,0
1615052700000,48190.01,48333.20,47957.01,48248.36,3358.051,1615053599999,161622096.94278,35224,1784.307,85903494.18697,0
1615053600000,48248.36,48400.00,48208.20,48252.72,2415.522,1615054499999,116677637.64808,28268,1291.196,62377121.87297,0
1615054500000,48252.38,48347.00,48120.00,48346.38,1726.357,1615055399999,83236563.73012,21720,897.443,43278318.03116,0
1615055400000,48346.37,48664.00,48277.89,48556.10,3226.196,1615056299999,156332304.56829,38082,1773.963,85974818.34956,0
1615056300000,48556.11,48575.60,48380.00,48479.48,1666.101,1615057199999,80767596.41192,23163,820.003,39752083.01335,0
1615057200000,48479.48,48479.49,48255.15,48345.03,1775.074,1615058099999,85836090.93261,23453,772.264,37347196.30694,0
1615058100000,48347.73,48487.80,48300.00,48486.48,1130.982,1615058999999,54737594.91866,16659,584.872,28309264.31779,0
1615059000000,48486.47,48713.74,48380.00,48483.64,2277.079,1615059899999,110564480.89652,29847,1094.058,53125468.91467,0
1615059900000,48483.64,48600.00,48353.45,48356.88,1401.044,1615060799999,67923418.25145,19518,667.546,32369198.63119,0
1615060800000,48361.33,48584.95,48361.33,48560.21,1687.661,1615061699999,81795115.25398,20840,824.821,39983911.79135,0
1615061700000,48560.20,48767.54,48478.79,48555.20,2491.457,1615062599999,121161417.42812,30373,1249.326,60762477.26841,0
1615062600000,48555.21,48627.15,48346.06,48418.84,1653.125,1615063499999,80156291.74831,21749,698.224,33870859.03847,0
1615063500000,48417.46,48567.39,48253.25,48538.66,2268.811,1615064399999,109787471.25666,26050,1124.879,54439221.64681,0
1615064400000,48538.66,48650.00,48420.03,48430.85,1616.299,1615065299999,78510810.89397,20955,677.662,32924987.85323,0
1615065300000,48430.85,48510.07,48291.50,48500.01,1641.298,1615066199999,79454778.01222,19852,824.807,39931879.73404,0
1615066200000,48500.01,48746.72,48500.01,48711.10,2350.520,1615067099999,114339565.62893,25723,1132.405,55087656.91453,0
1615067100000,48711.10,48740.00,48524.47,48588.15,2213.344,1615067999999,107628321.04509,22855,1123.868,54647238.76373,0
1615068000000,48589.77,48700.00,48550.00,48551.36,951.924,1615068899999,46281381.31616,15292,389.463,18936491.71791,0
1615068900000,48551.36,48734.26,48463.00,48721.68,1184.394,1615069799999,57589293.90275,17369,572.656,27846423.92882,0
1615069800000,48721.68,49253.63,48721.68,48910.00,5372.472,1615070699999,263311598.62636,58742,3081.009,150982126.04060,0
1615070700000,48910.00,49100.00,48899.00,48935.29,2446.934,1615071599999,119871239.49208,26036,1254.283,61449103.77829,0
1615071600000,48936.34,49016.38,48833.40,48850.00,1854.053,1615072499999,90730841.93582,20836,930.951,45573215.21881,0
1615072500000,48850.01,49040.04,48850.01,49002.40,1186.940,1615073399999,58102404.83908,16261,679.569,33266563.89162,0
1615073400000,49002.39,49147.84,48950.00,49099.00,1533.487,1615074299999,75231972.11117,19493,732.750,35951361.94866,0
1615074300000,49098.99,49119.95,48819.03,48908.21,1846.291,1615075199999,90331920.97951,20671,903.339,44191992.30017,0
1615075200000,48908.21,49183.86,48908.21,49095.33,2415.152,1615076099999,118524483.31812,28326,1295.197,63561445.04520,0
1615076100000,49097.22,49363.84,49050.04,49219.27,2447.106,1615076999999,120466653.74045,28845,1289.226,63479550.63286,0
1615077000000,49219.08,49245.00,49028.00,49038.61,1590.453,1615077899999,78182624.24429,20595,753.722,37057421.25801,0
1615077900000,49037.88,49259.89,49005.16,49214.15,1449.671,1615078799999,71255653.85492,18408,735.453,36148628.47919,0
1615078800000,49214.14,49400.00,49080.41,49184.92,2458.501,1615079699999,121053149.31956,26391,1299.934,64019946.47171,0
1615079700000,49184.91,49213.94,49065.00,49189.03,1530.065,1615080599999,75191971.51757,18111,708.072,34800939.42307,0
1615080600000,49189.02,49500.00,49183.17,49395.98,2965.049,1615081499999,146367637.94417,32567,1655.505,81735077.05452,0
1615081500000,49395.98,49420.00,49015.67,49140.96,2241.207,1615082399999,110294316.29569,27680,987.530,48609086.39923,0
1615082400000,49140.95,49245.00,49070.00,49222.98,1667.136,1615083299999,81949991.45552,20615,915.073,44986604.79652,0
1615083300000,49222.97,49732.88,49211.29,49552.10,4084.644,1615084199999,202343588.29899,47015,2146.899,106334887.26129,0
1615084200000,49549.90,49865.00,49549.90,49652.82,3194.232,1615085099999,158944192.80953,37317,1695.642,84381846.80922,0
1615085100000,49652.81,49760.00,49520.00,49583.97,2370.900,1615085999999,117605948.96090,26407,1257.557,62379880.72563,0
1615086000000,49583.96,49937.80,49575.62,49631.98,3284.758,1615086899999,163421890.90636,34164,1623.302,80771961.24512,0
1615086900000,49631.98,49760.00,49590.00,49708.05,1504.309,1615087799999,74754115.49814,17253,835.471,41519045.78643,0
1615087800000,49708.05,49758.29,49600.00,49742.88,1496.521,1615088699999,74351142.19670,17764,718.098,35677279.25495,0
1615088700000,49742.87,49780.00,49460.00,49582.55,2090.113,1615089599999,103644860.41318,24887,945.803,46904465.27615,0
1615089600000,49582.55,49700.00,49519.11,49521.10,1768.497,1615090499999,87795082.57392,19335,874.798,43435331.19090,0
1615090500000,49521.10,49688.14,49330.00,49386.01,2425.324,1615091399999,119993512.49783,27167,992.117,49095306.34738,0
1615091400000,49386.01,49551.98,49386.01,49489.98,1986.356,1615092299999,98296648.09496,20204,1017.713,50364917.35750,0
1615092300000,49489.97,49570.00,49459.31,49459.31,1597.966,1615093199999,79131423.19789,13663,900.461,44586471.29567,0
1615093200000,49459.32,49492.77,49130.00,49220.02,3480.824,1615094099999,171515197.85432,34625,1465.407,72210520.83186,0
1615094100000,49220.03,49361.34,49211.00,49332.99,1691.855,1615094999999,83409064.44158,16939,856.105,42208488.15954,0
1615095000000,49332.99,49423.62,49156.97,49395.68,1941.326,1615095899999,95742613.22730,21089,951.680,46942728.99236,0
1615095900000,49395.68,49426.35,49306.23,49387.49,933.644,1615096799999,46082234.26491,12672,451.393,22281450.26114,0
1615096800000,49387.50,49444.19,49190.00,49255.01,2000.691,1615097699999,98652099.46593,21196,969.154,47790654.71166,0
1615097700000,49255.01,49390.00,49189.47,49340.68,1131.433,1615098599999,55768087.40015,15594,596.972,29427897.66668,0
1615098600000,49340.69,49489.99,49322.98,49469.78,1398.654,1615099499999,69083752.96139,15328,796.346,39339919.08138,0
1615099500000,49479.17,49690.00,49465.62,49488.88,2874.654,1615100399999,142525024.37651,27871,1562.936,77493414.20905,0
1615100400000,49489.30,49555.03,49342.07,49462.28,1504.830,1615101299999,74397665.33632,18096,709.906,35098446.98314,0
1615101300000,49460.94,49629.95,49374.00,49620.47,1273.969,1615102199999,63031543.31562,15986,708.085,35037588.37126,0
1615102200000,49621.50,49750.00,49543.30,49590.01,1708.213,1615103099999,84792011.95573,23061,820.792,40746793.62299,0
1615103100000,49590.01,50232.81,49590.00,50084.61,5281.122,1615103999999,263822558.73877,58217,3274.961,163616738.71814,0
1615104000000,50084.61,50778.41,50082.48,50527.92,8990.995,1615104899999,453823989.30553,91709,4795.485,242059098.59521,0
1615104900000,50527.92,50873.01,50436.13,50595.34,5194.104,1615105799999,263097271.69811,56302,2470.596,125181052.83767,0
1615105800000,50595.33,50699.00,50520.00,50585.30,1902.404,1615106699999,96242115.73770,27658,908.686,45979237.37010,0
1615106700000,50585.29,50634.00,50422.79,50434.19,2446.878,1615107599999,123618984.18888,31375,1080.981,54621967.72211,0
1615107600000,50429.99,50650.00,50426.15,50624.99,1748.755,1615108499999,88433663.26465,22930,969.228,49013449.49180,0
1615108500000,50625.00,50932.55,50561.94,50802.22,5396.474,1615109399999,273905431.89047,56178,2798.033,142021470.06710,0
1615109400000,50801.32,51200.00,50707.42,51063.64,5166.937,1615110299999,263550981.22616,62002,2769.843,141279049.00351,0
1615110300000,51063.63,51065.50,50800.00,50961.29,3723.797,1615111199999,189572385.75750,43181,1774.544,90348034.85109,0
1615111200000,50961.29,51008.98,50803.37,50925.52,2124.337,1615112099999,108054488.77228,28988,989.146,50314348.49229,0
1615112100000,50925.52,50929.00,50681.33,50736.93,2426.811,1615112999999,123313746.23512,26405,1134.016,57624205.65782,0
1615113000000,50740.23,50848.67,50510.00,50530.11,3693.946,1615113899999,187062651.74274,40873,1512.854,76621212.10599,0
1615113900000,50530.10,50748.00,50530.10,50665.63,2829.506,1615114799999,143314661.20472,28870,1611.797,81639664.72872,0
1615114800000,50665.63,50689.98,50532.17,50651.89,1705.930,1615115699999,86336829.99023,20160,865.254,43794374.93031,0
1615115700000,50651.89,50866.48,50587.00,50678.21,2431.510,1615116599999,123343475.46938,27487,1355.604,68777424.47393,0
1615116600000,50678.20,50931.00,50670.00,50791.00,2307.073,1615117499999,117241009.15703,27727,1238.145,62914693.81739,0
1615117500000,50791.00,50827.25,50556.00,50745.34,1911.461,1615118399999,96862533.01324,24382,924.453,46850736.84313,0
1615118400000,50745.73,50841.00,50655.89,50795.55,1807.413,1615119299999,91763222.98791,27637,920.967,46758161.14454,0
1615119300000,50795.55,50798.74,50445.00,50528.76,2906.966,1615120199999,146985161.56617,34772,1246.706,63040043.74616,0
1615120200000,50528.75,50764.00,50517.84,50740.00,1943.706,1615121099999,98481580.16376,25870,1088.203,55137538.55867,0
1615121100000,50739.99,50870.00,50602.49,50773.07,2288.159,1615121999999,116166260.59913,27371,1162.133,59011457.87251,0
1615122000000,50773.07,50810.78,50662.19,50675.99,1568.956,1615122899999,79595077.20330,21364,810.870,41136307.83007,0
1615122900000,50675.99,50764.82,50550.00,50723.15,1532.508,1615123799999,77617194.52890,22572,765.883,38798270.04906,0
1615123800000,50723.14,50780.00,50619.80,50774.85,1199.683,1615124699999,60828456.39449,18794,635.633,32229491.90427,0
1615124700000,50777.68,50900.00,50639.99,50785.15,2112.737,1615125599999,107298792.97699,27776,1161.206,58978895.86313,0
1615125600000,50785.14,51326.53,50725.58,50817.44,6650.896,1615126499999,339426525.37941,76727,3431.909,175159637.62533,0
1615126500000,50817.44,50880.00,50162.23,50435.52,9192.052,1615127399999,464324751.51742,92443,4084.187,206375712.22822,0
1615127400000,50433.99,50555.00,50275.37,50484.00,3339.364,1615128299999,168458078.73113,36819,1830.612,92358397.30450,0
1615128300000,50484.00,50688.00,50481.51,50679.25,2516.201,1615129199999,127279324.72387,29519,1417.182,71694291.10694,0
1615129200000,50686.09,50688.82,50460.00,50654.00,1869.009,1615130099999,94549874.57749,23982,692.423,35035889.34142,0
1615130100000,50653.86,50872.61,50640.84,50658.30,2726.996,1615130999999,138412656.78062,31633,1466.717,74453745.58404,0
1615131000000,50662.16,50751.00,50411.70,50518.78,2322.543,1615131899999,117433078.28162,27659,1019.549,51552701.46491,0
1615131900000,50518.77,50643.67,50500.00,50618.66,1377.288,1615132799999,69665858.34437,19994,629.833,31858001.71728,0
1615132800000,50618.65,51061.25,50618.65,50876.71,4597.193,1615133699999,233766734.53786,54261,2338.354,118907407.01775,0
1615133700000,50876.72,50987.03,50770.82,50794.91,2071.040,1615134599999,105368683.31453,25083,931.586,47403581.03099,0
1615134600000,50796.59,51137.73,50796.21,51110.00,2781.753,1615135499999,141867171.38599,32575,1584.561,80812298.63080,0
1615135500000,51109.99,51400.00,51050.00,51072.46,4768.235,1615136399999,244235314.83474,54295,2513.296,128743211.05988,0
1615136400000,51072.45,51164.17,50951.55,50971.96,2358.072,1615137299999,120374683.19353,27438,1081.847,55235939.99687,0
1615137300000,50971.96,51097.52,50951.07,51026.96,1299.233,1615138199999,66296520.37792,16653,655.569,33453332.15222,0
1615138200000,51026.96,51076.31,50960.00,50996.14,966.167,1615139099999,49278413.03810,14476,454.438,23179737.26435,0
1615139100000,50996.15,51115.59,50800.00,51115.59,2431.559,1615139999999,123829117.66949,27949,1219.399,62112179.53096,0
1615140000000,51115.58,51128.82,50829.22,50928.83,1684.226,1615140899999,85810634.08191,21191,665.550,33909582.16222,0
1615140900000,50928.82,50928.94,50568.00,50691.89,3238.241,1615141799999,164249675.35230,34944,1385.962,70307871.44930,0
1615141800000,50691.88,50766.64,50650.00,50677.76,1268.741,1615142699999,64346172.89671,15553,618.221,31355983.99053,0
1615142700000,50674.14,50740.81,50406.27,50454.84,2645.231,1615143599999,133748346.26888,30072,1090.736,55159157.89882,0
1615143600000,50454.84,50600.00,50290.00,50452.44,3780.635,1615144499999,190651977.45200,39097,2036.662,102717398.57773,0
1615144500000,50452.43,50620.39,50399.27,50493.28,1509.138,1615145399999,76246497.83315,19623,793.515,40093040.75204,0
1615145400000,50493.29,50595.80,50427.07,50528.70,1044.388,1615146299999,52757672.11183,15676,497.313,25122647.69406,0
1615146300000,50529.99,50533.88,50327.60,50414.38,1744.134,1615147199999,87932988.43225,20492,720.204,36314003.38951,0
1615147200000,50413.53,50413.53,49800.00,49880.40,6587.635,1615148099999,329382057.44463,68509,2834.225,141676494.48226,0
1615148100000,49880.40,50005.09,49810.38,49849.98,2691.902,1615148999999,134392543.35673,29722,1366.697,68241714.54615,0
1615149000000,49849.98,50144.48,49849.98,50000.63,2407.827,1615149899999,120412033.70056,27273,1400.010,70016629.85417,0
1615149900000,50000.03,50147.30,49939.50,50063.79,1299.371,1615150799999,65031874.83466,17978,687.985,34436200.45096,0
1615150800000,50063.79,50107.94,49871.00,49892.00,1532.932,1615151699999,76634493.79432,19476,656.641,32835840.55101,0
1615151700000,49892.00,50110.00,49887.00,50018.43,1540.085,1615152599999,77038465.69393,19419,804.598,40249880.77691,0
1615152600000,50016.83,50302.95,49990.00,50210.71,1973.434,1615153499999,99045788.50357,23066,1223.300,61398631.48211,0
1615153500000,50210.70,50227.56,50057.45,50100.00,1431.221,1615154399999,71736155.39594,17417,664.910,33328218.17234,0
1615154400000,50100.01,50188.88,50010.00,50144.82,1023.664,1615155299999,51262387.77427,16661,556.984,27892705.51140,0
1615155300000,50144.82,50421.84,50140.79,50273.50,2046.105,1615156199999,102870215.66351,26010,1066.784,53635438.06148,0
1615156200000,50273.77,50800.00,50260.96,50636.21,4122.135,1615157099999,208597298.74089,48340,2412.288,122061973.46117,0
1615157100000,50636.21,50716.50,50501.00,50524.33,1419.260,1615157999999,71798289.91464,20486,734.743,37170730.60849,0
1615158000000,50524.32,50989.12,50502.64,50918.57,2952.779,1615158899999,150007498.85216,36284,1720.645,87401555.57321,0
1615158900000,50918.56,51080.00,50810.00,51062.27,2468.587,1615159799999,125768815.12504,27952,1438.971,73315785.79761,0
1615159800000,51062.28,51230.78,50858.53,51113.34,2927.910,1615160699999,149459394.69682,34578,1497.298,76449770.50861,0
1615160700000,51116.35,51480.00,50877.19,50995.27,4640.713,1615161599999,237791474.94003,51983,2268.977,116313802.65487,0
1615161600000,50991.35,51474.99,50872.04,51392.37,4994.174,1615162499999,255714803.45607,51545,2629.350,134633063.39222,0
1615162500000,51395.88,51680.00,51380.00,51509.19,4415.520,1615163399999,227605754.11353,47826,2360.339,121679861.83128,0
1615163400000,51509.19,51742.81,51431.72,51650.55,3235.823,1615164299999,166961046.89439,34255,1691.283,87284373.99915,0
1615164300000,51649.71,51668.42,51274.73,51510.00,3695.442,1615165199999,190296248.43257,36434,1566.030,80661387.37019,0
1615165200000,51510.00,51870.36,51415.00,51756.14,3361.980,1615166099999,173825064.41195,40163,1857.037,96031098.37917,0
1615166100000,51754.08,51769.30,51564.69,51576.60,1733.765,1615166999999,89570992.73705,23342,916.339,47343012.44750,0
1615167000000,51576.61,51634.43,51330.72,51569.50,2506.906,1615167899999,129079888.84851,27855,1274.942,65654367.65575,0
1615167900000,51569.50,51715.00,51428.91,51586.00,1505.950,1615168799999,77677947.11030,20288,806.762,41616459.80306,0
1615168800000,51583.89,51610.55,51130.61,51338.72,3842.813,1615169699999,197177071.20282,38059,1613.763,82788565.16723,0
1615169700000,51338.73,51398.99,50805.10,50934.83,3715.656,1615170599999,189963802.16651,39501,1613.377,82506162.21799,0
1615170600000,50935.97,50948.86,50600.00,50646.65,4659.175,1615171499999,236451546.58705,48987,2073.727,105262927.07463,0
1615171500000,50646.65,50834.73,50522.00,50757.10,3049.516,1615172399999,154534700.83045,33158,1618.983,82060580.81657,0
1615172400000,50757.36,50823.30,50323.54,50382.35,3053.290,1615173299999,154483479.68194,33801,1309.761,66298023.11753,0
1615173300000,50385.00,50690.48,50272.78,50354.96,3863.563,1615174199999,194966666.77035,38946,2029.363,102418072.14346,0
1615174200000,50354.65,50584.03,50276.32,50438.07,2234.896,1615175099999,112778333.03933,26704,1158.544,58460758.16576,0
1615175100000,50437.94,50675.82,50426.01,50625.98,3055.134,1615175999999,154503381.30516,27559,1915.197,96846243.83711,0
1615176000000,50625.97,50630.00,50268.15,50379.26,2448.919,1615176899999,123428111.51464,26288,1147.817,57852034.42174,0
1615176900000,50379.27,50511.00,50125.00,50458.19,2534.006,1615177799999,127448546.01899,31621,1125.459,56617673.19207,0
1615177800000,50456.80,50489.99,50323.57,50355.55,1434.677,1615178699999,72308139.81524,17870,669.163,33726895.81812,0
1615178700000,50355.56,50559.40,50287.60,50441.14,1919.057,1615179599999,96754862.45143,22480,1005.155,50684490.47842,0
1615179600000,50441.13,50626.23,50371.59,50385.06,2253.293,1615180499999,113791575.24799,23459,1176.867,59441217.75461,0
1615180500000,50386.30,50556.00,50386.30,50546.50,1486.960,1615181399999,75062351.54570,16560,889.356,44897397.70824,0
1615181400000,50541.85,50760.00,50481.03,50600.44,2761.450,1615182299999,139850191.97217,27340,1510.429,76497704.23891,0
1615182300000,50600.45,50813.00,50600.45,50766.30,1855.113,1615183199999,94100842.12167,20219,1083.954,54985850.88199,0
1615183200000,50766.30,50930.00,50683.46,50686.58,3208.887,1615184099999,163147995.66534,31719,1503.455,76453047.55307,0
1615184100000,50686.57,50750.00,50403.00,50598.92,3195.019,1615184999999,161569954.03899,34597,1280.745,64769675.24333,0
1615185000000,50598.93,50599.91,50250.00,50393.19,3473.539,1615185899999,175031219.11738,36457,1581.625,79702168.49280,0
1615185900000,50395.56,50395.56,50184.49,50302.33,2672.102,1615186799999,134342766.60589,29884,1197.808,60234666.78811,0
1615186800000,50303.87,50450.00,49840.41,49987.40,5375.968,1615187699999,269517915.21877,57298,2165.504,108593349.91665,0
1615187700000,49984.45,50027.59,49550.00,49820.66,7254.383,1615188599999,361282662.85875,67056,3338.159,166305172.41703,0
1615188600000,49820.66,49939.81,49659.00,49817.14,3464.845,1615189499999,172608690.99938,37829,1783.998,88885686.19470,0
1615189500000,49817.13,49981.23,49733.39,49783.97,2543.173,1615190399999,126828472.84740,29809,1367.035,68180835.04121,0
1615190400000,49787.39,49843.78,49393.88,49502.21,5024.661,1615191299999,249339741.16356,56328,2158.948,107176710.82669,0
1615191300000,49502.21,49749.70,49310.00,49717.55,5454.108,1615192199999,270078624.81038,55683,3068.886,151997407.63485,0
1615192200000,49717.55,49799.79,49645.65,49687.74,1823.992,1615193099999,90693701.75525,24156,929.864,46240804.02894,0
1615193100000,49687.73,49939.60,49640.91,49906.96,2346.391,1615193999999,116836804.41719,28642,1420.882,70756840.42695,0
1615194000000,49906.96,50138.85,49762.72,49802.28,4237.629,1615194899999,211638367.44835,45860,2314.819,115636740.07416,0
1615194900000,49802.27,49845.00,49473.48,49684.81,3908.852,1615195799999,194078752.79715,39511,1636.040,81244188.46811,0
1615195800000,49684.81,49919.49,49440.00,49885.99,3865.121,1615196699999,191928581.58809,37442,2289.297,113702426.06139,0
1615196700000,49885.98,49940.00,49720.00,49928.00,2163.278,1615197599999,107791060.54228,22991,960.578,47873841.62213,0
1615197600000,49928.00,50049.02,49723.00,49932.04,2862.448,1615198499999,142795900.01042,30027,1492.056,74444071.75435,0
1615198500000,49932.05,50164.01,49861.27,50020.70,3837.703,1615199399999,191935513.38358,36661,2042.042,102152160.50654,0
1615199400000,50020.69,50300.00,50020.69,50217.08,3575.028,1615200299999,179464655.99800,37807,2042.639,102538239.21888,0
1615200300000,50217.09,50274.91,50007.39,50094.92,2430.825,1615201199999,121828799.79925,26218,966.023,48419379.11211,0
1615201200000,50094.92,50225.46,49899.15,50048.79,2507.187,1615202099999,125513204.29852,26385,1202.197,60200001.54430,0
1615202100000,50048.79,50099.99,49930.00,50032.41,2219.967,1615202999999,111032046.53737,20354,1191.272,59581995.03321,0
1615203000000,50032.42,50380.00,50018.71,50105.39,3924.656,1615203899999,197157108.95738,39512,2105.876,105798800.13808,0
1615203900000,50105.39,50609.40,50000.89,50529.08,4610.230,1615204799999,232239840.14709,45561,2705.096,136307996.53238,0
1615204800000,50529.09,50580.00,50253.85,50373.43,4412.862,1615205699999,222330733.60120,39959,2183.799,110022415.58355,0
1615205700000,50373.43,50490.00,50228.04,50309.40,2302.216,1615206599999,115893667.08672,26320,1233.488,62105722.08363,0
1615206600000,50307.30,50470.65,50164.00,50292.19,2759.745,1615207499999,138806764.57294,29971,1208.489,60792320.30878,0
1615207500000,50292.18,50380.77,50150.99,50320.83,1880.756,1615208399999,94519399.87903,23397,917.816,46129128.63997,0
1615208400000,50320.82,50518.00,50307.94,50434.05,2482.077,1615209299999,125178934.88110,28108,1200.552,60553954.84857,0
1615209300000,50434.04,50952.45,50423.57,50749.92,9763.874,1615210199999,495392354.30755,81177,4847.918,246016359.26226,0
1615210200000,50749.93,51117.08,50666.00,50906.36,5393.292,1615211099999,274660092.40386,52166,3065.201,156113734.33654,0
1615211100000,50906.36,51085.99,50782.00,51016.21,2752.840,1615211999999,140113179.29757,28973,1533.232,78051909.34494,0
1615212000000,51016.21,51026.00,50731.58,50750.00,2731.088,1615212899999,138961936.61096,30164,1102.058,56077255.17636,0
1615212900000,50750.01,50979.49,50750.00,50962.90,1665.381,1615213799999,84743770.69306,21509,914.665,46545843.85424,0
1615213800000,50962.90,50975.00,50158.98,50893.26,9850.913,1615214699999,498321977.74001,95097,4647.001,235110288.07302,0
1615214700000,50893.25,51280.50,50620.00,50784.38,8903.776,1615215599999,453544673.81972,87622,4325.448,220374898.99188,0
1615215600000,50784.37,51014.97,50580.00,50940.59,5058.158,1615216499999,256951591.69440,48031,2538.964,129045191.94469,0
1615216500000,50940.59,51078.00,50850.00,51005.44,2761.569,1615217399999,140733996.47173,30796,1443.908,73591153.72014,0
1615217400000,51005.44,51237.68,50939.89,51150.29,4030.329,1615218299999,205926850.61371,43332,2202.705,112560055.38498,0
1615218300000,51150.29,51250.00,50988.00,51082.65,2980.597,1615219199999,152353192.67870,32425,1462.786,74787305.46078,0
1615219200000,51083.03,51200.00,50772.02,50866.06,3764.301,1615220099999,191793512.79183,38313,1764.810,89940957.27734,0
1615220100000,50866.06,51075.60,50825.23,50982.20,1808.325,1615220999999,92166031.66736,24329,955.452,48698938.28841,0
1615221000000,50985.00,51036.00,50650.00,50689.85,2894.156,1615221899999,147126845.27292,30183,1103.139,56098261.21165,0
1615221900000,50689.86,50807.00,50600.00,50718.99,3200.875,1615222799999,162293515.22589,33658,1497.621,75946879.87361,0
1615222800000,50718.99,50915.13,50706.11,50792.86,1935.649,1615223699999,98332446.71722,22533,1006.780,51145853.72049,0
1615223700000,50792.86,50919.38,50670.48,50858.01,1549.292,1615224599999,78718178.94042,20002,783.313,39806327.11906,0
1615224600000,50858.01,50880.00,50733.21,50810.33,1182.250,1615225499999,60054526.76536,15563,556.217,28253482.58178,0
1615225500000,50807.59,50888.00,50778.04,50854.64,1167.469,1615226399999,59345521.38345,15707,593.209,30155179.39436,0
1615226400000,50854.64,50970.68,50809.09,50884.15,1380.919,1615227299999,70274898.23422,18669,697.098,35474312.70665,0
1615227300000,50884.15,51132.43,50870.50,51001.08,2533.770,1615228199999,129289039.36062,27981,1401.902,71528558.86084,0
1615228200000,51001.08,51039.23,50817.96,50854.52,1273.456,1615229099999,64816478.97718,17980,577.127,29376486.10130,0
1615229100000,50854.52,50920.79,50797.40,50872.14,1973.253,1615229999999,100341135.40568,20795,951.842,48404209.61732,0
1615230000000,50872.14,51070.00,50847.06,51055.00,1416.758,1615230899999,72202471.93555,17610,871.042,44395457.66598,0
1615230900000,51055.01,51099.22,50929.21,51033.29,1893.039,1615231799999,96569638.08057,20910,988.681,50437202.64763,0
1615231800000,51035.62,51500.00,51035.61,51391.40,5318.107,1615232699999,273049930.97177,53617,2890.209,148352559.26258,0
1615232700000,51391.39,51550.00,51310.00,51370.07,3529.169,1615233599999,181503008.49176,33064,1731.187,89047802.92809,0
1615233600000,51372.12,51486.82,51301.00,51415.42,2609.237,1615234499999,134094879.53567,24862,1500.793,77133167.57939,0
1615234500000,51412.04,51538.43,51345.00,51520.26,2191.934,1615235399999,112766762.66698,23150,1306.706,67229162.62306,0
1615235400000,51520.27,51988.88,51461.25,51955.69,6402.866,1615236299999,331019519.21607,66017,3683.859,190515844.68316,0
1615236300000,51955.81,52120.00,51669.28,51821.30,5365.225,1615237199999,278339661.85671,57420,2581.968,134004814.15888,0
1615237200000,51821.67,51960.00,51563.01,51720.00,4035.845,1615238099999,208833539.93896,36414,2191.229,113385792.16193,0
1615238100000,51720.00,51848.40,51590.17,51702.54,2635.018,1615238999999,136224016.86959,24767,1360.051,70325096.62230,0
1615239000000,51702.54,51766.34,51600.69,51716.54,1391.184,1615239899999,71901942.02929,17636,713.994,36901263.12035,0
1615239900000,51716.55,51980.00,51716.55,51889.85,2098.598,1615240799999,108873383.98713,26484,1208.969,62713043.50260,0
1615240800000,51889.86,51949.98,51664.62,51699.41,1823.583,1615241699999,94453292.27473,25023,730.995,37859741.76959,0
1615241700000,51699.41,51806.59,51334.71,51648.07,2567.892,1615242599999,132525973.26798,29592,1123.787,58016973.92450,0
1615242600000,51648.03,51848.39,51498.91,51526.35,1967.911,1615243499999,101716343.56913,27666,800.666,41382372.27599,0
1615243500000,51526.51,51729.35,51505.97,51665.43,1480.593,1615244399999,76437615.43897,18961,717.816,37059711.43938,0
1615244400000,51665.43,51916.28,51665.43,51806.43,1906.023,1615245299999,98735574.89653,23684,934.985,48432852.56587,0
1615245300000,51806.43,51859.98,51700.92,51857.91,1690.765,1615246199999,87570867.05377,20984,746.144,38647760.36569,0
1615246200000,51857.90,52193.03,51854.80,52113.58,4159.976,1615247099999,216632105.45523,47664,2381.374,123995832.23174,0
1615247100000,52113.56,52450.00,52105.11,52429.43,3865.885,1615247999999,202262834.67971,47249,2123.674,111102845.78992,0
1615248000000,52429.43,52590.00,52237.81,52357.99,5101.016,1615248899999,267457162.35297,51300,2613.420,137073837.42305,0
1615248900000,52357.99,52393.89,52036.00,52109.16,3585.212,1615249799999,187168567.51113,35001,1414.395,73847413.83806,0
1615249800000,52109.16,52247.13,51880.00,52150.43,2793.905,1615250699999,145555115.24486,31761,1371.017,71452556.10602,0
1615250700000,52150.42,52212.59,51985.26,52083.69,1616.540,1615251599999,84209501.26138,20736,751.516,39151249.74567,0
1615251600000,52083.68,52382.52,52046.52,52372.06,2182.180,1615252499999,113972259.00029,27223,1242.667,64910220.23234,0
1615252500000,52372.05,53144.70,52370.15,53016.00,7627.492,1615253399999,402640902.99306,86824,4576.942,241681897.12027,0
1615253400000,53016.01,53672.30,53016.00,53385.14,10158.268,1615254299999,542232307.85187,106810,5477.803,292377671.03648,0
1615254300000,53385.13,53822.00,53272.83,53638.46,6936.472,1615255199999,371861087.65314,73488,3268.408,175253239.83951,0
1615255200000,53638.46,53760.00,53300.00,53481.71,4289.145,1615256099999,229479582.10856,46453,1817.544,97251905.80273,0
1615256100000,53481.71,53799.00,53418.92,53731.00,2740.935,1615256999999,146872424.60388,32481,1513.799,81137543.81722,0
1615257000000,53731.00,53860.00,53480.00,53686.92,3251.425,1615257899999,174438758.00539,35695,1619.969,86926467.72848,0
1615257900000,53686.92,53744.35,53444.88,53636.97,2744.667,1615258799999,147078423.13436,29529,1317.198,70595989.43794,0
1615258800000,53636.98,53747.00,53500.00,53548.10,1977.936,1615259699999,106052939.95882,24609,951.609,51021341.20024,0
1615259700000,53548.10,53947.92,53548.09,53862.64,3168.713,1615260599999,170496284.69389,38232,1800.302,96867551.47271,0
1615260600000,53862.64,54188.49,53775.12,53887.67,5974.987,1615261499999,322494722.00393,64647,3097.696,167239119.33681,0
1615261500000,53887.67,53980.00,53744.31,53877.22,3555.125,1615262399999,191454654.91822,35249,1538.893,82888969.09018,0
1615262400000,53876.30,53970.00,53558.19,53558.19,3094.197,1615263299999,166425360.81010,37979,1315.962,70806175.70856,0
1615263300000,53558.19,53922.91,53537.23,53921.50,2748.225,1615264199999,147691318.90380,31309,1559.551,83824458.93568,0
1615264200000,53921.50,54046.00,53777.00,53960.01,2188.519,1615265099999,117973152.75608,26810,1112.946,60001502.06234,0
1615265100000,53960.00,54108.00,53710.01,53736.29,2897.112,1615265999999,156180788.14521,31088,1255.740,67731992.52346,0
1615266000000,53736.30,54080.00,53736.29,53975.85,2186.356,1615266899999,117907267.63885,24688,1199.662,64677568.42359,0
1615266900000,53975.85,54483.65,53919.22,54266.56,5431.186,1615267799999,294827106.45281,57720,3023.194,164128642.81439,0
1615267800000,54262.94,54339.00,54107.96,54170.72,2842.826,1615268699999,154078860.85725,31139,1291.349,69994488.16990,0
1615268700000,54170.72,54317.69,54086.43,54285.64,1842.494,1615269599999,99834535.40474,23221,900.272,48788748.86412,0
1615269600000,54285.64,54500.00,54234.68,54285.19,4134.693,1615270499999,224833973.92124,42237,1996.299,108573741.46274,0
1615270500000,54285.18,54420.75,54104.23,54109.15,2426.279,1615271399999,131602919.16536,28461,1076.263,58383728.61998,0
1615271400000,54109.15,54272.90,54071.00,54104.04,1860.532,1615272299999,100781233.29639,23946,904.387,48996276.13925,0
1615272300000,54104.04,54141.19,53780.01,53901.28,4644.936,1615273199999,250422910.05943,47662,1995.208,107575500.66123,0
1615273200000,53902.58,53944.92,53579.00,53840.00,4419.024,1615274099999,237527587.85040,44653,1932.018,103853174.56754,0
1615274100000,53839.99,53884.00,53707.70,53836.58,2026.275,1615274999999,109040930.92743,23400,1047.117,56356909.92497,0
1615275000000,53836.58,53847.64,53571.16,53731.98,2200.324,1615275899999,118207704.04409,26148,1067.516,57354410.28771,0
1615275900000,53731.98,53945.00,53444.00,53602.41,3633.242,1615276799999,195127724.50246,40960,1702.515,91477429.07021,0
1615276800000,53602.41,53830.69,53322.85,53776.61,4378.016,1615277699999,234683381.32120,46944,2081.617,111638001.21481,0
1615277700000,53776.61,54135.00,53691.62,53927.50,5024.608,1615278599999,271152077.67000,47863,2751.591,148464486.50673,0
1615278600000,53925.05,54248.76,53830.44,53999.41,4000.027,1615279499999,216190825.16063,42052,2142.016,115775489.52427,0
1615279500000,53999.44,54113.67,53882.00,54079.82,2523.098,1615280399999,136235506.95592,26090,1087.325,58723853.72173,0
1615280400000,54079.82,54261.98,54058.00,54107.24,2683.864,1615281299999,145349200.96603,33299,1177.995,63808915.23652,0
1615281300000,54107.24,54162.81,53921.00,53984.90,1941.699,1615282199999,104924978.76494,23201,927.723,50136973.74779,0
1615282200000,53984.91,54348.99,53979.12,54270.10,3068.690,1615283099999,166407410.43541,36173,1787.073,96916384.77702,0
1615283100000,54270.10,54344.34,54080.51,54158.74,2497.442,1615283999999,135355974.40741,27543,1327.294,71951621.52964,0
1615284000000,54158.74,54422.37,54144.71,54318.00,4533.599,1615284899999,246117141.23199,46860,2275.458,123538224.83615,0
1615284900000,54317.99,54331.97,54180.00,54203.68,2009.259,1615285799999,108979097.48042,22795,899.567,48793251.37084,0
1615285800000,54203.67,54213.25,53950.28,54117.16,2578.919,1615286699999,139438603.14674,32080,1144.600,61888748.23182,0
1615286700000,54117.00,54285.00,54060.22,54235.72,1686.304,1615287599999,91368502.92651,22250,793.393,42989712.26596,0
1615287600000,54235.71,54362.39,54102.04,54224.32,2184.855,1615288499999,118553560.32193,25422,986.046,53511573.03244,0
1615288500000,54224.32,54301.35,54050.00,54110.01,1449.383,1615289399999,78505615.80553,20244,697.753,37796964.87970,0
1615289400000,54110.02,54265.19,53986.00,54238.79,2067.496,1615290299999,111884814.89769,25629,1049.721,56809933.54708,0
1615290300000,54238.80,54360.00,54100.00,54299.99,2508.732,1615291199999,136150894.02906,27123,1216.290,66012997.75312,0
1615291200000,54300.00,54300.00,54084.46,54154.99,1886.749,1615292099999,102237897.56160,27081,872.489,47280403.72003,0
1615292100000,54155.00,54250.00,54050.00,54197.99,1537.235,1615292999999,83242162.28722,22377,768.200,41604744.65306,0
1615293000000,54197.99,54208.00,53707.61,53930.00,4116.196,1615293899999,222018171.86829,47865,1718.292,92691943.40946,0
1615293900000,53930.00,53935.85,53621.00,53801.03,3906.466,1615294799999,210156473.02091,44154,1679.747,90376619.97375,0
1615294800000,53801.03,53928.37,53728.83,53894.52,2244.858,1615295699999,120917692.12154,24916,1097.598,59125385.40195,0
1615295700000,53894.52,54200.00,53894.51,54116.01,3665.882,1615296599999,198241362.22428,39757,2051.074,110901610.17890,0
1615296600000,54116.01,54623.00,54116.01,54544.04,5902.718,1615297499999,321131366.67104,65621,3427.631,186489745.04760,0
1615297500000,54535.08,54844.78,54535.08,54812.39,6206.669,1615298399999,339558032.48733,71178,3522.252,192693436.84418,0
1615298400000,54812.40,54815.97,54486.50,54611.86,4292.058,1615299299999,234454841.93593,49962,1799.510,98306544.37673,0
1615299300000,54611.87,54743.63,54407.40,54612.53,6454.001,1615300199999,352026967.01212,57306,3099.385,169090000.05113,0
1615300200000,54612.53,54700.00,54452.00,54464.28,2658.442,1615301099999,145059954.80647,32677,1307.389,71346018.94061,0
1615301100000,54464.29,54760.00,54433.22,54533.01,2774.106,1615301999999,151442676.68589,33890,1327.648,72487327.04646,0
1615302000000,54537.54,54561.22,54249.55,54313.92,3282.605,1615302899999,178637867.84716,39700,1423.502,77475510.24325,0
1615302900000,54313.92,54458.02,54168.93,54425.00,2849.305,1615303799999,154809997.65020,33792,1574.080,85538546.11218,0
1615303800000,54425.00,54433.72,54265.08,54275.18,1654.508,1615304699999,89905482.09444,21672,762.948,41456254.06780,0
1615304700000,54275.18,54317.13,53880.00,54127.61,4691.465,1615305599999,253657796.28021,50593,2186.034,118213094.78825,0
1615305600000,54127.61,54315.58,53850.00,53880.96,4381.080,1615306499999,236991306.32197,53566,1825.371,98766485.44480,0
1615306500000,53880.95,54108.52,53801.01,54053.24,2533.021,1615307399999,136755322.71835,32530,1232.663,66551148.18658,0
1615307400000,54053.24,54376.79,53986.49,54295.60,3008.711,1615308299999,163210626.95558,33850,1624.282,88104682.26693,0
1615308300000,54295.60,54389.00,54123.01,54139.91,1624.313,1615309199999,88111847.75071,21309,764.951,41504226.01194,0
1615309200000,54139.91,54320.00,54046.56,54191.58,1703.869,1615310099999,92340789.57909,23792,774.521,41979262.45454,0
1615310100000,54191.59,54234.80,54017.54,54111.90,1409.953,1615310999999,76288714.07889,20458,639.740,34613576.54464,0
1615311000000,54111.89,54111.89,53868.00,53961.68,2309.230,1615311899999,124618511.74361,26493,981.489,52970072.04406,0
1615311900000,53961.68,54030.90,53806.56,53845.57,1406.733,1615312799999,75848571.92825,20559,636.136,34304186.71926,0
1615312800000,53845.57,54025.26,53653.00,53931.51,2788.525,1615313699999,150133142.68198,33237,1322.562,71229924.33035,0
1615313700000,53931.51,54082.92,53817.00,53947.00,1684.367,1615314599999,90904806.98890,21304,762.525,41159890.68235,0
1615314600000,53947.63,54060.00,53814.93,53890.00,1615.259,1615315499999,87117312.49661,20433,727.221,39224110.46728,0
1615315500000,53890.01,54040.00,53661.00,53926.29,2264.488,1615316399999,121918138.12023,29951,1019.737,54907626.99386,0
1615316400000,53926.28,54083.26,53840.03,53965.13,1842.847,1615317299999,99433647.54908,23295,966.466,52152383.67026,0
1615317300000,53965.13,54277.09,53919.76,54058.10,2339.063,1615318199999,126525538.73423,28347,1262.293,68280486.60635,0
1615318200000,54058.09,54158.20,53865.04,54138.36,1658.501,1615319099999,89594661.74455,22308,866.685,46829767.30534,0
1615319100000,54141.52,54220.00,54080.28,54143.10,1331.266,1615319999999,72085596.65024,19590,677.412,36683328.37525,0
1615320000000,54143.11,54309.74,54083.26,54181.48,1472.662,1615320899999,79829876.52229,19717,751.786,40754782.01168,0
1615320900000,54181.48,54493.83,54115.00,54448.09,1962.451,1615321799999,106597592.41088,27319,963.100,52321259.99386,0
1615321800000,54448.08,54632.21,54420.00,54470.20,2408.205,1615322699999,131318560.31085,31801,1062.614,57955508.29711,0
1615322700000,54470.19,54511.00,54310.00,54358.96,1636.647,1615323599999,89035841.32923,22898,739.725,40243115.83488,0
1615323600000,54360.00,54400.00,54230.25,54285.82,1209.745,1615324499999,65694761.39897,19258,575.805,31272188.60832,0
1615324500000,54285.83,54337.54,54051.01,54070.84,1566.920,1615325399999,84922016.44382,23796,636.069,34478947.94626,0
1615325400000,54070.85,54250.00,53924.67,54218.04,2389.239,1615326299999,129168912.40395,30557,1338.794,72392833.92326,0
1615326300000,54218.04,54569.00,54193.51,54343.58,2664.727,1615327199999,144905570.96014,35244,1300.262,70715496.08270,0
1615327200000,54343.57,54500.00,54313.04,54480.66,1308.265,1615328099999,71213363.55712,17575,660.285,35939663.32526,0
1615328100000,54480.65,54480.66,54278.62,54297.86,928.843,1615328999999,50519847.82465,16102,419.013,22791914.25440,0
1615329000000,54297.86,54489.00,54180.00,54429.78,1500.891,1615329899999,81541034.22113,21312,825.084,44826451.76017,0
1615329900000,54429.77,54948.00,54400.00,54858.99,5030.200,1615330799999,275338161.05273,58109,2716.738,148765091.28767,0
1615330800000,54859.00,54896.25,54620.72,54850.00,2164.045,1615331699999,118488460.21800,31628,1061.998,58152946.41343,0
1615331700000,54850.34,54857.93,54670.00,54691.32,1751.557,1615332599999,95934460.97189,21912,813.073,44539403.50265,0
1615332600000,54694.98,54744.10,54528.33,54662.28,1777.858,1615333499999,97125678.15498,25063,866.393,47335693.49016,0
1615333500000,54662.29,54950.00,54592.71,54917.78,2391.825,1615334399999,131036814.51537,29439,1346.891,73804548.07024,0
1615334400000,54917.78,55300.00,54800.00,55219.74,11447.496,1615335299999,629870723.19461,100121,5715.301,314607290.96493,0
1615335300000,55216.81,55794.32,55160.23,55743.63,7597.276,1615336199999,422085020.51974,80544,4497.078,249860718.43319,0
1615336200000,55739.35,55867.67,55524.71,55714.76,3468.827,1615337099999,193201171.40366,40252,1612.651,89834587.92231,0
1615337100000,55714.76,55735.82,55516.17,55570.36,2478.417,1615337999999,137827177.57783,28792,1175.825,65391929.09312,0
1615338000000,55570.09,55890.00,55510.00,55560.50,3488.417,1615338899999,194314087.74137,39348,1800.902,100349377.94018,0
1615338900000,55560.50,55736.09,55440.51,55450.16,2168.461,1615339799999,120516905.13587,28555,946.927,52636218.66935,0
1615339800000,55450.16,55525.66,54699.43,54882.44,6708.889,1615340699999,369639996.07297,73224,2759.403,152023313.54209,0
1615340700000,54889.54,54891.96,54538.25,54733.70,4354.457,1615341599999,238265152.50686,49893,2229.994,122038017.57515,0
1615341600000,54733.70,54733.71,53311.61,53842.18,16885.667,1615342499999,910884000.48454,149852,7054.067,380583698.50687,0
1615342500000,53842.19,54400.00,53767.68,54118.63,7799.534,1615343399999,421994248.80189,68718,4609.253,249467465.03340,0
1615343400000,54117.30,54141.74,53769.91,53807.01,3762.063,1615344299999,203007910.89079,41511,1608.103,86793460.13760,0
1615344300000,53807.00,54088.66,53800.77,54014.99,2289.998,1615345199999,123586821.61892,27426,1213.916,65509149.28852,0
1615345200000,54015.00,54200.00,53815.00,53910.65,3104.413,1615346099999,167705466.43565,34902,1498.340,80966047.70709,0
1615346100000,53910.64,54080.14,53641.66,53840.01,3283.550,1615346999999,176803577.84134,35573,1570.789,84598219.03448,0
1615347000000,53842.48,53961.99,53460.00,53561.93,3378.300,1615347899999,181378581.35216,37544,1435.806,77092911.71234,0
1615347900000,53561.93,53706.85,53229.24,53557.15,5331.512,1615348799999,284923016.74091,52601,2669.203,142674841.09467,0
1615348800000,53557.14,53711.00,53424.86,53611.39,2453.332,1615349699999,131499936.73039,31088,1200.812,64372994.01341,0
1615349700000,53611.39,53744.80,53462.32,53530.58,2681.303,1615350599999,143734420.63020,26676,1124.364,60301303.87915,0
1615350600000,53533.60,53746.21,53408.94,53666.80,2110.619,1615351499999,113165072.03946,25290,1145.854,61448209.07956,0
1615351500000,53673.20,53880.00,53558.18,53700.00,2982.539,1615352399999,160219043.87555,26438,1929.054,103634543.12787,0
1615352400000,53700.00,53701.99,53061.00,53278.19,4334.337,1615353299999,231428022.74213,46255,1592.521,85047707.88270,0
1615353300000,53278.18,53737.37,53271.11,53653.12,2693.397,1615354199999,144215430.19778,32020,1495.408,80073770.69901,0
1615354200000,53653.12,53736.66,53536.88,53697.49,2185.359,1615355099999,117279845.65244,22075,1133.233,60823852.30472,0
1615355100000,53697.50,53726.23,53600.00,53696.32,1658.751,1615355999999,89042527.94534,17103,710.953,38170825.39093,0
1615356000000,53696.32,53750.00,53561.24,53671.45,2199.586,1615356899999,118060336.58063,21141,1194.316,64111773.89670,0
1615356900000,53671.45,53879.14,53600.00,53855.78,2033.852,1615357799999,109273460.39403,21243,1096.900,58942657.39735,0
1615357800000,53853.75,54050.00,53824.45,54018.59,3067.640,1615358699999,165490990.04373,30147,1698.338,91624710.97936,0
1615358700000,54014.34,54100.00,53755.02,53896.86,2934.932,1615359599999,158334439.52830,30587,1337.847,72194025.45096,0
1615359600000,53896.85,54079.50,53869.02,53954.32,1616.676,1615360499999,87272338.50330,20823,762.815,41179201.51185,0
1615360500000,53954.32,54258.70,53954.31,54197.53,2589.290,1615361399999,140201512.25013,27946,1498.918,81161837.36135,0
1615361400000,54197.52,54335.63,54162.07,54298.92,2049.751,1615362299999,111198025.26439,24836,1048.372,56878595.39905,0
1615362300000,54298.92,54441.63,54172.64,54190.90,2362.420,1615363199999,128292778.38822,27860,1024.435,55647923.90392,0
1615363200000,54202.10,54581.77,54076.47,54525.48,4236.974,1615364099999,230405096.80312,47400,2204.632,119943401.16489,0
1615364100000,54525.15,54674.85,54473.50,54485.08,2532.372,1615364999999,138237503.97221,31573,1164.580,63580143.20240,0
1615365000000,54485.08,54629.05,54430.00,54565.72,1795.938,1615365899999,97933327.04945,22218,872.742,47590805.90394,0
1615365900000,54565.72,54769.13,54534.28,54662.89,2293.684,1615366799999,125423006.80824,29204,1166.745,63806948.87200,0
1615366800000,54662.90,54741.61,54340.00,54369.42,2906.167,1615367699999,158509162.48263,33637,1144.176,62424459.95448,0
1615367700000,54370.11,54888.00,54370.11,54840.17,3450.030,1615368599999,188713297.21338,38575,2071.481,113319560.11087,0
1615368600000,54839.56,55518.36,54835.96,55290.86,7788.769,1615369499999,429885295.79706,81567,4239.272,233960679.22545,0
1615369500000,55291.91,55335.83,55020.00,55282.48,3305.013,1615370399999,182412080.82453,40227,1570.762,86710930.79676,0
1615370400000,55282.48,55443.00,54980.00,55017.44,4003.359,1615371299999,220817364.81161,45421,1774.759,97899850.93608,0
1615371300000,55017.44,55167.03,54761.00,55011.94,3707.509,1615372199999,203816189.68981,41048,1593.183,87614553.34763,0
1615372200000,55011.94,55070.60,54810.74,55030.01,2763.229,1615373099999,151895482.97718,29751,1365.687,75087863.34411,0
1615373100000,55030.01,55195.10,54800.00,54908.44,2567.438,1615373999999,141251348.53478,33110,1169.932,64388155.20764,0
1615374000000,54908.44,55055.00,54580.00,54923.85,4410.612,1615374899999,241594385.15688,49613,2041.172,111831255.87326,0
1615374900000,54924.06,55050.00,54660.54,54855.59,2855.279,1615375799999,156663452.98034,33262,1342.559,73671678.92861,0
1615375800000,54855.59,54954.18,54750.00,54843.53,1813.197,1615376699999,99427335.67382,23052,812.562,44560396.93412,0
1615376700000,54844.00,55036.25,54713.00,54924.75,2330.894,1615377599999,127967124.28997,27207,1210.733,66479474.27459,0
1615377600000,54927.99,55337.88,54910.00,54980.89,4378.483,1615378499999,241354566.06507,51884,2191.987,120829250.37713,0
1615378500000,54980.89,55293.65,54899.75,55084.32,3462.289,1615379399999,190875235.27881,38067,1820.524,100369021.41339,0
1615379400000,55084.33,55591.15,55084.32,55341.50,5087.075,1615380299999,281764133.33356,58715,2672.075,148012263.44096,0
1615380300000,55341.50,55533.00,55210.00,55279.99,2401.513,1615381199999,132957273.87252,31210,1134.708,62835154.08071,0
1615381200000,55277.06,55759.50,55194.00,55687.16,5673.675,1615382099999,315200441.66794,63306,3105.225,172513327.38666,0
1615382100000,55687.16,55786.94,55480.98,55612.41,3479.329,1615382999999,193566046.33892,40789,1673.512,93118956.28660,0
1615383000000,55612.41,56262.65,55612.40,56100.09,9357.133,1615383899999,524271309.15391,102209,5271.166,295295916.15245,0
1615383900000,56100.09,56437.95,55949.73,56336.37,5707.465,1615384799999,320911634.15962,68157,3011.966,169382395.97178,0
1615384800000,56336.37,56449.85,55830.00,56074.64,6463.639,1615385699999,362530808.02703,73477,2841.477,159390921.35903,0
1615385700000,56074.64,56187.25,55928.71,56049.75,2836.520,1615386599999,158943497.28790,39945,1404.896,78735165.42142,0
1615386600000,56049.99,56304.68,55965.20,56288.00,3264.208,1615387499999,183321553.22752,41334,1754.012,98519880.56917,0
1615387500000,56287.99,56463.50,55926.06,56136.55,5373.062,1615388399999,301829712.43421,61563,2544.002,142936287.43879,0
1615388400000,56136.55,56400.00,56079.60,56294.82,3448.626,1615389299999,194069097.56329,45075,1652.758,93010500.69131,0
1615389300000,56294.82,56592.18,56255.00,56255.78,4959.683,1615390199999,279764828.70220,57178,2514.111,141856102.76212,0
1615390200000,56255.79,56301.86,56005.00,56137.67,4480.132,1615391099999,251534830.24263,47417,2015.149,113154273.07915,0
1615391100000,56137.67,56439.00,56102.10,56373.52,3457.174,1615391999999,194604348.03215,37861,1923.564,108277612.02767,0
1615392000000,56374.82,56535.88,56152.32,56423.50,4936.311,1615392899999,278202851.72616,60431,2400.187,135290708.86016,0
1615392900000,56423.49,56469.87,56161.10,56330.42,2654.755,1615393799999,149434283.31472,33123,1289.506,72588278.05593,0
1615393800000,56333.53,56718.00,56333.53,56597.17,5716.645,1615394699999,323432752.62761,62334,3018.060,170785877.30552,0
1615394700000,56595.02,57197.63,56581.14,57115.50,9243.396,1615395599999,526247142.08533,90258,5350.733,304646121.89971,0
1615395600000,57115.50,57220.00,56760.00,56911.28,6313.042,1615396499999,359738995.49494,68982,2703.317,154067842.12897,0
1615396500000,56911.29,57140.00,56865.06,56985.14,3062.438,1615397399999,174568211.47208,37118,1547.475,88221211.86604,0
1615397400000,56985.14,57145.00,56405.20,56599.98,7510.348,1615398299999,425970423.97308,76872,3240.396,183803349.66677,0
1615398300000,56599.98,57044.75,56599.98,56933.32,3654.134,1615399199999,207820801.90753,46231,1839.511,104610828.11147,0
1615399200000,56933.32,57082.74,56813.13,56912.82,2795.636,1615400099999,159177399.75640,34177,1414.746,80563741.99733,0
1615400100000,56912.82,56970.02,56623.80,56796.50,4146.264,1615400999999,235388294.67393,43323,1914.683,108708828.01755,0
1615401000000,56794.74,57250.00,56793.64,56964.36,3999.783,1615401899999,228057142.02037,43499,2199.394,125425724.37780,0
1615401900000,56964.37,56968.90,56650.00,56807.42,3021.304,1615402799999,171588234.43572,34089,1321.543,75058859.40068,0
1615402800000,56807.41,57400.00,56650.02,57356.49,6395.598,1615403699999,364640420.81134,60660,3243.833,185056562.89634,0
1615403700000,57356.47,57500.92,57025.84,57100.01,5529.542,1615404599999,316825999.33937,60516,2664.338,152736735.22131,0
1615404600000,57100.00,57199.49,56850.00,56879.96,3325.282,1615405499999,189631407.06529,37388,1715.568,97855051.48277,0
1615405500000,56880.42,57134.17,56716.31,56831.08,2751.313,1615406399999,156597501.28550,34643,1383.368,78752207.10066,0
1615406400000,56824.98,56950.00,56565.74,56790.32,3905.318,1615407299999,221768760.93292,44007,1900.923,107959431.57586,0
1615407300000,56790.33,56825.24,56160.00,56658.99,6463.796,1615408199999,364930331.39745,69153,2634.607,148785074.45606,0
1615408200000,56659.00,56659.00,56110.20,56125.11,4743.801,1615409099999,267342536.28329,53474,1911.295,107729050.45375,0
1615409100000,56113.44,56561.99,56113.05,56338.45,3822.131,1615409999999,215433494.02817,45961,1918.911,108176047.83524,0
1615410000000,56338.45,56340.65,55613.41,55735.10,8252.776,1615410899999,461260236.99738,94968,3613.623,201961938.43199,0
1615410900000,55735.29,56555.00,55732.27,56482.41,4612.531,1615411799999,259025467.14077,57189,2664.151,149619777.23904,0
1615411800000,56482.41,56898.00,56409.24,56474.38,5403.645,1615412699999,306077862.97626,59619,2655.657,150445820.27917,0
1615412700000,56475.21,57140.00,56475.20,57002.56,4309.009,1615413599999,244905742.13020,46086,2373.075,134885000.09992,0
1615413600000,57003.62,57317.00,56757.05,56832.53,4850.346,1615414499999,276556323.02171,56799,2333.136,133065650.03381,0
1615414500000,56832.63,56997.33,56579.07,56778.32,3032.496,1615415399999,172165789.69736,36197,1446.012,82114693.57209,0
1615415400000,56778.29,57178.00,56770.48,57032.60,2435.826,1615416299999,138808691.67750,37789,1246.813,71053615.25995,0
1615416300000,57032.59,57103.30,56858.00,56988.53,1419.738,1615417199999,80904020.59159,23430,657.250,37452538.50898,0
1615417200000,56988.54,57032.53,55928.15,56532.48,8899.874,1615418099999,501933674.26662,96423,4182.247,235882543.42451,0
1615418100000,56532.47,56537.23,56100.00,56186.82,3161.161,1615418999999,178170911.80534,39089,1314.534,74105627.00665,0
1615419000000,56186.82,56317.25,55900.00,56188.56,3616.854,1615419899999,202954561.60625,47090,1815.067,101866111.72197,0
1615419900000,56188.10,56438.68,55890.86,55947.98,3082.869,1615420799999,173142500.73922,40729,1449.047,81411494.56585,0
1615420800000,55949.30,56273.11,55565.01,56153.81,6179.750,1615421699999,345488588.07992,76865,2940.773,164490614.93128,0
1615421700000,56153.81,56555.00,56153.81,56478.69,3146.634,1615422599999,177378735.54936,39992,1693.344,95465632.97136,0
1615422600000,56478.63,56604.75,55935.08,56131.49,2430.860,1615423499999,136751239.89991,37342,1032.332,58078294.08997,0
1615423500000,56132.40,56265.53,55621.00,55710.66,4384.464,1615424399999,244898670.32353,53292,2070.229,115671601.44223,0
1615424400000,55710.65,55897.56,55262.94,55457.43,6532.601,1615425299999,362510304.50021,72284,2640.442,146574086.11259,0
1615425300000,55457.43,55647.86,55275.00,55489.06,2699.737,1615426199999,149723237.80571,36760,1349.666,74864348.02728,0
1615426200000,55491.01,55767.67,55485.70,55652.87,2346.822,1615427099999,130652507.66192,30079,1298.474,72289492.91771,0
1615427100000,55652.87,56050.00,55652.86,55863.47,2459.511,1615427999999,137416643.01957,30414,1385.081,77386808.81093,0
1615428000000,55863.48,56179.72,55732.18,56030.19,2471.440,1615428899999,138358875.58927,30820,1200.000,67201987.51510,0
1615428900000,56030.19,56329.28,55961.39,56247.84,2062.020,1615429799999,115815035.81992,26768,1115.576,62663337.41660,0
1615429800000,56247.84,56292.69,56070.00,56106.71,1612.631,1615430699999,90586769.93450,20901,627.242,35240903.56306,0
1615430700000,56108.49,56422.75,55912.97,56402.72,2649.529,1615431599999,148670881.36055,30169,1356.007,76138259.09019,0
1615431600000,56402.72,56564.81,56157.31,56287.39,2668.107,1615432499999,150413850.46931,32721,1151.659,64934130.86711,0
1615432500000,56287.39,56287.40,55932.61,56115.62,2010.501,1615433399999,112739508.15487,24357,914.729,51291621.74956,0
1615433400000,56115.62,56115.62,55682.00,55834.98,2910.248,1615434299999,162452643.87648,33068,1202.829,67147650.68367,0
1615434300000,55834.98,56083.23,55800.00,56083.22,1859.666,1615435199999,104088010.78328,21613,983.358,55042925.64786,0
1615435200000,56083.22,56145.31,55711.00,56128.83,2409.061,1615436099999,134676543.37418,33260,1109.024,62010738.50533,0
1615436100000,56128.84,56146.93,55755.00,56013.84,1768.777,1615436999999,98955003.73433,25003,822.277,46000953.48436,0
1615437000000,56013.83,56260.59,55920.01,56041.51,2133.746,1615437899999,119694822.06920,24210,1093.008,61325654.73399,0
1615437900000,56041.82,56042.18,55736.11,55925.01,2057.015,1615438799999,114919724.00976,22589,873.665,48814362.13118,0
1615438800000,55925.00,55925.00,55533.84,55617.03,2549.864,1615439699999,141913899.01772,29508,1041.876,57991571.45336,0
1615439700000,55617.03,55737.15,55431.04,55723.37,2189.005,1615440599999,121666762.46284,25582,1129.770,62815104.57008,0
1615440600000,55723.37,55731.87,55333.00,55379.36,2363.621,1615441499999,131082584.81659,28560,973.649,53998920.65854,0
1615441500000,55379.36,55523.00,55283.87,55365.80,1913.800,1615442399999,106056142.26750,23509,890.685,49368378.70523,0
1615442400000,55365.80,55555.00,55100.00,55491.44,4163.023,1615443299999,230153081.22518,49287,2034.576,112517735.59072,0
1615443300000,55491.44,55686.35,55480.19,55616.83,1870.029,1615444199999,103992397.26202,23534,1008.242,56068757.07993,0
1615444200000,55616.82,55836.00,55441.05,55793.53,2377.056,1615445099999,132235193.18328,28556,1138.236,63336762.46434,0
1615445100000,55793.54,55800.00,55440.01,55634.85,1907.866,1615445999999,106063992.84274,23427,910.838,50634258.03693,0
1615446000000,55634.85,55639.98,55312.62,55639.98,2133.777,1615446899999,118313074.84861,29037,1062.114,58899861.16930,0
1615446900000,55639.84,55861.00,55512.68,55769.01,2306.119,1615447799999,128507743.55090,28114,1171.213,65272149.47185,0
1615447800000,55769.00,55769.01,55414.38,55541.10,2351.106,1615448699999,130682522.24215,27376,1107.826,61569194.82431,0
1615448700000,55541.11,55625.03,55050.00,55105.50,3212.314,1615449599999,177616166.59467,40456,1379.922,76311967.23755,0
1615449600000,55105.51,55200.00,54556.00,54683.08,10559.618,1615450499999,578864443.30055,118870,4465.452,244835668.06155,0
1615450500000,54683.08,54946.88,54356.44,54747.58,7082.156,1615451399999,386897613.16352,81686,3378.267,184633178.76012,0
1615451400000,54747.59,54957.10,54628.28,54879.80,2940.604,1615452299999,161315399.53940,36425,1651.495,90603554.00745,0
1615452300000,54879.79,55061.99,54620.00,54846.50,3770.581,1615453199999,206917332.18305,43562,1927.807,105821819.49411,0
1615453200000,54846.49,54905.71,54541.05,54815.24,3647.623,1615454099999,199585707.36936,44985,1724.538,94372940.55293,0
1615454100000,54815.23,55028.70,54748.91,54770.31,2366.637,1615454999999,129922948.33639,29465,1095.393,60140436.43267,0
1615455000000,54773.27,54946.90,54623.16,54657.94,2300.149,1615455899999,126035701.36260,29042,1125.663,61687119.90305,0
1615455900000,54657.94,54950.00,54505.35,54558.70,3692.543,1615456799999,201981839.85096,41573,1698.842,92933882.78587,0
1615456800000,54558.07,54927.14,54499.00,54906.49,3052.279,1615457699999,167074296.72607,39790,1657.414,90732681.71708,0
1615457700000,54906.49,55365.54,54756.00,55290.03,4567.215,1615458599999,251717475.08882,54044,2647.198,145908746.21018,0
1615458600000,55290.02,55300.00,55038.45,55179.64,2782.179,1615459499999,153484851.63204,35768,1335.739,73696484.32078,0
1615459500000,55179.64,55671.84,55161.64,55591.24,4827.079,1615460399999,267701056.16032,57539,2726.369,151213907.74357,0
1615460400000,55591.23,55822.38,55521.56,55637.63,5181.109,1615461299999,288437714.75916,58754,2315.343,128928010.98946,0
1615461300000,55637.23,55800.00,55455.00,55586.11,3050.815,1615462199999,169648698.54121,37644,1423.705,79191796.43072,0
1615462200000,55586.11,56073.89,55559.33,56036.81,3293.840,1615463099999,183865203.49123,42692,2085.157,116424455.27208,0
1615463100000,56036.81,56338.00,55874.07,56284.27,5741.103,1615463999999,322066419.10132,65955,3000.396,168376205.09251,0
1615464000000,56284.27,56500.00,56060.00,56222.04,5147.654,1615464899999,289640996.03544,61115,2571.375,144733520.28992,0
1615464900000,56222.04,56235.92,56020.45,56035.00,2634.054,1615465799999,147783762.87910,32041,1168.890,65581979.66292,0
1615465800000,56035.00,56200.00,55789.00,56073.02,4310.495,1615466699999,241255963.30396,46843,1844.410,103272134.10570,0
1615466700000,56073.03,56500.00,56010.00,56347.22,4602.030,1615467599999,259127890.35275,50759,2535.182,142757255.85089,0
1615467600000,56347.22,56850.00,56340.77,56762.10,5710.665,1615468499999,323287298.91385,65571,2939.068,166406865.80728,0
1615468500000,56761.11,56925.07,56666.00,56693.26,4204.391,1615469399999,238807400.06249,47128,1975.728,112231574.47366,0
1615469400000,56688.62,56810.00,56538.39,56704.00,3286.243,1615470299999,186304522.71464,38581,1605.014,91010892.97806,0
1615470300000,56703.99,57111.61,56653.38,57002.72,5186.064,1615471199999,295197915.09181,57868,2860.651,162852038.54697,0
1615471200000,57002.71,57250.00,56995.01,57243.08,4771.680,1615472099999,272622666.43370,59118,2315.927,132336423.10529,0
1615472100000,57243.08,57312.84,56781.80,57040.85,6319.779,1615472999999,360385650.43893,70096,2957.132,168691093.88047,0
1615473000000,57039.86,57178.75,56694.59,56814.05,4817.871,1615473899999,274201348.59627,58743,2097.025,119382529.61906,0
1615473900000,56817.98,57000.00,56550.00,56913.75,5411.683,1615474799999,307011314.58890,60098,2592.611,147134039.13338,0
1615474800000,56913.74,57199.00,56720.00,56757.77,5809.695,1615475699999,331373247.89032,61101,2854.850,162864185.98701,0
1615475700000,56761.74,56912.00,56572.87,56794.36,4226.499,1615476599999,239833539.52613,51970,1912.870,108566164.13274,0
1615476600000,56794.35,56794.35,55900.00,56313.85,10885.733,1615477499999,612940740.58315,112889,4862.897,273792897.72579,0
1615477500000,56313.85,56485.39,56005.98,56429.56,4573.790,1615478399999,257283314.66947,49984,2261.944,127249633.75826,0
1615478400000,56431.36,56850.00,56431.36,56832.63,6637.371,1615479299999,376100801.88195,74535,3427.557,194239142.43203,0
1615479300000,56832.63,57000.00,56610.00,56964.38,3866.549,1615480199999,219652111.43553,44252,1837.322,104408339.32212,0
1615480200000,56964.38,57120.00,56817.99,56882.52,3767.583,1615481099999,214647334.90725,47710,1781.577,101513877.80037,0
1615481100000,56883.86,56997.86,56633.78,56944.14,2907.613,1615481999999,165133049.83181,37035,1342.071,76241730.50513,0
1615482000000,56944.15,57146.13,56647.39,56746.81,3505.561,1615482899999,199398295.66421,45415,1724.491,98113233.41941,0
1615482900000,56746.80,56830.04,56342.00,56516.56,3556.073,1615483799999,201095509.90861,43569,1595.560,90233974.22486,0
1615483800000,56516.32,57098.00,56505.10,56905.01,4855.966,1615484699999,276158931.81366,49224,2727.468,155051243.73830,0
1615484700000,56904.77,57049.00,56702.50,56862.79,3106.902,1615485599999,176775248.10028,38153,1556.525,88565491.87462,0
1615485600000,56862.68,57000.00,56600.00,56698.18,3257.803,1615486499999,185037903.79879,37914,1536.699,87285726.65390,0
1615486500000,56698.18,57237.00,56698.17,57130.15,3538.377,1615487399999,201790589.27314,46178,1912.586,109072910.95048,0
1615487400000,57130.14,57745.79,57052.89,57561.87,9144.030,1615488299999,525616022.82225,101526,5266.780,302774831.75144,0
1615488300000,57558.87,57838.43,57445.61,57632.05,5886.640,1615489199999,339393326.73377,64678,3106.987,179179880.74891,0
1615489200000,57632.04,57786.03,57400.00,57425.56,2800.999,1615490099999,161264710.95124,37877,1223.204,70446375.65153,0
1615490100000,57425.56,57495.04,57084.62,57413.67,4543.259,1615490999999,260379641.44828,51071,2192.340,125671607.55161,0
1615491000000,57419.80,57454.01,57210.16,57360.01,2110.296,1615491899999,120964748.18077,26926,1009.345,57863415.14442,0
1615491900000,57362.04,57457.50,56632.28,56904.92,4549.263,1615492799999,259553966.88634,46974,1773.272,101256060.49009,0
1615492800000,56906.17,57358.00,56610.00,56939.60,6027.552,1615493699999,343609975.60401,77337,2906.014,165708755.74096,0
1615493700000,56939.61,57449.00,56916.10,57399.03,3034.645,1615494599999,173544334.91369,40434,1750.565,100133284.37747,0
1615494600000,57398.69,57583.98,57172.00,57488.39,3531.189,1615495499999,202692894.19045,44741,1850.173,106234665.29724,0
1615495500000,57488.39,57700.00,57455.24,57537.47,2630.074,1615496399999,151491294.32918,38602,1218.608,70202266.12166,0
1615496400000,57538.15,58054.30,57538.14,57919.25,7142.014,1615497299999,413325332.26851,81280,3606.745,208759877.21462,0
1615497300000,57915.18,57972.82,57726.00,57906.37,3225.243,1615498199999,186543524.25647,41816,1687.063,97592942.78853,0
1615498200000,57906.38,57940.00,57567.33,57780.28,2902.092,1615499099999,167606494.21901,37905,1305.505,75412761.96045,0
1615499100000,57780.28,57921.87,57300.00,57640.14,4364.864,1615499999999,251515617.48134,49844,1955.017,112692876.93330,0
1615500000000,57640.14,57918.67,57633.93,57823.47,2010.363,1615500899999,116159510.18174,29297,1184.045,68410316.89559,0
1615500900000,57826.51,58200.00,57681.50,57764.13,5155.748,1615501799999,298977308.30415,65199,2850.260,165336555.07773,0
1615501800000,57764.29,58050.00,57655.00,57719.11,3032.775,1615502699999,175332431.09218,38779,1469.850,84984662.02841,0
1615502700000,57719.11,58063.74,57524.71,57947.39,3527.896,1615503599999,203927029.77458,47699,1712.496,99010854.88046,0
1615503600000,57947.40,58283.00,57908.57,58004.90,4535.606,1615504499999,263500957.79705,59450,2202.349,127981885.61007,0
1615504500000,58003.05,58248.03,57851.28,58068.68,3407.042,1615505399999,197820043.17031,41156,1508.953,87628286.37438,0
1615505400000,58068.68,58124.20,57766.04,57806.94,2936.090,1615506299999,170035111.87897,36647,1370.039,79356825.52638,0
1615506300000,57806.95,57942.18,57655.44,57844.52,2299.284,1615507199999,132946055.33729,30988,974.996,56390125.12719,0
1615507200000,57842.64,58186.33,57526.00,57821.80,6827.374,1615508099999,395029311.25047,70213,3106.660,179849463.65980,0
1615508100000,57821.80,57961.86,57082.28,57139.68,6987.544,1615508999999,401307456.61803,76237,2895.305,166309322.27226,0
1615509000000,57149.99,57392.61,56837.85,57058.21,5776.174,1615509899999,329770632.01540,65542,2643.395,150979491.53654,0
1615509900000,57058.22,57596.00,57026.33,57443.17,3665.355,1615510799999,210228957.97279,43731,1928.604,110586612.91106,0
1615510800000,57443.17,57737.00,57231.28,57646.18,2760.624,1615511699999,158785260.18340,36862,1529.933,88020839.21145,0
1615511700000,57646.19,57672.57,57265.90,57474.21,2407.654,1615512599999,138272169.50673,30933,1079.665,61996532.33014,0
1615512600000,57474.21,57562.33,56903.71,57014.25,4355.440,1615513499999,248847742.18494,49607,1739.176,99386872.62310,0
1615513500000,57014.26,57261.76,56666.66,56983.86,4333.163,1615514399999,246886206.97917,46177,1978.396,112796668.05907,0
1615514400000,56983.86,57156.32,56781.94,56846.72,2482.703,1615515299999,141438430.60326,31872,1189.408,67770031.09427,0
1615515300000,56846.72,57031.65,56800.00,56914.63,1922.403,1615516199999,109414912.73730,26087,920.346,52386991.60569,0
1615516200000,56914.63,57110.27,56840.00,56980.38,1668.314,1615517099999,95127715.30127,23057,851.395,48552208.99512,0
1615517100000,56980.38,57191.64,56869.88,57030.56,1596.614,1615517999999,91115783.31126,22011,763.707,43592911.70965,0
1615518000000,57030.07,57162.27,56952.51,56965.78,1413.079,1615518899999,80645873.35613,19318,684.079,39049787.17409,0
1615518900000,56965.78,57233.00,56869.16,57164.46,1981.839,1615519799999,113070829.94899,24079,952.626,54373264.55514,0
1615519800000,57161.89,57374.13,57043.42,57077.14,1931.588,1615520699999,110532969.50469,23506,1052.687,60258475.58094,0
1615520700000,57077.14,57191.67,56939.00,57176.58,1505.527,1615521599999,85871708.14457,22547,791.348,45141263.69596,0
1615521600000,57176.59,57306.84,56575.51,56786.14,3675.585,1615522499999,209275880.51331,41521,1464.481,83426569.69262,0
1615522500000,56786.15,56838.23,56505.00,56691.43,2202.232,1615523399999,124843796.38789,28024,1041.046,59033569.84869,0
1615523400000,56696.49,56813.58,56604.16,56637.00,1464.443,1615524299999,83061001.59423,19266,767.575,43540194.46867,0
1615524300000,56637.00,56880.67,56612.01,56768.00,1269.342,1615525199999,72046134.62439,16448,699.640,39706571.90191,0
1615525200000,56768.01,56913.44,56723.64,56836.33,1111.155,1615526099999,63159596.44524,15449,547.683,31133885.86894,0
1615526100000,56836.33,56865.65,56400.00,56789.99,3684.794,1615526999999,208566479.65601,39453,1686.103,95474638.82171,0
1615527000000,56789.99,57125.00,56773.40,57035.30,2833.335,1615527899999,161449563.47003,31816,1626.149,92656818.79527,0
1615527900000,57035.31,57330.00,56978.00,57225.78,2555.890,1615528799999,146176660.36451,29022,1351.714,77312779.74502,0
1615528800000,57225.79,57494.02,57216.96,57322.97,2827.605,1615529699999,162172890.30276,32577,1390.223,79745499.88182,0
1615529700000,57322.97,57349.75,57159.67,57301.10,1771.940,1615530599999,101428258.14588,19550,752.064,43055643.59682,0
1615530600000,57301.10,57339.04,57101.00,57107.66,1694.634,1615531499999,96962091.21942,20361,698.602,39975789.16202,0
1615531500000,57107.65,57231.47,56960.00,57127.15,2131.465,1615532399999,121692675.85797,23840,951.865,54363784.64874,0
1615532400000,57127.15,57127.15,56720.00,56757.35,3065.892,1615533299999,174315373.11342,34620,1305.264,74216275.89285,0
1615533300000,56757.36,56905.91,56521.05,56810.24,3352.715,1615534199999,190151312.46325,36282,1696.025,96200259.88417,0
1615534200000,56810.24,56963.56,56664.00,56810.21,1975.706,1615535099999,112234225.25472,25479,1007.801,57259736.34419,0
1615535100000,56810.01,56900.00,56556.99,56718.79,2155.946,1615535999999,122289952.65487,26330,1075.917,61030033.24803,0
1615536000000,56714.76,56754.47,56304.08,56650.00,4748.613,1615536899999,268401371.73156,61287,1994.992,112796236.33039,0
1615536900000,56650.00,56689.98,56412.34,56622.59,2366.462,1615537799999,133858935.20096,34190,1284.066,72639864.50487,0
1615537800000,56622.59,56920.99,56526.71,56654.74,2740.436,1615538699999,155524396.80625,38004,1451.408,82380215.05796,0
1615538700000,56654.74,57159.36,56560.00,56573.44,4659.608,1615539599999,265102468.13334,53732,2395.275,136306744.58933,0
1615539600000,56565.24,56880.00,56423.17,56825.16,2855.594,1615540499999,161808953.53465,43724,1475.730,83636046.05355,0
1615540500000,56825.17,56836.00,56603.72,56736.37,1327.548,1615541399999,75272558.41327,23153,671.119,38054794.77594,0
1615541400000,56736.37,56736.37,56509.36,56585.63,2043.304,1615542299999,115669882.98806,26912,850.539,48150076.76567,0
1615542300000,56566.73,56640.07,56363.54,56599.85,2661.862,1615543199999,150378456.12197,35728,1282.468,72469534.43714,0
1615543200000,56599.85,56599.85,56205.00,56280.01,3789.739,1615544099999,213535002.69458,51119,1732.460,97626845.44527,0
1615544100000,56280.00,56280.01,55913.44,55935.80,5364.303,1615544999999,300855328.10383,64869,2012.237,112887491.49809,0
1615545000000,55927.84,56607.97,55888.00,56581.16,5745.953,1615545899999,323243711.00335,69835,3301.363,185742718.94162,0
1615545900000,56585.00,56934.64,56520.00,56762.42,4593.488,1615546799999,260552749.76836,56946,2393.374,135787109.00101,0
1615546800000,56762.42,57142.96,56606.68,57002.93,5411.770,1615547699999,308069159.50719,65807,2816.291,160349018.66753,0
1615547700000,57005.87,57005.87,56778.52,56895.06,2849.750,1615548599999,162086870.00943,34848,1301.416,74031885.74920,0
1615548600000,56895.05,56895.06,56526.56,56569.56,2824.895,1615549499999,160194687.90008,36900,902.161,51172063.67014,0
1615549500000,56569.56,56700.00,56400.00,56561.57,3930.793,1615550399999,222240131.36452,46878,2057.563,116359592.04791,0
1615550400000,56561.58,56915.66,56340.00,56592.59,4309.300,1615551299999,243987885.14541,53295,2333.441,132132574.85967,0
1615551300000,56592.60,56676.75,56389.78,56483.79,2401.226,1615552199999,135672982.16507,33153,1163.769,65767961.62259,0
1615552200000,56480.56,56605.20,56217.57,56598.84,3512.776,1615553099999,198103271.81666,43719,1753.555,98918770.85315,0
1615553100000,56593.74,56608.09,56352.09,56446.80,1856.041,1615553999999,104852823.23305,27952,971.664,54897538.09123,0
1615554000000,56446.63,56450.94,55440.00,55656.29,15453.557,1615554899999,862480389.40809,163660,6665.189,371958620.21420,0
1615554900000,55656.30,56037.65,55074.30,55320.93,11298.310,1615555799999,627408468.88018,125618,5138.601,285568329.87719,0
1615555800000,55320.92,55750.00,55203.74,55664.24,8993.784,1615556699999,499135984.66971,89026,4374.763,242838309.46650,0
1615556700000,55664.24,56079.20,55576.58,55759.23,5871.346,1615557599999,327728265.56419,65126,3108.798,173563158.21181,0
1615557600000,55758.79,55861.42,55440.00,55776.98,4951.790,1615558499999,275530464.13698,55663,2138.503,119033285.40577,0
1615558500000,55776.99,56138.00,55573.38,56032.69,4062.162,1615559399999,226967731.29220,51154,2275.846,127194256.50296,0
1615559400000,56031.40,56277.00,55876.00,56079.05,4516.738,1615560299999,253257633.71414,53636,2432.631,136432893.95985,0
1615560300000,56083.28,56276.90,55824.02,56276.17,2947.617,1615561199999,165165004.06285,41506,1580.960,88611098.80099,0
1615561200000,56275.89,56620.00,56080.00,56521.35,6335.420,1615562099999,357292502.23628,72107,3508.333,197854925.49429,0
1615562100000,56521.35,56529.84,56243.23,56281.06,3272.322,1615562999999,184469945.54383,39283,1464.019,82542885.08914,0
1615563000000,56281.07,56575.00,56230.00,56574.99,2660.139,1615563899999,150055012.46239,34182,1377.978,77736978.04263,0
1615563900000,56574.99,57172.00,56566.10,57014.47,8565.675,1615564799999,487857794.05839,95247,4643.206,264399793.84085,0
1615564800000,57007.49,57425.80,57007.49,57304.02,6981.258,1615565699999,399543736.55157,80730,3850.811,220412617.58679,0
1615565700000,57304.02,57689.72,57211.00,57659.00,6223.936,1615566599999,357542415.79524,71916,3303.214,189815358.47440,0
1615566600000,57662.34,57730.00,57404.17,57549.01,3557.420,1615567499999,204617911.08639,46018,1766.788,101635164.80939,0
1615567500000,57549.98,57670.00,57288.28,57442.69,3243.479,1615568399999,186351783.51946,40741,1535.251,88242467.69733,0
1615568400000,57442.70,57643.42,57325.51,57566.37,3164.160,1615569299999,181931415.75275,37410,1437.951,82688786.56157,0
1615569300000,57566.38,57687.50,57475.00,57584.84,2726.610,1615570199999,157034489.10948,32845,1452.572,83669576.25938,0
1615570200000,57584.84,57840.00,57500.00,57514.01,3835.540,1615571099999,221240963.19293,45507,2006.440,115773026.00026,0
1615571100000,57514.01,57530.47,57122.22,57253.93,5362.595,1615571999999,307366802.97400,54849,2161.511,123878557.72550,0
1615572000000,57253.94,57721.00,57150.00,57641.90,4561.023,1615572899999,262152262.04343,48534,2805.401,161245617.34994,0
1615572900000,57639.23,57732.15,57383.06,57414.46,2832.381,1615573799999,162958850.99311,34594,1222.747,70346736.08585,0
1615573800000,57413.90,57500.00,57311.99,57476.95,1715.260,1615574699999,98472441.76308,23438,830.718,47693492.92254,0
1615574700000,57477.93,57678.48,57256.00,57411.41,2649.144,1615575599999,152210221.49244,33256,1193.956,68622122.17546,0
1615575600000,57412.14,57606.95,57250.76,57362.99,2587.414,1615576499999,148511903.30176,34916,1240.106,71191909.57793,0
1615576500000,57362.99,57400.00,56750.00,56916.81,4948.245,1615577399999,282196597.11946,55505,1911.612,109034004.25877,0
1615577400000,56916.80,57291.71,56877.31,57150.13,3097.255,1615578299999,176901486.68603,44518,1573.397,89864152.38478,0
1615578300000,57151.26,57216.85,56928.56,57004.62,1867.181,1615579199999,106562456.60389,29412,1007.571,57501054.85356,0
1615579200000,57004.62,57214.35,56512.55,56756.89,5067.495,1615580099999,287718793.04263,62240,2312.468,131314283.86738,0
1615580100000,56756.89,56880.67,56450.00,56553.71,3451.546,1615580999999,195540311.47880,44108,1549.413,87800299.84764,0
1615581000000,56553.95,56764.65,56510.00,56527.39,2021.538,1615581899999,114527386.27583,28400,961.312,54466883.72361,0
1615581900000,56527.38,56800.00,56524.10,56735.09,1604.942,1615582799999,90997522.12821,23644,858.748,48693487.26922,0
1615582800000,56731.70,56824.88,56300.00,56573.49,3092.244,1615583699999,174821638.70459,39895,1337.127,75621858.19877,0
1615583700000,56573.50,56747.77,56299.68,56713.00,2623.639,1615584599999,148370258.34829,35928,1305.131,73824217.79880,0
1615584600000,56713.00,57239.31,56701.88,56990.21,4088.948,1615585499999,233151456.96882,49784,2388.696,136184710.75320,0
1615585500000,56990.22,57050.00,56806.77,56964.01,1503.866,1615586399999,85586315.39115,22880,755.466,42996483.81603,0
1615586400000,56964.01,57165.63,56910.00,57097.11,1878.672,1615587299999,107142569.35194,23731,942.791,53774783.42155,0
1615587300000,57098.08,57484.60,57098.08,57400.77,2142.993,1615588199999,122852736.58668,30211,1335.682,76576073.97616,0
1615588200000,57400.70,57464.94,57218.38,57355.79,2071.897,1615589099999,118815625.43604,25597,1038.288,59549465.32380,0
1615589100000,57358.61,57383.83,57114.22,57212.90,1819.015,1615589999999,104124812.14557,24360,785.294,44964221.01662,0
1615590000000,57214.03,57370.99,57211.03,57320.10,1193.511,1615590899999,68389399.28233,17444,626.894,35926032.14677,0
1615590900000,57319.56,57550.00,57300.00,57385.01,2205.291,1615591799999,126665007.96359,27592,1112.662,63915771.38470,0
1615591800000,57385.01,57575.16,57299.51,57553.17,1434.172,1615592699999,82415349.65004,21153,705.237,40535272.02290,0
1615592700000,57553.17,57588.88,57261.75,57291.03,1631.977,1615593599999,93654354.44175,23731,721.781,41421451.67504,0
1615593600000,57291.04,57371.04,56518.99,56708.66,5944.607,1615594499999,338117566.51285,70053,2524.962,143585680.97320,0
1615594500000,56712.87,56832.00,56403.00,56419.06,3104.370,1615595399999,175702791.49239,44013,1344.667,76136984.73351,0
1615595400000,56422.69,56824.63,56400.00,56791.18,2351.185,1615596299999,133195856.22781,31861,1346.536,76282139.84724,0
1615596300000,56791.18,56944.75,56653.54,56750.00,1551.805,1615597199999,88123838.38179,24112,768.058,43620269.33567,0
1615597200000,56750.01,56773.38,56380.87,56428.41,2572.120,1615598099999,145470344.93221,34792,1007.146,56970541.77750,0
1615598100000,56429.38,56523.36,56136.00,56355.30,3988.221,1615598999999,224444630.62159,45295,1678.791,94490383.89761,0
1615599000000,56355.30,56512.84,56178.00,56386.04,2449.041,1615599899999,138079478.02038,30314,1225.680,69137631.35255,0
1615599900000,56386.03,56563.34,56190.00,56441.01,1901.582,1615600799999,107283717.02417,24977,1046.924,59089513.96670,0
1615600800000,56441.01,56604.70,56150.00,56340.63,2291.996,1615601699999,129158916.68961,29675,1114.282,62814557.06920,0
1615601700000,56340.64,56479.59,56163.42,56449.75,1539.098,1615602599999,86675223.47364,23084,897.078,50532878.70645,0
1615602600000,56449.75,56590.23,56413.66,56572.34,1512.596,1615603499999,85495863.17990,19548,874.273,49417797.79660,0
1615603500000,56572.33,56678.88,56442.20,56526.15,1916.463,1615604399999,108425720.93582,22062,956.485,54127225.86617,0
1615604400000,56524.62,56730.28,56357.44,56663.06,2002.412,1615605299999,113217311.49339,26836,1087.672,61511521.60201,0
1615605300000,56663.06,56791.88,56563.29,56765.69,1504.929,1615606199999,85328633.22602,22657,859.298,48724080.08488,0
1615606200000,56765.69,56835.41,56680.00,56759.00,1679.224,1615607099999,95346222.59325,20739,881.798,50070524.67574,0
1615607100000,56758.99,56775.90,56609.80,56756.66,1251.304,1615607999999,70955572.89861,17702,552.241,31316895.77872,0
1615608000000,56756.66,56850.00,56532.28,56680.95,2010.305,1615608899999,113932877.73825,26939,971.513,55074139.78413,0
1615608900000,56680.95,56689.28,56450.00,56504.96,1680.901,1615609799999,95038298.61877,24314,727.563,41137885.60011,0
1615609800000,56504.97,56595.79,56313.05,56502.83,1403.428,1615610699999,79230601.11474,21954,627.431,35425647.02344,0
1615610700000,56506.99,56958.26,56482.32,56940.40,1907.914,1615611599999,108325112.76767,29355,1179.382,66954193.61266,0
1615611600000,56941.08,57150.00,56820.00,57092.03,2933.946,1615612499999,167209029.87691,37585,1604.065,91434238.91509,0
1615612500000,57092.03,57092.03,56913.51,56931.63,1332.106,1615613399999,75924842.76543,19809,588.113,33524317.35570,0
1615613400000,56931.63,56996.04,56809.36,56896.01,1355.313,1615614299999,77095387.63512,20642,608.548,34617918.06122,0
1615614300000,56896.01,56900.00,56666.97,56817.17,1447.359,1615615199999,82174922.00092,19429,584.397,33188923.21045,0
1615615200000,56816.65,56929.54,56650.00,56697.00,1197.679,1615616099999,67987365.78412,19281,570.947,32419119.97417,0
1615616100000,56696.99,56865.10,56580.81,56844.12,1283.655,1615616999999,72830865.39330,19225,677.638,38456419.17376,0
1615617000000,56844.11,56944.75,56761.45,56884.11,1159.605,1615617899999,65926748.53703,18125,591.581,33636708.12151,0
1615617900000,56884.10,57138.00,56861.01,57005.01,1876.891,1615618799999,107067566.39419,26183,1067.699,60907701.91969,0
1615618800000,57005.02,57106.50,56898.14,56990.47,1188.848,1615619699999,67743851.20533,18998,562.760,32072193.50421,0
1615619700000,56990.47,57023.34,56806.01,56925.01,1209.157,1615620599999,68787965.04122,18857,553.728,31504853.95278,0
1615620600000,56922.26,57255.00,56890.00,57215.65,2488.994,1615621499999,142077158.04911,30579,1379.946,78794392.38814,0
1615621500000,57215.65,57450.00,57102.02,57389.96,2691.384,1615622399999,154157731.96266,35957,1489.092,85311251.69641,0
1615622400000,57387.99,57720.00,57381.33,57640.81,4821.464,1615623299999,277645046.40399,59601,2658.075,153061515.80470,0
1615623300000,57640.81,57688.67,57270.22,57337.16,3012.328,1615624199999,173174556.14207,35717,1184.591,68117154.60217,0
1615624200000,57337.15,57527.84,57213.42,57342.00,2649.429,1615625099999,151990756.24484,33184,1483.321,85113364.74408,0
1615625100000,57342.00,57668.01,57342.00,57501.41,2264.535,1615625999999,130273093.57318,29446,1252.712,72064666.00278,0
1615626000000,57501.40,57593.11,57320.23,57386.66,1516.553,1615626899999,87100758.89142,22877,659.661,37889413.14054,0
1615626900000,57386.66,57515.88,57350.00,57495.57,1223.089,1615627799999,70265156.22182,18702,698.800,40146047.10954,0
1615627800000,57492.71,57664.88,57365.00,57500.00,2091.093,1615628699999,120297433.34130,28973,1084.169,62372902.27587,0
1615628700000,57499.99,57708.13,57372.30,57708.13,2173.899,1615629599999,125109304.26454,26078,1122.186,64597637.06307,0
1615629600000,57708.12,59971.14,57529.41,59426.74,18462.428,1615630499999,1085783888.53708,184212,11374.363,668781358.30275,0
1615630500000,59427.71,59816.16,59151.56,59601.81,16761.936,1615631399999,997113307.93113,172537,8895.199,529337969.96203,0
1615631400000,59601.81,59990.34,59350.00,59466.29,11306.830,1615632299999,674373102.11387,122215,5941.820,354511014.82261,0
1615632300000,59467.39,59570.94,59260.00,59553.57,5293.852,1615633199999,314625399.82335,61128,2733.005,162468569.06863,0
1615633200000,59548.95,60150.00,59533.07,59737.67,10563.743,1615634099999,632261903.09184,117681,5666.621,339235447.54854,0
1615634100000,59733.36,60400.00,59660.35,59774.18,8556.874,1615634999999,513448223.13806,90423,4642.361,278683926.50112,0
1615635000000,59774.18,60213.00,59700.00,59969.68,6709.571,1615635899999,402348198.55795,80563,3589.947,215343173.91674,0
1615635900000,59969.67,60214.00,59807.07,59905.92,6103.901,1615636799999,366007977.87194,64399,2579.552,154715656.97682,0
1615636800000,59914.58,60111.08,59204.06,59973.18,8558.890,1615637699999,511500655.16947,103112,3897.371,233065697.88636,0
1615637700000,59973.18,60518.92,59788.89,60275.60,7016.892,1615638599999,422535148.25783,86527,3655.649,220195147.24995,0
1615638600000,60273.01,60374.00,60030.00,60178.20,3520.325,1615639499999,211954399.49973,49540,1588.267,95647964.17047,0
1615639500000,60172.15,60172.15,59745.80,59968.84,5216.498,1615640399999,312512457.24977,59713,2309.601,138384608.55866,0
1615640400000,59969.17,60211.00,59704.26,59767.67,4463.241,1615641299999,267647784.81586,55752,2077.093,124606363.80923,0
1615641300000,59767.67,59935.63,59583.00,59732.31,4566.931,1615642199999,272858466.83718,46980,2243.667,134086707.90381,0
1615642200000,59732.32,59895.00,59560.00,59795.00,2772.465,1615643099999,165687336.45830,38318,1384.996,82786575.33048,0
1615643100000,59795.00,60051.00,59666.10,59950.00,3307.970,1615643999999,198195299.72513,39111,1862.574,111603224.31333,0
1615644000000,59950.00,60018.27,59773.00,59832.47,1842.614,1615644899999,110335818.21145,28231,806.488,48299370.93929,0
1615644900000,59832.47,60032.97,59832.47,59996.22,1597.822,1615645799999,95825617.19576,24284,828.712,49700946.06947,0
1615645800000,59996.22,60136.58,59888.22,59956.48,2342.639,1615646699999,140586188.93101,30722,1333.721,80049743.88373,0
1615646700000,59956.48,60014.66,59787.47,59816.38,1917.833,1615647599999,114882884.71859,26825,797.987,47812371.32358,0
1615647600000,59816.38,60010.00,59813.10,59952.01,1602.999,1615648499999,96057705.39238,24275,858.811,51464988.13156,0
1615648500000,59952.01,60000.00,59860.00,59903.96,1326.877,1615649399999,79525238.30425,19689,625.810,37507645.86501,0
1615649400000,59903.95,59903.96,59550.00,59669.46,3820.517,1615650299999,228167741.61315,44730,1793.242,107102491.05489,0
1615650300000,59669.47,59783.20,59626.90,59740.78,2112.899,1615651199999,126181169.76189,27027,1044.756,62399606.50810,0
1615651200000,59737.64,59935.28,59733.30,59828.68,2933.094,1615652099999,175510508.62906,40912,1490.784,89206552.84021,0
1615652100000,59827.42,59905.88,59569.00,59605.21,2303.352,1615652999999,137523683.22081,30444,965.456,57650467.29655,0
1615653000000,59605.21,59821.92,59510.00,59749.61,2655.473,1615653899999,158452081.09830,30320,1231.772,73520985.47540,0
1615653900000,59749.60,59977.88,59749.60,59871.60,2387.367,1615654799999,142995600.27335,31398,1142.520,68435404.62512,0
1615654800000,59871.60,59980.00,59800.00,59890.18,1433.679,1615655699999,85859766.95666,21009,706.984,42345562.41561,0
1615655700000,59890.18,60184.00,59835.01,60105.38,2809.553,1615656599999,168661472.09799,34762,1663.873,99883549.83066,0
1615656600000,60105.37,60180.00,59952.90,60065.08,2487.385,1615657499999,149361448.77556,27581,1278.729,76791831.34867,0
1615657500000,60061.41,60458.00,59980.00,60364.27,3739.084,1615658399999,225335716.18078,46113,2198.618,132505561.40405,0
1615658400000,60364.28,60490.00,60045.53,60090.52,3457.582,1615659299999,208451310.51969,40350,1441.834,86954151.97875,0
1615659300000,60090.51,60265.91,60022.00,60213.35,2052.341,1615660199999,123493162.47820,26247,1048.363,63091380.81527,0
1615660200000,60210.99,60230.16,60101.00,60208.23,1318.242,1615661099999,79325097.02661,16849,626.443,37697645.25798,0
1615661100000,60208.24,60325.49,60041.12,60309.00,1697.065,1615661999999,102170320.69819,22969,866.794,52194090.36202,0
1615662000000,60309.00,60379.09,60185.00,60209.43,1635.515,1615662899999,98619445.72729,23858,713.597,43035495.55304,0
1615662900000,60209.42,60477.00,60189.07,60369.96,2162.615,1615663799999,130514179.86216,25615,1143.085,68993536.40902,0
1615663800000,60369.95,60766.86,60350.00,60739.08,5118.997,1615664699999,310266855.47734,60264,2750.034,166693241.63113,0
1615664700000,60736.44,60958.44,60540.00,60804.75,3894.128,1615665599999,236660483.59644,47224,2270.353,138017006.80442,0
1615665600000,60805.52,61390.88,60738.88,61237.54,6854.042,1615666499999,418597917.98597,70099,3866.467,236151550.16754,0
1615666500000,61240.26,61500.00,61180.00,61389.03,5740.776,1615667399999,352415797.97231,55594,2694.692,165445568.85486,0
1615667400000,61389.02,61950.00,61373.94,61761.76,7857.945,1615668299999,485259738.48361,74733,4197.040,259161709.13156,0
1615668300000,61761.75,61855.93,61525.23,61768.94,4525.990,1615669199999,279226944.23033,47104,2171.272,133972967.63377,0
1615669200000,61769.00,61850.00,61370.00,61450.00,3416.325,1615670099999,210464419.33206,41799,1453.789,89593778.22491,0
1615670100000,61450.00,61454.36,60896.55,61221.96,5779.074,1615670999999,353631062.59516,68062,2680.341,164004236.73934,0
1615671000000,61221.95,61358.08,60708.79,60880.23,3876.794,1615671899999,236454843.03866,49861,1649.110,100605627.10739,0
1615671900000,60880.24,61266.33,60880.23,61258.12,1852.767,1615672799999,113210271.67275,29295,1000.844,61159479.30781,0
1615672800000,61259.06,61399.00,60852.00,61029.97,2613.658,1615673699999,159768415.36798,36447,1252.598,76586093.03030,0
1615673700000,61029.66,61226.90,60944.50,61194.70,1167.217,1615674599999,71317050.16982,20863,631.080,38561508.31829,0
1615674600000,61192.18,61260.00,60966.83,61004.91,1495.712,1615675499999,91377164.71297,24204,742.859,45385824.48191,0
1615675500000,61003.99,61280.00,61000.21,61173.66,1177.280,1615676399999,72011507.93274,20535,631.776,38646923.32123,0
1615676400000,61174.30,61395.35,61173.66,61381.26,1558.087,1615677299999,95514991.71603,25919,889.823,54550153.51076,0
1615677300000,61381.25,61559.28,61285.40,61523.99,2370.430,1615678199999,145614583.08392,32008,1230.222,75579557.48351,0
1615678200000,61523.99,61552.82,61336.43,61442.42,2072.805,1615679099999,127359466.81144,25999,1111.936,68323843.32919,0
1615679100000,61442.42,61460.00,61225.21,61267.41,1650.424,1615679999999,101233178.41695,25484,719.708,44148622.71272,0
1615680000000,61267.41,61523.85,61000.00,61436.67,3624.737,1615680899999,222194144.20081,45354,1951.264,119652221.75364,0
1615680900000,61436.68,61798.00,61430.00,61710.02,2568.721,1615681799999,158311810.67056,33827,1313.368,80956001.58537,0
1615681800000,61710.02,61727.04,61341.25,61388.15,1971.372,1615682699999,121289597.18543,28057,804.938,49525189.01933,0
1615682700000,61388.14,61440.00,61260.44,61324.00,1722.927,1615683599999,105710628.60218,22763,810.253,49722748.43008,0
1615683600000,61323.99,61325.01,60850.00,61050.54,3952.621,1615684499999,241429834.40798,50183,1731.634,105781549.46057,0
1615684500000,61050.54,61114.47,60800.00,60993.74,2400.418,1615685399999,146328399.40477,30478,1046.176,63774734.21582,0
1615685400000,60993.75,61199.71,60951.43,61132.19,1870.877,1615686299999,114286563.33683,24005,1101.817,67314117.15745,0
1615686300000,61132.18,61278.00,61089.98,61141.47,1259.374,1615687199999,77075603.73982,20207,644.535,39450785.68555,0
1615687200000,61142.59,61280.00,60971.38,61046.58,1374.721,1615688099999,83989622.89395,21493,561.005,34279641.22912,0
1615688100000,61046.56,61174.59,60925.90,60966.33,1285.785,1615688999999,78511921.10085,18922,556.879,34005980.06025,0
1615689000000,60966.32,61090.00,60862.24,61061.12,1036.891,1615689899999,63226854.04388,17472,495.578,30222833.31204,0
1615689900000,61061.12,61190.00,60994.41,61152.98,1036.721,1615690799999,63339978.75738,16906,522.539,31927627.41666,0
1615690800000,61152.97,61355.34,60979.00,61246.13,2250.192,1615691699999,137746286.90685,27531,1335.556,81766249.04775,0
1615691700000,61246.12,61469.33,61169.38,61391.93,1558.925,1615692599999,95592729.35284,21818,839.406,51481253.97396,0
1615692600000,61392.86,61539.81,61350.00,61355.57,1460.453,1615693499999,89708204.20960,21545,702.241,43142890.26476,0
1615693500000,61355.57,61481.12,61320.00,61432.39,1015.586,1615694399999,62340144.95644,15638,572.057,35117426.70985,0
1615694400000,61432.39,61610.97,61153.00,61260.00,2786.828,1615695299999,171031097.97276,30313,1321.159,81116077.75015,0
1615695300000,61260.01,61495.17,61256.51,61495.17,1172.487,1615696199999,71970709.64819,18046,630.295,38688832.86562,0
1615696200000,61495.16,61499.00,61301.00,61343.14,790.802,1615697099999,48537983.26791,14857,323.613,19861681.23405,0
1615697100000,61343.15,61343.15,61215.00,61295.91,900.084,1615697999999,55159914.92688,14009,445.909,27326754.80765,0
1615698000000,61295.90,61352.32,61104.84,61269.60,1467.684,1615698899999,89874595.16732,20609,731.232,44784238.92730,0
1615698900000,61269.60,61269.61,61053.69,61075.01,1275.826,1615699799999,77997388.41836,19012,574.147,35100371.36186,0
1615699800000,61075.02,61239.43,61075.02,61195.58,1054.187,1615700699999,64475819.02797,15730,586.542,35874992.56027,0
1615700700000,61195.58,61200.00,61003.69,61109.70,1105.347,1615701599999,67544094.96793,17958,499.112,30497369.72942,0
1615701600000,61109.70,61109.70,60880.00,60884.44,2463.438,1615702499999,150177903.18284,28279,949.637,57905415.06877,0
1615702500000,60884.44,60993.71,60720.00,60791.35,2938.112,1615703399999,178800765.27621,32564,1368.598,83306191.49458,0
1615703400000,60788.54,60999.00,60600.00,60923.41,2583.783,1615704299999,157079649.74577,28446,1254.543,76302558.63747,0
1615704300000,60928.43,61067.80,60810.00,61036.74,1173.471,1615705199999,71548621.41884,16894,712.151,43425731.25156,0
1615705200000,61036.73,61036.74,60840.97,60850.66,1051.783,1615706099999,64086493.64373,16175,510.733,31120512.30595,0
1615706100000,60850.66,61007.41,60711.50,60999.99,1638.094,1615706999999,99649103.49005,20404,824.244,50149701.46887,0
1615707000000,61000.00,61007.39,60766.00,60869.99,1038.270,1615707899999,63217721.12955,14872,477.269,29054648.32388,0
1615707900000,60869.98,60869.99,60556.00,60600.67,2255.243,1615708799999,136839267.75835,26235,978.700,59394855.42099,0
1615708800000,60605.03,60827.54,60320.00,60798.14,4737.228,1615709699999,286925390.07429,50212,2126.007,128822909.68312,0
1615709700000,60798.15,60932.00,60640.00,60847.80,2340.545,1615710599999,142339842.88445,25779,1108.174,67390473.93775,0
1615710600000,60847.80,60911.90,60680.00,60907.48,1828.810,1615711499999,111146312.53909,20714,883.546,53700955.13772,0
1615711500000,60907.87,60965.77,60800.12,60868.26,1141.758,1615712399999,69515634.54478,16552,550.580,33524137.89598,0
1615712400000,60868.23,61080.00,60756.75,60987.05,2002.158,1615713299999,122058546.36784,26166,1082.607,66011500.61688,0
1615713300000,60987.06,61047.00,60910.00,61027.82,1106.871,1615714199999,67490109.85516,16728,587.322,35813830.15766,0
1615714200000,61027.82,61200.00,61018.44,61086.97,1835.132,1615715099999,112179359.93353,24963,957.114,58508146.45920,0
1615715100000,61086.96,61198.00,60975.90,61023.75,1362.305,1615715999999,83221014.11014,20372,649.583,39690884.91803,0
1615716000000,61023.76,61070.86,60823.00,60860.35,2073.918,1615716899999,126335745.42247,25966,943.775,57499224.85027,0
1615716900000,60860.35,60946.06,60700.00,60712.99,1841.291,1615717799999,111988304.18212,22791,806.877,49084277.96415,0
1615717800000,60713.00,60719.82,60300.00,60446.55,4414.149,1615718699999,267083611.68256,48113,1728.276,104575916.15804,0
1615718700000,60446.54,60585.46,60225.93,60413.43,3063.999,1615719599999,185175119.69887,37159,1538.547,93014241.93505,0
1615719600000,60413.43,60518.45,60008.00,60173.52,4752.060,1615720499999,286224990.96838,54256,2045.806,123245470.82688,0
1615720500000,60173.52,60262.00,59449.00,59871.23,10753.270,1615721399999,643871130.86285,107064,4520.720,270807765.80724,0
1615721400000,59871.70,60150.00,59852.74,59930.21,5463.823,1615722299999,327882174.89940,54649,2544.692,152723277.32864,0
1615722300000,59932.47,60448.80,59755.43,60417.75,5270.488,1615723199999,317113922.90867,57988,3079.472,185324872.52964,0
1615723200000,60417.75,60562.85,60300.00,60394.75,3694.765,1615724099999,223248721.26196,40534,1984.419,119919116.80100,0
1615724100000,60394.75,60650.00,60253.78,60438.42,2868.265,1615724999999,173424314.95986,31652,1522.777,92094895.55527,0
1615725000000,60438.41,60570.00,60356.77,60450.00,1764.179,1615725899999,106674486.86301,20930,777.754,47035184.78722,0
1615725900000,60449.99,60555.00,60214.94,60516.11,2012.161,1615726799999,121559499.86597,23453,938.580,56717220.12700,0
1615726800000,60516.11,60555.00,60331.53,60346.40,1603.416,1615727699999,96949394.42882,20295,762.378,46108532.56391,0
1615727700000,60347.55,60476.30,60065.00,60250.00,3163.343,1615728599999,190554074.81165,33536,1453.974,87591707.81626,0
1615728600000,60250.00,60250.00,59900.00,60000.00,3591.012,1615729499999,215491522.45767,40522,1654.448,99285559.78013,0
1615729500000,60000.00,60179.26,59842.02,60051.53,2588.761,1615730399999,155348241.47627,33093,1246.762,74843840.39194,0
1615730400000,60051.02,60436.13,60000.00,60384.82,2747.860,1615731299999,165544462.74730,33259,1527.267,92014299.79513,0
1615731300000,60384.82,60450.00,60223.00,60290.11,1707.344,1615732199999,103014799.13588,23125,816.899,49294749.44836,0
1615732200000,60290.12,60583.91,60290.12,60374.32,2522.402,1615733099999,152488266.41091,26240,1385.217,83750265.34888,0
1615733100000,60374.32,60380.00,60022.00,60117.63,2257.037,1615733999999,135780505.79366,27168,961.530,57844034.34190,0
1615734000000,60117.63,60200.00,59969.28,60033.11,2197.564,1615734899999,132038299.67457,26422,1073.490,64508132.97014,0
1615734900000,60033.10,60172.56,59815.00,60152.14,2727.059,1615735799999,163580300.61659,34339,1311.288,78678299.20197,0
1615735800000,60152.14,60244.40,59740.00,59869.51,3667.331,1615736699999,219834161.78236,37907,1557.828,93413509.91397,0
1615736700000,59869.51,59931.00,59550.00,59761.93,3598.630,1615737599999,214944847.46621,40793,1647.714,98438003.17017,0
1615737600000,59753.91,60048.95,59344.04,60024.72,6916.670,1615738499999,412835831.06660,78048,3082.519,184081948.67681,0
1615738500000,60026.33,60145.00,59859.61,59891.48,2525.843,1615739399999,151559882.85572,32555,1208.749,72546740.53025,0
1615739400000,59891.00,59907.96,59533.50,59885.00,3073.002,1615740299999,183559559.27788,35805,1611.644,96288530.51885,0
1615740300000,59884.41,59968.30,59520.00,59656.95,2031.177,1615741199999,121315252.09291,27691,962.640,57499293.07360,0
1615741200000,59660.62,59960.00,59615.00,59923.01,2544.555,1615742099999,152215798.16576,29286,1393.369,83355227.50277,0
1615742100000,59923.00,60132.98,59724.89,60005.42,2079.527,1615742999999,124675992.09801,27008,1112.987,66743986.19197,0
1615743000000,60005.43,60012.71,59755.00,59847.46,1763.006,1615743899999,105567739.89959,20810,899.684,53879959.76449,0
1615743900000,59847.46,59987.66,59775.00,59784.75,1236.423,1615744799999,74021477.01902,17051,603.788,36151357.66334,0
1615744800000,59784.76,60150.99,59778.37,60145.82,2217.993,1615745699999,133182430.70909,26295,1302.960,78242260.95806,0
1615745700000,60145.81,60227.62,60062.07,60121.17,1929.970,1615746599999,116093181.38538,22538,989.253,59515003.02136,0
1615746600000,60121.17,60467.86,60062.00,60227.64,2310.992,1615747499999,139319512.83644,28329,1353.235,81579997.29342,0
1615747500000,60227.65,60357.61,60161.30,60217.68,1167.950,1615748399999,70367949.73046,15519,638.439,38469832.91165,0
1615748400000,60217.68,60285.63,60109.00,60139.78,1154.162,1615749299999,69466606.66716,15803,498.179,29991669.57792,0
1615749300000,60141.36,60290.00,60092.70,60253.46,1144.690,1615750199999,68899941.32146,15492,581.466,34997018.41654,0
1615750200000,60253.46,60266.00,59949.99,60001.02,1484.438,1615751099999,89219607.85564,19857,599.611,36049688.44548,0
1615751100000,60001.01,60048.94,59866.37,60019.15,1738.021,1615751999999,104197012.32508,18769,943.818,56585522.84389,0
1615752000000,60019.15,60167.99,59881.00,59895.43,2077.435,1615752899999,124680232.86944,22200,993.443,59644268.03201,0
1615752900000,59895.43,59966.57,59798.74,59914.56,1384.078,1615753799999,82882779.67789,18112,605.148,36243126.29943,0
1615753800000,59914.56,60149.30,59774.40,60124.17,1836.273,1615754699999,110153003.23574,20924,920.528,55229775.66540,0
1615754700000,60124.17,60435.11,60083.12,60334.50,2546.620,1615755599999,153531153.66311,27622,1250.349,75391315.92892,0
1615755600000,60334.50,60599.36,60200.00,60200.01,2863.144,1615756499999,172989807.10313,33203,1449.546,87622798.68617,0
1615756500000,60200.01,60204.65,60005.32,60058.45,1558.284,1615757399999,93685913.02176,19925,662.464,39823208.51416,0
1615757400000,60054.79,60269.99,59929.00,60009.43,1373.931,1615758299999,82525986.63893,19503,724.364,43520975.60855,0
1615758300000,60009.42,60147.90,60000.00,60139.81,681.314,1615759199999,40915296.62356,10583,432.605,25980024.79230,0
1615759200000,60139.81,60252.00,59804.58,59843.16,2488.876,1615760099999,149294812.41038,30840,1076.086,64570925.11687,0
1615760100000,59843.16,60314.67,59816.01,60176.60,2156.107,1615760999999,129668865.90333,25864,1079.265,64896266.46545,0
1615761000000,60176.59,60317.91,59979.00,60275.98,1643.255,1615761899999,98835375.05706,18969,876.983,52762857.46733,0
1615761900000,60276.22,60416.24,60168.65,60274.32,1307.577,1615762799999,78811114.53359,18171,654.206,39437107.01155,0
1615762800000,60274.71,60733.25,60250.00,60674.68,3158.372,1615763699999,191065524.04251,33338,2009.418,121588907.87563,0
1615763700000,60675.64,60833.85,60488.90,60521.39,3705.910,1615764599999,224895017.67746,39928,1790.143,108665103.33013,0
1615764600000,60524.35,60550.00,60010.00,60031.88,3724.869,1615765499999,224468981.30925,40257,1426.542,85928992.29859,0
1615765500000,60035.67,60090.00,59005.00,59037.12,11382.743,1615766399999,677486932.57481,119636,4728.619,281537199.41447,0
1615766400000,59037.11,59563.35,58770.00,59430.94,10945.448,1615767299999,647791385.96789,115139,5269.738,312109595.53814,0
1615767300000,59430.43,59948.97,59350.00,59947.03,4449.474,1615768199999,265656974.57373,52295,2402.729,143475713.38198,0
1615768200000,59947.02,59990.00,59600.00,59834.35,3507.635,1615769099999,209844007.99028,39485,1590.843,95186903.04789,0
1615769100000,59834.35,59950.00,59515.00,59534.79,2838.404,1615769999999,169524654.30829,29833,1177.172,70324044.37526,0
1615770000000,59534.78,59870.42,59355.45,59710.01,5053.571,1615770899999,301121049.06711,46232,2527.421,150662670.53239,0
1615770900000,59710.01,60200.00,59579.56,60142.98,3699.074,1615771799999,221673086.05059,38262,2105.130,126175233.07160,0
1615771800000,60142.98,60350.00,60080.00,60259.92,2514.565,1615772699999,151449316.53306,28461,1383.218,83321005.69146,0
1615772700000,60259.93,60289.11,60060.00,60185.07,1959.297,1615773599999,117845616.63577,19757,771.651,46409384.80007,0
1615773600000,60185.08,60450.00,60185.08,60301.63,2682.799,1615774499999,161911513.77144,27074,1589.961,95960637.96588,0
1615774500000,60301.63,60387.93,60173.08,60354.87,1141.771,1615775399999,68822693.74940,15903,624.049,37622957.63331,0
1615775400000,60351.50,60434.23,60185.00,60340.50,1175.530,1615776299999,70925443.29523,16270,588.909,35534980.43519,0
1615776300000,60340.50,60340.50,60145.30,60184.15,1168.999,1615777199999,70427818.63664,14123,451.223,27188073.81316,0
1615777200000,60184.16,60437.32,60184.15,60320.07,1408.443,1615778099999,84943571.90006,16626,832.446,50202310.13537,0
1615778100000,60320.08,60418.20,60215.13,60314.28,951.431,1615778999999,57405994.76628,13854,484.447,29230270.14490,0
1615779000000,60314.28,60400.00,60220.00,60377.60,893.370,1615779899999,53889659.61282,13067,480.572,28991605.07849,0
1615779900000,60377.89,60600.00,60377.50,60488.00,2115.550,1615780799999,128018539.69082,24340,1264.777,76531579.68535,0
1615780800000,60484.28,60740.00,60484.12,60534.68,2120.476,1615781699999,128555997.09158,25381,1178.184,71430082.31260,0
1615781700000,60530.52,60555.15,60389.33,60483.06,1416.797,1615782599999,85690586.06258,18173,602.715,36458635.08168,0
1615782600000,60483.79,60490.55,60000.00,60181.41,4276.121,1615783499999,257502146.22150,45770,1740.562,104832740.51787,0
1615783500000,60179.98,60179.98,59750.00,59881.18,4188.719,1615784399999,251089061.86100,42998,1774.805,106396044.81625,0
1615784400000,59881.19,59965.99,59660.00,59727.15,3138.135,1615785299999,187588471.50306,33779,1304.865,78018444.74652,0
1615785300000,59727.16,60036.14,59682.33,59789.27,2469.425,1615786199999,147800422.93205,27349,1307.376,78273188.54612,0
1615786200000,59789.27,59898.09,59360.87,59444.01,3798.011,1615787099999,226331538.16682,39507,1436.927,85649877.91882,0
1615787100000,59444.00,59596.01,59108.00,59138.02,4514.889,1615787999999,267831366.17714,48086,1964.657,116577908.14320,0
1615788000000,59138.11,59448.99,59052.17,59345.91,4165.870,1615788899999,247014336.92420,43203,2162.489,128235141.90293,0
1615788900000,59345.90,59372.97,58846.61,59300.00,4385.523,1615789799999,259248280.87471,50029,1992.376,117795755.35141,0
1615789800000,59300.00,59313.99,58442.73,58633.09,9708.711,1615790699999,570343105.71247,94974,4398.116,258468093.89928,0
1615790700000,58633.08,58901.70,58563.80,58878.00,3878.664,1615791599999,227779740.45352,40742,2210.354,129823982.39720,0
1615791600000,58878.00,58881.43,58041.54,58107.15,9176.943,1615792499999,535436176.24811,93196,3791.020,221242282.81790,0
1615792500000,58106.15,58239.76,57210.00,57910.03,16852.299,1615793399999,972938584.69465,163718,7621.184,440144514.99321,0
1615793400000,57910.03,58400.00,57738.03,58399.88,9620.887,1615794299999,559208364.79304,90784,5498.140,319623045.89338,0
1615794300000,58398.59,58398.59,57802.14,57830.61,5737.540,1615795199999,333120331.49026,61780,2646.646,153668228.91663,0
1615795200000,57832.36,58405.86,57556.00,58104.17,9160.561,1615796099999,531521683.40350,92562,4725.228,274271627.42314,0
1615796100000,58103.96,58437.85,58020.75,58258.01,3222.687,1615796999999,187756142.80207,36145,1926.050,112218869.69920,0
1615797000000,58258.00,58260.49,57935.77,58175.89,4039.673,1615797899999,234695498.17574,42050,1966.651,114275674.21762,0
1615797900000,58176.54,58179.33,57568.00,57822.65,5249.176,1615798799999,303544529.04805,57119,2236.061,129321396.72852,0
1615798800000,57822.64,58171.90,57528.00,57596.63,4891.564,1615799699999,283020842.84427,55963,2206.810,127729923.23109,0
1615799700000,57596.34,57826.52,55221.00,56135.65,28480.049,1615800599999,1606510693.78498,263127,11597.123,654176351.92277,0
1615800600000,56144.90,56422.77,54517.28,55540.00,20002.139,1615801499999,1112727025.87201,198762,8812.844,490883475.12952,0
1615801500000,55534.95,55957.70,55109.12,55937.33,14160.264,1615802399999,786787127.36010,144307,6910.742,384182397.28994,0
1615802400000,55938.03,56444.00,55606.63,56223.27,8442.596,1615803299999,473153617.54824,85681,4488.742,251620953.57631,0
1615803300000,56223.27,56455.00,55850.00,56125.57,6553.833,1615804199999,367943898.34108,68868,3014.329,169272041.99874,0
1615804200000,56125.56,56340.88,55845.65,55960.00,3964.094,1615805099999,222401738.47737,46997,1891.014,106127852.76394,0
1615805100000,55960.00,56472.07,55870.30,56382.78,4417.632,1615805999999,248444123.99989,49149,2422.484,136242044.45290,0
1615806000000,56382.77,56615.87,56002.00,56117.84,5967.660,1615806899999,336262063.17274,61419,2875.024,162074161.95653,0
1615806900000,56120.00,56246.81,55930.00,56178.45,3854.344,1615807799999,216096672.90968,44030,1940.428,108814826.29858,0
1615807800000,56178.44,56485.56,56162.18,56424.06,2793.836,1615808699999,157414879.99805,37374,1496.534,84329514.78121,0
1615808700000,56424.06,56530.29,56070.00,56182.03,3584.253,1615809599999,201822177.84874,40452,1724.304,97125037.59438,0
1615809600000,56182.03,56288.63,55244.98,55269.52,10024.605,1615810499999,558155944.86194,106710,4231.294,235652753.35559,0
1615810500000,55269.51,55842.03,55078.00,55753.15,7729.109,1615811399999,428877341.08065,86548,4000.961,222118093.20309,0
1615811400000,55754.46,56300.00,55747.10,56184.44,5779.942,1615812299999,324306770.48937,61493,3162.334,177440897.14458,0
1615812300000,56185.00,56507.71,56066.00,56475.27,4539.106,1615813199999,255618642.47983,51501,2507.900,141258579.83579,0
1615813200000,56473.80,56737.79,56273.13,56558.67,5761.097,1615814099999,325628920.99712,59318,2983.643,168688993.02472,0
1615814100000,56558.67,57070.00,56411.85,57039.24,7282.626,1615814999999,413688920.98068,65177,4535.219,257693960.38665,0
1615815000000,57039.23,57070.00,56760.00,56777.13,5380.257,1615815899999,306449562.74234,56809,2186.212,124556738.05466,0
1615815900000,56776.31,57040.18,56656.39,56876.08,3524.200,1615816799999,200390280.59872,41508,1602.664,91139930.18387,0
1615816800000,56876.09,57320.00,56830.19,57140.18,5671.802,1615817699999,324118202.72070,57505,3174.850,181425792.23589,0
1615817700000,57140.19,57272.00,56890.99,57054.26,3182.529,1615818599999,181627752.45478,36263,1378.745,78701025.91688,0
1615818600000,57054.48,57255.85,56500.00,56940.91,7654.444,1615819499999,435071030.77006,70290,3885.501,220895108.93621,0
1615819500000,56940.91,57117.84,56157.01,56170.50,6062.957,1615820399999,343256725.95766,66309,2379.719,134810618.63978,0
1615820400000,56170.76,56800.00,56128.00,56787.42,5673.552,1615821299999,320704451.72680,57954,2941.678,166303934.80079,0
1615821300000,56787.42,56891.55,56505.07,56535.03,2610.366,1615822199999,147904933.06488,32205,1209.778,68569453.67243,0
1615822200000,56535.03,56544.74,55900.00,56147.32,6547.015,1615823099999,367998079.24096,70669,2722.982,153065023.64699,0
1615823100000,56149.77,56420.00,56023.50,56259.14,3484.785,1615823999999,195996343.56088,41625,1922.011,108103408.45547,0
1615824000000,56255.04,56733.00,55729.79,56650.00,8866.295,1615824899999,497697162.61491,100243,4673.569,262476902.53502,0
1615824900000,56650.01,56733.00,56350.35,56632.73,4425.216,1615825799999,250210252.06669,49770,2346.583,132705252.80893,0
1615825800000,56632.73,56680.00,56135.60,56287.97,3714.452,1615826699999,209283761.55423,45351,1770.988,99772017.21536,0
1615826700000,56287.98,56610.88,56151.70,56300.01,3449.833,1615827599999,194473861.24705,40974,1800.358,101498034.48194,0
1615827600000,56307.07,56377.27,55891.00,55970.71,3990.654,1615828499999,223948641.35960,44719,1809.751,101590061.56624,0
1615828500000,55970.70,56147.24,55521.03,55585.42,5691.884,1615829399999,317728957.19075,65805,2486.539,138825736.55954,0
1615829400000,55590.43,56021.00,55590.43,55924.61,3246.694,1615830299999,181314545.33911,41948,1862.321,104008796.39844,0
1615830300000,55924.60,56180.91,55753.80,56093.03,3541.502,1615831199999,198259099.74291,40476,1943.683,108820595.18199,0
1615831200000,56093.02,56221.20,55841.85,56063.97,2892.890,1615832099999,162138172.74156,36272,1405.865,78803345.06805,0
1615832100000,56063.97,56400.00,55865.33,56378.31,2492.983,1615832999999,139853964.84721,31683,1467.049,82306361.29630,0
1615833000000,56378.30,56432.33,56199.93,56207.02,2100.541,1615833899999,118281280.33141,27126,1048.735,59063633.44547,0
1615833900000,56207.02,56301.09,56010.00,56148.27,2311.403,1615834799999,129722344.30125,27167,1168.528,65590368.03081,0
1615834800000,56148.26,56387.51,56132.55,56241.39,1469.558,1615835699999,82718091.43193,22263,735.552,41403825.39258,0
1615835700000,56236.92,56553.60,56234.35,56439.47,2168.230,1615836599999,122376264.73811,27795,1321.861,74611800.13337,0
1615836600000,56439.81,56500.00,56272.00,56465.99,1554.883,1615837499999,87690906.06029,20514,768.077,43318709.80440,0
1615837500000,56465.99,56686.00,56414.70,56602.01,2395.475,1615838399999,135557734.62501,28509,1391.286,78735256.86829,0
1615838400000,56602.01,56740.00,56451.69,56732.77,1613.821,1615839299999,91335838.38328,24701,854.683,48385215.48602,0
1615839300000,56732.77,56950.00,56632.66,56819.82,2934.375,1615840199999,166694357.46729,36272,1556.825,88450114.82825,0
1615840200000,56818.46,56942.00,56517.58,56552.91,3600.708,1615841099999,204306061.20686,33766,1582.407,89820718.40501,0
1615841100000,56552.91,56557.04,56253.69,56419.99,3182.366,1615841999999,179441161.65887,39381,1430.828,80685230.57218,0
1615842000000,56419.99,56686.00,56380.39,56673.99,1552.399,1615842899999,87761223.43038,24215,904.976,51169513.56369,0
1615842900000,56673.98,56750.00,56424.95,56615.78,1280.947,1615843799999,72506632.11314,20152,577.643,32703523.99357,0
1615843800000,56615.78,56882.29,56614.35,56771.38,1211.388,1615844699999,68741392.95310,18828,630.163,35759991.47195,0
1615844700000,56771.38,56990.00,56680.00,56743.10,2227.817,1615845599999,126643635.67914,25909,1167.863,66390720.78980,0
1615845600000,56743.09,56933.82,56580.31,56603.89,1514.709,1615846499999,85980191.99889,21744,678.746,38533388.49860,0
1615846500000,56603.89,56653.00,56115.00,56293.48,3637.648,1615847399999,205118278.10977,40515,1703.404,96068164.35477,0
1615847400000,56293.47,56471.35,56190.09,56266.29,1797.356,1615848299999,101263819.89522,22205,951.707,53627109.23713,0
1615848300000,56265.89,56320.32,56041.56,56191.70,1951.827,1615849199999,109584764.30360,24723,925.205,51951354.89466,0
1615849200000,56194.42,56591.60,56194.42,56564.76,1928.152,1615850099999,108722815.68588,24065,1154.229,65086214.55854,0
1615850100000,56564.75,56723.22,56434.44,56539.65,1992.546,1615850999999,112752324.85429,23853,972.765,55053141.42670,0
1615851000000,56539.63,56680.00,56188.84,56188.84,2101.842,1615851899999,118719935.97018,25922,938.826,53040772.80787,0
1615851900000,56188.85,56214.68,55560.00,55646.61,6333.312,1615852799999,353597520.74299,66351,2596.980,144966656.71274,0
1615852800000,55646.61,56115.00,55300.00,56004.43,7429.283,1615853699999,413837489.52808,85931,3580.953,199540593.68410,0
1615853700000,56004.43,56011.80,54834.13,54927.20,8391.590,1615854599999,463866332.02674,88198,3465.375,191582920.30647,0
1615854600000,54927.19,55145.67,54590.00,54926.55,9134.700,1615855499999,500962369.39878,93422,4489.262,246263235.24524,0
1615855500000,54922.15,54926.70,54000.00,54146.33,11862.210,1615856399999,644685489.80770,127582,5061.635,275089742.68117,0
1615856400000,54146.32,54156.17,53335.00,53688.30,15343.736,1615857299999,823725318.29391,167736,6949.524,373176279.01096,0
1615857300000,53688.30,54287.98,53547.70,54266.99,7968.357,1615858199999,429948263.02900,89657,4127.809,222791960.68694,0
1615858200000,54268.00,54495.00,54037.08,54413.69,4541.336,1615859099999,246548294.32254,52466,2397.621,130191812.90369,0
1615859100000,54412.95,54610.90,54296.01,54498.91,3318.009,1615859999999,180741622.58493,40590,1612.723,87860337.93294,0
1615860000000,54496.91,54691.22,54170.22,54595.37,4563.293,1615860899999,248409805.41862,48043,2097.701,114239945.03769,0
1615860900000,54595.37,54685.00,54350.00,54388.41,2056.960,1615861799999,112081355.12812,24923,905.459,49345259.14760,0
1615861800000,54388.41,54650.00,54162.00,54619.06,2557.481,1615862699999,139221442.96398,29723,1374.837,74868643.47633,0
1615862700000,54617.88,54655.00,54339.97,54610.88,2347.980,1615863599999,127963549.74167,26204,1162.456,63353978.72298,0
1615863600000,54610.88,54665.00,53900.00,54062.15,3660.797,1615864499999,198692639.57105,40970,1579.878,85744295.40951,0
1615864500000,54062.14,54349.83,53900.00,54160.01,4111.281,1615865399999,222561669.95103,46135,2014.218,109069854.04355,0
1615865400000,54165.26,54537.58,54035.89,54204.26,3400.218,1615866299999,184645792.21382,40885,1765.016,95849929.21711,0
1615866300000,54204.26,54415.00,54074.18,54330.15,2268.709,1615867199999,123118616.68506,27064,1188.822,64528169.41991,0
1615867200000,54330.15,54515.00,54252.60,54515.00,2051.643,1615868099999,111650179.43290,24257,1036.629,56413128.04514,0
1615868100000,54515.00,54851.52,54488.75,54795.66,3341.034,1615868999999,182736307.57383,36203,1859.378,101694905.16828,0
1615869000000,54795.66,54900.84,54542.72,54674.19,2749.453,1615869899999,150373582.30394,30739,1252.238,68496684.12694,0
1615869900000,54674.19,54768.28,54405.54,54476.97,1779.988,1615870799999,97127309.48216,21904,811.828,44304735.82213,0
1615870800000,54476.96,54518.68,54092.31,54406.08,3450.077,1615871699999,187207517.37772,37775,1618.400,87816797.76234,0
1615871700000,54406.09,54498.72,54161.15,54257.40,2121.872,1615872599999,115302770.32638,25350,1007.990,54779976.45979,0
1615872600000,54258.86,54314.69,53643.49,53770.03,4404.362,1615873499999,237382639.87317,50441,1989.441,107227326.66688,0
1615873500000,53760.67,54159.79,53760.00,54149.98,3222.067,1615874399999,173844977.70045,34512,1686.831,91009002.89544,0
1615874400000,54149.81,54440.00,54117.87,54117.87,2686.491,1615875299999,145863082.88290,33363,1296.180,70385296.21585,0
1615875300000,54117.87,54127.18,53707.49,54082.24,3585.219,1615876199999,193299473.84321,42393,1721.310,92813199.33829,0
1615876200000,54081.17,54893.43,54073.81,54746.36,5544.971,1615877099999,302615963.69751,61571,2967.135,161937932.01719,0
1615877100000,54746.36,55368.60,54746.36,55087.10,7054.402,1615877999999,388641925.75134,70117,3297.935,181686754.21870,0
1615878000000,55087.09,55500.00,55046.77,55267.17,4393.970,1615878899999,243013687.71085,48947,2518.153,139278032.11140,0
1615878900000,55267.17,55500.00,55014.00,55045.74,3155.574,1615879799999,174385241.99077,35827,1393.475,77041850.90039,0
1615879800000,55049.69,55382.74,54830.05,55159.91,5852.631,1615880699999,322470899.75336,52249,2521.190,138902798.88144,0
1615880700000,55163.61,55444.11,55012.88,55267.51,3176.986,1615881599999,175540775.45663,34713,1502.908,83049479.08940,0
1615881600000,55267.52,55799.00,55154.00,55727.24,6195.943,1615882499999,344368869.92037,65870,3502.190,194675283.37247,0
1615882500000,55727.25,56143.80,55712.00,55862.53,5195.534,1615883399999,290646664.27974,60051,2788.521,155984897.97218,0
1615883400000,55862.54,56086.25,55736.31,55930.09,3120.974,1615884299999,174441783.39925,38133,1583.351,88511342.05098,0
1615884300000,55930.09,56110.00,55793.94,55916.90,2229.438,1615885199999,124736980.84041,27610,1193.975,66814850.49074,0
1615885200000,55913.01,56000.00,55730.85,55785.00,2341.018,1615886099999,130782563.03600,27538,1038.281,58019044.37309,0
1615886100000,55784.99,56071.74,55750.00,55870.31,2068.448,1615886999999,115651902.73704,26354,1131.625,63280931.85699,0
1615887000000,55870.31,56446.64,55866.23,56083.62,4629.465,1615887899999,260471330.39687,51758,2465.745,138725307.45618,0
1615887900000,56083.63,56083.63,55787.00,55905.12,2839.366,1615888799999,158768030.94046,37095,1357.650,75919680.50992,0
1615888800000,55905.13,56186.94,55840.26,55844.88,2568.764,1615889699999,143951337.24338,33953,1198.005,67147080.31704,0
1615889700000,55848.03,56195.52,55444.00,55706.09,5229.085,1615890599999,291354913.26207,65538,2332.573,130008284.48405,0
1615890600000,55706.10,55893.44,55600.00,55781.78,2936.064,1615891499999,163735657.09735,38313,1430.931,79805961.26413,0
1615891500000,55781.79,56083.00,55771.00,55833.98,2450.396,1615892399999,137060947.19157,34056,1260.318,70502939.64699,0
1615892400000,55837.43,55950.00,55573.14,55780.61,3138.375,1615893299999,174938438.20913,41222,1545.135,86146082.06213,0
1615893300000,55780.61,55780.62,55502.00,55636.46,2674.382,1615894199999,148806686.91768,33433,1342.914,74731260.75762,0
1615894200000,55636.45,55637.81,55170.00,55298.27,6022.766,1615895099999,333402371.20226,65963,2747.088,152078048.19031,0
1615895100000,55296.63,55544.61,55168.00,55528.68,3186.370,1615895999999,176462638.24266,39077,1652.375,91523083.05070,0
1615896000000,55528.69,55694.55,55265.00,55358.09,3932.585,1615896899999,218084048.26045,49485,1985.783,110143166.72508,0
1615896900000,55358.09,55450.00,55039.44,55217.99,3812.954,1615897799999,210561176.07438,45685,1788.697,98796309.65986,0
1615897800000,55217.98,55312.41,54837.95,54890.79,4138.609,1615898699999,227768548.75945,51984,1782.831,98145256.73095,0
1615898700000,54894.85,55220.57,54700.00,55145.56,4590.921,1615899599999,252127441.53138,57007,2315.889,127219932.28532,0
1615899600000,55146.47,55442.14,55080.00,55332.32,3299.323,1615900499999,182354651.48696,45442,1833.424,101344433.74134,0
1615900500000,55332.33,55865.53,55263.00,55619.23,4896.805,1615901399999,272336335.97948,59066,2721.747,151372085.33397,0
1615901400000,55619.75,55963.00,55330.66,55408.44,5326.329,1615902299999,296560561.39905,61279,2513.115,139971596.86358,0
1615902300000,55408.44,55443.00,55100.00,55369.99,4165.081,1615903199999,230082756.72797,50902,2106.631,116375102.60318,0
1615903200000,55370.00,55587.32,55255.55,55499.99,3133.142,1615904099999,173721475.18934,41879,1610.980,89341723.49554,0
1615904100000,55499.99,55704.85,55318.28,55380.25,2689.865,1615904999999,149253109.92924,38766,1336.568,74169913.00434,0
1615905000000,55388.42,55766.09,55377.53,55632.47,2214.089,1615905899999,123104188.79319,34607,1194.483,66421136.90940,0
1615905900000,55634.48,55791.49,55501.08,55703.80,1885.735,1615906799999,104911771.59264,29311,968.718,53899032.13651,0
1615906800000,55703.80,55961.00,55532.60,55790.54,4466.767,1615907699999,249152082.76287,51490,2440.102,136126858.60393,0
1615907700000,55780.94,55977.00,55506.45,55516.82,3109.497,1615908599999,173271146.64520,37624,1650.252,92008983.67281,0
1615908600000,55516.82,55714.57,55446.23,55513.54,1638.990,1615909499999,91081887.15810,27032,790.128,43913253.27822,0
1615909500000,55513.54,55900.00,55508.81,55885.38,2186.226,1615910399999,121873403.80641,31615,1139.058,63504385.63752,0
1615910400000,55885.37,56150.00,55660.00,55973.97,4866.304,1615911299999,272254001.28215,60259,2352.020,131623556.93239,0
1615911300000,55973.96,56044.24,55473.50,55628.77,4222.817,1615912199999,235243169.59223,48238,2016.713,112356763.63336,0
1615912200000,55631.20,55829.99,55580.99,55765.79,2169.579,1615913099999,120832799.05254,28897,1188.214,66181454.09484,0
1615913100000,55765.79,55867.63,55582.45,55703.59,1453.047,1615913999999,81003206.93925,22084,649.406,36207356.26508,0
1615914000000,55703.58,55880.00,55553.01,55588.86,1710.309,1615914899999,95230851.30646,26616,849.440,47304482.39205,0
1615914900000,55595.02,55849.31,55287.66,55386.05,2882.730,1615915799999,160180185.13846,39058,1229.556,68325265.89159,0
1615915800000,55386.06,55479.95,55010.00,55191.00,4354.291,1615916699999,240289277.11424,56588,2056.784,113528457.81274,0
1615916700000,55190.99,55400.00,55104.32,55310.49,2122.214,1615917599999,117337280.49131,27012,1082.397,59844187.82201,0
1615917600000,55310.48,55494.06,55168.02,55312.42,2445.120,1615918499999,135351022.42347,29549,1246.200,68997163.10006,0
1615918500000,55312.42,55548.47,55312.41,55425.00,1853.734,1615919399999,102767413.74866,23569,987.834,54764229.33374,0
1615919400000,55424.99,55738.16,55322.00,55335.76,2256.762,1615920299999,125333614.98466,27295,1276.398,70912984.23415,0
1615920300000,55335.76,55517.89,55273.54,55413.20,1544.321,1615921199999,85573023.71304,19831,720.829,39948225.19226,0
1615921200000,55415.24,55460.00,55222.98,55316.21,1260.755,1615922099999,69810269.22258,16834,651.857,36100215.86444,0
1615922100000,55316.21,55700.00,55316.21,55649.99,2067.460,1615922999999,114885441.37344,22873,1141.453,63436446.46547,0
1615923000000,55649.99,55764.01,55612.16,55720.96,1526.820,1615923899999,85024057.64469,16538,847.759,47213013.24416,0
1615923900000,55720.96,55889.90,55676.74,55782.36,2005.100,1615924799999,111856027.73321,22184,1060.200,59155484.45911,0
1615924800000,55781.81,56398.11,55732.15,56154.63,5394.847,1615925699999,302902085.60703,62959,2941.682,165143504.89037,0
1615925700000,56154.63,56412.00,56147.51,56309.43,2890.853,1615926599999,162720049.80739,33300,1410.561,79408101.32310,0
1615926600000,56309.43,56500.00,56241.10,56420.80,1966.243,1615927499999,110845728.09174,26810,1070.692,60370382.44868,0
1615927500000,56420.81,56470.32,56212.62,56438.35,1898.869,1615928399999,106968922.13516,24639,926.687,52209900.87651,0
1615928400000,56438.34,56448.00,56273.62,56434.15,1398.328,1615929299999,78853643.31619,22080,687.071,38749208.51094,0
1615929300000,56434.15,56700.00,56127.47,56326.91,3466.092,1615930199999,195532702.54517,46909,1666.498,94083028.01952,0
1615930200000,56326.92,56527.26,56326.92,56429.99,1269.698,1615931099999,71688573.00922,19111,563.956,31841323.69536,0
1615931100000,56430.00,56525.00,56337.46,56503.16,971.363,1615931999999,54836211.62809,16811,449.295,25368865.72643,0
1615932000000,56503.00,56800.00,56500.00,56612.38,2890.854,1615932899999,163833931.01945,39747,1530.481,86732622.34951,0
1615932900000,56612.38,56868.59,56520.79,56648.85,2053.588,1615933799999,116422312.58348,28609,1048.471,59446522.57571,0
1615933800000,56650.01,56819.10,56459.00,56606.98,2283.057,1615934699999,129277394.68954,27468,1088.991,61666808.14396,0
1615934700000,56606.99,56612.30,56251.00,56283.68,2002.403,1615935599999,112973791.54587,26095,657.685,37117476.55732,0
1615935600000,56283.93,56456.00,56254.31,56389.77,1803.232,1615936499999,101616317.64161,24086,942.408,53116122.35520,0
1615936500000,56389.78,56549.38,56304.17,56315.19,1576.315,1615937399999,88992606.50207,20103,846.747,47815301.21515,0
1615937400000,56313.77,56530.00,56110.05,56489.99,2081.599,1615938299999,117233383.61748,28032,1008.350,56805573.78101,0
1615938300000,56487.98,56988.00,56410.35,56954.19,3189.512,1615939199999,180831277.73426,38606,1992.873,113013531.63459,0
1615939200000,56953.23,57238.00,56614.90,56660.66,6094.170,1615940099999,347283925.48942,74116,2899.600,165318479.74778,0
1615940100000,56660.65,56796.00,56419.79,56432.41,2355.469,1615940999999,133299688.24459,32140,1064.780,60276056.62898,0
1615941000000,56432.40,56698.60,56424.77,56525.02,2453.004,1615941899999,138728896.61122,26333,1436.455,81244226.23669,0
1615941900000,56525.03,56614.17,56300.00,56554.34,2101.255,1615942799999,118620907.22330,25577,1051.541,59387058.38244,0
1615942800000,56554.33,56571.30,56327.80,56430.01,1378.674,1615943699999,77854695.75536,19800,618.440,34927536.60807,0
1615943700000,56430.00,56560.24,56100.00,56458.00,3588.333,1615944599999,202078460.46868,35783,1671.359,94195126.79003,0
1615944600000,56457.99,56482.59,56238.51,56278.08,1434.142,1615945499999,80800761.45210,18465,638.161,35953366.59826,0
1615945500000,56278.08,56386.11,56205.00,56330.95,1197.344,1615946399999,67400235.81649,17225,614.585,34596309.24846,0
1615946400000,56330.94,56332.99,56019.00,56170.01,2455.455,1615947299999,137888560.26393,29801,1112.663,62487511.77059,0
1615947300000,56170.02,56244.88,55800.00,56014.32,3149.098,1615948199999,176284064.63373,37825,1414.051,79173044.50852,0
1615948200000,56014.32,56150.00,55700.00,55831.56,3242.802,1615949099999,181140828.07692,33336,1600.750,89437953.76140,0
1615949100000,55835.59,55981.97,55755.45,55819.43,1548.946,1615949999999,86584738.87815,18389,849.377,47480004.04817,0
1615950000000,55819.43,56147.16,55701.00,56023.25,2431.288,1615950899999,136071777.76908,26678,1353.446,75765252.23771,0
1615950900000,56023.25,56200.00,55819.05,55904.00,2224.351,1615951799999,124570879.37368,23550,999.345,55961273.39969,0
1615951800000,55900.47,55994.77,55745.00,55753.85,1499.116,1615952699999,83749966.71453,17596,614.474,34339491.31827,0
1615952700000,55753.86,55976.00,55440.00,55561.82,3750.813,1615953599999,208873578.91992,39971,1573.610,87686657.18089,0
1615953600000,55561.83,55783.00,55450.00,55736.80,2141.047,1615954499999,119144746.54730,24594,1156.916,64385004.07272,0
1615954500000,55732.82,55857.04,55570.34,55576.33,1385.052,1615955399999,77188063.55899,18043,731.487,40774154.05208,0
1615955400000,55576.34,55896.41,55550.01,55777.00,1744.207,1615956299999,97225436.85795,20268,939.848,52384677.88878,0
1615956300000,55774.17,55787.00,55536.00,55613.52,2043.407,1615957199999,113735546.07272,21810,1033.540,57526913.18502,0
1615957200000,55613.52,55615.00,55216.28,55381.56,3891.004,1615958099999,215485101.75861,42907,1577.565,87373517.56636,0
1615958100000,55381.57,55680.00,55376.94,55650.01,1753.741,1615958999999,97359403.74364,22939,970.153,53864743.36743,0
1615959000000,55650.01,55777.64,55470.89,55777.64,1496.638,1615959899999,83222447.80259,20489,759.936,42273285.26734,0
1615959900000,55777.64,56013.08,55742.91,55977.70,3042.840,1615960799999,170087246.66204,33595,1880.375,105114539.52274,0
1615960800000,55977.99,56099.00,55862.68,55952.80,2993.287,1615961699999,167661559.19868,30380,1373.552,76941550.77299,0
1615961700000,55952.79,56234.00,55950.00,56219.70,2065.281,1615962599999,115906706.68013,25016,1193.139,66963170.54386,0
1615962600000,56219.71,56260.00,56068.01,56137.42,1488.478,1615963499999,83575414.82168,19402,679.006,38130244.69851,0
1615963500000,56134.87,56369.81,56134.48,56337.60,1891.706,1615964399999,106412621.29680,25595,1053.458,59263711.39676,0
1615964400000,56337.61,56354.20,55901.00,56053.92,2545.185,1615965299999,142936427.15671,24176,890.243,50017608.57892,0
1615965300000,56052.50,56170.60,55935.23,56072.88,2118.877,1615966199999,118770817.29297,24789,868.282,48677127.95882,0
1615966200000,56072.87,56079.50,55721.00,55926.11,3555.283,1615967099999,198663797.96652,36069,1480.152,82709450.86682,0
1615967100000,55926.10,55998.87,55766.28,55862.73,1150.323,1615967999999,64279624.30586,18167,554.099,30968841.93811,0
1615968000000,55863.76,55984.27,55658.35,55757.26,2263.519,1615968899999,126302180.94155,28857,1099.791,61380953.39125,0
1615968900000,55756.72,56109.14,55722.00,55962.68,2026.159,1615969799999,113283275.56027,24802,1261.558,70542713.33603,0
1615969800000,55962.67,55972.05,55665.39,55898.31,2264.670,1615970699999,126408945.89224,26608,1067.881,59615088.74725,0
1615970700000,55898.31,56033.00,55705.00,55828.80,1829.359,1615971599999,102175199.13877,21677,832.864,46533829.01799,0
1615971600000,55825.02,55916.82,55652.42,55813.55,2214.435,1615972499999,123498011.18535,25131,1023.343,57081185.78364,0
1615972500000,55813.55,55840.13,55587.27,55663.10,1963.446,1615973399999,109300549.59111,27726,852.301,47451624.36044,0
1615973400000,55663.09,55663.10,54843.58,54960.86,8086.519,1615974299999,446616094.13340,90655,3090.301,170680372.01822,0
1615974300000,54957.85,54994.55,54388.00,54807.22,9788.134,1615975199999,535972167.14884,106487,4566.926,250185607.46119,0
1615975200000,54806.05,55099.00,54633.02,55046.19,3925.135,1615976099999,215678576.86263,50657,2181.258,119872970.85177,0
1615976100000,55040.44,55230.61,54770.53,55165.05,3111.184,1615976999999,171172554.60997,38571,1602.571,88204896.68759,0
1615977000000,55165.04,55284.21,55056.61,55147.81,2275.242,1615977899999,125521140.59080,27289,1142.862,63056823.17768,0
1615977900000,55147.80,55179.01,54976.00,55120.82,2309.155,1615978799999,127190199.89857,26566,1076.754,59317940.75310,0
1615978800000,55120.83,55220.00,54917.00,55039.12,2285.975,1615979699999,125839502.84800,29472,1037.336,57115689.35091,0
1615979700000,55039.11,55043.78,54688.00,54821.54,3121.632,1615980599999,171217511.07456,38252,1376.538,75509738.62694,0
1615980600000,54821.54,55178.27,54584.07,55104.47,4427.227,1615981499999,243136843.75530,48513,2382.743,130886200.06503,0
1615981500000,55104.47,55250.00,54800.00,54878.05,3204.052,1615982399999,176221769.59199,37263,1511.255,83135329.24569,0
1615982400000,54878.42,55039.58,54297.70,54307.29,8480.431,1615983299999,463144306.12722,87829,3946.190,215613137.18879,0
1615983300000,54307.30,55085.00,54154.93,55083.66,8643.862,1615984199999,472463622.89407,84756,5028.704,274887109.44602,0
1615984200000,55081.67,55371.30,54954.84,55200.77,4845.819,1615985099999,267440925.10084,56621,2460.165,135813553.84242,0
1615985100000,55200.78,55471.85,55159.41,55185.76,2926.984,1615985999999,161862768.30447,36578,1518.569,83995811.51291,0
1615986000000,55185.76,55375.33,55081.11,55193.57,2632.360,1615986899999,145366422.32874,33263,1198.068,66178299.52070,0
1615986900000,55193.57,55468.14,55114.36,55288.79,2218.193,1615987799999,122694837.37683,30597,1272.777,70410100.72018,0
1615987800000,55288.79,55308.34,54949.92,55019.58,3476.809,1615988699999,191545352.07034,37220,1492.091,82215054.65131,0
1615988700000,55026.73,55299.00,54611.45,55137.59,6757.688,1615989599999,371205965.24562,67166,2978.137,163699638.38135,0
1615989600000,55139.29,55190.00,54759.73,54804.79,3025.440,1615990499999,166112668.07556,37169,1367.128,75070861.74339,0
1615990500000,54804.80,55079.94,54680.25,54891.13,2812.863,1615991399999,154430620.53310,34176,1479.889,81268375.34391,0
1615991400000,54891.14,55155.50,54806.34,54929.87,2551.071,1615992299999,140292603.63724,30632,1332.603,73292289.85903,0
1615992300000,54932.23,54961.99,54576.60,54588.66,4059.655,1615993199999,222335193.62609,43641,1867.697,102315971.21127,0
1615993200000,54588.65,55301.30,54359.85,55108.86,9707.001,1615994099999,532227638.17191,104717,4872.062,267184033.28725,0
1615994100000,55108.08,55278.00,55000.00,55063.99,4316.215,1615994999999,238021354.36216,43739,2108.919,116315677.78866,0
1615995000000,55063.99,55063.99,54671.57,54761.84,4532.425,1615995899999,248483065.97665,47334,2084.867,114304793.64316,0
1615995900000,54761.83,55120.80,54760.65,54959.45,2185.916,1615996799999,120137672.32571,26571,1196.349,65753588.83975,0
1615996800000,54959.44,55252.80,54775.66,55236.00,3499.228,1615997699999,192669557.44330,42385,1961.605,108045903.55783,0
1615997700000,55236.01,55683.00,55081.24,55558.23,5857.932,1615998599999,324625336.44555,63713,3354.259,185900999.25785,0
1615998600000,55559.99,55598.12,55336.35,55369.99,2367.545,1615999499999,131292298.48546,26694,985.593,54660122.37425,0
1615999500000,55370.00,55478.68,55250.00,55310.03,2052.167,1616000399999,113585564.76773,23075,1081.235,59853211.83050,0
1616000400000,55310.04,55395.19,55210.00,55264.45,1121.652,1616001299999,62024279.03210,17929,481.466,26625920.84530,0
1616001300000,55267.10,55400.00,55250.00,55385.00,1198.833,1616002199999,66346774.73686,16346,668.593,37003977.53647,0
1616002200000,55385.01,55700.00,55283.82,55551.03,2493.519,1616003099999,138460957.49545,28225,1494.919,83017753.64625,0
1616003100000,55551.04,55623.43,55423.42,55579.99,2632.988,1616003999999,146193630.21885,23998,1334.068,74086270.10137,0
1616004000000,55576.41,56680.00,55575.72,56477.86,10915.385,1616004899999,613473241.07682,118896,6261.981,351845956.90210,0
1616004900000,56477.87,56999.00,56471.38,56572.51,7036.099,1616005799999,399241373.86633,82506,3333.399,189214539.58082,0
1616005800000,56572.52,57406.76,56561.41,57307.87,6551.732,1616006699999,373653825.01286,77160,3888.466,221814769.90871,0
1616006700000,57312.22,57614.23,57120.00,57614.18,7505.061,1616007599999,430747297.70482,88884,3741.912,214815182.79802,0
1616007600000,57614.00,57951.77,57400.00,57632.99,10084.222,1616008499999,582108891.68651,111413,5103.021,294679522.71565,0
1616008500000,57633.00,57814.73,57354.50,57783.19,4062.800,1616009399999,234089015.17326,48520,2064.394,118995346.76978,0
1616009400000,57783.18,58222.00,57766.37,57884.44,7525.662,1616010299999,436605303.12317,84269,4011.777,232779065.19263,0
1616010300000,57884.44,58107.19,57616.00,57897.10,4577.755,1616011199999,264735782.77506,52412,2169.951,125516372.88643,0
1616011200000,57897.10,58145.00,57856.79,58043.50,4227.359,1616012099999,245245525.19854,46005,2191.848,127177994.06999,0
1616012100000,58040.86,58270.00,57881.35,57939.48,3653.210,1616012999999,212168515.12584,43536,1638.816,95204384.34401,0
1616013000000,57940.74,58411.25,57938.42,57982.47,4211.147,1616013899999,244884111.10181,45281,1987.665,115625100.88382,0
1616013900000,57982.47,58050.00,57753.13,57764.37,3397.730,1616014799999,196787382.08999,37663,1395.332,80833201.01255,0
1616014800000,57764.38,58050.00,57750.00,57990.85,2028.565,1616015699999,117561851.26157,27188,1027.004,59520164.54466,0
1616015700000,57990.86,58127.76,57656.00,58127.76,3350.729,1616016599999,193927707.88642,37117,1681.920,97371892.36081,0
1616016600000,58127.76,58805.59,58093.67,58460.61,8958.349,1616017499999,524077587.17164,101915,4654.348,272299304.00410,0
1616017500000,58456.44,58538.10,58213.00,58466.22,2346.443,1616018399999,136998786.88293,34155,1227.402,71670134.40014,0
1616018400000,58466.21,59000.00,58461.89,58908.03,5078.403,1616019299999,298307259.53971,65928,2875.400,168921873.80166,0
1616019300000,58908.04,58989.00,58500.00,58600.00,3247.010,1616020199999,190537710.26672,42778,1346.725,79026708.57108,0
1616020200000,58600.00,58841.40,58416.30,58605.80,2984.686,1616021099999,174937140.79297,38710,1477.502,86617664.18131,0
1616021100000,58605.70,58746.37,58286.00,58353.25,2657.839,1616021999999,155411380.25224,33508,1092.538,63903746.66046,0
1616022000000,58353.25,58800.00,58299.99,58635.70,2690.936,1616022899999,157636634.18551,34131,1457.675,85378485.57465,0
1616022900000,58635.70,58839.84,58539.00,58544.46,1764.896,1616023799999,103575054.86194,24547,825.866,48474158.22693,0
1616023800000,58544.47,58675.48,58368.00,58641.47,1859.164,1616024699999,108821822.58463,24710,938.547,54944607.28331,0
1616024700000,58641.48,59078.79,58586.85,58959.00,2979.475,1616025599999,175355979.92987,37272,1733.470,102062458.29358,0
1616025600000,58959.01,59615.00,58937.37,59325.11,8189.519,1616026499999,485895550.92901,93971,4430.428,262859836.08316,0
1616026500000,59325.10,59395.77,58759.42,59146.35,4356.779,1616027399999,257338208.29316,53096,2017.199,119150851.40381,0
1616027400000,59146.34,59368.42,58938.00,59110.92,2774.332,1616028299999,164154293.63874,38889,1381.411,81742227.66314,0
1616028300000,59110.93,59186.32,58900.00,58971.41,1941.172,1616029199999,114594609.40726,26676,899.377,53100986.62598,0
1616029200000,58971.42,59256.04,58963.57,59135.00,2103.895,1616030099999,124358734.34340,29609,1047.788,61935338.94504,0
1616030100000,59131.43,59395.30,59050.00,59059.99,1999.940,1616030999999,118464316.51637,27666,978.912,58003310.23579,0
1616031000000,59059.99,59250.00,58960.18,58962.83,1487.467,1616031899999,87904376.24597,21069,775.256,45822529.44606,0
1616031900000,58962.84,59149.18,58801.00,59098.98,2339.895,1616032799999,137984293.64878,30012,1088.904,64228954.30941,0
1616032800000,59098.97,59287.66,59056.59,59273.18,1858.970,1616033699999,110014077.68393,24778,948.464,56137574.13111,0
1616033700000,59273.17,59344.00,59194.36,59296.87,1862.383,1616034599999,110408708.75867,25810,909.029,53893391.57741,0
1616034600000,59292.46,59344.00,59050.63,59084.43,1736.922,1616035499999,102826445.37880,23447,849.055,50263402.66368,0
1616035500000,59085.99,59202.55,58960.00,59045.96,1514.663,1616036399999,89495796.71653,22189,745.132,44035775.80053,0
1616036400000,59047.87,59100.01,58900.03,58950.00,1840.275,1616037299999,108555351.17584,25501,776.247,45793010.07114,0
1616037300000,58949.99,59003.17,58666.60,58694.58,2391.906,1616038199999,140730515.00919,32902,897.502,52819101.22027,0
1616038200000,58694.59,58882.00,58677.61,58850.09,1961.538,1616039099999,115344536.62385,23266,941.859,55383637.06934,0
1616039100000,58850.09,58851.79,58713.25,58773.47,1073.505,1616039999999,63103143.85924,15311,543.446,31944562.85261,0
1616040000000,58773.47,59018.28,58666.66,58922.57,2186.308,1616040899999,128696262.93253,26098,1341.496,78969826.91385,0
1616040900000,58922.57,59261.77,58895.19,58928.25,2522.529,1616041799999,149003167.15809,29225,1292.428,76353700.21127,0
1616041800000,58929.81,58947.82,58787.41,58808.65,1296.407,1616042699999,76309810.32948,19267,598.140,35208248.77748,0
1616042700000,58808.65,58865.13,58671.01,58818.52,1728.510,1616043599999,101575004.61627,21011,669.724,39362716.13076,0
1616043600000,58818.53,58977.15,58673.46,58920.00,2163.415,1616044499999,127281503.26749,24824,899.737,52953143.60941,0
1616044500000,58922.70,59220.00,58909.02,59042.01,2409.555,1616045399999,142343743.64187,26682,1434.766,84763598.21054,0
1616045400000,59042.01,59078.97,58854.94,58981.25,1656.655,1616046299999,97703696.12271,21214,637.919,37629926.49403,0
1616046300000,58980.01,59120.00,58915.04,59014.31,978.683,1616047199999,57774498.72722,15549,492.789,29093696.11863,0
1616047200000,59011.02,59067.56,58750.00,58838.13,1584.103,1616048099999,93261934.72757,21487,731.410,43061154.91341,0
1616048100000,58835.97,58900.00,58710.00,58764.69,1481.293,1616048999999,87094925.08366,19274,788.540,46368498.45683,0
1616049000000,58764.18,58950.00,58755.55,58859.85,1139.781,1616049899999,67117158.56262,15690,568.630,33483806.86229,0
1616049900000,58859.85,59135.91,58846.69,58959.32,1949.680,1616050799999,115036189.11540,20595,1136.705,67072295.11028,0
1616050800000,58959.33,58982.54,58718.48,58750.83,1804.056,1616051699999,106133292.07536,20953,633.138,37254916.83512,0
1616051700000,58750.84,58843.58,58401.00,58579.78,4959.386,1616052599999,290641450.77472,48982,2114.650,123945825.58249,0
1616052600000,58575.92,58580.00,58165.63,58202.29,4442.912,1616053499999,259332333.71594,44362,1645.214,96072111.86378,0
1616053500000,58202.73,58441.38,58202.73,58398.23,2451.072,1616054399999,143011391.88619,27650,1377.976,80403847.42779,0
1616054400000,58395.01,58540.00,58319.98,58481.60,2213.689,1616055299999,129388536.48097,27965,1205.963,70497752.83676,0
1616055300000,58481.60,58560.83,58230.50,58403.67,2142.069,1616056199999,125151606.92574,27019,904.312,52846454.36413,0
1616056200000,58403.67,58540.00,58150.00,58275.56,2102.006,1616057099999,122603972.67742,24261,894.572,52189302.78037,0
1616057100000,58275.55,58377.45,58008.94,58080.72,3930.797,1616057999999,228525678.94033,42048,1784.671,103770872.70331,0
1616058000000,58080.71,58345.26,58020.82,58222.12,2986.415,1616058899999,173824472.00965,32003,1715.500,99871968.80762,0
1616058900000,58222.12,58451.17,58112.82,58279.69,1976.189,1616059799999,115216751.74008,26059,1027.898,59934038.09051,0
1616059800000,58279.70,58527.66,58271.04,58471.85,1954.573,1616060699999,114220637.07293,26467,1220.264,71310819.10407,0
1616060700000,58471.85,58538.00,58385.89,58456.27,1348.324,1616061599999,78799340.46625,18614,637.787,37277905.71942,0
1616061600000,58455.76,58726.81,58367.00,58547.86,2928.178,1616062499999,171520359.99900,34580,1593.861,93372740.06585,0
1616062500000,58547.85,58548.00,58275.32,58428.09,2269.506,1616063399999,132540691.48330,25503,986.868,57635841.09600,0
1616063400000,58428.09,58611.00,58401.00,58512.02,1333.252,1616064299999,78021512.34501,19034,635.088,37165327.60327,0
1616064300000,58512.02,58645.94,58376.64,58566.12,1412.310,1616065199999,82654254.18006,18812,748.395,43808619.65542,0
1616065200000,58566.12,58600.00,58434.70,58496.65,1371.520,1616066099999,80259192.44320,17905,655.796,38379648.27264,0
1616066100000,58496.66,58508.37,58169.88,58301.01,2325.614,1616066999999,135634963.27277,28531,853.961,49806457.04114,0
1616067000000,58301.01,58324.85,58055.00,58209.99,2833.192,1616067899999,164728021.83531,33697,1375.546,79985282.13005,0
1616067900000,58209.99,58348.91,57940.00,58244.61,3680.118,1616068799999,213941600.39335,39742,1655.805,96303551.72082,0
1616068800000,58240.01,58258.41,57810.00,57934.81,3892.913,1616069699999,225738074.33479,44560,1738.040,100779539.93328,0
1616069700000,57932.79,58000.00,57759.52,57852.93,3767.633,1616070599999,218058070.09101,38526,1656.923,95922978.01059,0
1616070600000,57852.92,58026.00,57650.00,57947.21,3709.709,1616071499999,214460774.95514,45800,1906.705,110270852.85609,0
1616071500000,57946.60,58146.02,57851.95,58093.24,2594.466,1616072399999,150601725.91644,32679,1563.243,90746330.89094,0
1616072400000,58093.24,58178.56,57975.68,58083.77,2017.997,1616073299999,117193950.38506,25674,1052.983,61164446.25080,0
1616073300000,58083.78,58244.79,57869.12,58157.62,2539.444,1616074199999,147519402.19252,31865,1316.284,76482756.19815,0
1616074200000,58157.61,58170.96,57959.43,58119.83,2008.127,1616075099999,116611551.34205,24721,948.496,55083818.03982,0
1616075100000,58118.01,58118.01,57819.12,57882.00,2527.749,1616075999999,146388475.93109,29830,1150.994,66659857.50815,0
1616076000000,57884.81,58090.00,57600.00,57789.43,4257.045,1616076899999,246126879.53202,46702,2037.906,117853560.76638,0
1616076900000,57789.42,57941.05,57553.30,57918.78,3180.659,1616077799999,183656952.35944,40250,1743.649,100702778.96130,0
1616077800000,57918.37,58045.25,57677.00,57898.71,3008.500,1616078699999,174088525.66737,36349,1386.864,80264958.85121,0
1616078700000,57897.75,57964.00,57661.00,57904.89,2967.453,1616079599999,171627527.56316,32704,1421.701,82237057.56663,0
1616079600000,57904.90,58138.49,57730.00,58125.90,3232.043,1616080499999,187404573.77802,36831,1785.785,103560166.95404,0
1616080500000,58125.89,58500.00,58010.00,58384.30,5034.827,1616081399999,293615578.32918,56367,2716.789,158451207.96022,0
1616081400000,58384.30,59120.00,58379.03,59026.87,9487.703,1616082299999,557834935.93332,95339,5492.486,322933481.38904,0
1616082300000,59028.69,59717.86,59028.69,59592.67,13756.790,1616083199999,817248335.66596,133420,6900.839,409984097.59001,0
1616083200000,59592.68,59973.80,59450.00,59699.99,10709.326,1616084099999,639667629.47877,114996,5251.827,313774563.28511,0
1616084100000,59700.00,59880.00,59654.83,59839.99,3803.707,1616084999999,227411095.66437,46020,1761.673,105329057.02714,0
1616085000000,59840.00,60510.00,59640.54,59821.04,9681.239,1616085899999,580569207.80304,95850,5050.947,303142681.82021,0
1616085900000,59821.14,59870.00,59113.71,59162.22,8773.182,1616086799999,521621108.36114,90096,3485.777,207207434.23797,0
1616086800000,59162.23,59545.00,59151.94,59528.97,4505.194,1616087699999,267466069.00777,48261,2301.981,136669209.85991,0
1616087700000,59528.75,59532.19,59355.34,59484.70,2105.551,1616088599999,125206144.47193,26015,980.170,58289975.70907,0
1616088600000,59484.70,59485.79,59212.00,59400.00,2658.416,1616089499999,157747337.97223,30156,1102.153,65400512.34789,0
1616089500000,59400.01,59462.31,59127.31,59319.72,2924.515,1616090399999,173541921.30351,28592,1402.389,83264125.90517,0
1616090400000,59319.86,59385.59,58776.49,58832.77,4625.659,1616091299999,273143000.87119,49743,1767.659,104381334.43313,0
1616091300000,58833.04,58897.99,58553.16,58608.24,4461.254,1616092199999,262121314.97469,48927,1963.038,115384149.36494,0
1616092200000,58608.18,58807.51,58276.88,58340.00,5887.702,1616093099999,344549464.17618,60001,2382.647,139498236.32363,0
1616093100000,58340.00,58473.00,58061.53,58297.11,5219.172,1616093999999,304104967.91710,61251,2628.217,153173784.76661,0
1616094000000,58297.10,58477.07,58000.00,58026.18,4185.349,1616094899999,243758659.90087,49139,1824.765,106334949.13084,0
1616094900000,58026.19,58115.37,57800.00,58040.03,5555.129,1616095799999,321921195.41313,57825,2853.356,165377777.76651,0
1616095800000,58040.01,58279.75,57850.00,58136.74,3469.207,1616096699999,201399581.26686,38785,1858.364,107930789.39166,0
1616096700000,58136.73,58186.84,57227.90,57359.68,9957.864,1616097599999,573478592.18097,95898,3624.265,208699560.20349,0
1616097600000,57359.68,57778.75,57072.00,57760.14,7257.799,1616098499999,417070137.68516,75196,3669.607,210931294.32178,0
1616098500000,57760.15,57778.74,57388.18,57733.67,3475.067,1616099399999,200070026.31830,36999,1647.438,94860805.30563,0
1616099400000,57733.66,57944.00,57571.36,57664.60,4020.736,1616100299999,232228940.97797,36128,1755.868,101452000.49369,0
1616100300000,57664.59,57766.55,57522.47,57559.66,2099.042,1616101199999,120956146.14433,23819,1056.936,60915569.73083,0
1616101200000,57559.66,57964.00,57483.19,57751.42,2496.943,1616102099999,144266649.59212,30045,1345.186,77727968.80816,0
1616102100000,57751.41,57915.24,57708.97,57775.22,1162.926,1616102999999,67222267.83310,18417,644.414,37253189.45657,0
1616103000000,57775.22,57882.13,57703.91,57756.90,1171.521,1616103899999,67691661.88132,16218,547.787,31650327.88030,0
1616103900000,57757.01,58050.00,57754.09,57928.27,1788.972,1616104799999,103629051.22785,23691,1057.944,61285724.42257,0
1616104800000,57928.27,58184.35,57868.69,58093.82,1670.067,1616105699999,96945431.51067,24806,950.139,55162243.36138,0
1616105700000,58093.83,58099.00,57700.00,57902.90,2370.381,1616106599999,137171119.49990,29108,969.426,56098584.65853,0
1616106600000,57902.90,58100.00,57855.06,58019.02,1445.694,1616107499999,83821486.00355,19945,729.553,42300551.13579,0
1616107500000,58019.01,58031.69,57655.99,57669.88,1323.585,1616108399999,76557908.52069,18988,505.923,29272171.95511,0
1616108400000,57669.89,57996.05,57663.84,57731.10,1627.600,1616109299999,94132134.39530,22941,765.926,44293248.20873,0
1616109300000,57731.10,57862.67,57406.82,57659.29,2161.783,1616110199999,124580211.81488,27220,866.440,49938835.68932,0
1616110200000,57659.29,58084.00,57600.55,57802.52,2053.059,1616111099999,118839394.02619,27904,1133.540,65620026.93428,0
1616111100000,57802.51,57969.45,57670.13,57700.01,1474.069,1616111999999,85164315.16353,21294,660.097,38141824.28462,0
1616112000000,57700.01,57737.22,57232.00,57288.94,4045.568,1616112899999,232596618.22798,47234,1719.752,98885654.36859,0
1616112900000,57288.94,57320.45,56301.27,56682.31,11197.153,1616113799999,634608296.37984,126747,4696.084,266030780.52892,0
1616113800000,56683.63,56895.00,56412.90,56880.98,3393.540,1616114699999,192474245.88047,40042,1772.020,100528286.32706,0
1616114700000,56880.98,57043.16,56765.34,56930.61,2429.988,1616115599999,138334732.31113,30612,1146.660,65290413.39174,0
1616115600000,56930.62,57196.32,56722.00,57073.60,2870.497,1616116499999,163610577.18821,35775,1515.755,86416936.70233,0
1616116500000,57073.59,57114.70,56926.02,57070.45,1973.588,1616117399999,112512023.94918,22555,1072.846,61165377.16321,0
1616117400000,57070.44,57278.00,57025.61,57250.59,1496.178,1616118299999,85519522.15213,20089,920.597,52622710.18902,0
1616118300000,57250.26,57460.40,57188.80,57421.00,2223.262,1616119199999,127449591.01108,25578,1275.165,73106156.69127,0
1616119200000,57421.00,57444.00,57233.93,57288.01,1269.812,1616120099999,72770607.57977,18320,549.612,31498009.70604,0
1616120100000,57288.00,57624.90,57284.47,57500.61,2401.570,1616120999999,138006995.57257,27119,1328.240,76331331.33449,0
1616121000000,57500.60,57816.25,57440.30,57482.26,3238.843,1616121899999,186628587.28706,33821,1659.147,95644745.10584,0
1616121900000,57482.26,57562.40,57320.46,57400.48,1818.314,1616122799999,104438810.87310,20947,760.922,43712225.13662,0
1616122800000,57400.48,57692.42,57350.00,57636.30,1769.171,1616123699999,101698454.32459,20609,1034.715,59489498.23268,0
1616123700000,57636.30,57725.24,57477.09,57592.28,1310.586,1616124599999,75483888.48612,17730,574.982,33118459.05467,0
1616124600000,57592.27,57779.00,57533.41,57723.38,1056.070,1616125499999,60897917.48610,16379,539.972,31136333.67413,0
1616125500000,57723.39,57934.16,57711.90,57796.06,2411.858,1616126399999,139474213.72193,25034,1361.201,78708913.48532,0
1616126400000,57796.06,57920.00,57653.01,57759.24,2445.981,1616127299999,141360727.98223,24969,1321.273,76368411.79295,0
1616127300000,57759.24,58047.92,57759.24,57953.98,1829.944,1616128199999,105940125.09970,22073,1057.530,61232409.38025,0
1616128200000,57953.98,58300.00,57870.01,58199.98,3383.192,1616129099999,196663292.49569,39309,1998.676,116201250.24309,0
1616129100000,58199.98,58252.48,57845.27,57903.95,2496.563,1616129999999,144859569.25301,26298,1026.515,59578202.47731,0
1616130000000,57903.95,58048.48,57820.00,57949.99,1349.045,1616130899999,78151468.91246,18946,659.897,38234409.90578,0
1616130900000,57949.99,58127.35,57711.27,57756.04,2466.803,1616131799999,142928282.95080,27157,966.569,56018685.80964,0
1616131800000,57756.05,57899.98,57650.00,57882.51,2110.493,1616132699999,121977195.96862,23754,1075.339,62158767.12876,0
1616132700000,57882.51,58450.00,57863.72,58405.76,3811.672,1616133599999,222031347.31358,42206,2179.614,126949025.77219,0
1616133600000,58405.77,58555.00,58081.85,58115.62,3468.312,1616134499999,202201701.29022,38101,1650.162,96234971.03446,0
1616134500000,58115.62,58250.00,58028.01,58159.02,1743.313,1616135399999,101352652.47625,19957,901.236,52396340.03042,0
1616135400000,58159.02,58270.96,58050.00,58086.36,1439.992,1616136299999,83749883.33468,17761,624.334,36314469.79647,0
1616136300000,58086.35,58288.18,58080.00,58183.94,1381.359,1616137199999,80386043.81655,17707,807.688,47005790.12326,0
1616137200000,58183.93,58424.13,58067.45,58111.55,2163.822,1616138099999,126048920.08747,27482,1086.173,63297617.90164,0
1616138100000,58111.54,58288.97,58107.82,58268.56,1267.557,1616138999999,73777421.45479,17579,707.594,41180789.36660,0
1616139000000,58268.55,58300.00,58056.60,58065.10,1384.356,1616139899999,80500416.52117,22032,579.197,33685327.86754,0
1616139900000,58065.10,58149.97,57773.86,57885.36,2264.302,1616140799999,131237629.83293,32830,805.496,46693944.48791,0
1616140800000,57885.17,58700.00,57520.00,58367.25,9318.830,1616141699999,541722752.67724,98111,4715.993,274292425.33754,0
1616141700000,58367.28,58399.23,58019.75,58191.28,3072.035,1616142599999,178771112.05874,39805,1454.663,84653698.36322,0
1616142600000,58191.28,58385.83,58077.17,58179.90,1924.403,1616143499999,112050360.55392,26393,949.542,55300323.69165,0
1616143500000,58179.89,58517.61,58156.84,58383.70,2309.009,1616144399999,134766000.83717,28555,1367.784,79834082.81423,0
1616144400000,58379.90,58945.00,58379.90,58787.14,6383.980,1616145299999,374641242.13960,69430,3590.254,210730685.87407,0
1616145300000,58787.13,58939.00,58473.65,58567.72,3240.091,1616146199999,190193068.40607,38808,1563.217,91793816.75612,0
1616146200000,58567.72,58675.00,58475.00,58531.96,1582.934,1616147099999,92712122.94591,20140,852.120,49915730.58712,0
1616147100000,58531.96,58548.75,58258.19,58357.11,2275.086,1616147999999,132816321.51161,28321,900.255,52556246.63427,0
1616148000000,58357.10,58482.43,58173.37,58332.01,1894.266,1616148899999,110454959.55601,27532,850.750,49622601.46304,0
1616148900000,58332.00,58500.00,58323.01,58421.49,1322.678,1616149799999,77252891.05413,20775,797.257,46566719.47806,0
1616149800000,58421.44,58529.00,58297.30,58379.21,1754.389,1616150699999,102500897.42819,23707,943.020,55113857.12776,0
1616150700000,58378.94,58761.00,58363.00,58626.92,2152.726,1616151599999,126058415.67655,28829,1282.437,75108690.76610,0
1616151600000,58626.93,58754.00,58513.24,58605.01,2102.872,1616152499999,123319028.92828,28737,1000.903,58699736.86655,0
1616152500000,58605.00,58850.68,58470.00,58665.92,2717.764,1616153399999,159464886.58473,32927,1455.231,85402941.29008,0
1616153400000,58665.92,58750.00,58500.00,58628.67,2708.332,1616154299999,158817034.41436,28209,1340.846,78648260.72229,0
1616154300000,58628.67,58887.37,58559.48,58881.31,2119.530,1616155199999,124511021.54980,30423,1170.237,68751196.79990,0
1616155200000,58881.15,59300.00,58843.00,58884.80,8254.349,1616156099999,487695909.81916,90742,4153.467,245430064.11564,0
1616156100000,58887.78,59207.00,58880.58,59133.90,2602.426,1616156999999,153734546.58191,34020,1583.719,93555678.37581,0
1616157000000,59133.91,59238.00,58932.99,59020.01,2227.379,1616157899999,131583066.85619,29977,1091.010,64458800.31579,0
1616157900000,59020.01,59056.00,58750.00,58910.00,2251.243,1616158799999,132533145.35485,29872,1003.598,59086882.81056,0
1616158800000,58910.00,58928.00,58300.00,58540.97,6939.322,1616159699999,406426748.89703,72593,2952.368,172978203.48536,0
1616159700000,58539.92,58691.38,58476.53,58577.87,2305.553,1616160599999,135076091.26409,30479,1260.317,73847448.96022,0
1616160600000,58577.87,58648.29,58150.00,58165.99,4579.854,1616161499999,267388176.55827,50446,1766.980,103179433.45579,0
1616161500000,58165.98,58483.12,58130.00,58346.42,3597.703,1616162399999,209796449.23082,41311,1768.997,103180546.24177,0
1616162400000,58346.41,58401.33,58010.00,58283.70,4210.452,1616163299999,244996498.48391,51274,1803.484,104966804.29900,0
1616163300000,58280.18,58630.00,58200.48,58464.50,4088.416,1616164199999,239086583.82443,47958,2336.174,136621630.51268,0
1616164200000,58464.50,58848.61,58360.00,58736.54,3231.197,1616165099999,189458114.80077,40593,1843.075,108089859.76314,0
1616165100000,58736.54,58810.00,58650.00,58787.70,2108.242,1616165999999,123806675.84362,25389,1126.152,66137476.86801,0
1616166000000,58787.69,58899.00,58556.29,58746.71,2429.084,1616166899999,142598107.41228,32209,1153.530,67741358.93129,0
1616166900000,58746.71,59050.00,58694.73,58853.86,3827.712,1616167799999,225364837.29702,47775,2135.620,125751223.44880,0
1616167800000,58853.86,59217.78,58853.86,59058.00,3776.066,1616168699999,222964450.49439,49001,1975.169,116647242.24526,0
1616168700000,59058.01,59200.00,58968.46,59016.14,2072.166,1616169599999,122418597.70881,31481,932.894,55122755.33704,0
1616169600000,59018.88,59249.99,58700.00,58933.00,5349.609,1616170499999,315554437.25595,62272,2524.660,148988139.35882,0
1616170500000,58927.25,59119.00,58788.88,58858.60,3337.410,1616171399999,196746224.81348,39540,1433.209,84501881.84940,0
1616171400000,58858.60,58990.33,58820.00,58891.72,1752.693,1616172299999,103238799.73896,23350,965.553,56874126.67092,0
1616172300000,58892.81,59110.00,58871.12,58925.76,1821.213,1616173199999,107434064.58325,25233,873.988,51564313.78360,0
1616173200000,58926.77,59034.88,58784.00,58876.99,1376.151,1616174099999,81059361.57582,22972,662.450,39029205.25249,0
1616174100000,58877.00,58972.81,58680.00,58801.25,1739.483,1616174999999,102297570.47410,25202,783.075,46058383.03990,0
1616175000000,58801.25,58938.02,58759.56,58820.42,1089.962,1616175899999,64150438.36877,17956,509.838,30007903.50087,0
1616175900000,58820.42,59043.13,58792.81,58914.30,1553.743,1616176799999,91553726.00842,22084,907.789,53498743.17146,0
1616176800000,58917.96,59019.73,58448.88,58595.21,3343.330,1616177699999,196214727.76669,36757,1385.239,81335379.08419,0
1616177700000,58595.22,58859.02,58400.00,58777.74,2793.040,1616178599999,163691848.04304,35157,1525.238,89402628.50360,0
1616178600000,58777.74,59022.00,58763.35,58841.85,1529.924,1616179499999,90092447.21476,23708,827.704,48745044.48288,0
1616179500000,58841.84,58950.00,58767.44,58859.99,1014.296,1616180399999,59705435.73410,15862,438.620,25819424.70169,0
1616180400000,58860.00,58900.00,58706.26,58776.06,1185.124,1616181299999,69687680.90784,16921,496.871,29220580.94808,0
1616181300000,58776.06,58903.82,58720.00,58811.71,1023.187,1616182199999,60190970.14528,13605,504.205,29661733.36436,0
1616182200000,58811.72,59046.91,58811.72,58910.12,2042.154,1616183099999,120358369.03413,22253,1084.376,63923949.04889,0
1616183100000,58910.11,58988.96,58711.11,58875.66,2485.057,1616183999999,146228498.80934,26048,1153.599,67880487.81533,0
1616184000000,58875.65,59510.00,58812.56,59440.43,4122.862,1616184899999,244089581.00137,51041,2767.703,163907764.35405,0
1616184900000,59440.42,59550.00,58507.00,58582.96,7401.248,1616185799999,437647817.24520,79807,3178.391,187955253.62735,0
1616185800000,58582.96,58958.06,58200.00,58325.47,6764.602,1616186699999,396659585.23998,69622,3360.836,197212317.89587,0
1616186700000,58325.47,58503.50,58160.00,58415.45,3729.014,1616187599999,217485500.66020,43351,2028.782,118349198.71725,0
1616187600000,58415.45,58690.00,58344.06,58647.76,2022.216,1616188499999,118380688.20025,27504,1026.230,60086558.59695,0
1616188500000,58647.76,58743.94,58538.07,58670.00,927.669,1616189399999,54413433.72642,17096,419.856,24631324.53908,0
1616189400000,58669.99,58680.00,58530.00,58670.17,815.552,1616190299999,47795264.48880,13628,321.000,18813620.11088,0
1616190300000,58670.17,58825.40,58613.82,58703.94,1154.011,1616191199999,67763758.98390,19420,603.905,35465533.74354,0
1616191200000,58703.94,58703.95,58410.00,58410.01,1411.506,1616192099999,82650558.54372,19165,483.961,28346241.62880,0
1616192100000,58410.00,58628.11,58410.00,58582.94,1139.208,1616192999999,66684458.45069,16106,574.770,33641008.85900,0
1616193000000,58582.94,58610.00,58414.48,58491.52,980.462,1616193899999,57370378.60128,13629,390.328,22839065.10131,0
1616193900000,58491.52,58596.49,58328.43,58554.78,1153.052,1616194799999,67385493.43162,17007,558.883,32667163.87289,0
1616194800000,58551.60,58600.00,58230.00,58309.59,2078.537,1616195699999,121291908.32341,23486,826.024,48207381.15932,0
1616195700000,58309.58,58310.00,58160.00,58267.02,1810.530,1616196599999,105400861.92802,21463,724.305,42170908.49457,0
1616196600000,58267.01,58400.00,58059.11,58195.66,2295.008,1616197499999,133684349.80432,26575,1052.510,61329753.41010,0
1616197500000,58195.65,58425.26,58042.42,58089.11,2504.833,1616198399999,145818106.95368,26528,1181.329,68783971.16993,0
1616198400000,58089.11,58285.61,57881.00,58209.68,3914.466,1616199299999,227302533.52779,49582,1764.370,102478343.14954,0
1616199300000,58209.69,58483.87,58166.79,58360.29,2200.603,1616200199999,128413441.25870,29951,1182.165,68986143.10853,0
1616200200000,58360.29,58566.97,58360.29,58459.31,1324.839,1616201099999,77470143.92906,18942,793.028,46373286.53660,0
1616201100000,58459.31,58740.00,58409.00,58695.65,2048.786,1616201999999,120115087.99372,25681,1151.958,67542257.03831,0
1616202000000,58693.69,58744.99,58540.00,58618.55,1203.036,1616202899999,70542034.95234,19424,592.445,34741481.00269,0
1616202900000,58618.55,58738.00,58561.85,58640.96,784.533,1616203799999,46010618.63756,14623,394.285,23126496.74515,0
1616203800000,58640.95,58926.94,58610.00,58700.01,1607.085,1616204699999,94445846.09681,24209,894.170,52552566.22951,0
1616204700000,58700.01,58951.00,58663.07,58782.21,1460.507,1616205599999,85896063.49772,19668,783.446,46078617.90959,0
1616205600000,58782.36,58990.00,58700.10,58900.00,1544.202,1616206499999,90869273.96135,20938,878.421,51696059.59135,0
1616206500000,58900.01,58900.01,58770.00,58808.10,737.527,1616207399999,43371113.91016,13706,364.082,21411381.72835,0
1616207400000,58808.11,58890.00,58636.94,58692.61,1460.526,1616208299999,85779952.02671,18874,593.371,34854643.65551,0
1616208300000,58692.60,58692.61,58500.00,58613.38,1520.277,1616209199999,89070912.58071,19149,617.225,36163534.96753,0
1616209200000,58613.39,58650.49,58500.00,58529.99,1080.421,1616210099999,63267607.34787,14968,549.728,32194009.43879,0
1616210100000,58529.99,58532.56,58321.69,58366.39,1749.471,1616210999999,102219071.59006,24578,793.264,46355214.37338,0
1616211000000,58370.59,58500.00,58292.00,58411.52,1266.742,1616211899999,73985114.71306,17929,637.384,37232023.98816,0
1616211900000,58411.51,58497.16,58238.56,58436.97,1412.183,1616212799999,82425564.05018,19121,700.894,40921517.04800,0
1616212800000,58436.97,58641.24,58306.69,58602.55,2015.456,1616213699999,117966177.26768,25386,1166.509,68282141.64378,0
1616213700000,58602.55,58655.00,58424.63,58447.37,972.284,1616214599999,56921054.24707,16178,469.298,27478082.39498,0
1616214600000,58447.36,58447.36,58250.00,58358.75,1217.738,1616215499999,71055579.70657,17786,534.764,31205152.46893,0
1616215500000,58358.75,58381.83,58225.23,58272.31,1132.710,1616216399999,66036743.07867,17272,507.975,29616916.47865,0
1616216400000,58272.31,58350.00,58179.68,58344.16,1025.723,1616217299999,59783389.90346,17020,485.337,28292517.57892,0
1616217300000,58342.29,58412.00,58254.72,58291.34,944.830,1616218199999,55102583.74385,14074,441.108,25728034.20122,0
1616218200000,58294.27,58399.32,58075.66,58220.80,1860.869,1616219099999,108356114.57718,22424,636.265,37057339.95241,0
1616219100000,58220.80,58329.00,58122.62,58177.18,1187.035,1616219999999,69104316.58813,15292,559.165,32552984.22291,0
1616220000000,58177.18,58282.50,58024.00,58178.16,1558.513,1616220899999,90657296.22732,20260,802.683,46696036.65841,0
1616220900000,58178.16,58386.40,58155.00,58347.07,1178.765,1616221799999,68745732.96571,17738,670.720,39119406.31813,0
1616221800000,58347.07,58425.00,58259.90,58399.00,987.975,1616222699999,57653321.76468,15030,528.723,30856274.70954,0
1616222700000,58399.01,58409.36,58290.00,58402.15,709.642,1616223599999,41412350.63103,11865,314.920,18378808.29094,0
1616223600000,58402.16,58500.00,58317.90,58401.25,1275.539,1616224499999,74513992.17602,18670,675.505,39466779.70351,0
1616224500000,58401.25,58598.00,58380.00,58470.01,1436.977,1616225399999,84034067.29163,20037,776.155,45393423.90700,0
1616225400000,58470.01,58560.00,58381.46,58415.71,1323.527,1616226299999,77394095.10068,15860,702.755,41096988.53085,0
1616226300000,58420.01,58524.11,58380.00,58472.13,718.362,1616227199999,41986200.24410,11647,370.643,21664024.78119,0
1616227200000,58472.13,58869.32,58472.13,58713.40,4529.398,1616228099999,265929279.19188,50196,2673.089,156933163.15771,0
1616228100000,58713.39,58899.00,58700.00,58808.00,2295.562,1616228999999,135006911.93313,29430,1298.868,76387863.10685,0
1616229000000,58808.00,58851.16,58671.21,58731.42,1712.073,1616229899999,100582127.93386,20600,754.077,44303619.96505,0
1616229900000,58731.42,58829.30,58703.95,58765.98,912.346,1616230799999,53623940.42646,13323,466.524,27422043.57381,0
1616230800000,58765.99,58927.54,58758.04,58769.46,1496.760,1616231699999,88079241.50654,20454,889.185,52332988.33331,0
1616231700000,58768.20,58850.00,58738.30,58800.06,792.318,1616232599999,46590921.41684,12729,394.442,23195210.59294,0
1616232600000,58800.05,58975.00,58758.02,58778.92,2040.700,1616233499999,120167959.56777,23403,1198.091,70551684.89581,0
1616233500000,58778.92,58864.94,58662.93,58853.47,1472.309,1616234399999,86497450.52047,20860,676.609,39756738.40602,0
1616234400000,58853.47,59000.00,58745.00,58855.69,1696.314,1616235299999,99902787.97478,24213,908.096,53494078.73121,0
1616235300000,58854.23,58905.71,58733.42,58773.75,1014.491,1616236199999,59673488.48856,14436,460.346,27079004.94471,0
1616236200000,58770.98,58843.22,58680.01,58736.59,1046.517,1616237099999,61478081.71712,14395,527.530,30989876.41826,0
1616237100000,58736.59,58890.00,58700.00,58776.99,1031.291,1616237999999,60645956.50398,16019,558.499,32844645.84014,0
1616238000000,58776.99,58839.90,58720.00,58754.94,846.082,1616238899999,49732734.69443,14330,408.702,24023525.69980,0
1616238900000,58754.95,58972.39,58739.06,58932.98,1829.956,1616239799999,107713468.79480,20243,1081.496,63669968.79691,0
1616239800000,58932.99,59233.88,58800.44,59109.33,4300.002,1616240699999,253845396.50362,41093,2257.214,133268555.68506,0
1616240700000,59109.33,59389.42,59094.33,59338.99,4640.279,1616241599999,275051679.92310,54010,2278.486,135081581.00463,0
1616241600000,59338.99,59424.79,59128.39,59198.33,2523.466,1616242499999,149509426.73805,33774,1138.549,67472184.64712,0
1616242500000,59201.22,59218.14,58861.00,58954.29,2559.207,1616243399999,151074913.60434,32749,1062.908,62750455.83585,0
1616243400000,58954.28,59125.00,58836.21,59026.81,1827.073,1616244299999,107818704.97657,24621,993.705,58649134.13474,0
1616244300000,59026.81,59315.79,59022.99,59224.99,2361.521,1616245199999,139822785.89148,27951,1212.349,71779518.00026,0
1616245200000,59225.00,59631.03,59224.99,59450.01,5368.104,1616246099999,319279952.95147,61464,3157.621,187814343.69529,0
1616246100000,59450.00,59948.00,59450.00,59785.04,7740.589,1616246999999,462679226.22748,82887,4203.816,251266617.80479,0
1616247000000,59785.04,59895.90,59507.31,59597.79,3645.793,1616247899999,217554912.97211,40284,1748.075,104319381.31297,0
1616247900000,59597.79,59700.00,58587.09,59079.98,9888.501,1616248799999,584396666.17771,95774,4524.833,267415464.31116,0
1616248800000,59079.77,59177.49,58797.45,59018.46,5581.278,1616249699999,329243466.54713,59063,2609.357,153943721.82390,0
1616249700000,59018.46,59313.96,58930.24,59189.33,3144.465,1616250599999,185947766.44492,37786,1771.481,104748078.04286,0
1616250600000,59191.79,59389.00,59175.13,59315.00,3104.219,1616251499999,184020320.75896,33657,1618.321,95945335.49668,0
1616251500000,59315.01,59420.00,59201.75,59420.00,2078.844,1616252399999,123317875.14831,22734,1100.505,65291715.99579,0
1616252400000,59419.99,59784.09,59390.04,59590.00,5790.380,1616253299999,345169531.88391,56264,2951.282,175922600.58529,0
1616253300000,59590.00,59719.69,59236.65,59399.28,3066.508,1616254199999,182377899.75871,36465,1313.587,78144622.19058,0
1616254200000,59401.17,59518.20,59275.00,59331.73,1925.536,1616255099999,114397270.39715,23950,1069.453,63546761.52906,0
1616255100000,59331.73,59337.79,59070.00,59285.22,3309.576,1616255999999,195966429.35229,35196,1514.739,89703149.56451,0
1616256000000,59284.71,59350.67,58956.00,58981.94,4115.695,1616256899999,243281774.67206,48396,1694.151,100150436.45380,0
1616256900000,58981.93,59213.42,58981.73,59129.01,2699.917,1616257799999,159529061.82992,31956,1570.093,92777986.83516,0
1616257800000,59129.13,59326.66,59021.73,59308.89,1631.888,1616258699999,96605282.03946,23852,820.997,48610640.18319,0
1616258700000,59308.89,59308.89,59038.78,59104.10,1312.511,1616259599999,77640437.02902,20596,569.493,33688862.86498,0
1616259600000,59104.11,59258.77,59078.35,59153.55,1162.937,1616260499999,68821629.76974,18583,540.464,31984600.53767,0
1616260500000,59153.56,59294.88,59140.70,59236.79,913.374,1616261399999,54102597.14354,15272,492.097,29149996.59960,0
1616261400000,59236.79,59357.27,59150.09,59263.41,1418.489,1616262299999,84077246.04990,18626,813.231,48207000.09056,0
1616262300000,59263.50,59350.60,59113.56,59196.85,1148.178,1616263199999,68012935.07446,16995,539.431,31958547.29539,0
1616263200000,59196.86,59319.00,59171.16,59285.57,858.378,1616264099999,50871455.75831,13998,500.218,29642771.80974,0
1616264100000,59285.57,59523.96,59256.90,59412.83,1833.187,1616264999999,108897086.77645,23603,1152.837,68487519.50915,0
1616265000000,59412.83,59539.78,59219.12,59303.37,2141.169,1616265899999,127068515.13882,25402,977.324,58005608.60850,0
1616265900000,59303.37,59373.13,59169.79,59236.99,1166.397,1616266799999,69125450.56629,17077,530.500,31446986.52156,0
1616266800000,59236.99,59380.00,59181.00,59350.99,1167.592,1616267699999,69225020.73772,16252,642.804,38114984.56722,0
1616267700000,59351.00,59383.74,59240.00,59343.22,1012.640,1616268599999,60059985.49059,15530,432.910,25676985.79451,0
1616268600000,59343.21,59466.00,59312.28,59413.28,1071.098,1616269499999,63626837.84154,17076,495.341,29425222.96655,0
1616269500000,59413.28,59456.08,59225.01,59332.32,1270.154,1616270399999,75332831.64771,17470,546.302,32400106.21139,0
1616270400000,59333.00,59418.81,58700.94,58856.90,5950.243,1616271299999,351474813.21204,62607,2473.735,146155211.89709,0
1616271300000,58856.90,59046.32,58300.00,58511.83,6380.970,1616272199999,374233092.86999,75493,3000.879,176056704.42103,0
1616272200000,58511.83,58613.00,58159.06,58449.01,4481.429,1616273099999,261637736.59752,56561,2043.562,119363080.57663,0
1616273100000,58449.01,58642.05,58363.22,58556.57,2502.256,1616273999999,146440945.71079,30123,1332.856,78009055.89905,0
1616274000000,58556.58,58680.00,58420.01,58680.00,1154.656,1616274899999,67608967.93964,19699,663.716,38870348.67715,0
1616274900000,58680.00,58785.00,58542.42,58779.31,1190.155,1616275799999,69829528.55116,19164,571.700,33551590.99799,0
1616275800000,58779.30,58820.87,58614.22,58695.05,952.168,1616276699999,55923410.73457,16679,451.802,26541401.02503,0
1616276700000,58695.05,58800.00,58650.00,58764.18,600.730,1616277599999,35286065.40671,11505,262.353,15410176.80070,0
1616277600000,58764.18,58858.63,58701.00,58762.40,799.604,1616278499999,47013549.07343,15884,398.384,23425782.09669,0
1616278500000,58762.40,58762.41,58607.92,58725.85,897.858,1616279399999,52696587.17923,14904,372.691,21874067.34361,0
1616279400000,58725.86,58750.00,58494.37,58598.05,1588.075,1616280299999,93066008.90161,19237,633.812,37146595.81362,0
1616280300000,58597.07,58740.00,58411.47,58550.00,1508.104,1616281199999,88337459.75474,20933,660.833,38715210.43075,0
1616281200000,58550.00,58550.01,58258.36,58463.98,2478.317,1616282099999,144711851.81821,29889,1135.394,66298688.19431,0
1616282100000,58463.99,58570.88,58254.81,58305.60,2480.862,1616282999999,144878015.44027,24737,922.837,53917770.59484,0
1616283000000,58305.60,58495.48,58200.00,58272.42,2292.454,1616283899999,133711424.64996,27943,1103.844,64389352.43159,0
1616283900000,58272.41,58370.00,58048.68,58145.61,3066.057,1616284799999,178390490.62753,35104,1318.364,76713556.21782,0
1616284800000,58144.44,58504.65,57850.00,58380.89,6600.330,1616285699999,383841427.74345,67849,2998.834,174409310.88422,0
1616285700000,58381.42,58638.70,58370.00,58516.94,2153.799,1616286599999,126057811.39303,28450,1187.738,69516455.87585,0
1616286600000,58516.94,58628.80,58388.88,58424.86,1164.893,1616287499999,68140879.83635,17807,595.264,34829581.81089,0
1616287500000,58424.85,58561.19,58297.47,58355.64,1372.592,1616288399999,80155925.00358,18493,696.423,40674462.98297,0
1616288400000,58352.89,58446.71,58150.00,58415.13,2048.448,1616289299999,119401238.36018,25957,1112.438,64859407.16932,0
1616289300000,58415.13,58500.00,58364.66,58451.74,1096.478,1616290199999,64078792.21321,16903,613.330,35845413.15395,0
1616290200000,58448.85,58448.85,58284.05,58318.17,1010.136,1616291099999,58942456.84232,13927,429.525,25063781.12133,0
1616291100000,58315.35,58315.35,58135.00,58215.17,1539.933,1616291999999,89626204.68414,18704,724.561,42170062.10236,0
1616292000000,58215.16,58215.16,57934.83,58060.21,2659.034,1616292899999,154369831.48209,29746,1057.841,61419907.16541,0
1616292900000,58061.24,58168.07,57848.90,57949.34,2073.885,1616293799999,120264349.11836,27823,885.179,51350995.77290,0
1616293800000,57949.35,58014.34,57628.89,57739.25,4849.525,1616294699999,280131923.61684,53924,2124.120,122727478.91683,0
1616294700000,57739.26,57795.50,57532.00,57686.07,3004.367,1616295599999,173177521.88830,37463,1340.509,77285556.43204,0
1616295600000,57686.08,57779.59,57490.00,57704.93,2327.974,1616296499999,134245719.00179,31302,1033.592,59628089.78390,0
1616296500000,57704.93,57842.81,57500.00,57820.02,2185.359,1616297399999,126032895.15910,28935,1061.806,61259161.61013,0
1616297400000,57820.01,57850.00,57630.00,57838.80,1089.226,1616298299999,62901570.78474,17334,522.852,30197789.44693,0
1616298300000,57836.94,57888.88,57773.45,57813.98,1246.320,1616299199999,72079548.74544,18249,576.776,33359065.64168,0
1616299200000,57812.51,57850.00,57560.38,57827.54,2041.546,1616300099999,117805750.02895,26266,920.515,53126860.58854,0
1616300100000,57827.54,57833.37,57300.00,57311.00,3520.710,1616300999999,202461749.93894,39816,1302.774,74932491.18375,0
1616301000000,57311.08,57386.76,57077.56,57147.97,4880.384,1616301899999,279159293.29795,54393,2310.920,132196938.99209,0
1616301900000,57147.97,57194.30,56800.00,56964.43,6795.634,1616302799999,387292947.67845,68282,3009.637,171560932.97151,0
1616302800000,56964.43,57184.60,56900.00,57148.01,2229.778,1616303699999,127305209.66018,29170,1209.573,69061464.16331,0
1616303700000,57148.01,57263.15,56981.95,57165.76,1953.106,1616304599999,111614828.24143,29224,977.614,55879964.02863,0
1616304600000,57165.76,57182.76,56980.89,57150.00,1403.727,1616305499999,80143879.22649,20720,721.068,41170734.00413,0
1616305500000,57150.00,57300.00,57125.12,57188.04,1153.705,1616306399999,66007718.85574,19081,623.946,35699784.59568,0
1616306400000,57188.04,57331.79,57079.00,57114.00,1590.731,1616307299999,90987311.44492,24184,821.049,46969914.35059,0
1616307300000,57114.00,57297.31,56700.00,57282.99,4048.907,1616308199999,230733749.64255,51346,1918.827,109384218.13117,0
1616308200000,57283.00,57479.20,57211.23,57331.52,2630.235,1616309099999,150877569.96716,34222,1265.369,72588473.04025,0
1616309100000,57331.52,57372.95,57083.06,57086.75,1596.563,1616309999999,91365831.69191,21685,728.458,41688337.92692,0
1616310000000,57086.74,57364.45,57082.38,57364.36,1398.123,1616310899999,80019581.88058,21539,896.406,51307456.44891,0
1616310900000,57364.36,57364.36,57162.13,57225.02,1155.012,1616311799999,66108599.79317,17074,583.280,33384977.81906,0
1616311800000,57230.62,57269.94,57085.80,57166.29,1221.783,1616312699999,69839585.29533,18077,557.127,31850481.93465,0
1616312700000,57166.28,57166.29,56900.00,57011.46,2355.271,1616313599999,134248599.90712,28352,1210.153,68977570.24999,0
1616313600000,57011.46,57308.00,56920.33,57238.47,2684.354,1616314499999,153448567.14505,33725,1505.054,86042318.06506,0
1616314500000,57238.48,57308.00,57100.00,57229.99,1543.103,1616315399999,88256122.50870,20843,642.222,36741192.42788,0
1616315400000,57229.99,57268.47,57106.56,57180.31,1012.859,1616316299999,57914001.80513,16192,507.379,29011101.72758,0
1616316300000,57180.31,57399.11,57066.77,57203.48,2092.204,1616317199999,119758063.38487,26963,1100.276,62996473.86736,0
1616317200000,57205.46,57315.18,57097.69,57180.59,1380.063,1616318099999,78987263.02483,18900,669.743,38334346.65486,0
1616318100000,57180.60,57213.07,57011.64,57020.16,1414.518,1616318999999,80790969.22183,19681,536.109,30625199.94944,0
1616319000000,57020.16,57168.01,55403.55,56008.67,14100.137,1616319899999,793257746.73142,149945,5481.585,308444258.43924,0
1616319900000,56008.66,56347.70,55800.00,56009.76,8800.014,1616320799999,493486513.65681,94154,4276.235,239850495.68526,0
1616320800000,56003.40,56200.00,55630.00,56195.00,6613.436,1616321699999,370158376.75314,71245,3329.934,186436369.25214,0
1616321700000,56194.99,56400.00,56100.00,56319.99,3138.036,1616322599999,176600344.69405,38646,1719.578,96783574.76055,0
1616322600000,56320.00,56353.00,56127.00,56265.55,2084.246,1616323499999,117208538.47662,28004,965.808,54319211.24201,0
1616323500000,56269.10,56355.00,56166.12,56181.33,1540.023,1616324399999,86628816.92301,21482,702.946,39544136.87408,0
1616324400000,56181.33,56219.66,55968.27,56041.23,2524.998,1616325299999,141602875.54341,34760,1189.704,66727062.19119,0
1616325300000,56041.23,56282.23,55840.00,56234.99,2889.005,1616326199999,162065348.25431,36354,1473.295,82665166.02225,0
1616326200000,56234.99,56363.33,56185.00,56193.24,1501.177,1616327099999,84480790.02654,23475,756.768,42593611.80217,0
1616327100000,56193.23,56333.33,56143.01,56296.40,1320.127,1616327999999,74245385.58874,19932,680.818,38295391.27647,0
1616328000000,56296.41,56334.68,55914.00,56099.99,2597.789,1616328899999,145757646.10447,33714,1261.508,70794912.74596,0
1616328900000,56100.00,56180.80,55918.29,56058.89,1876.631,1616329799999,105204009.64917,26173,940.252,52715753.02791,0
1616329800000,56058.89,56324.51,56049.54,56235.64,2199.230,1616330699999,123610880.84209,27714,1120.573,62981774.77729,0
1616330700000,56235.64,56299.46,56142.70,56225.62,1095.784,1616331599999,61616069.97225,17525,548.803,30861007.54006,0
1616331600000,56225.62,56866.41,56225.62,56657.57,7944.462,1616332499999,449955074.17273,79811,4612.075,261218352.92280,0
1616332500000,56657.56,57284.03,56627.36,57088.50,7232.465,1616333399999,411948163.85765,70229,4347.227,247645499.44207,0
1616333400000,57088.50,57390.00,56943.20,57024.99,5157.736,1616334299999,294775411.10840,53933,2648.124,151398387.63393,0
1616334300000,57023.65,57198.90,56920.00,57053.18,2724.737,1616335199999,155431139.18974,30951,1261.918,72006555.34840,0
1616335200000,57052.69,57361.91,57029.19,57246.55,2924.579,1616336099999,167313824.10235,38681,1488.311,85149702.77849,0
1616336100000,57246.55,57334.73,57147.34,57215.88,1879.943,1616336999999,107601346.24695,24641,867.201,49634096.52732,0
1616337000000,57215.88,57318.11,57156.06,57238.91,1224.490,1616337899999,70088754.00179,19372,567.919,32510802.59252,0
1616337900000,57238.91,57315.94,57150.33,57212.69,1142.156,1616338799999,65364542.12553,18206,518.996,29706989.35929,0
1616338800000,57212.69,57541.55,57196.19,57541.18,2468.268,1616339699999,141576092.32561,31874,1525.737,87537538.63060,0
1616339700000,57541.54,57620.70,57350.00,57392.14,2449.881,1616340599999,140797956.06902,35609,1140.251,65545548.34528,0
1616340600000,57392.15,57469.00,57177.43,57288.84,2230.371,1616341499999,127792575.51550,27628,925.499,53032626.99143,0
1616341500000,57288.85,57336.95,57043.47,57200.91,2511.598,1616342399999,143594915.74474,28416,1089.832,62318185.02092,0
1616342400000,57200.91,57266.28,56761.83,57239.49,5164.088,1616343299999,294476739.65744,56207,2482.001,141580456.89780,0
1616343300000,57239.49,57469.12,57162.58,57371.01,2634.234,1616344199999,151113023.17892,34820,1357.872,77889087.79110,0
1616344200000,57371.01,57399.99,57097.42,57249.17,2108.743,1616345099999,120738126.84133,27891,929.554,53230697.60331,0
1616345100000,57249.16,57356.34,57167.20,57251.21,1376.663,1616345999999,78866266.90175,17967,605.406,34684083.02276,0
1616346000000,57251.21,57340.00,57004.00,57130.07,2012.865,1616346899999,115049303.04718,26325,941.145,53792936.48436,0
1616346900000,57130.08,57290.39,57069.00,57192.15,1215.497,1616347799999,69530008.44024,18512,691.676,39566452.81135,0
1616347800000,57192.14,57356.89,57161.00,57344.41,1384.735,1616348699999,79320850.34358,17561,581.377,33304682.47998,0
1616348700000,57348.21,57355.00,57214.00,57291.47,821.526,1616349599999,47057888.07410,12979,367.286,21038563.93211,0
1616349600000,57291.47,57518.86,57246.03,57323.77,2044.087,1616350499999,117314579.89566,27597,1116.661,64094842.20031,0
1616350500000,57323.78,57434.32,57289.87,57325.01,818.430,1616351399999,46938362.42307,13232,439.347,25196563.69686,0
1616351400000,57325.02,57487.43,57235.00,57432.64,1109.849,1616352299999,63695104.28758,16693,535.274,30719703.00467,0
1616352300000,57432.63,57537.99,57368.93,57418.98,988.690,1616353199999,56812163.47690,16341,547.932,31486470.49771,0
1616353200000,57418.98,57728.48,57418.98,57652.54,2703.922,1616354099999,155801905.46356,32784,1629.921,93914553.93553,0
1616354100000,57652.55,57734.68,57526.50,57553.95,1385.242,1616354999999,79817945.44042,19918,597.308,34421217.51883,0
1616355000000,57553.96,57634.56,57430.00,57453.59,1677.756,1616355899999,96499332.31304,19253,762.817,43880387.34386,0
1616355900000,57455.43,57596.37,57453.00,57567.86,752.297,1616356799999,43292871.37862,12550,434.918,25029268.12559,0
1616356800000,57567.87,57993.43,57567.87,57943.37,2880.463,1616357699999,166419334.20051,37585,1805.339,104316882.29910,0
1616357700000,57943.38,58075.66,57786.00,57866.46,3303.958,1616358599999,191451400.98612,41158,1601.771,92842884.75738,0
1616358600000,57866.46,57942.00,57680.00,57786.97,1755.963,1616359499999,101505263.00003,22353,697.410,40318942.41753,0
1616359500000,57788.00,57846.51,57750.00,57807.35,667.740,1616360399999,38593808.59458,11739,377.114,21797366.87423,0
1616360400000,57807.35,57931.16,57752.24,57753.81,876.970,1616361299999,50735233.17840,14981,426.879,24699352.55783,0
1616361300000,57753.81,57866.26,57708.23,57709.34,672.213,1616362199999,38854143.48727,12641,334.582,19340559.61810,0
1616362200000,57709.33,58130.97,57503.92,58007.57,3315.521,1616363099999,191908438.74895,37341,1770.025,102507671.24466,0
1616363100000,58007.75,58175.09,57990.00,58154.99,1713.711,1616363999999,99582600.11766,21798,979.648,56927889.40009,0
1616364000000,58154.99,58185.99,57816.00,57916.92,2382.223,1616364899999,138118693.39649,28971,963.098,55852624.57229,0
1616364900000,57916.92,57924.80,57650.48,57835.00,2058.485,1616365799999,118926905.36006,25129,982.024,56739653.37996,0
1616365800000,57835.00,57924.97,57600.96,57789.45,1612.005,1616366699999,93123173.58480,21187,737.869,42638789.56612,0
1616366700000,57789.44,57832.01,57649.28,57657.62,1046.399,1616367599999,60417757.47919,15111,471.005,27197165.90261,0
1616367600000,57657.62,57857.87,57237.09,57253.40,2982.630,1616368499999,171574387.28453,36686,1045.275,60181102.65917,0
1616368500000,57254.97,57536.34,57228.58,57525.00,2116.176,1616369399999,121570738.76537,23316,1088.476,62528062.24077,0
1616369400000,57524.99,57732.34,57417.14,57588.88,1815.858,1616370299999,104520746.30674,24123,940.340,54144590.59624,0
1616370300000,57588.87,57658.41,57355.00,57415.18,1423.823,1616371199999,81828584.14091,20264,589.334,33876721.32514,0
1616371200000,57415.19,57521.39,57072.11,57423.40,3508.502,1616372099999,200898109.59455,41288,1482.799,84924702.12395,0
1616372100000,57421.48,57424.39,57111.03,57172.36,1669.052,1616372999999,95563765.06933,23968,747.440,42794975.63691,0
1616373000000,57172.35,57340.00,56688.74,56699.02,3790.525,1616373899999,216008531.34727,49454,1488.724,84880267.28390,0
1616373900000,56699.73,56880.00,56477.24,56647.53,4742.858,1616374799999,268582652.58568,53230,2104.192,119212486.30667,0
1616374800000,56646.52,56778.46,56329.98,56628.60,3543.446,1616375699999,200441862.26629,43260,1610.457,91134023.24712,0
1616375700000,56627.09,56722.02,56335.01,56542.79,2402.968,1616376599999,135780714.25007,31609,1075.649,60790308.50101,0
1616376600000,56542.78,56707.43,56413.78,56604.07,2114.060,1616377499999,119629810.87461,24678,1158.235,65549299.29523,0
1616377500000,56603.47,56760.55,56559.00,56669.31,1881.853,1616378399999,106640416.48279,23418,1011.635,57337551.17404,0
1616378400000,56669.31,56703.72,56463.34,56644.17,1588.115,1616379299999,89871040.06871,21491,700.340,39639063.18272,0
1616379300000,56644.17,57039.78,56622.11,56919.80,2809.247,1616380199999,159789914.44876,33234,1674.811,95261321.07797,0
1616380200000,56919.80,57088.00,56820.00,56958.25,1752.633,1616381099999,99819540.13879,22082,833.707,47490298.81194,0
1616381100000,56958.76,57019.18,56860.77,57015.08,993.154,1616381999999,56545731.00513,15113,493.263,28086119.80932,0
1616382000000,57015.09,57294.13,57010.01,57262.39,2039.847,1616382899999,116539338.84281,26969,1173.619,67053463.08314,0
1616382900000,57260.08,57558.31,57251.84,57371.88,2372.218,1616383799999,136175375.06301,31549,1263.805,72559383.13069,0
1616383800000,57371.88,57528.24,57361.60,57421.35,1377.757,1616384699999,79128095.11369,19152,728.939,41867071.13318,0
1616384700000,57421.34,57707.88,57350.00,57614.32,2444.495,1616385599999,140660171.83189,29851,1348.469,77602261.46870,0
1616385600000,57614.31,57743.71,57523.30,57667.95,2105.652,1616386499999,121344327.04184,26060,1207.050,69566228.18875,0
1616386500000,57667.96,57887.00,57667.96,57796.50,1984.656,1616387399999,114687109.43282,25637,1105.879,63906191.03495,0
1616387400000,57796.50,57860.00,57606.84,57696.30,1969.518,1616388299999,113684552.06103,20725,786.323,45407796.77280,0
1616388300000,57696.30,57702.45,57470.61,57675.85,1925.497,1616389199999,110864395.07737,22928,873.362,50292841.53661,0
1616389200000,57675.85,57679.98,57495.20,57629.54,1267.620,1616390099999,72963251.30990,17739,508.888,29291856.75345,0
1616390100000,57629.53,57682.33,57373.04,57430.29,1614.558,1616390999999,92833414.40679,20423,658.078,37844939.31311,0
1616391000000,57430.28,57595.57,57389.15,57547.45,1141.327,1616391899999,65630372.93620,16131,621.410,35735255.89184,0
1616391900000,57547.46,57856.00,57524.44,57656.06,2157.264,1616392799999,124518168.85588,25369,1234.718,71263902.35015,0
1616392800000,57658.59,57945.29,57658.59,57770.96,1790.474,1616393699999,103543768.42186,25260,877.472,50745771.90671,0
1616393700000,57770.95,57875.25,57621.56,57875.24,1532.974,1616394599999,88542120.06982,20853,668.721,38631751.54144,0
1616394600000,57875.24,57900.00,57700.00,57853.39,1237.233,1616395499999,71510260.43642,17645,585.990,33873101.06238,0
1616395500000,57853.39,57950.00,57700.00,57712.86,1439.438,1616396399999,83222235.46500,18087,655.107,37882346.64824,0
1616396400000,57712.86,57753.05,57570.00,57677.97,1764.440,1616397299999,101735587.93276,22561,788.535,45472866.26189,0
1616397300000,57677.96,57906.06,57677.96,57887.77,2058.841,1616398199999,119100142.33442,23486,1274.510,73729717.18192,0
1616398200000,57887.77,57887.78,57666.67,57703.50,1245.507,1616399099999,71937080.39376,17609,600.434,34677736.96760,0
1616399100000,57704.76,57849.32,57601.00,57641.44,1623.500,1616399999999,93678390.12661,21063,777.116,44845805.86039,0
1616400000000,57643.92,57699.48,57500.00,57612.23,1885.822,1616400899999,108610891.36442,24126,750.970,43254015.09383,0
1616400900000,57612.35,57770.00,57500.00,57543.33,1851.971,1616401799999,106731272.27216,23699,854.291,49239954.59500,0
1616401800000,57544.85,57609.26,57250.05,57332.86,2643.502,1616402699999,151784905.88802,33153,1044.876,60005072.64187,0
1616402700000,57332.87,57486.47,57153.98,57275.95,2210.571,1616403599999,126694536.42168,29984,1047.172,60023751.73427,0
1616403600000,57275.94,57329.01,57119.78,57287.88,2061.004,1616404499999,117909001.47227,27689,1148.181,65693452.38139,0
1616404500000,57287.17,57399.95,57208.79,57359.99,1540.155,1616405399999,88271428.56445,21980,805.715,46184976.92241,0
1616405400000,57359.99,57440.00,57221.21,57329.13,1300.027,1616406299999,74526336.70720,19938,662.306,37971528.81573,0
1616406300000,57329.30,57471.14,57212.96,57440.01,1524.529,1616407199999,87428852.71501,22828,838.694,48101510.37237,0
1616407200000,57440.01,58177.00,57357.26,58082.96,7151.210,1616408099999,413780108.31285,74132,4282.781,247806504.19049,0
1616408100000,58082.96,58500.00,58066.06,58177.80,6896.301,1616408999999,401949679.38423,76243,3544.466,206594134.32857,0
1616409000000,58177.80,58300.00,58053.28,58121.29,2605.015,1616409899999,151540128.59982,32203,1184.471,68920802.99368,0
1616409900000,58121.30,58218.84,57962.00,57988.16,1987.438,1616410799999,115456414.61043,25879,785.425,45651686.31848,0
1616410800000,57987.46,58234.41,57979.76,58115.29,2226.315,1616411699999,129344902.40062,28575,1210.637,70344787.09391,0
1616411700000,58115.28,58152.14,57619.00,57776.00,3670.493,1616412599999,212389955.20942,41218,1536.587,88931154.59495,0
1616412600000,57776.00,57900.00,57680.14,57844.36,1953.540,1616413499999,112957778.10612,25490,1064.069,61533148.16928,0
1616413500000,57844.36,57944.03,57737.88,57779.30,1359.355,1616414399999,78599761.97218,19706,670.986,38802194.78822,0
1616414400000,57779.31,57818.63,57430.00,57472.45,3841.649,1616415299999,221289611.72903,45464,1667.949,96092525.06968,0
1616415300000,57473.47,57618.00,57312.63,57327.80,2480.781,1616416199999,142608977.06533,30387,1056.327,60746630.77092,0
1616416200000,57327.79,57499.82,57160.00,57309.45,3898.979,1616417099999,223395946.34443,44553,1818.666,104217552.83380,0
1616417100000,57309.46,57431.60,56910.00,57316.64,4766.852,1616417999999,272569935.28498,56052,2379.375,136125519.12287,0
1616418000000,57316.64,57427.65,57118.10,57394.21,2700.993,1616418899999,154703567.90180,34222,1277.103,73155004.02044,0
1616418900000,57393.96,57466.99,57157.52,57253.66,3157.122,1616419799999,180996938.73654,37598,1522.020,87264273.77452,0
1616419800000,57253.67,57330.62,56550.00,56798.00,7101.054,1616420699999,403736355.83671,77086,2798.780,159111363.26132,0
1616420700000,56797.99,57082.88,56761.24,57011.17,4239.289,1616421599999,241317656.43952,48435,2335.198,132938984.38809,0
1616421600000,57011.17,57325.00,56901.37,57218.45,3250.284,1616422499999,185809531.56364,38865,1854.488,106027127.74670,0
1616422500000,57218.45,57240.00,56817.66,56982.13,3331.928,1616423399999,189973739.59442,41642,1405.605,80141723.15355,0
1616423400000,56982.13,57206.68,56843.12,57143.76,2406.935,1616424299999,137356788.34957,30980,1398.287,79809499.25723,0
1616424300000,57142.32,57250.00,57021.00,57041.38,1827.318,1616425199999,104465244.82973,23310,944.798,54022068.14665,0
1616425200000,57041.39,57188.00,56910.40,57008.27,1935.708,1616426099999,110380351.80295,27934,930.505,53070544.16264,0
1616426100000,57008.28,57184.80,56950.00,57179.97,1516.762,1616426999999,86608384.19873,22041,821.472,46911829.13292,0
1616427000000,57177.70,57283.23,57121.51,57236.62,1659.905,1616427899999,94967993.33862,23243,903.394,51687106.39430,0
1616427900000,57236.62,57240.96,57050.10,57121.20,1293.001,1616428799999,73883653.47057,19779,553.229,31616141.98693,0
1616428800000,57121.19,57260.31,56890.00,57205.60,2935.430,1616429699999,167549766.88848,37371,1414.051,80734189.84086,0
1616429700000,57202.68,57210.00,56701.00,56799.31,3780.577,1616430599999,215045265.12683,43533,1517.869,86341792.59117,0
1616430600000,56799.31,56898.00,56243.00,56577.91,8787.643,1616431499999,496326877.89717,90225,3950.197,223126459.39609,0
1616431500000,56577.90,56859.97,56517.40,56805.33,3236.768,1616432399999,183478408.99928,38990,1642.642,93121947.02085,0
1616432400000,56805.33,56831.05,56620.65,56759.08,1650.883,1616433299999,93660400.85137,23608,857.886,48675657.86634,0
1616433300000,56759.07,56922.00,56651.32,56892.73,1642.006,1616434199999,93301725.08537,24102,883.738,50220475.97688,0
1616434200000,56892.73,57245.44,56877.42,57103.65,2999.126,1616435099999,171293456.13550,35134,1474.254,84196632.43743,0
1616435100000,57103.64,57236.53,57057.00,57126.53,1239.654,1616435999999,70846428.70251,16807,634.641,36272325.64414,0
1616436000000,57126.53,57230.00,56920.99,56998.99,1960.531,1616436899999,111844865.50296,23616,798.625,45572874.25189,0
1616436900000,56999.00,57210.82,56978.58,57044.25,2048.173,1616437799999,116929467.16131,23929,1095.755,62557141.03713,0
1616437800000,57044.25,57044.25,56425.60,56545.35,4200.892,1616438699999,238191578.46027,48578,1669.343,94625176.79182,0
1616438700000,56545.34,56713.73,56444.40,56554.19,2166.794,1616439599999,122628501.80882,28234,1153.392,65281893.63045,0
1616439600000,56554.20,56634.84,55952.15,55953.59,6958.854,1616440499999,391073051.83760,82030,2946.848,165641240.57949,0
1616440500000,55955.39,56060.53,55643.49,55891.82,7140.019,1616441399999,398893635.36461,78564,3405.599,190328937.12886,0
1616441400000,55891.81,56048.72,55671.82,56003.71,3139.771,1616442299999,175509401.92170,38106,1740.077,97288539.41954,0
1616442300000,56006.35,56171.49,55536.83,55563.91,3761.381,1616443199999,210204931.40353,45224,1569.089,87760513.39061,0
1616443200000,55571.42,56031.63,55361.00,55999.69,6674.445,1616444099999,371888331.87975,76048,3425.728,190969786.78422,0
1616444100000,55999.68,56067.46,55720.14,55907.05,2120.562,1616444999999,118558992.51178,31040,1022.302,57162990.14331,0
1616445000000,55907.72,55925.12,54765.00,54965.68,7880.764,1616445899999,435814138.12513,91612,2873.623,159120223.39950,0
1616445900000,54965.68,55143.61,54033.45,54550.98,12919.121,1616446799999,704825084.74152,148825,5835.071,318565338.65426,0
1616446800000,54550.01,54974.91,54308.89,54918.86,4660.968,1616447699999,255068776.63772,59449,2531.984,138621156.83910,0
1616447700000,54919.56,54920.00,54519.55,54527.67,2980.728,1616448599999,163045638.97163,43390,1310.285,71670160.30356,0
1616448600000,54527.67,54839.99,54505.48,54698.79,2400.033,1616449499999,131188545.19457,35847,1223.825,66900629.28640,0
1616449500000,54698.79,54940.00,54540.00,54612.35,2725.942,1616450399999,149239370.04896,35720,1359.742,74457761.30416,0
1616450400000,54614.05,54616.32,53635.81,54559.63,11255.621,1616451299999,608711964.79662,123014,5186.756,280610766.06431,0
1616451300000,54559.57,54679.99,54101.00,54292.63,4824.844,1616452199999,262419329.33287,55352,2251.837,122488880.20211,0
1616452200000,54292.63,54579.68,54175.77,54208.84,3461.364,1616453099999,188301078.51537,36431,1839.858,100120610.41779,0
1616453100000,54208.84,54650.00,54200.00,54642.12,2899.237,1616453999999,157949165.75286,35175,1662.707,90585314.75852,0
1616454000000,54642.71,54900.00,54528.06,54707.79,3723.981,1616454899999,203924530.80860,42701,1974.098,108105898.67492,0
1616454900000,54707.80,54762.27,54329.13,54506.93,3425.517,1616455799999,186644136.13756,37568,1509.602,82255299.10212,0
1616455800000,54506.94,54664.00,54360.00,54524.89,2087.415,1616456699999,113833831.93963,27720,1070.522,58389156.69055,0
1616456700000,54524.90,54664.00,54097.42,54129.56,3208.866,1616457599999,174407735.47176,39294,1348.496,73289216.80559,0
1616457600000,54129.56,54697.09,53828.59,54608.04,7022.243,1616458499999,380925039.83149,78220,3473.242,188460944.98845,0
1616458500000,54608.04,54783.40,54387.00,54620.04,3481.020,1616459399999,190062770.35358,42522,1719.950,93923235.06210,0
1616459400000,54621.96,54753.53,54469.86,54597.76,2580.965,1616460299999,140927411.24431,28122,1344.585,73425457.23839,0
1616460300000,54597.76,54799.49,54493.23,54710.00,1994.388,1616461199999,109006064.79156,25745,1069.741,58477711.39062,0
1616461200000,54705.70,54755.60,54530.00,54669.99,1839.660,1616462099999,100546664.95588,22835,892.415,48782368.18755,0
1616462100000,54670.00,54910.73,54600.94,54856.61,2796.845,1616462999999,153217759.40588,31157,1474.456,80788382.03429,0
1616463000000,54856.61,55200.00,54800.00,55196.41,4145.283,1616463899999,227928949.93528,42400,2437.731,134066621.17031,0
1616463900000,55193.00,55354.69,55063.82,55143.23,3169.258,1616464799999,175025044.74523,33867,1636.125,90370196.96962,0
1616464800000,55143.23,55183.28,54900.66,54996.03,2064.085,1616465699999,113543234.22385,26022,963.975,53029812.12457,0
1616465700000,54996.02,55032.36,54830.42,54860.07,1614.498,1616466599999,88671049.43594,21923,766.123,42081081.31402,0
1616466600000,54860.07,55129.31,54822.07,54967.59,1674.049,1616467499999,92042581.55325,21886,922.950,50747897.49735,0
1616467500000,54967.58,55129.45,54473.24,54604.47,3870.917,1616468399999,211874714.91599,40296,1526.900,83553045.60838,0
1616468400000,54606.46,54722.98,54411.22,54612.99,2374.100,1616469299999,129587944.27384,26673,1045.761,57094091.33501,0
1616469300000,54613.00,54759.03,54544.35,54660.74,1461.626,1616470199999,79886481.73676,18663,767.446,41950266.10223,0
1616470200000,54662.10,54672.00,54450.10,54507.55,1299.041,1616471099999,70842337.84047,18650,582.706,31779643.10413,0
1616471100000,54510.64,54790.37,54461.79,54714.99,1375.398,1616471999999,75142594.23127,17850,761.522,41605731.39634,0
1616472000000,54715.00,54820.00,54513.05,54599.01,1390.878,1616472899999,76014290.89800,17913,787.097,43026604.57138,0
1616472900000,54599.85,54723.31,54228.89,54281.37,2571.558,1616473799999,139964736.65161,27478,1071.276,58327352.62636,0
1616473800000,54281.38,54466.37,54100.00,54446.43,3052.048,1616474699999,165567533.04036,33611,1549.098,84061822.61372,0
1616474700000,54446.43,54646.52,54404.38,54494.03,1873.605,1616475599999,102154607.84861,23855,894.540,48775700.59137,0
1616475600000,54494.02,54520.00,54120.00,54204.99,2153.271,1616476499999,116869180.33063,28163,946.255,51351753.72701,0
1616476500000,54205.00,54206.10,53100.00,53387.08,12326.065,1616477399999,660981842.34292,127703,5120.470,274617302.67623,0
1616477400000,53387.09,53668.27,53160.16,53458.68,6162.647,1616478299999,329352865.11541,63834,3058.525,163492646.47516,0
1616478300000,53456.25,53716.80,53441.01,53571.88,3015.821,1616479199999,161645749.47881,37858,1551.303,83157445.36046,0
1616479200000,53571.89,53688.30,53208.02,53337.48,3636.373,1616480099999,194355090.56578,41340,1695.157,90645673.78901,0
1616480100000,53337.48,53800.00,52981.40,53728.16,8506.471,1616480999999,454101876.93041,79409,4282.939,228890008.24769,0
1616481000000,53728.16,53788.00,53379.76,53440.26,3298.085,1616481899999,176762130.88543,36596,1575.409,84444446.16318,0
1616481900000,53440.26,53550.00,53254.55,53363.91,2861.054,1616482799999,152671795.94851,34323,1356.759,72420297.55333,0
1616482800000,53363.90,53690.10,53357.65,53670.16,2829.920,1616483699999,151498511.58844,33255,1537.020,82299808.33445,0
1616483700000,53670.16,53865.00,53580.00,53858.72,2840.892,1616484599999,152690076.10169,34691,1576.074,84707774.38809,0
1616484600000,53858.72,53980.00,53703.29,53968.21,3218.892,1616485499999,173316985.53114,32753,1532.552,82545802.56065,0
1616485500000,53968.21,54295.00,53851.36,54196.11,3542.004,1616486399999,191412394.87730,39186,1973.720,106691668.18245,0
1616486400000,54196.82,54292.00,53975.01,54047.62,3792.620,1616487299999,205362705.60821,38184,1696.353,91864491.91178,0
1616487300000,54048.66,54189.16,53877.00,53972.51,2319.620,1616488199999,125317790.17558,30236,1132.456,61198268.67565,0
1616488200000,53969.66,54450.00,53967.80,54318.48,3254.699,1616489099999,176702976.98709,39405,1889.612,102577520.20355,0
1616489100000,54317.42,54531.23,54305.54,54346.17,2051.217,1616489999999,111627578.00857,27118,1031.090,56119854.30664,0
1616490000000,54350.00,54419.27,54266.75,54409.94,1651.588,1616490899999,89716948.95373,21561,847.451,46041313.57249,0
1616490900000,54408.97,54536.97,54325.00,54356.23,1945.259,1616491799999,105836709.97699,22929,853.135,46427860.17280,0
1616491800000,54357.55,54600.00,54266.21,54444.21,2642.182,1616492699999,143802105.51139,28158,1371.152,74645601.52601,0
1616492700000,54444.21,54747.00,54385.18,54652.72,2654.228,1616493599999,144969396.56068,34234,1361.603,74371084.78598,0
1616493600000,54652.72,54790.00,54565.12,54684.12,2181.258,1616494499999,119238456.69177,29477,1076.349,58846610.88884,0
1616494500000,54684.11,54728.00,54488.63,54526.35,1892.687,1616495399999,103319404.56938,23845,824.694,45026269.03555,0
1616495400000,54526.35,54725.29,54520.11,54653.91,1556.756,1616496299999,85015905.56744,20749,767.020,41890237.65954,0
1616496300000,54652.18,54877.52,54652.18,54725.04,2028.699,1616497199999,111127066.00039,27397,979.284,53649625.94921,0
1616497200000,54725.05,54837.49,54644.31,54678.38,1561.562,1616498099999,85459969.53850,23023,684.714,37475827.98383,0
1616498100000,54678.38,54869.00,54603.40,54733.10,1787.608,1616498999999,97868872.12722,23689,960.245,52577902.33807,0
1616499000000,54733.09,54828.41,54566.90,54649.66,2389.311,1616499899999,130691639.53866,28584,1057.191,57835529.09841,0
1616499900000,54652.76,54666.62,54160.90,54322.64,6462.002,1616500799999,351168701.19738,62623,2825.732,153554042.03594,0
1616500800000,54322.64,55188.00,54307.43,55093.52,7066.316,1616501699999,387161991.58159,74412,3877.587,212467803.85876,0
1616501700000,55093.51,55273.00,54871.00,55164.83,4404.364,1616502599999,242475960.97055,50466,2193.939,120812407.58164,0
1616502600000,55164.05,55290.97,54965.00,55078.06,3187.102,1616503499999,175646160.75415,34978,1544.607,85134182.10973,0
1616503500000,55078.06,55200.00,54997.00,55161.67,2365.792,1616504399999,130342141.62356,28584,1194.315,65807629.47386,0
1616504400000,55161.66,55308.61,55110.35,55228.29,2960.642,1616505299999,163466943.88898,40958,1459.783,80609770.82684,0
1616505300000,55228.29,55389.98,55206.12,55300.90,3233.600,1616506199999,178871410.08657,43118,1648.494,91198704.34990,0
1616506200000,55300.90,55499.00,55300.90,55361.21,3467.255,1616507099999,192124753.30394,39516,1810.686,100341680.36266,0
1616507100000,55361.21,55444.44,55058.01,55303.17,3486.765,1616507999999,192559168.61766,40344,1561.596,86250340.26655,0
1616508000000,55303.17,55416.80,55140.00,55293.90,2247.671,1616508899999,124284935.24130,29361,1055.545,58376347.53077,0
1616508900000,55293.90,55399.00,54947.78,54967.00,3270.104,1616509799999,180310590.07485,35130,1243.318,68582288.49348,0
1616509800000,54967.01,55140.08,54811.00,54948.62,4060.797,1616510699999,223151258.01190,44131,1997.083,109749316.83975,0
1616510700000,54948.62,55294.00,54937.43,55234.00,3165.700,1616511599999,174584529.18613,34418,1760.192,97058444.43935,0
1616511600000,55233.99,55397.99,55080.00,55151.27,2639.000,1616512499999,145803259.83960,32751,1298.629,71750353.65493,0
1616512500000,55144.06,55209.11,54972.32,55074.15,1787.214,1616513399999,98492493.98442,24034,751.279,41411964.87716,0
1616513400000,55074.16,55325.00,55074.16,55250.78,1918.412,1616514299999,105965933.69882,25685,1081.931,59762180.27877,0
1616514300000,55250.77,55392.33,55186.60,55215.67,1548.983,1616515199999,85628258.04505,22259,745.631,41224390.55401,0
1616515200000,55216.58,55296.90,54877.33,55010.11,3891.226,1616516099999,214394509.71570,45051,1698.636,93607359.80217,0
1616516100000,55007.90,55790.00,55000.00,55614.54,6373.271,1616516999999,353875224.26997,69895,3469.389,192609087.96488,0
1616517000000,55619.06,55835.00,55463.01,55546.67,3574.669,1616517899999,198960613.55508,43087,1690.388,94099215.64975,0
1616517900000,55546.68,55616.44,55400.00,55588.04,1937.464,1616518799999,107519569.78881,25084,1001.466,55582954.65018,0
1616518800000,55588.04,55738.08,55564.96,55658.74,2388.950,1616519699999,132951196.38830,29777,1141.466,63530316.68985,0
1616519700000,55658.75,55800.00,55615.78,55665.93,1873.995,1616520599999,104410052.02344,24636,919.313,51225704.10055,0
1616520600000,55665.93,55735.22,55523.33,55543.08,1439.411,1616521499999,80055236.28987,19541,624.279,34724313.52353,0
1616521500000,55543.09,55783.44,55457.77,55745.48,1385.523,1616522399999,77074034.20173,21021,666.936,37108895.94863,0
1616522400000,55745.47,55794.66,55631.68,55698.26,1615.607,1616523299999,90007377.73609,21257,751.671,41874798.56945,0
1616523300000,55698.27,55856.00,55560.00,55825.15,1954.660,1616524199999,108937036.56925,25931,935.443,52141413.60311,0
1616524200000,55825.16,55890.68,55668.04,55684.42,1469.489,1616525099999,81957682.79361,21563,706.849,39429334.11033,0
1616525100000,55684.42,55697.70,55415.66,55423.42,1934.774,1616525999999,107482274.17853,25392,883.288,49077891.61847,0
1616526000000,55423.43,55603.03,55410.13,55536.72,1700.659,1616526899999,94414997.42992,20552,864.340,47987230.71571,0
1616526900000,55536.72,55543.54,54910.00,55047.87,5238.366,1616527799999,288926557.09634,49458,2030.202,111958305.20647,0
1616527800000,55048.25,55135.40,54898.59,55016.40,3952.141,1616528699999,217485436.60133,34257,1869.083,102862634.54355,0
1616528700000,55010.01,55267.07,54966.45,55055.83,3142.632,1616529599999,173299721.77226,29999,1655.707,91311564.28676,0
1616529600000,55066.77,55151.17,54759.93,54877.47,3090.711,1616530499999,169843589.36114,36506,1296.399,71252414.25279,0
1616530500000,54877.47,55060.55,54877.47,55007.53,1870.860,1616531399999,102841101.96059,21816,957.940,52657721.85382,0
1616531400000,55007.54,55069.06,54755.65,54924.63,2114.637,1616532299999,116158063.28328,24362,1061.639,58328061.32989,0
1616532300000,54922.73,54952.13,54395.06,54535.90,4700.884,1616533199999,256662968.99051,51109,2059.724,112465044.37217,0
1616533200000,54535.93,54645.69,54417.12,54532.37,2234.611,1616534099999,121867887.15129,28473,1149.376,62690605.35913,0
1616534100000,54532.36,54615.00,54237.56,54382.86,2350.357,1616534999999,127799646.87940,32059,1006.616,54746127.07359,0
1616535000000,54383.62,54640.00,54313.01,54570.00,2120.796,1616535899999,115580868.73714,27221,1151.764,62777434.48858,0
1616535900000,54575.24,54788.47,54482.51,54699.98,1914.837,1616536799999,104720067.97678,25198,1169.737,63976108.78384,0
1616536800000,54699.99,54900.00,54553.22,54679.35,2291.062,1616537699999,125435695.23991,27865,1169.482,64056725.72341,0
1616537700000,54679.34,54886.62,54580.06,54772.25,1742.265,1616538599999,95378131.84627,20953,872.209,47758274.50492,0
1616538600000,54772.25,54932.93,54668.20,54757.77,1477.809,1616539499999,80990976.84218,18936,765.579,41963756.58652,0
1616539500000,54757.77,54773.71,54412.69,54453.68,1977.719,1616540399999,107987265.73561,24077,795.146,43416050.92635,0
1616540400000,54453.68,54797.80,54413.00,54780.31,2028.716,1616541299999,110789340.97519,23074,1144.173,62487377.96191,0
1616541300000,54780.31,54882.41,54675.04,54753.61,1241.134,1616542199999,67982719.98107,16897,610.640,33449785.08781,0
1616542200000,54753.62,54818.53,54404.35,54499.99,1725.351,1616543099999,94134811.23805,19999,805.634,43950536.76805,0
1616543100000,54500.00,54767.88,54344.44,54400.00,2420.482,1616543999999,132077838.63026,27371,1131.607,61762645.66606,0
1616544000000,54400.00,54741.85,54106.74,54226.93,3995.028,1616544899999,217408548.39242,43954,1810.528,98568651.60286,0
1616544900000,54227.61,54229.44,53815.50,53911.52,5019.163,1616545799999,271160411.57676,55709,2192.136,118456470.51867,0
1616545800000,53911.53,54194.37,53861.75,54009.33,2962.511,1616546699999,160087930.12394,31036,1639.076,88580560.20262,0
1616546700000,54009.33,54087.83,53660.00,53761.66,3207.988,1616547599999,172841756.58233,35144,1389.927,74911069.95545,0
1616547600000,53766.49,54043.32,53600.00,53984.25,3029.088,1616548499999,162937961.17480,33418,1595.948,85865936.58452,0
1616548500000,53981.92,54397.07,53950.00,54369.91,2571.798,1616549399999,139383355.12705,29816,1503.406,81487764.34163,0
1616549400000,54369.46,54468.38,54231.00,54255.37,2211.721,1616550299999,120236874.60047,25674,1052.145,57204793.41572,0
1616550300000,54255.37,54642.89,54089.80,54515.91,3006.129,1616551199999,163473510.88020,32092,1564.407,85109481.59680,0
1616551200000,54515.93,54688.00,54415.00,54592.22,2220.600,1616552099999,121078027.33334,26811,1126.156,61408989.75756,0
1616552100000,54596.26,54647.93,54401.37,54577.15,1776.196,1616552999999,96808044.85877,19226,768.181,41870492.10915,0
1616553000000,54577.14,54680.00,54451.48,54557.07,1556.292,1616553899999,84882658.23488,18793,697.414,38041726.90962,0
1616553900000,54557.06,54669.00,54425.00,54472.71,1484.932,1616554799999,80984876.07829,17077,646.654,35272108.58820,0
1616554800000,54472.72,54561.80,54332.48,54383.19,1293.196,1616555699999,70412224.59559,16877,538.835,29344025.82566,0
1616555700000,54383.18,54536.29,54100.84,54529.04,2648.440,1616556599999,143714189.08901,28368,1334.733,72446419.22112,0
1616556600000,54526.38,54819.02,54525.10,54664.74,2402.973,1616557499999,131406489.78968,27540,1304.832,71358853.76531,0
1616557500000,54661.42,54670.00,54335.10,54400.00,1857.071,1616558399999,101155897.04065,20799,789.343,42988687.28259,0
1616558400000,54400.00,54595.00,54260.45,54387.72,1685.768,1616559299999,91765262.94432,21838,880.754,47953286.73851,0
1616559300000,54387.73,54634.90,54305.00,54459.99,1563.841,1616560199999,85175548.62092,18912,757.333,41247685.85964,0
1616560200000,54459.98,54577.76,54250.00,54313.09,1522.264,1616561099999,82833070.59730,19848,708.891,38577437.82804,0
1616561100000,54313.10,54390.00,54016.02,54164.76,2249.284,1616561999999,121872810.01421,28845,1027.110,55658596.90796,0
1616562000000,54166.77,54168.69,53888.45,54046.53,2619.700,1616562899999,141386654.30121,30253,1324.619,71490852.66403,0
1616562900000,54046.53,54177.74,53819.79,54164.28,1838.473,1616563799999,99217523.69017,23361,945.539,51047177.50457,0
1616563800000,54164.29,54333.85,54090.28,54255.96,2164.568,1616564699999,117359298.99060,24308,1012.331,54887620.32802,0
1616564700000,54255.96,54316.93,54077.69,54155.01,1576.387,1616565599999,85436076.57991,18331,791.449,42899500.79771,0
1616565600000,54155.02,54159.41,53762.94,53816.58,2667.619,1616566499999,143845425.50905,30973,1148.790,61954217.78857,0
1616566500000,53816.58,54038.00,53802.97,53888.67,2426.258,1616567399999,130864040.50076,24364,1331.343,71806013.61918,0
1616567400000,53887.56,55050.60,53751.01,54766.00,8640.012,1616568299999,471457070.39448,89615,4541.992,247789239.95251,0
1616568300000,54766.01,54996.81,54614.27,54695.10,4005.778,1616569199999,219567188.93470,37027,1926.959,105645596.04530,0
1616569200000,54695.10,55665.06,54655.08,55520.74,10114.674,1616570099999,559626656.67081,94059,5561.421,307639908.15511,0
1616570100000,55519.74,55578.27,55130.98,55173.60,4618.697,1616570999999,255621354.87447,40328,1960.063,108500927.29388,0
1616571000000,55173.60,55458.20,55091.38,55442.25,3928.911,1616571899999,217050282.85683,33314,2086.255,115273135.11123,0
1616571900000,55439.68,55650.00,55300.00,55485.70,3000.595,1616572799999,166395377.92463,32602,1580.414,87652827.13820,0
1616572800000,55485.66,56055.56,55484.69,55916.69,6619.733,1616573699999,369521695.49620,70771,3596.757,200775837.72697,0
1616573700000,55916.42,56280.94,55916.42,56171.77,6164.605,1616574599999,346173680.89223,61417,3121.383,175290070.16334,0
1616574600000,56164.75,56339.89,55980.00,56249.47,4175.930,1616575499999,234468301.79572,39831,2057.358,115550326.05877,0
1616575500000,56244.67,56349.25,56150.00,56293.48,2914.709,1616576399999,163937591.36922,33377,1515.380,85240165.16273,0
1616576400000,56293.48,56700.00,56293.47,56607.37,6197.075,1616577299999,350242978.71668,65944,3457.888,195447210.23930,0
1616577300000,56607.37,56684.62,56356.00,56515.99,3708.037,1616578199999,209429226.06777,37932,1658.122,93661578.15659,0
1616578200000,56515.99,56578.38,56404.00,56484.21,2132.537,1616579099999,120432336.19714,24770,1005.114,56771173.77660,0
1616579100000,56484.22,56624.99,56361.01,56447.44,2843.674,1616579999999,160599781.87452,29905,1234.747,69744522.90519,0
1616580000000,56447.43,56550.00,56301.27,56309.34,3201.930,1616580899999,180667367.78222,31075,1388.393,78354050.88725,0
1616580900000,56309.32,56370.00,56060.00,56199.57,4744.163,1616581799999,266653757.17533,45566,2196.703,123480473.71709,0
1616581800000,56199.57,56640.00,56146.51,56600.83,3799.241,1616582699999,214416406.40931,38655,2030.336,114591719.39891,0
1616582700000,56600.82,56610.26,56327.94,56513.80,2207.238,1616583599999,124614030.90635,25297,1026.481,57949628.66096,0
1616583600000,56513.78,56578.59,56328.33,56465.00,1790.845,1616584499999,101076363.88909,21679,904.582,51053454.89145,0
1616584500000,56464.99,56635.72,56450.00,56462.40,1867.786,1616585399999,105592586.24244,22421,908.004,51336071.72537,0
1616585400000,56462.41,56508.24,56300.35,56494.01,1766.584,1616586299999,99634781.18236,20995,938.524,52940113.52414,0
1616586300000,56494.01,56656.00,56328.67,56591.65,1850.184,1616587199999,104531964.51188,21755,1020.266,57659590.77377,0
1616587200000,56589.25,57080.00,56587.93,56909.99,8515.158,1616588099999,484569512.96841,82362,4465.082,254064339.43189,0
1616588100000,56910.00,57064.96,56730.84,56842.50,3794.820,1616588999999,215842718.46599,37471,1724.666,98108869.30601,0
1616589000000,56842.51,56964.95,56787.90,56926.43,2276.638,1616589899999,129485626.64698,24028,1093.497,62199485.39566,0
1616589900000,56926.44,56972.69,56822.31,56915.55,1808.528,1616590799999,102894632.13908,20588,843.159,47975496.59153,0
1616590800000,56915.55,57050.00,56780.13,56917.26,2531.361,1616591699999,144029125.55678,29713,1168.817,66522956.09927,0
1616591700000,56917.25,57000.00,56838.47,56984.68,2090.440,1616592599999,119053324.83154,24694,1014.025,57758321.53619,0
1616592600000,56984.69,57234.79,56800.00,56837.39,6147.563,1616593499999,350668480.75165,59629,2873.502,163953266.89463,0
1616593500000,56837.40,56899.01,56355.52,56804.51,7607.292,1616594399999,430894571.52368,68454,3277.544,185684443.67500,0
1616594400000,56804.52,56974.22,56679.00,56841.54,3473.173,1616595299999,197382852.39777,37040,1728.469,98242846.98302,0
1616595300000,56841.54,56950.00,56582.08,56643.77,3252.878,1616596199999,184469345.36245,34367,1453.090,82411553.79722,0
1616596200000,56643.41,56796.87,56556.01,56721.28,2228.174,1616597099999,126335898.49645,23961,1016.525,57645758.39028,0
1616597100000,56721.29,56821.32,56504.00,56589.12,2437.370,1616597999999,138148681.83820,26413,1106.100,62715178.97557,0
1616598000000,56589.13,56698.00,56526.02,56621.37,1729.877,1616598899999,97944062.93548,21011,863.811,48909235.15799,0
1616598900000,56624.25,56691.36,56237.48,56384.95,3965.133,1616599799999,223942899.45059,37594,1698.707,95960342.85456,0
1616599800000,56384.96,56448.88,56121.00,56122.43,3996.593,1616600699999,224926138.47884,41696,1685.772,94895913.86449,0
1616600700000,56122.44,56432.70,56080.00,56359.57,3968.161,1616601599999,223125359.75138,40365,2182.807,122763567.57207,0
1616601600000,56359.57,56470.45,56055.59,56248.61,3822.506,1616602499999,215047481.05476,42209,1814.885,102115806.60589,0
1616602500000,56252.38,56260.22,55856.00,55938.68,4810.517,1616603399999,269380615.74762,51714,2063.558,115557621.82065,0
1616603400000,55938.69,56125.00,55836.46,56019.20,3061.439,1616604299999,171384636.75533,34412,1626.723,91088546.75232,0
1616604300000,56019.21,56210.48,55810.00,55834.75,2486.880,1616605199999,139289848.82332,29551,1228.616,68834437.27790,0
1616605200000,55834.74,56049.19,55800.00,55827.13,2511.777,1616606099999,140493952.23942,27672,1167.896,65332185.71157,0
1616606100000,55827.14,56082.00,55600.00,56024.55,4321.273,1616606999999,241345404.04671,43984,2031.295,113516981.75334,0
1616607000000,56024.56,56439.00,55976.85,56333.85,3951.420,1616607899999,222348368.40849,43173,2171.132,122163433.23288,0
1616607900000,56333.84,56376.76,56158.86,56166.32,2539.806,1616608799999,142925686.89153,26975,1157.284,65139075.08963,0
1616608800000,56166.32,56400.00,56066.32,56112.69,2711.737,1616609699999,152489150.51478,28417,1290.795,72611939.18493,0
1616609700000,56112.69,56238.00,55944.00,55964.97,1583.926,1616610599999,88857611.61712,21033,705.189,39573184.46155,0
1616610600000,55966.19,56003.00,55555.00,55612.85,4398.149,1616611499999,245379220.13603,44878,1791.260,99942818.95421,0
1616611500000,55610.25,55750.00,55416.00,55447.23,3717.860,1616612399999,206739229.27906,38941,1679.782,93444453.55196,0
1616612400000,55447.30,55637.69,55400.00,55560.97,3412.300,1616613299999,189423500.23172,33250,1622.253,90072747.40730,0
1616613300000,55560.97,55595.99,55222.00,55260.61,3621.447,1616614199999,200611181.79650,41525,1619.659,89746691.25022,0
1616614200000,55264.61,55375.00,54722.00,54831.42,7272.897,1616615099999,399980510.83044,73196,3069.404,168817735.43574,0
1616615100000,54831.39,55048.09,54750.00,54789.04,3835.982,1616615999999,210589252.24063,39622,2044.323,112255515.46135,0
1616616000000,54788.87,54795.84,54330.00,54362.36,7462.995,1616616899999,407150448.73120,75636,3266.122,178217808.35293,0
1616616900000,54362.36,54500.00,53636.00,53777.80,11192.498,1616617799999,605561178.98038,111001,4823.072,261039566.11841,0
1616617800000,53778.29,53990.00,53200.00,53981.72,14161.379,1616618699999,758208185.10198,139039,7365.263,394481150.10143,0
1616618700000,53974.40,54412.00,53717.60,54086.08,8404.031,1616619599999,454924698.31666,80544,4241.639,229608506.74803,0
1616619600000,54087.11,54290.07,53535.32,54084.57,7820.147,1616620499999,421583717.66463,83471,3827.580,206396521.04610,0
1616620500000,54084.56,54254.00,53892.35,53990.14,3321.703,1616621399999,179561261.70534,40849,1612.576,87191199.20125,0
1616621400000,53992.58,53992.59,53602.14,53954.55,3835.172,1616622299999,206341720.80814,50695,1783.992,96004532.78719,0
1616622300000,53956.98,54100.00,53677.99,53793.99,2947.431,1616623199999,158722615.28107,35491,1369.584,73772922.25870,0
1616623200000,53793.99,53793.99,53120.00,53135.32,7987.301,1616624099999,427077110.39794,83609,3240.822,173386449.52264,0
1616624100000,53138.81,53146.89,51666.00,52479.97,24881.140,1616624999999,1303440434.86228,260306,11051.501,578944450.31470,0
1616625000000,52479.70,52860.00,52284.79,52605.65,7283.648,1616625899999,383073325.92922,77258,3905.705,205437389.23523,0
1616625900000,52609.18,52763.00,52151.23,52540.81,6717.323,1616626799999,352566943.75732,68047,3274.420,171885777.62306,0
1616626800000,52540.82,52895.00,52312.75,52729.97,5235.190,1616627699999,275514945.85007,51906,2823.795,148609006.17555,0
1616627700000,52729.97,52792.70,52398.00,52771.46,3973.852,1616628599999,208898034.48325,41745,1995.203,104896534.87275,0
1616628600000,52771.47,52988.57,52418.36,52899.46,4191.795,1616629499999,220972900.78820,42519,2174.603,114660252.84006,0
1616629500000,52899.45,52975.74,52300.00,52311.54,5023.620,1616630399999,264281294.37821,46953,2275.150,119691970.58770,0
1616630400000,52307.89,52750.00,52046.32,52747.00,6654.777,1616631299999,348584752.69588,79425,3532.979,185118485.49080,0
1616631300000,52747.00,52841.79,52561.81,52733.99,3130.898,1616632199999,165064449.83189,34733,1581.101,83375773.22280,0
1616632200000,52734.00,52734.00,52336.00,52473.98,3632.699,1616633099999,190627360.86910,38473,1735.293,91046325.19218,0
1616633100000,52461.77,52818.00,52461.77,52643.27,2972.846,1616633999999,156552331.61758,33202,1570.020,82685568.67745,0
1616634000000,52643.27,52775.00,52390.73,52399.49,3295.714,1616634899999,173293669.37238,32852,1611.131,84744794.60874,0
1616634900000,52399.49,52600.00,52380.00,52420.44,1989.184,1616635799999,104376466.40112,23720,1057.850,55511013.13479,0
1616635800000,52420.44,52638.54,51962.81,52562.91,6675.263,1616636699999,349094479.59664,63845,3174.245,166079810.99416,0
1616636700000,52562.91,52569.00,51720.01,51856.33,5925.695,1616637599999,308814698.00486,58587,2520.358,131377440.21871,0
1616637600000,51856.34,52406.36,51500.00,51882.59,11132.234,1616638499999,578715278.30608,104847,5158.580,268322061.64543,0
1616638500000,51882.60,52290.00,51741.58,52236.34,5030.335,1616639399999,261846387.44281,49536,2822.335,146945397.02819,0
1616639400000,52236.35,52500.00,52194.20,52413.61,3452.992,1616640299999,180789788.94812,34546,2004.866,104968630.70354,0
1616640300000,52410.15,52580.00,52187.01,52270.00,2882.504,1616641199999,150910005.61156,30032,1439.041,75364186.03217,0
1616641200000,52269.89,52578.83,52111.00,52307.83,2755.940,1616642099999,144300424.84874,29881,1494.231,78251511.11656,0
1616642100000,52307.82,52344.97,51957.99,52018.66,2446.977,1616642999999,127599235.03901,27531,1098.976,57320579.55608,0
1616643000000,52020.27,52300.00,51835.32,52007.01,2994.139,1616643899999,155825321.74548,33599,1468.408,76437313.37919,0
1616643900000,52007.01,52277.99,51958.37,52128.62,2476.920,1616644799999,129137629.29420,27542,1319.718,68812013.82915,0
1616644800000,52128.61,52387.50,51924.68,52359.05,3098.274,1616645699999,161568882.73163,32945,1674.433,87336042.30217,0
1616645700000,52360.30,52517.79,52203.72,52415.39,2290.200,1616646599999,119970533.06075,27257,1105.602,57920883.29085,0
1616646600000,52415.39,52431.53,52209.83,52352.46,1722.385,1616647499999,90111606.19536,20326,802.861,42006991.37011,0
1616647500000,52352.46,52480.23,52159.45,52250.01,2364.432,1616648399999,123616980.32310,25628,1192.337,62346000.39007,0
1616648400000,52250.01,52488.26,52142.40,52487.37,2286.936,1616649299999,119737826.91332,26051,1174.292,61487321.26296,0
1616649300000,52487.37,52850.00,52450.46,52802.89,4395.956,1616650199999,231695236.30999,42104,2680.016,141239395.84565,0
1616650200000,52802.88,52812.14,52624.71,52670.01,2147.937,1616651099999,113216341.05195,21637,812.849,42847076.23535,0
1616651100000,52671.62,52831.41,52601.81,52683.00,1919.927,1616651999999,101188079.68071,20585,884.022,46596672.04610,0
1616652000000,52682.99,53255.20,52651.32,53171.10,4698.126,1616652899999,249003164.12071,43364,2827.787,149901665.62984,0
1616652900000,53172.57,53172.57,53001.00,53012.68,2345.013,1616653799999,124519673.54987,22460,917.221,48710224.72240,0
1616653800000,53016.76,53023.77,52715.24,52856.69,3863.250,1616654699999,204290846.28629,34479,1680.118,88863229.05774,0
1616654700000,52856.70,53071.96,52822.86,52976.46,2050.133,1616655599999,108543791.08190,21051,1050.803,55640643.49927,0
1616655600000,52976.45,53130.00,52860.70,53058.04,1701.566,1616656499999,90178269.20872,20663,902.308,47821130.94164,0
1616656500000,53058.04,53073.35,52756.89,52855.35,2119.431,1616657399999,112061974.08087,22427,903.587,47774060.66394,0
1616657400000,52857.70,53016.78,52770.00,52771.26,2162.367,1616658299999,114399770.25659,21180,887.596,46955413.16638,0
1616658300000,52771.25,52839.69,52250.00,52298.34,6427.892,1616659199999,337605546.25400,60360,2642.673,138805981.49078,0
1616659200000,52298.33,52485.38,52112.00,52421.96,5935.169,1616660099999,310334244.61035,57192,2974.103,155544751.16771,0
1616660100000,52421.97,52545.51,52250.00,52385.01,3106.702,1616660999999,162868985.23578,33422,1608.100,84310078.90028,0
1616661000000,52385.01,52800.00,52272.29,52720.05,3163.235,1616661899999,166204465.73681,35671,1669.967,87776124.56154,0
1616661900000,52720.06,52800.00,52507.44,52631.07,2071.649,1616662799999,109050914.31946,24358,1034.359,54452697.56299,0
1616662800000,52628.80,52719.99,52370.00,52519.79,2460.469,1616663699999,129262051.42521,25953,1193.473,62709983.34815,0
1616663700000,52519.95,52849.00,52519.95,52800.01,3417.083,1616664599999,180257583.54227,30226,1760.202,92847669.81358,0
1616664600000,52806.01,52839.04,52634.06,52704.47,1726.799,1616665499999,91049106.80142,18132,800.978,42234600.82504,0
1616665500000,52704.48,53048.00,52700.01,52977.00,2588.023,1616666399999,136857476.64245,28078,1553.663,82172251.54668,0
1616666400000,52976.99,53088.00,52532.69,52680.05,3696.226,1616667299999,195032905.82389,38940,1706.639,90049653.60189,0
1616667300000,52681.05,52900.00,52604.66,52897.40,1678.986,1616668199999,88612975.03238,21031,876.389,46257214.14459,0
1616668200000,52897.40,53031.42,52836.22,52885.45,2569.848,1616669099999,136057155.22487,27008,1241.870,65757052.29560,0
1616669100000,52884.03,53017.63,52761.67,52962.05,2037.308,1616669999999,107769747.45036,23672,986.399,52189374.11526,0
1616670000000,52962.05,53160.20,52834.41,52953.37,3413.013,1616670899999,180933963.80841,36261,1661.719,88115528.21690,0
1616670900000,52953.36,53049.18,52723.15,52761.48,2421.539,1616671799999,128067277.67559,25441,1098.838,58124737.49270,0
1616671800000,52755.12,52807.40,52504.25,52529.99,3082.630,1616672699999,162336002.06139,32876,1344.330,70799583.60519,0
1616672700000,52530.00,52561.99,52164.38,52197.70,5648.710,1616673599999,295696210.18290,56505,2420.736,126739976.65830,0
1616673600000,52198.17,52378.58,51111.00,51264.94,15001.105,1616674499999,775177432.39881,151099,6156.529,318150776.42281,0
1616674500000,51265.29,51523.72,50586.78,50902.00,17065.214,1616675399999,872114805.56214,161406,7566.722,387095956.66923,0
1616675400000,50902.45,51164.55,50456.02,50977.21,15110.207,1616676299999,767512614.61000,150130,7875.297,400214582.22802,0
1616676300000,50977.21,51338.03,50930.00,51101.16,7576.944,1616677199999,387462624.30651,79558,3818.100,195292271.79291,0
1616677200000,51101.15,51300.00,50600.00,50653.40,6308.595,1616678099999,321415465.62867,65780,2847.202,145123520.85172,0
1616678100000,50650.14,51187.06,50452.08,51098.86,8676.247,1616678999999,441893264.14570,80547,4782.091,243617487.37342,0
1616679000000,51102.18,52000.00,51075.51,51815.98,11196.658,1616679899999,578147808.66082,106909,6358.535,328261105.32486,0
1616679900000,51816.34,51907.87,51512.39,51664.41,5070.587,1616680799999,262179362.24227,51228,2260.676,116919952.24904,0
1616680800000,51669.79,52111.00,51530.00,51912.14,8023.819,1616681699999,415900252.67388,63916,4528.228,234696939.88162,0
1616681700000,51912.14,51988.00,51612.56,51739.45,3449.593,1616682599999,178701721.03776,36610,1496.543,77538074.26020,0
1616682600000,51739.44,51778.84,51259.21,51449.30,5516.779,1616683499999,283778442.95240,56279,2443.796,125715166.43535,0
1616683500000,51449.30,51637.00,51072.06,51343.06,5397.828,1616684399999,276935808.58045,52683,2595.111,133176602.07297,0
1616684400000,51343.06,51441.23,50700.00,50809.97,7954.614,1616685299999,405290658.96476,81503,3683.507,187678858.72793,0
1616685300000,50809.99,51253.83,50662.25,51060.86,7211.300,1616686199999,367591500.66822,70376,3990.835,203518177.18201,0
1616686200000,51060.86,51570.00,51008.64,51312.16,5675.650,1616687099999,291680572.38000,60263,2930.038,150571444.58002,0
1616687100000,51312.16,51522.66,50849.65,51024.33,6883.798,1616687999999,351817962.70911,66496,3282.172,167776590.66221,0
1616688000000,51024.33,51380.00,50570.93,51372.50,10325.626,1616688899999,525841824.87793,102181,5322.823,271197528.40119,0
1616688900000,51372.50,51752.36,50750.00,50823.14,10581.835,1616689799999,543505063.47663,102083,4713.762,242252226.08197,0
1616689800000,50823.15,51376.68,50750.00,51227.85,7163.076,1616690699999,365645683.38711,69318,3818.548,194931011.21707,0
1616690700000,51227.85,51484.84,51030.38,51338.00,4200.392,1616691599999,215442806.29705,45621,2149.474,110272265.15877,0
1616691600000,51341.01,51816.36,51142.07,51802.35,5614.551,1616692499999,289178746.19286,56419,3240.764,167008183.90166,0
1616692500000,51802.84,51846.13,51436.86,51599.48,3974.815,1616693399999,205258517.41469,43186,1762.837,91035820.56300,0
1616693400000,51599.47,51850.00,51347.80,51763.00,4352.939,1616694299999,224801992.88751,41637,2231.714,115325632.03074,0
1616694300000,51763.00,51799.91,51580.32,51652.54,1908.093,1616695199999,98629921.78155,23646,933.917,48281801.20982,0
1616695200000,51652.55,51923.99,51541.00,51667.46,3389.774,1616696099999,175402687.46275,36955,1803.740,93371389.89989,0
1616696100000,51666.24,51827.97,51580.00,51762.43,2034.467,1616696999999,105193628.06909,24484,1034.461,53498480.37309,0
1616697000000,51762.43,52470.00,51762.42,52445.04,7474.945,1616697899999,389894178.57706,71892,4361.627,227504478.18463,0
1616697900000,52445.02,52582.00,52169.37,52264.77,4122.975,1616698799999,215868058.48472,43553,2028.264,106234591.87735,0
1616698800000,52263.88,52329.99,52114.00,52137.13,2044.784,1616699699999,106764611.75107,23667,835.903,43653387.69078,0
1616699700000,52146.16,52275.16,51664.85,51910.87,4575.931,1616700599999,237513601.54242,47044,1997.046,103646932.25023,0
1616700600000,51912.44,52321.24,51830.00,52099.07,3065.240,1616701499999,159568697.12445,33914,1670.415,86987181.36497,0
1616701500000,52099.07,52312.45,51972.72,52220.00,2098.451,1616702399999,109439822.57452,24419,988.603,51564770.57735,0
1616702400000,52219.99,52500.00,52119.00,52470.42,2621.762,1616703299999,137107873.45467,32800,1307.784,68413028.50780,0
1616703300000,52471.92,52742.85,52189.83,52248.29,4177.934,1616704199999,219303030.76415,44348,2038.393,107043379.13124,0
1616704200000,52249.99,52333.27,52010.53,52113.68,2340.292,1616705099999,122090863.03627,28663,997.548,52052327.34177,0
1616705100000,52120.50,52244.27,51855.23,52030.23,2847.884,1616705999999,148232833.39920,30168,1259.676,65602178.52338,0
1616706000000,52030.22,52350.00,52030.22,52184.35,2156.160,1616706899999,112602694.57062,25082,1172.986,61250912.83228,0
1616706900000,52184.36,52334.67,51986.49,52134.98,1619.892,1616707799999,84490408.30554,24546,737.214,38453148.11285,0
1616707800000,52137.47,52509.14,52135.08,52270.40,1972.209,1616708699999,103303170.27827,26860,928.334,48627305.52209,0
1616708700000,52270.41,52609.35,52256.17,52468.06,2051.162,1616709599999,107561819.34357,26263,1095.803,57470324.52385,0
1616709600000,52468.06,52672.99,52432.35,52577.49,1946.649,1616710499999,102281596.65059,25856,1026.786,53954996.34650,0
1616710500000,52577.48,52750.00,52344.00,52513.07,2255.066,1616711399999,118466154.40499,30672,1132.306,59502465.79108,0
1616711400000,52509.75,52517.23,52142.14,52156.62,1967.763,1616712299999,102920185.02048,24926,835.153,43689390.90117,0
1616712300000,52158.53,52229.33,51606.75,51778.63,4423.902,1616713199999,229405757.03932,50355,1900.992,98575445.01337,0
1616713200000,51778.63,52094.21,51739.58,51959.03,2572.003,1616714099999,133547638.76055,29648,1372.021,71254539.57079,0
1616714100000,51959.02,51967.72,51658.29,51704.92,2271.253,1616714999999,117571677.10631,25546,974.718,50461059.09545,0
1616715000000,51709.39,51867.02,51269.00,51297.63,4126.849,1616715899999,212746506.78792,43478,1647.565,84991288.58433,0
1616715900000,51297.62,51561.00,51250.00,51325.21,2390.148,1616716799999,122897172.65227,28507,1253.329,64452464.50241,0
1616716800000,51325.21,52124.39,51260.00,51850.53,5262.437,1616717699999,272508234.55718,53447,2735.231,141656900.52843,0
1616717700000,51850.53,51937.83,51660.00,51900.00,3237.518,1616718599999,167636783.25414,31602,1571.943,81404675.67030,0
1616718600000,51900.00,52087.04,51862.15,52008.10,2392.916,1616719499999,124357580.12504,27060,1288.854,66979114.73242,0
1616719500000,52008.96,52300.00,51957.99,52107.48,2698.671,1616720399999,140803756.10981,30054,1484.732,77478799.25329,0
1616720400000,52107.46,52362.20,52006.00,52214.32,2143.599,1616721299999,111913838.50753,25573,1125.573,58783133.75551,0
1616721300000,52214.36,52319.55,52150.00,52162.06,1258.158,1616722199999,65707179.47198,17043,563.652,29442034.35917,0
1616722200000,52162.07,52347.33,52132.15,52220.21,1482.203,1616723099999,77429354.42455,17631,725.460,37902956.86175,0
1616723100000,52220.22,52381.06,52200.00,52279.77,1261.758,1616723999999,65976253.19980,17086,657.386,34378564.77295,0
1616724000000,52280.15,52400.00,52076.01,52134.40,1623.286,1616724899999,84785419.59683,21239,721.521,37691712.65452,0
1616724900000,52134.39,52166.87,51711.41,51876.32,2918.644,1616725799999,151405685.35860,32432,1351.608,70106358.20085,0
1616725800000,51879.99,51880.00,51573.09,51702.51,2133.890,1616726699999,110321153.63878,25352,874.576,45221912.99450,0
1616726700000,51702.51,51935.94,51650.63,51739.62,2054.524,1616727599999,106423585.79013,23362,1148.823,59510845.76311,0
1616727600000,51740.01,52080.40,51733.82,52048.98,2222.380,1616728499999,115390160.43974,26796,1171.969,60856788.08217,0
1616728500000,52049.61,52498.99,52034.03,52374.45,3080.234,1616729399999,161115977.61477,38306,1560.729,81619610.89780,0
1616729400000,52374.17,52698.24,52224.00,52560.68,3699.667,1616730299999,194036338.89020,35937,2203.684,115605952.19926,0
1616730300000,52563.26,52762.74,52379.04,52421.62,2340.926,1616731199999,123010680.94292,26943,1257.590,66101083.06858,0
1616731200000,52421.61,52562.19,52275.20,52343.38,2652.092,1616732099999,138948851.97344,24768,1393.504,73020466.38119,0
1616732100000,52347.37,52430.00,52191.23,52212.61,2312.662,1616732999999,120941401.20805,21399,942.153,49274907.91457,0
1616733000000,52209.79,52568.46,52201.08,52401.74,1892.952,1616733899999,99244845.29404,21671,1020.558,53503508.69157,0
1616733900000,52401.74,52800.00,52398.78,52706.75,2747.967,1616734799999,144671802.57766,29233,1603.581,84422480.25033,0
1616734800000,52706.75,52932.53,52516.49,52837.97,3498.193,1616735699999,184506916.43584,35366,1938.406,102244235.84281,0
1616735700000,52833.09,52859.43,52650.00,52693.47,2191.964,1616736599999,115618746.09443,23937,971.308,51236019.00338,0
1616736600000,52694.10,52747.58,52537.05,52690.78,2168.298,1616737499999,114161187.43996,22387,1100.852,57964991.95365,0
1616737500000,52690.79,52837.55,52674.40,52826.24,1426.671,1616738399999,75284900.76423,16924,728.537,38443923.73611,0
1616738400000,52826.25,52839.99,52577.89,52738.85,1819.028,1616739299999,95861655.36463,20201,801.510,42240813.21413,0
1616739300000,52738.85,52738.86,52566.65,52632.21,1389.917,1616740199999,73163783.23061,16718,594.365,31289311.08117,0
1616740200000,52632.21,52900.00,52509.00,52650.01,2997.184,1616741099999,158053271.91303,29644,1589.253,83813116.92824,0
1616741100000,52650.00,52750.00,52460.37,52588.10,2104.552,1616741999999,110698924.00513,24331,959.640,50483548.44083,0
1616742000000,52588.11,52679.92,52400.00,52494.90,2560.960,1616742899999,134443929.81797,27598,1059.641,55637847.80399,0
1616742900000,52494.90,52661.84,52453.79,52582.14,1703.890,1616743799999,89564239.31235,20064,886.149,46584124.47721,0
1616743800000,52582.15,53299.00,52582.14,53167.81,7333.663,1616744699999,388934305.93699,72459,4176.343,221494128.61006,0
1616744700000,53167.80,53600.00,53097.24,53574.29,7760.674,1616745599999,414235067.99215,74949,4465.660,238392396.89007,0
1616745600000,53572.31,53850.00,53439.66,53483.79,8266.255,1616746499999,443448984.34521,78708,4137.063,222002423.33795,0
1616746500000,53483.79,53730.00,53400.00,53644.89,3795.835,1616747399999,203330013.86793,38648,1925.997,103186267.91460,0
1616747400000,53644.89,53658.70,53368.70,53427.34,2646.622,1616748299999,141580555.69480,27971,1044.660,55896911.44589,0
1616748300000,53427.33,53480.00,53164.22,53369.26,4638.128,1616749199999,247245358.63854,43084,2139.876,114085779.28594,0
1616749200000,53369.27,53598.88,53353.00,53534.18,2602.891,1616750099999,139219926.34131,28958,1288.722,68934348.59679,0
1616750100000,53534.17,53597.57,53400.01,53567.86,1996.180,1616750999999,106837428.34274,22157,931.005,49835026.97065,0
1616751000000,53567.76,53584.13,53230.00,53326.91,2369.792,1616751899999,126536801.13684,26502,973.668,51995894.40455,0
1616751900000,53326.90,53415.92,53208.49,53339.10,1497.134,1616752799999,79798996.70931,21090,737.822,39331928.63468,0
1616752800000,53336.55,53386.83,53170.00,53286.24,1851.996,1616753699999,98678074.25501,23475,915.921,48807965.89377,0
1616753700000,53286.24,53576.95,53282.49,53530.69,2370.063,1616754599999,126733733.86839,27686,1223.613,65419515.03545,0
1616754600000,53531.60,53535.63,53229.21,53390.76,2013.676,1616755499999,107469226.19256,26176,901.535,48119243.10350,0
1616755500000,53388.16,53465.39,53262.36,53389.20,1299.202,1616756399999,69343560.54447,19218,640.365,34179640.80043,0
1616756400000,53389.22,53465.11,53283.45,53300.00,1241.446,1616757299999,66221721.90641,17774,644.267,34368806.11725,0
1616757300000,53300.00,53350.00,53006.90,53073.18,3550.445,1616758199999,188679373.51757,40450,1573.502,83627873.68581,0
1616758200000,53073.18,53084.89,52700.00,52966.31,6160.227,1616759099999,325615440.04690,60399,2881.248,152322509.99571,0
1616759100000,52967.31,52974.94,52612.47,52759.34,4468.000,1616759999999,235784880.62938,44138,2001.599,105645034.65935,0
1616760000000,52759.33,53285.10,52550.00,53220.73,5672.695,1616760899999,300371807.48479,56527,3038.835,160967908.80589,0
1616760900000,53220.73,53220.74,52836.75,52909.78,3574.401,1616761799999,189600099.42557,35823,1546.045,82015443.29367,0
1616761800000,52909.78,53100.00,52778.63,52877.01,2533.564,1616762699999,134134705.69577,27670,1225.997,64913921.18455,0
1616762700000,52877.53,53078.26,52850.00,53030.91,2129.322,1616763599999,112809049.82750,22642,1129.753,59856401.30010,0
1616763600000,53032.65,53177.00,52939.50,53115.00,2213.013,1616764499999,117448781.06855,25258,1169.310,62059582.06760,0
1616764500000,53115.00,53115.00,52750.00,52775.45,2582.368,1616765399999,136656351.67810,28028,1129.608,59787417.54748,0
1616765400000,52775.45,53267.00,52775.45,53221.19,2976.163,1616766299999,157805219.67358,32208,1688.922,89558833.80974,0
1616766300000,53221.18,53336.98,53100.32,53329.88,3130.403,1616767199999,166681940.21635,34331,1731.047,92188604.35905,0
1616767200000,53324.91,53498.00,53121.44,53201.93,3538.628,1616768099999,188519483.40974,36474,1734.929,92453716.19663,0
1616768100000,53201.92,53334.05,53105.00,53267.55,1672.614,1616768999999,89047927.57659,20779,867.103,46169306.16129,0
1616769000000,53270.19,53281.32,53145.00,53212.85,1291.461,1616769899999,68706505.98514,15056,640.400,34070798.65278,0
1616769900000,53212.85,53450.01,53202.49,53406.92,2244.090,1616770799999,119675386.05188,24477,1243.934,66337881.96082,0
1616770800000,53406.92,53556.54,53288.49,53350.85,2552.926,1616771699999,136351755.71095,28065,1295.135,69190246.73530,0
1616771700000,53350.85,53439.01,53211.00,53327.29,2007.555,1616772599999,107014198.99147,22742,901.287,48047347.20074,0
1616772600000,53327.28,53411.40,53221.44,53367.55,1496.323,1616773499999,79796319.54288,17481,719.348,38359391.96410,0
1616773500000,53368.01,53419.43,53234.44,53328.84,1359.013,1616774399999,72446300.39095,16215,702.028,37425710.43262,0
1616774400000,53328.22,53490.77,52893.95,53438.91,6385.983,1616775299999,339801946.26796,66694,2966.408,157889180.99396,0
1616775300000,53440.94,53750.00,53406.00,53712.99,5125.067,1616776199999,274902510.15511,51891,2767.664,148464423.41438,0
1616776200000,53711.19,54060.00,53674.00,53824.11,8462.113,1616777099999,456067262.21878,77146,4061.009,218919813.76354,0
1616777100000,53824.11,53892.84,53626.00,53792.35,2926.004,1616777999999,157269801.63861,32190,1479.528,79535785.34475,0
1616778000000,53792.34,53861.91,53500.00,53601.73,3932.986,1616778899999,210941678.29155,36526,1659.035,89005753.41460,0
1616778900000,53601.73,53743.68,53508.99,53676.75,1623.469,1616779799999,87105186.71759,21216,854.598,45861924.00233,0
1616779800000,53674.90,53841.00,53671.69,53746.42,1669.293,1616780699999,89740757.19102,21352,903.058,48551675.11605,0
1616780700000,53746.41,53900.00,53607.05,53813.89,2575.269,1616781599999,138542882.72689,27804,1362.266,73310594.29949,0
1616781600000,53813.89,53920.00,53613.33,53649.66,2022.524,1616782499999,108734863.14863,24104,781.750,42035747.44039,0
1616782500000,53649.72,53767.31,53444.67,53679.16,2947.469,1616783399999,157937427.40621,32251,1333.365,71457668.34475,0
1616783400000,53677.94,53747.62,53511.00,53640.01,1702.895,1616784299999,91327156.36313,20207,862.429,46257528.26854,0
1616784300000,53640.01,53724.26,53477.10,53679.66,2074.255,1616785199999,111204962.23558,21166,1112.615,59659266.38155,0
1616785200000,53679.67,53686.89,53534.00,53636.35,1103.948,1616786099999,59191490.54361,15941,518.581,27807877.81040,0
1616786100000,53636.34,53783.64,53555.07,53647.87,1529.991,1616786999999,82079586.82364,18084,817.264,43849030.90399,0
1616787000000,53647.87,53795.33,53515.60,53580.08,1729.995,1616787899999,92797426.60769,20240,793.625,42576148.26689,0
1616787900000,53577.36,53800.00,53570.01,53771.25,2113.008,1616788799999,113478565.60933,21514,1082.292,58134309.96969,0
1616788800000,53771.25,54295.09,53765.87,54149.60,5671.484,1616789699999,306433251.71067,58237,3491.797,188664564.90459,0
1616789700000,54147.06,54266.86,53820.00,53830.01,5077.101,1616790599999,274414891.86378,47018,2136.059,115476192.78410,0
1616790600000,53835.01,54175.22,53820.34,54065.39,2442.769,1616791499999,132022120.49051,27356,1314.683,71049999.48954,0
1616791500000,54065.40,54095.00,53942.82,53950.45,1855.586,1616792399999,100223417.60386,20197,809.991,43751546.02831,0
1616792400000,53947.19,54159.16,53945.14,54042.56,1656.594,1616793299999,89562063.95782,20457,742.545,40142911.84421,0
1616793300000,54042.57,54398.27,53989.00,54290.68,3130.757,1616794199999,169911204.00935,36682,1877.055,101884784.47784,0
1616794200000,54290.68,54520.95,54225.32,54466.15,2916.789,1616795099999,158689110.17356,36483,1740.059,94692914.60056,0
1616795100000,54466.14,54590.00,54418.24,54568.67,2732.781,1616795999999,148961015.41519,35548,1295.709,70639345.94319,0
1616796000000,54568.67,54724.48,54501.51,54612.24,2972.334,1616796899999,162320907.28388,36914,1551.499,84742279.05110,0
1616796900000,54612.23,54772.21,54427.43,54647.96,3080.426,1616797799999,168227701.55760,35378,1531.469,83671089.76759,0
1616797800000,54647.96,54647.96,54413.96,54492.17,2032.404,1616798699999,110764042.48430,22523,802.511,43742156.55694,0
1616798700000,54492.17,54518.09,54321.08,54379.60,1560.563,1616799599999,84934196.55264,19855,738.062,40174017.49513,0
1616799600000,54379.60,54495.00,54298.07,54430.21,1487.057,1616800499999,80884688.45358,19258,770.994,41943555.28113,0
1616800500000,54430.21,54825.00,54410.00,54743.48,2500.131,1616801399999,136479716.68593,29279,1458.578,79630007.65180,0
1616801400000,54743.49,54854.54,54660.99,54660.99,2314.937,1616802299999,126760431.51979,26157,1101.107,60305767.94613,0
1616802300000,54665.69,55123.00,54657.67,55030.00,4487.951,1616803199999,246545323.96691,46835,2663.505,146347021.16077,0
1616803200000,55030.00,55518.89,55009.71,55474.61,8418.762,1616804099999,465770979.37969,83307,4780.327,264519468.57295,0
1616804100000,55474.61,55555.55,55182.49,55182.49,4393.400,1616804999999,243371654.84547,44281,1753.658,97181120.63181,0
1616805000000,55182.49,55394.00,55000.00,55000.00,3279.680,1616805899999,181039074.37942,35953,1594.744,88076550.24905,0
1616805900000,55002.44,55137.22,54729.58,54766.38,3556.945,1616806799999,195342407.74443,38305,1494.633,82102833.02898,0
1616806800000,54766.48,54989.91,54761.94,54977.18,2629.701,1616807699999,144369209.54069,27409,1468.604,80629463.41471,0
1616807700000,54979.24,54980.00,54666.29,54856.06,2220.520,1616808599999,121705455.83793,24295,948.281,51978401.96187,0
1616808600000,54857.48,54900.00,54700.00,54800.38,1789.050,1616809499999,98026891.20999,18987,827.027,45323411.74976,0
1616809500000,54800.31,54800.31,54560.16,54705.82,2372.773,1616810399999,129742694.95244,23956,975.992,53375384.63571,0
1616810400000,54701.71,54861.71,54615.88,54846.52,1338.831,1616811299999,73316913.86288,17109,764.785,41887759.86017,0
1616811300000,54845.33,54898.37,54651.01,54665.09,1549.411,1616812199999,84911905.00971,18224,677.036,37110909.28974,0
1616812200000,54665.10,54850.00,54500.00,54829.99,1941.079,1616813099999,106145487.50437,22449,959.279,52466330.01575,0
1616813100000,54829.99,54848.91,54677.44,54747.60,1044.466,1616813999999,57209232.26422,13741,488.075,26735665.81534,0
1616814000000,54747.61,54787.36,54564.88,54584.63,1360.237,1616814899999,74369689.75403,16198,627.153,34291997.86654,0
1616814900000,54584.62,54720.53,54568.09,54698.04,1012.981,1616815799999,55356873.36041,13536,523.983,28633573.29066,0
1616815800000,54699.99,54811.76,54650.80,54726.45,1321.263,1616816699999,72301774.50150,13790,767.312,41989828.55812,0
1616816700000,54727.84,54830.00,54665.45,54761.83,1234.375,1616817599999,67589843.33584,14294,677.171,37082787.84833,0
1616817600000,54761.71,55013.00,54660.90,54971.88,2292.242,1616818499999,125641961.96515,26672,1215.245,66625877.08444,0
1616818500000,54971.88,55218.20,54829.59,55163.23,3049.273,1616819399999,167852059.10917,31680,1796.235,98909593.68184,0
1616819400000,55163.23,55256.99,55057.17,55121.23,1242.035,1616820299999,68468955.53043,18676,638.900,35225369.95379,0
1616820300000,55121.23,55213.98,54920.04,54961.23,2374.642,1616821199999,130787140.80195,24643,1021.536,56283363.22158,0
1616821200000,54961.23,55041.67,54762.99,54829.13,1799.722,1616822099999,98782691.62939,21473,710.278,38991397.36752,0
1616822100000,54829.18,54920.91,54707.53,54890.00,1565.197,1616822999999,85770897.54656,20449,829.567,45464966.24959,0
1616823000000,54889.99,55036.43,54854.54,55010.02,1532.130,1616823899999,84199496.68292,18356,850.296,46729436.48025,0
1616823900000,55010.12,55414.77,55008.57,55189.53,4198.263,1616824799999,231950461.46297,39045,2365.513,130704411.81630,0
1616824800000,55189.53,55220.00,55029.89,55034.18,1523.869,1616825699999,84014935.93751,18586,714.487,39395399.50834,0
1616825700000,55034.18,55282.43,55034.18,55158.65,1668.179,1616826599999,92070157.30315,19917,883.941,48784335.09729,0
1616826600000,55158.66,55179.11,55062.07,55111.20,801.732,1616827499999,44189120.31590,12348,337.083,18579697.43536,0
1616827500000,55110.23,55180.00,54938.00,55027.86,1772.033,1616828399999,97556742.76165,20039,831.223,45763037.00676,0
1616828400000,55027.87,55086.04,54930.27,55023.28,1309.196,1616829299999,72016926.63723,17250,615.853,33877628.82787,0
1616829300000,55023.28,55100.00,54903.48,55040.01,1225.926,1616830199999,67452698.95292,16608,623.369,34300646.80220,0
1616830200000,55040.00,55052.56,54800.00,54881.84,2382.426,1616831099999,130737811.08371,27599,1156.074,63443733.41265,0
1616831100000,54881.83,54989.91,54740.67,54966.60,1833.495,1616831999999,100601340.47816,22295,953.442,52313975.51911,0
1616832000000,54962.10,55179.00,54780.00,54900.01,3196.917,1616832899999,175834081.04877,36127,1554.250,85505437.17882,0
1616832900000,54900.00,55036.40,54779.35,54828.48,1884.090,1616833799999,103424731.18571,24012,849.000,46613433.79905,0
1616833800000,54828.48,54897.00,54656.11,54862.30,2320.346,1616834699999,127097447.80134,25594,1045.032,57258042.98581,0
1616834700000,54860.01,54980.00,54822.33,54945.19,1338.930,1616835599999,73532298.19921,16478,743.012,40807668.76394,0
1616835600000,54945.19,55035.00,54810.00,54871.61,1526.537,1616836499999,83816116.07170,19443,785.245,43120015.26993,0
1616836500000,54871.61,54980.00,54814.16,54890.85,1061.383,1616837399999,58259281.69513,15607,582.812,31990956.80223,0
1616837400000,54890.81,54980.00,54843.34,54911.00,1092.539,1616838299999,60016150.56702,14411,616.817,33883931.95137,0
1616838300000,54911.01,55050.00,54875.00,55048.47,1183.030,1616839199999,65023324.91104,15698,694.778,38192265.89176,0
1616839200000,55048.49,55134.54,54968.98,55015.01,2078.123,1616840099999,114405205.65353,24133,1013.022,55774298.30570,0
1616840100000,55015.01,55040.89,54935.00,54965.18,1053.024,1616840999999,57896590.82895,15302,547.071,30080715.60038,0
1616841000000,54965.17,54969.65,54751.00,54865.70,2100.580,1616841899999,115192288.89844,25481,846.791,46439046.16752,0
1616841900000,54865.70,54899.99,54688.00,54706.48,1790.995,1616842799999,98073643.95649,21559,774.003,42387022.09941,0
1616842800000,54708.00,54730.32,54327.93,54438.12,6001.498,1616843699999,326939691.62082,58395,2563.530,139642622.95065,0
1616843700000,54438.13,54691.81,54438.12,54675.99,2710.780,1616844599999,147986849.21004,26563,1565.710,85474822.82872,0
1616844600000,54670.95,54849.00,54532.57,54616.26,3309.447,1616845499999,181058229.50288,33475,1626.726,89007184.64697,0
1616845500000,54618.56,54710.00,54460.00,54480.01,2323.299,1616846399999,126752353.07098,24501,979.034,53422514.96011,0
1616846400000,54480.01,54620.00,54095.40,54144.82,5858.035,1616847299999,318132717.07496,55319,2622.017,142435259.09742,0
1616847300000,54144.82,54273.00,54006.51,54172.63,4101.681,1616848199999,222082443.64063,40438,2077.070,112493046.06143,0
1616848200000,54174.83,54320.00,54091.61,54191.60,2601.588,1616849099999,141042213.33054,27771,1257.541,68183251.84841,0
1616849100000,54191.59,54431.66,54001.00,54321.05,3303.170,1616849999999,179050921.38441,33206,1860.785,100887339.07722,0
1616850000000,54321.05,54455.64,54275.56,54276.77,1965.488,1616850899999,106869035.42146,23032,983.851,53501186.61674,0
1616850900000,54277.19,54458.08,54236.00,54236.00,1662.815,1616851799999,90360268.85650,19395,854.341,46438125.87458,0
1616851800000,54236.01,54414.00,54119.50,54137.00,1825.217,1616852699999,99036380.63400,21618,815.740,44273832.33670,0
1616852700000,54137.00,54898.00,54111.00,54754.90,6288.008,1616853599999,343177587.91737,60777,3749.154,204583625.86617,0
1616853600000,54754.91,54768.72,54518.00,54540.14,3097.538,1616854499999,169222871.15418,31139,1506.045,82272582.95042,0
1616854500000,54540.69,54620.85,54401.06,54462.78,2439.068,1616855399999,132952336.30554,23640,1220.072,66514107.37150,0
1616855400000,54462.79,54704.02,54410.00,54575.84,1856.738,1616856299999,101360637.89138,22082,1057.267,57719334.10294,0
1616856300000,54577.90,54728.69,54575.00,54653.14,1279.831,1616857199999,69943313.96185,16320,615.573,33643386.49812,0
1616857200000,54656.12,54810.00,54528.71,54810.00,1854.210,1616858099999,101389458.00498,21805,951.179,52028538.95810,0
1616858100000,54809.99,55071.06,54802.52,54945.73,4119.600,1616858999999,226369904.52615,41882,2289.528,125819663.49063,0
1616859000000,54945.74,54968.19,54720.00,54798.08,2341.101,1616859899999,128368556.85221,23157,869.450,47681284.53539,0
1616859900000,54798.07,55012.56,54787.81,54977.00,1866.733,1616860799999,102515197.87595,21747,1095.807,60175402.77999,0
1616860800000,54976.67,55800.00,54964.15,55702.64,9075.783,1616861699999,502249644.64096,89143,5541.904,306712474.30935,0
1616861700000,55705.47,55900.00,55560.00,55578.17,6036.424,1616862599999,336259973.59657,57743,2926.670,163063315.72454,0
1616862600000,55578.17,55700.00,55465.00,55695.07,3575.146,1616863499999,198732453.30567,33500,1755.081,97586559.66418,0
1616863500000,55695.08,56259.36,55607.50,56180.01,8218.907,1616864399999,460180744.82227,76094,4518.182,253039436.92298,0
1616864400000,56180.01,56300.00,55978.08,56046.06,5474.080,1616865299999,307151729.89880,51885,2441.349,137008489.16241,0
1616865300000,56046.89,56188.99,55857.18,56111.95,4086.875,1616866199999,229009537.39336,38599,2091.018,117184970.48929,0
1616866200000,56113.65,56190.19,56037.62,56116.11,1989.703,1616867099999,111657022.80506,27909,983.430,55191123.67230,0
1616867100000,56113.73,56155.00,55937.17,56116.02,1851.059,1616867999999,103723588.29829,22884,868.393,48666809.92329,0
1616868000000,56116.02,56123.32,55800.00,55883.84,1956.434,1616868899999,109429517.69128,24464,775.487,43379322.77574,0
1616868900000,55883.83,56013.85,55637.89,55688.99,2217.826,1616869799999,123858998.42642,26749,891.219,49791618.72189,0
1616869800000,55689.00,55856.00,55574.04,55604.26,2700.552,1616870699999,150447684.06736,27906,1160.802,64689663.43077,0
1616870700000,55604.25,55900.00,55604.25,55767.74,1861.160,1616871599999,103815531.54515,21664,1082.503,60383017.59301,0
1616871600000,55767.74,55940.97,55662.19,55900.49,1557.472,1616872499999,86906265.81644,20080,861.440,48073712.20776,0
1616872500000,55900.49,55910.73,55709.25,55804.59,1248.903,1616873399999,69700698.79214,16773,588.267,32831575.80421,0
1616873400000,55803.78,55849.27,55666.12,55830.00,1006.718,1616874299999,56143166.83601,15136,445.398,24840667.62023,0
1616874300000,55830.00,55849.95,55702.14,55784.28,797.228,1616875199999,44473805.51834,12042,366.007,20417213.83347,0
1616875200000,55784.29,55900.00,55736.79,55854.01,1288.864,1616876099999,71960622.32783,18468,632.280,35306711.21815,0
1616876100000,55854.02,55932.37,55791.94,55801.92,1242.119,1616876999999,69405787.76970,17280,622.404,34781144.89657,0
1616877000000,55803.83,55900.00,55690.00,55831.97,1398.697,1616877899999,78027553.85439,19716,678.802,37872699.16451,0
1616877900000,55830.67,55916.53,55812.00,55870.01,842.322,1616878799999,47064773.84022,13839,419.874,23460918.94748,0
1616878800000,55870.01,55888.14,55750.00,55763.03,734.744,1616879699999,40999879.74014,13119,327.572,18281170.32984,0
1616879700000,55763.11,55805.59,55685.00,55785.58,749.754,1616880599999,41797648.67010,13097,358.811,20005748.80364,0
1616880600000,55785.58,56083.91,55780.00,56002.96,1529.475,1616881499999,85571332.88933,21853,892.266,49922596.48255,0
1616881500000,56002.97,56658.76,56001.00,56447.79,6200.852,1616882399999,349724506.45006,67208,3370.977,190117873.47295,0
1616882400000,56447.78,56556.82,56268.01,56331.75,2352.699,1616883299999,132726841.58825,29636,1113.203,62812880.15147,0
1616883300000,56331.78,56370.65,56119.69,56131.96,1718.416,1616884199999,96649539.45035,23101,723.040,40669474.45063,0
1616884200000,56131.97,56312.49,56036.19,56212.88,1897.922,1616885099999,106608072.99464,22350,955.367,53672351.05380,0
1616885100000,56212.89,56415.59,56212.23,56374.95,1516.423,1616885999999,85424292.60916,18887,809.054,45575634.14253,0
1616886000000,56376.51,56447.27,56113.01,56173.00,2204.156,1616886899999,123975403.74907,22875,976.446,54927306.63954,0
1616886900000,56181.12,56224.99,55953.00,56128.58,1814.015,1616887799999,101708954.57143,22333,829.606,46518463.69888,0
1616887800000,56128.59,56167.26,56004.31,56008.66,983.828,1616888699999,55190137.81295,13323,422.555,23707346.75610,0
1616888700000,56005.76,56041.59,55717.63,55828.00,2840.617,1616889599999,158712989.14507,28083,1144.718,63965698.97241,0
1616889600000,55828.00,56002.57,55710.81,55870.42,3455.124,1616890499999,193075461.54296,29755,1910.487,106775480.60292,0
1616890500000,55870.41,55883.25,55614.19,55745.67,1923.418,1616891399999,107247266.82008,20993,864.955,48235603.90529,0
1616891400000,55745.67,55836.06,55575.61,55710.90,2148.256,1616892299999,119697551.61571,21845,1074.748,59894062.55877,0
1616892300000,55710.90,56138.99,55708.69,56028.71,2146.840,1616893199999,120157054.95125,23401,1264.653,70776360.51610,0
1616893200000,56028.29,56136.57,55900.00,55910.28,1971.744,1616894099999,110445734.97398,20214,898.328,50317638.22642,0
1616894100000,55910.29,56047.00,55784.11,55982.63,1590.685,1616894999999,88950479.13254,17052,789.828,44174479.91974,0
1616895000000,55982.41,56191.23,55937.12,56077.25,1142.323,1616895899999,64055582.83581,16036,638.172,35786170.92943,0
1616895900000,56077.25,56176.00,56028.92,56077.00,871.768,1616896799999,48897897.87494,13188,430.164,24130450.05408,0
1616896800000,56076.83,56121.66,55920.10,55992.16,1139.384,1616897699999,63834810.69272,14574,500.795,28059018.27074,0
1616897700000,55991.13,56064.42,55771.28,55789.05,1859.267,1616898599999,103926614.66279,19120,872.192,48760163.51714,0
1616898600000,55789.05,55915.00,55750.13,55889.38,1526.611,1616899499999,85213513.24312,16264,771.565,43070715.19869,0
1616899500000,55889.38,55935.52,55780.00,55818.31,1241.017,1616900399999,69336535.32120,13633,600.598,33556236.01200,0
1616900400000,55820.01,55943.00,55756.45,55855.19,1075.609,1616901299999,60074738.21287,12814,502.247,28050140.29903,0
1616901300000,55855.18,56052.78,55852.87,55911.02,1577.121,1616902199999,88308301.19686,17300,835.739,46796594.01508,0
1616902200000,55911.01,56032.92,55900.00,55928.21,880.698,1616903099999,49272960.22134,11326,422.708,23649824.03672,0
1616903100000,55928.21,56157.09,55928.21,56054.33,1694.465,1616903999999,95030856.89356,18792,902.541,50615969.29365,0
1616904000000,56056.49,56321.59,56056.48,56191.44,2137.047,1616904899999,120100267.12467,22032,1103.187,61999358.56573,0
1616904900000,56189.12,56378.96,56173.22,56363.83,1573.084,1616905799999,88568456.79424,18947,884.075,49774710.39448,0
1616905800000,56363.83,56500.00,56181.23,56221.31,3000.312,1616906699999,169072039.14052,30317,1421.058,80106374.59523,0
1616906700000,56221.32,56287.66,56123.74,56282.58,1393.657,1616907599999,78322282.31542,16868,733.644,41235795.13019,0
1616907600000,56282.58,56339.29,56150.00,56172.83,1141.653,1616908499999,64185282.04126,14055,438.175,24640445.43557,0
1616908500000,56172.83,56424.23,56107.11,56339.99,1452.674,1616909399999,81764955.19221,17914,760.586,42817179.96532,0
1616909400000,56339.99,56398.16,56200.00,56236.88,1019.123,1616910299999,57359476.14180,14157,449.279,25285262.32911,0
1616910300000,56236.88,56306.78,56134.88,56285.18,1166.216,1616911199999,65564796.19781,14682,651.759,36647264.69201,0
1616911200000,56285.52,56330.74,56108.07,56144.00,1432.557,1616912099999,80531519.32381,15631,604.629,33992375.85912,0
1616912100000,56144.00,56188.41,56071.41,56093.20,1184.987,1616912999999,66508888.28362,15499,564.275,31675221.51020,0
1616913000000,56093.19,56106.39,55853.42,55931.51,1853.505,1616913899999,103769533.55037,22650,739.729,41415792.06691,0
1616913900000,55931.50,55988.99,55827.01,55941.81,1453.849,1616914799999,81307939.62135,17107,693.515,38790031.83276,0
1616914800000,55941.80,56039.60,55872.34,55958.57,980.597,1616915699999,54900361.28894,13712,538.246,30135379.38086,0
1616915700000,55958.57,56013.00,55900.99,56013.00,719.093,1616916599999,40241725.03211,11235,317.729,17782284.70491,0
1616916600000,56012.99,56270.06,56003.94,56175.87,1943.702,1616917499999,109134670.88947,22248,1110.323,62339532.57563,0
1616917500000,56175.87,56269.99,56127.00,56209.31,1059.503,1616918399999,59539408.19628,15198,472.104,26532183.97345,0
1616918400000,56209.30,56279.99,56121.48,56162.06,1493.972,1616919299999,83979013.50598,18799,727.637,40903266.73471,0
1616919300000,56162.05,56189.90,56000.00,56083.69,1332.870,1616920199999,74728910.33726,17942,597.416,33495822.13304,0
1616920200000,56083.69,56214.84,56050.58,56107.19,1055.498,1616921099999,59262743.18687,14665,501.948,28184996.10264,0
1616921100000,56107.18,56332.79,56094.97,56319.99,1423.817,1616921999999,80090870.86499,18114,847.400,47671997.53090,0
1616922000000,56319.99,56588.31,56308.52,56390.48,4001.336,1616922899999,225889197.65700,42945,1996.859,112736161.54874,0
1616922900000,56390.48,56460.00,56214.16,56228.40,2187.574,1616923799999,123241764.00761,24270,905.366,51014494.44833,0
1616923800000,56227.01,56350.00,56211.00,56269.45,1201.334,1616924699999,67616175.74729,15401,669.626,37690892.89444,0
1616924700000,56269.50,56320.86,56037.05,56141.40,1807.457,1616925599999,101546253.60879,20892,717.536,40319715.62320,0
1616925600000,56143.48,56187.68,55820.00,55903.79,3359.352,1616926499999,188001877.42790,36827,1286.973,72030117.72786,0
1616926500000,55903.79,56024.03,55775.00,55802.98,2675.759,1616927399999,149581586.12016,28101,1196.000,66882756.14721,0
1616927400000,55802.97,55990.00,55700.00,55970.07,2554.485,1616928299999,142742077.95583,27174,1384.960,77403502.15482,0
1616928300000,55970.07,56191.00,55936.01,56103.56,1940.446,1616929199999,108862378.39980,22863,1075.703,60345051.27669,0
1616929200000,56103.56,56103.56,55873.14,56046.23,1718.875,1616930099999,96244778.50660,20489,699.498,39166624.22145,0
1616930100000,56041.65,56070.75,55917.70,55997.44,977.680,1616930999999,54743561.72425,14161,462.708,25909115.28286,0
1616931000000,55997.45,56072.00,55857.17,55923.57,1181.065,1616931899999,66074756.46201,15814,524.355,29336873.97813,0
1616931900000,55923.58,55988.00,55800.00,55808.33,1840.835,1616932799999,102833292.29688,20933,833.505,46566102.89112,0
1616932800000,55809.72,56016.80,55580.00,55694.76,4014.190,1616933699999,223966860.48403,42784,1745.470,97421699.84208,0
1616933700000,55693.73,55775.30,55300.00,55475.35,5772.270,1616934599999,320245143.44066,55880,2489.134,138114742.18656,0
1616934600000,55475.35,55590.36,55373.17,55516.77,3037.140,1616935499999,168528493.27181,29686,1533.215,85085096.90953,0
1616935500000,55516.76,55688.33,55446.85,55542.70,2262.302,1616936399999,125784791.96059,24103,1256.531,69871811.29848,0
1616936400000,55542.70,55752.91,55480.00,55632.80,2021.032,1616937299999,112493664.53651,24008,1009.224,56180252.06333,0
1616937300000,55633.31,55823.83,55582.26,55730.00,1931.696,1616938199999,107674669.08338,21257,987.869,55072908.70829,0
1616938200000,55730.00,55911.68,55705.00,55815.38,2203.628,1616939099999,123021454.72988,24721,1311.006,73193540.45153,0
1616939100000,55815.39,55876.66,55652.00,55754.69,2010.447,1616939999999,112100914.40022,21670,851.495,47480601.78273,0
1616940000000,55754.69,55754.70,55503.73,55722.86,2279.407,1616940899999,126792644.25813,27568,1052.681,58559477.00243,0
1616940900000,55722.86,55740.61,55559.73,55606.33,1157.144,1616941799999,64404177.83144,14760,527.780,29376290.23966,0
1616941800000,55606.34,55870.73,55531.00,55657.73,2283.097,1616942699999,127230992.07493,25503,1190.684,66358192.46935,0
1616942700000,55657.72,55836.14,55627.00,55819.57,1399.313,1616943599999,78012390.30637,17319,810.804,45206676.36278,0
1616943600000,55819.70,55865.35,55676.31,55711.00,1247.936,1616944499999,69576428.10008,16635,636.627,35496189.53555,0
1616944500000,55711.00,56368.69,55685.63,56241.44,5717.721,1616945399999,320999504.78260,57173,3220.014,180722637.00000,0
1616945400000,56238.79,56280.23,56103.81,56170.00,2296.816,1616946299999,129059826.61653,25970,1073.365,60321152.60911,0
1616946300000,56170.01,56400.00,56170.00,56375.31,2159.062,1616947199999,121566108.47302,26188,1131.261,63699189.28216,0
1616947200000,56376.12,56510.00,56054.96,56130.24,5008.267,1616948099999,281916838.66928,49387,2391.997,134694428.56789,0
1616948100000,56130.24,56294.00,56030.00,56282.44,1910.917,1616948999999,107386908.83922,21732,917.156,51545060.40109,0
1616949000000,56282.44,56370.00,56203.73,56272.46,1720.234,1616949899999,96852795.57805,21156,764.086,43025031.10940,0
1616949900000,56272.47,56326.56,56187.05,56277.67,1267.057,1616950799999,71265204.62033,16183,620.131,34878211.36243,0
1616950800000,56277.68,56320.00,56129.07,56193.69,1461.668,1616951699999,82161775.62260,18215,681.155,38294054.36121,0
1616951700000,56193.69,56237.27,55905.23,56041.98,2322.601,1616952599999,130195952.99348,25707,972.915,54547425.66792,0
1616952600000,56038.37,56077.30,55812.34,55981.65,2008.229,1616953499999,112371849.56489,22924,936.251,52404613.37164,0
1616953500000,55981.65,56068.91,55879.88,55987.00,1629.206,1616954399999,91218720.08033,18115,941.157,52699677.88227,0
1616954400000,55987.00,56023.78,55652.74,55777.00,2599.023,1616955299999,145061975.96937,28327,1142.289,63750505.37073,0
1616955300000,55777.00,55821.00,55526.00,55632.00,2530.655,1616956199999,140863797.05732,30235,1194.747,66508008.90046,0
1616956200000,55632.00,55688.33,55487.14,55664.29,2814.449,1616957099999,156417018.40876,28786,1288.937,71647646.44295,0
1616957100000,55664.29,55669.99,55165.76,55226.51,5076.267,1616957999999,281091109.78894,49949,2026.934,112248134.87102,0
1616958000000,55226.50,55312.70,54855.00,54888.93,5306.621,1616958899999,292258433.60202,56645,2155.425,118744554.63663,0
1616958900000,54888.92,55150.00,54694.91,54945.80,6291.721,1616959799999,345525127.75750,64025,3257.211,178940480.32900,0
1616959800000,54948.77,55221.88,54940.78,55179.48,2348.241,1616960699999,129374799.03187,29310,1292.430,71207311.78380,0
1616960700000,55180.00,55437.58,55152.18,55217.96,3540.063,1616961599999,195767360.05844,37300,1753.828,96994713.24915,0
1616961600000,55217.96,55217.96,54901.00,54924.00,3558.298,1616962499999,195770713.09540,34937,1618.852,89058462.16477,0
1616962500000,54923.99,55219.98,54761.86,55208.99,3575.067,1616963399999,196669788.40629,35924,1684.080,92694156.98310,0
1616963400000,55208.99,55240.00,54938.34,55082.89,1943.475,1616964299999,107062410.99599,22397,901.348,49657628.46962,0
1616964300000,55082.90,55188.00,54810.94,54890.64,1912.873,1616965199999,105209240.32459,22470,895.667,49278387.71773,0
1616965200000,54890.65,55085.80,54875.13,54890.10,1411.717,1616966099999,77630369.45070,20081,737.569,40557735.61907,0
1616966100000,54890.11,55159.66,54848.87,55044.00,1357.514,1616966999999,74688626.88758,19811,734.199,40395695.65098,0
1616967000000,55044.00,55130.00,54960.67,55065.19,1168.711,1616967899999,64340658.08434,16584,571.323,31454722.26555,0
1616967900000,55063.10,55386.67,55059.99,55155.45,1796.250,1616968799999,99206934.08569,23745,991.051,54743854.08882,0
1616968800000,55155.46,55373.69,55030.00,55373.69,1998.610,1616969699999,110279515.50196,23559,990.119,54640558.57671,0
1616969700000,55368.94,55589.69,55238.74,55514.94,2221.289,1616970599999,123101427.69477,27344,1231.496,68257161.23424,0
1616970600000,55514.95,55529.05,55315.70,55323.19,1542.813,1616971499999,85501532.95991,17351,576.340,31941783.99473,0
1616971500000,55323.19,55680.00,55323.19,55610.00,1678.935,1616972399999,93227922.73588,19908,1010.961,56137956.38748,0
1616972400000,55610.01,55753.65,55528.43,55674.47,1900.449,1616973299999,105766605.33895,22396,970.862,54035236.35126,0
1616973300000,55674.47,55769.30,55525.00,55753.95,1107.774,1616974199999,61642682.12446,15174,548.303,30513548.95313,0
1616974200000,55756.43,55800.00,55670.15,55687.46,1219.704,1616975099999,67970492.41781,14587,611.442,34080437.62960,0
1616975100000,55688.06,55887.00,55624.29,55805.08,2073.625,1616975999999,115664021.56800,23079,1208.524,67413862.90603,0
1616976000000,55804.16,55900.00,55651.35,55841.26,2230.409,1616976899999,124436799.41078,24378,1257.771,70183674.28976,0
1616976900000,55839.99,55948.62,55725.30,55838.68,1528.808,1616977799999,85372103.03798,18349,871.191,48658130.28109,0
1616977800000,55838.69,55883.83,55676.00,55687.40,1588.486,1616978699999,88623902.68375,17456,620.801,34641249.57358,0
1616978700000,55687.39,55715.48,55330.18,55441.01,3384.206,1616979599999,187719641.72157,35614,1347.803,74758227.98867,0
1616979600000,55441.01,55536.00,55042.93,55166.52,3512.280,1616980499999,194118834.88930,35822,1456.825,80543310.66510,0
1616980500000,55166.52,55266.62,55005.03,55219.50,1933.703,1616981399999,106647519.07610,23741,995.150,54890724.92802,0
1616981400000,55219.50,55282.95,55051.39,55119.99,1426.229,1616982299999,78669721.98538,18181,730.880,40322492.19402,0
1616982300000,55120.00,55272.54,55050.00,55272.05,1026.250,1616983199999,56622876.03446,13336,609.348,33624256.53541,0
1616983200000,55272.53,55372.75,55174.45,55303.75,1754.296,1616984099999,96962690.22189,19666,923.612,51057960.90238,0
1616984100000,55303.75,55549.56,55261.97,55516.25,1800.593,1616984999999,99811215.37405,21642,956.133,53002666.87988,0
1616985000000,55515.34,55546.93,55341.80,55443.06,1239.416,1616985899999,68726547.45857,14768,464.267,25746766.82670,0
1616985900000,55443.06,55524.00,55323.30,55389.97,1050.268,1616986799999,58207320.23468,13033,450.934,24991806.07343,0
1616986800000,55389.97,55496.97,55318.56,55449.31,1036.057,1616987699999,57425931.84695,12272,557.628,30908248.93220,0
1616987700000,55449.32,55577.23,55368.04,55541.99,893.413,1616988599999,49573124.48752,11996,505.976,28077132.49268,0
1616988600000,55541.99,55567.57,55463.60,55539.34,776.864,1616989499999,43131606.63816,11180,400.170,22217911.99562,0
1616989500000,55539.33,55540.00,55380.43,55416.04,792.359,1616990399999,43935606.35498,10506,332.556,18441173.63651,0
1616990400000,55416.04,55536.55,55100.00,55297.12,2340.676,1616991299999,129445272.46361,25120,970.755,53705124.64904,0
1616991300000,55297.12,55313.89,55131.70,55200.37,1566.522,1616992199999,86513081.04988,18479,811.253,44804342.54547,0
1616992200000,55200.37,55450.00,55200.37,55321.47,2298.520,1616993099999,127208980.70607,18936,1458.005,80684540.79502,0
1616993100000,55321.46,55387.58,55220.00,55353.33,643.975,1616993999999,35614681.42667,10754,316.686,17514878.18714,0
1616994000000,55353.32,55460.00,55100.00,55195.74,2237.194,1616994899999,123588306.15647,21374,939.495,51898537.67028,0
1616994900000,55195.20,55246.65,55034.34,55080.00,1411.898,1616995799999,77844117.01914,17037,521.892,28777114.07823,0
1616995800000,55080.01,55123.99,54931.15,55041.07,2549.818,1616996699999,140316102.66289,26778,1142.894,62900953.92080,0
1616996700000,55041.70,55250.00,55000.00,55076.33,1838.348,1616997599999,101339745.69770,20224,968.051,53371628.09295,0
1616997600000,55076.32,55309.58,55056.52,55259.58,1776.079,1616998499999,98011264.96943,19880,1029.698,56829151.21789,0
1616998500000,55259.58,55350.00,55164.01,55299.59,1418.107,1616999399999,78351199.79835,17224,733.098,40508715.87679,0
1616999400000,55299.58,55474.42,55299.58,55376.79,1696.153,1617000299999,93924723.07576,22026,901.241,49910661.01702,0
1617000300000,55376.78,55520.87,55376.78,55414.74,1554.043,1617001199999,86172693.13561,19928,809.701,44902888.90775,0
1617001200000,55414.74,55763.09,55385.00,55733.70,3200.982,1617002099999,178036577.43298,35262,1829.588,101753576.00700,0
1617002100000,55733.69,56133.26,55719.79,55959.93,5829.339,1617002999999,326315603.85364,59831,2966.253,166022025.79758,0
1617003000000,55959.93,56200.00,55911.01,56098.37,2968.899,1617003899999,166440044.82609,32376,1660.850,93117131.68979,0
1617003900000,56098.37,56135.43,55925.05,55949.99,1757.987,1617004799999,98510107.35304,21841,759.136,42545452.34591,0
1617004800000,55950.00,56251.52,55942.99,56193.91,2535.421,1617005699999,142324179.96616,28915,1489.235,83592527.69635,0
1617005700000,56193.92,56299.00,56110.00,56264.01,2461.927,1617006599999,138408050.79095,28612,1270.060,71411979.92656,0
1617006600000,56264.01,56356.15,56178.40,56215.19,2433.268,1617007499999,136938069.59710,28721,1165.401,65597586.70492,0
1617007500000,56214.85,57290.00,56214.85,57169.90,14023.441,1617008399999,798340825.47767,137664,7815.667,444776478.38571,0
1617008400000,57167.52,57459.05,56987.00,57088.60,7143.322,1617009299999,408830152.99342,77887,3360.552,192399024.44580,0
1617009300000,57088.59,57350.00,57050.00,57337.43,3475.571,1617010199999,198845995.44418,37767,1883.750,107805315.00234,0
1617010200000,57337.43,57844.59,57237.92,57739.99,7913.724,1617011099999,455531384.22191,84611,4332.805,249435405.58649,0
1617011100000,57740.00,58279.46,57739.46,57961.11,11195.198,1617011999999,649727985.42059,114531,5762.214,334440566.72097,0
1617012000000,57962.05,58383.18,57810.00,58174.78,6645.865,1617012899999,386087681.88699,69504,3465.806,201392277.55927,0
1617012900000,58173.47,58286.21,58060.00,58075.00,3285.514,1617013799999,191065105.42111,37599,1533.858,89212741.63043,0
1617013800000,58074.99,58090.00,57818.00,58081.99,4126.194,1617014699999,239100250.98498,46415,1922.791,111430827.16314,0
1617014700000,58081.99,58185.33,57900.00,58079.28,2817.215,1617015599999,163440636.39020,33223,1286.182,74632676.21191,0
1617015600000,58079.28,58160.00,57872.87,57917.57,2463.495,1617016499999,142832367.18415,32256,1084.689,62902541.68904,0
1617016500000,57917.58,57946.18,57633.00,57806.45,3984.946,1617017399999,230326311.66239,42083,1797.214,103907723.34938,0
1617017400000,57806.44,58025.70,57806.44,57931.40,2694.070,1617018299999,156052898.74392,31402,1442.072,83528013.64432,0
1617018300000,57931.39,57974.66,57720.00,57893.21,3060.736,1617019199999,177080390.74022,31297,1503.295,86990500.53354,0
1617019200000,57892.33,58490.11,57845.26,58228.85,7391.769,1617020099999,430414769.39925,79988,4068.444,236906421.85161,0
1617020100000,58228.84,58407.64,58076.89,58094.40,3610.094,1617020999999,210204445.28562,39613,1604.023,93422532.46150,0
1617021000000,58094.41,58211.56,57975.12,58209.79,2649.069,1617021899999,153943984.41233,30457,1361.703,79140542.46136,0
1617021900000,58211.56,58280.13,58071.00,58087.65,1973.879,1617022799999,114797372.51262,24426,991.416,57667263.08946,0
1617022800000,58087.66,58219.89,57847.22,57943.96,2989.700,1617023699999,173393460.59708,36577,1360.964,78934684.43296,0
1617023700000,57943.57,58099.07,57915.69,58099.07,1968.322,1617024599999,114172822.44688,22474,990.213,57440519.41905,0
1617024600000,58099.06,58248.56,57951.85,58143.02,2755.315,1617025499999,160167202.13222,31250,1433.943,83370115.84548,0
1617025500000,58143.02,58143.02,57950.78,58014.48,1475.701,1617026399999,85646220.35073,19513,656.416,38098405.17663,0
1617026400000,58015.39,58168.54,57878.00,58118.32,3044.426,1617027299999,176659118.30987,33297,1551.635,90058149.39161,0
1617027300000,58118.32,58171.18,58020.82,58059.78,1638.771,1617028199999,95182255.25485,20210,814.350,47303261.18769,0
1617028200000,58059.79,58243.18,58039.05,58122.61,2695.105,1617029099999,156736957.54032,29507,1378.788,80191983.97999,0
1617029100000,58122.61,58192.68,58011.11,58163.26,1870.692,1617029999999,108717194.73944,21786,821.580,47751474.15297,0
1617030000000,58163.25,58235.00,57712.55,57768.17,5048.876,1617030899999,292847583.08111,44830,1808.037,104963928.90050,0
1617030900000,57768.40,57900.00,57266.16,57514.63,12875.884,1617031799999,740789476.54335,118649,5724.331,329422721.11412,0
1617031800000,57521.69,57889.00,57518.80,57621.52,5992.755,1617032699999,345776166.24733,57800,3205.652,184977069.98743,0
1617032700000,57626.91,57946.75,57621.52,57765.26,4081.826,1617033599999,235917324.66625,43380,2193.973,126825331.88372,0
1617033600000,57765.25,57878.37,57346.23,57670.90,5693.540,1617034499999,327887471.27891,59767,2709.649,156069509.14319,0
1617034500000,57670.41,57707.64,57220.00,57524.52,5090.918,1617035399999,292428222.75328,58410,2359.791,135566183.68336,0
1617035400000,57519.33,57865.00,57517.01,57850.00,3539.005,1617036299999,204303393.73563,40453,2035.130,117496433.99109,0
1617036300000,57849.99,57881.35,57640.00,57665.78,2306.566,1617037199999,133213548.08110,27805,1095.677,63280813.95747,0
1617037200000,57667.06,58361.68,57615.43,58285.77,6243.398,1617038099999,362492441.53357,64127,3811.829,221341155.65742,0
1617038100000,58281.90,58300.46,57950.00,58005.14,4059.034,1617038999999,235897369.95128,41861,1753.153,101879289.08371,0
1617039000000,58005.13,58141.00,57867.62,57902.71,2249.699,1617039899999,130492178.19492,26693,1147.585,66578142.56781,0
1617039900000,57902.70,58074.86,57818.17,57977.72,1865.070,1617040799999,108096418.78747,22107,915.713,53079267.79426,0
1617040800000,57977.71,58079.79,57615.00,57801.00,2769.777,1617041699999,160201356.88045,30133,1166.226,67458655.02379,0
1617041700000,57800.99,57980.30,57693.26,57868.56,1910.318,1617042599999,110524738.10076,22231,986.112,57059257.21402,0
1617042600000,57868.56,57932.10,57763.44,57819.65,1167.342,1617043499999,67526968.83243,16677,565.169,32694716.02659,0
1617043500000,57819.66,57943.03,57750.00,57876.79,1351.518,1617044399999,78177488.74447,17536,697.146,40329703.40798,0
1617044400000,57876.79,57921.00,57708.65,57748.54,1277.129,1617045299999,73830042.66183,16345,595.255,34414418.38555,0
1617045300000,57747.01,57845.37,57650.92,57779.22,1694.605,1617046199999,97864639.42045,20107,826.443,47731261.61507,0
1617046200000,57779.22,57831.93,57600.00,57648.89,1448.421,1617047099999,83634764.18401,17009,739.000,42676275.38991,0
1617047100000,57648.88,57797.00,57452.85,57737.13,2861.417,1617047999999,164873960.02839,31006,1313.152,75682441.92225,0
1617048000000,57737.14,57789.58,57426.83,57509.29,2181.704,1617048899999,125674528.37446,25957,946.054,54504513.44159,0
1617048900000,57509.30,57626.59,57400.00,57482.15,1637.610,1617049799999,94214407.40170,19518,739.537,42555678.13177,0
1617049800000,57487.89,57620.65,57356.73,57485.80,1751.698,1617050699999,100696963.75042,20210,845.117,48588543.84155,0
1617050700000,57485.79,57504.40,57107.00,57342.31,3514.692,1617051599999,201350421.94292,35538,1548.263,88724141.31803,0
1617051600000,57343.44,57634.39,57256.94,57429.37,2467.483,1617052499999,141731317.58246,27082,1298.219,74577347.36485,0
1617052500000,57429.37,57485.17,57250.00,57478.31,1273.153,1617053399999,73020756.38145,17375,636.734,36527258.71679,0
1617053400000,57478.33,57651.00,57394.20,57618.69,1202.451,1617054299999,69161981.91347,18353,666.573,38344219.95903,0
1617054300000,57616.22,57703.76,57535.65,57590.01,1125.009,1617055199999,64809896.59062,15714,584.754,33690739.20214,0
1617055200000,57590.01,57950.00,57518.57,57948.17,2185.876,1617056099999,126288836.55576,25209,1307.692,75555926.66457,0
1617056100000,57948.17,57950.00,57728.97,57779.62,1422.878,1617056999999,82242858.89685,16330,689.813,39869309.77252,0
1617057000000,57780.81,57943.67,57650.00,57650.70,1384.233,1617057899999,79986496.57947,16442,640.228,37004068.44130,0
1617057900000,57652.10,57896.73,57650.00,57793.59,1263.079,1617058799999,72958525.14964,14080,762.069,44024058.90858,0
1617058800000,57793.58,57801.35,57603.91,57690.91,952.806,1617059699999,54971624.44604,11790,431.024,24870487.72734,0
1617059700000,57690.41,57729.74,57481.05,57582.66,1510.586,1617060599999,87011786.83000,18039,632.950,36461388.87031,0
1617060600000,57582.66,57720.79,57320.00,57666.58,2462.800,1617061499999,141550757.72826,25288,1237.970,71168155.75941,0
1617061500000,57663.91,57829.55,57614.11,57677.64,1967.185,1617062399999,113539125.71238,18963,1060.858,61231805.32731,0
1617062400000,57676.14,57744.00,57459.00,57519.11,2536.049,1617063299999,146041248.71353,23848,1163.128,66990953.98182,0
1617063300000,57519.11,57754.09,57465.00,57703.38,1559.972,1617064199999,89882995.65243,16734,838.690,48322047.76203,0
1617064200000,57703.38,57800.00,57620.79,57798.41,1318.066,1617065099999,76075071.62058,15435,753.221,43474127.33823,0
1617065100000,57797.95,57799.99,57550.00,57576.71,1409.300,1617065999999,81228680.25778,15847,645.700,37213487.39695,0
1617066000000,57576.71,57645.15,57450.00,57613.35,1700.100,1617066899999,97816189.23143,18687,822.346,47319143.35239,0
1617066900000,57613.34,57613.35,57342.06,57408.47,2094.636,1617067799999,120326285.02195,19275,834.490,47939142.83194,0
1617067800000,57408.47,57456.99,57304.06,57351.59,1453.761,1617068699999,83416141.54838,16019,742.328,42595566.24369,0
1617068700000,57351.58,57541.11,57300.00,57479.99,1870.838,1617069599999,107456052.35209,18467,892.717,51276541.94293,0
1617069600000,57479.95,57479.95,57230.00,57320.43,2028.471,1617070499999,116263024.07436,22630,976.732,55985230.39589,0
1617070500000,57320.43,57430.00,57225.00,57380.10,1085.725,1617071399999,62246072.94913,14944,541.929,31072371.53955,0
1617071400000,57380.11,57493.75,57231.02,57485.86,1685.471,1617072299999,96667920.97812,18731,889.239,51010811.78442,0
1617072300000,57485.86,57485.86,57285.00,57376.79,1086.943,1617073199999,62337165.98818,13405,498.382,28582350.76672,0
1617073200000,57376.32,57433.05,57271.40,57359.31,1276.622,1617074099999,73214367.32028,14813,649.214,37235920.54264,0
1617074100000,57359.32,57396.68,57250.00,57296.02,1246.754,1617074999999,71443686.20632,15497,591.722,33910445.99586,0
1617075000000,57296.02,57363.31,57179.10,57323.04,1673.331,1617075899999,95841850.86531,18136,786.594,45062195.78037,0
1617075900000,57323.04,57376.00,57163.30,57227.28,1620.560,1617076799999,92766430.49877,19704,781.553,44742818.90044,0
1617076800000,57227.28,57320.00,57110.00,57226.01,2224.251,1617077699999,127230072.25081,23661,1090.414,62378507.91395,0
1617077700000,57226.01,57500.00,57158.00,57481.92,2236.647,1617078599999,128247582.80474,22923,1271.444,72905339.44141,0
1617078600000,57481.92,57695.48,57384.18,57644.05,2597.208,1617079499999,149498479.17542,29135,1378.637,79371649.53042,0
1617079500000,57642.82,57877.91,57580.41,57604.58,3143.794,1617080399999,181522172.03013,33289,1482.350,85607554.54736,0
1617080400000,57603.75,57664.20,57461.20,57471.17,2072.444,1617081299999,119286290.59471,23745,980.667,56448115.23596,0
1617081300000,57471.20,57559.72,57430.00,57522.21,1325.873,1617082199999,76203988.18897,17203,720.134,41392201.28947,0
1617082200000,57522.20,57741.61,57450.00,57651.48,1701.830,1617083099999,98067309.12435,20651,971.830,56005547.07243,0
1617083100000,57651.47,57725.63,57503.42,57708.41,1294.812,1617083999999,74601070.35495,15860,631.869,36409652.69555,0
1617084000000,57708.42,57713.03,57550.00,57672.78,1161.885,1617084899999,66958112.42096,16660,542.492,31264103.64354,0
1617084900000,57672.17,57910.37,57634.12,57823.87,2843.853,1617085799999,164351108.94481,28512,1655.725,95688564.63963,0
1617085800000,57822.30,57866.91,57733.74,57866.90,1299.341,1617086699999,75073675.98023,17008,659.919,38130438.18732,0
1617086700000,57866.91,58340.00,57855.42,58103.93,6872.446,1617087599999,399700841.48228,69514,3520.819,204745099.36889,0
1617087600000,58103.94,58175.98,57980.00,58074.08,2500.424,1617088499999,145253938.55391,27548,1176.995,68378968.33691,0
1617088500000,58074.07,58350.00,58016.48,58177.00,3028.896,1617089399999,176309928.47186,31746,1613.655,93940465.57910,0
1617089400000,58177.01,58274.66,58100.00,58206.40,1896.507,1617090299999,110338532.90552,20843,930.458,54136871.02509,0
1617090300000,58205.00,58214.00,58036.62,58173.44,2147.871,1617091199999,124848057.23351,23574,978.689,56891959.80431,0
1617091200000,58173.44,58259.20,58050.78,58119.99,2420.690,1617092099999,140801917.16787,26642,1135.093,66033546.80062,0
1617092100000,58120.00,58124.99,57772.00,57968.27,4410.470,1617092999999,255495470.23096,43728,2008.434,116351669.90797,0
1617093000000,57968.15,57988.42,57845.00,57983.85,1455.152,1617093899999,84291676.74179,17823,718.172,41604948.81049,0
1617093900000,57983.86,58086.00,57900.14,57998.15,1654.468,1617094799999,95978131.39634,20407,840.191,48743133.21974,0
1617094800000,57993.45,58180.00,57905.00,58060.31,1492.331,1617095699999,86647244.37429,19597,785.844,45630637.43037,0
1617095700000,58060.32,58169.65,57920.00,58093.42,2065.370,1617096599999,119912941.31911,23182,967.293,56165820.88392,0
1617096600000,58093.42,58888.00,58040.67,58858.99,11893.521,1617097499999,697083135.86155,110036,7101.058,416171425.16145,0
1617097500000,58858.99,59030.00,58725.85,58948.27,8459.775,1617098399999,498214384.61744,79346,4324.262,254694004.78248,0
1617098400000,58948.78,59371.65,58948.27,59207.87,9953.088,1617099299999,589280216.80440,94874,5500.057,325660782.16893,0
1617099300000,59207.87,59560.00,59089.00,59215.17,7962.738,1617100199999,472250653.62781,77368,4257.898,252605857.76768,0
1617100200000,59215.17,59244.90,58711.00,58812.45,6438.397,1617101099999,379795265.50736,63852,2611.903,154112213.19913,0
1617101100000,58811.72,59075.00,58808.55,58942.00,3787.609,1617101999999,223359273.89686,41521,2019.697,119101432.28128,0
1617102000000,58942.01,59200.00,58937.06,59113.45,2925.337,1617102899999,172893552.55775,34622,1634.746,96616069.58718,0
1617102900000,59112.92,59116.73,58959.96,59074.88,1765.613,1617103799999,104221097.09748,22636,771.687,45554755.42016,0
1617103800000,59078.09,59140.00,58950.00,59111.82,2014.142,1617104699999,118961828.14234,25880,961.027,56764170.06219,0
1617104700000,59111.82,59350.00,59001.01,59326.40,3623.111,1617105599999,214577877.52941,39079,1882.808,111519753.18070,0
1617105600000,59326.40,59450.00,59152.60,59267.15,5607.374,1617106499999,332663844.95529,56336,2717.840,161261673.63906,0
1617106500000,59270.00,59285.00,59091.90,59136.49,2287.551,1617107399999,135353260.47016,28543,1056.794,62534862.50940,0
1617107400000,59136.49,59325.79,59083.87,59290.18,2781.026,1617108299999,164723432.53890,28573,1369.043,81101886.53415,0
1617108300000,59290.17,59297.28,59162.74,59179.94,1181.273,1617109199999,69963316.73818,17968,485.828,28776932.62240,0
1617109200000,59179.94,59348.81,58950.00,58973.66,4397.363,1617110099999,259939368.42041,45817,1915.443,113254714.92550,0
1617110100000,58974.32,59200.00,58871.00,59149.22,2713.297,1617110999999,160266893.13864,31333,1285.108,75917402.74044,0
1617111000000,59146.06,59170.00,58982.16,59047.17,2269.370,1617111899999,134062902.29283,24806,1046.146,61804753.68347,0
1617111900000,59047.16,59047.17,58872.50,58965.24,2698.953,1617112799999,159121988.75874,31473,1173.081,69168821.60043,0
1617112800000,58965.23,59016.66,58712.60,58887.98,3862.270,1617113699999,227235398.65194,42815,1730.304,101814654.61146,0
1617113700000,58887.99,59025.92,58752.50,58973.00,2758.641,1617114599999,162414039.65069,31930,1470.753,86599080.71129,0
1617114600000,58972.99,59040.00,58855.74,59022.12,1715.446,1617115499999,101139797.14572,23182,837.253,49369158.01522,0
1617115500000,59022.11,59080.00,58888.88,58939.63,1521.015,1617116399999,89703624.55984,20835,738.740,43574089.70288,0
1617116400000,58939.63,59026.58,58825.00,58899.00,1687.489,1617117299999,99391244.75941,21502,874.708,51522427.28042,0
1617117300000,58899.00,59020.00,58829.51,58839.89,1751.096,1617118199999,103166561.72182,21405,920.072,54211968.01581,0
1617118200000,58838.22,58872.57,58733.51,58842.94,1909.533,1617119099999,112286047.48297,23407,931.518,54779005.10361,0
1617119100000,58843.39,58847.18,58570.00,58615.66,3715.147,1617119999999,217989068.77076,38219,1490.076,87440027.09799,0
1617120000000,58617.67,58852.84,58550.23,58805.60,3714.139,1617120899999,217994784.81866,40497,1907.213,111952791.30048,0
1617120900000,58806.00,58840.00,58670.00,58786.46,1719.714,1617121799999,101062432.98460,21968,850.452,49981347.54869,0
1617121800000,58783.90,58827.49,58680.00,58756.40,1127.045,1617122699999,66227243.70408,16132,583.910,34312313.57177,0
1617122700000,58756.40,58929.00,58700.00,58795.25,1903.851,1617123599999,111984834.88545,22229,1030.285,60609971.07243,0
1617123600000,58795.24,58908.00,58754.13,58804.68,1319.721,1617124499999,77639985.07784,17464,675.621,39747710.06774,0
1617124500000,58804.67,58957.01,58778.02,58852.00,1507.834,1617125399999,88809099.36732,19089,800.462,47148645.58444,0
1617125400000,58852.00,58986.35,58852.00,58857.37,1023.490,1617126299999,60295625.33153,15295,519.272,30592419.28802,0
1617126300000,58857.38,58938.98,58733.61,58780.21,1113.426,1617127199999,65505281.18453,16408,459.418,27031077.43188,0
1617127200000,58780.20,59229.52,58771.49,59144.88,3042.112,1617128099999,179762872.57767,35992,1651.699,97598007.38661,0
1617128100000,59143.38,59199.00,59019.43,59091.46,1414.048,1617128999999,83585867.59334,18178,653.712,38644251.48416,0
1617129000000,59091.76,59091.76,58835.99,58959.67,2079.430,1617129899999,122569810.65808,24206,822.622,48487305.12992,0
1617129900000,58959.67,59047.13,58862.14,58932.48,1529.582,1617130799999,90164071.65095,17105,717.278,42286062.57518,0
1617130800000,58932.47,58978.00,58811.00,58831.02,1090.437,1617131699999,64215505.47817,14284,510.860,30087883.67086,0
1617131700000,58836.31,58974.68,58788.84,58972.25,994.853,1617132599999,58572094.44520,13323,547.764,32253060.96948,0
1617132600000,58972.24,59144.03,58920.00,58963.66,1857.972,1617133499999,109692131.68888,20762,1019.197,60182265.77621,0
1617133500000,58963.65,59172.42,58943.37,59172.42,1112.969,1617134399999,65703679.01594,14591,678.281,40047076.53183,0
1617134400000,59172.41,59189.88,58571.29,58635.74,4220.542,1617135299999,248157127.21273,40913,1777.684,104503012.46292,0
1617135300000,58635.73,58834.18,58500.73,58578.01,3190.112,1617136199999,187078244.79387,32886,1454.070,85288318.43609,0
1617136200000,58575.83,58769.79,58400.43,58725.72,2977.050,1617137099999,174432742.70112,31069,1397.454,81908551.60170,0
1617137100000,58725.19,58800.00,58673.72,58710.09,1315.056,1617137999999,77257056.42656,16112,640.976,37659027.85748,0
1617138000000,58704.19,58785.70,58618.27,58765.77,823.586,1617138899999,48349997.31105,12989,441.466,25918020.26835,0
1617138900000,58765.30,58789.00,58633.52,58783.28,559.590,1617139799999,32853679.80637,10147,281.613,16534180.83135,0
1617139800000,58783.91,58800.00,58715.01,58737.73,678.621,1617140699999,39880382.96258,12059,351.519,20659173.07692,0
1617140700000,58736.86,58933.09,58680.00,58796.74,1635.590,1617141599999,96185862.45833,19208,953.206,56062465.62399,0
1617141600000,58796.74,58939.00,58721.70,58924.92,1816.939,1617142499999,106944224.72873,19632,875.881,51555345.17700,0
1617142500000,58924.92,58977.00,58850.00,58879.44,1226.737,1617143399999,72260460.11239,15487,523.648,30845824.41922,0
1617143400000,58879.14,58929.76,58740.01,58813.66,1358.942,1617144299999,79921023.64311,16197,621.797,36570995.33386,0
1617144300000,58813.66,58850.00,58701.82,58772.86,1279.333,1617145199999,75172696.56967,15518,639.425,37573208.28904,0
1617145200000,58772.86,58797.24,58618.54,58789.73,1874.763,1617146099999,110050897.72304,19577,903.223,53022213.92531,0
1617146100000,58789.74,58828.67,58650.00,58828.65,1342.650,1617146999999,78839866.13062,14715,656.625,38558892.34684,0
1617147000000,58827.72,58836.95,58637.81,58672.90,1470.815,1617147899999,86358569.38061,16283,677.421,39776714.45287,0
1617147900000,58667.47,58821.55,58655.44,58794.16,1329.779,1617148799999,78134139.23721,15622,645.114,37904549.29427,0
1617148800000,58794.17,58950.00,58763.71,58938.80,2679.696,1617149699999,157744629.94475,26500,1461.335,86030815.07073,0
1617149700000,58938.80,59058.41,58720.01,58806.64,2934.737,1617150599999,172855344.78479,30293,1596.706,94068460.33079,0
1617150600000,58806.64,59100.00,58805.45,58979.28,2782.028,1617151499999,164046153.38110,28794,1443.895,85142837.42540,0
1617151500000,58981.58,59101.10,58926.63,59071.68,2455.491,1617152399999,144941898.49711,24016,1171.891,69182008.59465,0
1617152400000,59071.68,59085.09,58943.79,58995.02,1790.923,1617153299999,105688093.69095,20817,795.811,46966679.27488,0
1617153300000,58995.02,59075.00,58876.12,59041.79,1942.545,1617154199999,114559530.96017,20719,973.099,57391225.41780,0
1617154200000,59039.65,59092.99,58900.00,58982.37,2018.667,1617155099999,119083250.48290,20572,1010.593,59620200.76842,0
1617155100000,58982.09,59150.00,58918.05,58953.83,2166.782,1617155999999,127863792.11544,23355,1033.984,61030495.45518,0
1617156000000,58957.28,58978.57,58769.51,58854.06,2564.081,1617156899999,150930312.20945,27399,1114.597,65610718.69198,0
1617156900000,58854.47,58991.18,58820.00,58901.90,2130.062,1617157799999,125421316.75209,20419,1020.994,60121652.48672,0
1617157800000,58903.16,58948.15,58840.20,58843.51,1230.151,1617158699999,72449811.30980,15303,576.005,33926131.51401,0
1617158700000,58843.52,58868.93,58709.83,58722.38,1711.704,1617159599999,100628895.42025,21189,783.245,46048828.47978,0
1617159600000,58723.12,58763.41,58566.00,58707.23,3261.440,1617160499999,191324689.95241,36151,1571.066,92174221.36764,0
1617160500000,58707.23,58800.00,58625.00,58665.29,1969.452,1617161399999,115643447.72797,21858,967.026,56787469.83848,0
1617161400000,58665.29,58720.39,58500.00,58515.07,2651.120,1617162299999,155362662.04745,28735,1151.172,67475297.25418,0
1617162300000,58514.33,58698.00,58440.00,58695.91,3373.146,1617163199999,197609171.55543,34560,1735.394,101671924.91827,0
1617163200000,58695.90,58785.20,58553.11,58775.10,2266.636,1617164099999,132976545.00574,26796,1279.589,75073761.40031,0
1617164100000,58773.75,58790.89,58650.00,58684.64,1297.233,1617164999999,76164121.81276,14791,629.171,36940822.47822,0
1617165000000,58684.63,58750.39,58616.99,58698.13,1888.799,1617165899999,110825342.00337,17534,769.431,45150623.86091,0
1617165900000,58697.70,58841.81,58676.82,58771.58,1775.910,1617166799999,104403552.87735,19107,880.949,51791534.64752,0
1617166800000,58771.58,58773.85,58655.14,58696.40,1270.494,1617167699999,74589196.32692,14772,553.144,32475068.03531,0
1617167700000,58696.40,58709.26,58607.33,58647.27,1327.058,1617168599999,77827885.50676,14778,653.429,38322201.99886,0
1617168600000,58647.69,58684.79,58582.60,58605.64,1067.227,1617169499999,62564746.32218,13473,430.930,25265306.56152,0
1617169500000,58604.88,58777.00,58593.05,58755.99,1256.123,1617170399999,73746916.09607,14936,662.021,38868880.56927,0
1617170400000,58756.00,58830.00,58706.27,58745.43,1700.217,1617171299999,99927766.96121,18952,830.663,48825061.71500,0
1617171300000,58745.44,59500.00,58711.05,59456.38,6614.566,1617172199999,391383813.16900,65528,3906.603,231158893.86408,0
1617172200000,59458.16,59800.00,59454.72,59665.11,10492.391,1617173099999,626163124.31558,92139,5233.937,312369267.64444,0
1617173100000,59665.12,59920.00,59528.27,59774.87,6273.916,1617173999999,374744722.47735,55043,3182.663,190149685.08093,0
1617174000000,59774.87,59895.46,59565.94,59672.10,4797.221,1617174899999,286336135.71150,43145,2156.699,128739077.76477,0
1617174900000,59672.09,59675.00,59415.89,59452.17,3094.019,1617175799999,184172469.92150,32990,1255.299,74724459.96971,0
1617175800000,59454.45,59574.82,59350.78,59479.42,2393.426,1617176699999,142354542.29842,25601,1166.343,69379589.92078,0
1617176700000,59479.42,59482.99,57400.00,58244.24,26942.199,1617177599999,1572350507.61814,229582,12328.328,719363548.25423,0
1617177600000,58238.52,58370.42,56812.00,57849.15,23230.388,1617178499999,1337551691.78791,215031,11012.141,634362947.71933,0
1617178500000,57849.15,58000.00,57670.69,57884.69,7637.507,1617179399999,441924548.97976,80905,3934.811,227719804.67236,0
1617179400000,57887.89,58210.19,57709.37,57838.66,6797.825,1617180299999,394114998.68403,72757,3428.293,198802124.52303,0
1617180300000,57838.65,58112.34,57801.00,58046.06,3284.811,1617181199999,190378041.20505,36300,1818.022,105374109.18139,0
1617181200000,58046.06,58350.25,57750.64,58227.88,4295.644,1617182099999,249310633.24358,46688,2209.583,128297163.07340,0
1617182100000,58230.86,58237.01,58018.73,58126.75,2621.509,1617182999999,152409203.30908,29594,1225.404,71247921.41158,0
1617183000000,58126.75,58129.81,57900.00,58001.25,2360.904,1617183899999,136955117.86824,28470,1057.336,61338998.50563,0
1617183900000,58003.80,58096.74,57857.27,58028.13,2060.816,1617184799999,119521813.64123,23055,1007.389,58434096.97720,0
1617184800000,58028.12,58165.32,57912.24,57982.85,2554.319,1617185699999,148277530.98520,28217,1281.535,74392787.60732,0
1617185700000,57983.22,57998.81,57450.00,57567.21,7003.304,1617186599999,403829081.55379,65828,2839.119,163701226.27868,0
1617186600000,57565.59,57860.00,57343.53,57756.96,4766.181,1617187499999,274578619.07941,49231,2510.962,144695834.77478,0
1617187500000,57756.96,57896.71,57634.20,57792.17,2510.804,1617188399999,145034253.12254,28202,1247.429,72060499.62296,0
1617188400000,57792.01,58001.00,57722.30,57969.68,2863.037,1617189299999,165761847.02218,30914,1660.429,96144574.77880,0
1617189300000,57969.77,58060.56,57855.79,57995.93,1894.057,1617190199999,109819401.83325,23040,913.289,52958022.43027,0
1617190200000,57995.93,58200.00,57903.81,58117.90,2602.325,1617191099999,151200665.25833,29387,1323.051,76882838.65470,0
1617191100000,58114.45,58153.08,58028.92,58076.84,1541.066,1617191999999,89517703.26469,18924,697.611,40524286.15196,0
1617192000000,58076.84,58092.00,57742.07,57964.72,4417.159,1617192899999,255780632.50760,43164,2135.266,123649449.57714,0
1617192900000,57964.27,58386.50,57950.35,58184.75,4830.024,1617193799999,281354716.90354,50385,2479.593,144428285.85259,0
1617193800000,58184.74,58283.23,58080.00,58240.34,2026.642,1617194699999,117917315.73038,22936,1024.363,59608596.44819,0
1617194700000,58240.33,58273.90,58100.00,58231.87,1425.742,1617195599999,82968480.36003,17761,695.971,40502204.15382,0
1617195600000,58231.43,58314.16,58120.00,58254.63,1659.963,1617196499999,96664220.65519,20787,797.986,46471818.83608,0
1617196500000,58252.35,58663.41,58228.00,58537.02,4049.057,1617197399999,236602764.73542,42980,2391.137,139728413.97995,0
1617197400000,58537.01,58866.00,58429.98,58710.01,5011.805,1617198299999,294021519.24096,52013,2568.249,150692449.34865,0
1617198300000,58710.01,58882.06,58455.38,58666.24,3901.644,1617199199999,228883567.83022,40444,1783.692,104654722.14854,0
1617199200000,58666.24,58704.58,58400.00,58511.33,2843.233,1617200099999,166494849.85390,30062,1247.928,73091251.78891,0
1617200100000,58511.34,58750.00,58490.27,58583.24,2158.778,1617200999999,126534981.18918,23514,1150.142,67414469.33300,0
1617201000000,58580.99,58800.00,58560.00,58750.05,1966.902,1617201899999,115464527.42674,22838,1004.557,58977098.58616,0
1617201900000,58751.92,58845.40,58625.23,58639.13,1736.804,1617202799999,101968768.41617,21684,750.103,44042846.92415,0
1617202800000,58639.12,59365.71,58639.12,59218.00,7700.905,1617203699999,455014034.78459,72258,4278.465,252764490.87352,0
1617203700000,59218.00,59500.00,59054.00,59168.35,6555.500,1617204599999,388508043.18399,59068,3141.522,186224524.53331,0
1617204600000,59168.01,59190.93,58804.26,59080.00,4211.633,1617205499999,248574801.26744,42003,1907.370,112595293.30612,0
1617205500000,59079.57,59472.98,59076.08,59367.07,4439.702,1617206399999,263317962.64536,43336,2398.570,142261863.03522,0
1617206400000,59367.07,59752.49,59212.00,59329.49,8193.615,1617207299999,487183087.64732,80375,4255.747,253104620.50773,0
1617207300000,59329.40,59442.05,59169.84,59409.50,2585.480,1617208199999,153300980.50866,27360,1213.816,71986237.18364,0
1617208200000,59409.57,59499.00,59174.69,59197.62,2901.964,1617209099999,172066962.14323,29333,1211.865,71856763.15118,0
1617209100000,59197.61,59238.96,58850.00,59079.60,4450.371,1617209999999,262696204.00445,42685,1879.296,110912017.83729,0
1617210000000,59079.60,59239.91,59016.00,59194.93,2400.096,1617210899999,141915453.32944,25071,1268.890,75033092.50419,0
1617210900000,59194.93,59239.91,58963.73,59014.96,1890.429,1617211799999,111717391.39902,22245,863.072,51011999.00200,0
1617211800000,59014.95,59314.85,59010.66,59250.69,2153.380,1617212699999,127393161.66505,20429,1205.995,71355097.13219,0
1617212700000,59250.70,59354.75,59154.87,59334.87,2073.905,1617213599999,122917319.24501,22869,964.541,57170622.76747,0
1617213600000,59334.10,59566.90,59261.30,59261.59,3034.799,1617214499999,180287106.76883,33453,1481.110,87998744.54671,0
1617214500000,59268.24,59464.63,59262.24,59459.99,1454.855,1617215399999,86374617.38044,18195,804.175,47743183.50848,0
1617215400000,59460.00,59676.45,59415.00,59424.68,2809.594,1617216299999,167299150.84861,33003,1394.288,83033707.49324,0
1617216300000,59424.69,59577.78,59369.99,59404.43,1761.761,1617217199999,104769198.62992,20014,909.575,54091424.30575,0
1617217200000,59404.43,59599.00,59404.43,59595.71,2144.576,1617218099999,127623442.91590,21291,1133.605,67459563.76115,0
1617218100000,59595.70,59695.21,59467.00,59575.81,2278.452,1617218999999,135761622.86444,24773,1079.032,64305199.31315,0
1617219000000,59577.59,59671.10,58855.00,59168.95,7881.198,1617219899999,466127598.19939,70693,3731.569,220688638.43332,0
1617219900000,59173.67,59273.11,58518.88,58644.25,5526.028,1617220799999,325680926.82321,51518,2287.901,134900502.76214,0
1617220800000,58644.26,58887.74,58431.29,58586.62,7604.061,1617221699999,446169292.20024,68301,3920.260,230071268.18418,0
1617221700000,58586.62,59066.91,58561.00,59060.13,3838.006,1617222599999,225571716.05929,33139,2334.378,137218364.45606,0
1617222600000,59063.01,59149.98,58900.00,59043.98,2478.167,1617223499999,146247367.41716,27157,1257.933,74240652.51560,0
1617223500000,59042.09,59196.71,58953.61,59026.39,1944.108,1617224399999,114840773.19166,22206,924.411,54608172.49844,0
1617224400000,59026.40,59172.34,58977.44,58981.00,1243.988,1617225299999,73499221.85543,16493,554.013,32739012.07909,0
1617225300000,58982.67,59150.00,58961.85,58978.21,800.801,1617226199999,47281827.71369,14690,374.298,22103353.32086,0
1617226200000,58978.21,59436.15,58800.00,58930.00,3376.420,1617227099999,199706790.21127,39104,1723.061,101936633.66803,0
1617227100000,58930.01,59088.11,58816.00,59041.98,1234.814,1617227999999,72807257.07817,16812,683.368,40301381.64437,0
1617228000000,59041.42,59124.02,58793.62,58864.60,1611.782,1617228899999,94967570.63671,18836,749.386,44157818.10007,0
1617228900000,58864.59,58961.64,58620.07,58813.88,1642.140,1617229799999,96559310.02712,21413,817.418,48074492.37139,0
1617229800000,58813.87,58953.49,58704.20,58773.25,1341.962,1617230699999,78913521.48125,15409,672.317,39538331.14759,0
1617230700000,58773.26,58912.50,58680.00,58728.31,1558.569,1617231599999,91689541.73040,15803,814.347,47911393.08372,0
1617231600000,58728.30,58866.00,58640.00,58784.23,2075.134,1617232499999,121886224.62952,21381,1032.834,60667765.11629,0
1617232500000,58783.90,58959.00,58661.64,58921.14,1562.726,1617233399999,91924674.64442,18070,874.884,51466562.32958,0
1617233400000,58920.71,58990.00,58807.29,58873.67,869.780,1617234299999,51217054.33951,12358,413.733,24363883.81719,0
1617234300000,58873.67,58957.17,58712.77,58807.24,1235.938,1617235199999,72701897.43737,13269,585.443,34442516.33406,0
