1633046400000,43799.49,43968.00,43694.42,43732.84,5790.577,1633047299999,253819665.99430,48953,2704.237,118589693.19462,0
1633047300000,43732.84,43872.47,43662.01,43845.90,2413.893,1633048199999,105656991.68266,22457,1400.459,61298017.74392,0
1633048200000,43845.95,44043.22,43811.40,43864.44,5499.229,1633049099999,241532219.20199,37929,2996.095,131648640.73131,0
1633049100000,43863.97,43874.58,43637.43,43672.26,3688.510,1633049999999,161290808.22330,28019,1647.922,72065281.42982,0
1633050000000,43671.50,43672.82,43401.99,43477.34,4282.694,1633050899999,186342551.42002,43148,1881.401,81862121.64532,0
1633050900000,43477.34,43607.39,43467.00,43591.20,1895.759,1633051799999,82570831.11264,20427,1067.152,46480677.65665,0
1633051800000,43591.20,43761.71,43556.22,43751.75,1971.826,1633052699999,86082873.75922,20077,1194.079,52131585.05679,0
1633052700000,43751.76,43782.67,43618.27,43716.80,1696.719,1633053599999,74162153.00152,18511,977.237,42718271.99035,0
1633053600000,43716.80,43772.00,43616.01,43630.44,1312.265,1633054499999,57344972.01637,14226,565.242,24702770.97939,0
1633054500000,43627.74,43627.74,43500.00,43566.00,1949.281,1633055399999,84889595.53469,19947,1056.528,46011988.89325,0
1633055400000,43566.00,43619.50,43263.01,43402.15,3707.421,1633056299999,160975453.95409,34076,1681.191,73002554.06076,0
1633056300000,43402.16,43421.00,43260.01,43373.51,2025.877,1633057199999,87819980.13792,22158,1013.366,43936500.20367,0
1633057200000,43373.52,43490.11,43338.18,43440.00,1568.908,1633058099999,68137291.89196,16786,884.163,38402024.12487,0
1633058100000,43439.99,43567.79,43414.75,43460.32,1730.276,1633058999999,75257357.19021,17021,828.916,36059324.98504,0
1633059000000,43460.33,43660.00,43459.79,43583.65,2228.428,1633059899999,97079077.11923,20789,1283.160,55902897.78079,0
1633059900000,43583.64,43650.00,43396.92,43609.27,3630.314,1633060799999,158111703.25644,28532,1812.785,78946347.91526,0
1633060800000,43609.27,43680.37,43536.96,43637.37,1359.858,1633061699999,59315227.77856,16737,674.853,29437853.04479,0
1633061700000,43637.38,43673.00,43530.59,43540.25,1178.441,1633062599999,51365100.84098,13811,509.578,22213201.61161,0
1633062600000,43542.17,43568.24,43437.00,43496.24,1896.524,1633063499999,82509176.96667,17612,940.908,40935305.71009,0
1633063500000,43496.24,43631.77,43450.62,43604.68,1347.648,1633064399999,58675136.42017,16541,831.140,36188671.83097,0
1633064400000,43604.67,43640.00,43490.23,43634.83,1590.459,1633065299999,69325999.81046,16398,844.411,36812237.54022,0
1633065300000,43631.98,43802.29,43621.26,43685.35,2766.157,1633066199999,120936481.04416,31176,1573.136,68775705.91037,0
1633066200000,43685.18,43860.81,43685.18,43828.74,2678.024,1633067099999,117286253.25116,27512,1420.775,62230679.79327,0
1633067100000,43831.84,43854.00,43763.99,43819.99,1862.321,1633067999999,81577299.28540,19252,914.754,40069406.79718,0
1633068000000,43819.99,43962.00,43817.45,43853.44,3858.475,1633068899999,169427515.49614,34800,1924.777,84520329.56164,0
1633068900000,43854.12,43915.35,43745.06,43794.95,2467.935,1633069799999,108141710.84441,24113,976.663,42800576.26041,0
1633069800000,43794.96,43940.82,43705.00,43864.94,2933.287,1633070699999,128584551.49864,26251,1504.069,65937292.74950,0
1633070700000,43864.95,44024.11,43846.21,43964.77,4198.292,1633071599999,184515698.07117,37187,2297.218,100979855.00980,0
1633071600000,43964.78,44067.18,43885.00,43977.98,3385.584,1633072499999,148873053.12256,32312,1618.607,71187992.08367,0
1633072500000,43977.99,44695.44,43949.87,44599.98,20130.344,1633073399999,893912231.99019,162462,12612.870,559991531.29795,0
1633073400000,44599.54,44774.56,44567.39,44750.58,8552.800,1633074299999,382134278.28711,78050,4581.407,204721824.11635,0
1633074300000,44750.58,44793.97,44661.94,44753.98,4969.948,1633075199999,222309942.39308,44934,2443.828,109329650.84086,0
1633075200000,44753.98,45000.00,44718.80,44788.23,10196.445,1633076099999,457274008.58887,85657,5816.834,260962593.14835,0
1633076100000,44788.23,44831.35,44679.84,44761.53,4713.529,1633076999999,210896949.85787,43669,1939.434,86781622.52885,0
1633077000000,44761.53,44845.00,44710.01,44825.01,3087.913,1633077899999,138343846.22717,30145,1518.066,68017143.53005,0
1633077900000,44824.32,44923.68,44759.29,44907.52,3066.370,1633078799999,137537145.58495,28028,1745.176,78282696.18904,0
1633078800000,44907.51,44935.93,44753.00,44762.49,2752.168,1633079699999,123418475.65967,30263,1211.541,54330872.61415,0
1633079700000,44763.21,44896.81,44756.37,44880.97,2102.525,1633080599999,94288795.47527,24713,1114.730,49987792.82403,0
1633080600000,44880.97,44980.00,44858.89,44911.81,4018.429,1633081499999,180533336.57760,33868,2038.922,91609806.40222,0
1633081500000,44911.60,44951.78,44812.87,44888.92,2021.171,1633082399999,90683077.49823,23976,934.407,41928675.59635,0
1633082400000,44888.92,44940.00,44820.79,44829.43,1983.348,1633083299999,88993410.27941,21114,927.887,41639800.61861,0
1633083300000,44829.42,47482.48,44826.20,46554.86,25485.246,1633084199999,1172978145.42048,191560,17183.356,790220359.43745,0
1633084200000,46541.39,47925.41,46280.00,47349.42,44044.536,1633085099999,2072115580.00034,348600,23856.096,1122774105.79152,0
1633085100000,47344.13,47440.36,47051.00,47086.56,18697.756,1633085999999,882880464.57564,156988,9292.882,438876982.23859,0
1633086000000,47086.56,47350.00,46960.00,47304.58,10664.032,1633086899999,503067567.51630,94143,5309.921,250500890.30226,0
1633086900000,47304.57,47439.00,47222.22,47379.43,6861.673,1633087799999,324775083.80516,69666,3414.474,161640304.49802,0
1633087800000,47379.42,47638.10,47250.00,47533.30,6330.327,1633088699999,300098554.65283,61232,3788.785,179668894.54113,0
1633088700000,47533.30,47683.99,47328.98,47482.27,7046.420,1633089599999,334574022.18142,66272,3383.095,160668902.55423,0
1633089600000,47482.28,47743.09,47434.23,47541.40,7388.618,1633090499999,351615752.66342,72047,3836.188,182587220.77980,0
1633090500000,47541.40,47888.00,47500.00,47662.67,7123.735,1633091399999,339822484.19672,68426,3668.010,175008066.51438,0
1633091400000,47663.76,47713.35,47181.11,47286.77,10327.755,1633092299999,489750813.59080,89255,4294.820,203734752.53224,0
1633092300000,47286.78,47369.82,47160.00,47217.73,7026.547,1633093199999,331921624.36626,62843,3587.153,169462789.30630,0
1633093200000,47217.73,47350.00,47203.23,47209.71,4491.583,1633094099999,212366613.71012,39761,2523.821,119334446.66974,0
1633094100000,47209.72,47368.06,47131.88,47244.00,3610.316,1633094999999,170603944.14612,35562,1783.724,84310244.92189,0
1633095000000,47244.00,47312.99,47025.00,47040.25,4442.467,1633095899999,209448979.91920,47576,1908.170,89985602.64608,0
1633095900000,47040.42,47145.00,46937.17,46967.87,3826.927,1633096799999,180100922.42790,41280,1772.818,83450674.50842,0
1633096800000,46967.86,47337.74,46900.00,47266.97,5735.563,1633097699999,270477188.79851,57789,3110.409,146716420.30006,0
1633097700000,47266.96,47266.96,46960.00,47034.16,3691.973,1633098599999,173843629.70816,37913,1643.437,77380483.52842,0
1633098600000,47035.03,47219.33,46756.58,46774.32,8373.921,1633099499999,393215515.02121,72274,3773.125,177204575.45616,0
1633099500000,46774.32,47139.53,46761.36,47108.59,4923.850,1633100399999,231212785.61804,50964,2615.950,122846889.45604,0
1633100400000,47109.63,47365.28,47013.42,47311.66,4905.287,1633101299999,231490520.50980,50979,2657.278,125445031.09172,0
1633101300000,47311.67,47474.41,47237.50,47285.64,4690.330,1633102199999,222080243.67902,45589,2615.483,123866200.29797,0
1633102200000,47288.47,47372.86,47247.20,47333.94,1925.962,1633103099999,91131409.31061,21673,912.404,43177069.36346,0
1633103100000,47333.94,47360.68,47049.79,47339.99,3689.570,1633103999999,174206323.42750,35705,1789.711,84526408.06015,0
1633104000000,47340.00,47378.11,47210.92,47279.00,1908.719,1633104899999,90243939.09448,22786,888.062,41996408.68756,0
1633104900000,47279.00,47899.00,47230.11,47431.55,8716.280,1633105799999,414583081.63885,70034,5244.536,249493626.12265,0
1633105800000,47431.55,47597.35,47301.00,47548.00,4170.189,1633106699999,197884239.01984,42459,2110.578,100165041.29641,0
1633106700000,47548.00,47576.99,47343.16,47536.92,2459.716,1633107599999,116723252.28283,30253,1200.404,56965603.13878,0
1633107600000,47538.22,47597.02,47411.17,47433.19,1539.133,1633108499999,73073563.97034,18716,688.690,32698328.13214,0
1633108500000,47433.19,47477.16,47376.44,47418.90,1441.319,1633109399999,68355993.28116,16937,741.662,35178634.89450,0
1633109400000,47418.90,47557.81,47412.00,47514.14,1684.323,1633110299999,80009156.18192,19778,862.769,40987184.92783,0
1633110300000,47514.14,47687.35,47468.00,47595.00,2386.771,1633111199999,113535518.20845,26281,1315.603,62592397.24081,0
1633111200000,47593.38,47666.50,47488.93,47524.01,2176.356,1633112099999,103563346.30670,23955,1033.873,49208461.16484,0
1633112100000,47524.01,47841.51,47421.16,47661.18,3973.546,1633112999999,189301930.91057,38682,2317.074,110404711.25916,0
1633113000000,47661.17,47874.29,47600.00,47756.93,3694.646,1633113899999,176486879.68117,40121,1860.367,88867992.21232,0
1633113900000,47756.92,47900.00,47645.00,47701.33,2775.522,1633114799999,132503605.24919,29351,1227.520,58617824.28972,0
1633114800000,47703.25,48234.29,47685.00,48002.83,9475.465,1633115699999,454203265.02514,83025,5524.189,264932256.63666,0
1633115700000,48002.83,48074.99,47790.00,47939.88,3640.154,1633116599999,174480306.83616,38155,1762.841,84504034.67364,0
1633116600000,47939.89,47968.85,47785.50,47835.49,1864.524,1633117499999,89223449.45521,21395,877.296,41979728.58379,0
1633117500000,47835.49,48009.37,47824.00,48009.37,1731.471,1633118399999,82949161.71591,21117,952.719,45646772.06799,0
1633118400000,48009.51,48060.00,47823.52,47852.93,2741.728,1633119299999,131454303.00146,32126,1152.178,55245018.35011,0
1633119300000,47852.94,47907.67,47710.74,47769.30,2105.828,1633120199999,100663122.98946,24040,832.014,39779116.78252,0
1633120200000,47769.30,48187.52,47763.86,47897.99,4132.743,1633121099999,198260715.84565,40678,2372.069,113792492.48126,0
1633121100000,47898.00,48134.31,47840.26,48068.15,2302.203,1633121999999,110439513.59137,24722,1303.918,62548769.30116,0
1633122000000,48060.76,48300.00,48055.18,48227.34,4899.358,1633122899999,236045881.19799,47544,2876.791,138636815.79608,0
1633122900000,48227.33,48395.00,48227.33,48303.95,5361.762,1633123799999,259125054.19980,49524,3126.207,151116020.75896,0
1633123800000,48303.94,48335.29,48089.76,48108.11,2581.006,1633124699999,124354896.28956,31383,1115.482,53748277.98476,0
1633124700000,48108.12,48362.07,48108.00,48317.01,1954.229,1633125599999,94210002.79399,22149,1178.820,56838027.76644,0
1633125600000,48317.01,48450.00,48200.71,48327.72,3711.025,1633126499999,179378716.90883,36211,1876.566,90717213.95230,0
1633126500000,48327.73,48359.19,48125.00,48149.99,2184.006,1633127399999,105343723.90730,23867,1006.659,48566530.97095,0
1633127400000,48150.00,48188.00,47720.00,47800.00,5782.273,1633128299999,277062777.72100,57737,2689.931,128877810.34358,0
1633128300000,47800.00,48037.64,47791.00,47990.00,2826.276,1633129199999,135536476.96571,32072,1610.359,77218607.88997,0
1633129200000,47989.99,48064.34,47904.59,47928.16,1329.104,1633130099999,63778465.82383,17467,622.234,29863829.67354,0
1633130100000,47928.16,48071.00,47927.62,48009.25,1223.893,1633130999999,58749607.19530,15166,605.548,29068649.48978,0
1633131000000,48012.37,48050.00,47937.62,48017.99,1253.681,1633131899999,60171169.74389,13971,672.343,32272337.65695,0
1633131900000,48017.99,48154.00,48001.00,48123.94,1650.153,1633132799999,79341490.79246,19005,918.628,44175234.05905,0
1633132800000,48123.93,48218.80,47621.00,47698.19,5564.112,1633133699999,266522037.36108,53267,2383.200,114176751.32220,0
1633133700000,47698.11,47944.88,47679.49,47885.01,2586.899,1633134599999,123694363.75376,30370,1395.768,66740154.26710,0
1633134600000,47885.01,47933.04,47603.06,47692.98,2469.973,1633135499999,117857672.80888,28595,1160.327,55357808.45338,0
1633135500000,47692.98,47810.21,47636.30,47801.55,1515.224,1633136399999,72316652.15419,20349,894.321,42689234.61085,0
1633136400000,47801.54,47979.35,47717.65,47971.59,2148.740,1633137299999,102849033.52249,24292,1218.802,58351109.54639,0
1633137300000,47971.58,48070.00,47758.93,47770.01,2454.718,1633138199999,117667935.27311,30023,1107.806,53108120.25910,0
1633138200000,47770.00,47860.00,47725.30,47800.37,1143.860,1633139099999,54673394.41255,16140,686.070,32792525.76724,0
1633139100000,47800.37,47800.37,47665.84,47718.86,1655.775,1633139999999,79018522.30489,18037,739.532,35297519.85283,0
1633140000000,47718.86,47778.00,47622.33,47674.38,1394.286,1633140899999,66492502.92560,17307,779.026,37152916.16896,0
1633140900000,47671.38,47850.00,47671.38,47820.00,1274.844,1633141799999,60917969.54662,16909,700.600,33474586.94631,0
1633141800000,47820.37,47840.00,47675.00,47772.34,1159.820,1633142699999,55370621.47532,13674,455.125,21727210.91618,0
1633142700000,47772.35,47772.35,47651.01,47689.56,1060.660,1633143599999,50588835.87979,13566,497.945,23750621.25975,0
1633143600000,47689.56,47760.90,47656.07,47672.63,946.589,1633144499999,45155548.79157,12365,443.385,21152720.30290,0
1633144500000,47672.62,47760.00,47441.00,47539.79,3197.290,1633145399999,152101704.90112,31801,1398.291,66530242.06043,0
1633145400000,47539.78,47616.94,47502.00,47570.58,1133.342,1633146299999,53901924.99458,16182,554.858,26389939.99676,0
1633146300000,47570.57,47584.42,47429.21,47510.45,1595.744,1633147199999,75768646.64353,20586,803.977,38176292.68977,0
1633147200000,47510.44,47669.88,47463.86,47636.05,1948.815,1633148099999,92722603.88628,22474,1094.180,52066971.63885,0
1633148100000,47636.04,47678.76,47473.42,47497.14,1340.402,1633148999999,63776927.26574,16473,623.092,29648805.32455,0
1633149000000,47497.13,47549.98,47452.25,47475.04,1186.942,1633149899999,56368034.93254,16604,614.027,29160804.04200,0
1633149900000,47475.04,47590.00,47410.00,47564.68,1486.041,1633150799999,70613477.78590,17814,678.970,32264879.58875,0
1633150800000,47564.68,47775.00,47496.75,47758.99,2356.462,1633151699999,112345643.69653,24796,1399.141,66704658.46394,0
1633151700000,47758.98,47758.99,47654.18,47706.51,1166.841,1633152599999,55668520.31133,15559,502.022,23951714.49873,0
1633152600000,47706.51,47793.81,47672.82,47685.55,1427.419,1633153499999,68130527.19190,16455,745.046,35568354.84258,0
1633153500000,47685.55,47756.21,47628.00,47718.47,1467.783,1633154399999,70004114.45296,16972,784.471,37413844.30297,0
1633154400000,47718.46,47726.02,47638.05,47720.01,945.964,1633155299999,45106366.60195,12820,513.085,24466854.34704,0
1633155300000,47720.00,47787.55,47660.83,47722.00,1411.726,1633156199999,67375679.37198,14255,713.953,34077391.76336,0
1633156200000,47722.00,47888.00,47679.00,47871.29,2316.254,1633157099999,110702107.21786,21659,1253.663,59924163.19038,0
1633157100000,47871.30,47883.85,47741.97,47779.84,1231.650,1633157999999,58869219.04250,15737,602.824,28813228.65780,0
1633158000000,47779.83,47794.65,47686.77,47767.97,1332.585,1633158899999,63607078.16606,15316,628.059,29980166.79024,0
1633158900000,47767.97,47771.98,47667.79,47740.93,825.678,1633159799999,39396189.46001,12098,374.616,17875413.54050,0
1633159800000,47740.92,47828.50,47691.00,47797.64,930.839,1633160699999,44453096.66693,13224,504.516,24099218.81220,0
1633160700000,47797.63,47840.00,47692.45,47702.96,1175.858,1633161599999,56175992.82219,15053,501.515,23963093.13975,0
1633161600000,47701.38,47727.19,47656.57,47676.32,1321.971,1633162499999,63036094.18784,16677,651.351,31060741.95555,0
1633162500000,47676.32,47706.41,47510.00,47547.12,2918.005,1633163399999,138848549.29137,26947,1194.302,56826160.31402,0
1633163400000,47547.12,47629.81,47495.40,47592.96,1496.544,1633164299999,71159174.55750,18998,835.858,39752606.58069,0
1633164300000,47591.70,47757.69,47523.16,47710.00,2191.897,1633165199999,104420970.30273,20044,1393.278,66387259.98156,0
1633165200000,47707.61,47784.76,47704.00,47755.71,1719.708,1633166099999,82102984.60675,19904,811.552,38747677.01997,0
1633166100000,47755.71,47846.00,47707.00,47834.38,1469.500,1633166999999,70221813.82436,18464,891.923,42624536.50986,0
1633167000000,47834.37,47867.80,47726.00,47735.19,1386.855,1633167899999,66279270.93115,17696,607.147,29022349.56687,0
1633167900000,47735.20,47756.77,47653.10,47689.24,1356.973,1633168799999,64707912.61086,16498,636.905,30371598.49454,0
1633168800000,47689.24,47689.25,47588.00,47651.99,1250.416,1633169699999,59560081.06789,17431,611.949,29149450.36718,0
1633169700000,47650.57,47750.00,47624.00,47660.87,1335.808,1633170599999,63721663.32243,16718,762.767,36387942.90610,0
1633170600000,47662.09,47666.08,47500.00,47611.16,2402.091,1633171499999,114285712.44219,24725,1010.265,48071755.08828,0
1633171500000,47611.16,47659.74,47500.00,47583.34,1589.860,1633172399999,75639831.89885,19213,624.405,29715616.09086,0
1633172400000,47583.34,47607.51,47450.81,47491.80,1959.944,1633173299999,93110245.61414,22343,794.434,37745024.35043,0
1633173300000,47491.80,47598.53,47481.40,47530.07,1213.193,1633174199999,57677548.20179,15495,731.019,34756154.06141,0
1633174200000,47530.06,47658.00,47500.00,47650.00,1626.869,1633175099999,77464171.26017,18441,890.912,42422517.27833,0
1633175100000,47649.99,47721.92,47604.00,47665.00,1372.875,1633175999999,65434771.08333,16668,767.511,36585507.62740,0
1633176000000,47664.99,47728.00,47600.00,47632.99,1324.604,1633176899999,63136196.94788,16948,615.939,29360028.26618,0
1633176900000,47633.00,47718.64,47632.66,47695.53,926.391,1633177799999,44181572.44743,13273,502.405,23960767.19294,0
1633177800000,47695.53,47760.04,47627.66,47718.20,1484.621,1633178699999,70829923.30280,17324,745.782,35585342.51832,0
1633178700000,47718.20,47750.00,47684.50,47705.06,942.212,1633179599999,44962055.14843,13281,465.811,22229091.55657,0
1633179600000,47705.06,47834.27,47660.00,47818.33,1700.587,1633180499999,81212321.11919,21648,1049.161,50110885.25606,0
1633180500000,47819.06,47819.07,47620.00,47657.68,2176.219,1633181399999,103756013.42110,23988,898.555,42840355.05858,0
1633181400000,47657.69,47760.58,47637.74,47750.01,1194.477,1633182299999,56984336.20671,17221,724.139,34548247.21013,0
1633182300000,47750.00,48338.68,47620.01,47812.00,14841.127,1633183199999,711748374.65905,132887,8152.366,391052136.53216,0
1633183200000,47812.00,48100.11,47780.00,47976.25,6127.309,1633184099999,294037831.97467,61543,2971.359,142582933.76464,0
1633184100000,47976.25,48036.37,47807.72,47856.91,3232.454,1633184999999,154906126.09286,35155,1304.490,62517831.55752,0
1633185000000,47856.90,47970.27,47770.81,47919.84,2165.947,1633185899999,103649464.37772,27042,1169.127,55960052.99849,0
1633185900000,47919.84,48087.87,47870.00,47994.99,2600.906,1633186799999,124822356.12687,33696,1270.653,60985876.52040,0
1633186800000,47995.00,48024.96,47872.60,47900.01,1928.017,1633187699999,92428791.33225,23537,852.313,40861572.13759,0
1633187700000,47900.01,47965.47,47825.80,47883.95,1353.893,1633188599999,64823768.86637,18105,658.651,31540295.96329,0
1633188600000,47883.95,47942.19,47812.00,47920.01,1796.321,1633189499999,86004619.83016,19009,1108.288,53063921.24987,0
1633189500000,47918.38,47926.39,47777.00,47812.24,1579.861,1633190399999,75587889.43173,17714,790.369,37819689.99110,0
1633190400000,47812.23,47885.29,47638.09,47642.61,2779.593,1633191299999,132695773.64513,31451,1138.852,54385525.10401,0
1633191300000,47642.62,47779.65,47638.10,47748.99,1882.103,1633192199999,89805108.92982,21319,1189.246,56747198.67000,0
1633192200000,47749.00,47955.94,47747.79,47939.46,2776.834,1633193099999,132934959.24023,29448,1680.314,80438778.86192,0
1633193100000,47939.47,47987.25,47885.58,47981.54,1795.460,1633193999999,86091608.84350,22256,886.451,42508244.47003,0
1633194000000,47981.54,48043.35,47928.12,47983.68,1926.590,1633194899999,92448385.63752,20706,996.293,47817537.32691,0
1633194900000,47983.68,47994.28,47860.00,47869.55,1506.394,1633195799999,72160713.58119,17385,673.438,32258840.33728,0
1633195800000,47869.55,47875.88,47809.04,47818.78,1176.658,1633196699999,56289497.62553,13936,530.815,25394723.50191,0
1633196700000,47818.78,47886.06,47816.48,47861.21,806.638,1633197599999,38600757.65752,11159,503.888,24112917.37010,0
1633197600000,47861.20,47909.00,47788.76,47819.22,1059.196,1633198499999,50677264.38174,13740,439.016,21007733.20069,0
1633198500000,47819.22,47854.31,47701.88,47787.79,1534.786,1633199399999,73322000.75829,17650,597.006,28522697.07025,0
1633199400000,47787.80,47844.36,47760.17,47783.07,638.797,1633200299999,30537841.50025,10241,335.734,16050554.30558,0
1633200300000,47783.07,47885.46,47780.00,47850.00,854.301,1633201199999,40867765.61836,12462,519.757,24865887.85975,0
1633201200000,47850.71,48159.88,47849.04,48123.16,3815.020,1633202099999,183184060.08263,36666,2366.659,113623839.74609,0
1633202100000,48123.15,48169.98,48043.77,48120.74,2127.361,1633202999999,102365259.68658,23177,913.005,43934840.31274,0
1633203000000,48120.74,48238.15,48100.00,48175.69,2221.099,1633203899999,107011653.17143,25819,1236.236,59560958.36209,0
1633203900000,48173.40,48236.33,48033.20,48234.41,2477.401,1633204799999,119218592.68321,24336,1071.416,51561875.71546,0
1633204800000,48233.07,48254.68,47933.23,48017.68,2555.172,1633205699999,122832649.99862,28072,1027.882,49422555.49215,0
1633205700000,48017.67,48107.57,47869.70,47918.78,1891.455,1633206599999,90752395.63582,23541,1031.482,49502543.58827,0
1633206600000,47918.77,48053.20,47915.01,47945.14,1787.513,1633207499999,85758164.03535,18804,1124.697,53960602.94118,0
1633207500000,47945.14,48069.99,47945.13,47989.48,879.845,1633208399999,42250635.84783,13474,455.260,21861816.23565,0
1633208400000,47989.49,48099.99,47989.48,48066.48,846.154,1633209299999,40657826.14884,11825,564.254,27110720.89388,0
1633209300000,48066.49,48084.93,47985.06,48012.08,636.906,1633210199999,30592754.25839,11690,243.322,11688097.75620,0
1633210200000,48012.45,48075.00,48010.36,48013.20,437.668,1633211099999,21029126.27103,8588,188.338,9049204.18572,0
1633211100000,48013.21,48154.93,48013.20,48107.08,785.845,1633211999999,37799026.90694,10870,475.431,22867547.31264,0
1633212000000,48108.57,48270.20,48042.34,48181.40,2154.874,1633212899999,103799504.15538,23660,1157.688,55780855.59141,0
1633212900000,48181.40,48240.92,48116.80,48182.14,1137.885,1633213799999,54831452.02300,14770,612.890,29531969.47477,0
1633213800000,48182.15,48205.00,48069.00,48070.49,914.313,1633214699999,44003908.78222,12355,397.106,19113686.74709,0
1633214700000,48070.48,48168.99,48042.59,48049.28,855.099,1633215599999,41133706.65091,12704,404.495,19459874.56137,0
1633215600000,48049.28,48175.99,48040.00,48121.93,1044.894,1633216499999,50276220.64891,12064,538.321,25901944.19928,0
1633216500000,48121.93,48139.06,47741.00,47785.00,3790.762,1633217399999,181604053.65293,37614,1369.479,65580960.28599,0
1633217400000,47785.00,47820.00,47536.67,47666.21,5518.234,1633218299999,263042616.73921,64358,2689.307,128205885.46166,0
1633218300000,47666.20,47737.59,47576.01,47626.61,2110.548,1633219199999,100601960.61650,28471,1036.261,49398616.14720,0
1633219200000,47626.62,47794.00,47611.48,47698.01,2159.757,1633220099999,103048163.56167,29695,1125.373,53696551.88977,0
1633220100000,47698.02,47761.40,47632.05,47727.84,1404.586,1633220999999,67013158.37811,19680,540.790,25802293.18219,0
1633221000000,47727.84,47755.61,47466.02,47507.63,2772.893,1633221899999,131953989.72584,34457,1011.301,48129248.08741,0
1633221900000,47509.28,47576.20,47071.26,47255.75,9921.953,1633222799999,468773108.24985,89133,4461.501,210787524.68229,0
1633222800000,47255.74,47396.66,47243.01,47285.51,2005.737,1633223699999,94930131.42115,24449,1030.433,48772640.60134,0
1633223700000,47285.50,47394.88,47215.15,47321.50,2192.839,1633224599999,103724183.40415,24621,1119.863,52973308.53991,0
1633224600000,47321.50,47480.00,47295.00,47461.01,1817.718,1633225499999,86151884.77723,22903,1228.386,58226018.64540,0
1633225500000,47461.50,47601.78,47451.97,47507.28,2299.555,1633226399999,109306292.61486,27478,1317.831,62645710.38232,0
1633226400000,47507.29,47758.04,47483.98,47689.99,2760.186,1633227299999,131500947.73829,30346,1739.317,82879418.43767,0
1633227300000,47689.99,47720.11,47622.74,47714.00,1148.222,1633228199999,54737442.71564,16752,511.412,24381975.54309,0
1633228200000,47714.01,47718.45,47550.00,47592.94,1258.640,1633229099999,59940776.71845,16247,472.768,22513761.63362,0
1633229100000,47592.95,47688.54,47532.00,47617.00,1186.899,1633229999999,56499864.07141,17804,705.296,33580331.01635,0
1633230000000,47617.00,47638.00,47535.00,47571.30,862.871,1633230899999,41052188.77232,13491,423.789,20163502.05738,0
1633230900000,47571.30,47680.00,47552.10,47586.49,904.874,1633231799999,43076278.33988,13916,456.921,21754399.85290,0
1633231800000,47586.49,47720.81,47586.49,47710.22,873.031,1633232699999,41600000.40041,13937,563.317,26843257.98470,0
1633232700000,47710.23,47963.00,47631.78,47890.05,3115.735,1633233599999,149009647.44669,33820,1848.656,88404288.33623,0
1633233600000,47890.05,47920.00,47776.58,47874.83,1200.491,1633234499999,57429937.35854,19492,564.359,27002415.16087,0
1633234500000,47874.84,47927.31,47790.03,47853.49,798.689,1633235399999,38210660.52560,14380,414.236,19818910.79573,0
1633235400000,47853.50,47916.60,47818.00,47849.51,803.003,1633236299999,38432349.52827,13238,466.828,22345005.00175,0
1633236300000,47849.51,47958.88,47838.65,47877.01,1125.555,1633237199999,53906319.64219,16927,608.021,29122395.17397,0
1633237200000,47877.01,47994.91,47848.36,47955.88,1271.927,1633238099999,60978540.12877,18790,773.296,37075410.92711,0
1633238100000,47955.88,47999.99,47887.50,47946.00,1140.610,1633238999999,54691253.07281,18963,513.057,24603252.10682,0
1633239000000,47946.01,48080.00,47943.96,48041.14,1948.696,1633239899999,93612735.34992,28192,1098.520,52771460.25633,0
1633239900000,48041.13,48068.92,47950.00,47972.28,1168.719,1633240799999,56102326.71545,18207,498.946,23952532.59343,0
1633240800000,47972.27,47978.50,47881.12,47920.51,1580.492,1633241699999,75741420.60942,20075,666.288,31931895.52421,0
1633241700000,47920.51,47966.00,47910.81,47943.89,650.486,1633242599999,31181980.13329,11875,352.979,16921558.82689,0
1633242600000,47943.90,48015.55,47925.02,47973.33,709.866,1633243499999,34063995.39189,13674,377.664,18122489.74105,0
1633243500000,47973.33,48040.00,47920.12,47953.00,1073.927,1633244399999,51527261.04782,15924,437.435,20991693.88559,0
1633244400000,47953.00,47953.50,47847.00,47870.74,1206.153,1633245299999,57770702.32365,17902,590.353,28277109.93310,0
1633245300000,47870.74,47905.25,47778.27,47828.00,1358.585,1633246199999,64999925.19006,19910,607.962,29092076.11340,0
1633246200000,47828.00,47896.42,47806.48,47851.49,856.880,1633247099999,40999366.57198,14568,492.648,23573806.17052,0
1633247100000,47851.49,47910.00,47833.12,47874.99,839.434,1633247999999,40189225.70396,13586,428.434,20512772.37034,0
1633248000000,47875.00,47955.31,47844.13,47955.18,1022.097,1633248899999,48964277.31338,15229,559.726,26814780.09576,0
1633248900000,47955.31,47962.18,47906.00,47942.58,745.910,1633249799999,35757324.35833,13505,341.359,16364194.81248,0
1633249800000,47942.57,47942.83,47830.01,47842.06,864.924,1633250699999,41423847.97911,14042,379.519,18176661.42607,0
1633250700000,47842.06,47884.80,47801.10,47811.00,1086.726,1633251599999,51988564.93258,17034,520.760,24915797.99091,0
1633251600000,47811.00,47812.00,47601.26,47640.00,3091.440,1633252499999,147481226.57340,39560,1137.796,54280455.23822,0
1633252500000,47640.23,47756.26,47622.02,47729.75,1822.725,1633253399999,86947680.74587,25016,1089.065,51951643.16552,0
1633253400000,47729.74,47854.14,47661.01,47722.63,1866.044,1633254299999,89140927.96504,24907,947.901,45288877.43227,0
1633254300000,47722.62,47817.42,47660.64,47817.42,1133.135,1633255199999,54100957.81144,16977,608.244,29037201.96329,0
1633255200000,47817.42,47880.00,47711.14,47873.60,1072.838,1633256099999,51281274.11062,17185,604.255,28887713.96361,0
1633256100000,47873.61,47939.70,47860.88,47898.23,1631.310,1633256999999,78137190.87180,21728,793.202,37994506.10722,0
1633257000000,47898.23,47900.00,47800.03,47847.66,941.202,1633257899999,45032322.87571,15095,432.087,20674929.74615,0
1633257900000,47847.66,47869.62,47750.00,47800.00,1019.237,1633258799999,48714522.94868,16776,492.775,23553427.97743,0
1633258800000,47800.00,48029.22,47763.00,47927.10,2449.090,1633259699999,117358303.74001,27182,1510.016,72369558.28908,0
1633259700000,47925.72,48027.00,47894.05,47980.00,1631.766,1633260599999,78266713.87352,21765,861.725,41336018.44642,0
1633260600000,47980.01,48004.57,47922.33,47993.86,975.294,1633261499999,46779610.62825,15562,506.964,24319824.92193,0
1633261500000,47993.86,47998.56,47908.00,47961.48,819.297,1633262399999,39289996.55486,14333,377.114,18085641.36495,0
1633262400000,47961.47,48018.50,47900.00,47973.83,1165.729,1633263299999,55905714.66694,18209,618.375,29657170.79520,0
1633263300000,47973.84,48017.11,47800.00,47838.50,1952.907,1633264199999,93520160.38062,24741,775.687,37147469.37406,0
1633264200000,47838.50,48021.90,47838.50,47976.90,1620.254,1633265099999,77679639.59608,20083,957.059,45885778.70719,0
1633265100000,47976.89,48090.30,47943.24,47947.51,1849.672,1633265999999,88819659.42432,25626,1004.273,48229427.13433,0
1633266000000,47947.99,47998.94,47832.76,47910.55,1828.987,1633266899999,87615468.97887,24117,831.929,39854833.00203,0
1633266900000,47910.55,48062.00,47894.60,48014.66,1848.788,1633267799999,88735396.07513,24779,985.479,47296581.38998,0
1633267800000,48014.67,48150.00,47944.87,48119.50,3066.854,1633268699999,147404669.84891,35450,1971.419,94759128.07986,0
1633268700000,48119.49,48139.66,48020.57,48041.83,1527.425,1633269599999,73429908.76495,21214,709.084,34089542.00724,0
1633269600000,48041.84,48100.00,47975.00,48029.90,1497.381,1633270499999,71905385.03313,21774,746.054,35831071.89941,0
1633270500000,48029.90,48037.28,47932.41,47982.50,979.589,1633271399999,46999302.83221,17510,483.375,23192317.58456,0
1633271400000,47982.49,47998.39,47924.03,47995.59,955.244,1633272299999,45821178.73033,16754,485.118,23272454.06015,0
1633272300000,47996.00,48028.52,47880.80,47956.01,1577.026,1633273199999,75603729.97563,24235,777.387,37273614.66702,0
1633273200000,47956.03,47991.21,47888.00,47980.98,1058.400,1633274099999,50736265.84778,18355,557.062,26706993.06152,0
1633274100000,47981.75,48018.57,47847.69,47886.72,1587.760,1633274999999,76080454.36279,22720,687.921,32967785.28036,0
1633275000000,47887.74,47943.39,47800.00,47800.00,1721.006,1633275899999,82370364.10232,27215,667.091,31936339.99291,0
1633275900000,47800.00,47874.00,47790.42,47863.50,1322.575,1633276799999,63263363.97579,20713,706.102,33777142.83930,0
1633276800000,47863.51,47947.48,47809.00,47851.01,1500.306,1633277699999,71826262.62613,23015,725.136,34720593.90061,0
1633277700000,47851.01,47970.00,47850.01,47942.99,1284.322,1633278599999,61553070.58372,20230,745.821,35745682.80349,0
1633278600000,47943.00,47965.46,47876.77,47931.01,671.317,1633279499999,32170850.89075,14603,321.149,15391040.80075,0
1633279500000,47931.01,48060.67,47931.00,48017.52,2457.061,1633280399999,117955800.98645,27664,1459.487,70065441.37503,0
1633280400000,48017.51,48087.00,47980.00,48076.19,1277.079,1633281299999,61350907.88630,21479,679.724,32655012.24409,0
1633281300000,48076.20,48120.65,47996.69,48029.50,1734.799,1633282199999,83371887.93249,21726,803.830,38636234.86095,0
1633282200000,48029.50,48042.00,47922.33,47999.27,1607.084,1633283099999,77128103.82007,20888,892.256,42823788.83315,0
1633283100000,47999.28,49304.12,47995.00,48922.00,27848.412,1633283999999,1359144585.53954,235050,16605.654,810040612.80077,0
1633284000000,48921.99,49179.19,48760.40,48808.44,9481.353,1633284899999,464513394.76840,94232,4464.663,218777016.07163,0
1633284900000,48808.44,48990.00,48546.90,48972.90,5607.095,1633285799999,273549031.57194,61328,3017.820,147257762.91021,0
1633285800000,48972.91,48979.06,48871.01,48932.04,1747.713,1633286699999,85518169.18184,25170,697.462,34131520.98341,0
1633286700000,48932.03,48935.75,48780.00,48830.01,1783.512,1633287599999,87111374.88267,23291,804.047,39273890.37235,0
1633287600000,48830.00,48924.96,48793.50,48885.86,1617.657,1633288499999,79045502.54657,19724,898.856,43927272.08304,0
1633288500000,48885.86,48966.33,48822.62,48852.59,1043.012,1633289399999,51008660.35618,15358,465.412,22764609.12218,0
1633289400000,48852.59,48938.00,48849.27,48897.44,805.669,1633290299999,39387150.73341,12903,425.736,20814008.48304,0
1633290300000,48897.44,48915.00,48710.31,48774.37,1897.371,1633291199999,92576257.19141,20973,815.561,39798823.96753,0
1633291200000,48774.38,48835.25,48673.00,48712.94,1463.846,1633292099999,71368815.11098,19102,643.135,31359905.43702,0
1633292100000,48712.94,48740.94,48620.66,48634.50,1786.731,1633292999999,86974067.97301,20736,866.379,42181867.28880,0
1633293000000,48634.51,48745.01,48550.00,48699.83,2177.556,1633293899999,105920266.63642,24319,1173.108,57067752.37860,0
1633293900000,48699.84,48708.40,48415.00,48436.27,2854.872,1633294799999,138583337.26127,32540,1158.124,56225213.48027,0
1633294800000,48436.26,48465.88,47765.04,47976.55,11080.986,1633295699999,532902704.33921,95747,4940.525,237589783.49654,0
1633295700000,47976.55,48077.77,47817.34,47953.99,4530.548,1633296599999,217281018.94815,40752,2374.986,113910477.13852,0
1633296600000,47953.66,48038.00,47619.45,47722.46,3574.315,1633297499999,171001202.90423,38665,1428.455,68376664.28891,0
1633297500000,47720.40,47843.33,47608.55,47760.27,3644.207,1633298399999,173895510.16906,35655,1974.611,94223646.96681,0
1633298400000,47761.71,48032.03,47700.00,47989.98,3527.686,1633299299999,169076034.76454,34298,1975.038,94658208.63540,0
1633299300000,47989.99,48160.32,47945.80,48128.89,2538.502,1633300199999,122096199.92474,29273,1406.048,67630432.03472,0
1633300200000,48128.90,48189.00,48053.09,48053.54,1571.045,1633301099999,75585117.42512,22305,628.807,30257671.51882,0
1633301100000,48053.55,48110.44,47895.83,47975.00,2086.181,1633301999999,100074433.35211,24730,793.388,38061400.88126,0
1633302000000,47974.99,48186.18,47866.77,48183.39,1990.286,1633302899999,95537401.85450,25336,1169.642,56156714.59925,0
1633302900000,48183.39,48324.00,48060.95,48136.53,2590.023,1633303799999,124820580.20046,31301,1375.274,66296294.89660,0
1633303800000,48136.54,48255.00,48093.88,48227.61,1177.608,1633304699999,56742636.92218,21386,624.615,30096811.40758,0
1633304700000,48226.63,48230.00,48115.00,48187.30,1300.580,1633305599999,62649218.95463,17615,556.284,26797650.67597,0
1633305600000,48187.99,48268.98,48080.11,48127.00,2566.237,1633306499999,123583615.19824,31168,1168.121,56262234.64700,0
1633306500000,48126.01,48137.16,47973.07,48113.00,2201.610,1633307399999,105814116.29311,26346,1238.367,59524239.85153,0
1633307400000,48113.00,48117.57,47857.00,47890.81,2154.199,1633308299999,103365684.86815,25520,937.418,44995141.81964,0
1633308300000,47890.81,47996.44,47825.11,47855.01,1860.958,1633309199999,89173653.96488,24581,895.579,42921114.85204,0
1633309200000,47855.01,47982.31,47714.00,47915.04,2725.666,1633310099999,130395525.89140,31912,1435.157,68676120.86626,0
1633310100000,47916.00,48182.90,47858.64,48041.01,2960.996,1633310999999,142266170.48512,28440,1680.068,80731770.61535,0
1633311000000,48041.01,48041.01,47757.26,47909.61,2648.649,1633311899999,126831079.80687,28089,1218.190,58327960.16401,0
1633311900000,47905.54,47915.20,47777.46,47819.33,1445.082,1633312799999,69123990.31319,17252,617.622,29544671.64773,0
1633312800000,47819.43,47875.65,47718.00,47857.53,2803.866,1633313699999,133977021.93715,26992,1294.875,61881856.96186,0
1633313700000,47857.52,47879.00,47623.54,47645.99,2598.276,1633314599999,123998832.84035,26494,767.313,36629193.91171,0
1633314600000,47645.99,47790.96,47578.04,47749.99,2272.083,1633315499999,108391266.89016,25931,1139.088,54346822.90773,0
1633315500000,47750.00,47768.63,47549.38,47673.82,2129.738,1633316399999,101489989.88583,23854,979.390,46676098.18684,0
1633316400000,47673.82,47682.00,47284.66,47532.47,5329.295,1633317299999,252908377.33177,54206,2365.576,112278072.20236,0
1633317300000,47530.93,47761.22,47524.35,47696.09,2621.180,1633318199999,124954867.53903,29220,1609.905,76741537.30803,0
1633318200000,47695.01,47772.77,47565.03,47568.72,1594.277,1633319099999,75999309.44230,20805,604.303,28814425.68825,0
1633319100000,47568.72,47623.26,47452.01,47457.68,1588.086,1633319999999,75471777.55182,21660,779.720,37056148.48154,0
1633320000000,47457.30,47599.51,47214.58,47574.28,6958.109,1633320899999,329708397.40382,61309,3744.379,177498051.03423,0
1633320900000,47574.28,47644.53,47431.13,47590.83,3143.084,1633321799999,149444493.83904,30634,1744.742,82964135.15677,0
1633321800000,47590.82,47759.10,47580.04,47728.68,3047.768,1633322699999,145348418.77075,29124,1500.188,71546077.99187,0
1633322700000,47728.68,47836.79,47693.23,47740.01,2435.648,1633323599999,116319124.54608,25377,1247.146,59565178.16994,0
1633323600000,47743.76,47848.14,47721.10,47740.59,1351.792,1633324499999,64580792.64637,19018,690.194,32975925.41223,0
1633324500000,47740.60,47840.00,47739.50,47765.28,924.909,1633325399999,44198148.28092,14774,482.227,23045829.31746,0
1633325400000,47765.29,47797.03,47700.02,47769.98,1244.870,1633326299999,59430244.20301,16402,632.027,30174346.65002,0
1633326300000,47769.98,47841.06,47707.45,47758.20,1041.780,1633327199999,49778655.60505,14751,543.856,25987266.15164,0
1633327200000,47758.19,47761.00,47596.92,47634.16,1768.666,1633328099999,84294268.03240,22821,878.908,41889446.40279,0
1633328100000,47634.16,47642.41,47551.00,47574.17,1461.002,1633328999999,69521620.90731,19304,754.681,35913613.27164,0
1633329000000,47574.00,47826.00,47573.99,47712.84,1671.079,1633329899999,79738063.81908,21838,964.466,46019635.31040,0
1633329900000,47712.83,47789.10,47662.00,47698.12,1116.331,1633330799999,53277361.87439,16525,578.401,27606112.96302,0
1633330800000,47698.12,47747.75,47589.88,47714.51,1503.655,1633331699999,71659476.05240,18958,729.923,34783190.14253,0
1633331700000,47714.51,47778.00,47630.00,47774.11,1038.687,1633332599999,49558796.27803,14302,610.843,29146272.56561,0
1633332600000,47774.11,47784.79,47670.22,47680.12,883.912,1633333499999,42200679.18856,13986,444.837,21238602.26318,0
1633333500000,47680.11,47860.50,47668.03,47836.39,1458.110,1633334399999,69648513.69876,17124,1020.287,48743856.65998,0
1633334400000,47836.40,47941.50,47750.00,47750.00,2976.942,1633335299999,142442967.09508,32720,1585.953,75903490.81185,0
1633335300000,47750.01,47842.02,47711.00,47713.49,1059.373,1633336199999,50610970.20128,15975,542.271,25908523.40960,0
1633336200000,47713.50,47722.29,47491.00,47501.40,3165.294,1633337099999,150664002.68947,30840,1275.662,60727160.84079,0
1633337100000,47501.39,47659.64,47476.26,47652.75,2211.461,1633337999999,105191209.55926,25077,1315.016,62558157.57585,0
1633338000000,47652.76,47699.60,47520.00,47563.74,1434.795,1633338899999,68292884.03208,18449,661.344,31478261.39706,0
1633338900000,47563.74,47692.34,47563.50,47675.77,951.353,1633339799999,45327025.30114,14752,432.231,20592079.81728,0
1633339800000,47675.76,47742.99,47601.00,47675.56,1156.020,1633340699999,55107865.04923,17520,589.193,28086588.41275,0
1633340700000,47675.56,47720.00,47620.79,47717.93,796.277,1633341599999,37970106.12755,13111,377.537,18003678.70931,0
1633341600000,47717.94,47739.73,47612.00,47626.31,930.027,1633342499999,44345569.37297,14347,447.392,21333521.40644,0
1633342500000,47626.31,47710.00,47480.00,47709.59,2062.024,1633343399999,98085966.57848,25483,1016.657,48366197.61320,0
1633343400000,47710.00,47738.50,47526.32,47526.33,1557.731,1633344299999,74138694.39520,18010,580.792,27635102.04856,0
1633344300000,47526.33,47645.41,47492.00,47616.82,1685.750,1633345199999,80173296.31250,20180,790.109,37582479.33759,0
1633345200000,47617.34,47670.00,47452.00,47470.01,1891.036,1633346099999,89870118.83189,23258,850.362,40415540.77108,0
1633346100000,47470.01,47568.38,47400.00,47413.91,1870.869,1633346999999,88839441.59564,24767,829.752,39403748.54934,0
1633347000000,47413.92,47547.45,47349.34,47441.27,2558.830,1633347899999,121422308.17698,30279,1185.428,56257182.22104,0
1633347900000,47441.28,47622.19,47441.27,47570.00,1482.859,1633348799999,70508735.74433,21759,859.140,40853983.41228,0
1633348800000,47569.99,47713.38,47440.54,47663.29,2703.221,1633349699999,128699473.70992,33250,1389.044,66134872.03714,0
1633349700000,47662.33,47739.73,47608.87,47724.75,1422.359,1633350599999,67808464.60345,20713,766.046,36524007.01699,0
1633350600000,47724.76,47784.99,47633.03,47688.28,1471.872,1633351499999,70202140.69092,19532,631.139,30105906.89490,0
1633351500000,47688.28,47814.94,47658.58,47702.39,1635.424,1633352399999,78088996.31968,24026,895.172,42749974.97590,0
1633352400000,47702.38,47830.00,47670.62,47806.21,1690.699,1633353299999,80773435.63586,24957,949.236,45350292.89266,0
1633353300000,47806.42,47870.00,47683.41,47807.01,1839.617,1633354199999,87898964.81004,26589,965.951,46162671.07819,0
1633354200000,47807.48,47996.11,47754.47,47878.23,3493.005,1633355099999,167314525.30947,45527,1879.354,90030506.03428,0
1633355100000,47878.24,48160.00,47777.01,48101.09,3155.783,1633355999999,151288903.29207,45971,2092.842,100361155.02430,0
1633356000000,48100.00,48500.00,47901.25,48121.50,12013.990,1633356899999,579224624.66831,117932,6007.399,289676485.88853,0
1633356900000,48121.50,48328.10,48112.54,48184.01,3640.952,1633357799999,175637073.82628,39177,2011.798,97054942.00746,0
1633357800000,48184.01,48218.73,47570.69,47727.46,9416.340,1633358699999,450311824.51325,85595,4343.152,207647677.85228,0
1633358700000,47727.47,47738.96,47250.00,47452.16,10699.849,1633359599999,507660796.33101,98735,4904.243,232682920.96748,0
1633359600000,47452.15,47581.68,46885.29,47502.19,17135.364,1633360499999,808812581.64895,156888,8302.169,392095654.00208,0
1633360500000,47502.19,47647.00,47308.00,47475.00,7124.753,1633361399999,338327154.04130,64008,3471.395,164862993.65775,0
1633361400000,47475.27,47689.65,47450.00,47623.14,4587.081,1633362299999,218260930.63278,42794,2336.968,111204357.91717,0
1633362300000,47623.13,47795.00,47500.32,47747.79,3147.707,1633363199999,149980066.78475,35081,1783.531,85011036.27070,0
1633363200000,47747.79,48154.00,47680.61,48141.37,7733.653,1633364099999,370562815.65174,69990,4525.777,216892705.88139,0
1633364100000,48141.37,48840.00,48141.36,48647.42,15672.369,1633364999999,760280493.99204,135976,8542.029,414385971.22954,0
1633365000000,48647.42,48916.00,48500.00,48522.57,8828.119,1633365899999,429882580.21845,86646,3855.467,187834216.36609,0
1633365900000,48522.57,48718.83,48420.00,48573.49,4902.177,1633366799999,238063601.40500,45506,2638.261,128145086.89930,0
1633366800000,48568.37,48680.50,48168.00,48403.90,8074.643,1633367699999,390756791.47422,72356,3754.906,181752902.26561,0
1633367700000,48403.89,48638.72,48312.71,48521.36,2917.669,1633368599999,141410462.31986,35231,1692.219,82029915.34054,0
1633368600000,48521.36,49150.00,48521.36,48835.67,10447.032,1633369499999,510933630.64415,103603,5682.333,277927897.12736,0
1633369500000,48836.26,49544.48,48830.00,49287.87,12031.225,1633370399999,592896429.62543,112046,6733.030,331812142.87850,0
1633370400000,49287.88,49469.60,49000.00,49140.10,6947.917,1633371299999,341964777.73015,74871,3365.181,165641961.26781,0
1633371300000,49140.10,49393.83,49105.00,49201.94,3848.649,1633372199999,189454773.28538,41038,2070.617,101951611.13510,0
1633372200000,49201.93,49450.00,49155.00,49342.11,2984.323,1633373099999,147053810.30965,35838,1621.106,79897273.67615,0
1633373100000,49342.10,49500.00,49209.41,49304.97,4032.423,1633373999999,199133661.54692,45445,1830.076,90390419.72958,0
1633374000000,49304.97,49450.00,49089.49,49131.00,3453.187,1633374899999,170207638.07461,40072,1581.423,77970206.07428,0
1633374900000,49131.12,49244.22,48915.00,48941.64,4368.850,1633375799999,214259981.84156,49276,1991.963,97709668.95370,0
1633375800000,48942.18,49250.00,48942.17,49237.71,2820.692,1633376699999,138524376.36109,33683,1730.494,84984925.56047,0
1633376700000,49237.70,49380.00,49145.25,49374.94,2563.758,1633377599999,126271049.93631,32214,1382.027,68077532.36569,0
1633377600000,49368.39,49479.52,49134.53,49275.81,3483.337,1633378499999,171660440.02399,40477,1772.407,87376262.06005,0
1633378500000,49275.82,49400.00,49225.73,49249.26,1737.872,1633379399999,85713139.76679,24223,855.069,42180116.80248,0
1633379400000,49251.81,49266.53,49041.60,49090.43,2593.343,1633380299999,127355058.18032,31258,1203.507,59103230.49293,0
1633380300000,49090.43,49171.67,48985.55,49014.31,1445.167,1633381199999,70917997.27097,21437,656.590,32226099.10882,0
1633381200000,49012.36,49168.00,48930.00,48949.40,2030.376,1633382099999,99553924.90850,25364,940.410,46119739.79804,0
1633382100000,48949.40,49108.54,48943.10,49022.11,1473.135,1633382999999,72214706.79540,20113,820.563,40228923.09532,0
1633383000000,49022.07,49058.09,48551.07,48782.14,3553.183,1633383899999,173340022.38612,38153,1356.364,66179754.04267,0
1633383900000,48783.76,48943.53,48566.06,48928.66,3037.811,1633384799999,148213592.60869,32264,1716.696,83781388.61334,0
1633384800000,48928.66,49056.88,48746.87,48803.58,2395.868,1633385699999,117138271.82445,27779,1067.987,52240744.73235,0
1633385700000,48803.57,48942.75,48788.08,48896.14,1251.835,1633386599999,61174574.79724,15977,687.521,33599242.36244,0
1633386600000,48896.14,48999.53,48724.90,48752.09,1926.767,1633387499999,94114099.90736,20434,899.934,43971258.27425,0
1633387500000,48753.68,48942.79,48680.00,48897.51,1598.687,1633388399999,78068278.10703,20935,731.259,35712037.29921,0
1633388400000,48897.52,49142.00,48880.00,49073.09,2729.377,1633389299999,133808986.96634,27911,1590.262,77976135.18397,0
1633389300000,49073.09,49415.05,49072.34,49308.59,4288.163,1633390199999,211331113.21116,42806,2529.149,124647625.15476,0
1633390200000,49308.60,49423.23,49265.00,49345.05,2202.990,1633391099999,108752993.96462,26785,1072.729,52959955.40663,0
1633391100000,49345.05,49371.47,49016.18,49198.22,3531.983,1633391999999,173686018.41731,35277,1436.235,70634937.72544,0
1633392000000,49199.78,49410.00,49009.21,49341.31,4366.576,1633392899999,215021582.30719,44300,2339.295,115187303.34266,0
1633392900000,49341.31,49476.53,49264.06,49276.50,2289.764,1633393799999,113028545.99610,28084,1147.830,56678673.73294,0
1633393800000,49276.51,49888.00,49152.61,49575.05,8508.032,1633394699999,421747889.90540,80533,5299.599,262820083.47907,0
1633394700000,49575.05,49773.49,49466.75,49515.85,4031.659,1633395599999,200078951.94961,43450,1835.081,91085694.02168,0
1633395600000,49515.86,49592.53,49326.79,49471.01,2647.876,1633396499999,130879006.93547,30364,1375.998,68016726.93366,0
1633396500000,49471.00,49471.00,49300.72,49391.99,2131.892,1633397399999,105298584.20962,19387,707.265,34933995.08416,0
1633397400000,49392.00,49401.36,49150.00,49215.24,2186.480,1633398299999,107678136.86828,26159,1085.337,53450611.41622,0
1633398300000,49215.24,49287.00,49182.15,49230.55,1404.401,1633399199999,69160735.72319,17107,742.710,36577341.81408,0
1633399200000,49226.84,49270.16,49040.05,49131.90,2443.096,1633400099999,120003224.63259,25160,1228.796,60354968.72129,0
1633400100000,49131.89,49307.39,49101.95,49306.61,1160.218,1633400999999,57080172.91099,17527,630.531,31025235.67894,0
1633401000000,49306.62,49369.61,49142.18,49214.59,1392.818,1633401899999,68609480.31183,20173,694.791,34233918.39913,0
1633401900000,49214.60,49344.64,49195.11,49302.31,1118.055,1633402799999,55110377.53826,17025,577.872,28484440.02054,0
1633402800000,49302.31,49465.00,49274.20,49312.06,2523.694,1633403699999,124599976.33921,24457,1208.071,59647816.61414,0
1633403700000,49312.06,49372.43,49201.00,49264.11,1190.616,1633404599999,58662977.01003,16871,584.018,28779187.24167,0
1633404600000,49264.11,49287.03,49110.00,49160.70,1855.266,1633405499999,91223645.40060,21001,806.849,39674424.98446,0
1633405500000,49160.71,49279.00,49135.56,49277.76,938.262,1633406399999,46158227.92471,13085,601.005,29566884.82520,0
1633406400000,49277.77,49305.60,49142.69,49271.19,1094.357,1633407299999,53876240.43845,15565,528.776,26035792.86131,0
1633407300000,49271.18,49299.94,49142.88,49190.89,1180.164,1633408199999,58080690.00477,14388,508.980,25051265.99333,0
1633408200000,49190.89,49228.00,49125.09,49141.97,1347.597,1633409099999,66255357.90757,14191,585.207,28770983.38392,0
1633409100000,49142.02,49175.00,49061.00,49143.06,1336.913,1633409999999,65657338.93533,19834,586.957,28827845.35464,0
1633410000000,49143.05,49270.00,49114.15,49260.00,1378.068,1633410899999,67828259.20335,18303,751.671,36996813.36401,0
1633410900000,49259.80,49331.32,49228.34,49295.57,1078.721,1633411799999,53153450.92834,15661,576.508,28409240.43879,0
1633411800000,49296.04,49391.51,49160.32,49266.51,2324.698,1633412699999,114555817.38606,21574,1323.601,65226371.36989,0
1633412700000,49266.51,49334.43,49234.08,49293.70,1084.297,1633413599999,53444056.49211,13237,573.007,28242373.18756,0
1633413600000,49293.71,49364.80,49224.70,49323.95,1178.355,1633414499999,58101570.73711,15649,678.840,33475578.02561,0
1633414500000,49323.94,49410.60,49277.44,49406.81,1097.591,1633415399999,54156531.80502,14059,587.972,29014718.43873,0
1633415400000,49406.80,49443.00,49344.65,49370.40,1425.981,1633416299999,70436483.25303,18763,702.218,34689556.03992,0
1633416300000,49370.41,49380.75,49260.00,49277.79,1228.019,1633417199999,60565760.58977,16044,504.195,24869279.87894,0
1633417200000,49277.80,49413.92,49221.00,49385.08,1276.740,1633418099999,62987635.64074,16709,740.495,36534275.40650,0
1633418100000,49385.08,49657.38,49384.46,49557.09,4274.047,1633418999999,211650212.22520,41287,2411.127,119396827.98841,0
1633419000000,49557.08,49573.00,49419.29,49441.71,1633.053,1633419899999,80786875.12279,20232,617.284,30538908.72138,0
1633419900000,49441.72,49509.43,49366.66,49447.41,1532.129,1633420799999,75737622.06088,19220,658.512,32559865.99382,0
1633420800000,49444.97,49555.20,49360.00,49551.30,1635.879,1633421699999,80902623.86695,21551,825.016,40805646.63535,0
1633421700000,49551.31,49585.00,49430.00,49452.41,1431.250,1633422599999,70868390.33751,20955,651.118,32241655.49627,0
1633422600000,49452.67,49877.55,49441.65,49807.18,5475.661,1633423499999,272244166.81408,56369,3508.486,174474036.02275,0
1633423500000,49807.18,49950.00,49700.54,49901.49,5617.808,1633424399999,279885447.93156,59619,3011.964,150098553.90474,0
1633424400000,49900.96,49985.00,49773.69,49860.04,4999.682,1633425299999,249318382.43539,51125,2424.837,120939315.42632,0
1633425300000,49860.03,50095.10,49560.00,49736.67,9084.181,1633426199999,452453620.00983,81958,4548.827,226639816.16721,0
1633426200000,49738.30,50248.02,49673.14,50176.28,8232.597,1633427099999,411791656.89078,77559,4859.338,243164138.45544,0
1633427100000,50176.28,50310.00,50036.49,50240.03,7265.127,1633427999999,364765812.80463,80084,3499.421,175733405.23579,0
1633428000000,50240.03,50299.18,50095.81,50250.00,3680.186,1633428899999,184749791.72408,42234,1650.378,82859917.91067,0
1633428900000,50249.99,50364.38,50057.22,50213.24,4051.304,1633429799999,203323701.60716,45475,2069.298,103893780.34232,0
1633429800000,50213.23,50247.09,50032.89,50064.25,2050.538,1633430699999,102775813.68482,27519,874.034,43811681.14829,0
1633430700000,50064.25,50064.25,49823.08,49985.42,5239.350,1633431599999,261731347.91042,55197,2695.702,134682508.19666,0
1633431600000,49985.42,50052.50,49918.67,50050.01,2510.336,1633432499999,125494411.61277,30092,1309.005,65444858.40050,0
1633432500000,50050.00,50118.33,50017.34,50077.89,2117.965,1633433399999,106071565.42070,25451,1177.589,58978027.72440,0
1633433400000,50077.91,50080.00,49863.00,49870.58,2388.298,1633434299999,119331679.19603,27920,935.081,46725066.05527,0
1633434300000,49870.57,49970.00,49773.82,49850.00,2441.543,1633435199999,121780088.84160,27708,1053.509,52556298.59175,0
1633435200000,49849.99,49895.84,49656.00,49843.72,4450.950,1633436099999,221631373.01015,43628,2033.756,101290219.69266,0
1633436100000,49843.73,49959.90,49820.74,49888.27,2218.359,1633436999999,110694015.29672,25531,1289.277,64337110.40233,0
1633437000000,49888.27,50062.32,49826.10,50037.59,2328.517,1633437899999,116303440.50566,26977,1300.634,64971209.96519,0
1633437900000,50037.59,50080.00,49935.53,49966.87,2042.475,1633438799999,102114078.48488,23204,926.802,46341792.22241,0
1633438800000,49966.87,49980.50,49751.00,49975.33,2749.617,1633439699999,137093898.55592,30564,1378.337,68730505.48917,0
1633439700000,49975.32,50068.84,49865.00,49876.87,2564.675,1633440599999,128157714.67401,27844,1193.608,59651577.72351,0
1633440600000,49876.87,50110.00,49876.87,49999.97,2687.775,1633441499999,134416378.87514,28615,1492.615,74642895.09843,0
1633441500000,49999.97,50285.00,49997.16,50175.00,4744.212,1633442399999,238013612.71833,48999,2423.773,121602257.85887,0
1633442400000,50175.00,50344.77,50060.02,50163.88,3803.338,1633443299999,190885760.75414,41487,1877.251,94238167.03674,0
1633443300000,50164.89,50258.78,49915.98,49946.20,3670.574,1633444199999,183791096.77369,42243,1613.914,80818761.00610,0
1633444200000,49946.20,49992.80,49574.23,49818.84,7559.497,1633445099999,376195556.65398,75000,3418.468,170140183.82174,0
1633445100000,49818.85,49935.00,49727.00,49814.12,3515.277,1633445999999,175182266.02242,39928,1789.888,89211621.78406,0
1633446000000,49814.12,50088.57,49676.00,49980.43,4336.559,1633446899999,216378545.35489,42942,2396.779,119624549.66955,0
1633446900000,49980.44,50154.00,49935.55,49945.90,3521.123,1633447799999,176259442.85422,35965,1684.144,84310882.69398,0
1633447800000,49945.90,50029.00,49810.00,49813.49,2446.029,1633448699999,122061321.48257,30665,1090.692,54432806.80129,0
1633448700000,49813.49,49904.57,49700.00,49770.90,2776.127,1633449599999,138223028.44396,28588,1246.035,62055658.23466,0
1633449600000,49770.91,49999.00,49614.59,49964.51,4544.847,1633450499999,226434672.87091,41407,2522.016,125687814.46705,0
1633450500000,49964.50,49985.07,49718.22,49735.47,2314.129,1633451399999,115319424.66185,26028,1015.799,50620733.23394,0
1633451400000,49735.47,49970.00,49732.27,49912.30,2273.283,1633452299999,113360699.25052,24449,1210.894,60388679.24917,0
1633452300000,49912.31,50085.40,49912.30,50071.34,2570.984,1633453199999,128582900.96222,28608,1292.879,64662398.87526,0
1633453200000,50070.48,50125.39,49923.12,50041.85,2343.217,1633454099999,117244691.10354,26497,1122.320,56163821.50727,0
1633454100000,50041.86,50137.00,50018.49,50090.02,1540.596,1633454999999,77151067.85864,20054,714.170,35769065.88906,0
1633455000000,50090.02,50161.79,50018.44,50099.00,1509.796,1633455899999,75615313.96125,18738,818.738,41010453.71943,0
1633455900000,50099.68,50180.16,50000.00,50106.80,1474.546,1633456799999,73886805.68360,19026,808.098,40499177.87339,0
1633456800000,50106.80,50267.72,50106.80,50179.99,2805.244,1633457699999,140823768.21826,31278,1500.202,75312409.22081,0
1633457700000,50180.00,50787.92,50173.76,50512.68,9927.696,1633458599999,501491297.60283,94715,6062.694,306245582.86246,0
1633458600000,50512.69,50650.00,50403.01,50466.69,3774.481,1633459499999,190761146.81573,40816,1844.560,93236828.27100,0
1633459500000,50466.69,50627.50,50326.00,50580.01,3115.508,1633460399999,157206626.59427,34018,1748.322,88241724.98156,0
1633460400000,50580.00,50872.67,50518.44,50775.74,6460.018,1633461299999,327401613.42951,59437,3432.871,174071577.78832,0
1633461300000,50775.74,50900.00,50667.13,50703.31,4032.223,1633462199999,204721752.17849,40734,1780.855,90435799.88689,0
1633462200000,50703.31,50900.00,50699.15,50800.00,3157.916,1633463099999,160511055.65376,33959,1608.468,81766358.44246,0
1633463100000,50800.00,51450.00,50764.84,51164.85,14100.033,1633463999999,721088799.21792,121400,8275.549,423236248.04997,0
1633464000000,51164.86,51450.85,51120.00,51416.91,5457.294,1633464899999,279897981.84177,60210,3035.269,155709145.18105,0
1633464900000,51416.91,51790.00,51320.11,51330.00,12248.688,1633465799999,631807936.84396,104218,6693.294,345313038.32766,0
1633465800000,51329.53,51447.38,51080.00,51368.37,6108.456,1633466699999,313170307.60744,57988,2970.153,152309212.35530,0
1633466700000,51368.36,51565.62,51221.66,51446.92,3270.598,1633467599999,168009361.49511,32905,2029.552,104291010.39191,0
1633467600000,51446.93,51534.41,51300.00,51403.09,3100.220,1633468499999,159375025.63509,31834,1525.649,78440841.42074,0
1633468500000,51403.09,51735.96,51403.09,51692.90,3952.158,1633469399999,203808797.83117,42022,2156.401,111211187.74761,0
1633469400000,51692.91,51888.00,51551.80,51691.09,5639.976,1633470299999,291817580.77771,58859,3231.688,167266969.51961,0
1633470300000,51691.09,51746.84,51509.51,51705.70,2384.213,1633471199999,123103361.26386,29747,1168.588,60344728.31776,0
1633471200000,51705.70,51768.00,51344.84,51422.39,4027.893,1633472099999,207595265.55664,39730,1749.127,90179705.22101,0
1633472100000,51422.38,51500.00,51333.14,51402.50,2735.954,1633472999999,140636735.13971,27681,1345.022,69150641.31147,0
1633473000000,51402.50,51493.58,51382.61,51443.00,1231.149,1633473899999,63338184.10769,16608,638.214,32835432.62878,0
1633473900000,51443.00,51489.43,51308.34,51345.32,1998.737,1633474799999,102676864.41415,21415,1076.460,55299778.30092,0
1633474800000,51345.32,51490.86,51339.04,51428.05,1576.737,1633475699999,81066290.51529,17698,875.718,45030429.54030,0
1633475700000,51428.05,51607.80,51386.83,51470.10,2531.249,1633476599999,130398608.90540,25305,1619.637,83445656.30875,0
1633476600000,51470.11,51619.37,51438.00,51571.28,1677.676,1633477499999,86470366.44533,19218,958.723,49413304.26121,0
1633477500000,51571.28,51589.98,51414.11,51455.12,1862.054,1633478399999,95924609.16456,18970,756.072,38958797.26809,0
1633478400000,51460.22,51484.82,51200.10,51348.34,4378.060,1633479299999,224716929.28231,40069,2247.390,115363393.53558,0
1633479300000,51345.66,51490.05,51217.28,51249.42,1938.220,1633480199999,99502297.04925,20437,988.008,50745331.79559,0
1633480200000,51248.70,51348.58,51212.87,51315.54,1393.348,1633481099999,71448150.24605,17413,783.248,40164875.15968,0
1633481100000,51315.54,51352.85,51230.00,51320.07,1180.455,1633481999999,60545411.31815,14622,530.348,27203041.49020,0
1633482000000,51320.07,51324.04,50905.00,51125.57,4378.419,1633482899999,223704993.70564,41683,1720.743,87910260.27899,0
1633482900000,51125.57,51248.95,51005.20,51022.33,2006.202,1633483799999,102590156.22331,22647,984.815,50371561.72014,0
1633483800000,51022.33,51225.71,50973.67,51195.45,2396.073,1633484699999,122425718.82634,24953,1445.975,73889948.48103,0
1633484700000,51195.99,51328.62,51180.47,51265.55,1877.831,1633485599999,96272871.60479,20433,975.044,49991068.14290,0
1633485600000,51265.56,51379.42,51218.14,51250.82,1700.600,1633486499999,87232256.31289,19243,811.286,41620218.56526,0
1633486500000,51250.83,51286.21,51147.13,51238.50,1229.642,1633487399999,62976208.78127,14574,639.347,32748010.74209,0
1633487400000,51237.99,51554.56,51230.00,51551.25,2510.970,1633488299999,129098928.50941,27388,1663.567,85530157.51194,0
1633488300000,51551.25,51585.71,51470.00,51520.00,1656.524,1633489199999,85341932.01315,21482,842.941,43429168.57511,0
1633489200000,51520.00,51546.30,51374.94,51375.01,1636.895,1633490099999,84226842.33888,19704,707.789,36419142.05393,0
1633490100000,51375.01,51483.27,51310.00,51473.00,1440.413,1633490999999,74035926.03327,16585,791.614,40696341.85247,0
1633491000000,51473.00,51575.22,51270.53,51451.41,2239.938,1633491899999,115237588.27991,24746,917.259,47206223.02321,0
1633491900000,51451.41,51575.47,51415.00,51484.84,1123.099,1633492799999,57864635.70362,15863,561.350,28923834.66939,0
1633492800000,51484.84,51570.96,51436.74,51472.94,1322.614,1633493699999,68094934.89391,18017,614.338,31631844.27999,0
1633493700000,51470.67,51500.00,51260.00,51401.11,2160.997,1633494599999,111023283.69177,23888,1055.946,54252136.76225,0
1633494600000,51401.10,51401.10,51215.24,51236.99,1627.178,1633495499999,83466983.33744,21089,748.284,38388146.94123,0
1633495500000,51237.00,51363.41,51236.28,51300.86,1304.322,1633496399999,66927087.30804,16605,724.571,37178680.48224,0
1633496400000,51301.18,51428.49,51164.43,51413.97,1893.910,1633497299999,97134383.80100,19471,915.703,46978253.77403,0
1633497300000,51413.96,51839.99,51413.96,51509.48,5544.567,1633498199999,286310002.28190,53166,3135.787,161939141.15853,0
1633498200000,51508.22,51515.43,51333.00,51389.99,2771.057,1633499099999,142411922.01206,27864,1313.775,67516092.16271,0
1633499100000,51389.99,51600.00,51360.82,51513.39,2283.882,1633499999999,117590393.20648,24115,1148.684,59146118.54149,0
1633500000000,51513.38,51600.00,51450.00,51538.80,1431.474,1633500899999,73773454.11040,17769,778.012,40095066.10296,0
1633500900000,51538.80,51668.00,51516.34,51624.12,1639.577,1633501799999,84638620.79969,19596,843.621,43550265.86221,0
1633501800000,51624.12,51730.00,51580.11,51610.77,1650.348,1633502699999,85245044.11466,18877,759.803,39250167.96866,0
1633502700000,51610.78,51640.34,51506.01,51509.24,1549.117,1633503599999,79894766.79070,17969,751.057,38737541.94399,0
1633503600000,51509.24,51512.14,51363.25,51407.38,2325.510,1633504499999,119631544.08116,25272,1075.476,55331037.61116,0
1633504500000,51407.92,51457.22,51240.00,51300.75,2377.467,1633505399999,122052141.18539,26427,1040.512,53425552.52290,0
1633505400000,51301.72,51444.89,51200.00,51416.18,2452.332,1633506299999,125885794.86438,26695,1382.484,70975022.23928,0
1633506300000,51416.18,51547.10,51354.96,51430.03,2331.096,1633507199999,119967797.52104,25134,1205.831,62060353.14813,0
1633507200000,51430.03,51490.96,51000.00,51262.27,6829.025,1633508099999,349720394.42891,62285,3006.190,153947959.36950,0
1633508100000,51256.80,51351.00,50698.00,50976.67,8824.177,1633508999999,449778718.61455,75771,3607.282,183906234.07160,0
1633509000000,50976.67,50976.67,50437.54,50660.02,10583.625,1633509899999,535961875.51246,97412,4904.878,248391449.17584,0
1633509900000,50660.01,50843.27,50616.69,50700.61,3921.186,1633510799999,198953936.61849,44142,2076.372,105358233.14504,0
1633510800000,50700.61,50840.00,50501.37,50740.25,5393.006,1633511699999,273379442.48677,49582,2847.006,144344781.24259,0
1633511700000,50740.29,50742.02,50416.00,50530.42,4680.417,1633512599999,236725135.26877,45976,2381.119,120459811.28357,0
1633512600000,50532.11,50626.22,50410.00,50496.54,4143.934,1633513499999,209293896.00152,41473,1967.686,99396494.05248,0
1633513500000,50498.02,50754.61,50450.00,50714.92,3577.862,1633514399999,181114105.13861,34563,2100.985,106363852.01333,0
1633514400000,50714.92,50839.98,50630.08,50837.24,2730.933,1633515299999,138547125.14905,29902,1449.601,73548189.14141,0
1633515300000,50837.23,51234.31,50823.04,51090.00,7999.774,1633516199999,408184269.53768,69567,4754.550,242593197.23704,0
1633516200000,51090.00,51482.99,51017.93,51355.20,8413.794,1633517099999,431838633.82666,71948,4228.210,217029117.52708,0
1633517100000,51355.20,51365.40,51155.00,51155.01,3311.335,1633517999999,169691213.84959,34407,1409.814,72255064.21509,0
1633518000000,51155.76,51455.00,51088.00,51401.44,4181.685,1633518899999,214588250.92708,43619,2258.622,115917283.13056,0
1633518900000,51401.44,51468.40,51322.06,51334.24,1842.054,1633519799999,94654056.89806,22615,863.391,44367511.57252,0
1633519800000,51334.25,51362.34,51188.12,51239.65,1906.093,1633520699999,97717086.05592,23932,812.409,41651582.56147,0
1633520700000,51241.41,51375.00,51140.20,51296.44,2384.772,1633521599999,122231604.96521,27673,1198.432,61432146.35199,0
1633521600000,51296.44,51667.47,51248.94,51598.42,5144.265,1633522499999,264914735.42680,53873,3008.840,154947284.00870,0
1633522500000,51598.42,52460.00,51577.00,52262.98,19917.979,1633523399999,1037497575.96227,172598,11779.147,613531366.09303,0
1633523400000,52262.98,52621.02,52205.92,52481.50,9329.099,1633524299999,488630355.68648,88321,5218.746,273438270.53575,0
1633524300000,52481.50,52818.00,52357.00,52706.47,10908.412,1633525199999,573962374.57803,111417,5800.218,305243162.28578,0
1633525200000,52706.47,56416.02,52588.30,54741.43,37740.745,1633526099999,2043576167.07538,349032,22340.733,1209809012.94677,0
1633526100000,54744.87,55043.97,54106.93,54441.12,25502.828,1633526999999,1389389332.11926,255878,12427.137,677104656.03522,0
1633527000000,54441.12,54550.00,54020.00,54416.98,11141.391,1633527899999,605165844.37526,110955,5921.578,321668431.16091,0
1633527900000,54412.46,54565.00,53811.35,54035.59,13715.075,1633528799999,742709486.86066,136812,6641.974,359737513.46909,0
1633528800000,54035.99,54244.41,53802.00,54213.70,7923.538,1633529699999,427969740.15360,94098,4561.723,246424950.48691,0
1633529700000,54212.73,54357.15,54034.85,54209.99,6570.425,1633530599999,356082619.00645,64234,3102.910,168177642.12717,0
1633530600000,54209.99,54349.74,54177.87,54319.99,4387.574,1633531499999,238137287.82153,44857,2361.961,128206882.72591,0
1633531500000,54320.00,54588.88,54250.19,54529.77,5482.517,1633532399999,298341483.94207,56810,3284.197,178727052.24361,0
1633532400000,54529.77,54600.00,54300.02,54446.21,4695.196,1633533299999,255580317.22915,48276,2286.764,124500631.41599,0
1633533300000,54446.21,54777.00,54289.12,54628.07,5943.405,1633534199999,324278018.73187,63663,3353.676,182983431.44058,0
1633534200000,54628.04,55069.36,54600.00,54952.99,6542.762,1633535099999,358882052.75202,77958,3741.116,205217958.51457,0
1633535100000,54952.99,55160.00,54766.00,55014.04,5920.534,1633535999999,325388460.77364,66937,2994.942,164623197.49953,0
1633536000000,55014.04,55081.09,54515.10,54857.16,9082.043,1633536899999,497426084.71599,91028,4573.290,250477418.13215,0
1633536900000,54857.16,54897.05,54666.00,54744.48,3410.154,1633537799999,186796938.09135,40225,1538.253,84263251.28890,0
1633537800000,54744.47,54820.00,54510.00,54714.30,3104.125,1633538699999,169600712.70542,36802,1519.060,83000081.62271,0
1633538700000,54714.30,54930.00,54700.00,54912.03,2104.697,1633539599999,115384249.88784,27826,1111.764,60950365.75171,0
1633539600000,54912.03,54940.00,54570.00,54604.42,3116.028,1633540499999,170512630.83747,34716,1231.392,67384896.46384,0
1633540500000,54604.43,54733.85,54555.00,54624.47,1692.032,1633541399999,92456709.21241,23472,870.922,47594571.35173,0
1633541400000,54627.47,54800.00,54606.26,54790.57,1526.322,1633542299999,83527721.89490,22561,824.407,45115388.57684,0
1633542300000,54795.57,54898.75,54580.00,54628.64,1941.875,1633543199999,106276328.86809,28376,1014.643,55536001.36456,0
1633543200000,54628.64,54895.33,54619.82,54893.58,1960.673,1633544099999,107417475.93947,26107,1085.508,59463933.01868,0
1633544100000,54893.58,55000.00,54831.10,54996.64,2059.801,1633544999999,113099494.93826,28500,1024.984,56288828.27922,0
1633545000000,54996.63,55147.19,54851.60,54858.70,3836.383,1633545899999,211048748.53457,43620,1933.281,106371659.45537,0
1633545900000,54858.70,54915.18,54536.01,54590.00,3211.362,1633546799999,175732614.96080,45890,1480.348,81031878.04617,0
1633546800000,54590.00,54855.00,54572.49,54717.31,2237.842,1633547699999,122453680.93370,30893,1093.791,59859526.81847,0
1633547700000,54717.31,54990.00,54670.01,54950.62,1985.508,1633548599999,108894082.89887,26573,1204.390,66060270.93615,0
1633548600000,54950.61,55044.54,54840.00,55036.01,2230.659,1633549499999,122587718.83446,30190,1079.720,59346157.09840,0
1633549500000,55036.02,55115.00,54900.00,55078.56,2291.023,1633550399999,126024667.56060,27416,1024.962,56393456.68549,0
1633550400000,55078.55,55322.72,54840.00,55319.14,4949.273,1633551299999,272769130.35278,55988,2588.635,142717690.53664,0
1633551300000,55322.11,55380.00,55064.56,55339.65,3450.286,1633552199999,190582720.31190,38784,1692.250,93498771.85335,0
1633552200000,55337.53,55426.98,55057.57,55220.18,2962.716,1633553099999,163645470.91243,34384,1357.142,74986477.63610,0
1633553100000,55220.17,55222.59,54850.55,54957.69,2446.564,1633553999999,134632589.67807,34479,990.695,54527061.43149,0
1633554000000,54957.69,55060.00,54913.20,55056.35,1633.261,1633554899999,89818778.68778,22104,963.890,53010720.10593,0
1633554900000,55056.36,55278.00,55005.54,55268.54,1532.059,1633555799999,84500481.73518,22744,791.730,43667196.56718,0
1633555800000,55268.54,55271.88,55090.00,55249.52,1407.824,1633556699999,77670959.51492,19057,698.423,38532494.94880,0
1633556700000,55249.53,55265.00,55051.71,55087.09,1294.340,1633557599999,71370366.88867,18837,605.837,33400560.81645,0
1633557600000,55087.04,55304.97,55050.04,55083.90,1635.219,1633558499999,90250225.29037,22252,756.980,41785855.17630,0
1633558500000,55083.91,55135.53,54938.11,55030.02,2085.809,1633559399999,114760810.35656,27767,931.728,51268017.60435,0
1633559400000,55030.03,55149.91,54910.03,55134.47,1422.296,1633560299999,78278977.37303,22361,740.672,40767913.81800,0
1633560300000,55134.48,55216.80,55086.12,55166.79,1251.013,1633561199999,68999371.34191,20242,608.032,33538203.75785,0
1633561200000,55166.79,55817.00,55143.99,55233.80,8762.529,1633562099999,485906716.98160,86829,4977.089,276068392.74029,0
1633562100000,55235.29,55617.00,55182.30,55475.80,4184.048,1633562999999,231875954.95030,45870,2094.305,116063747.89439,0
1633563000000,55475.79,55667.13,55408.11,55491.96,1866.259,1633563899999,103614916.14639,27291,930.093,51642184.24595,0
1633563900000,55489.33,55496.06,55252.44,55321.60,2716.171,1633564799999,150327015.95212,29161,1500.708,83051224.12763,0
1633564800000,55327.45,55337.80,54941.98,54997.41,4601.400,1633565699999,253763750.79891,51797,2009.057,110829475.35206,0
1633565700000,54997.42,55192.22,54801.77,54935.99,5540.433,1633566599999,304718917.06752,51490,2856.662,157142132.99006,0
1633566600000,54935.98,54975.92,54552.98,54743.99,5783.834,1633567499999,316569453.37551,60089,2657.356,145453769.37582,0
1633567500000,54743.99,54980.00,54659.66,54845.91,2133.781,1633568399999,117066470.11851,31812,1172.797,64345033.86198,0
1633568400000,54845.90,54950.00,54569.70,54637.79,2169.171,1633569299999,118826768.01217,29043,914.000,50091464.80191,0
1633569300000,54637.79,54912.71,54159.97,54263.94,5883.712,1633570199999,320499640.78614,58517,2550.261,138994252.88711,0
1633570200000,54263.94,54621.22,54145.42,54590.01,4854.524,1633571099999,263911151.90801,52899,2601.224,141436296.25679,0
1633571100000,54590.00,54911.00,54557.11,54823.00,3085.763,1633571999999,168976012.08403,38938,1609.875,88168347.10943,0
1633572000000,54822.99,55072.00,54725.00,54963.44,2917.479,1633572899999,160227499.53361,38166,1524.218,83739045.99325,0
1633572900000,54963.44,55229.00,54890.81,55116.51,2419.326,1633573799999,133249239.30360,33853,1400.853,77161287.89476,0
1633573800000,55116.51,55120.32,54968.40,55084.40,1430.733,1633574699999,78768483.48577,23549,604.841,33303127.84226,0
1633574700000,55082.00,55268.30,54935.50,55110.76,2134.486,1633575599999,117611734.58228,31976,1049.491,57843556.20471,0
1633575600000,55110.76,55259.00,55033.97,55033.97,1811.857,1633576499999,99913456.82267,25535,859.766,47418904.23672,0
1633576500000,55033.98,55081.23,54770.00,54889.25,2358.859,1633577399999,129531085.36110,32649,974.494,53517114.96537,0
1633577400000,54889.26,55063.97,54764.64,54989.08,1769.704,1633578299999,97176162.26134,23238,1031.524,56645496.01164,0
1633578300000,54989.07,55103.85,54850.00,54853.63,1585.684,1633579199999,87148428.48616,22500,774.772,42591727.97080,0
1633579200000,54853.63,55055.00,54800.00,55030.51,1250.786,1633580099999,68722851.09385,22184,670.804,36860898.53881,0
1633580100000,55030.50,55219.32,55016.47,55128.06,1829.105,1633580999999,100828937.83919,25682,922.577,50860745.15980,0
1633581000000,55128.05,55280.00,55062.41,55235.00,1528.696,1633581899999,84339104.36602,21012,817.784,45122254.37858,0
1633581900000,55235.00,55235.00,55015.00,55100.24,1225.774,1633582799999,67553378.46512,17542,535.393,29504537.19859,0
1633582800000,55100.25,55100.25,54659.98,54738.99,3579.093,1633583699999,196228518.56864,42786,1669.314,91529919.94006,0
1633583700000,54739.00,54812.88,54650.00,54812.88,2160.459,1633584599999,118199356.14899,27593,1242.063,67957377.18445,0
1633584600000,54812.88,54851.83,54664.79,54715.88,1388.692,1633585499999,76028871.69139,20900,727.434,39829081.00357,0
1633585500000,54715.88,54805.04,54611.00,54781.16,1396.224,1633586399999,76414340.00396,20160,727.342,39813971.14824,0
1633586400000,54781.17,55015.14,54700.00,54888.05,1747.510,1633587299999,95891279.94329,26174,1001.143,54937883.20789,0
1633587300000,54887.55,54899.50,54751.36,54789.91,872.904,1633588199999,47834813.03987,15954,361.320,19800563.21683,0
1633588200000,54789.91,54789.91,54566.00,54579.97,1882.011,1633589099999,102863136.23448,26406,810.927,44324554.19532,0
1633589100000,54580.21,54720.00,54446.80,54587.31,2673.021,1633589999999,145831199.71546,33242,1318.112,71930559.77281,0
1633590000000,54587.30,54661.86,54325.00,54381.10,3955.634,1633590899999,215464701.03682,47449,1738.754,94719985.32106,0
1633590900000,54381.11,54670.00,54365.56,54650.00,1800.315,1633591799999,98180688.33078,28831,1054.405,57501380.57496,0
1633591800000,54650.01,54840.00,54631.62,54732.19,2511.963,1633592699999,137523850.35785,35361,1387.963,75986948.89430,0
1633592700000,54732.19,54846.69,54598.53,54808.39,2165.869,1633593599999,118501767.09044,30320,1107.662,60611918.64406,0
1633593600000,54807.63,54826.87,54543.59,54554.96,1981.043,1633594499999,108286956.31319,29599,899.420,49155592.66541,0
1633594500000,54554.95,54697.42,54520.38,54531.99,1429.524,1633595399999,78059882.32969,21598,671.182,36653793.31104,0
1633595400000,54531.99,54673.89,54455.67,54636.00,1566.547,1633596299999,85483439.80823,23103,890.296,48589829.23849,0
1633596300000,54636.01,54698.03,54503.32,54597.62,1146.229,1633597199999,62572883.54551,19523,582.232,31790039.49149,0
1633597200000,54597.61,54612.19,54200.00,54340.97,4526.925,1633598099999,246034480.99957,51950,2050.228,111430488.42993,0
1633598100000,54340.97,54461.42,54040.00,54080.00,6137.437,1633598999999,332540235.88881,66913,2867.555,155403126.98310,0
1633599000000,54079.99,54440.00,53861.03,54368.78,8638.005,1633599899999,467690889.52522,91559,4499.808,243728507.34113,0
1633599900000,54368.77,54432.15,54193.28,54386.37,2659.279,1633600799999,144488968.86370,34899,1333.688,72471584.95312,0
1633600800000,54386.36,54499.00,54170.16,54217.69,2668.165,1633601699999,145017890.46161,35288,1330.556,72339112.04725,0
1633601700000,54216.54,54282.04,54118.00,54164.46,1614.285,1633602599999,87476173.15483,26813,894.236,48462727.98846,0
1633602600000,54164.46,54199.30,53952.34,54018.25,2710.157,1633603499999,146542618.56195,37322,1305.528,70599827.56275,0
1633603500000,54020.00,54198.98,53888.00,53989.01,3378.281,1633604399999,182489476.89630,40579,1727.533,93335077.86926,0
1633604400000,53989.01,54265.00,53986.46,54220.11,2561.324,1633605299999,138659724.34784,31207,1425.149,77155540.53394,0
1633605300000,54220.11,54220.11,53955.00,54068.00,1962.612,1633606199999,106096787.79028,27352,849.854,45944405.16868,0
1633606200000,54068.00,54349.00,54068.00,54243.47,2775.568,1633607099999,150552610.88473,31098,1565.651,84919295.59823,0
1633607100000,54243.47,54420.00,54187.82,54356.00,2258.004,1633607999999,122634877.35949,25632,1194.281,64867495.21237,0
1633608000000,54354.98,54415.00,54250.00,54280.00,1887.131,1633608899999,102527270.51679,24831,756.509,41100855.77795,0
1633608900000,54280.00,54280.00,53752.45,53832.41,6086.253,1633609799999,328483650.69939,57000,2153.762,116243674.95384,0
1633609800000,53834.55,54278.99,53666.00,54232.31,7112.326,1633610699999,384041422.92010,68471,3872.106,209145994.92796,0
1633610700000,54232.30,54232.30,53888.00,54035.11,2654.207,1633611599999,143442254.11748,34286,1247.352,67411833.28366,0
1633611600000,54035.09,54042.03,53832.00,54034.45,2211.800,1633612499999,119318144.17977,31557,1125.964,60753278.42770,0
1633612500000,54034.45,54200.00,54002.17,54036.39,2507.435,1633613399999,135682728.46940,34045,1288.499,69727251.57730,0
1633613400000,54037.28,54752.23,54025.25,54703.94,5794.654,1633614299999,315199367.48600,58707,3595.887,195606675.06829,0
1633614300000,54705.51,54717.74,54403.94,54594.28,5270.629,1633615199999,287521484.14327,55263,2418.961,131956449.13114,0
1633615200000,54594.27,54650.00,54435.00,54595.06,2733.886,1633616099999,149153856.48523,35657,1323.803,72231932.26025,0
1633616100000,54594.56,54720.89,54354.96,54468.30,2979.187,1633616999999,162528771.42926,38443,1443.568,78783169.38733,0
1633617000000,54468.29,54540.08,53374.34,53920.00,12870.909,1633617899999,692397031.36113,122302,5802.714,311976191.50784,0
1633617900000,53919.99,54223.68,53711.91,53841.96,8023.575,1633618799999,433016930.15749,79166,4225.638,228094718.53906,0
1633618800000,53840.31,53949.99,53700.00,53918.36,3187.786,1633619699999,171690723.85553,39950,1547.098,83335866.51351,0
1633619700000,53918.36,54260.00,53915.24,53986.61,3676.513,1633620599999,198830293.29321,40317,1895.571,102515644.17655,0
1633620600000,53986.61,54122.90,53970.58,54011.07,1640.570,1633621499999,88678733.01503,23651,790.996,42760735.61564,0
1633621500000,54011.07,54219.34,53860.66,53959.27,2602.425,1633622399999,140505970.92554,32462,1186.429,64057932.67822,0
1633622400000,53959.28,53994.25,53455.30,53704.48,5099.709,1633623299999,273941144.23405,53724,2072.435,111347967.67783,0
1633623300000,53704.49,54050.00,53587.28,54029.62,4339.996,1633624199999,233586328.28909,44438,2639.020,142044112.58598,0
1633624200000,54026.56,54200.00,53916.16,54079.89,3361.937,1633625099999,181806999.61542,39132,1604.989,86798795.29186,0
1633625100000,54079.89,54369.18,54039.50,54189.49,2738.389,1633625999999,148402042.89123,34277,1540.592,83513656.79317,0
1633626000000,54189.48,54369.30,54142.74,54308.20,1976.779,1633626899999,107290190.91951,26170,1083.696,58819221.69759,0
1633626900000,54305.45,54320.00,54124.96,54199.51,1887.594,1633627799999,102349269.70835,23109,747.277,40518637.02460,0
1633627800000,54199.43,54294.41,54068.89,54274.97,1559.650,1633628699999,84483636.23739,25826,739.648,40069320.07520,0
1633628700000,54274.98,54319.42,54113.76,54212.44,1606.665,1633629599999,87149115.67415,22146,805.259,43681982.64653,0
1633629600000,54212.45,54279.09,54028.02,54107.44,1847.144,1633630499999,99987131.39163,24045,879.497,47615489.01911,0
1633630500000,54107.44,54185.08,54031.10,54073.35,1128.314,1633631399999,61035704.95786,18821,534.622,28920827.14911,0
1633631400000,54073.35,54144.41,53875.75,53877.20,1380.900,1633632299999,74570791.75222,22026,584.515,31572185.27127,0
1633632300000,53877.19,54034.80,53877.19,53954.51,979.221,1633633199999,52844168.75979,18030,595.095,32114775.43395,0
1633633200000,53954.51,54126.63,53916.90,54033.80,1394.148,1633634099999,75320602.03124,20372,722.040,39014214.40434,0
1633634100000,54033.80,54224.46,54029.90,54163.99,1509.831,1633634999999,81761825.14267,20538,873.567,47305340.71872,0
1633635000000,54164.00,54198.06,54073.36,54114.73,667.742,1633635899999,36152530.96693,14413,349.705,18934479.14470,0
1633635900000,54114.74,54134.34,53950.00,54019.50,816.711,1633636799999,44136009.77206,15691,379.302,20498914.03370,0
1633636800000,54019.50,54116.86,53948.00,53986.65,922.771,1633637699999,49856960.11301,15809,443.524,23971689.87972,0
1633637700000,53986.66,54326.46,53971.14,54265.74,1860.331,1633638599999,100821133.74567,23743,1001.832,54280780.69564,0
1633638600000,54265.74,54315.54,54180.73,54260.82,1110.882,1633639499999,60252569.49298,18525,589.201,31960084.95528,0
1633639500000,54260.83,54399.70,54152.80,54219.99,1250.124,1633640399999,67832487.88997,19016,694.952,37712216.41066,0
1633640400000,54220.00,54322.62,54102.82,54300.01,1293.338,1633641299999,70127295.65714,18085,522.265,28329723.99074,0
1633641300000,54300.00,54475.00,54274.97,54470.19,2178.370,1633642199999,118444859.59823,26087,1413.770,76875464.01653,0
1633642200000,54470.18,54570.00,54452.06,54532.27,2026.073,1633643099999,110460595.37484,25720,1122.312,61190924.43283,0
1633643100000,54532.26,54537.57,54250.00,54318.68,1721.192,1633643999999,93570891.40426,23238,632.895,34404021.13141,0
1633644000000,54318.69,54659.38,53973.13,54081.20,5286.843,1633644899999,286924165.63140,57634,2503.765,135919236.44247,0
1633644900000,54083.99,54129.71,53850.00,53932.54,2444.687,1633645799999,131938866.79261,31720,1165.071,62878737.15405,0
1633645800000,53932.54,53981.64,53812.91,53868.99,1673.727,1633646699999,90186421.80550,24559,837.175,45113597.24931,0
1633646700000,53868.99,54016.40,53839.37,53946.80,1164.585,1633647599999,62816993.86927,19250,639.337,34484017.95234,0
1633647600000,53942.18,53960.88,53844.00,53851.86,690.992,1633648499999,37243592.77111,14652,314.830,16969806.52232,0
1633648500000,53851.86,54011.82,53800.00,53865.58,1362.678,1633649399999,73437664.13887,20188,629.628,33937066.29402,0
1633649400000,53865.59,53926.45,53650.00,53742.41,3235.164,1633650299999,173989509.68072,33868,1502.870,80846986.04652,0
1633650300000,53742.41,53878.20,53730.66,53814.99,756.585,1633651199999,40710521.26798,15448,375.479,20204706.50430,0
1633651200000,53814.99,54021.00,53751.92,54005.11,1966.338,1633652099999,105970618.86064,25053,1099.564,59263497.10172,0
1633652100000,54005.11,54090.86,53951.87,54082.32,1151.631,1633652999999,62228705.78303,18098,515.535,27857645.59512,0
1633653000000,54082.32,54234.11,54040.37,54207.58,1700.934,1633653899999,92059585.46564,22718,913.866,49471253.58935,0
1633653900000,54207.57,54257.48,54135.00,54153.12,1061.312,1633654799999,57510739.88773,17612,476.307,25811843.94071,0
1633654800000,54152.76,54261.86,54152.75,54230.13,869.843,1633655699999,47160257.87968,16552,414.224,22458714.54649,0
1633655700000,54230.13,54350.00,54084.10,54311.32,1601.706,1633656599999,86814586.81008,22567,775.913,42064219.72627,0
1633656600000,54311.31,54432.68,54235.00,54310.61,1697.111,1633657499999,92231743.11943,23550,783.695,42593610.90180,0
1633657500000,54310.61,54358.48,54211.64,54333.67,1052.239,1633658399999,57127399.78038,16947,555.699,30173389.42593,0
1633658400000,54333.68,54450.00,54150.94,54192.31,1513.378,1633659299999,82181195.42101,23615,616.637,33495165.71808,0
1633659300000,54191.18,54274.71,53863.83,53922.13,2567.492,1633660199999,138848551.06552,30819,1014.426,54869194.08443,0
1633660200000,53922.12,54023.12,53825.48,53990.22,2541.458,1633661099999,137043483.51718,28452,1378.027,74320397.50829,0
1633661100000,53990.22,54080.00,53833.01,53891.24,1553.386,1633661999999,83811456.61184,22114,732.808,39549095.53562,0
1633662000000,53891.73,53950.53,53741.01,53830.40,1617.412,1633662899999,87072271.80048,24398,742.005,39950745.63600,0
1633662900000,53830.39,53945.03,53740.70,53783.50,1181.457,1633663799999,63602941.91199,21075,585.709,31535295.85194,0
1633663800000,53783.50,53982.49,53761.62,53776.66,1380.728,1633664699999,74372579.10704,21862,756.247,40742668.98835,0
1633664700000,53776.66,53919.92,53775.92,53858.46,933.118,1633665599999,50254498.98786,16163,563.413,30345212.80139,0
1633665600000,53858.47,53960.00,53809.45,53878.68,1087.350,1633666499999,58582714.75666,18500,522.814,28168038.41919,0
1633666500000,53878.68,53988.00,53802.97,53939.01,890.244,1633667399999,47984827.65380,16927,421.681,22730130.37263,0
1633667400000,53939.00,54004.86,53876.00,53996.93,874.814,1633668299999,47190470.92789,15356,544.387,29368514.01047,0
1633668300000,53996.93,54019.26,53901.38,53924.85,815.388,1633669199999,44001261.54747,15213,345.032,18620775.36614,0
1633669200000,53924.85,53928.39,53647.30,53767.01,2147.441,1633670099999,115468888.32194,28251,791.784,42580832.77087,0
1633670100000,53767.04,53886.00,53670.02,53791.67,1154.160,1633670999999,62102342.50651,19115,624.079,33579904.86729,0
1633671000000,53791.67,53930.00,53791.60,53892.71,735.064,1633671899999,39597785.00992,13953,472.684,25463337.94663,0
1633671900000,53892.70,54226.10,53884.18,54208.84,3503.549,1633672799999,189580275.04600,36372,1998.098,108120355.65375,0
1633672800000,54208.84,54263.67,54103.61,54126.70,1710.313,1633673699999,92648922.68940,26541,715.881,38782372.45864,0
1633673700000,54126.71,54210.00,54029.49,54206.03,1419.620,1633674599999,76811643.50479,20805,641.038,34692954.99063,0
1633674600000,54206.03,54318.46,54082.70,54110.00,1985.329,1633675499999,107632764.91979,25261,930.293,50442551.20934,0
1633675500000,54110.00,54240.00,54107.38,54162.32,925.367,1633676399999,50142519.35087,17831,479.194,25965704.89173,0
1633676400000,54162.32,54480.93,54051.01,54471.97,2916.712,1633677299999,158398772.82285,35096,1731.270,94041699.03582,0
1633677300000,54471.96,54599.80,54342.00,54490.73,3823.464,1633678199999,208305335.28764,45075,1809.091,98566585.88516,0
1633678200000,54490.73,54575.63,54415.60,54533.01,1795.867,1633679099999,97856947.00575,27540,833.849,45440726.16259,0
1633679100000,54533.02,55046.88,54507.74,54851.88,9777.972,1633679999999,535794739.63959,86914,5254.691,287945497.54766,0
1633680000000,54851.89,55155.00,54785.00,55134.31,6124.082,1633680899999,336611465.06217,66265,3103.320,170616645.79161,0
1633680900000,55134.30,55486.92,55110.28,55317.40,8166.799,1633681799999,451628064.28265,84967,4143.186,229133453.57240,0
1633681800000,55317.40,56208.73,55269.45,55749.28,13390.318,1633682699999,747032467.29275,140945,7070.707,394524494.51708,0
1633682700000,55751.64,55940.00,55686.70,55834.80,4610.638,1633683599999,257350139.89005,55673,2140.925,119524645.69812,0
1633683600000,55834.80,55930.00,55500.10,55707.37,5417.906,1633684499999,301804513.22510,58470,2260.857,125949189.06056,0
1633684500000,55707.37,55850.00,55111.00,55369.87,9372.074,1633685399999,519563423.36208,82344,4094.314,227047706.94867,0
1633685400000,55369.88,55534.74,55306.40,55475.24,3440.013,1633686299999,190703122.77621,36781,1707.523,94669704.02500,0
1633686300000,55475.24,55585.55,55235.00,55275.00,3638.461,1633687199999,201701420.68297,38279,1748.539,96945500.01252,0
1633687200000,55276.37,55428.84,55222.22,55254.82,2139.535,1633688099999,118387100.02517,27347,1090.394,60340077.99104,0
1633688100000,55254.82,55489.79,55250.54,55431.59,1930.950,1633688999999,106947940.85184,24597,1164.707,64513061.64419,0
1633689000000,55431.59,55628.00,55400.00,55512.20,2261.133,1633689899999,125551573.90653,29442,1190.412,66098891.59937,0
1633689900000,55512.20,55599.97,55427.00,55525.05,1523.499,1633690799999,84585619.27801,23631,620.808,34467030.91627,0
1633690800000,55525.04,55648.29,55437.18,55544.81,3118.037,1633691699999,173277718.15844,32044,1322.439,73486188.01848,0
1633691700000,55544.82,55633.21,55453.00,55504.66,1220.107,1633692599999,67762890.71606,20720,493.217,27395713.88968,0
1633692600000,55504.66,55537.09,55340.00,55372.37,1812.058,1633693499999,100442057.18980,24746,855.473,47418848.01195,0
1633693500000,55372.37,55389.20,55170.23,55300.99,2695.649,1633694399999,149020650.21855,36404,1233.560,68202753.05988,0
1633694400000,55301.00,55359.00,55006.00,55092.64,3407.305,1633695299999,188045909.14065,41193,1475.726,81469293.08107,0
1633695300000,55092.64,55173.71,54525.00,54925.62,9276.972,1633696199999,508809233.07750,89550,4384.253,240503473.85900,0
1633696200000,54924.99,55132.85,54795.02,55001.98,4287.461,1633697099999,235757067.53537,47579,2309.092,126992919.00358,0
1633697100000,55001.99,55006.42,54701.42,54896.43,3505.013,1633697999999,192168528.33426,40347,1659.037,90954575.88636,0
1633698000000,54896.44,54936.50,54696.41,54829.97,2214.685,1633698899999,121336936.10817,28864,1089.289,59686862.08937,0
1633698900000,54829.97,54909.75,54650.00,54893.88,2536.433,1633699799999,138953583.97250,29888,1393.239,76346098.78769,0
1633699800000,54893.88,54983.94,54267.84,54492.09,7672.593,1633700699999,418490981.48492,71842,3461.069,188891343.69417,0
1633700700000,54492.09,54594.24,54000.00,54207.97,8009.777,1633701599999,435026982.61541,72182,3390.017,184199234.40415,0
1633701600000,54207.97,54447.28,54159.83,54377.29,3689.313,1633702499999,200440478.05231,42750,1876.743,101972057.61765,0
1633702500000,54377.29,54480.00,54269.54,54392.68,2139.073,1633703399999,116379093.12946,28711,1099.621,59830378.47592,0
1633703400000,54392.67,54717.30,54380.00,54691.71,4346.716,1633704299999,237247892.39955,45980,2455.242,134013341.45838,0
1633704300000,54691.70,54720.00,54552.48,54591.82,2025.211,1633705199999,110611169.29862,30686,927.449,50656461.12902,0
1633705200000,54591.82,54759.96,54522.00,54740.68,2057.568,1633706099999,112409675.48944,28980,1156.552,63199644.57529,0
1633706100000,54740.68,54790.01,54572.00,54590.18,1774.780,1633706999999,97032134.46330,25738,807.817,44167883.98455,0
1633707000000,54590.17,54590.18,54060.00,54104.23,5707.098,1633707899999,309830414.65717,54187,2524.017,137009663.08942,0
1633707900000,54104.23,54388.42,54050.00,54349.03,3934.856,1633708799999,213305420.70349,38742,2034.891,110335245.57168,0
1633708800000,54349.04,54353.56,54110.00,54221.37,2251.671,1633709699999,122115493.15704,29157,1141.827,61924195.25938,0
1633709700000,54221.37,54412.12,54070.87,54314.78,2934.505,1633710599999,159169146.64649,31728,1516.096,82252610.40140,0
1633710600000,54314.78,54546.50,54304.23,54459.82,2411.561,1633711499999,131236633.18858,28413,1350.098,73480658.56064,0
1633711500000,54459.83,54542.67,54266.46,54329.37,2263.607,1633712399999,123112426.24955,26824,898.059,48843462.23325,0
1633712400000,54329.37,54469.40,54238.74,54441.17,1798.848,1633713299999,97782683.40203,21698,918.088,49908725.22724,0
1633713300000,54441.16,54466.52,54213.48,54291.10,2103.248,1633714199999,114202468.32463,21263,804.699,43693261.80419,0
1633714200000,54290.00,54330.92,54197.00,54324.26,1098.605,1633715099999,59606353.74492,15934,472.672,25649182.85177,0
1633715100000,54323.11,54375.00,54175.99,54339.92,1393.880,1633715999999,75630116.01789,19049,714.011,38748361.90564,0
1633716000000,54339.92,54574.22,54260.01,54513.27,2470.301,1633716899999,134509395.20113,28649,1545.295,84154376.90459,0
1633716900000,54513.27,54679.56,54486.19,54515.08,1994.250,1633717799999,108827944.30152,26030,1115.586,60890309.72586,0
1633717800000,54512.93,54695.00,54510.36,54576.98,1275.007,1633718699999,69606815.73370,19714,699.883,38208503.37971,0
1633718700000,54576.97,54621.46,54495.01,54531.85,891.481,1633719599999,48630972.32701,15528,371.061,20244714.95764,0
1633719600000,54531.85,54708.02,54501.29,54604.78,1339.921,1633720499999,73199161.93580,18289,720.463,39359865.77066,0
1633720500000,54604.78,54632.75,54545.81,54563.52,666.774,1633721399999,36396123.27244,11753,347.827,18987714.61490,0
1633721400000,54560.74,54734.24,54505.94,54527.71,1302.550,1633722299999,71143426.49776,16149,572.055,31240637.39764,0
1633722300000,54527.71,54732.93,54281.57,54711.80,3075.720,1633723199999,167598189.06311,32858,1495.126,81496662.51003,0
1633723200000,54713.17,54798.53,54590.97,54704.70,1935.363,1633724099999,105838765.83067,23679,951.531,52043311.05720,0
1633724100000,54704.79,54729.67,54418.00,54497.13,2292.891,1633724999999,125071281.51710,21184,872.765,47579106.97021,0
1633725000000,54497.14,54497.32,54354.35,54389.85,1122.843,1633725899999,61110325.98382,15610,568.064,30920740.80423,0
1633725900000,54389.85,54418.56,53768.00,54018.59,6570.600,1633726799999,354976752.41317,65859,2631.554,142185697.11756,0
1633726800000,54018.59,54139.20,53901.00,54027.25,2510.125,1633727699999,135624293.73429,31028,1340.043,72410655.43357,0
1633727700000,54024.89,54350.00,54009.88,54294.68,2089.104,1633728599999,113173984.73171,27429,1119.191,60629125.02375,0
1633728600000,54291.96,54292.07,54036.47,54147.86,1285.761,1633729499999,69613259.07730,19714,537.929,29119309.37202,0
1633729500000,54147.86,54288.00,54050.00,54191.43,1014.491,1633730399999,54943923.20772,17776,466.903,25289430.37354,0
1633730400000,54191.43,54288.00,54065.08,54137.66,1047.582,1633731299999,56730532.68973,17423,488.067,26432325.53757,0
1633731300000,54137.65,54248.86,54086.00,54185.92,1138.409,1633732199999,61678043.64490,15754,640.362,34698185.57713,0
1633732200000,54185.92,54292.07,54111.39,54200.87,914.193,1633733099999,49555739.96549,14160,471.863,25581881.51271,0
1633733100000,54200.87,54256.86,54060.54,54094.80,999.644,1633733999999,54111434.81186,13951,500.029,27066828.53568,0
1633734000000,54094.79,54162.00,54033.00,54140.00,844.749,1633734899999,45700804.31045,13240,482.385,26099129.69745,0
1633734900000,54139.99,54140.00,53831.49,53938.86,1935.852,1633735799999,104459884.75177,23704,807.254,43556690.05456,0
1633735800000,53938.86,54066.51,53817.00,53891.83,1420.947,1633736699999,76610532.81497,19216,696.826,37572967.95178,0
1633736700000,53891.82,54011.91,53800.00,53975.00,1417.242,1633737599999,76413425.12333,19380,727.113,39213264.96858,0
1633737600000,53974.99,54169.87,53656.66,54118.10,4305.167,1633738499999,232113451.66703,46591,2033.333,109703186.60230,0
1633738500000,54121.53,54258.77,54007.52,54179.30,1823.954,1633739399999,98790022.16645,22666,903.965,48964880.43212,0
1633739400000,54177.76,54329.29,54140.00,54250.59,1502.937,1633740299999,81527355.11399,20603,762.047,41343421.61826,0
1633740300000,54250.59,54294.75,54155.00,54294.74,859.583,1633741199999,46589826.36959,14447,432.164,23426858.78991,0
1633741200000,54294.75,54349.99,54138.59,54161.18,1382.568,1633742099999,74960057.88066,17497,628.762,34098047.63054,0
1633742100000,54161.29,54174.01,53880.00,53904.60,1662.024,1633742999999,89772658.58371,22581,656.403,35455618.24615,0
1633743000000,53904.60,54037.37,53880.75,53966.88,1205.395,1633743899999,65046256.20169,16991,688.327,37147248.95284,0
1633743900000,53966.89,54159.55,53945.22,54041.32,1094.690,1633744799999,59173688.27672,17402,550.593,29761942.42898,0
1633744800000,54041.32,54041.32,53890.59,53895.00,1190.182,1633745699999,64191169.27837,16160,474.643,25595879.64982,0
1633745700000,53895.00,54131.42,53882.92,54086.06,1253.966,1633746599999,67747117.97009,18161,665.106,35933241.64230,0
1633746600000,54086.05,54233.98,54074.16,54218.90,1782.402,1633747499999,96562120.84629,19091,938.471,50843180.21058,0
1633747500000,54219.13,54219.14,54086.96,54181.22,879.694,1633748399999,47619725.02419,13665,430.274,23291824.95624,0
1633748400000,54181.23,54359.99,54128.05,54312.14,1533.743,1633749299999,83192213.44300,17930,799.533,43371443.83684,0
1633749300000,54312.15,54679.49,54276.59,54531.90,3757.189,1633750199999,204790116.64856,36787,2049.013,111680291.92240,0
1633750200000,54531.91,54737.26,54510.00,54706.70,1742.934,1633751099999,95221070.29921,22969,984.427,53786750.93310,0
1633751100000,54708.28,54734.89,54575.16,54587.26,1460.497,1633751999999,79806732.85041,18666,601.992,32896171.77839,0
1633752000000,54587.26,54625.38,54506.00,54548.11,1303.235,1633752899999,71109272.13825,16658,562.202,30680970.45212,0
1633752900000,54548.11,54772.71,54537.74,54732.88,1944.883,1633753799999,106354318.76643,22252,1143.040,62498691.96378,0
1633753800000,54732.88,54749.16,54649.64,54680.76,1235.910,1633754699999,67607770.59865,14315,428.239,23426862.35126,0
1633754700000,54680.75,54730.00,54621.36,54714.83,984.313,1633755599999,53810472.03539,13687,483.492,26434837.09291,0
1633755600000,54714.82,54779.17,54550.35,54594.91,1543.080,1633756499999,84353492.06089,19658,552.246,30201010.74240,0
1633756500000,54594.90,54594.91,54400.81,54488.93,1694.674,1633757399999,92325865.89903,22094,733.438,39960591.02095,0
1633757400000,54488.92,54547.07,54423.16,54462.80,914.384,1633758299999,49820630.89719,13695,384.297,20941096.38335,0
1633758300000,54459.39,54661.54,54429.83,54625.68,1115.261,1633759199999,60822473.33128,16827,697.845,38059180.82709,0
1633759200000,54625.67,55024.37,54615.05,54865.00,4459.213,1633760099999,244695725.94454,46682,2712.742,148861815.38531,0
1633760100000,54865.01,55206.27,54829.12,55049.82,3344.652,1633760999999,183987522.53593,34038,2067.917,113794464.57722,0
1633761000000,55049.83,55181.23,54800.00,54810.04,2673.807,1633761899999,147073916.53926,31694,1020.557,56164367.77599,0
1633761900000,54810.03,54930.00,54705.01,54877.00,2217.305,1633762799999,121557906.62747,26128,1001.491,54912043.70622,0
1633762800000,54876.99,54917.32,54744.63,54855.00,1385.181,1633763699999,75933259.19935,18822,627.525,34401098.21732,0
1633763700000,54855.00,55038.14,54812.04,54944.36,1520.515,1633764599999,83525453.43701,20711,825.790,45364042.06669,0
1633764600000,54948.04,55096.00,54813.68,54898.56,1768.380,1633765499999,97140752.76866,21528,834.448,45842530.29135,0
1633765500000,54898.56,55016.15,54818.31,54943.45,1329.005,1633766399999,72986034.05169,17666,680.077,37347393.45798,0
1633766400000,54943.46,55087.82,54880.24,54955.96,2018.338,1633767299999,110983403.33018,23698,918.505,50507539.47597,0
1633767300000,54955.97,54994.15,54761.63,54767.38,1745.783,1633768199999,95804276.05882,23592,732.668,40209709.79968,0
1633768200000,54767.38,54820.00,54540.89,54655.00,3180.546,1633769099999,173842608.22372,36092,1405.927,76843110.27563,0
1633769100000,54655.00,54764.07,54625.05,54764.07,1287.066,1633769999999,70403713.73764,19131,727.878,39819528.48378,0
1633770000000,54764.09,54800.00,54633.36,54681.05,1178.490,1633770899999,64470588.04879,18704,456.412,24971165.25320,0
1633770900000,54681.06,54700.00,54509.02,54597.01,1294.568,1633771799999,70686790.42089,19957,573.274,31302983.70903,0
1633771800000,54597.01,54764.46,54575.00,54730.63,1271.121,1633772699999,69529272.44344,17601,680.139,37203035.15127,0
1633772700000,54730.63,54956.95,54676.07,54938.25,2196.788,1633773599999,120485640.98671,26358,1230.026,67457646.33578,0
1633773600000,54938.26,55069.27,54802.29,54864.43,2900.891,1633774499999,159352666.19145,30495,1295.066,71163029.03518,0
1633774500000,54864.43,54928.90,54678.58,54680.09,1659.756,1633775399999,90959442.26136,22096,742.271,40682897.22701,0
1633775400000,54680.09,54790.14,54604.00,54685.79,1251.596,1633776299999,68455546.01351,20247,685.675,37503040.52705,0
1633776300000,54685.80,54924.00,54681.31,54923.99,1634.272,1633777199999,89567404.92327,21035,943.473,51710587.91411,0
1633777200000,54923.99,55434.52,54816.00,55290.96,4532.006,1633778099999,249854123.90808,48829,2734.781,150815354.86434,0
1633778100000,55290.97,55420.73,54952.25,55100.01,5034.583,1633778999999,277729255.92515,55161,2085.502,115076702.94170,0
1633779000000,55100.01,55330.52,54862.32,54886.56,3996.156,1633779899999,219988301.64500,36857,2072.773,114123537.25446,0
1633779900000,54886.56,54970.00,54808.00,54820.00,2043.128,1633780799999,112120383.80779,23513,984.034,54006995.89444,0
1633780800000,54820.01,55139.93,54820.01,55118.97,2102.455,1633781699999,115575184.40829,27914,1142.660,62816378.84332,0
1633781700000,55118.97,55182.89,54965.03,55138.16,2300.104,1633782599999,126688656.01324,27619,1072.676,59095747.98200,0
1633782600000,55138.16,55196.71,55000.15,55048.45,1762.659,1633783499999,97136335.75171,22649,740.156,40794235.13623,0
1633783500000,55048.46,55106.23,54974.48,55011.36,1236.865,1633784399999,68072451.42891,17313,528.626,29094581.39749,0
1633784400000,55011.36,55100.00,55005.10,55026.53,1117.844,1633785299999,61550244.53691,16619,568.473,31303820.94084,0
1633785300000,55026.53,55105.00,54950.00,54981.70,1072.037,1633786199999,59003802.88848,17591,501.265,27595143.38499,0
1633786200000,54981.70,55500.00,54955.20,55255.17,5681.055,1633787099999,313901222.23307,52544,3196.546,176639818.75525,0
1633787100000,55255.16,55589.00,55245.67,55274.69,4547.093,1633787999999,251786312.10906,46985,2220.411,122966370.01912,0
1633788000000,55274.69,55351.56,55170.91,55192.10,1901.826,1633788899999,105045997.15433,25962,887.174,49002784.56307,0
1633788900000,55192.09,55244.93,55086.68,55193.10,1833.799,1633789799999,101153941.60252,26291,950.776,52452217.29178,0
1633789800000,55193.32,55342.03,55137.00,55299.13,1581.389,1633790699999,87347206.42709,22592,814.482,44992613.58858,0
1633790700000,55299.12,55338.99,55113.18,55178.87,1312.198,1633791599999,72423110.49157,19738,547.354,30206276.40957,0
1633791600000,55178.79,55219.54,55070.72,55116.47,1248.609,1633792499999,68848455.03770,19016,575.408,31730618.50338,0
1633792500000,55116.48,55180.00,55060.00,55133.81,960.907,1633793399999,52965987.35564,16238,459.812,25347924.68297,0
1633793400000,55133.80,55175.26,54975.99,55005.93,1656.253,1633794299999,91216263.96890,22219,650.524,35834747.61024,0
1633794300000,55005.93,55051.33,54906.84,55016.38,1660.117,1633795199999,91268482.63286,25531,785.399,43183140.22448,0
1633795200000,55016.38,55179.65,55000.35,55096.49,1751.722,1633796099999,96492193.69506,24662,983.880,54202055.08716,0
1633796100000,55096.49,55138.56,54901.00,55035.01,2268.242,1633796999999,124735399.63985,28610,1230.741,67680996.22429,0
1633797000000,55035.01,55095.70,54672.94,54784.35,2983.154,1633797899999,163691714.17746,33485,1018.016,55883351.70910,0
1633797900000,54785.32,54874.35,54692.32,54849.59,2745.243,1633798799999,150430222.99264,30967,1458.800,79947988.08308,0
1633798800000,54849.60,54969.00,54817.00,54840.81,1283.784,1633799699999,70476908.95950,19547,688.747,37814912.41403,0
1633799700000,54840.82,54946.00,54756.00,54927.16,1149.294,1633800599999,63048983.58378,17439,547.880,30059691.17072,0
1633800600000,54927.16,54981.99,54783.00,54804.35,1015.414,1633801499999,55746421.31485,15535,410.479,22538337.16174,0
1633801500000,54804.35,54960.00,54804.35,54947.56,645.060,1633802399999,35416305.17896,12403,353.143,19388764.56184,0
1633802400000,54947.56,55147.99,54842.69,54884.39,1797.796,1633803299999,98867571.80263,22622,993.687,54655851.18106,0
1633803300000,54884.38,54950.00,54777.38,54865.54,1002.933,1633804199999,55003707.95402,15912,494.473,27118264.97755,0
1633804200000,54866.16,54894.85,54781.31,54857.01,742.294,1633805099999,40700869.58058,11949,320.220,17558151.46895,0
1633805100000,54857.01,54941.77,54850.05,54925.66,653.024,1633805999999,35852580.91993,12500,358.947,19707266.34188,0
1633806000000,54925.67,54986.00,54890.04,54917.90,571.795,1633806899999,31419270.17749,10860,314.212,17266128.75669,0
1633806900000,54917.91,54920.00,54784.00,54799.12,768.939,1633807799999,42168073.72177,13357,352.517,19331582.06964,0
1633807800000,54797.44,54885.00,54714.59,54855.00,1081.640,1633808699999,59261754.61435,16086,554.982,30411845.42068,0
1633808700000,54855.00,54855.00,54600.00,54680.44,1586.596,1633809599999,86801461.80325,21080,492.588,26951357.27207,0
1633809600000,54680.44,54680.44,54351.00,54425.87,3720.490,1633810499999,202706703.15441,40507,1622.490,88399920.42026,0
1633810500000,54425.87,54539.72,54342.36,54496.19,1613.364,1633811399999,87866426.62000,21898,887.685,48350855.04438,0
1633811400000,54496.20,54583.43,54400.17,54553.51,1022.313,1633812299999,55695706.42833,16400,616.775,33605807.49050,0
1633812300000,54553.51,54695.00,54476.05,54690.34,1125.409,1633813199999,61435488.39587,18307,672.483,36717935.40626,0
1633813200000,54690.34,54699.85,54573.99,54698.34,891.943,1633814099999,48733891.77313,14559,387.411,21170542.09201,0
1633814100000,54698.34,54777.00,54619.84,54740.56,964.961,1633814999999,52792583.95892,15530,601.572,32913901.55845,0
1633815000000,54740.56,54786.00,54714.06,54777.79,547.595,1633815899999,29979985.83490,9451,322.463,17655064.42925,0
1633815900000,54777.78,54877.10,54750.12,54860.45,884.581,1633816799999,48484285.06301,15141,537.892,29484007.49602,0
1633816800000,54860.44,54966.00,54785.00,54964.50,925.470,1633817699999,50759408.62927,15468,555.459,30472542.10122,0
1633817700000,54964.50,55006.05,54854.89,54876.29,1373.188,1633818599999,75432593.76241,18692,491.591,27009464.40960,0
1633818600000,54876.30,54938.00,54780.13,54917.04,968.226,1633819499999,53101369.73083,14324,508.164,27873439.91614,0
1633819500000,54917.04,54970.21,54848.04,54926.83,661.422,1633820399999,36306699.22646,13578,318.813,17501773.71090,0
1633820400000,54926.83,55073.18,54877.22,55025.22,1059.390,1633821299999,58240150.39270,17736,694.487,38182781.63473,0
1633821300000,55025.21,55081.50,55006.47,55016.77,873.657,1633822199999,48079516.93683,15577,459.519,25290352.92566,0
1633822200000,55016.99,55016.99,54941.45,54989.70,774.022,1633823099999,42552923.21059,14401,292.209,16064813.28322,0
1633823100000,54989.70,55188.61,54902.28,54960.77,1971.411,1633823999999,108536772.01079,24943,1010.823,55664198.62216,0
1633824000000,54960.79,54982.18,54826.25,54899.00,2018.224,1633824899999,110785224.32641,24492,924.027,50727922.44134,0
1633824900000,54899.00,55165.93,54871.23,55125.09,1917.743,1633825799999,105601920.25599,24774,1085.829,59788822.56871,0
1633825800000,55125.96,55237.95,55037.10,55144.50,1938.695,1633826699999,106896722.11705,23986,1065.351,58747716.59180,0
1633826700000,55144.50,55168.00,54916.41,54929.14,1711.941,1633827599999,94177826.80464,22938,683.120,37578659.66353,0
1633827600000,54929.14,54981.82,54565.52,54704.23,3976.964,1633828499999,217596008.68774,43596,1771.407,96910117.49864,0
1633828500000,54704.22,54752.48,54498.12,54586.60,3551.910,1633829399999,193970942.69952,36044,1733.470,94681154.55410,0
1633829400000,54590.45,54610.00,54444.50,54475.30,2395.649,1633830299999,130616528.70133,27619,1132.072,61729376.05914,0
1633830300000,54477.65,54537.48,54410.00,54412.74,1958.218,1633831199999,106650903.80671,22807,755.967,41178881.48463,0
1633831200000,54412.74,54620.00,54101.00,54488.95,5667.714,1633832099999,308105989.65085,55104,2824.975,153677521.98126,0
1633832100000,54485.30,54575.15,54380.00,54466.91,1264.561,1633832999999,68889543.92426,19680,647.964,35307339.13352,0
1633833000000,54466.90,54752.59,54453.07,54719.61,2200.120,1633833899999,120171231.84193,26409,1386.814,75744890.65399,0
1633833900000,54719.61,54799.00,54627.54,54654.72,1506.818,1633834799999,82410667.96234,20549,680.307,37208616.73747,0
1633834800000,54652.62,54785.68,54591.22,54781.44,1284.456,1633835699999,70237471.55763,17164,748.831,40950592.55052,0
1633835700000,54781.45,54899.00,54721.51,54801.46,1677.372,1633836599999,91946504.95077,21702,748.196,41015903.64156,0
1633836600000,54801.69,54956.06,54786.81,54890.03,1062.149,1633837499999,58267720.80402,17205,523.141,28703653.31944,0
1633837500000,54890.03,55209.99,54791.00,55076.40,4020.646,1633838399999,221407034.93819,37798,2159.674,118951710.98188,0
1633838400000,55075.01,55298.10,55074.06,55148.29,2721.268,1633839299999,150138390.83975,30114,1402.680,77399965.63361,0
1633839300000,55148.30,55183.69,55069.76,55101.93,1773.273,1633840199999,97744867.59672,20976,698.534,38509321.57744,0
1633840200000,55101.93,55380.00,54871.85,55244.99,4099.190,1633841099999,225786535.41940,40775,2120.311,116865216.91821,0
1633841100000,55244.99,56100.00,55242.46,55919.84,13760.202,1633841999999,766815469.59449,124174,7353.987,409777799.60694,0
1633842000000,55919.85,56165.51,55721.59,55867.99,5718.887,1633842899999,319577763.93208,57739,2687.950,150216713.70937,0
1633842900000,55868.89,55900.00,55428.53,55574.66,5619.602,1633843799999,312653918.47707,50006,2319.785,129031361.29009,0
1633843800000,55574.67,55731.40,55456.44,55687.74,2278.624,1633844699999,126709118.91594,28599,1259.223,70024402.45355,0
1633844700000,55687.74,55823.54,55653.48,55708.91,1771.938,1633845599999,98744395.46474,23643,783.416,43661382.84090,0
1633845600000,55708.92,55825.98,55530.62,55762.69,2198.642,1633846499999,122432404.86476,28565,1006.967,56083039.32043,0
1633846500000,55762.69,55894.23,55670.00,55734.49,1609.453,1633847399999,89761511.15833,20415,908.539,50686109.97091,0
1633847400000,55734.50,55740.00,55550.00,55595.79,1314.119,1633848299999,73100121.39835,20372,572.083,31823384.04653,0
1633848300000,55595.79,55680.54,55545.50,55660.10,1015.499,1633849199999,56487403.06865,16564,577.498,32126482.82302,0
1633849200000,55660.10,55745.13,55550.00,55696.78,1359.666,1633850099999,75663654.15867,20272,686.129,38183999.89505,0
1633850100000,55696.79,55813.55,55464.32,55591.15,2633.240,1633850999999,146459153.83554,33141,1170.379,65099016.04629,0
1633851000000,55591.14,55750.00,55504.26,55653.62,1287.621,1633851899999,71630682.45111,20716,691.173,38450401.42057,0
1633851900000,55653.62,55720.00,55559.16,55699.00,1043.778,1633852799999,58068391.53082,16759,520.509,28959575.02887,0
1633852800000,55699.00,55850.19,55635.13,55695.74,2184.702,1633853699999,121775563.74116,28698,1204.629,67147697.77897,0
1633853700000,55699.42,55869.99,55640.02,55852.64,1587.546,1633854599999,88514242.00183,24199,830.018,46285535.53268,0
1633854600000,55852.64,55980.00,55675.00,55761.60,2434.033,1633855499999,135833538.87750,30643,1278.753,71381444.37311,0
1633855500000,55761.60,55831.14,55555.00,55619.00,2040.275,1633856399999,113596041.72595,26663,905.613,50424719.63696,0
1633856400000,55619.00,55636.14,55001.00,55133.86,7403.286,1633857299999,409292136.93542,70679,2885.278,159502118.17949,0
1633857300000,55133.86,55211.76,54857.00,55124.77,7399.130,1633858199999,407358769.68187,67757,3458.415,190462803.91505,0
1633858200000,55124.76,55161.07,54837.98,54931.83,3894.732,1633859099999,214141506.74130,44070,1835.123,100913770.88455,0
1633859100000,54931.82,55056.71,54888.12,55016.87,2205.943,1633859999999,121263332.45506,28211,1287.988,70807084.48802,0
1633860000000,55016.87,55199.91,54710.00,55195.18,4731.278,1633860899999,260138044.94928,50524,2476.233,136240079.87206,0
1633860900000,55195.18,55195.19,55056.02,55164.14,1181.433,1633861799999,65106022.19512,18738,558.662,30786111.69847,0
1633861800000,55164.14,55164.14,55019.50,55118.00,1032.362,1633862699999,56870218.50736,16366,406.274,22382208.04234,0
1633862700000,55118.00,55125.00,54965.57,55052.97,1063.342,1633863599999,58536267.68892,17413,465.830,25645644.10282,0
1633863600000,55052.97,55082.10,54850.00,54891.14,2056.424,1633864499999,112985344.85723,25544,825.795,45372991.85382,0
1633864500000,54890.53,55076.84,54868.17,55063.27,1247.488,1633865399999,68576352.11870,19507,759.953,41782548.68310,0
1633865400000,55063.26,55308.69,55063.26,55295.71,2731.740,1633866299999,150749088.46988,32274,1570.281,86661118.44541,0
1633866300000,55295.71,55350.55,55141.01,55182.23,1777.638,1633867199999,98168078.24583,24873,850.394,46970938.76861,0
1633867200000,55182.24,55227.30,55051.39,55082.97,1357.912,1633868099999,74852807.32609,21751,636.753,35100099.14910,0
1633868100000,55082.96,55087.80,54750.00,54852.90,3202.742,1633868999999,175866336.62318,38338,1406.195,77202104.44073,0
1633869000000,54854.45,54998.99,54814.74,54940.38,1391.544,1633869899999,76438997.40717,21033,710.460,39029049.81169,0
1633869900000,54940.38,55079.98,54871.16,54980.12,1917.303,1633870799999,105398411.23977,24388,973.903,53540749.64208,0
1633870800000,54980.13,55175.44,54641.00,55034.14,5307.563,1633871699999,291396944.72077,51575,2333.556,128205402.02073,0
1633871700000,55034.14,55350.00,55012.81,55218.71,3693.346,1633872599999,203874124.04092,41212,2023.547,111695942.79805,0
1633872600000,55218.72,55290.99,55100.00,55204.46,1690.856,1633873499999,93326046.68405,24246,774.657,42760500.24309,0
1633873500000,55204.46,55287.99,55170.62,55246.67,1344.162,1633874399999,74242023.43488,21829,619.538,34220759.34137,0
1633874400000,55245.51,55446.32,55168.96,55295.45,2466.748,1633875299999,136432292.46455,32278,1378.885,76275665.08086,0
1633875300000,55295.44,55485.66,55256.86,55274.37,2539.027,1633876199999,140569133.39947,29208,1263.367,69964499.97012,0
1633876200000,55274.37,55324.49,55153.67,55208.90,1872.109,1633877099999,103408551.73545,23549,808.568,44665404.74529,0
1633877100000,55208.90,55250.28,55130.00,55148.59,1183.775,1633877999999,65344142.03026,18455,594.581,32824425.65954,0
1633878000000,55148.59,55227.18,55000.81,55186.91,2398.389,1633878899999,132160546.87498,29661,1151.960,63486051.55036,0
1633878900000,55186.90,55249.00,55081.05,55211.37,1229.579,1633879799999,67830824.86161,19737,575.243,31736738.83808,0
1633879800000,55211.95,55400.00,55175.00,55390.09,1520.989,1633880699999,84097735.28128,21801,892.782,49371535.37233,0
1633880700000,55390.08,55600.00,55321.30,55383.24,4101.899,1633881599999,227442068.23476,44047,2242.004,124340271.64741,0
1633881600000,55383.23,55480.00,55265.89,55359.99,2138.253,1633882499999,118377971.07176,26721,967.041,53544687.26200,0
1633882500000,55359.99,55379.48,55194.46,55231.83,1269.436,1633883399999,70159293.96582,21742,572.375,31635319.27465,0
1633883400000,55231.82,55468.00,55210.11,55458.36,1483.579,1633884299999,82101162.16500,20720,870.943,48202095.50902,0
1633884300000,55458.35,55510.35,55319.53,55486.96,1712.471,1633885199999,94925811.63832,23980,874.966,48508609.21782,0
1633885200000,55486.96,55497.66,55114.33,55174.44,3306.870,1633886099999,182708748.00524,35423,1469.966,81208636.08678,0
1633886100000,55174.44,55233.96,55060.00,55137.35,2239.972,1633886999999,123493645.75766,29760,1172.675,64656275.36840,0
1633887000000,55137.36,55304.40,55007.18,55245.68,1832.112,1633887899999,101076860.53480,24214,842.276,46495994.17913,0
1633887900000,55245.69,55375.98,55237.76,55371.75,1166.047,1633888799999,64503599.61816,19046,572.065,31647059.20745,0
1633888800000,55371.75,55426.89,55014.32,55148.53,3138.887,1633889699999,173345218.17314,32226,1396.421,77144096.00569,0
1633889700000,55148.52,55338.30,55127.76,55197.40,1825.088,1633890599999,100806145.00945,22336,851.045,47008559.22103,0
1633890600000,55197.40,55374.17,55157.00,55218.91,1609.785,1633891499999,88982941.46745,18287,794.908,43957222.02974,0
1633891500000,55218.92,55350.00,55198.48,55340.88,662.457,1633892399999,36623990.79417,14097,385.563,21316747.32973,0
1633892400000,55340.89,55461.00,55248.24,55343.84,1981.490,1633893299999,109687626.31661,24293,1019.117,56431495.75344,0
1633893300000,55343.84,55442.01,55255.00,55415.26,1083.774,1633894199999,59986575.25892,15499,626.170,34662942.05983,0
1633894200000,55415.26,55554.52,55378.98,55438.53,1928.953,1633895099999,106986004.36728,24636,1001.995,55580094.93602,0
1633895100000,55442.48,55536.41,55363.18,55475.46,1324.268,1633895999999,73434700.34789,18810,670.937,37202217.50286,0
1633896000000,55475.45,55895.79,55426.60,55884.64,3950.708,1633896899999,219948784.26899,49451,2357.006,131229232.04803,0
1633896900000,55889.24,56789.00,55812.52,56300.00,16223.947,1633897799999,912281475.70909,138919,9480.212,533304778.89752,0
1633897800000,56299.99,56425.47,55309.47,55514.97,12538.305,1633898699999,699223550.68650,113784,5495.076,306293993.49877,0
1633898700000,55514.96,55624.72,55230.66,55460.60,4302.102,1633899599999,238422321.90993,48731,1990.783,110352961.54766,0
1633899600000,55460.59,55473.17,54800.00,54834.33,11147.425,1633900499999,613217114.14375,98077,4652.455,255906335.10615,0
1633900500000,54833.10,54925.63,54473.41,54787.50,10148.087,1633901399999,554971172.78755,99682,4867.098,266233296.80291,0
1633901400000,54787.50,55009.52,54751.35,54885.40,3359.800,1633902299999,184484563.63030,37329,1725.043,94737161.64139,0
1633902300000,54885.40,55022.00,54817.81,54832.87,1593.468,1633903199999,87514441.51983,21872,765.636,42058643.63768,0
1633903200000,54832.86,54911.94,54620.83,54811.17,3653.541,1633904099999,200029214.45787,37047,1670.917,91495115.62024,0
1633904100000,54811.18,54911.74,54710.27,54799.27,2229.023,1633904999999,122214741.32508,23387,1222.810,67045153.31979,0
1633905000000,54803.37,54833.65,54590.84,54746.68,3994.835,1633905899999,218556001.47151,32216,1946.852,106531962.35487,0
1633905900000,54748.11,55000.00,54686.84,54940.06,4531.201,1633906799999,248639826.68367,36667,2320.002,127339945.02465,0
1633906800000,54943.51,54974.91,54835.00,54840.25,1314.155,1633907699999,72133758.69976,18089,548.048,30083546.32697,0
1633907700000,54839.13,54979.24,54833.32,54860.35,1448.573,1633908599999,79521137.72589,16313,820.114,45019087.42029,0
1633908600000,54860.35,54860.36,54535.00,54679.77,3420.268,1633909499999,187038524.54020,31335,1432.670,78341687.42920,0
1633909500000,54679.78,54843.80,54329.39,54700.00,5966.461,1633910399999,325778856.35129,51246,2915.875,159308760.44659,0
1633910400000,54700.00,54950.00,54458.00,54744.10,5478.313,1633911299999,299783785.01277,53744,2852.488,156120188.45307,0
1633911300000,54744.10,54850.36,54554.01,54745.99,2817.722,1633912199999,154056034.52987,30743,1315.956,71957893.06611,0
1633912200000,54745.99,54980.00,54730.78,54969.98,2673.367,1633913099999,146757900.95121,29537,1458.326,80055188.65138,0
1633913100000,54969.98,55200.00,54899.99,55183.96,3802.828,1633913999999,209417862.52915,36120,2277.061,125415155.60748,0
1633914000000,55183.97,55488.00,55084.22,55460.00,4171.727,1633914899999,230658711.08386,40343,2468.250,136495862.38520,0
1633914900000,55459.99,55666.00,55325.95,55529.09,5650.936,1633915799999,313569770.95753,46190,2481.751,137725631.11695,0
1633915800000,55529.09,55566.55,55441.18,55519.00,2122.738,1633916699999,117813098.12732,24946,976.776,54213797.66682,0
1633916700000,55519.22,55555.34,55337.83,55343.61,1898.684,1633917599999,105282408.68986,22543,827.756,45910047.94731,0
1633917600000,55343.62,55480.00,55343.10,55381.12,1514.992,1633918499999,83941972.83820,20979,798.940,44271864.40954,0
1633918500000,55379.28,55461.85,55279.23,55388.78,1514.140,1633919399999,83853222.22994,19815,722.188,40005859.36077,0
1633919400000,55388.78,55518.00,55383.55,55504.19,1421.756,1633920299999,78863675.41419,18314,836.432,46400828.39528,0
1633920300000,55504.20,55844.37,55465.02,55844.37,3621.357,1633921199999,201623438.46942,36879,2191.000,121991960.85436,0
1633921200000,55843.01,56071.77,55674.71,55758.27,6665.006,1633922099999,372219387.12357,59129,3060.577,170979118.60439,0
1633922100000,55758.27,56189.55,55750.49,56138.53,4591.714,1633922999999,257074655.97241,49747,2579.031,144382438.76501,0
1633923000000,56137.04,56557.53,56095.99,56418.60,9040.080,1633923899999,509578087.21697,87457,4710.530,265556718.34611,0
1633923900000,56416.48,56861.52,56286.18,56538.24,9051.112,1633924799999,511525668.69928,87844,4682.138,264696323.27593,0
1633924800000,56538.24,56700.00,56370.36,56566.25,4272.135,1633925699999,241535180.55437,51581,2205.813,124735082.22739,0
1633925700000,56566.25,56761.92,56508.55,56629.37,2931.325,1633926599999,166075840.86889,38077,1383.359,78376523.56782,0
1633926600000,56629.37,56716.01,56533.95,56542.46,2137.376,1633927499999,120981385.13047,30753,963.642,54553409.34053,0
1633927500000,56542.45,56576.10,56378.79,56508.28,2866.201,1633928399999,161873503.99140,34195,1388.852,78439297.22654,0
1633928400000,56508.28,56625.00,56446.51,56451.00,1993.923,1633929299999,112726592.26414,28045,1023.670,57878194.06507,0
1633929300000,56451.00,56540.70,56350.00,56386.23,2070.860,1633930199999,116856079.14755,29245,899.457,50756322.19556,0
1633930200000,56386.24,56489.29,56158.31,56394.68,3349.308,1633931099999,188660911.92027,36542,1553.902,87549266.75771,0
1633931100000,56394.68,56595.00,56331.75,56569.01,2386.366,1633931999999,134803022.23867,31686,1311.253,74073560.04817,0
1633932000000,56569.01,56820.00,56569.01,56658.64,4298.217,1633932899999,243585248.23260,44838,2262.597,128250798.29594,0
1633932900000,56660.83,56672.75,56476.91,56569.55,2133.357,1633933799999,120714946.92064,29186,892.796,50523431.24481,0
1633933800000,56569.54,56746.37,56546.03,56705.34,2010.343,1633934699999,113923297.51612,26381,1113.222,63086772.90782,0
1633934700000,56704.20,56727.20,56585.99,56693.01,1694.622,1633935599999,96009762.69317,23314,808.382,45807103.30589,0
1633935600000,56693.02,57164.92,56670.23,56789.07,6414.205,1633936499999,364674092.83310,64606,3784.330,215211592.64082,0
1633936500000,56789.07,56843.24,56570.00,56694.36,3817.508,1633937399999,216315599.62731,38375,1610.522,91268949.88186,0
1633937400000,56694.36,57136.96,56691.18,56760.15,6451.346,1633938299999,367158117.71023,62272,3354.955,190973899.87060,0
1633938300000,56761.24,56850.90,56627.25,56819.99,2634.513,1633939199999,149538840.35463,33389,1321.616,75035321.85816,0
1633939200000,56820.00,56915.53,56648.22,56698.71,3540.933,1633940099999,201033885.08859,37486,1518.407,86224412.61352,0
1633940100000,56698.71,56780.70,56346.06,56430.01,5636.558,1633940999999,318551135.62945,55592,2488.362,140623977.43531,0
1633941000000,56430.01,56664.00,56419.55,56455.37,2898.364,1633941899999,163855707.80989,34701,1618.963,91533935.87147,0
1633941900000,56455.36,56639.99,56372.05,56590.57,2262.589,1633942799999,127899202.19968,29258,1114.284,62999720.00021,0
1633942800000,56590.57,56764.64,56567.74,56646.27,1922.284,1633943699999,108953265.75187,26717,1063.932,60304533.60863,0
1633943700000,56646.26,56798.25,56544.94,56596.18,1653.738,1633944599999,93659699.33534,24573,793.672,44958684.07492,0
1633944600000,56596.19,56679.06,56476.44,56576.42,1753.791,1633945499999,99231407.52656,22643,825.126,46692999.58832,0
1633945500000,56576.43,56680.00,56453.04,56541.09,1894.985,1633946399999,107139017.41072,23545,901.686,50984468.34140,0
1633946400000,56541.09,56598.14,56451.01,56482.29,1292.733,1633947299999,73046481.65331,19255,610.136,34477651.00623,0
1633947300000,56482.30,56579.89,56456.92,56557.05,1374.170,1633948199999,77665108.67924,20391,773.657,43728459.40097,0
1633948200000,56557.05,56588.55,56400.00,56416.27,1733.418,1633949099999,97903860.41402,21292,731.075,41296409.34189,0
1633949100000,56416.26,56532.00,56211.00,56229.89,3365.576,1633949999999,189700484.24752,35312,1309.587,73835640.52597,0
1633950000000,56229.93,56364.39,55910.00,56087.49,8658.819,1633950899999,485874388.37520,73933,3956.492,222032791.64200,0
1633950900000,56085.21,56300.01,56075.63,56213.20,3787.180,1633951799999,212885333.89488,38718,2181.453,122623789.35405,0
1633951800000,56213.20,56691.50,56176.37,56614.66,5266.668,1633952699999,297572549.18573,53293,3080.059,173993525.61774,0
1633952700000,56612.89,56615.00,56428.75,56437.85,1751.410,1633953599999,98959909.91755,23695,750.389,42398786.35114,0
1633953600000,56437.85,56561.13,56208.69,56303.73,3800.334,1633954499999,214265536.99132,36459,1641.038,92542251.30945,0
1633954500000,56303.73,56502.93,56150.51,56386.89,3155.183,1633955399999,177756049.17283,33845,1555.139,87622220.00998,0
1633955400000,56386.90,56570.43,56333.28,56494.58,1797.170,1633956299999,101506948.22617,24272,960.684,54263884.26386,0
1633956300000,56494.58,56576.19,56385.60,56498.07,1767.848,1633957199999,99882201.71139,23078,989.333,55904750.72104,0
1633957200000,56498.08,56769.09,56498.07,56740.25,3294.363,1633958099999,186612561.22931,36853,1907.200,108045214.43719,0
1633958100000,56740.32,56996.48,56670.42,56992.39,4287.299,1633958999999,243537643.13064,51373,2447.208,139034391.17041,0
1633959000000,56992.38,57400.00,56839.00,57275.60,13302.226,1633959899999,760056071.39949,127192,6963.030,397891543.26124,0
1633959900000,57275.61,57440.00,57160.23,57227.44,7585.836,1633960799999,434633131.67164,78405,3580.557,205165380.83233,0
1633960800000,57227.43,57349.17,57019.05,57220.56,4975.356,1633961699999,284410278.17663,58034,2395.695,136960457.03523,0
1633961700000,57220.55,57484.88,57184.42,57388.87,5385.633,1633962599999,308654019.90996,59803,2694.766,154465233.46208,0
1633962600000,57388.88,57685.86,57299.94,57481.34,8205.678,1633963499999,472001410.06376,84576,4394.808,252837396.92873,0
1633963500000,57481.96,57599.22,57366.42,57450.61,2966.893,1633964399999,170558754.19528,37234,1364.971,78478933.56051,0
1633964400000,57452.24,57558.77,57321.22,57348.00,3343.678,1633965299999,191963444.03932,37596,1616.472,92818100.76208,0
1633965300000,57348.00,57425.99,57212.42,57414.99,3016.344,1633966199999,172848290.05223,35686,1419.424,81355117.65436,0
1633966200000,57414.99,57569.00,57334.52,57544.00,2611.203,1633967099999,150033597.38773,31716,1459.406,83862517.32584,0
1633967100000,57545.75,57622.80,57456.37,57500.00,2066.815,1633967999999,118904609.14610,28690,1095.206,63014666.96234,0
1633968000000,57500.00,57679.00,57363.60,57611.19,3647.407,1633968899999,209820552.51386,38978,1786.177,102765815.43817,0
1633968900000,57611.20,57798.05,57341.02,57489.25,5391.249,1633969799999,310315001.65209,53958,2833.754,163135878.80992,0
1633969800000,57489.25,57511.71,57253.67,57350.85,2762.519,1633970699999,158458192.52778,31830,1260.203,72287797.12659,0
1633970700000,57361.58,57428.75,57260.00,57309.64,1687.333,1633971599999,96734123.13609,22518,867.977,49764428.80963,0
1633971600000,57309.64,57498.00,57200.84,57472.82,2604.992,1633972499999,149436624.27181,30050,1398.671,80247729.10641,0
1633972500000,57475.07,57600.00,57405.00,57465.85,2280.034,1633973399999,131108775.88750,27430,1255.347,72198353.97711,0
1633973400000,57465.72,57470.73,57367.55,57447.11,1037.795,1633974299999,59584437.62676,17139,518.079,29746644.93782,0
1633974300000,57447.10,57480.00,57280.00,57442.24,1265.253,1633975199999,72591486.03067,18483,598.756,34352359.86408,0
1633975200000,57442.25,57579.99,57350.00,57449.99,1976.854,1633976099999,113568898.82077,23754,859.956,49412876.19662,0
1633976100000,57449.99,57538.63,57360.00,57498.03,1459.199,1633976999999,83860610.18911,17612,678.697,39003059.89807,0
1633977000000,57498.03,57507.27,57320.06,57335.54,1067.536,1633977899999,61273316.33823,16122,521.608,29938926.11372,0
1633977900000,57335.54,57466.00,57332.54,57356.85,1076.535,1633978799999,61796410.80532,16520,567.065,32551925.30099,0
1633978800000,57356.86,57537.95,57353.00,57509.03,1528.213,1633979699999,87822714.70753,18715,794.980,45682071.21210,0
1633979700000,57509.03,57678.00,57493.28,57583.43,2102.708,1633980599999,121101809.90167,25991,1217.534,70122815.68112,0
1633980600000,57582.28,57791.12,57543.27,57736.17,3072.423,1633981499999,177211022.34567,36254,1586.236,91498227.42454,0
1633981500000,57736.18,57880.00,57466.94,57501.90,3980.868,1633982399999,229577340.91164,43382,2013.150,116152279.23092,0
1633982400000,57501.90,57522.54,56810.00,56990.01,10785.145,1633983299999,615947115.80049,99973,4675.712,267077669.09917,0
1633983300000,56990.01,57334.93,56929.70,57334.76,4504.796,1633984199999,257559489.96675,49739,2240.809,128136554.63199,0
1633984200000,57334.76,57450.18,57200.00,57440.74,2632.095,1633985099999,150967019.82615,33040,1374.322,78839560.58600,0
1633985100000,57440.75,57482.95,57305.12,57348.68,1853.275,1633985999999,106395499.39205,24184,829.503,47624574.51742,0
1633986000000,57349.99,57437.89,57105.25,57133.38,2569.137,1633986899999,147021296.60797,32335,1257.176,71945515.39755,0
1633986900000,57133.37,57182.95,57024.04,57182.95,2526.567,1633987799999,144260738.28779,28019,1293.220,73844889.51633,0
1633987800000,57182.95,57339.00,57181.49,57339.00,1253.981,1633988699999,71777960.94691,18786,688.483,39411432.02759,0
1633988700000,57339.00,57350.00,57065.13,57184.60,1422.920,1633989599999,81432329.85464,20402,584.941,33478992.57632,0
1633989600000,57184.60,57291.84,57074.99,57289.13,1837.087,1633990499999,105045148.63957,23657,1062.435,60750889.42453,0
1633990500000,57289.12,57289.12,57128.37,57252.93,942.785,1633991399999,53923374.22384,15575,474.192,27122683.85673,0
1633991400000,57252.94,57350.00,57158.84,57318.38,1462.680,1633992299999,83755420.21351,17895,731.113,41870249.23985,0
1633992300000,57318.38,57354.23,57195.11,57200.00,1232.815,1633993199999,70609938.22420,14111,546.445,31299424.22361,0
1633993200000,57200.00,57256.04,57100.00,57216.98,1564.115,1633994099999,89404919.64903,17820,846.327,48379570.43618,0
1633994100000,57216.98,57359.41,57154.37,57318.25,1408.258,1633994999999,80634860.74279,17505,670.810,38406291.78484,0
1633995000000,57318.24,57319.64,57160.00,57257.37,1281.958,1633995899999,73340035.03295,15464,568.160,32506567.15889,0
1633995900000,57257.37,57542.95,57200.00,57500.01,2796.366,1633996799999,160481616.68384,29621,1669.843,95840610.20421,0
1633996800000,57500.01,57504.62,56877.49,56895.93,6675.869,1633997699999,381208129.34371,58217,3375.250,192692727.35873,0
1633997700000,56895.93,57039.99,56830.00,56940.80,3592.416,1633998599999,204507080.83777,38516,1906.308,108532867.27584,0
1633998600000,56940.81,56940.81,56610.00,56760.03,5660.967,1633999499999,321270425.79670,53028,2342.678,132962463.62541,0
1633999500000,56763.76,57025.43,56750.00,56947.94,3677.850,1634000399999,209177631.42851,32029,2282.820,129846582.82607,0
1634000400000,56947.93,57010.00,56724.18,56820.89,2294.110,1634001299999,130429448.27765,26395,1159.832,65957362.33753,0
1634001300000,56820.88,57089.49,56808.00,57039.85,2439.139,1634002199999,138983279.73240,26017,1373.383,78261040.68498,0
1634002200000,57039.86,57130.00,56920.05,57124.99,2104.204,1634003099999,120033767.81263,23425,1014.902,57904626.43840,0
1634003100000,57125.00,57160.00,57002.59,57079.95,1239.440,1634003999999,70759787.51936,18695,640.233,36553162.56981,0
1634004000000,57079.95,57127.41,56843.27,57043.36,2091.204,1634004899999,119148583.28031,26529,925.101,52705536.83517,0
1634004900000,57043.36,57182.90,56900.74,56941.35,2086.951,1634005799999,119018914.93040,23985,1122.627,64029002.54791,0
1634005800000,56941.35,57096.34,56910.00,56927.37,1336.622,1634006699999,76197806.24310,17478,663.227,37809116.82222,0
1634006700000,56927.36,56931.58,56680.00,56789.05,3236.421,1634007599999,183810750.33459,32694,1405.908,79849179.58275,0
1634007600000,56789.06,56800.00,56440.01,56486.50,5419.380,1634008499999,306530191.36131,50119,2340.849,132393299.92663,0
1634008500000,56486.50,56773.00,56477.69,56672.99,2461.156,1634009399999,139374491.37218,29604,1375.172,77880857.81412,0
1634009400000,56673.07,56777.38,56611.16,56717.51,1464.381,1634010299999,83041379.96268,20531,835.941,47404401.30896,0
1634010300000,56717.51,56769.00,56622.69,56743.26,1192.407,1634011199999,67610855.87882,17518,597.336,33868869.91012,0
1634011200000,56743.25,56929.12,56584.76,56912.00,2540.606,1634012099999,144297135.68604,28698,1485.275,84365357.41453,0
1634012100000,56912.00,56991.00,56801.39,56876.10,2191.443,1634012999999,124683508.76668,24460,920.773,52393811.93546,0
1634013000000,56876.10,57064.50,56827.82,57053.21,1517.201,1634013899999,86407320.30602,20134,844.674,48106773.55977,0
1634013900000,57053.20,57053.21,56920.31,56975.22,1036.164,1634014799999,59030957.54545,16688,454.457,25891579.40344,0
1634014800000,56975.23,57076.00,56838.63,56871.85,1462.852,1634015699999,83294356.97009,19999,695.189,39587977.69721,0
1634015700000,56871.84,56923.08,56723.02,56746.99,1834.205,1634016599999,104198552.16857,22481,749.285,42571434.41815,0
1634016600000,56746.99,56871.96,56610.54,56842.99,2377.334,1634017499999,134815115.36404,26564,1281.755,72684895.62991,0
1634017500000,56842.81,57756.52,56834.70,57423.12,11227.507,1634018399999,644563650.30188,94774,6190.901,355369697.87862,0
1634018400000,57423.12,57657.28,57320.13,57575.68,4457.083,1634019299999,256341652.66915,46088,2255.482,129724888.89275,0
1634019300000,57575.68,57662.51,57467.21,57554.40,2452.931,1634020199999,141161483.42462,28660,1173.315,67529555.56999,0
1634020200000,57554.41,57560.00,57326.00,57374.67,2372.224,1634021099999,136242773.87315,28589,1013.774,58225677.16911,0
1634021100000,57374.68,57414.59,57050.77,57217.91,4362.378,1634021999999,249570933.45696,42522,2173.004,124329608.10773,0
1634022000000,57217.91,57431.86,57160.71,57402.60,2605.241,1634022899999,149287735.24369,31073,1457.995,83557015.58396,0
1634022900000,57402.19,57474.94,57285.84,57389.06,1497.154,1634023799999,85899313.66640,22889,701.993,40285020.72662,0
1634023800000,57389.06,57460.00,57222.14,57325.00,1749.554,1634024699999,100334351.54618,23573,904.161,51865481.61707,0
1634024700000,57325.00,57450.00,57214.37,57335.30,1565.576,1634025599999,89781427.15748,23389,744.738,42711745.03152,0
1634025600000,57335.31,57475.00,57255.00,57450.31,1634.835,1634026499999,93788563.00271,24307,885.163,50782950.78509,0
1634026500000,57450.30,57630.00,57379.90,57511.38,3448.698,1634027399999,198345710.65278,38942,1913.828,110073447.30874,0
1634027400000,57511.35,57549.80,57320.00,57464.14,1650.603,1634028299999,94786480.01361,24248,821.587,47178600.96593,0
1634028300000,57464.15,57550.00,57408.25,57469.99,1506.709,1634029199999,86616241.51417,22128,724.610,41654914.68515,0
1634029200000,57469.99,57516.76,57281.82,57364.56,1947.583,1634030099999,111742269.19840,26167,883.002,50652797.78383,0
1634030100000,57362.89,57378.66,57120.00,57238.75,2848.118,1634030999999,162956870.02784,34386,1342.000,76784941.44393,0
1634031000000,57238.74,57360.00,57116.56,57184.11,2206.023,1634031899999,126282002.76209,28059,1081.164,61906597.40623,0
1634031900000,57184.10,57271.20,56810.00,56975.38,6579.794,1634032799999,374937261.52976,68922,2786.254,158763498.21052,0
1634032800000,56975.39,56990.00,56720.00,56814.34,5206.008,1634033699999,296017813.22721,55392,2567.223,145995188.18351,0
1634033700000,56814.34,56995.00,56707.43,56978.49,3517.759,1634034599999,199990722.03857,41922,1897.061,107865238.73212,0
1634034600000,56978.50,57268.02,56935.01,57137.58,4500.450,1634035499999,257041519.64636,47237,2494.293,142441845.55855,0
1634035500000,57138.21,57230.00,56962.50,57195.53,2560.514,1634036399999,146147983.25992,33348,1312.886,74944298.49105,0
1634036400000,57186.79,57247.70,57100.02,57146.41,1698.797,1634037299999,97130107.93786,24452,744.164,42550318.99691,0
1634037300000,57146.41,57247.81,57045.74,57198.21,1402.719,1634038199999,80149610.29726,22278,694.650,39696565.90742,0
1634038200000,57198.21,57398.77,57198.20,57311.96,2619.801,1634039099999,150149487.16990,34084,1438.473,82443678.43600,0
1634039100000,57311.96,57375.90,57167.25,57259.99,1711.629,1634039999999,98033639.20475,24114,680.309,38969845.60129,0
1634040000000,57259.99,57306.63,57005.13,57071.78,2683.176,1634040899999,153263726.05836,33232,1133.466,64735110.32992,0
1634040900000,57071.78,57180.00,56860.25,56890.01,2858.234,1634041799999,162914394.91699,34926,1195.999,68179905.34632,0
1634041800000,56890.00,57067.52,56800.00,56947.29,3882.327,1634042699999,220960523.91338,39643,1931.167,109933589.50823,0
1634042700000,56947.65,56998.89,56801.00,56901.15,2870.085,1634043599999,163261372.02154,36899,1325.616,75412767.45490,0
1634043600000,56901.30,57251.41,56896.67,57166.85,4435.392,1634044499999,253349230.81738,45225,2166.853,123769698.46441,0
1634044500000,57166.85,57478.99,57091.98,57257.26,4450.993,1634045399999,254956378.66662,47010,2113.349,121075877.05169,0
1634045400000,57257.26,57468.75,57120.00,57245.45,4890.643,1634046299999,280345773.23060,51115,2419.847,138731614.02724,0
1634046300000,57242.98,57272.67,56869.00,56981.20,6896.363,1634047199999,393465380.14295,67002,3378.336,192762947.54045,0
1634047200000,56981.21,57173.00,56900.00,56927.46,4575.039,1634048099999,260813553.23570,46600,2229.957,127137402.20286,0
1634048100000,56927.45,57083.37,56842.19,57024.33,3290.689,1634048999999,187443031.07910,38175,1700.385,96872583.20064,0
1634049000000,57024.32,57047.42,56715.04,56721.00,4137.015,1634049899999,235212393.38405,42948,1740.495,98982394.19826,0
1634049900000,56721.01,56855.10,56106.76,56419.19,12857.693,1634050799999,726742785.79046,108225,5501.840,311109427.90910,0
1634050800000,56419.19,56580.65,56060.00,56451.30,10508.081,1634051699999,592136877.61069,95335,5454.092,307381063.23240,0
1634051700000,56451.30,56663.84,56335.91,56409.81,4056.315,1634052599999,229333950.20367,44045,1912.574,108153290.65106,0
1634052600000,56409.82,56541.32,56324.00,56457.55,2235.442,1634053499999,126189857.72691,29671,1202.376,67879142.06784,0
1634053500000,56457.54,56500.00,56233.51,56352.17,3557.790,1634054399999,200434911.40272,38176,1723.396,97092095.78847,0
1634054400000,56352.17,56434.28,56000.02,56021.41,5974.895,1634055299999,335784507.43050,58653,2547.254,143239989.84289,0
1634055300000,56020.31,56305.00,56001.36,56149.51,3760.364,1634056199999,211225785.52056,41386,2075.805,116609753.97725,0
1634056200000,56162.12,56196.63,55820.69,55969.59,6138.779,1634057099999,343712291.64533,64137,2615.157,146491521.11828,0
1634057100000,55969.58,56129.89,55873.45,55968.93,4152.363,1634057999999,232575543.05729,45080,2250.149,126038715.38894,0
1634058000000,55968.92,56031.09,55644.71,55722.29,7151.007,1634058899999,399034839.62351,69029,2896.702,161667155.83359,0
1634058900000,55724.21,55918.00,55650.00,55673.61,3226.917,1634059799999,180052772.03336,35818,1615.002,90123793.56290,0
1634059800000,55673.61,55981.79,55563.00,55855.54,5964.261,1634060699999,332495082.79270,60782,3194.328,178116009.14464,0
1634060700000,55855.54,56104.14,55850.00,55960.00,4097.303,1634061599999,229351582.51359,44658,2192.343,122718905.26453,0
1634061600000,55960.00,56043.81,55835.85,55900.83,2171.816,1634062499999,121442278.04731,28557,1016.419,56839078.20064,0
1634062500000,55900.83,55909.74,55763.89,55800.00,1799.791,1634063399999,100498353.40622,23180,1030.783,57560623.54287,0
1634063400000,55800.00,55827.84,55670.00,55714.45,1581.186,1634064299999,88137526.46612,23828,751.926,41919074.63681,0
1634064300000,55714.46,55748.20,55600.00,55626.60,1933.536,1634065199999,107628579.69195,25061,858.819,47812885.43283,0
1634065200000,55626.60,55812.00,55546.00,55702.36,2785.716,1634066099999,155030306.75725,32707,1379.428,76780853.95395,0
1634066100000,55702.37,55925.95,55664.68,55755.00,1988.215,1634066999999,110941856.63014,25701,1114.388,62184883.36026,0
1634067000000,55754.99,55883.99,55738.25,55752.64,1242.991,1634067899999,69369470.36109,19384,674.710,37656934.66978,0
1634067900000,55752.63,55753.05,55151.32,55369.15,6158.614,1634068799999,341352938.44555,61121,2425.374,134454150.43094,0
1634068800000,55369.14,55377.93,53750.00,54779.12,24931.560,1634069699999,1362415957.01967,205705,9998.155,546397028.48735,0
1634069700000,54779.12,55456.98,54650.03,55436.58,8369.453,1634070599999,460767017.49040,83184,4857.563,267430537.30630,0
1634070600000,55436.57,55635.85,55322.62,55510.83,5541.847,1634071499999,307356582.01301,55168,2832.046,157099441.37371,0
1634071500000,55510.83,55594.00,55339.25,55381.92,2685.702,1634072399999,148900961.68170,31222,1118.971,62045284.42267,0
1634072400000,55381.93,55522.20,55125.41,55474.38,4035.186,1634073299999,223166019.50609,42334,1895.498,104851251.37482,0
1634073300000,55473.28,55786.56,55460.00,55703.73,3001.839,1634074199999,167029994.61854,38706,1686.442,93844761.69077,0
1634074200000,55703.73,55807.91,55666.27,55766.34,1468.759,1634075099999,81880777.06107,24599,769.317,42891613.53997,0
1634075100000,55766.34,56101.34,55700.00,56075.16,3685.656,1634075999999,206236360.59517,43257,2139.571,119726627.17861,0
1634076000000,56075.16,56241.75,56040.00,56086.96,3403.146,1634076899999,191031312.16732,39231,1730.123,97131005.02826,0
1634076900000,56086.96,56287.98,56051.66,56217.77,2116.608,1634077799999,118987440.69537,27645,1079.078,60658383.56537,0
1634077800000,56217.77,56400.00,56152.80,56340.99,2911.736,1634078699999,163890930.95755,31564,1521.399,85636157.76031,0
1634078700000,56341.00,56435.00,56200.00,56398.33,1981.704,1634079599999,111569689.73735,24996,989.450,55716178.01567,0
1634079600000,56398.33,56560.62,56342.38,56370.27,3654.749,1634080499999,206311839.82382,38893,1666.293,94078426.28018,0
1634080500000,56370.27,56370.27,56236.17,56260.11,1733.058,1634081399999,97554045.40577,21737,772.981,43511694.82932,0
1634081400000,56260.12,56350.00,56206.18,56217.72,1216.078,1634082299999,68413603.18736,18497,560.630,31545696.63327,0
1634082300000,56217.73,56275.93,55930.86,56011.84,2835.653,1634083199999,159092287.23802,30968,1116.869,62688030.60199,0
1634083200000,56011.83,56306.94,55823.28,56195.90,4590.412,1634084099999,257470786.31523,49841,2242.937,125829734.40067,0
1634084100000,56195.89,56273.27,56066.60,56234.01,1878.613,1634084999999,105533849.21844,25396,938.087,52704154.84582,0
1634085000000,56234.01,56484.32,56213.23,56470.01,2093.316,1634085899999,117986440.65662,27818,1197.985,67521545.74278,0
1634085900000,56470.02,56524.00,56386.00,56470.00,1891.807,1634086799999,106789585.34223,25444,907.439,51230120.03890,0
1634086800000,56470.00,56624.10,56315.28,56352.00,2474.359,1634087699999,139633774.61331,29609,1176.016,66387965.31545,0
1634087700000,56354.07,56408.52,56249.01,56297.11,1200.512,1634088599999,67609908.74437,18598,524.628,29549646.54410,0
1634088600000,56297.11,56402.33,56263.01,56287.58,1125.964,1634089499999,63439587.45108,15616,601.227,33875252.46672,0
1634089500000,56287.58,56316.02,56152.22,56285.01,1743.566,1634090399999,98066346.12066,20973,704.493,39626679.29990,0
1634090400000,56285.01,56324.00,56217.57,56274.99,1286.988,1634091299999,72420658.49546,16529,586.751,33019742.13495,0
1634091300000,56274.92,56324.97,56216.65,56226.87,838.382,1634092199999,47169335.59655,13645,377.543,21243411.77358,0
1634092200000,56226.45,56340.83,56220.00,56256.70,2234.595,1634093099999,125758102.79261,17341,1069.406,60196685.42235,0
1634093100000,56256.70,56441.00,56245.28,56420.59,1688.645,1634093999999,95139485.35260,19924,964.062,54320856.48747,0
1634094000000,56420.60,56477.56,56290.00,56362.16,1448.010,1634094899999,81618027.92928,18984,638.826,36009176.60508,0
1634094900000,56362.15,56376.89,56240.00,56357.00,1135.965,1634095799999,63962297.03268,17100,580.639,32696799.60069,0
1634095800000,56357.00,56379.00,56268.25,56300.00,614.885,1634096699999,34630413.43786,13074,275.524,15518377.46484,0
1634096700000,56300.00,56325.21,56250.88,56275.50,792.595,1634097599999,44612373.43083,13692,399.381,22481272.33394,0
1634097600000,56275.51,56350.00,56225.00,56339.32,1364.740,1634098499999,76801546.30453,17131,628.644,35381262.62364,0
1634098500000,56339.33,56364.32,56211.17,56228.73,1173.373,1634099399999,66054534.75066,15528,504.708,28422544.62842,0
1634099400000,56228.73,56232.29,56067.03,56159.99,2627.940,1634100299999,147554689.29840,27706,1259.394,70715118.34852,0
1634100300000,56159.99,56225.00,56027.32,56081.27,1312.818,1634101199999,73702874.49039,20372,604.349,33936939.67489,0
1634101200000,56078.01,56129.99,56012.01,56071.41,1192.986,1634102099999,66898956.70769,18756,610.313,34228277.72331,0
1634102100000,56068.70,56224.26,55975.66,55980.97,2411.339,1634102999999,135289537.25520,24968,1217.397,68328577.10036,0
1634103000000,55980.97,55999.15,55325.00,55350.00,12205.118,1634103899999,679081204.36580,97863,5257.027,292508617.06495,0
1634103900000,55350.00,55570.00,54930.31,55023.16,10494.582,1634104799999,580000833.97977,82797,4292.424,237347143.44458,0
1634104800000,55023.16,55479.97,54770.28,55254.16,10922.370,1634105699999,602797063.50454,86297,5414.627,298854319.10653,0
1634105700000,55254.16,55523.53,55204.88,55515.20,3619.000,1634106599999,200475114.33694,39143,2124.539,117692519.53478,0
1634106600000,55515.20,55520.67,55203.59,55203.60,2126.868,1634107499999,117790442.84733,26531,974.175,53966387.77447,0
1634107500000,55203.59,55423.29,55110.44,55360.92,3561.377,1634108399999,196746633.90380,37170,1831.595,101192623.65475,0
1634108400000,55360.92,55474.75,55180.00,55180.00,2683.416,1634109299999,148545709.09305,29681,1156.952,64071333.44151,0
1634109300000,55180.01,55268.13,54914.07,54918.51,3846.591,1634110199999,211795966.18197,42890,1790.955,98635666.84858,0
1634110200000,54918.50,54978.12,54569.16,54739.18,8227.812,1634111099999,450552559.38027,79973,4096.362,224341149.36126,0
1634111100000,54739.19,54893.25,54613.00,54640.19,3829.982,1634111999999,209729968.53613,39923,1919.772,105144875.00250,0
1634112000000,54638.97,54982.43,54466.66,54805.16,9195.105,1634112899999,503184612.04316,75185,4373.666,239409873.67905,0
1634112900000,54805.16,55324.16,54778.00,55181.82,6332.986,1634113799999,349155616.34699,56640,3596.101,198233566.85801,0
1634113800000,55181.81,55228.87,54850.00,54938.35,3567.846,1634114699999,196240006.38154,36976,1678.048,92293949.08282,0
1634114700000,54939.29,55054.29,54584.22,54657.33,4135.945,1634115599999,226549030.67563,42247,1913.919,104860609.08063,0
1634115600000,54657.33,54763.80,54271.24,54407.16,7720.830,1634116499999,420665024.37463,70434,3663.320,199638790.84646,0
1634116500000,54407.15,54744.00,54385.79,54701.00,3481.298,1634117399999,190182475.43960,38082,1893.160,103415561.37626,0
1634117400000,54701.00,54850.00,54590.51,54590.56,2698.544,1634118299999,147767966.32579,31548,1214.070,66488817.99336,0
1634118300000,54590.56,54972.91,54583.38,54893.45,2728.529,1634119199999,149597770.71961,33191,1571.669,86169230.61859,0
1634119200000,54893.46,54999.00,54840.00,54862.63,2138.054,1634120099999,117440823.50818,28742,1101.504,60511025.59576,0
1634120100000,54862.62,55030.93,54856.01,55020.90,1583.756,1634120999999,87039087.76144,24670,965.524,53066119.23053,0
1634121000000,55020.89,55146.35,54750.44,54820.00,4124.059,1634121899999,226740854.91749,40851,1853.274,101920562.56345,0
1634121900000,54820.00,54870.00,54419.00,54675.69,5326.809,1634122799999,290848379.49514,55738,2720.187,148538665.41659,0
1634122800000,54675.69,54834.09,54489.99,54808.56,3625.419,1634123699999,198233725.79173,40827,1891.800,103466430.95734,0
1634123700000,54808.56,54880.77,54585.00,54813.33,2584.018,1634124599999,141474537.59554,29854,1213.208,66416541.10976,0
1634124600000,54813.32,55231.00,54801.08,55114.58,4212.426,1634125499999,231944059.43890,45347,2338.658,128761286.10097,0
1634125500000,55114.58,55244.80,55020.00,55209.51,2076.293,1634126399999,114460561.72988,26725,1129.420,62268326.51615,0
1634126400000,55209.51,55341.00,55111.23,55176.94,3278.452,1634127299999,181128948.52880,40517,1581.346,87386370.17556,0
1634127300000,55176.95,55225.48,54913.18,55083.49,4150.312,1634128199999,228570294.82951,39664,1772.853,97639173.01846,0
1634128200000,55083.49,55220.00,54913.00,54930.00,2242.584,1634129099999,123524699.92975,28886,1018.736,56131721.30264,0
1634129100000,54930.00,55116.59,54827.93,55064.38,3028.318,1634129999999,166468419.02949,35471,1668.253,91712218.79055,0
1634130000000,55063.12,55166.00,55000.00,55140.57,1522.001,1634130899999,83871275.00257,23677,803.648,44289159.34129,0
1634130900000,55140.57,55239.57,54968.18,55084.93,2729.701,1634131799999,150425216.49059,32454,1122.374,61860588.45936,0
1634131800000,55084.93,55210.00,55002.00,55163.48,1630.551,1634132699999,89883416.68198,25313,808.068,44551409.98716,0
1634132700000,55163.48,55199.87,54800.00,54903.12,3249.368,1634133599999,178491506.81867,38662,1544.221,84823268.91301,0
1634133600000,54903.11,54903.11,54520.00,54745.58,5131.344,1634134499999,280476593.72616,55394,2477.893,135436398.19037,0
1634134500000,54745.58,55203.00,54694.22,55060.77,3999.987,1634135399999,219969571.26554,43080,2183.665,120076517.82991,0
1634135400000,55060.77,55824.21,55020.01,55819.86,12919.158,1634136299999,717750690.95172,111423,7275.145,404162432.59793,0
1634136300000,55819.85,55917.03,55688.21,55773.72,4529.530,1634137199999,252673624.32792,50921,2262.520,126225876.71362,0
1634137200000,55773.71,56432.00,55770.00,56207.38,11657.443,1634138099999,654981529.49782,103605,6300.636,353969806.47293,0
1634138100000,56207.38,56400.00,56151.03,56256.25,4029.582,1634138999999,226816242.58558,42808,1796.191,101104997.41310,0
1634139000000,56256.26,56295.66,56042.12,56149.83,3674.257,1634139899999,206389604.89654,39882,1590.291,89340018.18235,0
1634139900000,56149.83,56215.00,56110.51,56170.86,1995.998,1634140799999,112107249.30061,25387,985.849,55374201.89584,0
1634140800000,56170.08,56238.37,56080.00,56205.42,2449.071,1634141699999,137570962.28289,29311,1267.171,71182467.56734,0
1634141700000,56205.43,56358.79,56159.00,56295.74,2705.298,1634142599999,152249785.07028,30904,1576.053,88694129.14013,0
1634142600000,56295.75,56892.64,56245.42,56868.46,6493.589,1634143499999,367301370.04164,62506,4042.589,228708698.25498,0
1634143500000,56868.45,57147.00,56790.95,56937.86,9311.721,1634144399999,530213615.25197,84977,4745.616,270284891.14299,0
1634144400000,56937.87,57280.00,56934.55,56950.10,6320.349,1634145299999,360705243.28504,62827,3105.615,177281132.57494,0
1634145300000,56953.77,57044.49,56825.31,56935.93,2497.176,1634146199999,142146270.12722,32908,1149.573,65446392.63060,0
1634146200000,56940.61,57048.26,56843.33,56878.80,2115.376,1634147099999,120443586.83659,29225,916.348,52184229.07752,0
1634147100000,56878.80,56997.85,56766.99,56880.63,2596.973,1634147999999,147709837.51861,31274,1228.108,69861564.83558,0
1634148000000,56880.61,57096.00,56832.82,56930.93,2241.956,1634148899999,127741750.27351,29937,1151.091,65589694.00880,0
1634148900000,56930.93,57032.88,56880.00,56986.89,1081.842,1634149799999,61629931.62474,20059,578.794,32975960.12983,0
1634149800000,56986.90,57034.22,56882.88,56982.00,1422.450,1634150699999,81018480.17283,21101,795.696,45321510.71380,0
1634150700000,56982.00,57192.34,56880.66,56981.19,2888.109,1634151599999,164721355.31726,35624,1574.849,89841488.82727,0
1634151600000,56981.20,57132.23,56961.80,57056.00,1741.699,1634152499999,99370964.99898,22619,854.680,48762452.25430,0
1634152500000,57056.00,57130.00,56955.00,56983.77,1121.089,1634153399999,63931696.34419,18863,553.561,31569137.19405,0
1634153400000,56984.12,57096.02,56977.53,56999.98,863.737,1634154299999,49262038.03270,17013,425.931,24292881.74011,0
1634154300000,56999.98,57300.00,56962.00,57260.95,2765.494,1634155199999,158076829.87004,31518,1610.377,92065492.50770,0
1634155200000,57260.94,57533.00,57211.99,57245.04,5576.544,1634156099999,319853928.61689,57583,3229.848,185280590.02088,0
1634156100000,57245.05,57334.31,57055.55,57135.70,3465.226,1634156999999,198143051.78139,38328,1758.979,100586453.68478,0
1634157000000,57134.57,57211.84,56972.57,57077.92,2058.982,1634157899999,117496422.73782,28173,870.788,49692434.92028,0
1634157900000,57078.37,57083.68,56622.90,57007.71,4710.435,1634158799999,268024397.23155,46767,1830.417,104165210.38630,0
1634158800000,57007.70,57152.39,56916.32,57116.87,2272.706,1634159699999,129657403.15107,27877,1250.877,71369732.08299,0
1634159700000,57116.87,57695.12,57105.35,57409.47,6330.811,1634160599999,363605787.40412,64484,3887.685,223266013.82237,0
1634160600000,57409.46,57786.83,57305.14,57581.00,4326.382,1634161499999,249276450.25799,52001,2264.299,130470070.12207,0
1634161500000,57582.04,57726.77,57467.90,57541.59,2497.273,1634162399999,143811294.34384,31480,1217.424,70116738.94576,0
1634162400000,57541.55,57822.38,57471.89,57535.26,3122.077,1634163299999,179919631.15867,38852,1510.112,87058395.96370,0
1634163300000,57535.26,57579.88,57400.00,57498.99,1799.191,1634164199999,103408129.60198,24026,843.288,48469946.39647,0
1634164200000,57498.99,57636.80,57493.62,57517.74,1351.536,1634165099999,77802299.81992,20847,675.522,38890619.98187,0
1634165100000,57517.75,57613.90,57350.00,57400.22,1529.594,1634165999999,87898300.29636,24082,672.765,38658180.17152,0
1634166000000,57400.22,57440.00,57308.00,57417.42,1346.094,1634166899999,77233475.54181,20834,705.778,40497895.86686,0
1634166900000,57417.42,57421.33,57240.00,57296.98,1537.207,1634167799999,88104162.26211,20793,644.772,36957520.52150,0
1634167800000,57296.99,57486.17,57200.00,57383.39,1695.220,1634168699999,97222232.50495,24368,872.695,50058003.30730,0
1634168700000,57382.17,57469.69,57360.31,57393.65,1539.682,1634169599999,88405084.00657,18670,767.196,44050383.39731,0
1634169600000,57393.65,57577.67,57373.44,57522.64,2118.357,1634170499999,121768468.10829,27404,1164.952,66965420.38376,0
1634170500000,57522.64,57636.00,57322.63,57346.29,2238.568,1634171399999,128658809.98001,26131,964.339,55440204.44588,0
1634171400000,57346.29,57399.46,57168.15,57384.25,2252.848,1634172299999,129033700.47428,28790,1153.373,66069290.62904,0
1634172300000,57384.24,57770.00,57356.62,57752.95,4649.663,1634173199999,267810946.86739,43648,2714.518,156363222.58239,0
1634173200000,57750.80,58360.89,57646.08,58215.95,12813.506,1634174099999,744300353.21244,115042,7943.595,461398965.46355,0
1634174100000,58220.73,58377.50,57961.09,58023.43,4749.321,1634174999999,276359014.40310,48196,2039.529,118716295.01682,0
1634175000000,58023.43,58449.00,57928.50,58400.00,6393.294,1634175899999,372302167.51415,55003,3644.939,212266797.23327,0
1634175900000,58403.72,58524.09,58234.68,58339.18,4002.035,1634176799999,233603295.75429,43612,1879.529,109745190.73678,0
1634176800000,58339.18,58408.01,58250.00,58336.90,1558.448,1634177699999,90892400.85894,24050,785.937,45839932.03868,0
1634177700000,58338.84,58586.67,58333.58,58349.90,2958.392,1634178599999,172906963.73930,37839,1604.262,93786399.66885,0
1634178600000,58350.96,58376.82,58157.15,58272.17,2957.783,1634179499999,172348936.31173,33204,1288.644,75092639.78929,0
1634179500000,58271.73,58297.72,58101.25,58261.58,1729.481,1634180399999,100668766.79510,24846,820.018,47737307.42019,0
1634180400000,58261.58,58310.17,58110.00,58164.60,1342.201,1634181299999,78117132.37536,20787,583.866,33988024.30945,0
1634181300000,58164.61,58283.04,58116.80,58129.21,1186.108,1634182199999,69039985.72377,17439,544.300,31687145.84512,0
1634182200000,58129.20,58236.18,58070.86,58193.28,1449.932,1634183099999,84303511.27412,20776,856.249,49790487.41092,0
1634183100000,58193.28,58226.15,58081.12,58117.79,873.225,1634183999999,50785562.88640,16352,423.761,24648417.54881,0
1634184000000,58117.79,58156.24,58008.00,58050.00,1439.656,1634184899999,83600342.93095,22056,628.854,36519409.73948,0
1634184900000,58050.00,58219.00,58016.19,58115.37,1423.601,1634185799999,82753168.05157,21278,811.454,47171863.32613,0
1634185800000,58115.37,58117.44,57837.24,57927.12,2909.355,1634186699999,168581814.35734,35609,1145.921,66390853.09766,0
1634186700000,57927.12,58045.53,57716.76,58041.60,3595.412,1634187599999,208007684.26387,35697,1850.444,107073279.14578,0
1634187600000,58041.60,58173.07,57823.00,57855.38,2073.586,1634188499999,120240641.20726,28116,918.270,53271774.28103,0
1634188500000,57855.38,58002.84,57855.24,57874.20,1152.686,1634189399999,66770496.43371,18047,643.334,37269889.96368,0
1634189400000,57880.33,58150.00,57861.99,58121.99,1704.591,1634190299999,98949427.77888,23038,924.197,53649808.67429,0
1634190300000,58121.99,58150.00,57978.86,57990.00,1461.347,1634191199999,84832565.00973,21931,652.382,37875744.97133,0
1634191200000,57989.22,58066.63,57966.04,58053.94,874.317,1634192099999,50716182.53127,17301,435.652,25271260.80912,0
1634192100000,58053.94,58120.84,57950.00,57962.07,1018.042,1634192999999,59093973.12293,18318,533.967,30998312.28865,0
1634193000000,57962.08,58007.81,57757.44,57855.94,1752.408,1634193899999,101447339.80686,25249,732.520,42406965.53949,0
1634193900000,57854.26,57861.64,57512.00,57725.13,3869.499,1634194799999,223165268.49107,44337,1701.366,98143673.59705,0
1634194800000,57725.96,57827.84,57700.00,57707.27,1591.078,1634195699999,91900298.00066,24018,745.307,43054691.34988,0
1634195700000,57707.27,57846.18,57631.44,57795.00,1950.977,1634196599999,112654757.65302,24331,1064.014,61445202.34098,0
1634196600000,57794.99,57795.00,57524.45,57650.01,2096.887,1634197499999,120838896.94770,27196,1013.067,58381488.73240,0
1634197500000,57650.00,57690.00,57363.23,57416.57,3684.924,1634198399999,211795479.75732,42995,1640.252,94292533.73413,0
1634198400000,57416.58,57570.00,57404.99,57473.52,1903.527,1634199299999,109469691.94423,26439,1079.881,62103046.60935,0
1634199300000,57473.51,57720.40,57463.00,57706.88,2345.033,1634200199999,135138640.18031,28602,1435.372,82720647.89003,0
1634200200000,57706.88,57759.25,57622.21,57706.01,1503.728,1634201099999,86762935.59607,22824,647.958,37388146.43251,0
1634201100000,57706.01,57708.98,57485.00,57514.27,1301.351,1634201999999,74942869.78936,22278,508.511,29284748.22831,0
1634202000000,57514.26,57589.00,57400.00,57579.65,1872.609,1634202899999,107626343.12306,27261,983.848,56554483.44939,0
1634202900000,57579.84,57778.06,57224.70,57386.29,4648.669,1634203799999,267073472.24614,48584,2037.122,117094061.81520,0
1634203800000,57386.30,57514.71,57358.57,57463.75,1802.459,1634204699999,103544685.80216,24198,953.282,54762685.07829,0
1634204700000,57463.75,57545.81,57339.47,57462.02,1435.346,1634205599999,82468318.34366,22583,719.334,41338159.69745,0
1634205600000,57462.78,57554.99,57300.00,57549.00,2204.225,1634206499999,126548276.32448,28196,1192.751,68480171.98702,0
1634206500000,57549.00,57737.81,57500.00,57647.01,2425.065,1634207399999,139754957.70508,28671,1270.731,73232911.82280,0
1634207400000,57647.00,57773.22,57585.74,57621.26,1708.922,1634208299999,98534474.52833,26768,893.902,51550454.74433,0
1634208300000,57621.26,57843.46,57620.00,57693.84,2066.413,1634209199999,119326175.80158,32265,1152.403,66550579.69439,0
1634209200000,57693.83,57916.37,57658.05,57875.73,2264.333,1634210099999,130814264.70094,31327,1328.836,76774838.49912,0
1634210100000,57875.73,58199.20,57809.08,58039.65,5766.602,1634210999999,334700334.71623,60468,3036.416,176223713.85892,0
1634211000000,58039.64,58055.75,57833.87,57916.43,2700.127,1634211899999,156408096.87917,33427,1108.750,64218439.31405,0
1634211900000,57916.44,57919.99,57596.70,57682.00,3008.062,1634212799999,173669810.72549,36407,1196.498,69069756.42987,0
1634212800000,57682.27,57844.79,57448.00,57814.34,3899.992,1634213699999,224842782.61619,43890,1954.327,112703134.01897,0
1634213700000,57814.32,57950.00,57631.96,57772.63,3110.114,1634214599999,179775504.52044,33622,1549.831,89599950.13909,0
1634214600000,57772.63,57843.97,57582.26,57598.56,2380.394,1634215499999,137309193.91817,28915,1105.121,63759186.20266,0
1634215500000,57598.35,57733.12,57501.00,57610.48,1984.569,1634216399999,114289351.88833,28156,1066.519,61427771.79390,0
1634216400000,57606.84,57645.17,57476.50,57565.59,1560.537,1634217299999,89810545.54263,23142,779.286,44852581.84530,0
1634217300000,57565.58,57700.00,57564.52,57679.97,1334.162,1634218199999,76904964.19180,22750,829.796,47834721.47828,0
1634218200000,57679.96,57800.00,57460.00,57546.02,2708.050,1634219099999,156021543.80061,33147,1146.959,66080521.70427,0
1634219100000,57545.00,57629.35,57334.01,57445.57,3275.902,1634219999999,188128126.97891,37109,1576.918,90559019.46731,0
1634220000000,57445.90,57647.92,57437.24,57560.90,2263.322,1634220899999,130254559.64068,29121,1120.691,64493293.39942,0
1634220900000,57560.89,57665.91,57522.98,57585.11,1494.950,1634221799999,86129899.21369,24736,807.878,46548280.07962,0
1634221800000,57585.12,57599.57,57260.00,57342.32,3570.268,1634222699999,204931793.11318,39717,1638.208,94037045.72524,0
1634222700000,57343.42,57549.05,57305.59,57422.10,2199.659,1634223599999,126387460.15612,27581,1151.406,66150402.30115,0
1634223600000,57422.10,57657.17,56980.31,57495.05,9988.545,1634224499999,572187570.14190,92515,4838.859,277284717.27592,0
1634224500000,57495.05,57850.00,57478.26,57757.96,5329.048,1634225399999,307476566.43876,53528,2784.598,160672499.35699,0
1634225400000,57757.96,57760.00,57364.25,57488.09,4593.509,1634226299999,264302150.80231,45725,2041.078,117402840.00508,0
1634226300000,57488.09,57533.42,57340.00,57379.56,1976.363,1634227199999,113488946.22912,26676,871.254,50032673.69613,0
1634227200000,57379.56,57508.67,57200.00,57224.86,3490.676,1634228099999,200131160.07693,40703,1725.207,98932257.05705,0
1634228100000,57224.85,57303.47,57107.40,57151.06,2251.437,1634228999999,128837712.54869,30596,961.788,55054195.90172,0
1634229000000,57151.94,57281.30,57027.12,57169.82,2997.360,1634229899999,171359863.79558,37793,1546.594,88438831.47004,0
1634229900000,57169.82,57410.99,57137.20,57155.17,1958.473,1634230799999,112168614.66830,28191,986.508,56513675.53947,0
1634230800000,57158.57,57277.00,57105.07,57159.23,1487.025,1634231699999,85047212.75675,21885,731.307,41835663.01083,0
1634231700000,57159.24,57321.07,57130.83,57287.27,1277.373,1634232599999,73093743.68132,19940,708.799,40560365.73590,0
1634232600000,57287.26,57311.65,57195.50,57268.45,1213.052,1634233499999,69456047.96659,15816,466.639,26719492.80435,0
1634233500000,57268.46,57293.94,57133.21,57230.53,1172.423,1634234399999,67082154.42856,17786,548.719,31398890.68843,0
1634234400000,57230.53,57235.29,57067.21,57137.92,1717.328,1634235299999,98130648.48666,20126,797.111,45549152.19954,0
1634235300000,57137.92,57245.00,56848.84,57000.00,3844.569,1634236199999,219162904.92909,39620,1561.904,89066755.00112,0
1634236200000,56999.99,57725.00,56992.42,57696.56,5961.086,1634237099999,342197589.01147,54671,3732.577,214302034.40035,0
1634237100000,57696.64,58131.30,57405.47,58072.58,10910.664,1634237999999,630797488.08814,94785,5687.209,328931018.18463,0
1634238000000,58071.71,58079.86,57270.65,57289.47,7552.887,1634238899999,435782536.40172,68527,2967.001,171216281.98145,0
1634238900000,57289.82,57495.00,56800.00,57370.04,8741.776,1634239799999,500010248.30952,76592,4378.017,250430145.41288,0
1634239800000,57370.04,57865.84,57356.66,57757.05,3566.478,1634240699999,205531674.80589,39734,2105.672,121335093.21416,0
1634240700000,57757.06,57891.86,57750.00,57860.89,2039.684,1634241599999,117898936.76514,27073,859.935,49716937.65515,0
1634241600000,57860.89,57900.00,57524.82,57644.00,2850.387,1634242499999,164429166.10981,32996,1148.113,66220170.99709,0
1634242500000,57644.00,57698.01,57500.00,57547.59,996.716,1634243399999,57387910.00616,19618,446.791,25728101.81542,0
1634243400000,57547.59,57638.83,57450.00,57483.07,1394.451,1634244299999,80240646.73584,19714,658.784,37919298.33816,0
1634244300000,57482.07,57584.47,57450.00,57459.37,816.421,1634245199999,46946129.25357,16280,435.804,25059572.09809,0
1634245200000,57459.38,57573.36,57450.00,57460.02,812.694,1634246099999,46735501.05613,15797,384.869,22133656.81411,0
1634246100000,57460.01,57679.70,57460.00,57617.83,1066.402,1634246999999,61423844.97234,18618,653.700,37649522.73601,0
1634247000000,57617.83,57752.20,57607.60,57711.15,780.416,1634247899999,45032686.90239,16978,428.972,24753148.36407,0
1634247900000,57711.15,57799.97,57711.14,57787.12,710.902,1634248799999,41060150.83173,15649,420.265,24274457.11401,0
1634248800000,57787.12,57797.01,57549.28,57634.57,1464.511,1634249699999,84472161.71491,21072,647.625,37354232.76584,0
1634249700000,57634.57,57683.96,57510.96,57551.07,783.299,1634250599999,45111158.75756,15337,364.401,20988336.75134,0
1634250600000,57551.07,57596.76,57503.29,57545.56,658.876,1634251499999,37913558.66476,14387,382.733,22024335.87555,0
1634251500000,57545.56,57687.36,57545.55,57620.99,702.638,1634252399999,40491182.89664,13755,426.018,24551145.85205,0
1634252400000,57621.00,57674.55,57487.79,57578.25,865.575,1634253299999,49853698.26647,17587,377.608,21751334.85456,0
1634253300000,57578.25,57578.25,57280.00,57280.00,2023.219,1634254199999,116137659.99847,27601,847.512,48653079.47074,0
1634254200000,57280.01,57477.01,57234.17,57471.39,1405.093,1634255099999,80590336.68983,21303,830.654,47652429.47097,0
1634255100000,57471.39,57471.39,57323.70,57378.19,708.477,1634255999999,40659497.67062,15712,311.135,17855756.36487,0
1634256000000,57377.12,57450.49,57160.89,57380.30,2240.334,1634256899999,128349976.37582,30805,1025.246,58750004.56823,0
1634256900000,57380.30,57500.00,57152.00,57172.92,2014.876,1634257799999,115410691.26932,24963,873.705,50087057.84558,0
1634257800000,57171.56,57246.45,57030.20,57170.78,2463.702,1634258699999,140725877.95157,32429,1255.152,71703909.64580,0
1634258700000,57170.77,57262.12,57010.78,57092.56,1615.823,1634259599999,92315175.43055,23036,682.039,38982474.74193,0
1634259600000,57092.55,57177.94,56900.00,57033.45,2305.383,1634260499999,131431097.47703,29719,1012.752,57747851.65381,0
1634260500000,57033.44,57142.79,56902.66,57142.79,2049.615,1634261399999,116883483.17022,27914,1116.147,63666261.97542,0
1634261400000,57142.80,57285.00,57100.01,57259.98,2217.269,1634262299999,126828293.96697,26502,1297.236,74211562.14699,0
1634262300000,57259.97,57339.70,57207.59,57279.99,1321.451,1634263199999,75688734.73778,20473,730.718,41854533.23129,0
1634263200000,57279.99,57349.87,57128.29,57155.13,1707.281,1634264099999,97746350.00305,21574,754.105,43174102.82851,0
1634264100000,57155.14,58850.00,57120.00,58703.10,23807.181,1634264999999,1386279283.41136,187624,13559.806,789300191.75072,0
1634265000000,58703.11,59120.58,58510.00,58804.73,16995.241,1634265899999,1000051891.35639,148110,9141.484,538077177.95527,0
1634265900000,58805.22,59391.12,58776.23,59117.92,10454.778,1634266799999,618234064.06028,103408,5437.010,321560419.58259,0
1634266800000,59116.13,59500.00,58858.14,59030.66,10170.026,1634267699999,602462599.35000,89692,4800.702,284537801.61730,0
1634267700000,59030.85,59196.99,59000.03,59123.73,4235.871,1634268599999,250341005.47111,48289,1967.001,116265393.84291,0
1634268600000,59123.10,59355.33,59017.30,59231.01,4083.127,1634269499999,241746386.55082,46303,2253.676,133444782.62801,0
1634269500000,59231.00,59465.00,59183.49,59445.04,3405.953,1634270399999,202203774.15788,44769,1775.829,105439657.05727,0
1634270400000,59445.05,59545.19,59159.93,59193.00,4954.453,1634271299999,294089089.52949,57533,2354.287,139790903.66202,0
1634271300000,59193.00,59740.00,59178.71,59558.17,5800.847,1634272199999,345074016.38884,61642,3331.664,198240371.71239,0
1634272200000,59558.16,59663.72,59393.93,59657.82,3962.722,1634273099999,235914589.54086,44780,1815.663,108107473.84891,0
1634273100000,59657.79,59776.00,59527.27,59646.56,5085.943,1634273999999,303499140.84188,54270,2149.557,128287724.85002,0
1634274000000,59646.56,59879.20,59580.78,59805.09,6340.643,1634274899999,379043545.35139,61407,3507.161,209709355.33330,0
1634274900000,59804.48,60100.00,59627.00,59724.16,12370.793,1634275799999,740567868.89357,106934,6453.254,386479892.00164,0
1634275800000,59724.15,59841.07,59601.00,59668.00,3888.141,1634276699999,232166797.11671,44298,1827.676,109139969.86446,0
1634276700000,59667.99,59766.34,59445.37,59638.88,4493.961,1634277599999,267742201.06777,49752,2151.897,128214392.68944,0
1634277600000,59638.88,59717.87,59478.21,59564.09,2750.042,1634278499999,163888627.05995,36861,1328.880,79202190.14327,0
1634278500000,59565.09,59637.12,59426.08,59510.08,2512.968,1634279399999,149532356.81795,34192,1315.037,78256538.31212,0
1634279400000,59510.08,59631.99,59464.12,59547.50,1654.560,1634280299999,98535245.61655,26377,886.002,52767179.81828,0
1634280300000,59547.50,59779.38,59516.87,59709.73,2927.324,1634281199999,174663095.43416,35677,1743.092,104001704.87882,0
1634281200000,59707.63,59740.00,59494.07,59525.92,2173.481,1634282099999,129522548.81308,27478,1077.599,64213860.01379,0
1634282100000,59525.92,59559.10,59250.00,59422.00,3572.617,1634282999999,212245089.19647,41546,1598.644,94994457.29260,0
1634283000000,59422.01,59423.39,59301.10,59385.64,1813.582,1634283899999,107671240.84845,25571,979.143,58134248.34795,0
1634283900000,59385.64,59420.00,59272.00,59290.78,1592.088,1634284799999,94506985.35252,23155,787.069,46723762.48259,0
1634284800000,59290.79,59488.88,59121.75,59340.56,5022.576,1634285699999,297850106.49556,51312,2271.085,134724190.37413,0
1634285700000,59340.56,59486.26,59027.99,59075.59,6049.254,1634286599999,358383503.35435,55550,3038.285,180009025.76342,0
1634286600000,59075.59,59215.36,59000.00,59195.21,3743.117,1634287499999,221269546.61998,38505,1939.297,114653852.82881,0
1634287500000,59195.20,59286.23,58863.00,59019.05,5630.602,1634288399999,332343039.60222,51615,2632.630,155404215.25667,0
1634288400000,59019.05,59068.86,58802.41,59011.44,3139.788,1634289299999,185059620.15399,36293,1539.440,90744557.72355,0
1634289300000,59011.44,59185.00,58981.00,59150.00,2916.804,1634290199999,172382610.48179,33649,1538.870,90952527.47599,0
1634290200000,59150.00,59358.77,59043.26,59234.27,3389.329,1634291099999,200793873.67886,40306,1783.059,105648551.43117,0
1634291100000,59234.27,59400.00,59160.00,59399.99,1950.134,1634291999999,115621258.83018,29004,1045.626,62004444.66923,0
1634292000000,59399.99,59419.96,59195.62,59281.11,2076.227,1634292899999,123114323.67409,28946,907.488,53813416.45772,0
1634292900000,59281.11,59430.00,59006.51,59046.02,3952.388,1634293799999,233885709.97383,40849,1645.114,97377051.36383,0
1634293800000,59046.03,59179.77,58901.92,59107.83,3237.974,1634294699999,191184347.15082,36750,1543.963,91167865.40002,0
1634294700000,59107.83,59320.00,59103.59,59319.99,1325.488,1634295599999,78508173.04184,23645,727.173,43071091.80755,0
1634295600000,59319.99,59365.00,59220.63,59360.06,1450.809,1634296499999,86020010.38892,24396,720.163,42704412.76434,0
1634296500000,59360.06,59500.00,59258.30,59497.70,2231.252,1634297399999,132502592.44117,32414,1212.352,72012070.22872,0
1634297400000,59497.69,59518.90,59302.90,59374.13,1650.981,1634298299999,98047187.09912,26986,751.710,44640320.94006,0
1634298300000,59374.12,59579.67,59321.41,59550.17,1999.343,1634299199999,118883036.76215,28304,1183.833,70402023.84869,0
1634299200000,59549.16,59616.09,59327.63,59350.46,3129.048,1634300099999,186070224.11583,33947,1179.707,70160232.99206,0
1634300100000,59350.46,59526.84,59337.29,59465.15,1513.993,1634300999999,90018099.51055,22247,840.627,49980150.06002,0
1634301000000,59465.14,59494.32,59411.08,59460.33,998.409,1634301899999,59358126.77455,15928,460.622,27386334.37007,0
1634301900000,59460.34,59547.66,59211.00,59298.61,2928.154,1634302799999,173776025.62277,31530,1245.369,73906254.80811,0
1634302800000,59297.81,59650.00,59249.77,59648.02,2370.152,1634303699999,140971527.38796,30124,1501.895,89344427.73286,0
1634303700000,59648.01,59950.00,59636.40,59845.19,7246.375,1634304599999,433453938.04694,74051,3825.753,228865660.72326,0
1634304600000,59845.17,59988.00,59727.92,59801.02,3970.658,1634305499999,237631637.45596,46743,2004.552,119978763.37922,0
1634305500000,59801.01,60480.00,59797.01,60017.24,16394.210,1634306399999,986050023.53082,147014,8591.187,516818323.61533,0
1634306400000,60017.24,60200.00,59666.00,60169.99,9114.857,1634307299999,546829179.32658,93662,4666.506,280024948.84428,0
1634307300000,60169.99,60327.49,59843.56,59909.47,7997.447,1634308199999,480609032.41931,80689,3351.757,201464133.74877,0
1634308200000,59912.49,60046.80,59820.00,59988.83,3637.330,1634309099999,217993654.96748,43144,1966.056,117848569.08682,0
1634309100000,59988.84,60218.84,59905.19,60096.07,3632.171,1634309999999,218137762.29933,41539,1906.299,114501953.04832,0
1634310000000,60096.08,60138.70,59735.01,59899.49,4505.852,1634310899999,269991562.55735,49161,2036.088,121991976.14271,0
1634310900000,59899.48,59955.80,59700.00,59766.81,3420.638,1634311799999,204576091.28933,37478,1609.502,96274407.82724,0
1634311800000,59766.82,60169.50,59737.00,60059.21,7033.987,1634312699999,421907204.03709,55983,4095.514,245651286.09390,0
1634312700000,60059.22,60150.00,59919.79,60090.68,3678.267,1634313599999,220766409.40989,37526,1539.061,92377590.50562,0
1634313600000,60086.78,60478.87,60040.55,60436.94,6455.280,1634314499999,388832729.19956,65800,3269.326,196968239.75988,0
1634314500000,60436.58,60750.00,60357.00,60547.89,10161.899,1634315399999,614978017.77952,106237,5205.872,315137275.52491,0
1634315400000,60547.89,61500.00,60547.89,61283.97,17102.809,1634316299999,1044160932.84776,166368,9481.158,578922048.45614,0
1634316300000,61283.97,61600.00,61122.00,61489.72,10379.846,1634317199999,636864363.56800,110313,5155.242,316438713.77547,0
1634317200000,61489.72,61918.95,61325.29,61593.50,12310.397,1634318099999,757408193.02556,109027,6308.165,388316433.76008,0
1634318100000,61593.50,61627.94,61261.00,61264.18,8047.460,1634318999999,494427378.60251,66683,3125.318,192050303.70109,0
1634319000000,61261.90,61898.77,61100.00,61793.17,9367.416,1634319899999,575875215.07515,83854,5169.601,317988229.90274,0
1634319900000,61793.17,61946.00,61650.74,61800.29,6121.833,1634320799999,378335105.38302,68989,2989.103,184761422.01906,0
1634320800000,61800.30,61838.83,61620.00,61661.29,4115.524,1634321699999,254012741.30733,45247,1919.255,118470174.96978,0
1634321700000,61661.28,61850.00,61610.88,61835.61,3702.336,1634322599999,228699388.61692,36327,1826.002,112779755.60955,0
1634322600000,61835.61,61895.00,61641.91,61746.47,2454.742,1634323499999,151600067.62247,33427,1212.800,74911703.65642,0
1634323500000,61746.47,61749.50,61528.35,61694.86,2696.831,1634324399999,166183333.54145,32944,1164.200,71747618.32627,0
1634324400000,61694.86,61705.00,61349.17,61425.47,3790.746,1634325299999,233020223.20157,43474,1660.967,102107240.21518,0
1634325300000,61425.48,61545.49,61407.00,61487.90,2190.928,1634326199999,134688147.44162,27172,1267.082,77897055.82316,0
1634326200000,61487.90,61515.30,61302.00,61325.47,2669.413,1634327099999,163912775.02195,31110,1280.008,78599079.93025,0
1634327100000,61325.47,61556.30,61300.34,61507.61,2155.343,1634327999999,132442332.34627,27817,1263.081,77613971.54935,0
1634328000000,61507.60,61542.22,61343.10,61464.87,1401.203,1634328899999,86072271.19684,23414,663.724,40768307.68562,0
1634328900000,61464.86,63997.61,61300.00,62604.10,31779.882,1634329799999,1983851864.88219,342445,18261.609,1140675334.22192,0
1634329800000,62604.22,62665.00,61680.00,62344.56,13003.242,1634330699999,808419275.04919,115852,5980.569,371805017.00329,0
1634330700000,62344.55,62679.66,62314.11,62618.88,5261.618,1634331599999,328746817.49762,61692,2778.574,173616550.22646,0
1634331600000,62618.87,62645.56,62100.96,62159.72,7345.202,1634332499999,458048968.15373,62532,3061.091,190904881.89772,0
1634332500000,62160.69,62267.96,61500.00,61587.70,8664.415,1634333399999,536287933.36714,82215,3742.379,231742062.19170,0
1634333400000,61587.71,61999.68,61587.71,61800.75,3320.633,1634334299999,205414841.26951,41719,1860.223,115077043.06166,0
1634334300000,61801.01,61805.01,60806.75,61278.76,9496.686,1634335199999,582156148.17169,89966,4086.974,250681505.26702,0
1634335200000,61275.25,61579.98,61272.41,61431.47,3671.612,1634336099999,225649719.09450,41623,2112.244,129824476.23529,0
1634336100000,61431.48,61609.35,61276.72,61350.00,2476.767,1634336999999,152128618.47434,31459,1291.972,79365455.39852,0
1634337000000,61350.00,61576.30,61343.43,61435.35,2030.212,1634337899999,124754156.95994,25340,1101.463,67689268.39747,0
1634337900000,61435.52,61507.00,61313.77,61351.17,2060.828,1634338799999,126546891.95212,23635,991.029,60858303.53053,0
1634338800000,61351.17,61351.18,60947.51,61046.68,3311.471,1634339699999,202413286.08247,41514,1410.140,86186594.80982,0
1634339700000,61046.68,61435.23,61000.00,61390.82,2726.993,1634340599999,167155227.95222,32769,1519.676,93158314.93470,0
1634340600000,61392.98,61696.16,61340.92,61569.43,2154.183,1634341499999,132485472.30003,29084,1171.635,72064509.25567,0
1634341500000,61569.44,61864.70,61451.00,61702.33,2619.073,1634342399999,161444098.78820,33555,1476.062,91014769.88619,0
1634342400000,61702.33,61800.47,61360.00,61421.81,3533.951,1634343299999,217527231.78743,41452,1354.515,83401225.20982,0
1634343300000,61421.81,61699.69,61295.16,61584.59,2489.513,1634344199999,153125000.95034,31999,1276.741,78523033.08072,0
1634344200000,61584.60,61664.64,61200.82,61371.89,2444.532,1634345099999,150197857.72844,30482,1030.573,63316276.60778,0
1634345100000,61371.90,61497.10,61303.19,61482.67,1424.255,1634345999999,87445376.17917,21587,673.583,41360780.26848,0
1634346000000,61478.05,61597.69,61288.15,61512.94,1957.016,1634346899999,120319520.80005,24590,1075.859,66153049.05040,0
1634346900000,61512.93,61598.85,61457.95,61582.02,1050.053,1634347799999,64626884.05656,18846,558.024,34345331.73160,0
1634347800000,61582.02,61588.35,61268.00,61356.27,2227.166,1634348699999,136687489.39881,25639,922.621,56627750.23275,0
1634348700000,61356.26,61427.95,61217.11,61422.36,1163.747,1634349599999,71371739.01387,18862,539.671,33101014.34090,0
1634349600000,61422.36,61422.36,61151.00,61228.90,1713.932,1634350499999,104978334.92282,25545,701.866,42990601.72461,0
1634350500000,61228.90,61500.00,61205.54,61492.86,2035.451,1634351399999,124937073.96321,22977,1399.328,85911903.98116,0
1634351400000,61492.86,61603.15,61407.69,61591.64,1707.300,1634352299999,104995403.29966,20935,1013.610,62340450.85620,0
1634352300000,61591.65,61785.00,61504.06,61662.61,1940.620,1634353199999,119653213.33097,26039,997.250,61493726.93882,0
1634353200000,61662.61,61779.28,61574.19,61763.94,1205.617,1634354099999,74362496.26345,20499,592.768,36569619.44405,0
1634354100000,61760.68,61777.77,61610.45,61674.09,930.356,1634354999999,57386804.39605,17438,357.219,22036547.72278,0
1634355000000,61674.08,61721.96,61481.42,61500.72,1147.873,1634355899999,70699509.94908,18951,403.722,24871239.49485,0
1634355900000,61500.72,61698.00,61385.72,61691.63,1905.161,1634356799999,117193192.36236,25650,1064.042,65457554.32700,0
1634356800000,61691.62,62176.31,61587.06,62126.13,3843.301,1634357699999,237906834.14119,43679,2392.329,148123171.30112,0
1634357700000,62126.13,62234.82,61885.00,61909.15,3372.143,1634358599999,209139439.84648,38523,1514.996,93973746.09969,0
1634358600000,61910.00,61918.34,61677.00,61870.00,2114.529,1634359499999,130656291.74789,25184,828.966,51239311.70768,0
1634359500000,61870.57,61907.11,61764.18,61784.77,1113.746,1634360399999,68857927.90150,18046,578.160,35745247.85141,0
1634360400000,61784.77,62070.31,61758.42,62034.97,1393.781,1634361299999,86306141.08478,20462,840.004,52013345.36208,0
1634361300000,62034.97,62444.23,61950.00,62382.68,4738.394,1634362199999,294806212.28687,46990,2681.504,166856145.86102,0
1634362200000,62382.67,62400.00,62200.00,62225.00,2266.962,1634363099999,141179159.18347,28135,941.192,58611553.09009,0
1634363100000,62224.99,62300.00,62117.56,62172.47,1641.581,1634363999999,102093794.32930,21521,640.433,39835858.44780,0
1634364000000,62172.47,62246.58,62081.88,62225.56,1255.615,1634364899999,78048299.52962,21002,596.984,37112440.44612,0
1634364900000,62225.17,62363.00,62019.71,62229.43,2766.121,1634365799999,171958755.60915,30242,1274.951,79302342.96619,0
1634365800000,62228.83,62260.82,62101.00,62102.31,1215.134,1634366699999,75536359.57418,17602,544.870,33874529.95915,0
1634366700000,62102.31,62165.83,61916.99,61932.98,1985.102,1634367599999,123111716.89020,25662,797.237,49448810.28955,0
1634367600000,61932.98,62035.89,61864.29,61966.92,1722.442,1634368499999,106685109.96867,25184,843.287,52239986.32156,0
1634368500000,61969.28,61995.91,61775.00,61899.98,1791.717,1634369399999,110861688.00807,25600,783.239,48467404.42767,0
1634369400000,61899.98,61944.83,61602.23,61851.80,2415.150,1634370299999,149171543.30640,28780,1142.968,70597198.90535,0
1634370300000,61851.80,61910.04,61675.16,61782.64,1650.158,1634371199999,101949847.85527,22740,777.104,48013965.73105,0
1634371200000,61782.65,62138.37,61750.38,62093.28,2863.232,1634372099999,177376742.95669,32053,1796.426,111293898.11116,0
1634372100000,62093.29,62097.52,61913.00,62072.16,1969.910,1634372999999,122121409.52092,24899,946.646,58681703.83139,0
1634373000000,62069.27,62079.90,61707.46,61773.43,2454.659,1634373899999,151765949.20106,30389,1132.674,70017794.38139,0
1634373900000,61773.43,61818.08,61545.00,61620.00,2926.593,1634374799999,180448118.50788,37309,1224.492,75504202.11128,0
1634374800000,61620.00,61757.91,61552.46,61651.89,2017.313,1634375699999,124363495.65469,28016,1274.647,78592255.93159,0
1634375700000,61651.88,61749.20,61612.62,61637.27,1541.974,1634376599999,95125651.98511,23232,783.880,48362557.83641,0
1634376600000,61637.29,61694.00,61583.97,61633.03,1153.332,1634377499999,71095363.94151,18027,518.834,31985595.14303,0
1634377500000,61633.02,61666.09,61477.84,61532.66,1712.126,1634378399999,105358564.32793,27411,724.993,44615679.23966,0
1634378400000,61532.66,61728.61,61410.04,61701.06,2240.734,1634379299999,137981842.93056,31470,1255.312,77322699.84643,0
1634379300000,61701.05,61769.02,61633.67,61723.94,1408.467,1634380199999,86908760.36055,22015,794.990,49056543.08511,0
1634380200000,61723.94,61747.90,61566.20,61652.77,1618.184,1634381099999,99774890.21048,21762,689.684,42526247.34847,0
1634381100000,61651.72,61724.59,61480.00,61622.41,1304.612,1634381999999,80380666.08349,21601,653.348,40261831.84514,0
1634382000000,61622.40,61723.78,61510.00,61664.60,1469.005,1634382899999,90545065.78866,20714,817.876,50411701.84488,0
1634382900000,61664.60,61748.81,61632.00,61655.84,949.726,1634383799999,58592702.85161,18497,517.810,31947659.23510,0
1634383800000,61655.83,61679.80,61569.81,61656.66,855.542,1634384699999,52720472.71031,16499,411.921,25384081.21883,0
1634384700000,61656.67,61850.00,61656.20,61687.72,2441.593,1634385599999,150797499.57432,30046,1272.995,78624677.54886,0
1634385600000,61687.72,61694.95,61538.16,61560.01,2567.687,1634386499999,158140836.97400,28700,966.604,59534652.48784,0
1634386500000,61560.02,61663.64,61531.43,61560.01,1216.384,1634387399999,74922238.24294,19594,648.528,39947841.14329,0
1634387400000,61560.01,61594.88,61000.84,61278.03,7669.739,1634388299999,469871611.58791,75937,2944.908,180389885.89348,0
1634388300000,61277.53,61350.00,60500.00,60723.66,14385.668,1634389199999,875129382.35919,133561,6087.988,370287638.19240,0
1634389200000,60723.67,60954.13,60650.46,60878.39,3555.930,1634390099999,216344431.99626,48874,1911.968,116332328.41750,0
1634390100000,60878.39,60916.64,60569.43,60865.62,3584.605,1634390999999,217654752.46365,46468,1701.614,103333183.51737,0
1634391000000,60865.62,61150.55,60834.99,61115.02,4244.490,1634391899999,259034702.69979,49789,2386.215,145629040.89777,0
1634391900000,61115.03,61128.75,60901.65,61070.00,2571.933,1634392799999,156952836.31079,30531,1007.727,61504494.74389,0
1634392800000,61069.99,61319.56,60838.00,61216.20,4041.665,1634393699999,246872295.47504,47012,2236.476,136647729.86445,0
1634393700000,61218.48,61265.70,61088.40,61149.33,1867.869,1634394599999,114267883.53186,26556,895.525,54791025.52054,0
1634394600000,61149.32,61210.12,61020.70,61069.59,1531.184,1634395499999,93598169.71085,23670,669.300,40919584.45000,0
1634395500000,61069.59,61084.57,60800.04,60940.48,2899.172,1634396399999,176664003.07215,37282,1301.769,79331810.11034,0
1634396400000,60945.70,61076.90,60700.00,60850.00,3904.064,1634397299999,237653079.68697,41014,1829.613,111407312.90311,0
1634397300000,60850.00,61125.00,60775.83,60985.08,2328.797,1634398199999,142016855.47524,30527,1396.135,85159682.98902,0
1634398200000,60985.09,61179.58,60964.74,61151.51,1786.524,1634399099999,109157911.03551,25791,802.357,49026617.04462,0
1634399100000,61151.50,61173.20,60930.00,60988.97,1789.380,1634399999999,109218705.63084,24048,738.018,45038529.59902,0
1634400000000,60988.97,61031.86,60850.00,60905.96,1643.412,1634400899999,100145353.53477,24594,856.893,52217077.92795,0
1634400900000,60905.96,61107.08,60662.16,60784.39,3262.804,1634401799999,198524540.85779,34678,1477.685,89938989.93193,0
1634401800000,60784.39,60854.92,60680.00,60846.39,1344.474,1634402699999,81736305.81598,22580,720.226,43789249.10312,0
1634402700000,60846.39,60848.42,60580.00,60717.48,2285.836,1634403599999,138715593.74551,29647,967.447,58711258.89427,0
1634403600000,60717.49,60781.97,60248.14,60524.42,6087.725,1634404499999,368273783.31459,63910,2624.945,158849519.05173,0
1634404500000,60524.41,60628.09,60230.00,60246.84,4479.247,1634405399999,270557856.66852,47984,2048.528,123744971.91370,0
1634405400000,60244.82,60593.89,60220.00,60534.47,2752.873,1634406299999,166360518.66679,33777,1490.944,90118332.41274,0
1634406300000,60534.46,60712.57,60529.00,60644.94,1693.749,1634407199999,102659763.23370,24320,917.527,55615760.54509,0
1634407200000,60644.93,60752.19,60554.36,60736.96,1370.202,1634408099999,83114851.35999,23856,762.262,46243345.68937,0
1634408100000,60736.96,60850.00,60685.00,60811.78,1582.090,1634408999999,96132674.46386,25583,918.542,55822356.70910,0
1634409000000,60811.78,60887.99,60735.19,60778.64,1117.967,1634409899999,67980584.22991,19779,576.557,35061712.33376,0
1634409900000,60778.64,61285.64,60750.00,61100.00,4750.728,1634410799999,290288645.82346,50921,2665.244,162834365.50396,0
1634410800000,61100.00,61125.00,60967.47,60972.80,1238.053,1634411699999,75573956.79255,20676,456.350,27862976.70143,0
1634411700000,60972.80,61103.49,60962.00,61035.22,1077.330,1634412599999,65760170.12188,15907,539.434,32928537.07362,0
1634412600000,61035.22,61139.96,61000.00,61041.73,964.962,1634413499999,58923437.35592,15868,488.759,29847501.56321,0
1634413500000,61041.72,61072.18,60854.62,60884.35,1022.151,1634414399999,62291951.64529,18645,356.296,21714750.60485,0
1634414400000,60884.34,60961.73,60589.54,60699.97,2496.129,1634415299999,151669833.91558,31884,1094.180,66486687.88386,0
1634415300000,60699.97,60748.41,60614.78,60741.39,981.715,1634416199999,59565461.67607,17344,515.938,31307658.33687,0
1634416200000,60741.40,60994.91,60672.84,60994.91,1618.639,1634417099999,98510716.57549,22471,1133.747,69001819.03919,0
1634417100000,60994.91,61141.39,60963.30,61087.98,1490.796,1634417999999,91045878.55398,23458,736.588,44987472.84165,0
1634418000000,61090.61,61400.00,61015.69,61185.71,2692.727,1634418899999,164860718.11983,32497,1467.579,89867240.10786,0
1634418900000,61184.65,61188.94,60932.05,60970.52,1897.749,1634419799999,115837612.76309,20784,492.983,30093481.92067,0
1634419800000,60970.51,61009.13,60860.64,60922.22,721.393,1634420699999,43966580.10191,14481,322.579,19662897.33035,0
1634420700000,60922.22,60933.19,60715.32,60721.00,1076.708,1634421599999,65490493.94526,16904,525.585,31966285.26066,0
1634421600000,60723.69,60912.38,60519.38,60638.59,2721.425,1634422499999,165208071.35016,31417,1268.194,77021213.71055,0
1634422500000,60638.59,60716.76,60574.32,60644.37,1140.632,1634423399999,69180188.93624,18038,502.412,30474552.82397,0
1634423400000,60644.37,60873.94,60644.37,60851.00,1295.026,1634424299999,78689078.46957,19841,831.446,50521553.16239,0
1634424300000,60850.39,60980.49,60821.30,60841.30,1096.431,1634425199999,66783129.61672,17721,498.006,30332967.74211,0
1634425200000,60841.27,60993.04,60748.52,60968.08,1260.262,1634426099999,76724423.89152,17299,685.592,41740941.00698,0
1634426100000,60968.07,61052.01,60891.31,61017.62,1161.028,1634426999999,70798672.77599,18049,644.763,39326799.81571,0
1634427000000,61017.63,61124.00,60964.32,61009.55,1135.359,1634427899999,69306437.55269,19228,551.407,33662755.27467,0
1634427900000,61009.55,61012.05,60892.72,60925.56,757.765,1634428799999,46180745.05982,15455,307.327,18729091.17937,0
1634428800000,60925.56,61245.20,60678.00,61108.60,3114.951,1634429699999,189934222.09027,37024,1562.771,95293406.99029,0
1634429700000,61108.59,61108.60,60577.39,60677.23,2907.135,1634430599999,176652377.65131,33788,1367.239,83071513.69907,0
1634430600000,60677.23,60918.09,60531.00,60884.21,3099.231,1634431499999,188185340.32642,33130,1847.795,112207838.40170,0
1634431500000,60883.26,61116.32,60860.61,60978.00,1846.868,1634432399999,112677049.70107,24833,865.783,52815937.24054,0
1634432400000,60978.01,61197.10,60919.12,61062.91,2371.941,1634433299999,144934841.10705,26335,1279.511,78181566.82665,0
1634433300000,61063.80,61181.07,60997.59,61164.48,1024.970,1634434199999,62596905.09755,17983,507.689,31014203.88048,0
1634434200000,61164.48,61500.00,61151.34,61317.40,2868.155,1634435099999,175884206.81313,36451,1563.684,95891463.65572,0
1634435100000,61317.40,61348.33,61118.64,61130.39,1347.377,1634435999999,82463494.21274,20306,572.455,35037332.01766,0
1634436000000,61130.39,61200.00,61066.66,61110.31,987.202,1634436899999,60337172.63407,17127,537.054,32826679.92628,0
1634436900000,61110.31,61111.77,60900.00,60955.92,1412.446,1634437799999,86156440.39612,20677,589.074,35928160.43353,0
1634437800000,60955.97,61080.00,60921.01,61022.76,772.889,1634438699999,47165289.18453,15701,477.206,29122625.69869,0
1634438700000,61022.76,61250.00,61014.96,61139.99,1138.919,1634439599999,69663431.47513,18842,671.552,41079289.06305,0
1634439600000,61140.00,61319.59,61084.31,61228.75,1335.450,1634440499999,81772501.97828,20990,708.625,43391768.45567,0
1634440500000,61227.91,61445.00,61196.49,61276.76,1680.203,1634441399999,103057645.06369,22666,922.337,56583400.64608,0
1634441400000,61276.75,61420.86,61215.07,61268.00,1147.934,1634442299999,70372174.61191,17727,475.112,29127061.01783,0
1634442300000,61268.00,61344.74,61161.61,61175.20,929.489,1634443199999,56917449.59950,15899,454.479,27836582.66566,0
1634443200000,61175.21,61273.89,61069.22,61220.58,1623.279,1634444099999,99293581.22174,19440,732.049,44787527.61806,0
1634444100000,61220.57,61319.10,61060.00,61125.22,1079.123,1634444999999,66050836.37213,16003,443.715,27165265.18072,0
1634445000000,61125.21,61191.97,61038.09,61122.08,1085.524,1634445899999,66332099.32100,14284,590.934,36111288.26021,0
1634445900000,61125.98,61151.24,60950.00,60969.59,1183.730,1634446799999,72251418.49461,16582,438.157,26741243.14195,0
1634446800000,60969.59,61032.82,60930.24,60983.33,883.809,1634447699999,53890775.24698,14812,453.600,27660500.12021,0
1634447700000,60983.33,60983.33,60780.64,60808.42,1398.469,1634448599999,85132184.43138,22629,496.167,30210142.88218,0
1634448600000,60808.42,60890.20,60744.64,60812.16,1396.321,1634449499999,84922949.31130,20063,711.214,43264049.54331,0
1634449500000,60812.15,60927.13,60671.03,60718.00,1797.415,1634450399999,109273721.39832,23940,894.485,54394424.78517,0
1634450400000,60717.99,60783.01,60682.73,60699.99,921.467,1634451299999,55966228.68658,18103,496.384,30150079.46218,0
1634451300000,60700.00,60893.27,60637.08,60666.45,1997.436,1634452199999,121356276.54498,24173,946.687,57528607.73502,0
1634452200000,60666.48,60828.79,60626.74,60789.00,1128.948,1634453099999,68558878.85111,19646,682.126,41425161.42017,0
1634453100000,60788.99,60911.55,60681.11,60715.02,1230.804,1634453999999,74813216.10477,19163,635.773,38648625.42822,0
1634454000000,60715.01,60839.54,60690.41,60790.00,897.117,1634454899999,54499996.71656,14831,463.581,28164533.22292,0
1634454900000,60790.01,60892.38,60790.01,60819.66,1001.039,1634455799999,60904380.59890,17264,454.478,27652736.62450,0
1634455800000,60819.66,60819.67,60654.72,60710.98,1244.558,1634456699999,75562773.06879,19485,625.830,37999076.15489,0
1634456700000,60710.54,60725.43,60360.00,60389.57,3938.474,1634457599999,238312130.26864,44975,1529.049,92523686.20786,0
1634457600000,60389.57,60680.17,60375.57,60637.74,2362.995,1634458499999,143043326.98324,31792,1404.171,85006291.72746,0
1634458500000,60637.99,60910.14,60637.99,60834.00,2379.683,1634459399999,144582690.39632,28162,1309.031,79529626.46687,0
1634459400000,60836.43,60967.13,60718.10,60799.99,1882.213,1634460299999,114506169.76492,24043,887.605,54008454.10826,0
1634460300000,60799.99,60875.68,60711.17,60722.86,802.799,1634461199999,48788664.56526,15392,392.644,23864978.67900,0
1634461200000,60722.87,60885.99,60662.30,60849.99,1106.575,1634462099999,67236281.73748,20204,613.240,37265530.97923,0
1634462100000,60849.99,61119.90,60849.99,61041.70,2529.017,1634462999999,154296547.63044,33906,1289.946,78703331.93896,0
1634463000000,61041.69,61274.00,61000.77,61230.00,2514.991,1634463899999,153778862.38048,31681,1413.877,86460076.98546,0
1634463900000,61230.00,61295.61,61143.29,61264.83,1824.852,1634464799999,111710979.25294,25205,824.940,50506029.66018,0
1634464800000,61264.83,61400.00,61123.11,61157.31,2924.131,1634465699999,179097850.13313,34860,1439.543,88190525.83620,0
1634465700000,61157.30,61199.59,61061.00,61121.85,1465.230,1634466599999,89533233.43174,23968,707.435,43228525.22372,0
1634466600000,61121.85,61547.56,60954.22,61262.35,4548.931,1634467499999,278813438.42460,52887,2349.273,144029815.52062,0
1634467500000,61260.94,61432.12,61151.12,61200.00,2371.897,1634468399999,145378238.54685,32284,1238.354,75905826.69381,0
1634468400000,61200.00,61313.59,61190.00,61293.60,971.780,1634469299999,59522364.58424,18823,544.157,33333346.63156,0
1634469300000,61293.60,61399.00,61150.00,61179.70,1515.278,1634470199999,92822963.47951,20721,675.019,41358987.05470,0
1634470200000,61179.70,61255.73,61053.17,61166.52,1825.734,1634471099999,111640423.25603,21553,950.346,58119732.90740,0
1634471100000,61165.32,61243.59,61012.32,61021.05,1620.229,1634471999999,99045379.14976,22632,768.763,46998945.46900,0
1634472000000,61021.05,61082.00,60810.00,60828.93,3208.541,1634472899999,195498900.46174,38412,1501.500,91497036.81108,0
1634472900000,60830.50,60926.32,60769.32,60871.53,1541.018,1634473799999,93768390.30032,25749,816.599,49692762.06155,0
1634473800000,60871.53,60940.00,60777.00,60866.90,1300.034,1634474699999,79138058.15539,21424,631.864,38467817.17187,0
1634474700000,60866.01,60958.14,60859.62,60925.38,1238.142,1634475599999,75419930.71750,20516,699.928,42636875.34294,0
1634475600000,60925.38,61197.94,60808.96,61154.35,2429.720,1634476499999,148242022.50223,28667,1472.239,89823922.87956,0
1634476500000,61149.69,61333.00,61115.47,61235.27,3026.345,1634477399999,185297181.98263,36946,1605.493,98303021.80880,0
1634477400000,61235.27,61279.22,60786.49,60802.90,2978.662,1634478299999,181814520.33391,35677,1043.244,63693420.82874,0
1634478300000,60802.90,61092.18,60694.16,61075.82,2898.536,1634479199999,176402642.41608,38052,1645.511,100175718.91924,0
1634479200000,61075.82,61142.75,60861.68,60896.48,1675.144,1634480099999,102191515.91164,25010,722.902,44105963.09947,0
1634480100000,60896.48,61026.53,60829.00,60848.22,1303.063,1634480999999,79386613.29654,18651,752.372,45843714.37408,0
1634481000000,60848.22,60960.00,60801.76,60896.01,913.766,1634481899999,55626420.37356,17509,483.507,29434807.62665,0
1634481900000,60896.01,61188.93,60820.00,61084.51,1689.911,1634482799999,103113353.85575,22129,1123.208,68554316.82120,0
1634482800000,61084.51,61187.82,60783.78,60892.23,2465.502,1634483699999,150250482.71410,30994,950.909,57954694.52939,0
1634483700000,60892.24,60947.00,60756.21,60858.51,1671.986,1634484599999,101760745.24993,22582,754.115,45901131.32108,0
1634484600000,60858.52,60914.30,60530.43,60673.77,3665.906,1634485499999,222381713.17425,44733,1596.205,96828930.70017,0
1634485500000,60673.77,60889.00,60630.00,60820.55,1992.544,1634486399999,121088849.62879,26474,1081.344,65719073.31567,0
1634486400000,60820.55,60950.00,60709.16,60795.61,2216.366,1634487299999,134813661.94325,29545,1165.262,70883323.45689,0
1634487300000,60795.61,60999.00,60775.00,60954.63,1647.833,1634488199999,100406539.82660,28483,798.470,48654216.41104,0
1634488200000,60954.64,61024.83,60860.22,60881.96,1283.022,1634489099999,78185427.94116,21280,531.472,32388412.53983,0
1634489100000,60881.96,61059.99,60781.65,61017.12,1700.256,1634489999999,103601668.58648,24289,1035.329,63103247.22972,0
1634490000000,61017.12,61074.40,60911.00,60950.00,1047.858,1634490899999,63922863.51421,19829,458.173,27952658.35212,0
1634490900000,60949.99,61035.08,60829.01,61021.05,1160.595,1634491799999,70702740.22541,19240,466.910,28450311.78669,0
1634491800000,61021.04,61142.82,60962.90,61115.72,1160.668,1634492699999,70873710.40063,22705,643.557,39300749.50700,0
1634492700000,61115.72,61141.29,61011.12,61071.45,870.417,1634493599999,53170783.83982,18022,378.361,23112186.49873,0
1634493600000,61071.45,61094.00,60971.46,60976.10,793.351,1634494499999,48414257.16428,16510,290.561,17731901.87081,0
1634494500000,60976.09,61045.00,60976.09,61019.07,559.751,1634495399999,34150985.83562,12162,330.998,20194947.87413,0
1634495400000,61019.08,61055.51,60910.00,60949.99,824.561,1634496299999,50277825.22619,16546,349.298,21300739.40672,0
1634496300000,60949.99,61034.26,60903.00,61027.86,704.337,1634497199999,42945076.34339,15962,383.252,23367122.11528,0
1634497200000,61027.86,61055.96,60726.81,60753.11,1896.655,1634498099999,115401299.69781,24159,731.713,44514776.29811,0
1634498100000,60753.12,60851.00,60666.00,60748.30,1389.672,1634498999999,84433607.12707,25272,632.298,38421167.36961,0
1634499000000,60748.30,60750.72,60555.16,60606.68,2263.631,1634499899999,137246388.94904,32778,1008.642,61152633.50214,0
1634499900000,60606.69,60672.70,60418.29,60563.24,3520.205,1634500799999,213067148.88316,41378,1460.493,88411067.90131,0
1634500800000,60563.23,60563.24,59000.00,59807.97,19194.031,1634501699999,1148584998.87552,187618,7310.270,437689557.94727,0
1634501700000,59807.97,59965.95,58850.00,59589.67,15713.754,1634502599999,934302911.57184,141224,7029.564,418235152.06562,0
1634502600000,59589.01,59791.72,59347.35,59566.35,7432.611,1634503499999,443085731.87368,70327,3771.782,224886385.72001,0
1634503500000,59566.35,59714.46,59366.00,59452.52,4266.522,1634504399999,253945536.31249,49139,2088.013,124294362.19432,0
1634504400000,59452.52,60060.00,59352.20,59924.28,7160.410,1634505299999,427937861.93123,67068,4056.435,242501619.08823,0
1634505300000,59924.29,59997.79,59800.07,59861.77,2301.459,1634506199999,137824048.80175,34167,1121.588,67177198.86035,0
1634506200000,59857.21,60538.14,59784.50,60362.16,4521.664,1634507099999,272220972.31792,52688,2729.140,164298846.15708,0
1634507100000,60360.01,60793.53,60134.04,60674.11,5323.738,1634507999999,321899702.72760,57113,2849.823,172323838.15531,0
1634508000000,60674.11,61318.57,60674.10,61243.47,8891.982,1634508899999,542394571.04442,87295,4480.994,273340232.98274,0
1634508900000,61243.47,61399.49,60919.40,60930.69,4841.660,1634509799999,296144773.64022,52512,2117.260,129530999.52894,0
1634509800000,60930.69,61101.57,60903.34,60995.86,2027.006,1634510699999,123631767.55700,28830,1086.314,66264120.98871,0
1634510700000,60995.85,61395.00,60985.16,61341.80,3285.699,1634511599999,201143764.31720,36779,1807.419,110652544.31594,0
1634511600000,61338.69,61764.02,61216.94,61443.85,6324.583,1634512499999,388779776.91210,65669,3277.208,201524454.41557,0
1634512500000,61443.85,61556.56,61308.16,61311.80,2489.202,1634513399999,152867491.05780,30481,994.895,61113376.91647,0
1634513400000,61311.80,61588.00,61235.00,61572.87,2370.196,1634514299999,145583141.48682,30600,1220.960,74998088.01682,0
1634514300000,61572.88,61796.47,61478.32,61571.45,3510.991,1634515199999,216359593.84814,35620,1740.968,107312630.66440,0
1634515200000,61571.45,61800.00,61442.01,61528.28,3572.550,1634516099999,220043934.40855,40353,1587.375,97802454.35215,0
1634516100000,61528.98,62105.00,61484.20,62013.29,4959.934,1634516999999,306716925.90059,55715,2932.693,181359352.78049,0
1634517000000,62017.04,62546.85,61999.99,62393.50,8393.773,1634517899999,523129161.80611,85572,4382.158,273070518.88364,0
1634517900000,62393.50,62534.91,62323.70,62510.93,3784.689,1634518799999,236245985.89112,52821,1688.854,105442879.96466,0
1634518800000,62508.21,62633.66,62377.00,62553.66,4187.128,1634519699999,261734084.45664,53313,2232.544,139574630.56838,0
1634519700000,62553.67,62572.84,62280.00,62399.99,3619.630,1634520599999,225848875.05791,39049,1429.698,89203554.10766,0
1634520600000,62399.98,62487.86,62301.18,62446.14,1757.230,1634521499999,109645596.82021,25002,851.994,53162508.78863,0
1634521500000,62446.59,62457.14,62040.14,62144.88,3370.517,1634522399999,209769257.45565,33137,913.073,56833240.22860,0
1634522400000,62144.87,62383.10,62125.19,62177.38,2556.854,1634523299999,159224102.94127,32006,1234.073,76851289.55429,0
1634523300000,62177.38,62200.00,62000.00,62138.70,2222.271,1634524199999,138033663.09373,29730,1041.480,64696535.84729,0
1634524200000,62138.72,62298.51,62138.72,62219.79,1103.202,1634525099999,68655127.83443,20797,533.514,33202461.25372,0
1634525100000,62219.79,62222.60,62051.55,62152.14,1832.514,1634525999999,113900740.55659,24951,907.467,56402297.74907,0
1634526000000,62152.14,62342.53,62133.51,62137.78,1346.009,1634526899999,83758359.36208,23846,656.466,40855949.69541,0
1634526900000,62137.78,62269.98,62132.44,62186.88,1136.935,1634527799999,70727381.91250,19760,493.906,30726167.88566,0
1634527800000,62186.88,62238.49,61902.92,61980.86,1706.916,1634528699999,105946654.67746,26414,559.637,34748629.12882,0
1634528700000,61980.87,62180.00,61980.87,62175.01,1306.302,1634529599999,81132869.56648,21321,778.706,48362694.34890,0
1634529600000,62175.00,62219.64,62064.20,62070.48,1224.065,1634530499999,76077664.63568,19331,599.030,37231244.11210,0
1634530500000,62070.48,62229.99,62045.21,62117.47,971.213,1634531399999,60346146.98058,18119,531.393,33015889.63978,0
1634531400000,62117.47,62227.00,62055.58,62208.84,1449.715,1634532299999,90097071.31487,22107,759.275,47189938.32415,0
1634532300000,62208.13,62459.42,62150.00,62404.58,2670.348,1634533199999,166427349.79744,35729,1677.297,104535272.94241,0
1634533200000,62404.59,62590.25,62365.00,62405.99,3348.215,1634534099999,209179399.50201,37823,1522.949,95165912.94317,0
1634534100000,62406.00,62424.02,62285.68,62400.51,1637.693,1634534999999,102079024.98632,24011,803.067,50061029.54686,0
1634535000000,62400.51,62520.50,62344.82,62369.99,1479.700,1634535899999,92394159.67782,24115,647.780,40454363.88612,0
1634535900000,62370.00,62434.65,62291.10,62409.00,1042.010,1634536799999,64969225.14526,21433,521.355,32507950.88970,0
1634536800000,62409.00,62504.34,62325.00,62477.10,1820.035,1634537699999,113647680.14360,25605,1048.334,65465023.21771,0
1634537700000,62477.10,62484.30,62269.25,62277.29,1574.539,1634538599999,98184639.71867,23349,557.046,34732564.38568,0
1634538600000,62277.29,62465.51,62167.35,62421.74,2930.642,1634539499999,182547079.43791,31463,1499.611,93420634.52327,0
1634539500000,62421.74,62474.00,62298.75,62303.57,1043.116,1634540399999,65063097.50656,18653,449.761,28053977.09669,0
1634540400000,62303.56,62450.45,62237.50,62450.45,1445.938,1634541299999,90168732.59680,21661,807.050,50335212.58254,0
1634541300000,62450.44,62546.34,62379.81,62461.50,2338.804,1634542199999,146129243.46470,29808,1168.124,72991654.75151,0
1634542200000,62461.49,62800.00,62222.00,62335.14,6508.286,1634543099999,406744335.57373,65894,3183.234,199008881.95999,0
1634543100000,62339.56,62380.75,61806.31,61929.37,8236.633,1634543999999,511415022.72850,75916,3526.873,219018870.82163,0
1634544000000,61929.38,62109.92,61729.81,61863.79,4412.285,1634544899999,273284721.16870,52197,2024.159,125401813.08340,0
1634544900000,61861.88,62521.78,61860.00,62410.45,5521.320,1634545799999,343440992.09903,58753,3012.727,187383644.61055,0
1634545800000,62411.88,62529.14,61521.64,61723.14,10132.648,1634546699999,627496567.47374,92397,4392.342,271877281.68648,0
1634546700000,61723.15,61890.14,61662.51,61862.58,2857.514,1634547599999,176589558.57252,37317,1392.534,86053541.29315,0
1634547600000,61862.57,62133.60,61650.00,62064.82,3517.668,1634548499999,217645836.14839,44653,1962.508,121448785.20972,0
1634548500000,62064.83,62193.19,61879.09,62027.48,3285.415,1634549399999,203854628.32853,39822,1499.062,93022302.71200,0
1634549400000,62027.47,62061.88,61754.10,61772.97,1676.029,1634550299999,103723599.09132,26686,688.877,42639519.35097,0
1634550300000,61772.98,61818.19,60620.00,61295.23,15249.403,1634551199999,933967524.45578,138423,6544.039,400849812.76677,0
1634551200000,61292.74,61335.80,60708.08,61034.09,7924.292,1634552099999,483742909.28685,83548,3846.661,234816364.13786,0
1634552100000,61034.09,61230.22,60730.00,61063.40,5336.179,1634552999999,325351328.96826,59904,2701.513,164717507.19749,0
1634553000000,61063.10,61377.00,60901.00,61339.00,4095.948,1634553899999,250405109.23018,46883,2318.952,141806342.21738,0
1634553900000,61337.92,61552.77,61165.49,61354.81,3838.015,1634554799999,235460147.75344,46669,2017.724,123786082.83020,0
1634554800000,61354.81,61593.00,61125.51,61438.37,4664.821,1634555699999,286364027.18876,49428,2272.563,139551809.11304,0
1634555700000,61438.37,61515.25,61171.36,61360.12,2564.210,1634556599999,157213173.91075,32659,1408.682,86377680.33785,0
1634556600000,61360.12,61535.60,60900.00,61029.76,4416.961,1634557499999,270233300.38352,49606,2011.397,123070956.19268,0
1634557500000,61032.81,61144.60,60754.91,60983.73,5488.409,1634558399999,334297193.67535,56647,2590.366,157795792.00205,0
1634558400000,60983.73,61115.00,60837.85,61059.57,3543.177,1634559299999,216111389.58572,41509,1824.494,111294951.35844,0
1634559300000,61059.59,61218.00,60780.25,60870.86,3536.154,1634560199999,215712754.89663,41860,1560.100,95205559.99318,0
1634560200000,60870.85,61100.00,60834.07,61022.79,2559.969,1634561099999,156065905.21138,31258,1436.776,87603030.18344,0
1634561100000,61022.80,61065.62,60200.00,60652.03,8752.075,1634561999999,530286539.27439,80648,3566.733,216201383.62618,0
1634562000000,60652.02,60652.03,59897.61,60378.19,12117.922,1634562899999,729751583.65244,116410,5678.372,341993331.72650,0
1634562900000,60378.20,61376.31,60329.06,61314.28,10030.334,1634563799999,610633590.70954,96906,5494.920,334557083.07352,0
1634563800000,61314.28,61670.00,61267.60,61375.15,9793.049,1634564699999,601940091.66715,90162,4475.006,275074962.00549,0
1634564700000,61375.15,61985.00,61217.01,61854.29,7402.468,1634565599999,456254600.13041,71419,3897.939,240266564.71556,0
1634565600000,61853.98,62250.00,61770.00,62037.57,7653.283,1634566499999,474511523.68394,79012,3627.190,224894068.80914,0
1634566500000,62037.57,62150.00,61825.05,62023.58,3443.915,1634567399999,213474081.80318,44001,1692.505,104921652.30215,0
1634567400000,62023.57,62133.13,61750.00,61789.76,2964.377,1634568299999,183583219.88140,40110,1209.470,74913805.28922,0
1634568300000,61789.75,62247.11,61618.77,62114.86,5770.960,1634569199999,357827337.02174,64286,2892.286,179365373.24280,0
1634569200000,62114.85,62214.32,61815.76,62018.44,3472.315,1634570099999,215324369.34770,43377,1645.737,102059246.17936,0
1634570100000,62021.54,62036.97,61722.00,61823.67,3153.858,1634570999999,195083532.27078,38191,1584.837,98033417.22601,0
1634571000000,61823.66,61979.62,61801.00,61802.54,1750.676,1634571899999,108324044.53648,25456,733.506,45388842.45498,0
1634571900000,61802.53,62099.65,61795.01,62021.07,2316.104,1634572799999,143535948.92637,31851,1273.991,78961046.75854,0
1634572800000,62021.07,62400.00,61969.99,62302.85,3889.319,1634573699999,241717320.04013,46851,2200.390,136794768.05375,0
1634573700000,62302.84,62428.00,61930.30,62007.69,6195.970,1634574599999,385388208.25993,62228,2678.029,166546976.22381,0
1634574600000,62011.03,62098.49,61733.36,61907.08,3511.798,1634575499999,217381350.01630,42579,1514.316,93723833.05466,0
1634575500000,61907.08,61918.19,61495.47,61856.12,5424.348,1634576399999,334657602.63164,54722,2418.806,149260649.99063,0
1634576400000,61858.58,61993.00,61752.55,61821.39,2248.957,1634577299999,139208012.22191,28956,1186.026,73411457.95141,0
1634577300000,61821.39,62038.00,61785.59,61969.49,1550.862,1634578199999,96085788.34792,23063,784.151,48577445.19267,0
1634578200000,61969.48,62100.01,61933.66,62070.04,1293.151,1634579099999,80241864.80010,21563,597.348,37068278.03959,0
1634579100000,62070.04,62100.00,61730.16,61760.74,2601.353,1634579999999,161010124.11728,28330,1130.041,69949049.67189,0
1634580000000,61760.74,61891.86,61700.00,61861.90,1490.609,1634580899999,92115976.96578,23336,756.055,46728404.34851,0
1634580900000,61861.59,62036.03,61832.33,61989.94,1247.590,1634581799999,77269684.70189,18814,737.557,45688427.74697,0
1634581800000,61989.93,62038.00,61902.00,61915.78,1120.381,1634582699999,69441535.86839,18584,492.218,30510530.28025,0
1634582700000,61915.77,61934.77,61768.87,61868.94,1374.026,1634583599999,84984604.74386,21563,687.138,42500624.01967,0
1634583600000,61868.94,61868.94,61127.40,61299.95,7173.834,1634584499999,440834965.58462,67906,2831.470,174038193.91131,0
1634584500000,61299.95,61441.20,61111.00,61232.30,3111.093,1634585399999,190766753.70282,39795,1635.629,100302207.74607,0
1634585400000,61231.47,61400.00,61070.30,61354.27,2885.616,1634586299999,176749348.77379,34491,1598.871,97945885.57159,0
1634586300000,61354.26,61495.00,61315.67,61449.90,1502.350,1634587199999,92258628.46151,23306,921.155,56568665.72824,0
1634587200000,61449.91,61642.78,61227.31,61553.94,2655.888,1634588099999,163171881.65615,34178,1447.969,88996518.49465,0
1634588100000,61553.94,61560.00,61368.95,61434.70,1302.816,1634588999999,80063143.47916,22362,504.891,31031038.23985,0
1634589000000,61434.69,61467.03,61212.98,61333.28,1520.027,1634589899999,93226704.49209,22351,765.411,46946047.19414,0
1634589900000,61333.29,61559.99,61145.24,61386.44,2352.772,1634590799999,144287465.05308,32030,1218.348,74739496.86253,0
1634590800000,61386.44,61400.00,61128.32,61379.62,1903.299,1634591699999,116606526.59363,25576,997.843,61141147.51923,0
1634591700000,61377.74,61714.00,61344.33,61692.82,2080.833,1634592599999,127994003.52096,28532,1280.589,78785745.20481,0
1634592600000,61692.82,61915.06,61677.56,61785.49,2526.296,1634593499999,156103183.18005,31588,1292.268,79863048.00827,0
1634593500000,61785.48,61900.00,61695.64,61814.23,1252.151,1634594399999,77365306.46809,19860,598.728,36995681.37152,0
1634594400000,61814.22,61863.00,61716.89,61769.99,1257.694,1634595299999,77718995.94911,19776,527.090,32571862.15966,0
1634595300000,61769.99,61770.00,61625.20,61662.74,1220.072,1634596199999,75279265.73633,17949,440.435,27178707.95344,0
1634596200000,61662.90,61774.53,61610.20,61719.99,823.176,1634597099999,50782973.92150,15401,406.909,25104719.11255,0
1634597100000,61718.68,62124.81,61695.53,62091.45,2659.528,1634597999999,164818376.89342,31637,1511.416,93657766.31292,0
1634598000000,62091.45,62132.98,61926.95,61966.64,1938.146,1634598899999,120226333.55405,23802,856.699,53142080.55961,0
1634598900000,61966.64,62033.71,61850.01,61942.80,1221.103,1634599799999,75627741.42819,17437,573.810,35540205.00682,0
1634599800000,61942.81,62036.83,61878.82,62031.59,1043.942,1634600699999,64690064.75764,15297,531.259,32922273.06661,0
1634600700000,62031.60,62089.00,61900.00,62037.92,1080.322,1634601599999,66974113.63975,15070,501.488,31094097.29574,0
1634601600000,62037.92,62289.64,61824.25,62201.53,3592.919,1634602499999,223161727.98816,37613,1862.761,115714484.51206,0
1634602500000,62201.52,62350.39,62070.78,62199.84,2266.219,1634603399999,140994337.78731,28223,1090.396,67850383.91871,0
1634603400000,62199.84,62378.00,61950.21,62005.19,2595.848,1634604299999,161359262.45911,29785,1154.441,71794566.43688,0
1634604300000,62005.19,62096.48,61890.42,61890.42,1511.406,1634605199999,93663427.88407,21915,578.266,35840637.77053,0
1634605200000,61890.42,62039.32,61694.65,61828.42,2718.356,1634606099999,168211348.39476,31397,1346.684,83358814.93393,0
1634606100000,61828.41,61946.31,61760.00,61888.07,1371.227,1634606999999,84829151.22425,19604,697.106,43128106.75393,0
1634607000000,61888.04,62042.34,61840.55,61850.02,1282.658,1634607899999,79459852.91864,18707,698.742,43287658.34743,0
1634607900000,61850.03,61921.76,61765.05,61873.10,1058.033,1634608799999,65425744.45103,16860,479.848,29675384.92523,0
1634608800000,61873.10,61974.14,61853.67,61943.10,872.460,1634609699999,54016769.40069,13600,453.664,28088599.95286,0
1634609700000,61943.10,61949.69,61802.75,61844.81,654.882,1634610599999,40516300.24295,13099,277.442,17165804.03572,0
1634610600000,61844.81,61860.20,61736.83,61742.25,1051.535,1634611499999,64972535.18719,15370,450.890,27861088.36552,0
1634611500000,61744.98,61877.27,61712.15,61782.90,924.847,1634612399999,57158893.96864,15676,461.810,28545031.51544,0
1634612400000,61782.90,62593.33,61759.07,62519.17,7424.152,1634613299999,462628368.21369,65602,4063.574,253188040.86248,0
1634613300000,62519.16,63088.00,62480.10,62815.31,12333.600,1634614199999,774787916.73173,105523,6816.313,428224091.89170,0
1634614200000,62818.84,62925.06,62553.79,62561.83,4933.855,1634615099999,309839547.60488,44475,1977.777,124252722.37732,0
1634615100000,62561.83,62799.90,62398.13,62634.99,4889.103,1634615999999,306176043.76612,47261,2397.762,150199548.09995,0
1634616000000,62634.83,62780.00,62585.00,62618.05,2207.377,1634616899999,138336726.73505,26033,1219.001,76396452.23730,0
1634616900000,62618.05,62870.95,62589.92,62827.36,1922.255,1634617799999,120642673.29319,26771,1050.582,65942887.97202,0
1634617800000,62827.00,62858.89,62620.84,62661.55,1899.881,1634618699999,119164660.71932,23682,943.805,59189471.41492,0
1634618700000,62661.55,62668.66,62294.95,62474.88,3485.897,1634619599999,217777629.65911,37947,1396.082,87217647.45512,0
1634619600000,62474.95,62550.00,62327.85,62530.19,2402.763,1634620499999,150033952.41097,26600,1356.006,84689268.47975,0
1634620500000,62530.19,62604.99,62390.00,62401.00,1349.410,1634621399999,84301986.56126,19655,601.928,37608040.25770,0
1634621400000,62401.00,62532.15,62365.00,62398.91,1560.627,1634622299999,97449409.03826,20242,648.207,40481636.36321,0
1634622300000,62398.92,62541.79,62391.23,62510.28,1291.971,1634623199999,80728428.97808,18302,748.772,46781888.82193,0
1634623200000,62509.69,62547.21,62322.06,62343.92,1542.827,1634624099999,96290154.20149,20349,667.269,41648644.17635,0
1634624100000,62343.92,62432.59,62239.28,62419.99,1628.563,1634624999999,101531838.42199,22395,865.819,53989232.23710,0
1634625000000,62419.99,62425.00,62018.13,62113.01,3566.376,1634625899999,221773455.11368,39886,1620.431,100766039.95942,0
1634625900000,62113.01,62247.77,62068.22,62238.71,1926.934,1634626799999,119799473.60501,23599,1015.110,63119522.45430,0
1634626800000,62238.70,62275.44,62050.00,62230.00,1920.633,1634627699999,119392934.36713,24766,1031.516,64125021.65503,0
1634627700000,62230.00,62238.99,62050.00,62191.52,1698.376,1634628599999,105521005.46749,23035,767.746,47701205.79469,0
1634628600000,62190.05,62231.65,62100.01,62202.37,977.707,1634629499999,60778397.44797,16856,488.784,30388210.77473,0
1634629500000,62202.38,62368.97,62150.00,62320.32,2055.766,1634630399999,128077969.67791,25817,1217.145,75826886.53347,0
1634630400000,62320.32,62326.07,62008.75,62052.09,2649.145,1634631299999,164697936.09041,28101,1139.318,70834069.89226,0
1634631300000,62052.09,62147.74,62051.44,62115.57,1493.623,1634632199999,92751004.95909,20952,906.236,56277117.64719,0
1634632200000,62115.57,62120.01,61800.00,61965.58,4517.844,1634633099999,279733307.03610,47470,1826.989,113118855.25425,0
1634633100000,61965.58,62620.61,61919.31,62583.46,5281.338,1634633999999,329007532.04997,51591,2942.803,183327510.87146,0
1634634000000,62583.47,62589.84,62000.00,62042.14,5384.419,1634634899999,335602952.95576,49764,2218.829,138243700.42988,0
1634634900000,62042.14,62199.00,61935.58,62142.63,3959.938,1634635799999,245723676.61002,38140,2142.421,132949839.10805,0
1634635800000,62142.62,62383.07,62138.89,62202.07,2372.913,1634636699999,147753216.64360,28970,1075.239,66954558.94959,0
1634636700000,62202.07,62348.08,62060.37,62185.87,1928.255,1634637599999,119940388.39557,23871,826.348,51403054.55195,0
1634637600000,62188.65,62455.21,62150.00,62311.67,2352.163,1634638499999,146510118.36591,28086,1447.074,90137455.78881,0
1634638500000,62311.66,62424.65,62230.53,62250.00,1517.879,1634639399999,94609178.97892,20350,695.373,43348864.12267,0
1634639400000,62249.90,62329.24,62151.73,62225.26,1245.069,1634640299999,77485217.54865,19714,562.131,34989326.13157,0
1634640300000,62225.26,62300.00,62065.33,62289.99,2258.049,1634641199999,140421670.10546,25035,878.567,54646085.45115,0
1634641200000,62290.00,62378.39,62109.00,62128.61,1717.011,1634642099999,106868832.60668,20560,769.372,47890724.32354,0
1634642100000,62128.60,62248.00,62127.20,62214.49,952.400,1634642999999,59230707.47880,16228,504.877,31398765.45089,0
1634643000000,62214.50,62320.00,62172.01,62285.01,1432.234,1634643899999,89192099.85104,18999,695.329,43303343.84918,0
1634643900000,62285.00,62305.59,62152.27,62176.50,1272.980,1634644799999,79210358.39131,16474,522.644,32522791.08425,0
1634644800000,62176.50,62300.00,62030.18,62281.86,3292.964,1634645699999,204741675.01787,31021,1628.527,101266914.31633,0
1634645700000,62281.85,62386.28,62187.60,62208.61,2383.277,1634646599999,148493214.28391,27421,1124.235,70051999.72495,0
1634646600000,62208.60,62613.42,62187.22,62485.87,3441.741,1634647499999,214833253.61052,37904,2098.146,130972816.32812,0
1634647500000,62485.88,62485.88,62134.00,62264.92,3862.704,1634648399999,240394337.86489,42075,1811.812,112745019.24101,0
1634648400000,62264.92,62449.93,62100.00,62441.69,3527.641,1634649299999,219762095.16320,34806,1608.055,100189643.77821,0
1634649300000,62441.70,62784.00,62250.00,62595.70,12319.645,1634650199999,770943550.22616,97668,5714.016,357582445.34136,0
1634650200000,62592.13,63349.67,62282.39,62732.71,27157.219,1634651099999,1707313085.22227,228225,13536.813,851257929.09509,0
1634651100000,62725.14,63167.00,62541.39,62637.36,12759.397,1634651999999,801911669.81575,108108,5455.085,342888272.50067,0
1634652000000,62637.37,62721.98,62330.76,62438.73,7845.766,1634652899999,490515784.82424,75777,3850.764,240770040.25059,0
1634652900000,62438.72,62569.15,61300.00,61772.92,16023.862,1634653799999,991687935.69582,143655,6597.693,408274103.78806,0
1634653800000,61772.93,62046.86,61575.00,61989.49,7584.254,1634654699999,469177203.29862,79131,4110.252,254290146.94888,0
1634654700000,61989.48,62711.59,61960.92,62557.49,10631.679,1634655599999,663207667.57995,93539,5629.781,351208548.25227,0
1634655600000,62557.48,62800.00,62356.00,62708.85,8126.546,1634656499999,508861980.81891,72847,4242.715,265694712.16163,0
1634656500000,62708.84,62839.00,62506.46,62590.99,4916.960,1634657399999,308136032.93418,51320,2038.476,127754645.17538,0
1634657400000,62590.99,62706.66,62505.68,62685.32,1960.003,1634658299999,122731710.68630,27311,975.484,61091706.74377,0
1634658300000,62685.33,62695.96,62420.00,62427.11,2692.500,1634659199999,168439178.93788,32776,1073.080,67143858.32509,0
1634659200000,62427.10,62574.99,62350.00,62491.74,2463.283,1634660099999,153853681.70410,32556,1278.292,79853423.05694,0
1634660100000,62491.73,62644.00,62431.35,62616.30,1590.351,1634660999999,99512212.20618,26088,745.894,46671385.95966,0
1634661000000,62616.29,63010.64,62542.29,62814.24,4486.429,1634661899999,281895980.05546,48606,2509.597,157691148.88351,0
1634661900000,62814.15,63224.64,62797.82,63207.77,6394.522,1634662799999,402841499.40424,62663,3550.513,223726525.38156,0
1634662800000,63207.77,63500.00,63055.32,63396.01,10927.198,1634663699999,691771603.47138,109996,5462.435,345889216.11430,0
1634663700000,63398.12,63528.83,63283.11,63306.28,4719.788,1634664599999,299192093.03847,51909,2157.489,136786564.78633,0
1634664600000,63306.14,63366.50,63170.18,63248.82,3170.892,1634665499999,200611524.53132,37117,1347.400,85260359.15647,0
1634665500000,63248.81,63500.00,63183.02,63435.17,2595.449,1634666399999,164432250.56355,35253,1541.199,97668244.46018,0
1634666400000,63435.16,63580.00,63160.00,63254.93,5063.873,1634667299999,320885257.00629,54580,2326.399,147441704.45871,0
1634667300000,63254.93,63411.81,63253.60,63319.61,1625.374,1634668199999,102957408.48134,24145,713.475,45198836.50463,0
1634668200000,63319.60,63592.08,63105.04,63525.78,4715.674,1634669099999,298836056.63484,48421,2768.370,175495508.15883,0
1634669100000,63525.92,63700.00,63420.00,63456.63,3941.232,1634669999999,250410416.09681,45750,1973.161,125408955.68329,0
1634670000000,63456.62,63790.00,63424.03,63758.93,4719.508,1634670899999,300399994.38165,51122,2564.775,163283164.71552,0
1634670900000,63760.73,63964.84,63647.60,63879.97,7609.759,1634671799999,485718295.87095,68815,4345.835,277422427.83312,0
1634671800000,63880.00,64147.00,63658.43,63804.29,10018.194,1634672699999,640598838.79372,102267,4828.348,308870323.39385,0
1634672700000,63804.28,64377.45,63745.31,64219.99,7190.400,1634673599999,460951059.89200,81617,4218.761,270518283.47674,0
1634673600000,64219.99,64366.59,63902.20,64358.34,6743.919,1634674499999,432458873.12382,73606,3333.547,213803225.41292,0
1634674500000,64358.33,64379.87,64030.12,64150.69,3471.780,1634675399999,222887544.40703,45342,1462.876,93932754.60470,0
1634675400000,64150.69,64390.00,64132.51,64216.86,3422.669,1634676299999,220029426.16823,43953,1772.740,113967310.66984,0
1634676300000,64216.86,64300.00,64064.84,64143.35,2416.777,1634677199999,155156303.11988,33008,1005.959,64583541.83166,0
1634677200000,64143.35,64173.38,63855.38,63991.13,4318.414,1634678099999,276466657.95649,50799,1512.033,96831565.23369,0
1634678100000,63991.13,63992.00,63712.00,63862.69,3679.132,1634678999999,234889566.36903,48979,1666.772,106423179.33923,0
1634679000000,63862.68,64227.13,63844.00,64212.04,2673.613,1634679899999,171284893.44231,38439,1574.708,100892382.22929,0
1634679900000,64212.04,64219.99,63938.01,64090.71,2509.293,1634680799999,160827363.69239,32079,959.806,61522610.32917,0
1634680800000,64090.70,64260.76,64076.48,64193.80,2027.250,1634681699999,130100124.40037,28574,1023.395,65686138.81155,0
1634681700000,64193.81,64244.13,63965.00,64022.18,2300.575,1634682599999,147513240.76539,28679,976.551,62616793.38790,0
1634682600000,64022.19,64099.99,63824.00,63988.65,2435.122,1634683499999,155763305.30430,30317,1118.693,71573484.90650,0
1634683500000,63988.67,64159.26,63880.00,64119.91,1691.026,1634684399999,108217330.69786,26374,945.930,60542684.07389,0
1634684400000,64119.92,64170.35,64015.50,64133.12,1302.972,1634685299999,83514278.39321,21634,671.868,43064616.84098,0
1634685300000,64133.12,64292.00,64050.00,64217.07,2009.925,1634686199999,128992135.19859,26917,1110.213,71264678.99876,0
1634686200000,64217.06,64497.75,64196.50,64439.83,4120.845,1634687099999,265275290.60525,51541,2423.365,156012330.26598,0
1634687100000,64439.83,64500.00,64200.00,64316.70,3108.599,1634687999999,200029133.97097,38434,1456.033,93720443.16556,0
1634688000000,64314.75,64400.00,64098.00,64204.79,3461.748,1634688899999,222343543.62490,35450,1533.539,98505757.15864,0
1634688900000,64204.80,64257.95,64035.36,64062.71,1547.913,1634689799999,99265841.12426,22019,615.772,39493535.47689,0
1634689800000,64062.71,64183.06,64001.00,64090.00,1595.498,1634690699999,102236102.69131,21712,795.000,50943733.00823,0
1634690700000,64090.00,64234.60,64083.37,64100.72,1254.307,1634691599999,80471862.65924,18912,646.323,41466594.21806,0
1634691600000,64100.72,64196.51,63929.04,64163.11,2214.994,1634692499999,141875173.56085,28892,1028.161,65865642.44874,0
1634692500000,64163.11,64228.00,63993.39,64179.31,2338.592,1634693399999,150008537.82666,24813,842.172,54038085.91339,0
1634693400000,64179.32,64212.34,63941.01,63970.93,1905.018,1634694299999,121985503.02675,24818,848.007,54298718.76716,0
1634694300000,63970.95,63984.98,63760.00,63871.43,3292.029,1634695199999,210256193.35199,36015,1686.804,107734172.01178,0
1634695200000,63871.44,63956.42,63847.31,63867.70,1233.094,1634696099999,78803592.75969,19681,640.223,40917743.12457,0
1634696100000,63867.69,63942.00,63800.53,63873.87,1188.355,1634696999999,75913294.05616,18159,601.264,38411625.70291,0
1634697000000,63873.87,63921.92,63750.00,63810.00,1140.693,1634697899999,72818945.94988,17448,561.300,35833975.70359,0
1634697900000,63810.01,63975.14,63777.00,63824.34,1390.054,1634698799999,88768082.32436,20140,670.421,42818161.44733,0
1634698800000,63824.34,64039.48,63820.92,63990.07,1542.614,1634699699999,98626061.01533,20104,939.843,60088508.14147,0
1634699700000,63990.08,64082.53,63887.87,63960.14,1788.913,1634700599999,114458513.36285,23923,872.605,55835655.95084,0
1634700600000,63960.15,63998.34,63860.00,63971.91,1004.120,1634701499999,64191924.84174,17314,527.678,33736002.80905,0
1634701500000,63971.90,64019.17,63850.00,63871.45,1010.590,1634702399999,64612186.59758,16655,466.525,29827296.32242,0
1634702400000,63871.46,63957.35,63798.73,63915.80,1160.960,1634703299999,74162850.59123,17997,535.499,34213215.51469,0
1634703300000,63915.80,64000.00,63866.03,63893.40,974.949,1634704199999,62355922.72911,15399,425.081,27191824.01390,0
1634704200000,63893.40,63992.00,63843.37,63974.05,978.867,1634705099999,62564081.72192,16970,555.536,35508381.96898,0
1634705100000,63974.05,64099.00,63940.21,64075.01,1186.946,1634705999999,76002872.17400,18488,767.651,49155210.59531,0
1634706000000,64075.01,64082.90,63965.73,64000.00,1056.793,1634706899999,67651618.36117,17431,507.373,32478737.09453,0
1634706900000,64000.01,64008.23,63880.53,63925.70,1354.341,1634707799999,86570028.65193,17825,633.028,40463107.79095,0
1634707800000,63927.15,63962.80,63600.00,63728.68,4070.083,1634708699999,259402414.52648,43783,1673.199,106660462.13866,0
1634708700000,63728.68,63832.65,63518.81,63818.73,3975.620,1634709599999,253190460.53749,36417,1805.441,114987556.14171,0
1634709600000,63818.74,64226.90,63770.00,64000.71,3929.830,1634710499999,251567332.55432,44062,2077.914,133004288.73428,0
1634710500000,64000.70,64056.69,63750.98,63759.41,2723.897,1634711399999,174129092.27670,30431,1208.809,77282002.16746,0
1634711400000,63759.41,63899.00,63726.61,63786.06,1875.734,1634712299999,119673646.12999,24796,1053.182,67202994.97659,0
1634712300000,63785.71,63856.46,63743.40,63850.01,798.586,1634713199999,50950799.30297,15485,434.738,27737212.26095,0
1634713200000,63850.01,63963.46,63791.14,63912.05,1381.351,1634714099999,88259315.98632,19508,770.399,49228355.12344,0
1634714100000,63912.05,64041.58,63910.00,64030.51,1271.486,1634714999999,81356226.98254,19850,677.522,43352434.43216,0
1634715000000,64030.50,64068.91,63933.70,64019.39,1570.105,1634715899999,100504835.22672,19714,812.687,52026635.02551,0
1634715900000,64019.39,64140.00,63930.01,64033.57,1416.664,1634716799999,90682526.67863,20733,752.775,48188989.64185,0
1634716800000,64033.57,64090.65,63984.88,64070.00,1213.052,1634717699999,77675668.94425,18727,625.217,40036971.14567,0
1634717700000,64070.00,64254.89,64025.20,64168.90,2916.191,1634718599999,187089014.32904,33685,1754.688,112575646.89029,0
1634718600000,64168.91,64293.66,64121.10,64153.44,1651.282,1634719499999,106013362.01030,26566,877.922,56369817.83012,0
1634719500000,64153.44,64173.04,64012.93,64067.51,1569.889,1634720399999,100628195.04173,24854,622.009,39874503.03946,0
1634720400000,64067.52,64150.00,63851.02,64147.25,3153.651,1634721299999,201845160.27675,34916,1571.895,100616426.29300,0
1634721300000,64147.25,64225.00,63970.15,64045.23,2020.484,1634722199999,129494105.25801,23675,978.616,62721859.71180,0
1634722200000,64045.23,64058.67,63932.23,64033.10,1174.238,1634723099999,75151719.11380,19879,588.132,37644324.25334,0
1634723100000,64030.23,64088.19,63943.60,64055.85,987.283,1634723999999,63186121.84355,17925,570.901,36539749.33812,0
1634724000000,64055.85,64076.47,63970.00,64030.91,926.015,1634724899999,59287423.10863,16232,494.015,31629891.16533,0
1634724900000,64030.91,64051.36,63861.66,63889.06,1749.479,1634725799999,111860192.49970,19760,733.276,46886049.24949,0
1634725800000,63889.06,64130.29,63870.00,63950.00,2485.468,1634726699999,159047054.88230,29304,1367.505,87506928.33556,0
1634726700000,63949.99,63969.73,63825.22,63917.87,1731.627,1634727599999,110634859.06817,24296,815.478,52105572.50977,0
1634727600000,63916.30,63946.41,63777.00,63869.03,2026.709,1634728499999,129442850.93533,25866,990.713,63288685.76334,0
1634728500000,63869.02,63950.00,63785.45,63864.81,1147.408,1634729399999,73289048.50855,19201,550.029,35138097.86552,0
1634729400000,63864.80,64009.10,63845.00,63914.72,1510.020,1634730299999,96547797.74537,20637,795.403,50853583.38271,0
1634730300000,63914.71,63931.04,63828.00,63856.84,859.392,1634731199999,54892030.08231,17488,414.230,26459094.41034,0
1634731200000,63856.08,64146.53,63828.00,64118.77,3269.802,1634732099999,209334556.93663,35393,1833.585,117393249.49425,0
1634732100000,64118.76,64337.84,64001.14,64187.48,4149.173,1634732999999,266190171.30659,43907,2395.076,153698623.42511,0
1634733000000,64187.50,64700.00,64133.56,64327.97,10413.849,1634733899999,670588871.79695,97572,5571.627,358925271.44957,0
1634733900000,64327.98,64464.00,64233.01,64431.92,4463.828,1634734799999,287272413.94472,46109,2216.271,142650509.49749,0
1634734800000,64431.93,64445.00,64210.00,64437.89,4710.580,1634735699999,303048664.38543,42125,1919.709,123513616.86460,0
1634735700000,64437.90,64535.42,64331.63,64489.95,3413.037,1634736599999,219901031.10270,41549,1662.123,107095780.68945,0
1634736600000,64489.95,66000.00,64400.00,65980.87,22134.909,1634737499999,1443226177.07895,219664,13253.774,864379084.22289,0
1634737500000,65982.56,66415.01,65234.73,66140.27,25312.201,1634738399999,1667630134.17669,270504,12467.727,821707726.68597,0
1634738400000,66139.25,66492.80,65872.06,66028.78,13976.413,1634739299999,924489283.74618,143308,6877.938,455100073.63131,0
1634739300000,66027.91,66200.00,65822.00,66200.00,6753.855,1634740199999,445696289.02376,75679,3565.888,235350745.24449,0
1634740200000,66200.00,66971.36,66190.00,66820.42,18756.567,1634741099999,1248947438.56178,192546,10003.173,666173727.66355,0
1634741100000,66815.58,67150.00,66666.00,66792.81,12916.508,1634741999999,864103944.81137,139833,6450.095,431587883.22960,0
1634742000000,66792.82,67002.25,66668.00,66720.01,6569.841,1634742899999,438847855.85380,75514,3174.103,212055016.54133,0
1634742900000,66720.00,66798.40,66424.30,66683.03,8962.220,1634743799999,596685099.58372,100671,4321.573,287745407.63992,0
1634743800000,66683.04,66888.00,66633.63,66750.72,4595.259,1634744699999,306841313.95677,52544,2191.607,146340163.06349,0
1634744700000,66752.09,66947.57,66750.00,66914.74,3375.115,1634745599999,225666468.72958,51210,1720.165,115012937.45310,0
1634745600000,66918.39,67024.20,66663.93,66857.53,6605.062,1634746499999,441466858.33748,73021,3257.438,217744227.06328,0
1634746500000,66855.49,66891.73,66600.00,66617.99,3480.694,1634747399999,232271723.52795,47812,1535.851,102503408.49425,0
1634747400000,66618.00,66722.51,66463.57,66516.35,4223.466,1634748299999,281151615.77824,52878,2076.995,138280572.11316,0
1634748300000,66516.35,66665.37,66472.41,66561.04,2456.549,1634749199999,163555261.40752,33383,1342.546,89390907.26070,0
1634749200000,66561.05,66601.48,66299.07,66320.88,4415.233,1634750099999,293142924.40326,56125,1895.700,125874433.34745,0
1634750100000,66323.05,66575.62,66223.39,66528.85,4052.545,1634750999999,269123085.71385,45999,2241.199,148865009.94718,0
1634751000000,66528.86,66607.67,66457.39,66551.66,2032.439,1634751899999,135190364.72529,32716,1019.952,67846091.83403,0
1634751900000,66551.66,66568.98,66412.01,66460.20,1320.452,1634752799999,87766694.86041,22508,589.559,39187913.86249,0
1634752800000,66460.20,66672.85,66414.05,66658.59,1851.291,1634753699999,123215528.52658,25273,1123.073,74760090.73820,0
1634753700000,66658.60,66766.00,66567.00,66665.99,2540.669,1634754599999,169417006.99815,33573,1356.971,90500258.76931,0
1634754600000,66665.98,66768.30,66650.00,66674.41,1723.992,1634755499999,114998831.00665,23408,870.250,58051164.24427,0
1634755500000,66674.41,66789.99,66551.56,66733.84,2259.581,1634756399999,150652250.59075,27808,1111.618,74118629.73020,0
1634756400000,66733.84,66797.30,66633.21,66707.57,1405.106,1634757299999,93737806.00520,21202,648.148,43243155.43634,0
1634757300000,66707.56,66794.93,66504.88,66527.42,2005.672,1634758199999,133633679.74361,25919,836.353,55731453.72552,0
1634758200000,66527.42,66597.25,66311.20,66349.19,2255.394,1634759099999,149854804.66952,30531,874.967,58146632.04385,0
1634759100000,66349.18,66513.06,66310.00,66450.94,2210.653,1634759999999,146816400.94224,26077,1233.024,81900159.49987,0
1634760000000,66450.95,66499.43,66056.28,66099.99,4564.266,1634760899999,302329235.93095,45330,1910.873,126585355.71775,0
1634760900000,66100.00,66273.56,65733.92,65800.01,8603.291,1634761799999,567718499.35311,84766,3940.339,260072720.08765,0
1634761800000,65800.00,66035.97,65730.72,65848.01,3526.018,1634762699999,232268927.48770,38887,1887.879,124370832.63878,0
1634762700000,65848.02,66200.00,65841.01,66084.24,2953.914,1634763599999,195067678.05586,32750,1713.139,113136382.14759,0
1634763600000,66084.24,66168.99,65941.95,66137.47,1834.424,1634764499999,121133984.38636,24369,953.920,63000405.93906,0
1634764500000,66137.47,66141.48,65980.00,66100.46,1198.963,1634765399999,79217719.51461,18382,626.727,41410456.08324,0
1634765400000,66100.46,66106.57,65642.00,65829.96,3106.614,1634766299999,204537239.42459,32192,1052.854,69330043.35817,0
1634766300000,65830.00,65927.04,65780.00,65903.77,1590.657,1634767199999,104768773.48509,19559,856.554,56418434.87944,0
1634767200000,65903.76,66081.91,65535.80,66056.41,4222.885,1634768099999,277841026.19302,42296,2157.407,141999284.82057,0
1634768100000,66056.42,66128.62,65966.72,66027.11,1323.445,1634768999999,87384375.79451,18543,652.337,43076034.12727,0
1634769000000,66026.12,66197.21,66026.12,66059.35,1296.974,1634769899999,85723855.46680,20072,719.575,47563473.44794,0
1634769900000,66059.35,66071.55,65937.64,65978.79,1159.753,1634770799999,76552657.85524,19266,555.698,36679697.81941,0
1634770800000,65978.78,66264.04,65927.68,66096.69,2014.741,1634771699999,133255950.65026,28645,1147.299,75888887.05408,0
1634771700000,66096.69,66139.99,66015.70,66057.74,1175.041,1634772599999,77637079.27240,19181,580.836,38376620.77984,0
1634772600000,66057.75,66241.00,66050.40,66116.94,1485.620,1634773499999,98291326.34972,20529,802.514,53093714.21762,0
1634773500000,66116.95,66178.85,66015.37,66064.24,1312.375,1634774399999,86742292.67346,18914,548.840,36275903.04151,0
1634774400000,66064.25,66109.30,65835.00,65848.70,3385.281,1634775299999,223197782.09088,34680,1756.809,115816969.22472,0
1634775300000,65848.70,65950.76,65785.16,65894.02,2168.109,1634776199999,142789754.08587,26176,1128.477,74331008.07594,0
1634776200000,65890.39,66032.97,65755.16,65940.00,2539.225,1634777099999,167307807.92121,29168,1258.567,82944924.00672,0
1634777100000,65940.00,65976.25,65670.00,65748.75,2461.703,1634777999999,161966601.21658,28748,923.999,60798816.24883,0
1634778000000,65748.74,65838.99,65665.60,65709.77,1590.243,1634778899999,104579378.48405,21617,741.247,48753176.79498,0
1634778900000,65709.76,65767.86,65524.28,65563.12,2875.744,1634779799999,188789319.66396,32609,1196.305,78547597.92576,0
1634779800000,65563.11,65663.79,65300.00,65522.55,4843.192,1634780699999,317053400.96278,50794,1870.398,122469534.09119,0
1634780700000,65522.54,65603.88,64727.20,65125.01,11098.037,1634781599999,722577796.21982,105017,4871.582,317225037.72193,0
1634781600000,65125.00,65291.00,64200.00,65023.63,18443.229,1634782499999,1193128879.58279,156391,8614.706,557362086.61915,0
1634782500000,65023.63,65290.00,64523.76,64712.02,6776.306,1634783399999,440357820.97340,68738,3245.386,210886076.44752,0
1634783400000,64712.02,65455.99,64411.00,65249.99,9148.105,1634784299999,593630430.99076,87570,4979.874,323202282.07977,0
1634784300000,65249.99,65430.00,64943.19,65023.22,5355.083,1634785199999,349287159.18042,51903,2311.899,150830622.03789,0
1634785200000,65023.22,65043.27,64609.10,64669.04,4863.417,1634786099999,315364793.82861,49873,2243.814,145541805.97015,0
1634786100000,64669.03,64778.09,64531.86,64681.57,4307.789,1634786999999,278462234.96611,52238,2277.647,147244651.06501,0
1634787000000,64681.56,64918.00,64573.13,64869.73,3253.259,1634787899999,210688332.89167,42189,1627.446,105402857.84523,0
1634787900000,64871.48,65263.60,64854.49,65125.63,4089.311,1634788799999,266152859.79266,51216,2097.877,136558799.62100,0
1634788800000,65125.63,65265.63,64918.99,65115.14,2855.711,1634789699999,185782517.86904,34390,1429.931,93051697.93602,0
1634789700000,65115.13,65127.94,64775.24,64814.68,2353.888,1634790599999,152850475.29713,29145,804.235,52229002.64100,0
1634790600000,64814.68,65095.99,64666.00,65050.42,2432.032,1634791499999,157765659.26311,29997,1360.230,88258898.13860,0
1634791500000,65050.42,65190.00,65044.45,65094.55,2002.284,1634792399999,130387098.76784,26632,1003.571,65356324.77760,0
1634792400000,65094.54,65200.00,64852.26,65184.01,2803.426,1634793299999,182379195.68076,30974,1419.515,92380293.54200,0
1634793300000,65184.00,65221.35,65011.86,65077.96,1687.600,1634794199999,109875435.13831,24130,893.875,58200663.97355,0
1634794200000,65076.11,65168.76,64930.00,65014.55,1764.698,1634795099999,114745078.92693,21453,807.279,52493866.68260,0
1634795100000,65014.54,65068.00,64868.59,64876.02,1218.326,1634795999999,79175759.31873,20450,513.634,33389092.68242,0
1634796000000,64876.03,65085.46,64722.43,64783.82,3063.093,1634796899999,198722907.17756,37513,1294.131,83988454.92543,0
1634796900000,64783.83,64902.56,64360.00,64600.01,5784.160,1634797799999,373731994.74855,57514,2693.610,174079821.81384,0
1634797800000,64600.01,64688.54,64214.00,64341.95,4274.435,1634798699999,275603772.87659,52374,1945.327,125480908.90132,0
1634798700000,64341.96,64755.71,64224.00,64746.97,3890.222,1634799599999,251115564.76136,46542,2196.262,141773655.25756,0
1634799600000,64746.97,64788.56,64508.86,64700.00,2373.954,1634800499999,153469773.71863,28030,1057.679,68375353.06527,0
1634800500000,64700.01,65196.76,64700.00,65165.23,4551.205,1634801399999,295747539.58967,49906,2545.039,165371675.49109,0
1634801400000,65165.22,65226.00,65023.27,65189.30,2821.011,1634802299999,183754374.52280,36547,1355.613,88316989.59215,0
1634802300000,65189.31,65325.00,65100.00,65128.87,2523.865,1634803199999,164530738.70542,30906,1084.879,70743660.77305,0
1634803200000,65128.88,65500.00,65103.12,65475.09,3642.740,1634804099999,238049654.13403,46389,2085.220,136277991.89751,0
1634804100000,65475.09,65745.01,65462.91,65714.64,4863.378,1634804999999,319043506.82477,53722,2596.006,170300351.65906,0
1634805000000,65714.47,66150.00,65705.01,66044.90,7215.050,1634805899999,475393088.71684,69394,4290.589,282751808.15480,0
1634805900000,66044.90,66099.84,65806.12,65930.67,4497.747,1634806799999,296628856.40495,46013,2125.810,140216842.78873,0
1634806800000,65930.67,66666.00,65917.14,66490.00,8909.712,1634807699999,590914999.04940,88267,5033.419,333836228.70358,0
1634807700000,66489.99,66593.99,66344.91,66409.70,3300.849,1634808599999,219331804.63321,40992,1411.912,93827344.54180,0
1634808600000,66409.70,66750.00,66399.97,66563.35,4596.902,1634809499999,306092707.86742,52172,2349.388,156473605.24183,0
1634809500000,66563.37,66564.95,66167.15,66289.24,4378.401,1634810399999,290452730.83466,48073,1864.940,123713709.97966,0
1634810400000,66289.24,66306.74,66014.20,66103.70,4085.820,1634811299999,270328191.04736,46763,1739.584,115120422.24471,0
1634811300000,66103.71,66286.25,66050.00,66196.29,2286.928,1634812199999,151360935.50589,29904,1172.903,77634665.92881,0
1634812200000,66196.29,66281.52,66030.89,66102.41,1937.968,1634813099999,128184194.25385,28398,811.920,53707771.66040,0
1634813100000,66103.60,66103.61,65720.00,65722.49,4863.491,1634813999999,320358179.44894,53856,1759.414,115893235.40891,0
1634814000000,65722.49,65860.00,65553.31,65707.80,5126.868,1634814899999,336929208.49960,52201,2436.682,160169620.95231,0
1634814900000,65707.80,66086.77,65426.55,66047.16,5851.825,1634815799999,385019406.41711,58046,2830.574,186308471.80242,0
1634815800000,66050.98,66055.33,64100.00,64873.64,20885.489,1634816699999,1356487157.08198,192189,9200.435,597513942.33613,0
1634816700000,64874.01,65095.26,64475.43,64891.94,10364.382,1634817599999,671573132.08020,107044,5392.119,349456748.50666,0
1634817600000,64893.03,65120.00,64404.09,64600.01,8957.099,1634818499999,580054910.72600,86321,4186.064,271196334.83977,0
1634818500000,64600.00,64949.00,64507.97,64931.64,3443.767,1634819399999,223176952.36059,44796,1737.800,112623409.30466,0
1634819400000,64931.63,65320.00,64880.69,65099.47,6193.687,1634820299999,403095057.02557,56582,2864.425,186457704.76711,0
1634820300000,65099.48,65200.00,64818.84,65127.79,3246.918,1634821199999,210974997.73706,36999,1690.271,109835876.01625,0
1634821200000,65127.79,65248.11,64913.30,65048.73,3019.912,1634822099999,196523245.51044,33980,1539.600,100233290.69816,0
1634822100000,65048.73,65620.00,65048.73,65424.61,5082.271,1634822999999,332236201.07974,55851,2774.989,181402379.78127,0
1634823000000,65424.61,65666.00,65311.25,65311.25,4057.816,1634823899999,265841899.05843,45861,1901.375,124597864.32993,0
1634823900000,65311.25,65428.51,64749.73,64821.42,5827.971,1634824799999,379335832.56709,60153,2647.654,172364592.07148,0
1634824800000,64821.42,64973.00,64556.01,64566.26,6335.380,1634825699999,410234145.45857,70431,2921.391,189202882.49773,0
1634825700000,64566.26,64779.16,62777.00,63673.25,26224.373,1634826599999,1672682179.34273,233432,10986.747,700936488.41469,0
1634826600000,63673.26,64100.00,63300.00,64023.77,13105.777,1634827499999,835190291.70173,125403,6578.276,419344628.18113,0
1634827500000,64023.78,64185.95,63650.00,63720.94,6340.322,1634828399999,405290860.59362,70105,2662.420,170252697.93286,0
1634828400000,63720.94,63950.00,63334.12,63746.79,7656.709,1634829299999,487180728.14998,87714,4024.058,256047810.61582,0
1634829300000,63746.78,63836.02,62000.00,62458.42,14098.798,1634830199999,888070217.53723,132617,5152.948,325179828.46691,0
1634830200000,62458.41,63065.00,62300.00,62979.81,14026.303,1634831099999,880674927.49553,142183,7588.646,476542276.52076,0
1634831100000,62979.80,63480.29,62938.12,63040.21,7360.388,1634831999999,465108459.82845,83595,3654.649,230963449.85963,0
1634832000000,63040.21,63449.70,62820.45,63442.37,6902.489,1634832899999,435964221.72899,76346,3546.208,224023068.80227,0
1634832900000,63442.37,63659.00,63170.65,63639.65,5269.813,1634833799999,334175318.18827,54711,2737.417,173643936.73403,0
1634833800000,63639.66,63701.02,63322.00,63341.19,3935.628,1634834699999,249843644.59505,44605,1583.699,100549179.37474,0
1634834700000,63343.66,63406.55,62710.11,62870.17,6480.407,1634835599999,408437967.79957,69005,2895.452,182480298.74814,0
1634835600000,62870.16,63340.71,62779.98,63174.35,4080.070,1634836499999,257643501.04004,48417,2372.795,149834248.21619,0
1634836500000,63174.35,63417.41,63008.88,63039.91,2784.813,1634837399999,176063282.11223,35795,1157.713,73237074.44160,0
1634837400000,63039.91,63130.00,62774.69,62870.90,3216.711,1634838299999,202448330.59412,43641,1420.797,89440099.62429,0
1634838300000,62870.91,62950.54,62464.21,62564.37,4851.056,1634839199999,304075482.58104,57951,2147.069,134639905.08464,0
1634839200000,62562.56,63293.85,62561.17,63099.12,5519.382,1634840099999,347539625.35835,59440,3186.106,200586931.84322,0
1634840100000,63100.01,63272.80,62967.73,63180.20,2321.293,1634840999999,146578596.19752,31118,999.977,63163589.65200,0
1634841000000,63180.19,63231.39,62756.10,62756.10,2325.699,1634841899999,146361236.48654,31131,986.372,62064285.73391,0
1634841900000,62756.11,62979.99,62666.00,62809.99,2191.161,1634842799999,137620742.35733,28622,1167.449,73340767.89329,0
1634842800000,62809.99,63462.70,62762.06,63397.57,4639.532,1634843699999,293307910.54539,50246,2646.455,167267455.94814,0
1634843700000,63397.57,63550.00,63231.17,63494.85,2264.870,1634844599999,143604214.65302,32336,1099.259,69715238.77033,0
1634844600000,63494.86,63573.89,63136.80,63287.23,2797.915,1634845499999,177177071.95683,32591,1289.198,81638284.33768,0
1634845500000,63287.23,63287.23,62662.42,62869.50,5016.240,1634846399999,315396550.72475,54918,2311.809,145368319.46177,0
1634846400000,62869.50,62961.92,62541.54,62818.43,3761.541,1634847299999,236028964.93274,45588,1809.174,113529214.03945,0
1634847300000,62818.43,63146.08,62526.12,62637.88,5225.567,1634848199999,328077854.17688,50965,2530.467,158926612.70073,0
1634848200000,62637.45,62812.56,62385.00,62690.34,5209.687,1634849099999,326082879.62361,50024,2582.444,161685072.71102,0
1634849100000,62690.34,62939.38,62618.12,62714.71,2744.931,1634849999999,172392945.96619,32759,1408.634,88488844.25130,0
1634850000000,62714.38,62952.88,62700.17,62945.81,1771.162,1634850899999,111371730.37469,24135,870.108,54713512.13036,0
1634850900000,62945.81,63073.00,62812.85,62906.58,1651.571,1634851799999,103954159.30166,25054,824.399,51898205.87476,0
1634851800000,62906.57,62969.00,62569.30,62574.96,1783.337,1634852699999,111945584.51783,25104,609.241,38257792.77179,0
1634852700000,62574.97,62823.46,62222.00,62791.05,3575.621,1634853599999,223539107.27343,45609,1875.234,117287136.72962,0
1634853600000,62791.04,63032.57,62654.10,63009.48,3085.804,1634854499999,194042641.66317,37307,1640.234,103161756.22951,0
1634854500000,63009.47,63169.43,62750.66,63092.12,2888.782,1634855399999,181824796.59702,32000,1540.201,96987255.43890,0
1634855400000,63092.12,63112.50,62554.87,62580.00,2775.242,1634856299999,174216158.37469,32289,945.462,59350480.41202,0
1634856300000,62580.00,62725.99,62455.12,62513.15,2080.194,1634857199999,130189900.35398,29471,1082.797,67783357.64931,0
1634857200000,62513.15,62780.00,62333.00,62683.00,2943.995,1634858099999,184147745.79945,36413,1597.970,99981640.83934,0
1634858100000,62683.00,62748.25,62020.82,62334.00,4210.591,1634858999999,262362916.01334,50896,1811.352,112895535.59925,0
1634859000000,62334.83,62657.30,62273.63,62520.32,2526.424,1634859899999,157881833.20714,30534,1229.246,76809445.10429,0
1634859900000,62520.31,62615.64,62222.49,62260.33,2395.946,1634860799999,149462334.72036,30305,1126.245,70248972.22721,0
1634860800000,62260.33,62873.00,62181.91,62520.00,7870.936,1634861699999,491972080.71950,76252,3760.181,235039754.28984,0
1634861700000,62520.01,62717.34,62225.19,62717.34,4168.435,1634862599999,260393178.30202,44436,2027.317,126651516.58377,0
1634862600000,62717.35,63000.00,62617.14,62924.01,3485.757,1634863499999,218984911.35057,37988,1857.334,116705817.31114,0
1634863500000,62923.47,62994.52,62674.00,62874.07,1897.836,1634864399999,119238640.22407,27014,868.483,54567368.46737,0
1634864400000,62874.07,63143.71,62806.42,62993.69,3093.861,1634865299999,194987720.35190,35933,1571.166,99020935.39631,0
1634865300000,62993.69,63084.62,62877.87,63021.64,1463.466,1634866199999,92156095.42303,22342,655.123,41261331.53143,0
1634866200000,63021.63,63150.75,62770.89,62830.03,2115.612,1634867099999,133210738.86622,27142,904.729,56994433.21443,0
1634867100000,62830.30,62897.81,62613.00,62625.48,1969.548,1634867999999,123562434.85694,26964,857.526,53803843.44219,0
1634868000000,62625.48,62877.42,62567.47,62847.20,1773.562,1634868899999,111290335.32685,23518,1029.131,64574162.94964,0
1634868900000,62847.20,63060.82,62750.21,63000.00,1841.675,1634869799999,115914438.25715,22859,1039.810,65448034.36799,0
1634869800000,63000.01,63059.71,62813.48,62813.49,1046.734,1634870699999,65875836.21477,16638,495.955,31215910.18449,0
1634870700000,62813.49,62920.00,62710.04,62884.50,1202.867,1634871599999,75557714.04205,18512,611.937,38444165.97897,0
1634871600000,62884.50,63293.68,62874.36,63233.22,2835.781,1634872499999,178974456.96147,32677,1560.118,98461665.32762,0
1634872500000,63233.21,63321.00,63120.17,63137.93,1698.227,1634873399999,107333214.85164,23143,771.605,48774681.25586,0
1634873400000,63137.92,63375.00,63115.49,63300.00,1948.557,1634874299999,123322396.45937,25121,1121.289,70975251.48219,0
1634874300000,63300.01,63300.01,63175.00,63279.94,1174.533,1634875199999,74266230.21205,17463,583.939,36925548.16450,0
1634875200000,63279.94,63362.89,63180.60,63214.36,1660.640,1634876099999,105047901.91051,21354,886.686,56094479.44723,0
1634876100000,63218.93,63290.05,63048.00,63061.10,1732.126,1634876999999,109359462.22406,22298,758.029,47860868.49517,0
1634877000000,63061.11,63135.00,62915.09,62961.60,1316.224,1634877899999,82944356.16136,22482,598.692,37729589.29125,0
1634877900000,62961.60,63105.99,62912.68,63091.75,1003.247,1634878799999,63237254.71095,19364,535.014,33721250.32454,0
1634878800000,63091.76,63212.50,62980.53,63126.39,1593.529,1634879699999,100552690.42141,22032,799.982,50489560.51082,0
1634879700000,63126.38,63228.99,62837.33,62891.57,2307.523,1634880599999,145321581.14217,29350,997.674,62840979.02667,0
1634880600000,62891.56,63037.99,62880.00,62961.09,1091.235,1634881499999,68713694.21682,17721,578.657,36436741.43475,0
1634881500000,62961.09,63155.96,62823.00,63060.37,1971.856,1634882399999,124220028.98811,24119,1016.680,64056849.42548,0
1634882400000,63061.52,63267.99,62966.00,62991.56,2149.375,1634883299999,135679442.25254,27496,1011.315,63860555.56658,0
1634883300000,62991.56,63020.00,62709.70,62740.01,2379.268,1634884199999,149551064.53886,29665,934.544,58744895.51860,0
1634884200000,62740.02,62863.22,62511.00,62617.71,3134.005,1634885099999,196378724.80224,35107,1513.110,94823908.70579,0
1634885100000,62617.72,62780.40,62595.25,62767.12,1479.957,1634885999999,92818589.50296,21175,855.432,53653174.15133,0
1634886000000,62767.12,62848.19,62654.38,62683.52,1522.536,1634886899999,95579370.24630,21283,726.400,45602776.56865,0
1634886900000,62683.53,62944.40,62681.79,62832.84,1389.643,1634887799999,87309799.68910,19987,790.036,49641341.68027,0
1634887800000,62832.84,63280.48,62809.47,63261.15,3655.977,1634888699999,230693034.18959,39238,2041.480,128808402.22040,0
1634888700000,63266.69,63481.02,63131.71,63424.53,4593.255,1634889599999,290527269.82776,45171,2474.664,156565210.00509,0
1634889600000,63424.53,63582.84,63283.94,63568.21,4268.288,1634890499999,270884506.54748,48231,2159.930,137087148.70163,0
1634890500000,63568.22,63688.74,63400.02,63421.51,4442.543,1634891399999,282359156.81651,45535,1829.645,116305280.67821,0
1634891400000,63424.27,63570.59,63331.96,63485.53,2629.030,1634892299999,166739447.98929,29792,1399.444,88775229.11617,0
1634892300000,63485.53,63637.16,63361.00,63614.36,2550.468,1634893199999,162074594.59067,28867,1148.730,73007972.59711,0
1634893200000,63614.98,63796.20,63511.43,63512.53,3531.400,1634894099999,224774777.34381,36883,1825.328,116225002.78699,0
1634894100000,63512.53,63672.22,63400.00,63432.88,1917.180,1634894999999,121810998.77671,23539,758.825,48227078.02203,0
1634895000000,63432.89,63475.81,63201.80,63291.77,4200.869,1634895899999,265951224.11646,37177,1891.423,119740497.15723,0
1634895900000,63291.78,63384.99,63211.60,63332.00,1214.895,1634896799999,76941809.78369,19073,658.061,41678888.05240,0
1634896800000,63332.20,63374.76,63167.25,63290.79,1606.407,1634897699999,101652139.22414,23175,703.859,44545884.48759,0
1634897700000,63290.79,63368.42,62900.33,62977.45,3501.153,1634898599999,220920333.15019,39808,1486.109,93785613.31168,0
1634898600000,62977.46,63243.59,62977.45,63188.00,1743.185,1634899499999,110043343.13530,25219,955.328,60311073.98851,0
1634899500000,63188.01,63322.51,63166.79,63239.35,1695.937,1634900399999,107277989.65174,23015,869.464,55003971.47135,0
1634900400000,63239.35,63445.89,63220.18,63365.69,1905.318,1634901299999,120692376.59799,24653,1027.918,65116804.50652,0
1634901300000,63365.68,63516.00,63313.03,63415.94,2385.475,1634902199999,151379457.06286,22962,1042.033,66120989.58265,0
1634902200000,63415.94,63513.48,63259.65,63280.95,1689.217,1634903099999,107097793.01453,21857,722.828,45842503.84126,0
1634903100000,63280.95,63460.28,63276.60,63420.67,1274.909,1634903999999,80797503.47754,20015,616.140,39046866.94372,0
1634904000000,63420.67,63489.00,63300.00,63317.69,1298.834,1634904899999,82302040.88425,18795,538.188,34108746.21417,0
1634904900000,63313.23,63475.23,63169.10,63391.67,2472.471,1634905799999,156614127.03132,27446,1213.950,76907640.07414,0
1634905800000,63391.67,63631.99,63375.45,63434.38,2672.071,1634906699999,169703846.52719,31637,1499.198,95219984.48046,0
1634906700000,63434.38,63700.00,63398.21,63682.13,2582.934,1634907599999,164284693.03352,32324,1468.815,93427203.73850,0
1634907600000,63682.13,63776.96,63472.89,63513.66,3289.508,1634908499999,209253002.61785,34978,1501.815,95543872.76243,0
1634908500000,63513.65,63538.48,63261.53,63448.75,3272.384,1634909399999,207443023.44162,38822,1641.581,104066750.80078,0
1634909400000,63448.75,63520.00,63254.00,63310.01,2893.999,1634910299999,183359687.88151,31712,1411.598,89442359.07688,0
1634910300000,63310.01,63378.81,62356.50,62485.47,13284.220,1634911199999,833819840.02452,129965,5691.952,357305949.19044,0
1634911200000,62485.47,62507.77,61470.00,62055.34,23528.739,1634912099999,1456927222.76120,213869,10278.565,636534043.81290,0
1634912100000,62055.35,62125.92,61600.00,61875.13,7650.465,1634912999999,473241972.69857,84338,3719.854,230112921.42343,0
1634913000000,61875.13,61987.48,61100.00,61534.61,12604.465,1634913899999,775651503.50409,126106,5417.222,333519471.76430,0
1634913900000,61534.61,61750.00,61399.62,61630.01,6988.568,1634914799999,430423184.40114,73260,3649.458,224763272.20508,0
1634914800000,61630.01,61775.92,61428.69,61473.91,5755.289,1634915699999,354558228.77714,61543,2501.079,154119589.27397,0
1634915700000,61473.92,61475.41,60666.82,60826.00,16635.401,1634916599999,1015359981.52284,158310,7391.785,451365723.53913,0
1634916600000,60825.99,61260.62,60762.53,61064.78,6761.212,1634917499999,412866968.90305,76085,3442.213,210205955.56381,0
1634917500000,61065.84,61174.74,60550.00,60744.92,8271.970,1634918399999,503043241.21106,88471,4192.411,255002711.82029,0
1634918400000,60744.55,60973.45,60175.44,60289.98,15445.749,1634919299999,935738648.61160,144005,7010.206,424916663.49485,0
1634919300000,60289.87,61363.71,60011.90,61276.65,20009.334,1634920199999,1217211052.25912,164440,10826.477,658945962.02696,0
1634920200000,61276.66,61450.00,61066.00,61328.20,6410.454,1634921099999,392911381.98280,70114,3264.835,200157951.44913,0
1634921100000,61328.20,61404.55,61188.25,61192.12,3052.761,1634921999999,187138294.44822,35321,1460.892,89568412.67514,0
1634922000000,61192.12,61350.00,61087.42,61139.94,2455.156,1634922899999,150265756.80071,29599,1187.978,72716098.23991,0
1634922900000,61139.95,61144.15,60685.31,60801.21,6434.801,1634923799999,391961043.83476,59115,2481.389,151211417.50525,0
1634923800000,60801.20,60993.56,60520.27,60767.08,5299.159,1634924699999,322130720.11554,50014,2522.547,153389946.03739,0
1634924700000,60767.08,60879.04,60615.40,60625.65,3116.921,1634925599999,189318954.78687,34654,1578.459,95884086.05075,0
1634925600000,60625.65,60776.01,60450.00,60461.36,3867.533,1634926499999,234456893.71655,41995,1785.903,108279218.86463,0
1634926500000,60461.36,60872.43,60268.06,60685.97,6256.852,1634927399999,378894311.67935,54472,3200.966,193885807.85343,0
1634927400000,60686.80,60949.02,60647.31,60856.38,2523.097,1634928299999,153505038.25438,29033,1370.592,83387970.77416,0
1634928300000,60856.39,60937.52,60657.67,60694.88,1709.144,1634929199999,103888515.86522,23425,763.691,46426311.30163,0
1634929200000,60694.87,60694.88,60380.00,60498.53,3135.485,1634930099999,189706692.86147,36630,1618.353,97910577.94805,0
1634930100000,60498.53,60840.00,60484.26,60832.62,2971.377,1634930999999,180279938.63105,31646,1640.366,99516074.66253,0
1634931000000,60829.83,60850.00,60600.68,60619.32,1932.330,1634931899999,117376897.23814,22134,748.324,45459338.65424,0
1634931900000,60619.32,61111.00,60613.35,61087.33,3288.038,1634932799999,200283856.01792,33612,2240.675,136507929.01870,0
1634932800000,61086.99,61294.40,60852.97,61122.28,3725.989,1634933699999,227574126.38646,40240,1710.777,104521664.18059,0
1634933700000,61122.27,61157.34,60871.00,60949.33,1815.816,1634934599999,110730784.97915,23153,761.771,46451793.81336,0
1634934600000,60949.32,61089.04,60873.33,60966.46,1376.820,1634935499999,83957660.27896,19188,771.920,47072415.09924,0
1634935500000,60966.47,60996.47,60750.00,60782.92,1648.831,1634936399999,100361019.35927,20911,630.469,38376941.34839,0
1634936400000,60785.51,60948.90,60755.34,60859.19,1457.445,1634937299999,88716863.12547,17059,960.791,58485526.48954,0
1634937300000,60859.19,61048.69,60773.74,60826.83,2020.418,1634938199999,123011126.61445,19398,983.936,59914284.96315,0
1634938200000,60826.83,60829.24,60639.74,60789.42,1599.185,1634939099999,97092946.59242,18885,804.007,48817870.57003,0
1634939100000,60789.41,60789.42,60154.08,60450.30,5157.976,1634939999999,311481789.80348,53033,2246.893,135675562.21753,0
1634940000000,60450.29,60635.49,60350.00,60495.00,1893.271,1634940899999,114520103.31817,24238,1097.609,66407437.95184,0
1634940900000,60494.99,60693.00,60494.99,60638.21,1535.073,1634941799999,93033299.75748,19422,794.465,48149061.44060,0
1634941800000,60638.21,60746.94,60616.61,60717.99,980.874,1634942699999,59534800.96731,15817,510.789,31003451.42726,0
1634942700000,60717.99,60873.64,60631.15,60679.76,1937.800,1634943599999,117746162.24211,21994,793.153,48204498.74382,0
1634943600000,60679.76,60856.07,60656.40,60780.80,1266.248,1634944499999,76953331.71686,17207,826.425,50222533.80373,0
1634944500000,60780.81,60938.59,60719.00,60850.00,1327.612,1634945399999,80779579.84390,16973,712.615,43364808.73404,0
1634945400000,60850.01,60887.83,60785.97,60803.22,813.782,1634946299999,49507187.16431,12843,383.484,23329875.12206,0
1634946300000,60803.22,60839.27,60727.84,60734.27,807.609,1634947199999,49074854.15321,12237,315.359,19163830.99409,0
1634947200000,60734.28,60814.59,60523.46,60611.32,1951.386,1634948099999,118364924.83338,23071,950.480,57660840.47267,0
1634948100000,60611.32,61129.98,60393.56,61003.55,3891.626,1634948999999,236662290.20882,41500,1976.393,120215814.13399,0
1634949000000,61003.56,61107.99,60818.01,61018.12,2020.942,1634949899999,123214235.88704,24173,1005.818,61327305.93537,0
1634949900000,61018.13,61215.00,60953.92,61204.01,1885.057,1634950799999,115180941.32366,24523,1091.308,66681010.13916,0
1634950800000,61206.98,61284.99,61100.72,61279.42,1510.128,1634951699999,92380174.73406,20990,789.892,48333512.98947,0
1634951700000,61279.42,61285.00,61080.00,61139.21,1002.119,1634952599999,61276292.09101,15863,424.177,25938018.40491,0
1634952600000,61139.22,61145.32,60920.00,61028.71,1694.230,1634953499999,103366777.32628,18736,600.323,36625729.97498,0
1634953500000,61028.71,61083.26,60874.33,61058.69,1482.091,1634954399999,90352373.06431,15798,689.821,42069253.20439,0
1634954400000,61058.69,61284.15,61037.85,61152.14,1947.877,1634955299999,119142008.97847,22102,1142.091,69855661.07955,0
1634955300000,61152.14,61219.48,61050.00,61068.18,1032.855,1634956199999,63141197.04270,15972,476.476,29129064.17211,0
1634956200000,61068.19,61154.03,61025.07,61067.18,863.004,1634957099999,52720545.04977,12289,446.723,27291576.11282,0
1634957100000,61067.18,61199.00,61016.43,61174.75,894.241,1634957999999,54659996.41876,13580,432.423,26431339.94062,0
1634958000000,61176.00,61235.00,61121.40,61159.99,699.222,1634958899999,42776884.99379,11158,336.538,20588680.09624,0
1634958900000,61160.00,61228.00,61085.66,61149.90,918.924,1634959799999,56187339.19530,12404,415.921,25431150.73497,0
1634959800000,61149.90,61215.74,61068.83,61196.16,813.565,1634960699999,49748784.19339,12129,335.097,20494224.87426,0
1634960700000,61196.16,61300.00,61172.55,61272.26,1290.484,1634961599999,79042839.39176,14656,690.851,42314815.65457,0
1634961600000,61272.25,61560.00,61212.85,61530.12,3247.684,1634962499999,199547196.01796,33889,1875.622,115240412.77234,0
1634962500000,61530.13,61594.55,61389.05,61447.70,2466.492,1634963399999,151689535.02930,24259,1122.845,69068802.20110,0
1634963400000,61447.71,61459.33,61046.89,61082.51,3580.504,1634964299999,219305441.42714,33759,1367.857,83784132.33203,0
1634964300000,61081.25,61268.84,61048.75,61177.75,1437.308,1634965199999,87921698.47063,17953,873.863,53447063.88695,0
1634965200000,61177.75,61289.54,60921.12,61075.72,2420.377,1634966099999,147810117.21516,29141,1067.126,65176027.75094,0
1634966100000,61075.72,61188.93,60952.36,61027.20,1138.683,1634966999999,69575022.08509,18642,442.136,27021661.58208,0
1634967000000,61027.20,61131.73,60995.00,61100.00,1300.234,1634967899999,79391342.43578,17332,602.120,36763812.75819,0
1634967900000,61100.00,61133.52,60889.36,61024.92,1345.389,1634968799999,82068834.06598,19610,526.394,32115496.30978,0
1634968800000,61024.92,61054.31,60782.67,60903.84,1829.845,1634969699999,111454567.73300,24335,700.842,42692276.28226,0
1634969700000,60903.84,61020.91,60900.00,60992.90,887.201,1634970599999,54094750.90985,14835,556.854,33953813.77105,0
1634970600000,60992.90,61125.81,60932.90,61101.30,993.521,1634971499999,60626477.18320,15436,561.612,34278080.45085,0
1634971500000,61101.30,61149.28,60964.83,61079.39,932.859,1634972399999,56955212.65762,13762,533.194,32553478.04547,0
1634972400000,61079.38,61136.81,60972.21,61043.52,1222.918,1634973299999,74676544.95678,15765,559.905,34194861.37882,0
1634973300000,61043.08,61060.00,60740.00,60880.95,1903.314,1634974199999,115861144.60738,24160,767.152,46701516.53716,0
1634974200000,60880.95,60942.42,60753.60,60871.84,1337.689,1634975099999,81411324.66125,19097,551.954,33592852.92379,0
1634975100000,60871.84,61019.15,60851.87,60925.49,1294.737,1634975999999,78915729.20693,17152,761.722,46429002.54134,0
1634976000000,60925.49,61098.56,60922.83,61058.24,1137.528,1634976899999,69412165.72575,16499,662.164,40407796.58849,0
1634976900000,61058.24,61188.00,61029.80,61090.47,1882.269,1634977799999,115034039.61905,20351,822.617,50277768.49007,0
1634977800000,61090.48,61108.53,60973.00,61001.49,993.655,1634978699999,60635364.80710,13720,435.556,26578056.74092,0
1634978700000,61001.48,61129.00,61001.01,61115.50,781.035,1634979599999,47718211.25949,12000,391.275,23904318.96029,0
1634979600000,61115.50,61160.00,60770.00,60847.21,2377.639,1634980499999,144833461.68783,26786,908.839,55368269.45331,0
1634980500000,60847.20,60879.60,60510.00,60565.27,4578.566,1634981399999,277542180.49495,49457,2245.804,136134784.28866,0
1634981400000,60565.27,60730.31,60360.00,60634.80,4070.284,1634982299999,246400031.09532,43113,2067.330,125185900.55633,0
1634982300000,60634.80,60777.60,60570.98,60710.04,2230.054,1634983199999,135348367.16992,25637,1044.016,63371458.63217,0
1634983200000,60710.05,60838.54,60636.04,60708.72,1634.036,1634984099999,99266143.00482,21448,755.815,45926382.59630,0
1634984100000,60708.71,60722.40,60571.15,60584.62,1377.261,1634984999999,83522928.25620,18890,532.526,32296701.66448,0
1634985000000,60584.61,60703.24,60408.05,60420.20,2230.480,1634985899999,135020219.14450,25224,951.237,57586887.20055,0
1634985900000,60420.21,60500.00,60100.07,60177.76,5354.430,1634986799999,322810771.83039,59105,2438.269,147047310.64512,0
1634986800000,60177.75,60997.13,59622.00,60861.72,22593.322,1634987699999,1362854192.59852,199620,10923.326,659634070.83900,0
1634987700000,60864.46,61400.00,60863.15,61267.69,10542.995,1634988599999,644773318.28172,93424,5506.011,336727040.17574,0
1634988600000,61267.92,61763.31,61200.00,61700.00,8538.812,1634989499999,525226146.16951,84749,4650.698,286109587.84464,0
1634989500000,61700.00,61733.00,61474.79,61592.68,4147.015,1634990399999,255452085.45932,42087,1694.701,104400806.46412,0
1634990400000,61592.68,61773.00,61370.00,61370.00,4293.814,1634991299999,264260338.10765,43434,2091.313,128756367.94070,0
1634991300000,61370.00,61689.00,61369.08,61616.58,2719.156,1634992199999,167392834.46541,29566,1698.291,104542876.09529,0
1634992200000,61616.57,61780.00,61580.77,61721.44,2986.129,1634993099999,184249256.16168,32365,1460.017,90093906.46722,0
1634993100000,61722.48,61763.79,61526.08,61576.88,2166.297,1634993999999,133477783.25648,23955,810.741,49960830.87938,0
1634994000000,61576.89,61746.20,61419.99,61470.03,3712.108,1634994899999,228557077.11393,37009,1981.908,122066483.67574,0
1634994900000,61470.02,61569.99,61361.76,61434.00,1396.683,1634995799999,85880640.10820,21124,651.358,40059733.71420,0
1634995800000,61434.00,61531.81,61306.07,61329.18,1863.847,1634996699999,114450630.41501,24723,810.968,49807081.66033,0
1634996700000,61329.45,61419.77,61230.41,61372.61,2345.481,1634997599999,143816732.44118,27289,1246.516,76444286.10911,0
1634997600000,61372.61,61529.17,61273.20,61297.27,1855.456,1634998499999,113908258.16379,24172,990.209,60801141.57835,0
1634998500000,61297.27,61333.00,61159.78,61223.91,2174.100,1634999399999,133133927.27193,26018,955.124,58496416.94007,0
1634999400000,61223.92,61295.17,61127.40,61258.69,1730.185,1635000299999,105908299.50622,22516,847.788,51900311.20081,0
1635000300000,61258.69,61360.00,61004.04,61071.16,3029.305,1635001199999,185311072.92345,31695,1643.855,100574003.20078,0
1635001200000,61071.16,61206.50,61064.18,61138.39,1590.181,1635002099999,97230489.42703,18753,724.446,44296087.39439,0
1635002100000,61138.39,61520.00,61110.88,61473.53,4080.238,1635002999999,250431468.07620,37006,2221.573,136347410.71357,0
1635003000000,61473.53,61549.30,60972.60,60972.60,3421.667,1635003899999,209730583.09960,35986,1387.716,85106120.63246,0
1635003900000,60972.60,61614.79,60740.00,61486.24,8242.726,1635004799999,504787729.18220,79259,4298.457,263276999.93612,0
1635004800000,61486.24,61673.00,61380.00,61481.28,3642.698,1635005699999,224080972.06706,40523,1830.670,112628172.97403,0
1635005700000,61481.27,61565.70,61311.00,61314.12,1945.557,1635006599999,119491530.12404,24668,817.204,50200266.11562,0
1635006600000,61312.85,61339.15,61100.00,61134.81,2662.544,1635007499999,163025163.06503,29381,1278.797,78307065.73201,0
1635007500000,61133.39,61231.18,61007.80,61194.00,3439.461,1635008399999,210241428.21979,31032,2123.338,129811367.34535,0
1635008400000,61193.99,61239.29,61086.73,61198.53,1364.170,1635009299999,83421792.05788,16614,659.437,40330065.56214,0
1635009300000,61198.53,61426.27,61070.45,61093.26,2297.362,1635010199999,140708775.45912,23398,1119.778,68593090.78746,0
1635010200000,61093.26,61207.85,61014.18,61138.53,1341.152,1635011099999,81943405.59759,16685,725.048,44306532.85427,0
1635011100000,61138.53,61302.30,61107.58,61280.91,1222.878,1635011999999,74854428.32798,14939,604.577,37007321.74912,0
1635012000000,61280.91,61383.86,61239.45,61341.90,1382.368,1635012899999,84773198.08640,17915,731.040,44833338.13363,0
1635012900000,61341.90,61466.00,61273.44,61365.46,1272.576,1635013799999,78094500.15781,16897,647.762,39756171.63794,0
1635013800000,61365.46,61421.73,61277.60,61323.00,1112.723,1635014699999,68260495.39102,14402,355.432,21806048.79524,0
1635014700000,61322.99,61424.65,61139.13,61361.07,1578.525,1635015599999,96758592.51850,18821,720.476,44161718.19161,0
1635015600000,61361.07,61377.00,61151.00,61173.80,935.626,1635016499999,57288755.56681,13696,465.841,28517647.36784,0
1635016500000,61173.80,61173.80,61022.97,61095.46,1508.262,1635017399999,92137307.95907,17650,810.551,49517499.01840,0
1635017400000,61095.45,61105.13,60955.02,61038.39,1289.949,1635018299999,78723639.18243,17049,524.041,31985637.12688,0
1635018300000,61038.39,61148.97,61022.99,61058.20,848.822,1635019199999,51842076.69689,12494,555.137,33905168.76613,0
1635019200000,61058.19,61126.45,60856.84,61086.84,1848.429,1635020099999,112753634.79600,21285,803.956,49050328.05067,0
1635020100000,61086.84,61109.99,60942.56,61041.53,857.552,1635020999999,52314646.67613,12056,418.469,25528332.06900,0
1635021000000,61041.52,61116.87,60921.83,61047.96,1018.774,1635021899999,62170977.60911,12830,508.327,31019237.46156,0
1635021900000,61047.96,61174.29,61034.07,61167.09,911.971,1635022799999,55724688.62028,12017,466.852,28526902.72697,0
1635022800000,61167.08,61188.75,61000.00,61078.08,884.781,1635023699999,54047028.10296,13880,382.585,23369832.18483,0
1635023700000,61078.08,61081.65,61008.23,61057.60,551.378,1635024599999,33659324.07411,9435,235.055,14349870.73182,0
1635024600000,61057.59,61375.00,61005.96,61348.85,1257.180,1635025499999,76930678.34947,15827,742.013,45401554.43092,0
1635025500000,61348.14,61523.00,60954.41,61073.12,2784.491,1635026399999,170579140.27989,31495,1245.001,76284984.88037,0
1635026400000,61073.12,61404.40,60986.91,61397.80,1867.543,1635027299999,114352415.57917,21395,1026.955,62863168.43679,0
1635027300000,61397.79,61400.00,61194.56,61266.43,1499.932,1635028199999,91965638.40757,13987,549.120,33671803.51326,0
1635028200000,61270.00,61274.44,61125.00,61159.99,829.426,1635029099999,50761597.20969,12416,403.702,24707753.00548,0
1635029100000,61160.00,61160.00,60994.00,61059.66,1326.962,1635029999999,81038633.82817,14973,547.629,33449386.24590,0
1635030000000,61059.66,61180.05,60966.00,61102.65,2277.422,1635030899999,139103310.29720,20930,1342.964,82048842.44642,0
1635030900000,61102.64,61370.00,61094.20,61367.38,1480.457,1635031799999,90692376.55732,19361,799.811,48997952.08120,0
1635031800000,61367.39,61384.00,61222.97,61240.32,1028.734,1635032699999,63050998.94524,12914,438.907,26906860.00234,0
1635032700000,61240.33,61392.98,61240.32,61325.11,970.513,1635033599999,59528000.62649,14224,451.562,27697278.78607,0
1635033600000,61325.09,61550.00,61288.16,61445.93,1918.499,1635034499999,117857091.27837,24595,1080.303,66372497.47707,0
1635034500000,61445.94,61469.48,61214.47,61297.00,2023.566,1635035399999,124106252.64101,18634,643.653,39479626.45124,0
1635035400000,61297.01,61348.50,61146.51,61198.30,1293.179,1635036299999,79195145.70306,15920,455.390,27891763.43349,0
1635036300000,61198.30,61221.21,61116.05,61135.85,1033.829,1635037199999,63227811.24718,13730,598.223,36588717.06758,0
1635037200000,61135.85,61186.06,61035.99,61099.69,1231.006,1635038099999,75232580.03125,14781,661.185,40412632.61112,0
1635038100000,61099.70,61133.20,61000.00,61127.80,1614.089,1635038999999,98556937.37150,15037,858.999,52458763.72576,0
1635039000000,61127.79,61212.00,61021.03,61040.91,1467.111,1635039899999,89659657.27373,14317,769.781,47054482.00683,0
1635039900000,61040.92,61184.69,60970.25,61048.44,1400.979,1635040799999,85555235.13669,15288,620.492,37900931.72741,0
1635040800000,61048.44,61121.87,60994.88,60995.00,839.025,1635041699999,51221994.62244,10875,401.751,24530017.18797,0
1635041700000,60995.00,61288.00,60941.00,60971.31,2531.639,1635042599999,154673018.33817,21015,1270.821,77670912.55179,0
1635042600000,60971.32,61212.11,60848.13,61015.97,2108.868,1635043499999,128712550.40962,23019,851.193,51966394.35599,0
1635043500000,61015.97,61310.00,60987.58,61223.28,1668.302,1635044399999,102065220.65055,17596,1111.400,68007092.23213,0
1635044400000,61222.22,61338.00,61153.24,61324.88,1070.507,1635045299999,65586587.24787,15022,583.042,35722468.56301,0
1635045300000,61324.87,61338.97,61200.54,61211.37,854.076,1635046199999,52332260.79098,11769,314.244,19255527.04389,0
1635046200000,61211.37,61320.00,61203.06,61285.79,564.830,1635047099999,34612068.79853,9636,307.780,18860373.23625,0
1635047100000,61285.79,61310.97,61209.21,61279.86,512.240,1635047999999,31378965.10701,8953,225.294,13801685.38689,0
1635048000000,61279.86,61300.00,61118.88,61118.88,969.999,1635048899999,59352536.90814,11775,296.042,18113365.07665,0
1635048900000,61118.88,61146.59,61000.00,61021.01,1353.171,1635049799999,82619316.64881,15252,621.679,37959126.62633,0
1635049800000,61021.01,61115.16,60974.00,61072.01,1183.139,1635050699999,72201904.14081,12645,659.121,40227119.11099,0
1635050700000,61072.00,61072.01,61000.00,61050.31,654.081,1635051599999,39916767.17655,8976,347.579,21211597.97879,0
1635051600000,61050.32,61101.34,60865.00,61069.31,1764.228,1635052499999,107559478.43345,18561,707.686,43158768.56241,0
1635052500000,61068.00,61194.79,60982.30,61153.00,1077.874,1635053399999,65842263.62010,13758,568.477,34729000.73545,0
1635053400000,61153.00,61178.79,61030.90,61040.01,625.085,1635054299999,38187819.25430,10291,260.484,15912895.13421,0
1635054300000,61040.01,61061.12,60953.02,60955.00,638.738,1635055199999,38967110.01244,10360,290.061,17695766.11809,0
1635055200000,60955.00,61088.00,60936.88,61022.22,725.041,1635056099999,44242175.97327,10397,420.624,25668574.86707,0
1635056100000,61022.23,61169.16,60974.39,61048.24,897.567,1635056999999,54808798.18361,10762,485.936,29673549.88963,0
1635057000000,61048.23,61130.00,60958.38,60971.83,1089.019,1635057899999,66468878.71022,11630,492.119,30030617.87758,0
1635057900000,60971.83,61024.41,60654.18,60761.08,3889.907,1635058799999,236521802.60975,36270,1396.172,84893667.96769,0
1635058800000,60761.07,60817.69,60610.00,60766.73,2328.042,1635059699999,141329866.79538,25132,1179.917,71640281.88038,0
1635059700000,60766.73,60915.00,60760.00,60818.81,1504.822,1635060599999,91576804.80891,17919,823.125,50088221.52185,0
1635060600000,60818.82,60991.80,60792.35,60871.71,1342.649,1635061499999,81784918.64074,15454,622.086,37896679.12937,0
1635061500000,60871.72,60905.13,60726.60,60745.15,1407.172,1635062399999,85552169.19224,14542,630.300,38319107.04879,0
1635062400000,60745.15,60764.28,60575.87,60597.24,1995.243,1635063299999,121088498.02483,21188,861.927,52325322.91124,0
1635063300000,60597.24,60674.76,60500.00,60620.00,2754.508,1635064199999,166872101.26980,26886,1098.877,66587958.45932,0
1635064200000,60620.00,60724.19,60543.26,60707.50,1532.875,1635065099999,92968622.97308,19194,930.108,56418721.75542,0
1635065100000,60707.50,60750.00,60533.51,60587.70,1601.555,1635065999999,97136079.85494,18353,657.134,39859263.96225,0
1635066000000,60587.71,61150.00,60500.00,61148.01,5988.612,1635066899999,364835398.60598,49448,3617.100,220336294.05979,0
1635066900000,61148.01,61350.00,61061.03,61220.00,3828.899,1635067799999,234499737.07558,40458,1773.119,108596213.09355,0
1635067800000,61220.01,61258.52,60950.00,60997.99,2479.837,1635068699999,151458124.98699,25826,1038.288,63410287.96054,0
1635068700000,60998.00,61092.72,60751.00,60855.85,2932.180,1635069599999,178427462.28534,30393,1446.378,88022577.62157,0
1635069600000,60855.85,60971.53,60797.03,60968.99,1500.430,1635070499999,91334260.53172,18542,905.641,55138700.25143,0
1635070500000,60969.00,61040.08,60869.71,61027.56,1283.997,1635071399999,78302273.23157,16624,646.696,39440409.68385,0
1635071400000,61027.56,61141.00,60941.00,60951.52,1700.242,1635072299999,103756868.95195,18435,698.198,42610489.44384,0
1635072300000,60951.52,61068.30,60887.26,60998.49,997.084,1635073199999,60775497.17517,14296,514.967,31393815.01812,0
1635073200000,60998.49,61056.21,60904.70,60904.71,1001.209,1635074099999,61051540.60497,12962,460.652,28088071.80359,0
1635074100000,60904.71,60962.11,60751.14,60758.31,1655.388,1635074999999,100688735.11189,21453,683.549,41578663.52205,0
1635075000000,60758.31,60893.30,60249.07,60324.37,9455.404,1635075899999,571904617.00317,88068,4429.581,267930217.32371,0
1635075900000,60324.36,60529.67,60213.53,60329.66,5311.504,1635076799999,320563470.77756,51781,2718.650,164104227.84507,0
1635076800000,60329.65,60475.78,60100.00,60222.89,5929.539,1635077699999,357289296.30733,53820,2791.167,168216862.34820,0
1635077700000,60220.73,60903.20,59801.00,60283.09,18678.690,1635078599999,1126137299.17796,150311,9181.517,553719242.57668,0
1635078600000,60283.99,60580.00,60112.00,60457.07,6194.530,1635079499999,374001141.45683,57285,3484.213,210352704.35000,0
1635079500000,60457.08,60560.00,60294.32,60420.65,2618.895,1635080399999,158264865.40390,29614,1271.976,76878479.04355,0
1635080400000,60420.64,60606.18,60322.00,60473.42,2313.813,1635081299999,139966522.93297,25202,1180.234,71407348.96711,0
1635081300000,60473.42,60858.00,60407.27,60714.27,2950.653,1635082199999,179034385.47052,32089,1646.696,99925852.00383,0
1635082200000,60713.45,60800.00,60571.42,60615.00,2322.223,1635083099999,140938889.38056,23488,954.998,57972040.60165,0
1635083100000,60615.00,60622.59,60454.66,60568.11,1752.127,1635083999999,106080648.80497,20391,858.778,51998099.83171,0
1635084000000,60568.11,60649.99,60470.25,60480.84,1240.950,1635084899999,75150172.66155,16690,556.928,33730063.80045,0
1635084900000,60480.85,60568.78,60314.95,60366.13,2057.619,1635085799999,124312574.09755,21652,957.444,57842956.62953,0
1635085800000,60366.14,60443.07,60180.00,60212.29,2797.513,1635086699999,168747402.56072,26660,1107.959,66850619.35377,0
1635086700000,60212.29,60306.60,60104.58,60164.82,2276.414,1635087599999,137028969.33993,26411,1131.695,68129157.80138,0
1635087600000,60164.81,60323.00,59880.00,59991.29,7837.775,1635088499999,470939296.66243,66835,3688.779,221708909.43871,0
1635088500000,59991.29,60187.67,59686.56,59690.22,8710.168,1635089399999,521665851.59144,81343,3951.741,236776158.18715,0
1635089400000,59690.22,61000.00,59664.12,60154.44,12905.782,1635090299999,776660996.29637,117405,7284.306,438544716.75964,0
1635090300000,60153.67,60334.98,59901.07,59918.44,2855.514,1635091199999,171702556.99933,34026,1313.960,79029840.39779,0
1635091200000,59918.45,60017.67,59504.46,59816.06,10216.376,1635092099999,610495337.33286,88576,4851.649,290015907.21981,0
1635092100000,59816.06,60285.00,59772.25,60130.86,5446.872,1635092999999,327033847.66434,50474,3109.055,186641193.78514,0
1635093000000,60130.86,60298.00,60075.00,60221.89,2553.450,1635093899999,153744082.97866,26991,1274.293,76731820.70869,0
1635093900000,60221.89,60461.10,60200.00,60414.77,3106.383,1635094799999,187424648.02792,31632,1782.788,107576215.15407,0
1635094800000,60414.76,60575.00,60269.20,60391.47,2357.232,1635095699999,142393121.47160,27642,1114.569,67341465.65594,0
1635095700000,60391.48,60523.45,60391.48,60475.43,1360.745,1635096599999,82277874.78371,17574,706.554,42723419.70410,0
1635096600000,60475.42,60555.00,60315.00,60372.99,1477.522,1635097499999,89299869.31012,20174,535.382,32365665.03770,0
1635097500000,60372.99,60409.04,60225.30,60385.02,1338.271,1635098399999,80725551.61986,17933,565.736,34127343.05466,0
1635098400000,60385.01,60385.02,60073.30,60103.20,1393.612,1635099299999,83905554.21159,21900,537.803,32383345.51187,0
1635099300000,60103.20,60171.26,59859.84,60070.00,3708.974,1635100199999,222504438.46145,40400,1922.640,115357045.43363,0
1635100200000,60070.00,60070.32,59850.00,60029.51,2110.097,1635101099999,126496743.97973,28861,1140.513,68374468.89558,0
1635101100000,60029.51,60225.27,60014.00,60173.39,1872.673,1635101999999,112612280.58900,24685,947.931,57005505.14400,0
1635102000000,60173.39,60697.53,60146.20,60632.66,3624.515,1635102899999,219012283.76408,37177,2318.461,140117369.34905,0
1635102900000,60631.48,60686.45,60368.28,60406.99,2183.617,1635103799999,132141156.22299,25953,872.329,52794513.08060,0
1635103800000,60406.99,60519.33,60315.14,60484.49,1252.694,1635104699999,75654350.03729,16284,632.841,38225273.45246,0
1635104700000,60484.49,60797.00,60472.35,60688.24,2037.480,1635105599999,123528896.11084,26041,1201.451,72851993.48846,0
1635105600000,60688.25,60860.00,60613.71,60727.08,1871.437,1635106499999,113622864.72610,21816,867.405,52678778.87939,0
1635106500000,60727.08,60850.00,60638.28,60753.99,1226.976,1635107399999,74525593.45351,17481,621.281,37741839.31062,0
1635107400000,60753.99,61100.00,60753.99,60976.60,3834.383,1635108299999,233820651.34886,38200,2325.404,141782476.06177,0
1635108300000,60976.59,61240.00,60915.00,61232.88,2362.675,1635109199999,144409716.26269,28063,1412.118,86321889.19720,0
1635109200000,61232.49,61399.99,60688.00,61176.31,5932.753,1635110099999,363028859.34312,57603,2319.819,142038184.00021,0
1635110100000,61176.32,61176.79,60980.00,61095.08,1897.404,1635110999999,115874379.91414,25080,846.660,51708603.00004,0
1635111000000,61095.08,61200.00,60962.68,60986.83,1467.021,1635111899999,89660264.06069,19406,650.228,39742871.10513,0
1635111900000,60986.84,61069.16,60941.31,61036.47,1111.846,1635112799999,67826866.50791,15257,552.648,33717769.46768,0
1635112800000,61038.83,61123.73,60963.75,60996.25,1094.976,1635113699999,66853350.43504,17959,584.064,35660584.87476,0
1635113700000,61000.00,61100.00,60970.40,60990.47,759.724,1635114599999,46368946.86831,14458,373.169,22775888.04150,0
1635114600000,60990.48,61041.96,60858.00,60990.74,978.907,1635115499999,59667352.08201,15813,381.566,23262108.78990,0
1635115500000,60990.75,61084.15,60930.77,60977.22,837.215,1635116399999,51083430.02432,15208,456.127,27830903.87746,0
1635116400000,60977.22,61003.94,60850.58,60939.99,819.187,1635117299999,49894305.27618,14746,362.946,22106984.59464,0
1635117300000,60940.00,61025.64,60880.00,60972.00,809.223,1635118199999,49331542.95492,13430,477.056,29082187.99115,0
1635118200000,60972.00,61013.75,60863.41,60887.69,761.726,1635119099999,46401985.02704,12626,340.628,20750334.99622,0
1635119100000,60887.70,60984.88,60828.55,60902.82,967.404,1635119999999,58932984.09452,13677,502.480,30614462.89525,0
1635120000000,60902.82,61200.00,60701.00,61036.05,4025.395,1635120899999,245338325.74984,39505,2005.948,122288859.18934,0
1635120900000,61034.93,61153.66,60891.34,61040.97,1581.184,1635121799999,96474438.22887,20763,772.922,47161378.69311,0
1635121800000,61041.62,61371.01,61000.00,61365.81,2622.757,1635122699999,160649331.09313,29382,1493.573,91475741.22284,0
1635122700000,61369.75,61894.70,61319.50,61866.19,6820.089,1635123599999,420001413.46739,62897,4048.146,249283267.26926,0
1635123600000,61866.19,62170.87,61866.16,62129.13,5887.146,1635124499999,365184663.22069,61006,3127.794,194028711.29331,0
1635124500000,62129.14,62140.06,61850.90,61958.97,3375.281,1635125399999,209163489.87952,35738,1289.440,79905981.91242,0
1635125400000,61958.98,61977.00,61785.00,61809.98,1933.519,1635126299999,119579704.07885,22339,689.116,42622019.32325,0
1635126300000,61809.98,61849.19,61719.56,61806.27,1597.727,1635127199999,98714946.06911,19514,823.596,50891353.48696,0
1635127200000,61806.28,61879.55,61696.78,61728.29,1192.007,1635128099999,73635988.70172,17911,552.743,34149873.93377,0
1635128100000,61730.00,61846.20,61709.48,61713.71,964.590,1635128999999,59594426.03874,15662,509.189,31460622.77851,0
1635129000000,61713.71,61832.84,61705.94,61763.00,897.082,1635129899999,55409397.10793,15798,466.044,28785307.27889,0
1635129900000,61763.01,62058.80,61740.00,61989.99,1703.437,1635130799999,105496935.29873,22220,930.502,57616335.19420,0
1635130800000,61990.00,62288.61,61989.99,62077.85,3241.636,1635131699999,201379181.74394,38242,1836.725,114103735.07201,0
1635131700000,62077.85,62085.85,61894.45,61927.90,1820.534,1635132599999,112807990.59917,21304,642.378,39801296.82274,0
1635132600000,61927.91,62106.51,61875.01,62079.09,1256.868,1635133499999,77932416.91552,16556,712.478,44174730.03177,0
1635133500000,62079.09,62198.00,61959.20,62129.81,1562.761,1635134399999,97052162.07849,20294,804.732,49981338.81870,0
1635134400000,62129.80,62244.00,62028.80,62065.68,2194.999,1635135299999,136370859.24515,24153,863.074,53625390.91993,0
1635135300000,62065.69,62072.63,61869.25,61947.06,1783.219,1635136199999,110490696.62754,20004,727.716,45090181.63028,0
1635136200000,61947.07,62000.00,61885.00,61994.01,1040.570,1635137099999,64466965.89292,13213,565.696,35050514.68268,0
1635137100000,61994.01,62112.26,61991.00,62098.56,1170.760,1635137999999,72651456.37600,15484,726.949,45110197.61337,0
1635138000000,62093.91,62108.38,61950.00,61980.39,1183.502,1635138899999,73373860.23462,16478,498.631,30915883.41756,0
1635138900000,61980.39,62165.98,61977.63,62129.99,1308.922,1635139799999,81283899.00387,17867,741.794,46064931.51787,0
1635139800000,62129.98,62165.00,61965.31,62034.16,1566.751,1635140699999,97206900.22554,16726,547.300,33945862.92596,0
1635140700000,62034.16,62056.02,61850.00,61897.31,1485.963,1635141599999,92033195.86006,19379,660.493,40907841.67748,0
1635141600000,61897.30,61978.00,61860.00,61908.70,964.834,1635142499999,59737129.46910,15208,459.458,28448787.17064,0
1635142500000,61908.70,62015.66,61906.10,61914.13,828.440,1635143399999,51336224.69609,13469,434.895,26950082.67413,0
1635143400000,61914.12,62100.47,61912.48,62087.27,931.396,1635144299999,57759168.46983,13810,559.623,34704309.25562,0
1635144300000,62085.97,62120.00,62028.00,62058.25,1099.976,1635145199999,68280638.37143,16088,538.660,33437034.23154,0
1635145200000,62058.26,62161.96,61985.21,62161.95,990.215,1635146099999,61467939.72417,14887,535.147,33223408.21715,0
1635146100000,62161.95,62840.00,62145.83,62788.68,8820.619,1635146999999,551360195.92996,83612,5225.884,326693428.97085,0
1635147000000,62788.48,62952.88,62632.39,62798.50,6737.501,1635147899999,423159862.17988,63486,3344.680,210112190.50451,0
1635147900000,62798.50,62827.48,62675.16,62683.86,2385.551,1635148799999,149659414.19151,27721,1086.393,68157642.28445,0
1635148800000,62683.87,62999.00,62681.80,62981.74,4651.687,1635149699999,292490122.23051,44158,2866.037,180219310.55741,0
1635149700000,62981.73,63009.92,62806.24,62927.73,2257.245,1635150599999,141993880.74558,29955,1030.720,64850268.86335,0
1635150600000,62924.15,63008.57,62760.00,62828.73,3035.704,1635151499999,190855235.97472,29790,1404.066,88306190.13994,0
1635151500000,62828.73,62859.99,62711.63,62752.83,2091.943,1635152399999,131327924.25563,22008,1087.553,68273722.65637,0
1635152400000,62753.76,62919.28,62751.41,62855.39,1685.912,1635153299999,105945390.59810,20907,896.700,56349419.17546,0
1635153300000,62855.40,62900.76,62706.52,62744.90,2247.338,1635154199999,141164440.52988,22810,554.863,34862263.01119,0
1635154200000,62744.90,62842.88,62670.55,62822.84,1523.631,1635155099999,95635940.33053,21106,750.846,47137293.87446,0
1635155100000,62822.83,62861.01,62759.62,62775.74,1131.995,1635155999999,71120038.39524,15654,547.462,34396529.41685,0
1635156000000,62774.82,62843.72,62721.60,62819.33,1083.994,1635156899999,68043848.28742,16275,555.072,34849425.78455,0
1635156900000,62819.32,62907.53,62680.00,62693.01,1832.621,1635157799999,115068179.83975,21852,870.966,54702388.22395,0
1635157800000,62693.01,62758.83,62551.01,62580.02,2942.378,1635158699999,184296679.84352,30253,1318.826,82614621.68996,0
1635158700000,62580.02,62881.56,62560.00,62837.86,2984.977,1635159599999,187320398.12005,29252,1859.888,116699973.27230,0
1635159600000,62837.87,62935.74,62750.00,62850.00,1794.852,1635160499999,112814312.15109,23050,888.584,55854901.09080,0
1635160500000,62849.99,63254.86,62820.00,63234.99,5765.347,1635161399999,363671581.35085,54402,3368.410,212505377.96704,0
1635161400000,63234.99,63235.00,62890.87,62906.09,3423.619,1635162299999,215847811.63214,38048,1203.381,75884806.16733,0
1635162300000,62906.10,62961.78,62751.34,62800.00,3388.369,1635163199999,212900728.80206,33494,1662.476,104452754.48720,0
1635163200000,62800.00,62968.00,62722.00,62958.99,2292.280,1635164099999,144060241.01263,27481,1297.288,81529375.66883,0
1635164100000,62959.00,62976.95,62818.52,62962.47,1680.313,1635164999999,105705139.36440,20645,858.050,53984608.87483,0
1635165000000,62962.47,63050.00,62835.00,62903.61,2067.461,1635165899999,130156618.75161,25713,1076.155,67750069.17707,0
1635165900000,62903.60,62907.68,62706.46,62764.80,2009.126,1635166799999,126148019.64791,23382,1027.466,64506269.39758,0
1635166800000,62764.80,62908.00,62646.58,62821.42,4101.004,1635167699999,257402295.16458,35509,1915.501,120251021.70164,0
1635167700000,62821.41,63293.61,62812.45,63182.59,4441.724,1635168599999,280174771.87963,50009,2516.344,158726584.72351,0
1635168600000,63182.60,63423.01,62856.22,63010.82,8150.132,1635169499999,515012656.42315,76652,3839.858,242722744.66565,0
1635169500000,63010.82,63319.22,62955.12,63258.59,3419.041,1635170399999,215898177.91408,35440,1825.971,115331479.52869,0
1635170400000,63258.60,63319.98,63121.02,63168.64,2918.958,1635171299999,184482556.62112,30985,1269.683,80245564.62331,0
1635171300000,63168.64,63282.42,63106.06,63110.01,1740.508,1635172199999,109966818.29829,23393,758.492,47924954.29091,0
1635172200000,63110.01,63233.48,63023.07,63215.09,2082.189,1635173099999,131441097.43109,25942,1137.229,71795313.43979,0
1635173100000,63216.80,63400.00,63158.72,63388.60,2748.343,1635173999999,173957419.18057,31011,1529.762,96843688.95072,0
1635174000000,63388.60,63500.00,63300.00,63314.66,4639.339,1635174899999,294098107.72419,45659,2196.945,139270825.87794,0
1635174900000,63314.66,63511.87,63300.00,63347.49,2596.294,1635175799999,164657498.18580,26906,1233.684,78237576.36358,0
1635175800000,63347.50,63599.00,63268.88,63480.31,2519.857,1635176699999,159865150.82679,34219,1286.260,81625022.96067,0
1635176700000,63480.31,63694.67,63409.76,63654.40,3900.653,1635177599999,248011749.11580,44626,2051.925,130486538.36408,0
1635177600000,63654.39,63700.00,63519.80,63536.17,3092.887,1635178499999,196724970.63426,37725,1167.536,74270270.65689,0
1635178500000,63536.17,63663.84,63521.27,63569.57,1957.979,1635179399999,124469781.96287,25720,1149.059,73046652.92983,0
1635179400000,63569.58,63630.27,63470.00,63611.97,1918.508,1635180299999,121901294.94610,26131,907.617,57674824.45969,0
1635180300000,63611.96,63795.98,63611.96,63686.23,3215.573,1635181199999,204870474.19259,39258,1771.173,112853685.59642,0
1635181200000,63686.22,63738.00,63315.78,63330.00,4062.775,1635182099999,257935726.91122,42127,1873.953,118959545.25572,0
1635182100000,63330.00,63424.93,63167.34,63272.72,3749.814,1635182999999,237345187.87444,40924,1740.576,110192030.60291,0
1635183000000,63272.73,63311.30,62817.00,63065.03,6960.555,1635183899999,438847939.67729,60153,2778.081,175162851.13591,0
1635183900000,63065.03,63348.00,63013.49,63159.12,3431.943,1635184799999,216787911.91840,31478,2181.586,137791701.65599,0
1635184800000,63159.13,63240.00,62922.31,62967.76,3002.296,1635185699999,189211603.94985,29917,1441.417,90829897.63019,0
1635185700000,62967.76,63066.73,62912.00,63043.26,1338.406,1635186599999,84325650.09340,17205,742.007,46752839.95256,0
1635186600000,63047.70,63130.55,62935.50,62982.00,1372.492,1635187499999,86525749.72065,18230,669.249,42198680.10624,0
1635187500000,62982.00,63200.00,62960.00,63187.77,1189.184,1635188399999,75044875.56419,15979,697.704,44032121.89017,0
1635188400000,63187.77,63200.00,62992.80,63031.25,944.906,1635189299999,59610419.53370,14341,422.815,26672694.36226,0
1635189300000,63031.25,63043.25,62967.59,62969.18,689.686,1635190199999,43452870.19472,11817,331.137,20863121.78412,0
1635190200000,62969.19,62986.44,62821.01,62922.72,1711.580,1635191099999,107637687.01514,21074,779.597,49028783.23668,0
1635191100000,62922.72,62956.92,62700.00,62749.99,2136.793,1635191999999,134166024.42236,26293,751.443,47188105.77980,0
1635192000000,62749.99,62899.65,62739.38,62809.83,1272.514,1635192899999,79961547.00711,15944,725.781,45604412.30524,0
1635192900000,62809.82,62872.38,62725.10,62739.91,1167.133,1635193799999,73280392.44330,14611,555.951,34908310.96180,0
1635193800000,62739.92,62802.25,62650.00,62682.44,1287.235,1635194699999,80761154.73390,15292,610.174,38290748.65627,0
1635194700000,62682.43,62750.00,62595.27,62626.29,2218.968,1635195599999,139014372.81376,22114,917.060,57464001.54257,0
1635195600000,62626.29,63704.72,62603.28,63081.76,6506.992,1635196499999,410687166.77685,59107,4501.300,284194066.77906,0
1635196500000,63081.76,63182.64,62826.18,62997.66,1957.137,1635197399999,123258117.07896,26982,944.946,59512825.32158,0
1635197400000,62999.84,63056.91,62950.01,63030.00,1284.080,1635198299999,80882202.88423,14195,534.196,33651641.66515,0
1635198300000,63030.00,63030.00,62879.61,62888.48,841.652,1635199199999,52969568.16572,12291,460.885,29007270.99857,0
1635199200000,62888.48,62888.49,62732.03,62858.62,1265.219,1635200099999,79473910.71696,18249,638.464,40105215.95659,0
1635200100000,62858.61,62947.06,62819.00,62884.13,969.905,1635200999999,60976305.74953,13817,437.536,27508815.82133,0
1635201000000,62884.13,63111.00,62815.00,63071.94,1244.907,1635201899999,78363111.82898,16879,736.595,46371615.02439,0
1635201900000,63071.46,63150.00,62994.27,63054.80,1171.370,1635202799999,73872823.16245,17188,481.868,30387284.72015,0
1635202800000,63054.81,63235.68,62995.74,63169.21,1179.817,1635203699999,74453271.67066,15152,730.694,46118387.14565,0
1635203700000,63169.21,63213.95,63112.27,63162.80,967.078,1635204599999,61080770.52794,12157,449.519,28389199.32614,0
1635204600000,63162.79,63170.24,63017.69,63034.90,894.953,1635205499999,56444578.46968,11308,407.477,25699856.16684,0
1635205500000,63034.90,63132.21,63008.55,63127.04,1072.698,1635206399999,67643596.62704,11745,626.052,39480496.87615,0
1635206400000,63129.25,63211.69,62900.00,62995.00,2238.672,1635207299999,141100625.25284,21420,1058.645,66708414.43238,0
1635207300000,62994.99,63362.06,62974.41,63317.26,2186.374,1635208199999,138262024.87893,26705,1188.867,75173439.74243,0
1635208200000,63316.11,63318.93,63107.67,63117.57,1163.694,1635209099999,73546129.98345,17506,479.806,30324863.11673,0
1635209100000,63117.57,63185.21,63000.38,63181.59,1124.884,1635209999999,70969813.16218,15766,684.391,43181883.62237,0
1635210000000,63181.58,63185.20,62934.09,62948.47,1229.902,1635210899999,77515224.48840,16127,521.674,32875581.19097,0
1635210900000,62948.48,63109.48,62900.00,62907.30,1168.237,1635211799999,73600567.69649,16533,548.369,34555147.18199,0
1635211800000,62907.29,62967.36,62855.00,62869.65,1169.991,1635212699999,73602577.61595,15198,579.998,36489815.28272,0
1635212700000,62869.66,62890.67,62764.19,62792.32,1522.833,1635213599999,95678591.09373,17391,515.513,32394757.82252,0
1635213600000,62792.32,62877.00,62761.00,62769.75,1041.345,1635214499999,65426082.42953,13659,575.096,36134918.11272,0
1635214500000,62769.75,62876.06,62740.00,62866.69,927.226,1635215399999,58251859.11352,13251,442.537,27802591.85815,0
1635215400000,62866.69,63000.00,62830.96,62900.06,1101.506,1635216299999,69315999.71471,13952,770.822,48504821.41968,0
1635216300000,62900.03,62915.91,62801.12,62816.45,962.160,1635217199999,60470134.37535,12944,393.848,24752990.36607,0
1635217200000,62816.45,62852.75,62674.17,62852.75,1682.972,1635218099999,105632076.51903,18337,827.062,51920355.98094,0
1635218100000,62852.75,62872.16,62712.62,62730.01,808.655,1635218999999,50762281.28476,12225,316.415,19864111.31237,0
1635219000000,62730.00,62819.33,62728.25,62813.12,651.138,1635219899999,40876882.97226,11000,359.734,22583412.63584,0
1635219900000,62813.12,62937.79,62752.12,62826.48,1304.932,1635220799999,82019191.21734,13260,772.545,48556725.99753,0
1635220800000,62826.48,62883.64,62630.00,62636.42,1882.629,1635221699999,118129169.54889,19649,765.971,48070847.56990,0
1635221700000,62636.42,62750.90,62413.99,62472.80,3900.986,1635222599999,244008048.61015,36611,1465.917,91711449.63929,0
1635222600000,62472.80,62590.00,62363.00,62569.97,2914.366,1635223499999,182053618.51686,31363,1590.246,99361357.94169,0
1635223500000,62569.98,62690.05,62515.30,62529.22,1623.106,1635224399999,101609227.82731,18283,848.407,53120581.28790,0
1635224400000,62529.23,62698.62,62521.79,62582.67,1004.694,1635225299999,62920774.60878,13596,557.140,34892504.43898,0
1635225300000,62581.37,62615.00,62493.03,62558.68,866.535,1635226199999,54206979.65987,11019,348.768,21820339.47269,0
1635226200000,62558.68,62618.98,62400.00,62506.33,1185.878,1635227099999,74115924.27405,15067,530.354,33154769.92144,0
1635227100000,62506.33,62537.30,62450.55,62466.83,738.440,1635227999999,46148087.89132,11503,357.164,22320562.42333,0
1635228000000,62467.81,62504.47,62311.00,62387.05,2003.146,1635228899999,124958276.17425,22272,791.873,49398462.30621,0
1635228900000,62387.05,62572.15,62272.01,62565.33,2220.580,1635229799999,138575555.28637,31500,1190.939,74338697.46373,0
1635229800000,62565.34,62643.04,62465.00,62587.15,1831.533,1635230699999,114608975.71168,24797,879.412,55035167.76869,0
1635230700000,62587.15,62598.51,62420.89,62424.68,980.052,1635231599999,61273107.65733,17191,419.119,26205275.09678,0
1635231600000,62424.67,62479.98,62292.95,62305.40,1371.277,1635232499999,85528522.37603,18151,627.859,39163273.21970,0
1635232500000,62305.39,62403.97,62244.87,62350.72,1678.808,1635233399999,104635073.05637,20534,893.053,55666612.95672,0
1635233400000,62350.72,62526.43,62350.71,62479.01,1424.567,1635234299999,88962415.62381,18259,871.817,54444694.32569,0
1635234300000,62479.00,62550.00,62441.91,62495.28,1142.969,1635235199999,71432428.27078,14498,637.378,39837102.33815,0
1635235200000,62495.36,63094.75,62482.26,63026.84,6035.268,1635236099999,379252476.61425,60150,3446.069,216493815.35606,0
1635236100000,63026.85,63170.46,62956.76,62990.33,3374.559,1635236999999,212785271.38553,37045,1626.003,102534167.68597,0
1635237000000,62990.33,63089.90,62833.71,62926.20,2137.375,1635237899999,134504284.33932,25436,977.973,61550319.18662,0
1635237900000,62926.19,63044.76,62876.08,62890.00,1352.277,1635238799999,85153009.37442,19180,659.175,41511680.48366,0
1635238800000,62889.99,62924.29,62785.00,62791.62,1381.831,1635239699999,86856287.30663,17201,556.912,35008815.41378,0
1635239700000,62791.63,62892.00,62727.26,62839.00,1547.863,1635240599999,97208315.80388,19892,772.992,48553600.92652,0
1635240600000,62838.99,62845.00,62667.38,62700.01,1494.699,1635241499999,93754999.65142,18957,649.757,40758641.01292,0
1635241500000,62700.01,62777.31,62656.00,62732.91,965.878,1635242399999,60575127.83281,15126,488.360,30628330.01329,0
1635242400000,62732.91,62778.06,62625.00,62665.03,1083.847,1635243299999,67942263.33265,14790,434.499,27239377.45105,0
1635243300000,62665.02,62988.97,62632.91,62852.48,2759.246,1635244199999,173421060.47132,27449,1667.367,104800927.74706,0
1635244200000,62852.47,62940.66,62774.69,62876.91,1171.483,1635245099999,73644740.94231,16441,597.976,37596465.16506,0
1635245100000,62876.91,63082.32,62876.91,63059.00,2133.679,1635245999999,134453151.43904,25436,1183.255,74558219.05436,0
1635246000000,63059.00,63194.00,62940.00,62990.51,2947.978,1635246899999,185940527.36089,28746,1513.317,95463838.71165,0
1635246900000,62990.52,63041.25,62858.35,62859.37,1347.830,1635247799999,84834787.19333,17021,509.647,32079492.19579,0
1635247800000,62859.38,62900.38,62755.00,62803.07,1995.530,1635248699999,125364437.07971,21139,864.689,54324518.56344,0
1635248700000,62803.06,62926.09,62784.85,62834.40,1016.341,1635249599999,63884339.36279,14459,600.392,37740541.84639,0
1635249600000,62834.39,62958.70,62774.00,62778.38,1007.857,1635250499999,63381734.69105,14488,459.651,28911800.90297,0
1635250500000,62778.38,62793.04,62500.00,62561.40,3292.553,1635251399999,206226527.20690,36839,1280.449,80203921.13118,0
1635251400000,62561.40,62567.67,62350.00,62495.60,3896.172,1635252299999,243369261.68968,38192,1867.997,116682349.36169,0
1635252300000,62497.79,62656.12,62496.80,62556.81,1793.596,1635253199999,112265649.39729,23850,975.307,61046736.12924,0
1635253200000,62556.82,62642.10,62360.87,62520.01,2025.404,1635254099999,126572968.03161,24988,880.048,55012834.52531,0
1635254100000,62520.40,62640.39,62442.82,62525.12,1280.256,1635254999999,80093744.22829,20192,597.752,37397306.16555,0
1635255000000,62525.12,62525.13,62134.33,62509.45,4651.833,1635255899999,289928655.99540,51154,1895.004,118137588.34560,0
1635255900000,62509.45,62536.00,62240.00,62281.89,1958.787,1635256799999,122171578.51752,25662,820.365,51175181.98655,0
1635256800000,62281.90,62300.00,61851.37,62110.08,10492.422,1635257699999,651185708.80544,94496,4694.665,291388139.30113,0
1635257700000,62109.02,62185.00,61942.19,62072.16,3169.467,1635258599999,196776022.80518,35517,1523.321,94580506.78075,0
1635258600000,62072.15,62185.00,61981.00,62041.00,2325.825,1635259499999,144427103.27425,28714,1182.835,73459579.31800,0
1635259500000,62040.99,62122.75,61975.00,61994.49,2579.155,1635260399999,160025462.66418,26618,1112.505,69031777.81370,0
1635260400000,61994.49,62096.43,61909.00,62048.97,2388.838,1635261299999,148102585.68415,28206,1142.898,70861466.76748,0
1635261300000,62048.97,62325.19,62010.00,62141.96,4747.937,1635262199999,295313884.79316,40712,2610.106,162352958.41361,0
1635262200000,62142.49,62772.59,62000.00,62571.34,6877.904,1635263099999,429238061.12596,57262,3706.623,231313778.35355,0
1635263100000,62571.34,62825.00,62380.87,62555.13,5737.814,1635263999999,359263230.40528,56886,2705.901,169437798.66792,0
1635264000000,62558.21,62799.73,61950.00,62423.83,11273.566,1635264899999,702602959.00768,82559,5111.175,318591088.62242,0
1635264900000,62423.82,62515.73,62291.56,62408.32,1586.757,1635265799999,99025214.20329,22606,907.526,56649547.34020,0
1635265800000,62409.30,62478.29,62199.55,62240.83,1296.999,1635266699999,80815349.48638,18446,583.381,36353873.84845,0
1635266700000,62240.84,62272.21,62005.79,62131.43,2205.496,1635267599999,136947980.98214,27323,1016.897,63145014.27829,0
1635267600000,62132.00,62328.21,62057.03,62238.74,2056.052,1635268499999,127914026.60509,22275,1389.364,86449834.10405,0
1635268500000,62238.74,62332.00,62203.87,62209.90,828.120,1635269399999,51569160.19184,13879,394.585,24574538.15281,0
1635269400000,62209.90,62470.00,62209.90,62455.53,1822.749,1635270299999,113696756.19803,20956,1099.730,68596392.13114,0
1635270300000,62455.53,62590.00,62417.85,62514.79,1708.660,1635271199999,106797260.64302,19203,920.834,57560436.54178,0
1635271200000,62514.79,62670.27,62484.16,62577.68,2259.781,1635272099999,141409930.36064,23061,1127.475,70568320.02729,0
1635272100000,62577.68,62617.85,62380.87,62564.44,2423.081,1635272999999,151435088.19942,22631,944.269,59032699.98611,0
1635273000000,62564.44,62597.15,62354.00,62374.65,1365.646,1635273899999,85295854.83429,18210,410.960,25667941.79305,0
1635273900000,62374.65,62467.94,62343.31,62399.99,776.743,1635274799999,48477891.72777,12406,464.250,28975511.44115,0
1635274800000,62400.00,62443.47,62273.75,62300.02,933.074,1635275699999,58180393.96440,12819,425.002,26502606.16127,0
1635275700000,62300.01,62342.94,62170.82,62201.00,971.001,1635276599999,60448766.92190,15772,416.068,25906826.58710,0
1635276600000,62200.78,62293.63,62128.02,62193.03,1274.561,1635277499999,79293676.25579,16207,678.729,42228820.54985,0
1635277500000,62193.04,62238.10,62015.40,62085.47,1699.830,1635278399999,105583448.68970,21966,797.029,49509043.73119,0
1635278400000,62085.47,62188.50,61911.00,62174.66,2241.498,1635279299999,139100363.28573,25707,1028.505,63855687.25305,0
1635279300000,62174.67,62369.47,62107.30,62335.01,1841.119,1635280199999,114635819.95468,23564,1155.579,71956504.86537,0
1635280200000,62335.01,62370.00,62059.87,62072.59,1531.468,1635281099999,95288828.13908,20096,683.662,42544133.58732,0
1635281100000,62072.59,62331.19,61932.92,62159.97,2869.120,1635281999999,178204085.73179,31015,1560.104,96919451.80002,0
1635282000000,62159.97,62181.74,62001.00,62031.09,1569.989,1635282899999,97427999.87813,18237,657.297,40790581.68554,0
1635282900000,62031.09,62080.68,61813.36,62008.00,2051.807,1635283799999,127087584.61931,28629,791.428,49046129.76615,0
1635283800000,62008.00,62097.10,61088.00,61360.00,6917.946,1635284699999,425936338.04813,71338,2115.650,130246779.76129,0
1635284700000,61360.00,61663.95,60567.80,60852.35,12142.928,1635285599999,741327357.51730,118441,5552.340,339082360.36465,0
1635285600000,60852.35,60930.07,60071.80,60530.06,16444.706,1635286499999,993392505.19547,142651,7469.567,451291252.82878,0
1635286500000,60530.07,60743.98,60365.35,60714.00,4461.698,1635287399999,270245666.63178,45973,2627.552,159168786.35124,0
1635287400000,60713.99,60713.99,59838.05,60360.08,9749.703,1635288299999,587164350.45115,88911,4034.172,242991919.68661,0
1635288300000,60360.08,60441.51,59839.12,60315.49,8285.982,1635289199999,498231153.07078,77407,3945.547,237282924.17203,0
1635289200000,60312.26,60618.00,60199.99,60500.00,4048.474,1635290099999,244708935.37739,42584,1998.793,120831704.77617,0
1635290100000,60499.99,60600.74,60359.18,60379.96,2233.390,1635290999999,135042216.72004,25813,973.779,58884168.54678,0
1635291000000,60380.09,60528.87,60301.99,60456.49,1800.254,1635291899999,108754429.12951,21519,967.100,58428008.00369,0
1635291900000,60456.48,60482.67,60311.15,60358.75,1559.135,1635292799999,94158069.36494,19715,792.218,47844627.54946,0
1635292800000,60358.74,60678.49,60180.00,60525.47,4154.626,1635293699999,250872305.27295,43558,2152.168,129995407.71654,0
1635293700000,60526.23,60823.43,60477.18,60771.50,3295.445,1635294599999,200075449.94324,33371,1747.235,106103204.94409,0
1635294600000,60771.50,60777.94,60567.73,60572.99,1284.293,1635295499999,77889306.58062,18813,559.341,33925123.96579,0
1635295500000,60572.99,60773.67,60564.40,60720.13,1251.740,1635296399999,75951948.99174,17368,724.715,43975452.60788,0
1635296400000,60720.14,60869.74,60613.09,60789.93,1830.781,1635297299999,111255449.40787,22382,1019.498,61956802.99213,0
1635297300000,60788.99,60893.68,60755.98,60873.79,1154.374,1635298199999,70213255.59899,16163,638.649,38847607.24305,0
1635298200000,60873.79,60882.69,60712.00,60749.37,1439.901,1635299099999,87541735.19494,16288,615.141,37400683.29792,0
1635299100000,60749.38,60765.00,60516.00,60574.99,2035.123,1635299999999,123430782.54309,22013,939.510,56985015.51040,0
1635300000000,60574.98,60683.64,60505.00,60654.49,1485.794,1635300899999,90032369.42548,18455,690.360,41840475.10138,0
1635300900000,60654.49,60687.00,60501.45,60612.75,935.733,1635301799999,56714298.40579,14301,474.063,28737319.38792,0
1635301800000,60613.98,60664.33,60501.00,60545.66,967.878,1635302699999,58616453.99532,14868,443.736,26875408.95458,0
1635302700000,60545.66,60634.03,60430.80,60479.69,5770.543,1635303599999,349259138.55736,49176,2628.687,159113097.46203,0
1635303600000,60479.70,60708.87,60425.00,60667.34,1705.221,1635304499999,103270266.05777,20716,947.843,57419853.34837,0
1635304500000,60669.91,60890.00,60654.65,60880.91,1549.980,1635305399999,94234115.28278,22448,971.590,59072543.02694,0
1635305400000,60880.92,60890.00,60714.11,60746.09,1181.570,1635306299999,71813600.85010,17182,496.654,30183922.10722,0
1635306300000,60746.10,60853.97,60715.44,60751.82,884.776,1635307199999,53774998.47274,14328,498.132,30277695.91455,0
1635307200000,60751.82,60784.39,60586.16,60642.29,1531.370,1635308099999,92936468.85412,19458,608.017,36904610.15740,0
1635308100000,60642.29,61367.20,60592.33,61340.09,9734.181,1635308999999,594017613.15369,82788,5171.986,315624633.64169,0
1635309000000,61342.21,61550.00,61264.51,61384.06,4047.836,1635309899999,248600529.63014,42094,1900.675,116741283.56071,0
1635309900000,61384.05,61472.88,61170.48,61240.64,3331.683,1635310799999,204203354.15836,36906,1367.965,83846193.67423,0
1635310800000,61235.81,61458.46,61184.00,61397.20,2577.032,1635311699999,158014859.23855,27538,1380.806,84685190.01071,0
1635311700000,61397.20,61399.99,61200.04,61210.00,976.985,1635312599999,59864459.70721,16356,395.677,24243489.69886,0
1635312600000,61210.00,61219.71,60922.65,61018.74,3041.191,1635313499999,185595816.95446,32951,1304.386,79597534.70634,0
1635313500000,61018.74,61041.79,60848.17,60995.62,1795.614,1635314399999,109450691.81973,24366,745.020,45425552.39438,0
1635314400000,60995.61,61053.00,60733.31,60777.04,2632.519,1635315299999,160221485.31816,33047,1060.501,64555005.66262,0
1635315300000,60774.98,60948.63,60700.00,60925.22,1956.836,1635316199999,119036021.31301,24327,1109.231,67489698.13486,0
1635316200000,60925.21,61037.70,60708.89,60719.44,2115.333,1635317099999,128829203.33902,23458,913.288,55642968.24618,0
1635317100000,60719.43,60872.86,60660.01,60747.29,1512.144,1635317999999,91887992.79279,19127,778.990,47343923.74038,0
1635318000000,60747.28,61017.51,60610.00,60770.08,2660.586,1635318899999,161774075.82278,30292,1362.485,82860142.27257,0
1635318900000,60770.09,60771.57,60206.07,60401.16,5293.459,1635319799999,320064875.51921,53917,2327.125,140680364.31049,0
1635319800000,60401.16,60476.79,60023.54,60024.36,5108.669,1635320699999,307614808.57531,54538,2234.894,134587854.76709,0
1635320700000,60027.00,60197.00,59942.71,59999.00,5555.564,1635321599999,333620130.40611,59560,2481.114,149032673.41791,0
1635321600000,59998.99,60018.86,57865.00,58888.98,43337.158,1635322499999,2547793417.93111,327974,17034.645,1001822304.59417,0
1635322500000,58888.99,59200.00,58501.00,59069.13,13284.667,1635323399999,782397622.09262,137616,6912.975,407232321.40985,0
1635323400000,59073.89,59527.51,58902.04,59021.91,8501.141,1635324299999,503270040.60739,84117,4158.329,246243809.43261,0
1635324300000,59021.91,59359.00,58805.97,59258.23,5357.287,1635325199999,316668546.05742,55553,2942.916,173992120.83874,0
1635325200000,59258.22,59268.00,58910.96,59006.94,4516.355,1635326099999,266866230.37522,46954,2097.121,123929463.26531,0
1635326100000,59006.94,59062.66,58654.78,58767.63,5022.717,1635326999999,295504830.31280,54716,2154.893,126811059.98588,0
1635327000000,58768.21,59100.00,58754.29,58969.09,3355.719,1635327899999,197770262.68516,40890,1799.557,106062324.83787,0
1635327900000,58969.10,59093.03,58818.75,58976.39,2726.456,1635328799999,160685353.00902,32368,1388.296,81824456.84012,0
1635328800000,58976.39,58982.06,58747.31,58859.98,2859.777,1635329699999,168267363.95857,33223,1445.051,85028447.20455,0
1635329700000,58860.49,58916.00,58522.51,58540.60,5382.403,1635330599999,315964065.73002,52933,2478.286,145502442.10229,0
1635330600000,58540.59,58950.00,58400.00,58949.28,5927.355,1635331499999,348145472.90819,51188,3034.355,178288346.47667,0
1635331500000,58949.28,59196.02,58879.51,58995.25,4379.701,1635332399999,258571941.11088,41013,2600.491,153551244.47902,0
1635332400000,58995.25,59247.76,58912.90,59222.66,2576.625,1635333299999,152288673.19649,29970,1338.250,79116737.82808,0
1635333300000,59222.65,59236.01,58894.78,58909.10,2546.009,1635334199999,150269087.70036,28882,913.889,53946463.68830,0
1635334200000,58906.45,58908.86,58640.00,58794.76,3382.801,1635335099999,198859899.09780,35945,1520.468,89388531.08479,0
1635335100000,58794.75,58836.87,58580.00,58615.66,2584.107,1635335999999,151653032.09904,28629,1262.079,74073934.57482,0
1635336000000,58615.66,58822.00,58292.07,58669.95,7417.092,1635336899999,434853813.53818,65048,3497.669,205115101.44723,0
1635336900000,58669.95,59000.00,58667.43,58962.33,2751.422,1635337799999,162010565.68732,32736,1611.769,94906002.42635,0
1635337800000,58962.33,59098.66,58867.84,58894.85,2213.904,1635338699999,130563155.86903,27532,1027.580,60605844.84736,0
1635338700000,58894.85,59169.00,58731.68,59074.93,5096.492,1635339599999,300501536.37546,43177,3074.778,181339684.78014,0
1635339600000,59074.92,59290.00,58952.00,59241.03,4011.802,1635340499999,237130534.82763,33858,2254.736,133307016.63588,0
1635340500000,59239.69,59286.75,58972.18,59000.00,2499.504,1635341399999,147699178.83584,28655,1134.573,67055672.17204,0
1635341400000,59000.01,59205.85,58938.19,59204.00,1845.066,1635342299999,108980237.23580,24030,930.149,54945035.67936,0
1635342300000,59204.00,59352.20,59005.00,59049.62,2759.725,1635343199999,163257076.70969,30029,1345.344,79599226.63810,0
1635343200000,59050.51,59167.20,58900.00,58919.31,2554.885,1635344099999,150764271.54213,25908,1244.498,73449453.55621,0
1635344100000,58917.76,59038.86,58747.92,58855.07,3479.052,1635344999999,204825239.11176,33026,1717.125,101113193.24447,0
1635345000000,58855.07,59271.90,58846.26,59122.19,2527.826,1635345899999,149409320.12633,27234,1425.065,84225235.36920,0
1635345900000,59122.19,59490.00,59120.45,59200.07,3945.982,1635346799999,234017195.48205,38131,1939.664,115051348.02855,0
1635346800000,59201.67,59400.00,59132.80,59341.58,3026.728,1635347699999,179390049.14530,29119,1306.485,77457154.32853,0
1635347700000,59341.85,59346.23,58925.91,58961.45,2746.395,1635348599999,162312942.92995,30164,1009.170,59636619.08326,0
1635348600000,58961.44,59149.16,58846.60,58884.71,2999.400,1635349499999,176875640.49218,28803,1477.844,87172471.34499,0
1635349500000,58884.71,58950.29,58800.01,58857.61,1873.923,1635350399999,110313832.50540,21567,847.589,49906400.56670,0
1635350400000,58857.61,59088.72,58600.00,58741.05,5031.462,1635351299999,296111455.68639,42892,2436.484,143483581.85160,0
1635351300000,58741.05,58871.78,58577.63,58614.48,2759.677,1635352199999,162081041.21005,30373,1354.867,79592947.75800,0
1635352200000,58611.66,58943.18,58591.00,58940.15,2353.439,1635353099999,138341216.76397,26212,1359.940,79913820.49051,0
1635353100000,58940.14,59110.00,58810.00,58906.89,2511.076,1635353999999,148028105.35425,26329,1237.407,72950474.26737,0
1635354000000,58906.90,59208.60,58890.00,59151.95,1740.219,1635354899999,102836007.32493,22797,957.850,56603913.79410,0
1635354900000,59151.96,59194.99,59062.27,59097.78,1160.245,1635355799999,68612786.05601,16786,483.833,28613814.74339,0
1635355800000,59093.87,59166.51,58823.51,58880.91,1886.788,1635356699999,111299567.33291,21695,804.221,47442785.31587,0
1635356700000,58880.90,58966.17,58816.18,58934.49,1250.038,1635357599999,73621391.17486,15960,797.125,46949007.96649,0
1635357600000,58934.49,59057.47,58825.00,58831.69,1186.119,1635358499999,69946001.94370,15368,487.585,28755210.04354,0
1635358500000,58831.69,59042.90,58777.00,58946.08,1061.362,1635359399999,62519570.97433,15522,566.659,33385021.94397,0
1635359400000,58946.09,59026.99,58857.09,58877.27,1188.302,1635360299999,70039004.82898,14470,553.762,32635453.99243,0
1635360300000,58877.27,58879.08,58732.38,58776.01,1826.552,1635361199999,107414164.68358,17722,901.772,53031145.77175,0
1635361200000,58776.00,58874.99,58327.59,58349.20,4198.746,1635362099999,246013407.28624,42416,1931.704,113212002.53727,0
1635362100000,58349.20,58640.78,58233.00,58440.00,4979.216,1635362999999,290996654.88789,49388,2746.829,160556630.83473,0
1635363000000,58440.00,58649.97,58235.49,58453.96,3085.326,1635363899999,180269853.70919,35875,1561.430,91237270.99697,0
1635363900000,58450.85,59200.00,58405.00,59114.10,5502.408,1635364799999,324058762.31592,53208,2580.038,151954184.24320,0
1635364800000,59114.09,59652.90,58827.57,58910.57,7245.179,1635365699999,429634655.63554,70035,3592.096,213067034.72767,0
1635365700000,58910.58,59062.87,58783.43,58830.00,2724.749,1635366599999,160476715.76568,27978,1223.284,72057846.49402,0
1635366600000,58830.00,58921.28,58586.05,58612.86,2391.599,1635367499999,140466029.41305,25305,1286.373,75563891.82005,0
1635367500000,58612.86,59037.47,58584.35,58916.12,3184.670,1635368399999,187391794.24854,27430,2059.246,121158157.11793,0
1635368400000,58916.12,59009.57,58759.83,58875.62,1377.397,1635369299999,81095734.20210,19276,523.277,30809600.97555,0
1635369300000,58875.62,59010.71,58811.98,58850.45,1103.956,1635370199999,65019805.81968,15644,498.729,29376715.95899,0
1635370200000,58850.46,59047.24,58849.39,59016.87,749.055,1635371099999,44172672.32561,11623,490.103,28902121.53860,0
1635371100000,59015.97,59128.00,58762.92,58782.03,1950.775,1635371999999,114999693.92453,19689,619.393,36535539.92334,0
1635372000000,58782.03,58842.71,58655.01,58666.14,1579.898,1635372899999,92832005.16419,17448,727.581,42757135.69455,0
1635372900000,58664.00,58879.52,58618.56,58853.60,1722.416,1635373799999,101163250.32282,17494,1181.906,69426026.51557,0
1635373800000,58853.60,58900.00,58547.05,58572.95,2824.967,1635374699999,165916160.95051,23256,961.417,56488267.68545,0
1635374700000,58574.50,58785.47,58516.89,58775.34,1276.855,1635375599999,74849400.58448,16841,689.129,40401814.85834,0
1635375600000,58775.34,58934.00,58690.97,58694.66,1395.278,1635376499999,82056920.17721,15653,642.214,37777558.84238,0
1635376500000,58694.66,58702.66,58427.70,58447.91,1652.397,1635377399999,96740548.18858,20696,880.845,51568138.63142,0
1635377400000,58447.90,58580.68,58422.50,58525.97,1175.795,1635378299999,68792428.00324,15242,594.399,34778429.64707,0
1635378300000,58525.97,58780.00,58432.71,58449.36,2748.179,1635379199999,160984358.24830,24824,1468.399,86020041.72624,0
1635379200000,58449.36,58902.98,58401.64,58763.17,3872.724,1635380099999,227144149.84251,36231,2081.923,122135360.58049,0
1635380100000,58763.16,58926.04,58660.00,58669.00,1348.539,1635380999999,79305086.45967,18523,589.057,34647253.44865,0
1635381000000,58668.97,58730.00,58456.09,58527.09,2274.040,1635381899999,133148124.14697,24288,1044.325,61135674.37609,0
1635381900000,58527.10,58595.66,58260.03,58290.43,3557.357,1635382799999,207723781.11730,35235,1855.156,108333614.31369,0
1635382800000,58290.42,58780.00,58100.00,58723.17,6492.463,1635383699999,379250774.12950,54106,3282.563,191875064.63462,0
1635383700000,58723.17,58870.00,58603.41,58722.49,2982.653,1635384599999,175237674.55511,27571,1276.029,74962626.83431,0
1635384600000,58722.50,59022.29,58620.87,58886.50,2898.651,1635385499999,170578812.90470,27019,1380.542,81241291.86666,0
1635385500000,58887.97,58963.81,58727.00,58963.81,1967.523,1635386399999,115805623.79197,20477,944.118,55577919.60719,0
1635386400000,58963.80,58963.81,58761.92,58795.15,1177.876,1635387299999,69315878.47045,15917,566.228,33322574.93084,0
1635387300000,58795.14,58862.60,58676.64,58694.17,801.327,1635388199999,47080985.80209,14543,333.490,19594317.74576,0
1635388200000,58694.16,58882.48,58683.76,58823.20,824.052,1635389099999,48468322.42689,12193,402.434,23670653.66777,0
1635389100000,58822.90,58978.00,58815.58,58970.60,1002.740,1635389999999,59051500.48138,14279,602.769,35500525.92546,0
1635390000000,58970.60,59188.88,58926.37,59095.37,1918.942,1635390899999,113376893.59838,25502,1060.961,62689107.21927,0
1635390900000,59095.36,59119.55,58714.26,58800.00,2601.794,1635391799999,153167738.69096,25935,881.685,51880405.58157,0
1635391800000,58799.99,58935.13,58799.99,58802.84,748.472,1635392699999,44059030.20470,11418,436.874,25718688.38097,0
1635392700000,58801.72,58953.00,58753.55,58876.25,866.714,1635393599999,51021776.92796,11485,463.305,27276300.58255,0
1635393600000,58876.35,59250.00,58876.35,59208.38,3455.528,1635394499999,204148879.25177,30385,2003.030,118336382.78625,0
1635394500000,59208.37,59219.61,58915.22,58937.26,1611.117,1635395399999,95121923.59638,17992,776.699,45847998.57027,0
1635395400000,58940.51,58982.69,58819.20,58925.46,1464.316,1635396299999,86269547.29326,14995,695.516,40976610.35853,0
1635396300000,58925.46,58933.11,58707.70,58830.89,1719.181,1635397199999,101094508.07393,16905,823.716,48429574.52853,0
1635397200000,58831.59,59104.15,58807.08,59008.25,1412.044,1635398099999,83302773.21880,17393,691.740,40805837.51165,0
1635398100000,59008.24,59130.00,58859.41,59060.57,1482.218,1635398999999,87441731.55483,18577,673.685,39752048.51535,0
1635399000000,59060.56,59183.77,58737.48,59059.55,3126.702,1635399899999,184359430.35026,27887,1388.870,81924545.76115,0
1635399900000,59059.54,59094.45,58946.97,59094.45,1035.517,1635400799999,61103686.56605,15255,452.051,26673310.54668,0
1635400800000,59090.95,59179.88,58755.64,58958.14,2774.065,1635401699999,163486211.00830,30203,1250.121,73674266.07156,0
1635401700000,58958.15,59174.44,58742.84,59133.44,3036.044,1635402599999,178988128.52405,33225,1628.020,95980160.85935,0
1635402600000,59132.31,59240.79,59000.01,59118.68,3093.916,1635403499999,182974283.95526,30945,1596.056,94392782.32421,0
1635403500000,59115.83,59248.00,59031.80,59080.16,1578.494,1635404399999,93360890.93691,19760,704.862,41692978.68115,0
1635404400000,59080.15,59245.68,58934.98,58956.51,1916.186,1635405299999,113243411.26174,20869,981.691,58027855.11233,0
1635405300000,58956.51,59018.90,58910.00,58983.02,960.980,1635406199999,56652599.41789,13994,497.882,29354271.72598,0
1635406200000,58983.02,59008.24,58888.00,58959.12,813.068,1635407099999,47917347.93353,12649,353.606,20841781.00880,0
1635407100000,58959.12,59173.08,58940.11,59027.00,1934.665,1635407999999,114275990.45799,19847,1046.113,61790262.23501,0
1635408000000,59027.00,59355.93,59026.80,59350.90,2812.000,1635408899999,166424063.08157,31350,1567.807,92796681.35141,0
1635408900000,59350.89,59800.00,59269.94,59722.05,6776.561,1635409799999,403789080.62399,67638,3556.007,211896129.09269,0
1635409800000,59719.83,60442.57,59711.99,60289.36,8699.590,1635410699999,521563688.87413,75030,5484.033,328836687.89209,0
1635410700000,60283.03,60693.20,60136.02,60584.07,8245.878,1635411599999,498755406.95131,85572,3931.012,237801414.59501,0
1635411600000,60586.02,60845.43,60585.07,60768.57,4530.464,1635412499999,275000561.20490,50299,2250.004,136588321.47444,0
1635412500000,60768.57,60789.94,60422.00,60537.18,3618.860,1635413399999,219079600.01126,41429,1692.723,102472172.69973,0
1635413400000,60537.18,60697.00,60445.88,60690.08,1865.586,1635414299999,112946154.33281,24437,1047.315,63412746.75058,0
1635414300000,60690.23,61316.73,60664.87,61087.49,8465.196,1635415199999,516440359.34014,88129,4821.151,294138206.97824,0
1635415200000,61087.49,61160.00,60848.38,61020.29,3403.281,1635416099999,207676713.22393,39909,1509.637,92133940.16922,0
1635416100000,61020.29,61110.62,60923.29,61107.22,1721.785,1635416999999,105042741.14380,22669,876.959,53502362.17694,0
1635417000000,61107.23,61243.74,61052.55,61131.58,2966.769,1635417899999,181458659.39092,30504,1353.280,82774061.05692,0
1635417900000,61132.66,61180.00,60934.61,61062.51,2034.949,1635418799999,124189575.87182,25582,840.284,51282676.47441,0
1635418800000,61062.50,61123.80,60891.07,60891.07,1440.213,1635419699999,87867374.54046,21997,502.921,30688615.41554,0
1635419700000,60890.99,61027.24,60791.83,60948.83,3363.023,1635420599999,204801572.54605,34084,1502.885,91534958.38652,0
1635420600000,60949.41,61030.00,60860.00,60871.31,1636.033,1635421499999,99725022.73362,20263,736.084,44869716.80563,0
1635421500000,60871.31,61052.01,60864.46,60996.42,1528.016,1635422399999,93174784.72090,18058,946.510,57711769.66185,0
1635422400000,60996.41,61135.94,60893.00,61064.19,1955.438,1635423299999,119340465.03306,24433,1064.103,64938334.10694,0
1635423300000,61064.20,61135.12,61022.91,61049.99,1105.885,1635424199999,67541973.17355,15910,529.693,32352300.53883,0
1635424200000,61049.99,61350.30,60954.00,61205.72,2793.213,1635425099999,170866723.42446,28235,1797.778,110002400.45961,0
1635425100000,61205.72,61300.00,61089.40,61144.72,2012.911,1635425999999,123158927.42942,24872,964.859,59035801.06444,0
1635426000000,61144.72,61289.24,60977.36,61273.73,2230.455,1635426899999,136375748.00204,26331,1250.475,76476882.64704,0
1635426900000,61273.74,61544.90,61255.81,61528.50,3884.990,1635427799999,238471899.81548,46100,2162.145,132743390.21026,0
1635427800000,61528.49,61900.00,61370.00,61442.69,6825.885,1635428699999,420707094.70395,73742,3301.983,203558042.96527,0
1635428700000,61442.69,61625.27,61361.01,61614.40,3202.989,1635429599999,196859163.82878,33651,1772.750,108966820.83435,0
1635429600000,61611.69,61691.32,61444.16,61545.07,2507.780,1635430499999,154402080.91893,31312,1166.217,71813778.67085,0
1635430500000,61545.08,61574.38,61266.96,61321.40,2310.479,1635431399999,141804279.37584,27538,890.058,54628096.30759,0
1635431400000,61321.40,61519.18,61321.40,61404.53,1652.433,1635432299999,101513396.70503,21462,859.983,52826476.65331,0
1635432300000,61404.53,61663.08,61376.61,61576.07,2201.200,1635433199999,135478736.40020,26491,1176.851,72424918.85722,0
1635433200000,61576.06,61598.32,61370.00,61380.00,1324.934,1635434099999,81444099.81584,19048,560.589,34458323.31014,0
1635434100000,61379.99,61488.00,61333.21,61411.02,928.877,1635434999999,57046157.25673,15422,532.054,32677166.62257,0
1635435000000,61413.78,61571.35,61310.40,61312.05,1626.471,1635435899999,99950610.25501,20122,664.433,40838076.24890,0
1635435900000,61312.05,61343.11,61104.22,61186.92,3170.328,1635436799999,194083064.98785,36746,1442.352,88309988.74320,0
1635436800000,61186.92,61352.10,61178.63,61233.68,1847.393,1635437699999,113170296.19383,23505,963.759,59038026.40597,0
1635437700000,61233.68,61375.00,61230.41,61328.81,1050.648,1635438599999,64423915.54499,16114,620.437,38044744.87394,0
1635438600000,61328.80,61346.13,61166.90,61248.04,1170.236,1635439499999,71685204.28034,15906,584.590,35808910.42692,0
1635439500000,61248.03,61329.99,61155.00,61221.74,1227.559,1635440399999,75183968.91821,16893,657.622,40277068.95559,0
1635440400000,61221.60,61350.00,61045.76,61100.00,2233.809,1635441299999,136639510.23037,26852,928.786,56826899.11315,0
1635441300000,61108.73,61210.73,61000.00,61109.31,1564.622,1635442199999,95620263.96833,21874,759.412,46418768.70169,0
1635442200000,61109.30,61272.50,60877.69,61199.38,3188.027,1635443099999,194585348.32868,37068,1446.246,88296805.99238,0
1635443100000,61199.38,61250.00,60955.85,61191.52,1916.302,1635443999999,117126632.12941,21926,817.821,49993831.64183,0
1635444000000,61191.52,61297.90,61080.18,61178.61,1498.620,1635444899999,91708661.81045,18378,820.106,50185594.35423,0
1635444900000,61178.60,61197.59,61008.14,61041.05,1119.958,1635445799999,68445858.93450,14814,563.237,34423269.43649,0
1635445800000,61041.05,61099.99,57550.00,59176.98,30881.485,1635446699999,1829771027.21822,309752,13124.609,778001046.95737,0
1635446700000,59176.98,60724.94,59093.88,60171.76,24524.974,1635447599999,1471187334.25966,177888,12584.090,754700195.28305,0
1635447600000,60174.24,60352.32,59600.00,59780.75,10914.028,1635448499999,654029431.27367,89698,5019.315,300892338.63289,0
1635448500000,59779.48,60351.02,59700.00,60299.49,4305.748,1635449399999,258777376.87367,47674,2407.729,144699190.46048,0
1635449400000,60299.49,60413.49,60031.47,60324.65,3541.956,1635450299999,213348629.60874,37419,1646.898,99220595.02719,0
1635450300000,60324.65,61569.70,60287.41,61347.52,10165.170,1635451199999,620493207.44609,100635,5760.062,351540081.22271,0
1635451200000,61347.51,62641.26,61336.56,62032.03,15692.642,1635452099999,972612139.29816,149545,8022.477,497349204.76671,0
1635452100000,62032.01,62153.63,61677.14,61868.96,5011.939,1635452999999,310234468.06032,52325,2440.691,151109366.68843,0
1635453000000,61867.35,62026.52,61700.00,61791.29,3687.742,1635453899999,228050117.32236,35188,1944.170,120243458.75714,0
1635453900000,61791.30,61793.82,60791.68,61435.95,6665.458,1635454799999,409797487.96495,63508,2799.326,172265386.76201,0
1635454800000,61435.95,61450.00,60584.83,60784.05,9044.464,1635455699999,552001454.73660,76321,4428.994,270357262.38266,0
1635455700000,60784.05,61037.99,60521.14,60558.78,2856.718,1635456599999,173831918.72015,31870,1317.858,80244738.14985,0
1635456600000,60558.77,60944.59,60500.00,60729.95,2047.483,1635457499999,124413659.74156,24802,1105.507,67179844.97143,0
1635457500000,60731.32,60896.19,60656.40,60762.49,1316.068,1635458399999,79979555.36705,18479,697.719,42404988.91663,0
1635458400000,60762.49,60973.08,60661.52,60716.18,1919.358,1635459299999,116748932.92601,24401,1002.788,60995251.13842,0
1635459300000,60716.18,60798.44,60577.50,60732.21,1670.221,1635460199999,101370989.46977,20256,794.137,48216080.40010,0
1635460200000,60731.12,60838.24,60550.00,60684.02,1816.029,1635461099999,110202151.24375,21119,933.101,56634133.04234,0
1635461100000,60684.01,60736.70,60439.17,60551.93,1831.037,1635461999999,110919261.42038,22433,868.876,52648881.50051,0
1635462000000,60549.15,60745.95,60364.07,60665.55,4351.691,1635462899999,263573080.86214,39117,2320.813,140558222.26385,0
1635462900000,60665.54,60835.37,60629.52,60650.36,1961.092,1635463799999,119106892.19227,22408,957.202,58143576.17343,0
1635463800000,60650.36,60655.82,60486.86,60520.78,1631.482,1635464699999,98826161.50565,16780,654.977,39676633.04160,0
1635464700000,60520.78,60654.69,60470.00,60622.03,1076.777,1635465599999,65203545.91608,14206,556.911,33726538.58949,0
1635465600000,60622.02,60826.65,60425.98,60486.56,3859.734,1635466499999,234083531.32831,34065,1937.564,117527301.07427,0
1635466500000,60486.56,60647.00,60222.00,60444.74,4013.750,1635467399999,242567559.99061,33466,1862.356,112583411.62796,0
1635467400000,60443.46,60727.12,60415.83,60701.68,2833.862,1635468299999,171683049.05257,24104,1428.979,86571529.61397,0
1635468300000,60699.60,61463.36,60667.82,61434.95,5178.165,1635469199999,316211941.63887,50108,3114.861,190225563.43368,0
1635469200000,61429.21,61488.00,61317.79,61332.20,2474.026,1635470099999,151889641.93769,31033,1056.137,64844971.88251,0
1635470100000,61332.20,62150.00,61300.00,62026.51,5670.522,1635470999999,350175160.43297,50942,3323.925,205308985.35914,0
1635471000000,62026.51,62075.33,61641.61,61666.25,4380.747,1635471899999,270967687.20212,39661,1958.852,121157977.65380,0
1635471900000,61666.25,61701.20,61434.07,61434.07,1445.655,1635472799999,89044569.27510,22399,578.530,35645843.95217,0
1635472800000,61434.06,61808.00,61414.11,61691.15,1729.867,1635473699999,106673933.34925,21775,988.133,60927560.25002,0
1635473700000,61691.57,61736.49,61483.63,61557.77,1286.704,1635474599999,79248795.81842,16272,476.562,29356831.65328,0
1635474600000,61557.78,61576.55,61412.00,61576.55,1163.519,1635475499999,71550437.50922,15438,532.681,32761225.98248,0
1635475500000,61576.54,61721.50,61527.11,61636.55,923.716,1635476399999,56933734.56990,13912,478.919,29519418.35987,0
1635476400000,61636.55,61800.00,61583.25,61656.19,1157.819,1635477299999,71435643.14748,15720,599.339,36980825.25619,0
1635477300000,61656.19,61884.44,61580.00,61884.44,1224.125,1635478199999,75555165.05582,16358,648.127,40013514.95566,0
1635478200000,61884.44,61889.00,61599.78,61658.91,1391.758,1635479099999,85878390.62542,16103,469.584,28975711.59460,0
1635479100000,61658.91,61789.82,61579.00,61687.75,866.213,1635479999999,53424735.15814,14278,389.993,24053767.57707,0
1635480000000,61687.75,61747.17,61545.34,61549.23,1058.900,1635480899999,65246602.18082,13594,586.470,36136225.54028,0
1635480900000,61551.50,61635.80,61551.49,61588.39,468.770,1635481799999,28876032.92870,9217,253.036,15586805.35568,0
1635481800000,61588.40,61663.42,61430.60,61548.02,1137.689,1635482699999,70018845.21920,15146,428.935,26407189.52730,0
1635482700000,61548.02,61652.10,61435.00,61556.00,988.499,1635483599999,60837915.84079,14073,430.011,26469324.26110,0
1635483600000,61556.00,61630.75,61367.00,61481.49,1118.908,1635484499999,68776000.39983,15934,575.545,35380998.18128,0
1635484500000,61481.50,61484.61,61127.40,61271.20,2872.539,1635485399999,175998086.81618,31381,1147.030,70280208.74899,0
1635485400000,61271.20,61320.56,60722.19,60739.59,4301.062,1635486299999,262420077.16491,43826,1464.144,89355565.17187,0
1635486300000,60739.59,61044.34,60721.15,61032.54,2023.195,1635487199999,123216902.07298,25145,1264.419,77014134.50218,0
1635487200000,61032.55,61306.37,60909.98,61273.98,2001.676,1635488099999,122373132.01714,22545,1246.759,76255413.26898,0
1635488100000,61273.99,61305.53,61053.00,61158.30,1251.915,1635488999999,76593113.28654,16600,504.112,30844388.39793,0
1635489000000,61158.31,61449.83,61130.00,61400.00,1504.346,1635489899999,92241259.43494,18151,963.426,59080441.40618,0
1635489900000,61400.00,61468.00,61271.93,61395.24,1653.267,1635490799999,101501848.33585,20749,830.365,50980760.36039,0
1635490800000,61395.25,61395.25,60745.49,60850.00,3460.948,1635491699999,211429605.82857,34983,1384.415,84596684.21301,0
1635491700000,60850.00,60947.19,60625.00,60697.48,3970.088,1635492599999,241220746.04713,41404,1979.673,120302561.33317,0
1635492600000,60697.48,60797.99,60415.01,60627.94,4220.049,1635493499999,255670346.73373,45070,1941.086,117610035.92132,0
1635493500000,60627.94,60757.15,60492.60,60610.32,2002.094,1635494399999,121370555.64792,23767,1009.489,61200468.50140,0
1635494400000,60610.33,60987.83,60447.21,60971.70,3821.303,1635495299999,232135418.00118,39746,1816.543,110395195.30485,0
1635495300000,60975.75,61028.31,60468.81,60587.42,2640.402,1635496199999,160403644.85523,30458,1116.695,67832966.00455,0
1635496200000,60587.41,60803.34,60559.08,60687.74,1422.079,1635497099999,86342818.80919,20008,726.553,44112669.79403,0
1635497100000,60687.75,61045.00,60674.85,60979.07,2645.798,1635497999999,160992082.40826,31393,1392.222,84715812.11069,0
1635498000000,60979.08,61282.08,60814.93,61269.45,3025.676,1635498899999,184724028.88937,32711,1502.916,91801932.02457,0
1635498900000,61269.45,61400.00,60945.83,61037.67,2816.408,1635499799999,172288943.00008,30036,1228.375,75146403.81667,0
1635499800000,61037.67,61115.01,60880.00,60920.02,1305.418,1635500699999,79605613.75643,18632,577.881,35244706.00274,0
1635500700000,60922.15,61036.78,60832.64,60890.01,1284.962,1635501599999,78278057.19645,16021,697.295,42485085.08848,0
1635501600000,60890.02,61100.00,60810.00,60898.82,1254.769,1635502499999,76464086.33076,17453,642.257,39142637.56588,0
1635502500000,60898.81,61025.75,60606.00,60735.68,2182.655,1635503399999,132628303.29276,25774,945.994,57485631.46205,0
1635503400000,60734.76,61033.00,60660.72,60959.47,1383.568,1635504299999,84236541.01848,19699,668.786,40709528.38139,0
1635504300000,60959.47,61078.97,60750.17,61058.11,1783.543,1635505199999,108698317.05977,21874,904.177,55116402.12373,0
1635505200000,61058.11,61119.98,60965.56,61059.02,1140.827,1635506099999,69633136.30142,16695,525.182,32057566.49466,0
1635506100000,61059.02,61189.00,60934.09,61069.79,1990.957,1635506999999,121622608.93052,22134,1104.805,67498072.04740,0
1635507000000,61070.14,61125.93,60648.71,60685.01,2770.963,1635507899999,168507365.78382,30526,1153.745,70164186.33117,0
1635507900000,60685.00,61042.38,60575.41,60981.91,2838.687,1635508799999,172745261.15234,28038,1664.498,101314168.81067,0
1635508800000,60981.91,61057.40,60842.68,60870.28,1399.315,1635509699999,85283556.30214,16819,636.129,38774280.21250,0
1635509700000,60870.28,61455.00,60754.84,61450.76,3705.949,1635510599999,226522586.72544,33853,2306.759,141057105.36706,0
1635510600000,61449.84,61499.00,61087.07,61189.44,5842.573,1635511499999,357888200.29255,49006,2674.802,163845306.13681,0
1635511500000,61189.67,61250.00,60935.63,61010.93,2750.194,1635512399999,168058070.92047,27096,1454.980,88930482.55320,0
1635512400000,61006.71,61058.25,60840.62,60893.54,1690.473,1635513299999,103032852.76515,18933,747.006,45539668.61995,0
1635513300000,60893.54,61179.34,60810.00,61179.09,1824.591,1635514199999,111264082.44525,21252,1114.142,67947222.84868,0
1635514200000,61179.09,61393.92,61005.00,61240.13,3423.954,1635515099999,209624227.50714,33113,1679.422,102838758.28558,0
1635515100000,61240.13,61398.96,61185.16,61324.52,3133.542,1635515999999,192074753.24142,26902,1630.021,99925494.43026,0
1635516000000,61324.52,61375.77,61139.28,61234.11,2114.835,1635516899999,129553679.06714,24642,1112.162,68136482.91940,0
1635516900000,61231.77,61249.18,61033.55,61082.99,1834.998,1635517799999,112192632.85527,22298,823.414,50345009.31337,0
1635517800000,61082.99,61277.82,61046.17,61186.59,1589.614,1635518699999,97240672.72927,18484,900.608,55095602.76023,0
1635518700000,61186.59,61390.01,61102.24,61281.18,1869.300,1635519599999,114525388.63624,22059,1018.146,62393873.22668,0
1635519600000,61281.18,62181.33,61231.96,61944.57,9572.053,1635520499999,591214021.11471,88459,5013.410,309519829.76805,0
1635520500000,61944.58,62625.00,61722.40,62475.69,7764.169,1635521399999,482869036.08218,81547,4149.685,258221869.46176,0
1635521400000,62475.68,62549.23,62225.53,62240.71,4038.216,1635522299999,251870125.68808,48497,1834.811,114448818.90768,0
1635522300000,62240.70,62614.35,62227.00,62346.25,4213.240,1635523199999,263061975.37009,42844,2293.726,143241314.03653,0
1635523200000,62346.26,62943.55,62346.25,62825.39,9115.396,1635524099999,571579760.49003,87789,4616.540,289460698.88150,0
1635524100000,62821.88,63069.71,62758.54,62862.67,4623.244,1635524999999,290828820.45822,51497,2136.898,134460446.20711,0
1635525000000,62862.67,62907.77,62511.56,62627.82,3367.373,1635525899999,211055120.15137,41162,1423.424,89209045.89776,0
1635525900000,62627.81,62857.12,62622.01,62666.47,1893.356,1635526799999,118832275.53186,25208,985.521,61853015.88774,0
1635526800000,62666.46,62725.26,62578.40,62582.03,1123.819,1635527699999,70398989.38823,18422,538.755,33750933.96588,0
1635527700000,62582.03,62727.26,62350.00,62656.94,2688.081,1635528599999,168197416.90179,29923,1120.660,70154008.55964,0
1635528600000,62651.85,62670.00,62486.70,62499.96,1064.615,1635529499999,66624684.28764,18325,479.532,30010768.10021,0
1635529500000,62500.05,62560.00,62393.99,62465.75,1338.347,1635530399999,83583998.47532,19889,585.876,36591421.08094,0
1635530400000,62465.75,62548.48,62412.35,62530.20,881.708,1635531299999,55094224.41571,13941,477.745,29854830.65413,0
1635531300000,62530.20,62537.50,62222.00,62229.54,1477.799,1635532199999,92129565.61557,22105,604.667,37699690.66803,0
1635532200000,62229.55,62382.13,62133.00,62208.01,1746.298,1635533099999,108741258.42249,22014,847.839,52803640.16745,0
1635533100000,62206.81,62266.71,62020.00,62154.48,1887.273,1635533999999,117292411.08996,23571,896.532,55730836.62583,0
1635534000000,62154.54,62249.48,62012.00,62182.65,1113.768,1635534899999,69240090.15923,16945,623.325,38754634.20092,0
1635534900000,62179.12,62264.10,62076.20,62130.00,1013.056,1635535799999,62960667.02467,14368,534.209,33202588.95551,0
1635535800000,62130.00,62253.18,61950.00,62231.58,2826.622,1635536699999,175574298.81836,27448,1322.538,82188951.86945,0
1635536700000,62231.58,62690.00,62188.37,62590.98,2747.316,1635537599999,171496987.01135,32326,1385.609,86478174.89138,0
1635537600000,62590.98,62778.00,62302.47,62481.32,2203.446,1635538499999,137694815.60038,28696,1121.970,70134539.91615,0
1635538500000,62481.33,62569.54,62350.00,62393.19,1002.757,1635539399999,62622991.24649,15826,428.562,26765937.37969,0
1635539400000,62393.18,62550.00,62392.26,62429.25,755.730,1635540299999,47221801.15951,12914,395.332,24701934.32277,0
1635540300000,62432.54,62528.22,62339.74,62413.89,756.335,1635541199999,47215840.78082,11788,350.329,21872294.14248,0
1635541200000,62413.89,62530.00,62320.40,62331.83,710.996,1635542099999,44387409.61116,12506,279.852,17472723.36320,0
1635542100000,62331.84,62437.84,62201.01,62205.42,828.755,1635542999999,51647901.41198,13744,268.268,16724381.36750,0
1635543000000,62205.42,62547.80,62200.00,62501.00,1052.133,1635543899999,65670943.02690,14277,713.234,44527895.90653,0
1635543900000,62501.00,62501.01,62377.59,62383.87,529.037,1635544799999,33033763.74866,10027,191.863,11980227.40012,0
1635544800000,62380.96,62499.12,62306.26,62419.90,979.055,1635545699999,61086414.99691,13218,489.049,30513634.81810,0
1635545700000,62419.91,62473.79,62285.68,62304.13,645.958,1635546599999,40295303.39243,10192,273.796,17080106.74550,0
1635546600000,62304.14,62382.01,62217.34,62316.20,891.480,1635547499999,55538476.39551,12529,479.316,29861580.37855,0
1635547500000,62316.20,62432.42,62280.51,62347.99,678.444,1635548399999,42295732.70357,10378,285.605,17806633.78444,0
1635548400000,62348.00,62371.06,62222.79,62262.15,688.519,1635549299999,42875447.01300,10171,369.582,23013764.17493,0
1635549300000,62260.50,62441.96,62250.00,62266.91,1055.734,1635550199999,65813796.26235,12560,356.198,22203288.77807,0
1635550200000,62266.91,62272.33,62111.00,62160.01,1205.985,1635551099999,75001169.04427,14498,475.749,29586828.49914,0
1635551100000,62160.00,62325.00,62156.70,62308.22,754.180,1635551999999,46952591.61705,10892,447.968,27890509.54945,0
1635552000000,62308.21,62415.85,62138.54,62173.44,1496.444,1635552899999,93177373.62938,18452,695.016,43280569.64794,0
1635552900000,62173.45,62272.10,62007.42,62124.63,1247.150,1635553799999,77486214.91055,16388,493.121,30644156.32628,0
1635553800000,62124.63,62289.67,62050.10,62099.99,1321.198,1635554699999,82132514.78513,16384,707.097,43958033.39464,0
1635554700000,62100.00,62148.89,61760.00,61966.11,2706.146,1635555599999,167679072.48623,28200,1191.526,73856572.97477,0
1635555600000,61966.11,62129.84,61913.34,62120.62,954.939,1635556499999,59247271.91986,12884,485.217,30106322.25391,0
1635556500000,62120.63,62121.66,61900.00,61900.00,749.046,1635557399999,46443350.14675,11389,293.858,18221278.40022,0
1635557400000,61900.00,62187.99,61870.08,62184.99,1099.509,1635558299999,68241717.84829,13813,652.366,40498318.97705,0
1635558300000,62184.99,62204.17,62068.49,62078.96,757.619,1635559199999,47083747.43495,10637,341.285,21210830.46081,0
1635559200000,62078.96,62115.49,61935.02,62003.35,1268.867,1635560099999,78675927.46822,14794,530.345,32884095.58718,0
1635560100000,62002.62,62100.00,61916.15,62094.20,1036.342,1635560999999,64280465.58648,13300,537.551,33341638.08451,0
1635561000000,62094.20,62099.05,61939.49,61957.29,757.110,1635561899999,46939802.04802,11401,418.734,25961167.96149,0
1635561900000,61957.29,61980.57,61832.52,61941.60,908.651,1635562799999,56253921.12682,12630,442.686,27407458.20629,0
1635562800000,61941.60,62016.83,61860.48,61869.25,1028.342,1635563699999,63689020.10259,11680,453.757,28099186.49622,0
1635563700000,61867.49,61909.81,61720.00,61730.00,1636.462,1635564599999,101150720.60778,19668,863.283,53364569.60419,0
1635564600000,61730.00,61864.67,61661.16,61843.34,1812.056,1635565499999,111943087.48596,20106,924.219,57102645.68592,0
1635565500000,61839.02,61851.67,61707.01,61745.30,714.436,1635566399999,44137059.28403,10817,282.743,17464103.04677,0
1635566400000,61745.29,61984.70,61716.76,61928.99,1188.741,1635567299999,73548653.52777,14021,679.946,42068606.94391,0
1635567300000,61928.98,61935.00,61780.01,61810.57,684.989,1635568199999,42369179.20070,10889,288.596,17849476.48146,0
1635568200000,61810.58,61832.50,61574.00,61579.79,1786.938,1635569099999,110198142.27907,21040,761.412,46956763.46317,0
1635569100000,61579.79,61618.41,61500.70,61548.41,1496.563,1635569999999,92126483.46702,19118,730.743,44989118.96403,0
1635570000000,61548.40,61727.11,61308.00,61682.29,2850.999,1635570899999,175501596.58618,28663,1400.341,86262096.21467,0
1635570900000,61682.28,61746.07,61570.00,61674.99,1053.824,1635571799999,64976298.86687,12355,612.837,37792896.40146,0
1635571800000,61672.35,61745.00,61611.00,61711.49,890.739,1635572699999,54945017.89922,10654,470.166,29005500.73643,0
1635572700000,61711.50,61716.73,61505.00,61600.00,1933.291,1635573599999,119108499.41778,16522,635.073,39130407.32435,0
1635573600000,61600.01,61608.81,61450.00,61561.95,1550.435,1635574499999,95401194.36329,14791,741.960,45655158.20312,0
1635574500000,61561.94,61707.00,61561.61,61704.43,831.021,1635575399999,51230244.25767,11243,496.026,30579419.20186,0
1635575400000,61704.30,61948.59,61680.00,61803.44,1878.289,1635576299999,116136346.87411,21144,1070.061,66159085.86775,0
1635576300000,61803.44,61872.03,61674.46,61833.62,1207.071,1635577199999,74531942.41625,14571,625.105,38600169.12377,0
1635577200000,61833.61,61833.62,61561.87,61564.30,1022.450,1635578099999,63067915.69654,14460,459.423,28339851.67046,0
1635578100000,61564.30,61772.88,61561.59,61742.17,1066.490,1635578999999,65768095.58176,14129,698.708,43086954.94917,0
1635579000000,61742.16,61837.20,61716.22,61789.63,787.794,1635579899999,48680158.75683,11919,479.706,29643628.21698,0
1635579900000,61789.63,61789.64,61559.06,61635.05,1814.779,1635580799999,111903578.83160,16978,735.701,45359294.43334,0
1635580800000,61638.83,61710.51,61550.00,61567.58,1303.910,1635581699999,80371935.61193,14074,663.157,40882078.50375,0
1635581700000,61567.59,61746.53,61500.00,61521.32,2135.508,1635582599999,131561063.77919,20184,1055.243,65018076.45074,0
1635582600000,61521.33,61531.88,61322.00,61364.01,2635.783,1635583499999,161884471.39938,30887,1074.004,65963214.32927,0
1635583500000,61364.00,61465.00,61068.92,61373.12,3994.612,1635584399999,244719789.95374,40010,1681.067,103016982.43547,0
1635584400000,61373.12,61506.54,61261.03,61442.49,2232.633,1635585299999,137069954.37981,23199,1216.939,74711339.90040,0
1635585300000,61442.48,61537.19,61373.66,61440.94,1172.103,1635586199999,72041259.73996,14956,567.802,34903264.36955,0
1635586200000,61443.59,61650.84,61427.69,61576.65,1514.725,1635587099999,93260184.38041,16570,860.396,52980127.35303,0
1635587100000,61576.66,61580.57,61430.58,61459.04,1043.108,1635587999999,64133802.65604,12345,398.479,24498879.08273,0
1635588000000,61459.04,61509.81,61353.05,61394.42,759.847,1635588899999,46680765.98981,12165,343.970,21132727.41778,0
1635588900000,61394.42,61474.00,61283.86,61464.32,1168.043,1635589799999,71701331.81867,15552,667.622,40990751.81105,0
1635589800000,61464.31,61833.20,61437.54,61760.01,2373.932,1635590699999,146455097.36704,27287,1333.532,82267483.93579,0
1635590700000,61760.01,61943.89,61689.96,61849.01,2321.887,1635591599999,143563484.82966,24743,1251.550,77378917.75049,0
1635591600000,61849.53,62049.00,61777.00,61869.58,2007.731,1635592499999,124328776.12253,25441,1014.899,62859307.44243,0
1635592500000,61869.59,61882.38,61741.82,61757.72,1277.419,1635593399999,78940323.66783,17591,539.927,33365099.69919,0
1635593400000,61757.73,61798.00,61569.00,61736.10,1878.072,1635594299999,115820271.88426,22543,941.878,58089449.49402,0
1635594300000,61736.10,61741.86,61593.33,61661.97,788.628,1635595199999,48625186.83571,11313,367.006,22627629.22007,0
1635595200000,61663.39,61665.06,61435.28,61486.63,2438.517,1635596099999,150025978.06463,25212,958.502,58968737.89847,0
1635596100000,61486.63,61640.00,61432.89,61541.36,1533.195,1635596999999,94359698.36725,16876,970.868,59758021.46495,0
1635597000000,61541.35,61701.10,61487.89,61518.47,1448.973,1635597899999,89268053.68567,14897,796.091,49047807.49677,0
1635597900000,61518.48,61755.66,61514.00,61678.16,1444.009,1635598799999,89070923.14224,16749,833.001,51380535.33576,0
1635598800000,61678.16,61686.45,61350.00,61584.46,2601.617,1635599699999,160114804.68037,27989,1182.747,72807537.27479,0
1635599700000,61584.46,61784.59,61375.32,61758.02,2345.720,1635600599999,144546822.91166,24329,1339.178,82542983.84793,0
1635600600000,61758.01,62327.84,61501.27,61564.37,9165.404,1635601499999,568232326.03292,86154,4083.461,253251223.89451,0
1635601500000,61564.37,61803.77,61400.00,61624.93,4221.375,1635602399999,260121798.91470,40707,2278.306,140416188.72871,0
1635602400000,61624.93,61740.15,61432.26,61486.85,2169.931,1635603299999,133532612.11273,25847,964.102,59334417.48811,0
1635603300000,61486.85,61540.09,60631.23,61054.21,9642.098,1635604199999,589334337.54570,93851,4181.116,255653977.45460,0
1635604200000,61054.20,61233.00,60750.00,61058.49,4033.106,1635605099999,246102426.86530,45295,1974.647,120528222.22167,0
1635605100000,61059.98,61406.18,60922.68,61224.09,3924.209,1635605999999,240079207.39340,42533,2219.597,135776295.40196,0
1635606000000,61224.08,61444.00,61202.23,61369.76,1670.644,1635606899999,102492044.32232,22620,859.400,52728391.95908,0
1635606900000,61369.76,61470.00,61263.39,61328.30,1146.407,1635607799999,70329304.18846,17107,495.185,30382678.71730,0
1635607800000,61323.80,61480.09,61272.41,61461.07,1630.714,1635608699999,100130421.02554,19265,775.673,47634413.60991,0
1635608700000,61461.07,61461.08,61357.44,61417.73,617.729,1635609599999,37928546.70038,10332,275.368,16907442.49012,0
1635609600000,61416.62,61583.66,61318.83,61453.29,1585.463,1635610499999,97436567.20599,20195,790.139,48566723.52042,0
1635610500000,61453.30,61530.57,61348.53,61350.00,1312.376,1635611399999,80616636.31495,16262,553.185,33982391.42745,0
1635611400000,61350.00,61391.79,61130.02,61174.00,2147.042,1635612299999,131532350.84342,22612,1083.625,66388142.16748,0
1635612300000,61174.00,61300.00,61173.99,61296.83,836.937,1635613199999,51251031.57543,13787,481.120,29462525.40795,0
1635613200000,61296.84,61320.00,61152.35,61293.72,904.482,1635614099999,55382781.76261,13435,557.569,34138770.36487,0
1635614100000,61293.72,61422.00,61292.76,61422.00,991.160,1635614999999,60821961.25055,14042,580.092,35597769.90854,0
1635615000000,61422.00,61628.05,61331.87,61349.00,2146.773,1635615899999,131985023.70536,24680,976.751,60059979.05558,0
1635615900000,61348.21,61466.30,61328.49,61455.05,861.426,1635616799999,52894861.32401,12790,486.573,29877772.98248,0
1635616800000,61453.83,61620.00,61431.67,61544.99,1192.919,1635617699999,73400531.54718,15301,713.161,43882563.26278,0
1635617700000,61544.99,61566.72,61425.10,61502.18,750.686,1635618599999,46155858.09638,11704,329.067,20232878.30036,0
1635618600000,61502.17,61550.00,61424.21,61491.68,633.690,1635619499999,38962437.36279,11005,254.197,15629075.57832,0
1635619500000,61491.69,61623.30,61484.73,61603.30,657.966,1635620399999,40506500.01261,11684,375.238,23101716.62405,0
1635620400000,61603.31,61689.98,61500.00,61542.99,892.182,1635621299999,54955823.64744,13044,401.075,24707003.29487,0
1635621300000,61542.99,61674.88,61506.06,61620.00,632.882,1635622199999,38969699.04999,11176,314.409,19363357.44068,0
1635622200000,61620.00,61847.00,61601.30,61735.27,1574.538,1635623099999,97207199.27212,20793,918.374,56693723.22659,0
1635623100000,61735.28,61784.77,61673.16,61774.37,822.961,1635623999999,50801814.77990,11780,349.849,21597210.12859,0
1635624000000,61774.37,61934.79,61707.93,61890.83,1189.424,1635624899999,73570757.71588,17019,575.845,35617045.06246,0
1635624900000,61890.83,62000.00,61725.92,61988.99,1373.340,1635625799999,84953569.21086,16687,708.212,43825302.50787,0
1635625800000,61986.19,62000.00,61743.68,61814.99,1223.429,1635626699999,75674098.28287,14623,538.639,33310472.88262,0
1635626700000,61814.99,61938.00,61606.01,61698.01,1471.189,1635627599999,90849014.88065,18499,606.406,37448359.83531,0
1635627600000,61695.55,61744.87,61593.43,61599.99,674.178,1635628499999,41581424.51378,12817,284.520,17551690.08330,0
1635628500000,61599.99,61704.17,61530.00,61580.51,718.056,1635629399999,44242757.09732,14079,362.983,22366812.39964,0
1635629400000,61580.51,61698.13,61578.13,61660.51,353.889,1635630299999,21820059.66111,9367,189.011,11654287.46601,0
1635630300000,61660.51,61676.82,61469.66,61477.90,1210.743,1635631199999,74552258.36095,12461,520.069,32024014.07534,0
1635631200000,61481.81,61604.85,61428.00,61475.43,938.717,1635632099999,57748889.67125,14525,541.082,33290840.82999,0
1635632100000,61475.43,61573.20,61381.43,61448.50,948.647,1635632999999,58309586.13786,13177,442.436,27200130.78925,0
1635633000000,61448.50,61477.84,61243.69,61331.07,1604.358,1635633899999,98410948.60215,22781,685.866,42070020.43145,0
1635633900000,61331.07,61657.59,61328.00,61580.04,1245.632,1635634799999,76627392.90533,18079,691.545,42544496.36059,0
1635634800000,61578.59,61821.52,61525.39,61770.81,1207.933,1635635699999,74553441.95305,16292,624.917,38569198.80030,0
1635635700000,61770.81,61780.47,61540.00,61677.96,1149.880,1635636599999,70902934.37514,15239,485.914,29955221.36438,0
1635636600000,61677.96,61820.00,61600.43,61792.69,1260.982,1635637499999,77836785.17915,15306,543.157,33530006.54176,0
1635637500000,61792.69,61938.00,61677.49,61895.19,1347.324,1635638399999,83282705.25809,14766,776.142,47976562.79356,0
1635638400000,61895.19,62396.53,61895.19,62388.40,4467.759,1635639299999,277791332.59022,51365,2467.605,153405394.14796,0
1635639300000,62388.40,62462.99,62171.61,62307.18,3606.805,1635640199999,224725893.41956,33635,1793.168,111746985.00371,0
1635640200000,62307.19,62430.05,62227.99,62349.43,1973.543,1635641099999,123055760.82458,22359,957.305,59691584.79458,0
1635641100000,62349.43,62430.00,62272.01,62418.01,1480.498,1635641999999,92291552.91964,18572,818.667,51036272.41201,0
1635642000000,62418.01,62457.00,62293.68,62406.42,1456.441,1635642899999,90860756.86436,18884,690.447,43078152.10731,0
1635642900000,62406.43,62426.60,62264.89,62303.70,1507.458,1635643799999,93988689.29907,15925,549.568,34266841.37765,0
1635643800000,62306.61,62377.86,62212.82,62224.79,1201.747,1635644699999,74843085.90956,15320,475.115,29589171.96016,0
1635644700000,62224.79,62291.97,62166.52,62217.99,975.593,1635645599999,60710265.39604,14540,457.930,28498553.10118,0
1635645600000,62217.99,62282.37,62046.48,62266.48,1692.851,1635646499999,105225929.19028,17576,850.025,52851307.13579,0
1635646500000,62266.47,62309.51,62160.08,62305.36,933.490,1635647399999,58096433.29597,13348,516.461,32142669.34566,0
1635647400000,62305.35,62357.17,62032.00,62083.04,2070.535,1635648299999,128745016.39538,21604,1120.148,69670907.96809,0
1635648300000,62083.05,62095.00,61642.84,61791.15,3417.151,1635649199999,211386874.85229,33553,1428.092,88324249.65538,0
1635649200000,61791.16,61887.48,61700.46,61792.69,1145.456,1635650099999,70789718.54138,15984,571.794,35341795.76127,0
1635650100000,61792.70,61955.18,61773.00,61866.18,1038.810,1635650999999,64281800.17037,14290,646.453,40005352.19382,0
1635651000000,61866.18,61916.71,61733.13,61786.77,788.412,1635651899999,48718985.16932,12272,328.331,20289227.00183,0
1635651900000,61786.77,61801.19,61655.48,61768.51,916.423,1635652799999,56556528.50812,13136,415.209,25626501.00811,0
1635652800000,61768.51,61801.24,61615.73,61689.29,961.138,1635653699999,59300377.41540,13142,420.688,25957267.15227,0
1635653700000,61689.29,61765.50,61635.00,61703.22,543.061,1635654599999,33509314.62027,10280,293.600,18116301.58046,0
1635654600000,61703.22,61740.25,61561.01,61612.37,1708.779,1635655499999,105316560.68430,16170,608.279,37496837.86439,0
1635655500000,61612.37,61631.11,61450.00,61463.12,1835.965,1635656399999,112953801.51927,17049,677.564,41688553.23802,0
1635656400000,61463.12,61522.74,61323.00,61364.98,1950.463,1635657299999,119789405.45161,20527,986.000,60564704.44435,0
1635657300000,61364.97,61519.86,61200.00,61323.93,2371.257,1635658199999,145515422.10707,26228,1154.100,70840471.86430,0
1635658200000,61323.93,61438.98,61277.00,61358.00,1355.762,1635659099999,83203057.76681,15482,842.842,51724978.62351,0
1635659100000,61358.85,61446.38,61333.23,61335.03,1129.780,1635659999999,69348469.70948,12464,441.262,27089604.25429,0
1635660000000,61335.04,61409.17,61220.81,61267.91,2006.669,1635660899999,123029690.38486,20369,1016.177,62312060.21550,0
1635660900000,61267.91,61454.98,61160.47,61306.36,1817.845,1635661799999,111452509.75598,20933,1010.569,61980038.77595,0
1635661800000,61306.35,61306.36,61111.00,61203.67,1600.621,1635662699999,97966439.05131,19139,651.879,39906165.63621,0
1635662700000,61203.67,61407.46,61192.50,61363.48,1030.084,1635663599999,63195097.32482,13734,660.589,40524712.14679,0
1635663600000,61363.47,61463.48,61238.10,61429.65,1376.971,1635664499999,84509266.45688,16384,740.927,45481425.19184,0
1635664500000,61429.64,61490.14,61340.08,61408.14,1042.303,1635665399999,64011335.77049,12848,556.165,34163155.89676,0
1635665400000,61408.14,61424.99,61310.25,61319.14,552.886,1635666299999,33922839.85894,9135,240.967,14785242.35774,0
1635666300000,61319.14,61430.00,61310.12,61413.34,616.045,1635667199999,37818731.94323,9818,364.660,22385993.79592,0
1635667200000,61413.33,61435.83,61085.54,61182.42,2466.359,1635668099999,151071403.90793,24258,726.635,44508571.08302,0
1635668100000,61182.41,61328.91,60830.18,60945.80,4654.780,1635668999999,284364939.06224,43372,2001.251,122338634.14344,0
1635669000000,60945.80,61069.56,60720.41,60790.78,4058.494,1635669899999,247156564.28136,40842,1636.634,99709881.01409,0
1635669900000,60790.78,61015.18,60550.47,60828.64,3706.831,1635670799999,225379359.52101,39305,1718.805,104568629.73682,0
1635670800000,60828.63,60828.64,60611.00,60680.79,2905.482,1635671699999,176414847.94886,28551,1556.149,94497225.31830,0
1635671700000,60680.80,60846.27,60640.31,60824.39,1620.111,1635672599999,98421445.01011,19255,977.932,59418637.52954,0
1635672600000,60824.38,60908.73,60700.00,60702.01,1870.299,1635673499999,113753485.33201,19492,1006.786,61246222.94351,0
1635673500000,60702.02,60778.16,60615.94,60717.35,1574.781,1635674399999,95563250.77385,17964,717.985,43571549.26131,0
1635674400000,60717.54,60717.54,60400.00,60598.68,4339.045,1635675299999,262741090.87216,44202,1850.974,112102854.52047,0
1635675300000,60598.68,60868.71,60402.00,60855.13,3726.542,1635676199999,226125636.55327,35839,2040.774,123837755.57827,0
1635676200000,60855.13,61162.14,60802.60,61111.02,3460.239,1635677099999,210937763.62244,35064,2043.268,124580998.72289,0
1635677100000,61111.01,61114.00,60840.00,60855.02,1979.401,1635677999999,120692340.15461,20318,772.335,47094834.83324,0
1635678000000,60855.01,60973.50,60756.00,60785.80,1372.378,1635678899999,83472812.82380,16396,568.673,34591098.68586,0
1635678900000,60785.81,60875.30,60575.21,60687.99,2596.061,1635679799999,157620263.45651,22978,1204.642,73144201.52422,0
1635679800000,60687.99,60688.00,60406.09,60566.99,3052.041,1635680699999,184767202.44864,29918,1600.433,96897193.08146,0
1635680700000,60562.51,60600.50,60333.00,60523.94,3236.120,1635681599999,195756932.13476,30373,1529.583,92557671.35295,0
1635681600000,60523.94,60589.96,60216.67,60589.96,5264.401,1635682499999,317942095.41746,43338,2507.804,151520621.42849,0
1635682500000,60589.96,60844.32,60550.00,60671.80,3157.349,1635683399999,191686389.60379,29792,1726.743,104832218.63638,0
1635683400000,60671.80,60671.81,60150.13,60322.45,3746.344,1635684299999,226244456.96006,39872,1458.297,88073877.37672,0
1635684300000,60322.45,60458.00,60200.00,60338.72,2306.304,1635685199999,139115720.75312,25358,1062.064,64073222.60374,0
1635685200000,60338.71,60644.22,60290.00,60624.63,2416.194,1635686099999,146221736.04030,25035,1460.824,88382669.76561,0
1635686100000,60627.43,60650.00,60316.40,60361.94,1954.434,1635686999999,118182669.97611,21976,852.728,51563511.81386,0
1635687000000,60358.05,60418.00,60008.00,60415.00,5443.076,1635687899999,327746387.06674,53743,2584.626,155672618.76530,0
1635687900000,60415.00,60467.09,60178.00,60418.05,2629.531,1635688799999,158695848.78955,25341,1393.267,84086445.50376,0
1635688800000,60418.06,60495.30,60255.18,60439.99,2255.180,1635689699999,136153218.88784,22613,1100.029,66416442.59234,0
1635689700000,60439.99,60740.29,60330.01,60625.20,2507.741,1635690599999,151946381.16768,28139,1338.326,81088717.19805,0
1635690600000,60625.21,60785.84,60290.00,60309.91,2814.943,1635691499999,170507573.67145,30105,1195.928,72453935.58963,0
1635691500000,60309.91,60499.79,60211.93,60495.40,2124.001,1635692399999,128164232.78355,23479,1138.691,68719123.75680,0
1635692400000,60495.40,60675.00,60368.13,60640.88,1704.018,1635693299999,103152099.93734,20493,984.345,59594709.51248,0
1635693300000,60640.88,60759.48,60575.84,60737.31,1642.605,1635694199999,99671554.48181,19034,980.799,59518708.46912,0
1635694200000,60737.31,60737.32,60500.00,60619.36,1284.446,1635695099999,77838561.62514,15337,559.422,33902962.84430,0
1635695100000,60619.36,60718.01,60515.00,60521.99,974.975,1635695999999,59099839.45912,13160,495.019,30005896.99084,0
1635696000000,60522.00,60613.21,60265.08,60279.67,2185.238,1635696899999,132110470.00776,23367,891.016,53870874.00482,0
1635696900000,60279.67,60619.32,60260.00,60596.32,2180.691,1635697799999,131755911.68253,21257,1385.930,83750484.93490,0
1635697800000,60596.33,60659.54,60476.98,60659.53,1127.524,1635698699999,68297752.57687,14656,574.773,34818888.71135,0
1635698700000,60659.53,60778.82,60603.93,60717.00,1542.504,1635699599999,93634377.54630,17386,881.997,53544761.24754,0
1635699600000,60716.99,60759.85,60557.01,60623.54,1178.286,1635700499999,71458096.95939,13645,455.108,27598676.46374,0
1635700500000,60623.54,60999.00,60602.34,60971.72,2630.929,1635701399999,160094648.81001,26840,1650.941,100466657.69425,0
1635701400000,60971.72,60976.95,60659.42,60711.99,1682.063,1635702299999,102278217.94039,17470,646.433,39301319.22396,0
1635702300000,60712.00,60839.73,60640.17,60679.99,1089.702,1635703199999,66192663.54702,13271,605.062,36757817.15436,0
1635703200000,60680.00,60788.52,60540.03,60575.42,1211.139,1635704099999,73441389.73793,13373,502.383,30470846.50138,0
1635704100000,60575.41,60663.92,60460.63,60526.57,1715.704,1635704999999,103888237.41930,17859,928.064,56203610.75533,0
1635705000000,60526.56,60752.94,60499.31,60745.85,1125.809,1635705899999,68282329.32918,13051,621.913,37718669.90992,0
1635705900000,60745.84,60866.90,60638.51,60763.08,958.904,1635706799999,58278658.97888,12488,444.642,27023106.29569,0
1635706800000,60763.08,60886.17,60723.23,60780.00,909.626,1635707699999,55312014.67397,11235,422.340,25683218.22817,0
1635707700000,60780.00,60829.23,60710.55,60827.00,622.464,1635708599999,37832629.33629,8094,266.167,16178433.74831,0
1635708600000,60827.00,60833.66,60734.40,60756.00,612.076,1635709499999,37208230.17840,6656,318.595,19367585.83880,0
1635709500000,60756.00,60874.24,60664.31,60747.01,961.001,1635710399999,58378197.67594,10596,520.140,31595611.95686,0
1635710400000,60747.01,60898.91,60570.15,60875.55,1385.209,1635711299999,84083193.82187,14423,745.810,45292084.41880,0
1635711300000,60875.55,61048.88,60812.54,61014.59,1906.576,1635712199999,116223201.56926,19527,1120.671,68320594.26823,0
1635712200000,61014.60,61038.00,60887.43,61015.27,951.473,1635713099999,58003576.30023,11270,474.196,28907863.33972,0
1635713100000,61015.28,61146.22,60944.70,60968.91,1009.756,1635713999999,61616882.56969,12801,544.364,33222219.89952,0
1635714000000,60968.91,61012.11,60913.37,60936.16,976.572,1635714899999,59522766.34019,10852,423.450,25811395.32519,0
1635714900000,60936.17,61248.05,60911.62,61241.06,1401.188,1635715799999,85595051.09818,17225,714.669,43669595.95660,0
1635715800000,61241.00,61552.45,61228.00,61469.99,2761.705,1635716699999,169590033.28848,34162,1384.471,85012898.73984,0
1635716700000,61470.00,61538.40,61356.35,61481.99,1407.381,1635717599999,86513334.22113,17596,709.166,43596363.69733,0
1635717600000,61481.99,61575.00,61323.51,61351.93,1639.094,1635718499999,100700152.85857,20735,809.806,49754304.81994,0
1635718500000,61355.99,61645.14,61326.82,61531.00,1743.377,1635719399999,107268622.33304,19242,951.883,58570277.99722,0
1635719400000,61531.01,61556.90,61348.61,61401.50,980.544,1635720299999,60235665.09786,12157,440.260,27045115.32656,0
1635720300000,61401.50,61519.67,61361.20,61427.79,854.959,1635721199999,52530381.75706,10048,431.993,26541557.83183,0
1635721200000,61426.44,61517.94,61258.00,61363.08,1348.835,1635722099999,82779108.25526,15131,608.452,37346411.07501,0
1635722100000,61363.03,61680.00,61363.02,61481.06,1823.878,1635722999999,112286691.16011,18738,834.953,51401788.15777,0
1635723000000,61481.06,61544.68,61330.57,61449.20,1380.302,1635723899999,84808251.77401,13622,550.265,33813589.23861,0
1635723900000,61449.20,61499.99,61323.26,61348.61,877.908,1635724799999,53903757.12782,10467,367.065,22538983.75247,0
