1609459200000,28948.19,29045.93,28706.00,28786.75,3181.960,1609460099999,91834596.81370,24166,1277.389,36899008.19096,0
1609460100000,28786.92,28902.68,28752.30,28859.28,2215.315,1609460999999,63865195.40455,17044,1209.372,34869765.90905,0
1609461000000,28860.00,28968.49,28859.99,28947.61,1153.678,1609461899999,33369604.08775,12208,620.757,17954267.70655,0
1609461900000,28947.61,29055.00,28910.94,29015.00,1486.635,1609462799999,43095200.76748,12524,876.324,25408134.95831,0
1609462800000,29015.00,29499.00,28975.46,29446.35,7476.067,1609463699999,218765516.96528,45858,4619.428,135213638.57443,0
1609463700000,29446.35,29484.20,29281.25,29437.41,5535.997,1609464599999,162639342.72122,34811,2470.370,72592379.32290,0
1609464600000,29440.30,29546.42,29350.00,29366.88,4771.424,1609465499999,140475329.62092,32033,2425.316,71432307.96701,0
1609465500000,29361.85,29465.00,29350.00,29448.40,1759.913,1609466399999,51759189.52160,14424,871.238,25627926.57586,0
1609466400000,29443.65,29500.00,29230.00,29283.77,3087.431,1609467299999,90701840.57881,21146,1158.649,34056337.91851,0
1609467300000,29288.13,29426.60,29282.83,29335.78,1935.239,1609468199999,56812713.41311,13756,1041.474,30577856.88666,0
1609468200000,29335.78,29335.78,29159.16,29310.00,2737.439,1609469099999,80110781.58689,18727,1152.294,33728824.99852,0
1609469100000,29310.01,29383.50,29181.59,29237.06,2289.611,1609469999999,67038735.14875,15519,1160.938,33996284.29360,0
1609470000000,29236.58,29316.00,29235.75,29292.90,1064.365,1609470899999,31164175.71394,10928,632.938,18531591.39410,0
1609470900000,29292.90,29342.64,29174.95,29244.00,1792.541,1609471799999,52438554.83242,13396,793.480,23220013.83096,0
1609471800000,29244.00,29379.41,29217.02,29304.51,1618.038,1609472699999,47424458.83994,12431,966.484,28331339.27926,0
1609472700000,29304.51,29348.00,29264.03,29302.11,1104.508,1609473599999,32371050.40063,10327,576.148,16888506.46533,0
1609473600000,29302.11,29370.03,29300.00,29311.00,1429.401,1609474499999,41927482.43301,13201,696.478,20432957.92462,0
1609474500000,29311.00,29422.32,29310.99,29355.39,1528.948,1609475399999,44914880.39418,13658,825.623,24255044.85784,0
1609475400000,29355.38,29397.00,29086.00,29196.39,4310.593,1609476299999,125904480.04042,22390,1553.137,45373815.02165,0
1609476300000,29196.39,29247.01,29191.33,29237.07,1082.741,1609477199999,31644250.34714,10083,586.020,17127724.80093,0
1609477200000,29237.06,29249.31,29110.89,29155.49,1742.598,1609478099999,50837357.71038,13046,707.733,20655821.95063,0
1609478100000,29155.48,29227.88,29151.37,29193.08,904.801,1609478999999,26412568.56576,8554,461.016,13459017.42943,0
1609479000000,29193.08,29240.53,29140.00,29208.74,972.877,1609479899999,28400297.26434,8423,434.719,12694866.63556,0
1609479900000,29208.75,29241.80,29172.08,29213.80,579.453,1609480799999,16922875.67788,6808,290.308,8479335.85697,0
1609480800000,29213.80,29283.00,29213.79,29235.10,819.612,1609481699999,23975609.83249,9236,448.943,13133558.60231,0
1609481700000,29235.10,29258.00,29120.46,29120.47,1078.079,1609482599999,31460879.69368,10564,348.533,10174822.42510,0
1609482600000,29120.50,29231.00,29112.25,29216.85,1043.695,1609483499999,30447614.87118,10040,640.129,18678499.01894,0
1609483500000,29216.26,29228.67,29112.10,29197.30,1035.863,1609484399999,30215410.27798,9436,433.313,12639604.20491,0
1609484400000,29198.01,29214.96,28822.00,28949.15,5398.143,1609485299999,156453525.54538,29775,1895.935,54943713.50240,0
1609485300000,28948.14,29059.20,28924.18,29037.85,2321.024,1609486199999,67337386.93296,13740,1196.779,34727529.77326,0
1609486200000,29037.86,29110.20,29015.40,29095.01,1448.986,1609487099999,42119499.63276,11586,828.477,24082907.56132,0
1609487100000,29095.01,29110.00,29062.50,29107.71,985.272,1609487999999,28663550.65958,9639,425.728,12386466.72105,0
1609488000000,29107.72,29190.00,29007.00,29032.50,2336.652,1609488899999,67983972.34295,17900,1011.869,29451840.51183,0
1609488900000,29032.50,29067.68,28900.00,29056.35,3436.722,1609489799999,99585889.31302,21110,1535.470,44504626.77139,0
1609489800000,29056.35,29151.34,28989.01,29009.21,1964.001,1609490699999,57110399.41638,13470,780.102,22694031.60494,0
1609490700000,29009.20,29104.48,28950.00,29025.89,1404.022,1609491599999,40765346.55367,11158,632.642,18372082.09853,0
1609491600000,29025.90,29177.93,29000.00,29150.00,1775.880,1609492499999,51684977.71306,12975,859.485,25019862.43694,0
1609492500000,29150.01,29260.00,29111.35,29200.46,2088.387,1609493399999,60974684.65229,13921,1208.630,35294693.61299,0
1609493400000,29200.44,29333.12,29200.00,29249.99,2089.407,1609494299999,61179365.84137,16388,1137.573,33311415.96133,0
1609494300000,29250.00,29304.40,29219.73,29229.60,1271.418,1609495199999,37193528.18750,10171,519.961,15212046.41275,0
1609495200000,29230.00,29359.99,29188.00,29306.43,2008.572,1609496099999,58803954.99587,15757,1116.576,32700927.88812,0
1609496100000,29306.43,29398.74,29252.30,29259.26,1839.151,1609496999999,53932507.22404,15140,1085.100,31829921.44159,0
1609497000000,29259.26,29346.00,29233.01,29298.68,924.587,1609497899999,27077302.54864,9944,444.155,13009356.36991,0
1609497900000,29298.69,29332.73,29235.22,29259.29,1192.525,1609498799999,34925813.35804,10649,559.352,16385535.23254,0
1609498800000,29259.30,29378.71,29248.66,29327.85,1595.156,1609499699999,46771263.30145,13430,802.497,23532339.88908,0
1609499700000,29329.67,29420.00,29284.67,29404.19,2486.353,1609500599999,73021032.95016,17740,1380.271,40543094.54143,0
1609500600000,29405.99,29454.45,29280.00,29308.14,2234.291,1609501499999,65610889.06055,17491,1041.072,30587306.90857,0
1609501500000,29306.89,29344.87,29263.06,29341.99,915.506,1609502399999,26830192.89469,9145,497.037,14568628.23749,0
1609502400000,29342.00,29353.13,29214.13,29290.02,1722.093,1609503299999,50420470.43178,13593,711.025,20818234.17428,0
1609503300000,29290.03,29492.00,29269.15,29479.99,2731.537,1609504199999,80357367.11307,21134,1641.068,48278014.10575,0
1609504200000,29479.99,29668.86,29450.00,29523.76,8209.130,1609505099999,242696645.41199,48249,4456.463,131773697.48682,0
1609505100000,29522.55,29529.46,29158.11,29257.82,8925.952,1609505999999,261664967.51901,45431,3911.631,114664599.30427,0
1609506000000,29257.99,29411.66,29238.39,29410.00,2839.794,1609506899999,83298211.57773,19377,1562.780,45841921.42784,0
1609506900000,29410.00,29444.15,29340.00,29420.36,2005.410,1609507799999,58928533.59010,14488,889.849,26149834.99989,0
1609507800000,29420.79,29450.00,29386.00,29422.08,1308.045,1609508699999,38488825.22431,11214,584.172,17192805.84462,0
1609508700000,29422.09,29509.59,29421.04,29493.66,2063.633,1609509599999,60838652.81664,15074,1287.032,37944066.91567,0
1609509600000,29493.69,29570.00,29378.71,29483.70,3202.334,1609510499999,94418934.66831,22299,1518.170,44772434.58169,0
1609510500000,29483.70,29499.00,29414.13,29448.84,1061.784,1609511399999,31273842.76364,10029,505.110,14879204.95233,0
1609511400000,29451.00,29476.42,29350.20,29417.26,1502.604,1609512299999,44197135.09478,11827,641.602,18874985.27904,0
1609512300000,29417.26,29424.64,29280.32,29354.58,2340.457,1609513199999,68682465.08117,18092,969.699,28460464.28329,0
1609513200000,29354.57,29411.93,29266.00,29377.70,1769.927,1609514099999,51932017.63923,14258,955.756,28051261.18593,0
1609514100000,29377.71,29390.09,29239.20,29318.62,2363.895,1609514999999,69298019.69309,14420,1164.632,34141921.78583,0
1609515000000,29318.62,29318.63,29043.75,29149.98,5252.057,1609515899999,153157407.84327,31404,2136.929,62322125.84414,0
1609515900000,29149.66,29262.00,29146.42,29210.84,1844.300,1609516799999,53877981.29743,13805,1021.941,29855058.66406,0
1609516800000,29210.85,29280.00,29152.20,29248.00,2410.547,1609517699999,70463393.96305,16398,1289.182,37692395.53169,0
1609517700000,29248.00,29350.00,29248.00,29298.81,1647.194,1609518599999,48266979.67946,11594,950.525,27853846.20964,0
1609518600000,29298.81,29340.86,29271.07,29318.96,966.972,1609519499999,28337542.22386,9284,494.347,14488503.07877,0
1609519500000,29318.96,29388.10,29303.11,29324.21,1332.872,1609520399999,39124305.76312,11383,712.227,20909418.52281,0
1609520400000,29324.21,29349.97,29280.00,29332.02,798.206,1609521299999,23402207.33141,9792,310.195,9095458.83309,0
1609521300000,29332.03,29368.53,29251.00,29296.07,1015.993,1609522199999,29774688.64893,9576,385.559,11301611.51972,0
1609522200000,29296.05,29296.06,29150.00,29190.81,2517.786,1609523099999,73558471.01595,16722,970.250,28341497.63025,0
1609523100000,29190.81,29190.82,28927.35,29099.00,6535.213,1609523999999,189898769.82443,32330,2383.577,69290735.46792,0
1609524000000,29099.00,29300.00,29002.66,29237.30,4235.012,1609524899999,123689785.98034,23912,2391.590,69866576.08864,0
1609524900000,29237.30,29258.00,29010.51,29045.00,3025.807,1609525799999,88096170.65492,18762,1123.244,32704439.12240,0
1609525800000,29045.01,29118.00,28855.00,28902.07,4366.327,1609526699999,126530641.22198,28757,1719.923,49871387.61756,0
1609526700000,28902.07,29114.40,28627.12,29086.62,8541.478,1609527599999,246527847.08069,48372,4071.925,117642436.11422,0
1609527600000,29086.62,29088.90,28967.17,29032.78,2252.316,1609528499999,65377776.33889,16308,1048.342,30437655.23736,0
1609528500000,29032.77,29150.00,29001.00,29066.83,2123.344,1609529399999,61773994.78884,13418,1289.550,37520933.61183,0
1609529400000,29066.89,29128.98,29039.31,29104.26,943.147,1609530299999,27428425.10390,9409,484.161,14083010.08862,0
1609530300000,29106.09,29142.08,29026.55,29048.47,955.956,1609531199999,27804828.99843,9479,388.697,11309262.36240,0
1609531200000,29048.48,29187.08,28886.37,29183.83,3496.933,1609532099999,101588281.99286,21360,1639.151,47659079.00794,0
1609532100000,29183.83,29268.00,29153.18,29225.95,1640.087,1609532999999,47924351.86040,13604,1008.473,29472490.27861,0
1609533000000,29223.78,29236.28,29161.15,29184.00,1308.538,1609533899999,38202521.06528,10720,534.392,15603292.80713,0
1609533900000,29184.00,29299.06,29158.55,29214.14,1162.980,1609534799999,34003161.97838,10633,542.561,15865334.40322,0
1609534800000,29214.13,29250.00,29190.00,29204.50,747.920,1609535699999,21851599.05871,8299,352.128,10288930.95534,0
1609535700000,29204.49,29256.00,29173.97,29246.91,722.272,1609536599999,21102041.61169,6908,356.665,10422603.04895,0
1609536600000,29246.91,29315.00,29229.36,29234.92,1210.839,1609537499999,35446975.60791,11385,724.767,21218359.80018,0
1609537500000,29234.84,29244.83,29160.00,29177.77,1193.595,1609538399999,34852531.31910,10042,447.513,13067566.17932,0
1609538400000,29177.78,29250.00,29118.40,29249.98,1076.204,1609539299999,31407600.25280,10102,506.958,14800877.41914,0
1609539300000,29249.98,29320.00,29240.81,29284.38,1217.782,1609540199999,35665566.97259,11239,563.751,16511719.56328,0
1609540200000,29284.37,29349.88,29242.54,29315.06,1218.420,1609541099999,35706177.78995,12841,634.747,18605599.07064,0
1609541100000,29315.06,29321.00,29250.42,29270.89,632.901,1609541999999,18534351.36706,7969,274.212,8030035.10120,0
1609542000000,29275.64,29313.00,29260.00,29266.75,509.973,1609542899999,14937097.47776,6710,225.293,6598871.64299,0
1609542900000,29266.97,29323.83,29241.31,29289.08,870.589,1609543799999,25491234.86063,7829,467.076,13677982.76891,0
1609543800000,29289.07,29347.00,29273.97,29292.85,693.601,1609544699999,20337250.63838,8017,338.729,9932711.39796,0
1609544700000,29292.84,29350.00,29264.51,29337.16,747.765,1609545599999,21911897.19807,8079,423.071,12398755.82654,0
1609545600000,29337.15,29350.00,29225.51,29325.00,1811.949,1609546499999,53078134.39294,14528,892.759,26155484.09579,0
1609546500000,29325.00,29325.00,28958.24,29048.86,5552.965,1609547399999,161621929.38114,32008,2152.933,62660733.89761,0
1609547400000,29048.96,29219.87,29000.00,29212.12,2546.814,1609548299999,74193445.57929,17088,1596.070,46502039.28755,0
1609548300000,29212.11,29224.00,29144.65,29215.89,1471.275,1609549199999,42939493.67399,10565,540.122,15763374.60072,0
1609549200000,29215.89,29222.00,29114.22,29130.87,1093.713,1609550099999,31911507.96219,11086,355.142,10362856.79069,0
1609550100000,29132.47,29258.40,29132.46,29226.18,1330.360,1609550999999,38878253.61289,11603,707.603,20679299.07256,0
1609551000000,29226.17,29410.00,29222.37,29371.44,3594.301,1609551899999,105385487.67745,22108,2203.964,64622863.74769,0
1609551900000,29371.02,29430.00,29338.97,29380.00,1675.027,1609552799999,49224854.41485,15049,732.417,21528372.04771,0
1609552800000,29380.00,29436.14,29347.37,29412.79,1435.144,1609553699999,42199776.02792,12719,683.414,20098056.26276,0
1609553700000,29415.37,29500.00,29370.00,29433.39,2274.307,1609554599999,66964560.81795,16832,1294.954,38139801.56934,0
1609554600000,29433.38,29446.00,29361.32,29375.21,1302.068,1609555499999,38277704.37790,11178,628.499,18479061.03218,0
1609555500000,29375.21,29420.12,29340.70,29347.02,1219.332,1609556399999,35824004.50389,8920,592.744,17418474.01280,0
1609556400000,29347.02,29402.59,29293.00,29388.92,1782.203,1609557299999,52312644.37993,12656,831.980,24426268.22616,0
1609557300000,29388.92,29388.92,29323.08,29331.58,580.022,1609558199999,17026107.80015,7136,228.706,6714006.82742,0
1609558200000,29331.57,29355.53,29266.99,29296.15,1014.099,1609559099999,29722653.82944,9026,394.491,11564795.55978,0
1609559100000,29296.15,29382.00,29296.15,29364.67,742.587,1609559999999,21793767.14269,7035,538.205,15795350.86872,0
1609560000000,29364.68,29379.52,29230.00,29274.71,1510.984,1609560899999,44270089.03924,10886,558.822,16374436.47627,0
1609560900000,29274.70,29333.75,29247.39,29316.80,779.253,1609561799999,22828224.50013,8238,413.280,12108454.99654,0
1609561800000,29316.91,29388.00,29260.00,29366.26,1189.096,1609562699999,34890037.11612,9125,663.920,19482159.14904,0
1609562700000,29366.26,29415.00,29350.00,29363.03,787.850,1609563599999,23148602.27716,7811,455.762,13392799.34917,0
1609563600000,29362.97,29469.21,29362.96,29429.00,1618.249,1609564499999,47626892.77057,11355,844.653,24858925.69084,0
1609564500000,29428.99,29549.99,29401.31,29515.27,2272.886,1609565399999,67031585.64229,16238,1484.467,43785257.92673,0
1609565400000,29515.27,29600.00,29479.28,29523.32,3235.154,1609566299999,95587925.59354,22472,1843.587,54480835.35932,0
1609566300000,29523.33,29633.80,29509.44,29628.65,2307.184,1609567199999,68245395.44321,16103,1300.980,38484590.67577,0
1609567200000,29628.64,29700.00,29483.70,29683.19,3348.283,1609568099999,99091970.99325,25700,1876.217,55562323.09257,0
1609568100000,29683.19,29720.00,29570.97,29688.34,2528.499,1609568999999,74925292.63045,19323,1215.311,36021320.06286,0
1609569000000,29688.35,29710.00,29567.00,29615.53,1894.756,1609569899999,56166196.82899,17038,932.815,27657905.11213,0
1609569900000,29615.53,29800.00,29610.00,29733.03,4400.007,1609570799999,130841819.95241,28564,2343.832,69711362.06785,0
1609570800000,29733.09,29829.73,29707.42,29809.01,2813.213,1609571699999,83747946.08265,21095,1619.867,48229382.29058,0
1609571700000,29809.00,29819.52,29685.00,29739.45,2401.341,1609572599999,71412366.91183,18067,933.613,27766721.96009,0
1609572600000,29740.12,29765.19,29648.00,29758.44,2301.851,1609573499999,68375453.59765,17847,1132.822,33656931.40172,0
1609573500000,29758.45,29878.00,29755.38,29777.33,3520.108,1609574399999,104956744.16173,24648,2093.073,62412867.95371,0
1609574400000,29778.77,29898.58,29777.01,29795.01,4174.863,1609575299999,124614554.30254,28651,2100.259,62706073.41832,0
1609575300000,29795.00,29849.91,29723.06,29757.24,2500.527,1609576199999,74477883.96270,17471,1106.196,32954039.85997,0
1609576200000,29757.24,29815.00,29671.00,29814.99,2580.943,1609577099999,76778653.76956,16822,1246.521,37095896.94651,0
1609577100000,29815.00,29885.66,29810.27,29870.00,1848.965,1609577999999,55189173.64236,16022,935.557,27927438.81055,0
1609578000000,29870.01,29900.00,29755.00,29762.20,2191.828,1609578899999,65376762.85854,18720,981.519,29287885.55801,0
1609578900000,29762.20,29853.05,29703.61,29725.02,1931.124,1609579799999,57505992.83488,15307,846.709,25223438.28060,0
1609579800000,29725.64,29809.99,29607.39,29792.51,3253.309,1609580699999,96641200.86176,21875,1473.212,43777365.22221,0
1609580700000,29793.84,29950.00,29600.02,29642.10,8307.566,1609581599999,247581985.14048,45939,3930.504,117213332.34338,0
1609581600000,29642.10,29739.86,29491.09,29703.87,6451.033,1609582499999,191067980.36519,40413,2942.689,87190509.30842,0
1609582500000,29703.87,29859.00,29695.08,29806.64,3263.667,1609583399999,97238132.65890,21174,1782.124,53101305.06326,0
1609583400000,29806.64,29827.44,29730.00,29760.00,1382.150,1609584299999,41147945.66669,11470,582.093,17329421.28984,0
1609584300000,29760.01,29793.83,29700.00,29708.25,1268.132,1609585199999,37720476.80342,11298,562.644,16736980.27905,0
1609585200000,29708.24,29810.00,29702.30,29764.64,1115.264,1609586099999,33203909.04237,11128,580.067,17270521.10004,0
1609586100000,29764.64,29773.31,29646.53,29689.90,1835.344,1609586999999,54517815.06060,13044,726.623,21586628.71186,0
1609587000000,29689.36,29764.92,29663.98,29737.99,937.643,1609587899999,27868613.59314,9594,508.289,15107834.47397,0
1609587900000,29737.99,29795.00,29734.69,29775.52,1047.799,1609588799999,31194689.92721,9253,505.354,15046817.24064,0
1609588800000,29775.00,29920.00,29759.68,29913.79,3047.388,1609589699999,91009317.45291,22330,1616.935,48289221.33878,0
1609589700000,29910.90,30476.00,29793.37,30336.94,24437.684,1609590599999,738036192.98529,144036,13478.068,407062298.31743,0
1609590600000,30336.40,30751.58,30220.00,30738.57,15190.770,1609591499999,463343661.97231,87857,8533.642,260424087.39968,0
1609591500000,30729.69,30960.00,30580.00,30660.12,13249.605,1609592399999,407538939.79504,81578,6879.073,211672991.16723,0
1609592400000,30660.11,30888.00,30570.00,30814.73,7391.353,1609593299999,227079493.61888,50699,3834.163,117842543.47359,0
1609593300000,30814.74,30994.43,30738.53,30897.81,7152.545,1609594199999,220625320.95553,50207,3776.240,116519590.68702,0
1609594200000,30897.56,31450.00,30784.38,31319.24,15899.079,1609595099999,495702590.47732,100385,8531.524,266029749.58425,0
1609595100000,31319.24,31638.82,31108.63,31616.51,10232.362,1609595999999,320481845.69432,65399,5486.340,171972617.52049,0
1609596000000,31610.71,31675.04,31350.00,31403.04,8557.260,1609596899999,269242828.61998,57684,4111.355,129387723.09920,0
1609596900000,31403.04,31450.00,31123.73,31150.14,9349.522,1609597799999,292373401.18485,59040,3944.945,123402053.88507,0
1609597800000,31150.14,31336.79,31145.18,31264.97,4206.206,1609598699999,131437889.69698,29757,2019.144,63110720.74458,0
1609598700000,31264.96,31389.00,31179.86,31335.01,4607.437,1609599599999,144239075.34135,29242,2405.861,75330436.15228,0
1609599600000,31337.87,31438.56,31272.42,31305.38,3423.001,1609600499999,107379833.92655,27300,1778.840,55814078.57384,0
1609600500000,31305.37,31450.00,31301.35,31399.98,2391.542,1609601399999,75077104.27651,19028,1323.627,41552612.17602,0
1609601400000,31399.98,31859.71,31364.02,31692.80,7903.068,1609602299999,249866467.94761,49242,4440.332,140409493.80966,0
1609602300000,31692.81,31873.02,31589.06,31717.01,7175.607,1609603199999,227607638.15717,48289,3580.600,113610710.25888,0
1609603200000,31720.79,32385.34,31718.43,32086.99,20816.901,1609604099999,667225876.46602,122759,10952.068,351118540.25808,0
1609604100000,32086.99,32455.00,32001.00,32349.34,11729.456,1609604999999,378758539.59603,77182,6028.557,194671262.23722,0
1609605000000,32343.07,33126.67,32310.00,32633.27,28299.038,1609605899999,927551905.13015,163579,14725.071,482646638.14821,0
1609605900000,32628.34,32870.00,32183.19,32543.45,21563.212,1609606799999,701182914.63972,116905,10659.724,346789612.51443,0
1609606800000,32545.48,32760.00,32431.87,32647.36,6742.106,1609607699999,219862308.11104,45223,3367.490,109851894.62387,0
1609607700000,32647.36,32810.18,32612.72,32643.14,4473.856,1609608599999,146341243.02805,30806,2162.563,70759781.48658,0
1609608600000,32637.05,32778.98,32527.00,32714.98,3856.811,1609609499999,125914087.81770,27508,1993.305,65088952.86787,0
1609609500000,32714.99,33000.00,32713.17,32904.20,6297.603,1609610399999,207080079.21842,40706,3239.276,106521659.90458,0
1609610400000,32904.20,32961.70,32487.68,32643.55,7993.755,1609611299999,261183849.04190,48666,3597.813,117548569.38371,0
1609611300000,32645.98,32815.60,32558.62,32814.06,3010.819,1609612199999,98491711.32304,22075,1619.855,53010999.27498,0
1609612200000,32814.06,32852.81,32660.00,32842.97,3072.006,1609613099999,100727601.64298,22018,1448.312,47507831.89758,0
1609613100000,32842.96,33480.00,32800.60,33100.00,15137.732,1609613999999,501852297.09697,91919,8059.134,267194878.63468,0
1609614000000,33100.00,33200.00,32743.02,33042.81,8768.240,1609614899999,289503922.11177,55685,4268.119,140988624.01551,0
1609614900000,33042.81,33132.54,32949.01,33113.85,3301.291,1609615799999,109085825.56744,23158,1631.290,53921577.70395,0
1609615800000,33114.93,33267.37,33052.13,33160.32,3950.889,1609616699999,130964418.50491,27443,1913.638,63441906.78755,0
1609616700000,33161.00,33333.00,33081.33,33115.41,4232.124,1609617599999,140567757.13506,27752,1856.461,61691076.65592,0
1609617600000,33115.41,33146.49,32350.00,32852.83,14456.330,1609618499999,473164785.99610,79167,6610.001,216332259.73732,0
1609618500000,32852.56,32860.00,32170.00,32319.84,11081.731,1609619399999,359649893.05631,66578,4658.822,151173244.16042,0
1609619400000,32318.03,32516.43,31833.11,32180.51,13247.509,1609620299999,425981067.12559,79556,6121.890,196947218.95636,0
1609620300000,32180.52,32189.64,30800.00,30912.00,25106.265,1609621199999,791922258.11509,141140,10356.800,327011261.96708,0
1609621200000,30884.75,31846.08,30528.00,31544.67,22941.850,1609622099999,717858557.16290,145225,12241.685,383174503.52966,0
1609622100000,31547.79,31948.00,31492.15,31670.07,9050.297,1609622999999,287136383.97716,57268,4766.361,151243052.88227,0
1609623000000,31670.08,31754.99,31422.00,31665.07,4769.768,1609623899999,150735784.39359,30247,2256.220,71329610.84088,0
1609623900000,31667.04,31880.00,31600.00,31722.66,3802.879,1609624799999,120787882.66328,23313,1927.512,61222486.63751,0
1609624800000,31725.56,31726.30,31465.77,31701.09,3229.283,1609625699999,102032808.80740,23423,1659.264,52433918.52656,0
1609625700000,31701.09,32240.00,31697.53,32231.00,5671.633,1609626599999,181436649.55843,37572,3144.144,100590561.11832,0
1609626600000,32231.00,32323.62,32049.98,32175.46,4686.315,1609627499999,151036137.09760,34243,2010.601,64817041.84301,0
1609627500000,32175.45,32290.64,32100.32,32171.14,2269.521,1609628399999,73127792.76068,16187,991.367,31946844.84669,0
1609628400000,32171.14,32216.00,31650.80,31908.63,7777.144,1609629299999,248027209.67811,46166,3620.595,115475517.05279,0
1609629300000,31908.62,32069.20,31850.00,31998.94,3941.834,1609630199999,126013601.24699,27180,1986.175,63496748.17203,0
1609630200000,31998.94,32062.71,31811.01,31943.85,2880.429,1609631099999,91921685.00168,20026,1345.638,42940310.00619,0
1609631100000,31943.85,32277.11,31932.48,32199.91,2742.987,1609631999999,88143539.92522,19569,1530.639,49192615.47783,0
1609632000000,32198.41,32297.00,32000.02,32136.67,4378.052,1609632899999,140931161.90416,32923,2243.408,72241350.09656,0
1609632900000,32136.69,32244.03,32032.27,32238.64,1962.601,1609633799999,63071696.41577,18927,915.854,29440108.38325,0
1609633800000,32244.02,32500.00,32239.48,32446.18,4126.548,1609634699999,133720994.49848,29547,2168.052,70247988.22345,0
1609634700000,32446.31,32537.65,32403.01,32478.69,2224.707,1609635599999,72247299.83508,18270,1267.023,41150449.51080,0
1609635600000,32475.94,32516.43,32253.85,32437.92,3434.687,1609636499999,111321894.41560,23861,1470.280,47669319.42805,0
1609636500000,32437.91,32675.00,32423.60,32658.00,2519.959,1609637399999,82090771.69122,21163,1385.622,45139506.73132,0
1609637400000,32657.99,32771.98,32593.24,32640.88,3638.884,1609638299999,118948639.68491,24964,1601.861,52369820.27343,0
1609638300000,32643.64,32832.88,32564.56,32611.14,3552.900,1609639199999,116353305.84869,24369,1893.992,62045930.63250,0
1609639200000,32611.03,32746.21,32590.79,32664.01,1572.512,1609640099999,51376505.04565,14296,833.920,27250976.02860,0
1609640100000,32664.01,32840.00,32616.17,32815.06,1623.165,1609640999999,53154339.40215,15762,873.017,28586419.42806,0
1609641000000,32815.06,32928.16,32758.80,32858.58,2218.783,1609641899999,72911631.87595,18865,1162.761,38217750.25309,0
1609641900000,32858.57,32887.99,32729.44,32765.99,1471.049,1609642799999,48261979.42474,13094,659.840,21651790.37871,0
1609642800000,32765.99,32784.72,32609.77,32623.82,2090.846,1609643699999,68393697.99965,17459,806.506,26390789.52345,0
1609643700000,32625.05,32733.08,32621.60,32674.10,1330.763,1609644599999,43484250.97026,11141,710.507,23218310.85416,0
1609644600000,32674.09,32674.10,32461.25,32598.48,2798.108,1609645499999,91127646.55775,18941,1136.143,37004703.08747,0
1609645500000,32597.75,32766.00,32575.00,32601.49,1753.029,1609646399999,57268415.74049,14432,917.388,29969476.45458,0
1609646400000,32601.49,32734.00,32600.00,32652.16,1187.431,1609647299999,38799856.18996,12849,584.361,19092864.72061,0
1609647300000,32652.15,32657.06,32472.00,32601.03,2066.874,1609648199999,67288159.50192,16801,1017.457,33124066.98147,0
1609648200000,32603.49,32772.82,32600.01,32744.48,1988.904,1609649099999,65010382.70119,14994,1033.739,33792837.38211,0
1609649100000,32746.00,33330.01,32731.06,33256.95,7621.571,1609649999999,251822292.13251,49995,4778.187,157883442.52037,0
1609650000000,33257.00,34160.00,33174.86,33883.48,21152.627,1609650899999,714011894.79329,122168,11318.695,382016229.56692,0
1609650900000,33882.07,34135.75,33751.00,34053.43,7369.457,1609651799999,250131225.13254,52368,3696.636,125510068.88793,0
1609651800000,34053.43,34220.00,33807.54,33999.99,9038.514,1609652699999,307934914.73311,58933,4495.932,153260188.35525,0
1609652700000,34000.00,34125.00,33691.00,33823.58,5700.025,1609653599999,193126910.06308,38093,2822.075,95662742.20208,0
1609653600000,33820.37,34181.26,33715.00,33875.27,6296.754,1609654499999,213817522.35829,42061,3135.996,106477820.58740,0
1609654500000,33877.67,34055.81,33858.06,33924.24,3113.508,1609655399999,105727536.67078,23842,1685.927,57254960.60746,0
1609655400000,33924.24,34162.80,33901.50,34053.00,3421.897,1609656299999,116536022.52917,26097,1759.908,59942416.97000,0
1609656300000,34053.00,34145.56,33878.13,34016.77,3346.097,1609657199999,113734922.33644,23643,1483.770,50445986.92342,0
1609657200000,34016.77,34090.06,33801.00,34048.40,3669.966,1609658099999,124624850.36042,27922,1757.087,59692664.59793,0
1609658100000,34048.93,34651.62,34000.33,34529.67,13502.404,1609658999999,464032496.95681,72266,8350.378,286838199.48192,0
1609659000000,34529.66,34769.00,34430.00,34680.00,9241.665,1609659899999,319927591.95749,58321,4323.272,149706299.36727,0
1609659900000,34680.00,34832.25,34060.00,34472.24,12576.558,1609660799999,433453092.90516,77429,5815.663,200489288.08714,0
1609660800000,34476.00,34600.00,33800.00,34157.46,13924.977,1609661699999,476100178.71232,84457,6151.222,210383155.97853,0
1609661700000,34154.15,34488.87,34000.00,34450.01,5830.695,1609662599999,199851905.71636,42843,3144.571,107797881.45612,0
1609662600000,34452.25,34743.92,34324.93,34689.26,4505.022,1609663499999,155496525.69367,34339,2481.431,85720762.12334,0
1609663500000,34689.80,34694.00,34314.04,34420.00,4098.895,1609664399999,141483523.79371,29942,1536.219,53033853.06335,0
1609664400000,34421.40,34650.00,34155.00,34300.15,6026.440,1609665299999,207197537.02214,41857,2787.873,95882276.94835,0
1609665300000,34300.15,34368.38,33928.57,34084.00,6237.550,1609666199999,213064096.24888,41067,2797.425,95575077.24009,0
1609666200000,34083.99,34235.41,33864.00,34113.76,6283.802,1609667099999,214135874.28704,40647,2784.377,94913304.02808,0
1609667100000,34117.43,34294.00,34071.52,34239.04,3703.456,1609667999999,126641363.58524,29156,1925.676,65855399.04911,0
1609668000000,34235.43,34402.06,34019.00,34100.01,4300.334,1609668899999,147225208.40262,33583,1978.865,67807271.93214,0
1609668900000,34100.01,34176.20,33457.00,33788.72,15465.525,1609669799999,522682521.64811,81002,6915.387,233701279.59310,0
1609669800000,33788.73,34018.66,33572.33,33978.13,4900.850,1609670699999,165882329.91455,33075,2666.154,90269493.69069,0
1609670700000,33976.29,34170.00,33850.00,33949.75,4231.732,1609671599999,143976564.88497,30218,1829.423,62256301.25445,0
1609671600000,33945.43,34278.51,33839.05,34141.04,5089.871,1609672499999,173603307.70646,34996,2750.420,93830392.87383,0
1609672500000,34141.04,34210.00,33956.43,33982.21,3006.012,1609673399999,102453160.15699,22815,1390.703,47418913.01886,0
1609673400000,33989.00,34199.00,33980.00,34169.62,2527.500,1609674299999,86221156.97684,18300,1427.010,48677429.57051,0
1609674300000,34169.61,34499.53,34159.19,34464.06,6567.446,1609675199999,225693484.48633,37985,3874.405,133148304.58083,0
1609675200000,34464.07,34663.00,34236.73,34550.45,8362.634,1609676099999,288336171.15910,49379,4283.620,147761731.82275,0
1609676100000,34551.08,34580.29,34274.63,34349.68,3244.152,1609676999999,111562066.14791,23938,1393.743,47927789.42920,0
1609677000000,34349.69,34423.00,33941.20,34174.64,5581.016,1609677899999,190607478.42977,34051,2189.067,74781173.69247,0
1609677900000,34178.01,34281.17,34050.00,34156.94,2672.083,1609678799999,91283038.95336,19979,1258.612,43006192.65342,0
1609678800000,34159.29,34439.92,34159.28,34391.57,2723.304,1609679699999,93451969.40917,22221,1674.898,57476820.31370,0
1609679700000,34391.57,34428.00,34206.21,34231.52,2221.071,1609680599999,76190545.02775,20490,1053.925,36159141.52987,0
1609680600000,34231.53,34240.00,33838.56,34099.39,6073.303,1609681499999,206897661.94233,41516,2674.383,91143742.61280,0
1609681500000,34099.40,34223.03,33852.34,33939.02,4350.795,1609682399999,148088441.98106,30309,2070.150,70472012.86364,0
1609682400000,33937.45,34151.00,33658.00,34110.88,5442.754,1609683299999,184686705.45924,40129,2515.448,85405603.54518,0
1609683300000,34110.82,34213.75,34013.38,34025.44,2950.420,1609684199999,100697142.60519,22236,1589.243,54258557.25428,0
1609684200000,34025.45,34157.67,33860.00,33968.47,3116.288,1609685099999,105932214.07725,24188,1401.993,47666735.35588,0
1609685100000,33966.06,33971.69,33551.00,33903.75,8131.022,1609685999999,274320299.13357,51446,3818.448,128846872.76998,0
1609686000000,33903.74,33970.00,33254.37,33450.17,12309.737,1609686899999,413110956.16293,70679,5641.263,189330946.41291,0
1609686900000,33450.11,33677.69,33050.00,33122.98,10940.973,1609687799999,364610080.15630,64355,4844.550,161549580.63403,0
1609687800000,33122.98,33540.98,32826.35,33428.99,11625.352,1609688699999,386178330.55735,71543,5523.813,183605709.09747,0
1609688700000,33429.00,33698.34,33388.77,33540.46,4899.023,1609689599999,164482476.63462,33198,2597.172,87208267.44750,0
1609689600000,33538.81,33886.96,33535.11,33685.00,6311.985,1609690499999,212980643.62093,45120,3081.009,103966186.92603,0
1609690500000,33682.42,33763.86,33433.01,33485.67,5228.591,1609691399999,175618271.49044,36109,2376.623,79844520.51740,0
1609691400000,33485.67,33588.73,33265.01,33293.23,4403.100,1609692299999,147191370.15922,31471,1923.639,64313658.20778,0
1609692300000,33293.23,33339.49,32675.00,32742.51,11480.640,1609693199999,378985613.31933,69204,4821.832,159221418.47675,0
1609693200000,32742.48,33070.00,32541.00,32651.80,11407.585,1609694099999,373773282.17893,75577,5587.434,183163074.85627,0
1609694100000,32651.80,33249.79,32530.37,33129.95,8384.353,1609694999999,276388444.41866,56158,4387.582,144683027.23363,0
1609695000000,33129.24,33240.31,32902.00,33080.05,4101.792,1609695899999,135555622.91195,28236,1895.573,62679767.27872,0
1609695900000,33083.78,33324.80,32915.17,32979.98,4245.148,1609696799999,140697766.47232,30564,2178.743,72236192.69601,0
1609696800000,32979.98,33097.07,32750.00,33049.00,3960.316,1609697699999,130463018.63929,31416,1912.243,63024425.46360,0
1609697700000,33049.00,33049.00,32560.00,32583.64,4931.335,1609698599999,161562584.27067,34845,2115.202,69312941.53540,0
1609698600000,32581.85,32803.57,32400.00,32656.78,8096.754,1609699499999,263731612.24979,48318,3675.411,119801437.45696,0
1609699500000,32660.32,32890.00,32656.78,32831.08,2660.516,1609700399999,87246740.47828,20256,1441.924,47291071.56340,0
1609700400000,32831.09,32992.20,32716.19,32916.51,2958.011,1609701299999,97181956.43437,22829,1448.362,47587690.98225,0
1609701300000,32915.41,32990.32,32603.03,32691.85,2872.705,1609702199999,94145495.94324,22022,1160.057,38027736.67340,0
1609702200000,32691.78,32789.89,32523.00,32542.71,2876.350,1609703099999,93862664.43816,21782,1366.533,44609637.45649,0
1609703100000,32542.72,32840.00,32509.89,32823.72,2085.161,1609703999999,68211231.01269,15658,1259.976,41218419.37773,0
1609704000000,32823.72,33399.99,32776.98,33361.96,5288.668,1609704899999,175202228.47599,35413,3243.366,107400638.63600,0
1609704900000,33361.73,33800.00,33316.82,33742.00,8022.059,1609705799999,269432767.58187,48606,4350.298,146141542.09954,0
1609705800000,33741.99,33912.53,33600.00,33657.16,4882.728,1609706699999,164754557.02477,34440,2397.498,80948550.58756,0
1609706700000,33657.17,33892.00,33512.00,33779.07,3774.679,1609707599999,127219023.02416,29061,1946.907,65643746.39471,0
1609707600000,33779.07,33948.13,33646.40,33728.94,3318.858,1609708499999,112197837.03462,27079,1487.586,50299270.98546,0
1609708500000,33727.35,33800.00,33600.00,33792.26,1491.414,1609709399999,50277170.37952,14752,739.729,24945797.42981,0
1609709400000,33791.17,33838.12,33649.15,33810.58,1333.133,1609710299999,44999137.64639,13245,674.925,22784950.37858,0
1609710300000,33810.58,33810.59,33561.00,33625.00,1572.449,1609711199999,52951647.23507,14293,694.703,23401752.67956,0
1609711200000,33625.00,33625.01,33283.00,33356.48,3422.079,1609712099999,114387341.75548,24794,1197.468,40027377.78306,0
1609712100000,33358.99,33736.12,33357.78,33576.48,2451.233,1609712999999,82366072.69180,21510,1397.930,46947972.92675,0
1609713000000,33575.00,33688.85,33141.47,33344.99,3010.374,1609713899999,100507523.59557,27334,1332.193,44494184.28756,0
1609713900000,33345.00,33419.43,33057.00,33209.99,2488.607,1609714799999,82618621.62138,22273,1040.738,34571543.94375,0
1609714800000,33209.99,33478.11,33000.00,33475.47,3964.740,1609715699999,131680848.70360,29365,2229.866,74111517.48074,0
1609715700000,33478.10,33665.92,33300.00,33554.45,3016.625,1609716599999,100956125.33210,25811,1607.896,53822403.60363,0
1609716600000,33554.43,33636.94,33380.69,33380.70,2539.375,1609717499999,85106851.32099,21606,1172.129,39297762.01412,0
1609717500000,33380.69,33395.56,32703.33,33054.53,7570.747,1609718399999,250069120.36018,54425,3539.536,116888554.43180,0
1609718400000,33053.93,33134.92,32700.00,32813.31,5661.387,1609719299999,186455195.55882,41970,2671.600,88029996.96993,0
1609719300000,32813.30,33165.00,32813.30,32850.51,3620.516,1609720199999,119548979.29906,26505,1908.733,63037443.27950,0
1609720200000,32851.99,32887.03,32457.00,32705.98,6932.486,1609721099999,226339801.98163,44173,3193.358,104271923.52815,0
1609721100000,32703.26,32950.00,32692.70,32907.40,2129.212,1609721999999,69930192.19520,16736,1092.795,35895587.75012,0
1609722000000,32907.39,33020.00,32788.00,32831.93,2248.369,1609722899999,73965743.30378,18766,1041.337,34268523.15222,0
1609722900000,32831.92,32917.29,32676.16,32751.77,1764.850,1609723799999,57872379.58099,16186,774.544,25397593.94480,0
1609723800000,32751.77,33215.27,32656.78,33145.99,3303.871,1609724699999,109025144.87370,26761,2014.688,66488949.68349,0
1609724700000,33146.00,33378.00,33144.00,33242.22,3000.288,1609725599999,99807334.13803,22616,1423.325,47342655.71209,0
1609725600000,33242.23,33369.26,33110.00,33239.48,2604.411,1609726499999,86553155.91402,20425,1183.907,39363605.65138,0
1609726500000,33239.47,33262.45,33060.00,33113.98,1517.854,1609727399999,50303501.03636,14261,620.670,20573294.14532,0
1609727400000,33113.65,33196.20,33015.00,33193.34,1365.369,1609728299999,45193694.32627,14493,605.463,20049199.51325,0
1609728300000,33193.33,33647.69,33187.79,33502.99,4444.386,1609729199999,148658198.33153,32606,2475.288,82765452.35081,0
1609729200000,33503.04,33543.86,33413.17,33452.01,1954.923,1609730099999,65448158.45156,18165,781.419,26163345.77626,0
1609730100000,33450.11,33519.88,33350.74,33350.76,1731.199,1609730999999,57883880.59337,15952,923.839,30895783.73419,0
1609731000000,33350.75,33405.85,33310.00,33321.21,1479.761,1609731899999,49348617.18558,14135,653.293,21789902.27519,0
1609731900000,33321.21,33583.07,33222.00,33562.22,2302.866,1609732799999,76907264.32901,19129,1173.825,39217335.84090,0
1609732800000,33562.23,33653.56,33444.06,33507.05,3000.870,1609733699999,100687763.59623,23349,1548.483,51967232.70747,0
1609733700000,33507.05,33550.00,33314.80,33359.03,1803.285,1609734599999,60276014.40779,15291,941.724,31486616.50718,0
1609734600000,33359.28,33427.47,33250.00,33315.36,1437.848,1609735499999,47912587.80491,15392,734.396,24477732.42730,0
1609735500000,33320.03,33438.14,33255.00,33324.51,1486.844,1609736399999,49597361.02220,15524,795.339,26533122.16722,0
1609736400000,33324.51,33360.45,33126.99,33252.82,2142.066,1609737299999,71130430.31932,20222,1017.597,33796885.68775,0
1609737300000,33255.00,33395.91,33252.34,33343.32,1866.535,1609738199999,62207473.15770,16738,934.573,31148844.46346,0
1609738200000,33338.95,33411.31,33050.00,33132.02,3048.964,1609739099999,101194155.53661,24816,1388.302,46072721.40377,0
1609739100000,33132.01,33192.17,32901.00,32922.50,2639.743,1609739999999,87183044.41121,20791,1087.409,35921941.29351,0
1609740000000,32922.50,33211.79,32922.50,33142.22,2448.191,1609740899999,80971205.63057,19790,1205.921,39887801.50269,0
1609740900000,33142.22,33513.61,33115.00,33390.96,4081.644,1609741799999,136154288.58372,29110,2192.480,73137196.36771,0
1609741800000,33390.97,33410.51,33155.00,33177.13,2989.718,1609742699999,99580943.05434,23609,1318.621,43921415.00543,0
1609742700000,33175.00,33318.21,33050.76,33265.89,3638.101,1609743599999,120616014.87469,24853,1800.481,59708929.88319,0
1609743600000,33265.89,33311.96,32855.57,32905.40,4524.315,1609744499999,149403766.55467,34159,2039.053,67323016.71403,0
1609744500000,32906.00,32982.51,31692.10,32433.00,22095.734,1609745399999,713279983.84514,120732,9777.946,315622743.40926,0
1609745400000,32433.00,32602.34,32053.00,32092.20,7598.044,1609746299999,245871956.34948,49695,3694.750,119632455.61402,0
1609746300000,32090.02,32300.00,31920.42,32186.58,5958.103,1609747199999,191275667.93648,42386,3084.646,99059827.75437,0
1609747200000,32187.38,32642.70,32180.83,32479.95,6977.276,1609748099999,226251018.23712,49362,3690.493,119675342.49609,0
1609748100000,32479.95,32545.16,32150.31,32235.09,3547.539,1609748999999,114704339.10074,27964,1553.138,50234178.79806,0
1609749000000,32235.09,32369.68,31844.00,31844.58,5407.533,1609749899999,173421346.94521,41589,2397.985,76957140.68444,0
1609749900000,31844.59,32173.14,31546.00,32129.54,9289.790,1609750799999,295990523.46488,59714,4211.462,134269108.06585,0
1609750800000,32131.93,32247.75,31720.00,31807.96,5007.376,1609751699999,160245880.28724,36001,2161.949,69237161.79879,0
1609751700000,31807.96,32069.12,31600.00,31693.75,5572.844,1609752599999,177349165.33892,40472,2668.052,84939571.49097,0
1609752600000,31693.18,31693.20,30400.00,31154.13,26060.256,1609753499999,812379577.97332,135100,9760.736,304217438.67427,0
1609753500000,31153.64,31432.00,30878.17,31179.96,10007.136,1609754399999,311752934.92638,57020,4690.100,146145591.81417,0
1609754400000,31179.96,31341.81,29657.99,29789.00,14133.839,1609755299999,433242721.06063,76392,5183.195,159390889.60113,0
1609755300000,29789.00,29796.42,27800.00,29105.21,39745.738,1609756199999,1148219075.58821,242511,18707.776,540879577.83575,0
1609756200000,29111.87,29774.67,28851.32,29774.67,12509.939,1609757099999,367478572.94811,84227,6746.500,198218191.40971,0
1609757100000,29774.67,30442.59,29716.53,30279.53,12104.663,1609757999999,365154703.68714,81120,5988.629,180687868.46289,0
1609758000000,30279.43,30550.99,29450.00,29960.40,12855.889,1609758899999,385479138.97734,76939,5889.049,176642518.34966,0
1609758900000,29957.86,30364.38,29615.72,30247.03,8486.968,1609759799999,255146069.17761,54859,4189.888,125989142.86796,0
1609759800000,30247.03,30297.59,29910.48,30277.84,5126.012,1609760699999,154263985.62319,38001,2539.854,76454517.86046,0
1609760700000,30278.49,30930.00,30105.05,30760.39,8678.711,1609761599999,265324981.68860,56208,4891.130,149589454.41782,0
1609761600000,30757.33,30950.00,30472.48,30936.88,6930.821,1609762499999,212744985.78681,47068,3456.394,106158255.69392,0
1609762500000,30936.88,31225.00,30780.92,31039.62,8878.007,1609763399999,275251900.85269,56807,4718.834,146319652.74868,0
1609763400000,31043.06,31300.00,30872.73,31267.30,5739.084,1609764299999,178787494.31721,41120,3123.000,97307363.35487,0
1609764300000,31267.30,31441.68,30980.00,31225.59,5747.554,1609765199999,179394158.97969,43808,2738.009,85492046.33635,0
1609765200000,31230.48,31237.00,30837.19,30953.13,5335.479,1609766099999,165323071.11349,40598,2253.125,69810120.46739,0
1609766100000,30954.07,31211.00,30620.00,31177.06,6549.178,1609766999999,202175850.67795,45931,3192.782,98619458.38897,0
1609767000000,31177.06,31290.00,30940.44,31009.90,3641.949,1609767899999,113329673.63640,27157,1632.648,50826935.85436,0
1609767900000,31009.89,31425.60,30837.19,31424.22,4413.410,1609768799999,137431676.45063,32675,2492.422,77649639.33669,0
1609768800000,31424.18,31846.99,31403.58,31582.76,7558.593,1609769699999,239317383.52969,59471,4082.912,129288982.16529,0
1609769700000,31582.77,31814.00,31579.00,31751.01,3625.566,1609770599999,114897211.06762,27511,1930.564,61192124.60218,0
1609770600000,31751.00,31945.46,31650.00,31936.64,5527.431,1609771499999,175826592.81693,37918,2719.948,86555373.51478,0
1609771500000,31941.64,32135.00,31783.72,32107.19,5941.793,1609772399999,189970324.35713,40872,3136.108,100296630.81759,0
1609772400000,32107.15,32190.01,31800.02,31828.73,8449.989,1609773299999,270687873.03120,48298,4072.743,130546010.54846,0
1609773300000,31828.72,32060.61,31688.00,32044.53,4272.448,1609774199999,136112007.95914,30371,2012.010,64149863.30936,0
1609774200000,32048.20,32048.20,31720.00,31845.70,3274.729,1609775099999,104265084.72478,25131,1455.625,46341417.62272,0
1609775100000,31847.07,31847.08,31558.18,31758.38,4478.372,1609775999999,141880107.90218,30731,2048.544,64909369.68426,0
1609776000000,31755.02,31940.00,31172.10,31280.60,11463.183,1609776899999,361297264.37392,67768,5334.314,168266632.54019,0
1609776900000,31283.27,31487.74,30825.00,31134.52,9148.632,1609777799999,284570642.72494,58677,4346.862,135244022.29655,0
1609777800000,31137.45,31244.00,30761.00,31200.30,6995.539,1609778699999,216751446.70507,45758,3481.590,107928795.14722,0
1609778700000,31201.71,31453.38,31081.80,31341.04,5193.986,1609779599999,162588215.40077,30979,2848.099,89166991.67686,0
1609779600000,31341.03,31552.00,30999.14,31028.15,4599.102,1609780499999,144150497.17284,32626,2015.360,63219097.05483,0
1609780500000,31026.00,31329.00,30924.48,31047.31,4750.498,1609781399999,147738906.82446,32840,2426.191,75466214.28404,0
1609781400000,31038.48,31134.56,30817.18,30853.99,3588.852,1609782299999,111195270.72254,28123,1724.549,53441758.19174,0
1609782300000,30856.72,31120.00,30661.66,31063.98,4492.891,1609783199999,138626012.58863,34510,2224.461,68670096.94506,0
1609783200000,31063.98,31333.00,31051.94,31219.47,3204.392,1609784099999,100064449.85118,24649,1569.805,49019617.33514,0
1609784100000,31219.48,31490.79,31050.00,31480.55,3568.556,1609784999999,111486901.82853,25913,1981.534,61943904.79417,0
1609785000000,31480.56,31500.00,31285.37,31349.03,2121.665,1609785899999,66562197.80352,18256,1083.943,34003297.60472,0
1609785900000,31349.02,31400.00,31127.00,31195.83,2063.852,1609786799999,64447946.81218,18355,987.019,30827603.63419,0
1609786800000,31195.83,31372.69,31132.74,31154.67,2158.456,1609787699999,67475084.90982,15845,1031.929,32255029.28326,0
1609787700000,31154.68,31500.00,31119.94,31429.83,2227.912,1609788599999,69809441.44254,17868,1165.577,36533354.53160,0
1609788600000,31434.30,31914.36,31428.07,31714.04,4292.077,1609789499999,136093145.44041,33084,2364.755,74973534.13628,0
1609789500000,31714.76,31762.29,31615.53,31689.27,2083.029,1609790399999,66019128.28241,18886,1008.211,31957556.78538,0
1609790400000,31691.15,31863.98,31500.00,31579.24,3256.784,1609791299999,103036511.74174,23818,1493.444,47274874.19959,0
1609791300000,31579.25,31692.53,31375.00,31414.64,2822.093,1609792199999,88950098.66413,22100,1299.996,40984337.52445,0
1609792200000,31417.82,31526.61,31310.00,31406.69,1702.556,1609793099999,53519311.03175,14954,787.668,24769432.34895,0
1609793100000,31406.69,31515.39,31240.00,31277.46,2155.738,1609793999999,67651588.32656,17350,1038.098,32594593.11064,0
1609794000000,31277.47,31615.57,31277.47,31611.63,1898.997,1609794899999,59707515.44059,15863,1163.271,36586154.20227,0
1609794900000,31608.55,31608.55,31059.90,31125.26,3344.889,1609795799999,104655078.24521,23106,1406.352,43991650.14547,0
1609795800000,31126.62,31217.86,30900.00,30934.57,3356.715,1609796699999,104130491.39079,25288,1630.653,50594409.68554,0
1609796700000,30934.58,31147.66,30900.00,31048.19,2154.375,1609797599999,66821225.92747,18273,1183.574,36722269.50729,0
1609797600000,31048.19,31255.33,30998.76,31230.02,1324.710,1609798499999,41215009.49485,13145,744.234,23165518.00028,0
1609798500000,31230.03,31372.00,31209.38,31351.89,1376.881,1609799399999,43093782.07872,13511,694.153,21729926.25459,0
1609799400000,31351.89,31500.00,31270.52,31499.99,1094.895,1609800299999,34354109.56498,12421,568.241,17834802.59854,0
1609800300000,31500.00,31520.00,31350.00,31366.58,1316.940,1609801199999,41373410.90266,12768,588.705,18499318.73979,0
1609801200000,31366.58,31434.00,31234.17,31331.97,1868.492,1609802099999,58497836.86488,13876,827.241,25904252.15837,0
1609802100000,31330.05,31890.40,31200.00,31800.00,4029.108,1609802999999,127112455.23807,25588,2232.631,70492193.52771,0
1609803000000,31799.99,32000.00,31624.30,31932.22,5860.353,1609803899999,186596970.78066,36531,3066.236,97679785.99804,0
1609803900000,31932.22,32075.19,31850.00,32031.07,3914.210,1609804799999,125220557.26405,25940,2193.094,70181870.87400,0
1609804800000,32029.55,32564.90,32026.31,32555.30,7390.091,1609805699999,238857013.92546,45428,4444.436,143655263.26444,0
1609805700000,32555.29,32562.96,32257.91,32369.35,4236.336,1609806599999,137230647.97704,28827,1727.374,55962773.48724,0
1609806600000,32372.59,32900.00,32327.38,32859.76,6940.048,1609807499999,227002678.69332,42218,3873.567,126718207.20299,0
1609807500000,32859.76,32895.98,32375.46,32496.46,6218.092,1609808399999,202683831.69590,34020,2741.919,89403479.68301,0
1609808400000,32500.00,32680.12,32369.03,32524.09,3901.323,1609809299999,126915365.69070,25941,1856.792,60421270.15756,0
1609809300000,32524.09,32610.54,32317.91,32596.84,3101.347,1609810199999,100685420.41825,21477,1583.992,51449579.36743,0
1609810200000,32597.58,32768.87,32543.12,32578.44,3113.462,1609811099999,101688503.26517,24765,1594.316,52081828.05415,0
1609811100000,32578.45,32847.26,32481.38,32837.22,2529.080,1609811999999,82637009.71672,22003,1355.812,44320211.98308,0
1609812000000,32837.23,32880.76,32675.00,32736.27,1929.807,1609812899999,63256732.94437,18480,915.981,30029483.74167,0
1609812900000,32733.66,32843.00,32467.19,32555.10,2343.548,1609813799999,76443359.08648,19350,1086.824,35462720.36982,0
1609813800000,32555.10,32574.03,32309.01,32345.52,2538.348,1609814699999,82297860.19418,20888,979.386,31759980.64025,0
1609814700000,32345.06,32515.50,32267.35,32358.11,2180.285,1609815599999,70631617.91865,17816,994.461,32230637.41966,0
1609815600000,32358.11,32593.41,32355.00,32498.28,1714.816,1609816499999,55704495.53355,15475,989.153,32137238.15308,0
1609816500000,32495.41,32528.49,31846.84,31928.00,5284.009,1609817399999,169778893.07991,34851,1949.518,62620661.11820,0
1609817400000,31927.99,32150.00,31612.01,31774.43,6702.270,1609818299999,213835255.40047,38464,2952.183,94242877.89214,0
1609818300000,31772.13,31800.03,31155.17,31217.58,11112.617,1609819199999,349324797.80628,66536,4632.210,145659360.99794,0
1609819200000,31218.96,31575.46,30711.00,30735.68,8947.899,1609820099999,278548687.64029,62090,4272.699,133084631.76568,0
1609820100000,30728.37,31492.81,30425.00,31282.03,10772.951,1609820999999,333699967.21069,68199,6028.053,186924580.00093,0
1609821000000,31289.92,31555.55,31126.19,31430.00,5804.521,1609821899999,181998010.27408,34868,3189.742,100044827.60592,0
1609821900000,31430.00,31500.00,30840.12,30891.77,5276.775,1609822799999,164488958.46047,33724,2233.233,69617638.64478,0
1609822800000,30891.76,31401.45,30869.99,31100.00,6182.150,1609823699999,192878890.19488,40503,3372.517,105201242.63936,0
1609823700000,31100.00,31199.98,30666.42,30998.01,6409.323,1609824599999,198366003.11849,39806,2967.620,91906281.93995,0
1609824600000,30998.00,31272.59,30817.18,30882.96,5245.732,1609825499999,162972575.40681,31371,2615.124,81269071.48999,0
1609825500000,30882.99,30938.25,30004.09,30460.81,15337.947,1609826399999,466210006.78734,89423,6937.281,210888023.17740,0
1609826400000,30460.80,30650.00,29900.00,30051.27,10880.009,1609827299999,329729207.38744,65925,5286.333,160283456.23799,0
1609827300000,30050.01,30590.00,30050.00,30565.92,6285.086,1609828199999,190955754.21224,40168,3095.224,94032337.66273,0
1609828200000,30565.60,31117.44,30538.38,30934.85,7416.137,1609829099999,229377074.38768,48483,4122.019,127459634.76740,0
1609829100000,30934.85,31287.00,30921.56,31136.47,3812.780,1609829999999,118804242.02505,27125,2088.354,65068648.51823,0
1609830000000,31134.44,31341.00,31014.09,31134.61,3701.868,1609830899999,115310327.01835,24620,1698.193,52914259.63545,0
1609830900000,31134.62,31300.00,30920.26,31127.76,2700.063,1609831799999,83916441.61621,19365,1188.112,36927730.94835,0
1609831800000,31127.00,31132.75,30874.22,31106.66,2630.968,1609832699999,81538958.72826,21478,1121.612,34769347.85442,0
1609832700000,31106.66,31111.61,30780.00,30844.23,2457.852,1609833599999,75965607.05167,20029,999.952,30907386.13532,0
1609833600000,30844.25,31486.06,30840.00,31398.04,5551.718,1609834499999,173251807.13819,38036,3341.882,104311185.24245,0
1609834500000,31399.87,31549.90,31240.00,31240.00,3614.648,1609835399999,113455139.30503,27986,1793.484,56309921.01413,0
1609835400000,31240.00,31357.19,31050.00,31050.00,2683.833,1609836299999,83755279.40460,20899,1227.524,38325053.59936,0
1609836300000,31054.36,31238.07,31050.00,31224.10,2460.763,1609837199999,76641053.97989,18371,1337.134,41648890.13183,0
1609837200000,31223.45,31435.00,31188.20,31359.98,3071.034,1609838099999,96214623.60352,22039,1636.269,51276090.85771,0
1609838100000,31358.48,31500.00,31346.92,31496.64,2103.405,1609838999999,66089618.61699,18348,1108.690,34842217.56210,0
1609839000000,31498.00,31847.77,31482.65,31819.83,4892.432,1609839899999,154898366.63424,33162,2864.848,90715785.36344,0
1609839900000,31824.68,31850.00,31505.50,31604.61,2796.812,1609840799999,88570347.20734,24142,1330.036,42132644.14609,0
1609840800000,31603.68,31719.93,31457.66,31525.41,2638.961,1609841699999,83265855.58379,22363,1263.571,39883621.36946,0
1609841700000,31525.32,31694.00,31518.29,31607.40,1627.003,1609842599999,51454212.92290,14091,863.325,27304240.53071,0
1609842600000,31607.41,31607.41,31150.00,31268.07,5040.816,1609843499999,157817015.03018,33053,2204.968,69032389.80968,0
1609843500000,31264.49,31475.25,31120.00,31382.84,3046.474,1609844399999,95381503.61003,22088,1537.515,48154227.72630,0
1609844400000,31382.85,31588.41,31350.00,31451.00,2358.817,1609845299999,74197877.57015,18271,1130.216,35563746.08586,0
1609845300000,31451.00,31492.81,31313.00,31431.72,1668.670,1609846199999,52386614.29246,15693,774.473,24318205.12659,0
1609846200000,31431.72,31728.67,31374.45,31708.71,2964.316,1609847099999,93701334.53890,22590,1601.470,50625781.35928,0
1609847100000,31708.71,31824.53,31595.91,31824.53,2291.515,1609847999999,72677578.97294,20143,1244.121,39472740.62928,0
1609848000000,31816.47,32033.00,31700.00,31885.27,5263.164,1609848899999,167857851.07219,40380,2693.421,85915697.17058,0
1609848900000,31884.71,32100.00,31750.96,31828.26,4812.921,1609849799999,153670307.99314,32487,2525.095,80622046.29780,0
1609849800000,31832.18,31887.26,31709.87,31811.69,2333.384,1609850699999,74174435.65430,18244,1060.117,33704169.36958,0
1609850700000,31811.68,31945.72,31589.92,31618.00,3429.260,1609851599999,108890092.52728,21390,1351.758,42945241.64749,0
1609851600000,31618.00,31890.27,31618.00,31872.98,2018.084,1609852499999,64057613.30798,17320,1082.529,34367183.75758,0
1609852500000,31872.97,31935.55,31693.55,31733.26,1569.443,1609853399999,49901336.17096,14336,792.328,25195632.12758,0
1609853400000,31733.26,31843.66,31609.32,31843.66,1864.172,1609854299999,59126903.54735,15873,909.957,28866512.96877,0
1609854300000,31843.66,31845.00,31451.00,31488.97,2749.426,1609855199999,87010337.81690,21513,1133.655,35888601.17475,0
1609855200000,31498.73,31548.39,31142.74,31407.90,6620.851,1609856099999,207372244.42969,44802,2912.656,91237393.63348,0
1609856100000,31407.89,31574.80,31315.32,31544.01,3037.385,1609856999999,95522107.61759,23378,1538.602,48405703.74856,0
1609857000000,31547.32,31998.55,31460.78,31975.44,4661.373,1609857899999,147841764.47302,35213,2573.864,81673094.64563,0
1609857900000,31975.44,32450.05,31879.81,32399.95,9026.354,1609858799999,290079508.18081,58991,4679.371,150444694.92576,0
1609858800000,32402.11,32422.00,32055.73,32125.48,5041.445,1609859699999,162527757.91886,36300,1902.646,61364518.51908,0
1609859700000,32125.49,32358.47,32115.88,32192.22,2961.065,1609860599999,95386316.20041,23584,1450.734,46738606.37322,0
1609860600000,32192.21,32192.21,31964.27,31990.59,3011.339,1609861499999,96571660.02801,24680,1219.369,39111806.67240,0
1609861500000,31990.60,32170.15,31982.52,32133.79,1954.062,1609862399999,62701393.65652,16362,1093.939,35106140.72010,0
1609862400000,32130.05,32292.92,31802.25,32242.62,6201.125,1609863299999,198776510.15025,42497,3091.038,99136751.42133,0
1609863300000,32244.23,32743.31,32244.21,32545.01,8222.010,1609864199999,267576924.91448,53006,4384.260,142673916.68647,0
1609864200000,32545.01,32676.00,32357.39,32523.94,4540.569,1609865099999,147571350.51818,31705,2159.521,70222060.54342,0
1609865100000,32523.93,32566.56,32365.00,32518.32,2844.699,1609865999999,92343601.69292,21689,1545.878,50195866.38763,0
1609866000000,32518.32,32684.02,32451.00,32460.50,2583.126,1609866899999,84164861.34035,24636,1251.476,40787891.03809,0
1609866900000,32458.84,32500.00,32311.65,32350.00,2292.711,1609867799999,74326652.14230,20672,1128.577,36596606.94831,0
1609867800000,32348.78,32502.20,32290.61,32459.27,2463.398,1609868699999,79814848.54848,20031,1220.448,39558313.81430,0
1609868700000,32459.27,32858.00,32455.00,32793.80,4077.696,1609869599999,133293507.19527,31819,2306.178,75399525.56411,0
1609869600000,32793.79,33250.00,32694.77,33197.82,8413.674,1609870499999,277339972.59141,59483,4658.887,153627834.43240,0
1609870500000,33197.83,33277.49,32967.57,33114.48,5989.764,1609871399999,198327615.92042,40995,2801.505,92789499.86827,0
1609871400000,33114.48,33390.00,32960.00,33356.48,4292.922,1609872299999,142498676.40622,33351,2443.746,81149410.50085,0
1609872300000,33356.49,33488.00,33277.77,33411.50,5088.994,1609873199999,169937335.66228,37719,2609.837,87174471.24110,0
1609873200000,33411.50,33575.00,33146.63,33548.01,6651.816,1609874099999,222190223.57220,48835,3138.679,104891689.40669,0
1609874100000,33550.00,34005.48,33500.00,33879.11,8125.683,1609874999999,274095459.98812,57925,4541.069,153240019.75552,0
1609875000000,33879.10,34300.00,33670.00,33792.00,11486.917,1609875899999,390361333.67304,81275,5715.614,194256739.82315,0
1609875900000,33791.99,34155.00,33724.01,33747.00,5162.772,1609876799999,175065185.31873,41474,2522.021,85554614.44383,0
1609876800000,33747.00,33797.43,33405.00,33593.42,6963.604,1609877699999,233952362.63738,49190,3248.015,109171211.56793,0
1609877700000,33589.45,33840.85,33466.01,33835.99,3027.989,1609878599999,101936862.85481,25729,1527.732,51443718.71576,0
1609878600000,33835.98,34035.59,33690.00,33918.86,4217.751,1609879499999,142823992.14781,32572,2191.484,74225471.96405,0
1609879500000,33918.86,34103.22,33757.51,34017.00,4043.910,1609880399999,137217890.18226,34464,2006.871,68109661.74631,0
1609880400000,34017.01,34042.45,33715.00,33866.00,2825.842,1609881299999,95697285.94874,27326,1409.300,47723068.68596,0
1609881300000,33866.00,33984.01,33764.67,33900.61,2745.668,1609882199999,93022052.19622,19230,1239.105,41985706.86773,0
1609882200000,33900.29,34060.00,33846.57,33855.62,2778.692,1609883099999,94324476.18457,21559,1397.559,47449455.92779,0
1609883100000,33855.63,33859.99,33505.27,33744.79,4226.066,1609883999999,142285234.48325,30103,1994.578,67160741.14086,0
1609884000000,33742.93,34223.47,33738.66,34135.03,4546.106,1609884899999,154711002.24996,35374,2437.064,82931284.57128,0
1609884900000,34135.03,34450.00,34127.98,34215.00,5300.334,1609885799999,181800249.11194,40309,2568.221,88124400.05320,0
1609885800000,34215.00,34500.00,34149.00,34465.75,3492.172,1609886699999,120048145.22111,28519,2007.385,69001300.61600,0
1609886700000,34465.74,34483.00,34214.38,34261.16,3058.949,1609887599999,105029686.22439,24967,1399.608,48072967.18026,0
1609887600000,34261.20,34358.10,34000.00,34108.11,3219.690,1609888499999,109968955.13250,25703,1350.612,46146959.92599,0
1609888500000,34108.09,34130.00,33718.50,33890.20,5192.283,1609889399999,175966413.26763,35319,2322.919,78720181.50576,0
1609889400000,33890.20,34031.11,33881.75,33925.15,2241.660,1609890299999,76097477.11090,17599,1194.193,40540290.00330,0
1609890300000,33924.53,34114.00,33741.97,33999.52,3139.756,1609891199999,106603260.09130,22221,1530.143,51969469.62744,0
1609891200000,33999.51,34164.20,33522.04,33863.63,5853.145,1609892099999,198054817.54479,39611,2608.725,88293072.42381,0
1609892100000,33863.62,33863.62,33356.46,33678.61,7930.656,1609892999999,266198522.36159,46387,3314.996,111293713.81041,0
1609893000000,33678.61,33937.63,33666.00,33858.60,3383.178,1609893899999,114381941.32481,23464,1855.630,62741089.16548,0
1609893900000,33858.59,34085.71,33770.80,33962.70,2377.238,1609894799999,80711287.97667,19055,1175.842,39937031.38071,0
1609894800000,33962.70,34060.00,33822.62,33945.87,2110.846,1609895699999,71625116.71383,17079,1064.199,36119204.05459,0
1609895700000,33942.52,34049.98,33728.32,33776.00,2321.761,1609896599999,78661206.37835,17806,878.578,29763572.09694,0
1609896600000,33775.99,33795.89,33555.91,33714.84,3050.722,1609897499999,102764920.04512,23071,1397.760,47086315.02689,0
1609897500000,33707.33,33921.72,33599.65,33863.93,2179.242,1609898399999,73595914.05771,17290,1029.887,34786335.50442,0
1609898400000,33863.93,34118.49,33859.38,34055.02,2591.440,1609899299999,88173742.77292,19835,1377.961,46883118.57596,0
1609899300000,34055.02,34187.56,33795.00,33955.28,4415.013,1609900199999,150114080.77483,25633,1988.363,67636764.51315,0
1609900200000,33955.29,34155.47,33885.46,34025.58,1949.692,1609901099999,66399685.90526,16816,1016.334,34620221.45419,0
1609901100000,34025.58,34168.71,33857.28,33920.64,2429.333,1609901999999,82560069.15000,17582,1084.767,36865210.04197,0
1609902000000,33914.96,34084.37,33785.00,33918.85,2099.612,1609902899999,71233136.84209,18537,1107.660,37592017.42773,0
1609902900000,33918.84,33921.12,33711.98,33765.28,1835.248,1609903799999,62036667.78427,15414,843.658,28524037.82847,0
1609903800000,33763.83,33980.90,33683.38,33766.08,2348.112,1609904699999,79488678.06092,17534,954.642,32326909.53209,0
1609904700000,33766.08,34244.66,33766.08,34182.50,4350.783,1609905599999,148122599.17993,30764,2690.738,91622029.14901,0
1609905600000,34182.50,34735.00,34173.20,34691.00,6881.870,1609906499999,237232425.75759,54015,3781.925,130392919.07670,0
1609906500000,34693.05,35948.66,34566.28,35632.70,22745.709,1609907399999,800509453.32311,127716,12763.975,449528883.22692,0
1609907400000,35632.61,35893.35,35114.53,35314.15,14041.179,1609908299999,497054969.79077,87624,6766.038,239560942.09771,0
1609908300000,35314.15,35650.00,35101.87,35470.73,7320.999,1609909199999,258971004.82606,52007,3506.433,124084229.27324,0
1609909200000,35470.73,35716.25,35274.05,35360.00,4822.244,1609910099999,170920841.06012,39163,2327.916,82556135.23291,0
1609910100000,35359.97,35442.23,35118.18,35240.61,5508.827,1609910999999,194265820.00510,35972,2580.793,91046328.22559,0
1609911000000,35240.61,35368.80,34758.00,34794.99,7048.529,1609911899999,246820020.79373,50164,2911.826,101989185.35955,0
1609911900000,34791.97,35088.00,34611.25,35069.72,5569.047,1609912799999,194267513.78474,40469,2834.586,98945173.92053,0
1609912800000,35069.73,35255.97,34922.37,35191.51,3228.371,1609913699999,113395242.93712,26223,1875.384,65886609.56582,0
1609913700000,35191.50,35338.70,35048.45,35218.26,3093.042,1609914599999,108940500.68820,25035,1511.174,53242247.44511,0
1609914600000,35218.26,35230.06,34869.35,34989.49,2962.977,1609915499999,103788185.41083,24674,1259.418,44116348.56833,0
1609915500000,34989.49,35343.00,34958.00,35240.96,2551.774,1609916399999,89781430.16956,22098,1513.485,53247089.14678,0
1609916400000,35240.97,35399.99,35062.23,35100.00,2810.066,1609917299999,98916837.02981,24949,1239.467,43632555.02202,0
1609917300000,35103.78,35139.87,34900.00,35088.49,2498.309,1609918199999,87471908.46494,21311,1232.728,43169512.17358,0
1609918200000,35088.49,35099.50,34777.00,34908.22,2712.409,1609919099999,94699661.04195,23949,1157.489,40413107.30378,0
1609919100000,34906.73,34922.92,34400.00,34718.61,7673.363,1609919999999,265714436.54998,56993,3559.079,123247572.41635,0
1609920000000,34716.88,35060.73,34714.50,34737.34,5527.106,1609920899999,193019783.10999,38170,2987.081,104323846.64388,0
1609920900000,34737.33,34753.99,34200.00,34240.88,6714.861,1609921799999,231968117.85646,44974,2889.071,99869149.50123,0
1609921800000,34240.85,34580.00,34037.29,34528.94,6396.141,1609922699999,219848085.19791,47023,3176.753,109232916.71555,0
1609922700000,34528.94,34680.00,34452.18,34660.70,2409.492,1609923599999,83365424.13924,20906,1210.397,41886304.05995,0
1609923600000,34660.70,34666.45,33766.39,34094.61,8887.435,1609924499999,303648694.23901,59122,3884.455,132703735.16018,0
1609924500000,34094.61,34156.00,33650.00,34001.53,10032.724,1609925399999,339954568.81414,65313,5011.818,169860252.39158,0
1609925400000,34001.54,34182.98,33900.00,34134.50,3274.187,1609926299999,111491785.19928,26969,1677.120,57123286.12729,0
1609926300000,34134.51,34226.08,33935.78,33985.94,2872.362,1609927199999,97915370.27492,22639,1285.029,43821213.41810,0
1609927200000,33986.65,34442.86,33900.00,34358.01,3996.974,1609928099999,136891533.74491,31123,2332.065,79893241.67476,0
1609928100000,34358.01,34448.77,34240.00,34266.36,2473.106,1609928999999,84917241.51775,21597,1390.245,47746682.00999,0
1609929000000,34266.36,34524.72,34246.97,34419.99,2303.208,1609929899999,79302145.91551,19881,1299.021,44729057.59970,0
1609929900000,34420.00,34600.00,34412.50,34462.55,2648.505,1609930799999,91434568.58798,20789,1558.480,53803211.33704,0
1609930800000,34462.54,35075.55,34380.65,35041.67,6381.116,1609931699999,222260460.63771,49902,3571.378,124395006.19550,0
1609931700000,35043.38,35350.00,34761.70,34812.73,7838.077,1609932599999,274909531.58816,56533,3644.855,127923289.84530,0
1609932600000,34812.73,34980.00,34773.82,34868.26,2331.387,1609933499999,81357861.08784,23874,1205.074,42057734.38047,0
1609933500000,34868.26,35079.75,34606.37,34994.66,4499.654,1609934399999,156805153.80336,35675,2122.252,73994144.23150,0
1609934400000,34994.67,35178.89,34761.86,35057.18,3810.749,1609935299999,133123417.99305,32269,1921.475,67151563.82363,0
1609935300000,35057.19,35074.76,34800.29,34960.38,2092.443,1609936199999,73087938.46159,20916,970.458,33902305.08191,0
1609936200000,34960.39,34960.39,34604.50,34688.68,3478.126,1609937099999,120781332.91726,26957,1515.281,52624719.59026,0
1609937100000,34688.69,35040.55,34495.57,35024.99,5184.047,1609937999999,180369530.15867,34802,2876.622,100167619.41583,0
1609938000000,35024.99,35195.53,34612.42,34636.99,4273.225,1609938899999,149144595.72119,34576,1977.227,69052699.29795,0
1609938900000,34636.71,34780.00,34511.01,34627.33,2660.528,1609939799999,92228685.01388,25369,1434.672,49746710.60469,0
1609939800000,34624.97,34725.00,34350.00,34513.65,3756.699,1609940699999,129751572.86849,31257,1799.510,62170354.10462,0
1609940700000,34513.86,34661.99,34370.02,34626.09,2263.467,1609941599999,78154024.00791,22454,1119.960,38680167.64866,0
1609941600000,34632.27,34632.27,34113.48,34180.00,4122.875,1609942499999,141474199.74105,40088,1867.072,64078096.11818,0
1609942500000,34180.00,34459.39,34133.50,34458.99,3308.641,1609943399999,113501403.63225,32016,1969.452,67580980.02975,0
1609943400000,34458.98,34650.00,34281.00,34577.89,2684.665,1609944299999,92622413.36744,25731,1636.550,56490617.19584,0
1609944300000,34577.93,34597.49,34163.01,34242.47,3098.082,1609945199999,106449677.11312,27465,1348.026,46316952.13576,0
1609945200000,34242.48,34600.00,34170.01,34590.63,2678.468,1609946099999,92114657.96877,23660,1459.231,50188326.39605,0
1609946100000,34590.62,34820.85,34578.44,34695.00,3458.507,1609946999999,120022612.26232,26712,1880.411,65267614.06217,0
1609947000000,34699.99,34854.04,34660.38,34774.56,2553.333,1609947899999,88771317.78608,18937,1309.427,45531592.05821,0
1609947900000,34774.56,34774.56,34479.43,34606.40,2798.343,1609948799999,96771993.71995,21979,1160.991,40148162.37979,0
1609948800000,34606.39,35142.02,34589.72,34989.49,6348.795,1609949699999,221794241.54043,49389,3421.715,119521800.08446,0
1609949700000,34992.34,35057.69,34800.11,34839.96,3122.437,1609950599999,109040021.65243,27150,1550.741,54178762.58175,0
1609950600000,34841.47,35060.00,34657.98,34770.00,4110.713,1609951499999,143381762.98835,32190,1960.975,68433709.26577,0
1609951500000,34770.00,34837.09,34371.33,34651.04,5378.279,1609952399999,185888838.93449,37547,2285.594,79014408.82431,0
1609952400000,34651.03,34883.03,34575.38,34843.98,2741.797,1609953299999,95320337.30836,24283,1453.389,50546024.25382,0
1609953300000,34843.96,35017.43,34680.75,34969.99,2475.999,1609954199999,86334350.49575,22729,1249.768,43592621.90401,0
1609954200000,34969.99,35124.99,34915.91,35104.91,2839.655,1609955099999,99446945.27595,27480,1459.948,51146653.91514,0
1609955100000,35107.20,35111.49,34875.38,34961.62,1949.231,1609955999999,68171983.35712,20360,839.746,29370073.14257,0
1609956000000,34961.61,35230.00,34956.71,35219.01,4646.976,1609956899999,163464515.16382,32396,3009.840,105877232.75462,0
1609956900000,35219.01,35219.01,34968.38,35014.56,2856.444,1609957799999,100243864.00081,24724,1160.917,40746823.08408,0
1609957800000,35014.56,35235.00,34968.38,35225.93,2640.809,1609958699999,92844462.86645,20889,1496.838,52634801.86500,0
1609958700000,35225.93,35250.00,35105.49,35247.26,2389.429,1609959599999,84134333.61059,18104,1429.156,50335690.42093,0
1609959600000,35248.99,35687.00,35170.00,35616.33,6540.615,1609960499999,232038590.30681,47596,4132.213,146511736.96674,0
1609960500000,35616.34,35742.93,35480.00,35665.01,3616.251,1609961399999,128874309.98644,32164,1945.851,69373264.95899,0
1609961400000,35666.34,35749.67,35374.01,35644.44,4410.869,1609962299999,156809668.26663,34338,2158.970,76765182.31865,0
1609962300000,35644.22,35645.50,34685.00,34861.70,6809.884,1609963199999,239393828.99684,46757,2628.207,92342361.66648,0
1609963200000,34861.71,35166.71,34345.00,34365.96,13870.839,1609964099999,479874990.20382,89893,6305.500,218294357.61008,0
1609964100000,34365.96,35411.13,34330.00,35250.20,11344.683,1609964999999,395738049.43986,74269,5722.608,199675356.11335,0
1609965000000,35250.20,35538.00,35148.10,35420.80,6020.043,1609965899999,212735845.56546,45208,2641.922,93430858.32267,0
1609965900000,35418.19,36377.95,35410.00,36131.01,15336.337,1609966799999,552155781.94223,121029,8327.607,299752362.60799,0
1609966800000,36131.02,36674.97,35850.18,36400.01,10634.326,1609967699999,385053352.72456,75461,5395.844,195502786.57903,0
1609967700000,36400.01,36530.00,35909.93,36070.01,6773.524,1609968599999,245237943.91269,49095,3147.796,113976127.16615,0
1609968600000,36070.01,36362.01,35911.99,36019.59,4334.606,1609969499999,156534792.37894,31975,2068.944,74742695.32745,0
1609969500000,36022.90,36110.80,35700.06,35924.05,4094.654,1609970399999,147120214.92728,32678,1794.984,64506996.00583,0
1609970400000,35921.59,36164.48,35729.05,36123.57,2314.811,1609971299999,83330541.98192,24910,1208.833,43536016.09761,0
1609971300000,36123.57,36340.81,36080.87,36314.34,2117.600,1609972199999,76679392.18743,20653,1178.705,42689642.45193,0
1609972200000,36315.00,36438.20,36077.27,36266.32,2426.275,1609973099999,87936209.44629,23707,1218.528,44181567.35653,0
1609973100000,36266.31,36344.40,36009.00,36053.01,1938.030,1609973999999,70107622.17446,18304,666.921,24120093.69776,0
1609974000000,36053.00,36478.58,36009.61,36323.41,3220.443,1609974899999,116993175.22918,26744,1699.760,61736181.35381,0
1609974900000,36323.41,36513.93,36169.99,36272.96,2548.244,1609975799999,92594596.51518,23044,1328.417,48270827.69995,0
1609975800000,36275.74,36800.00,36252.00,36769.89,4421.820,1609976699999,161595281.21521,33028,2507.231,91634345.82150,0
1609976700000,36766.85,37037.51,36622.96,36823.68,6242.143,1609977599999,230013870.61579,47768,3136.505,115628590.79415,0
1609977600000,36825.77,37200.00,36581.32,36695.20,8778.973,1609978499999,323857899.81319,62172,4234.455,156270703.16963,0
1609978500000,36695.20,37140.16,36500.00,37085.12,4704.612,1609979399999,173163448.00168,36044,2545.869,93746146.59439,0
1609979400000,37085.12,37440.00,37080.21,37277.27,6476.134,1609980299999,241282222.82645,49221,3230.937,120407214.69647,0
1609980300000,37271.47,37302.45,36927.29,37225.11,4044.889,1609981199999,150105605.91147,29506,1990.447,73884111.55429,0
1609981200000,37225.12,37321.80,36975.00,36988.61,3609.078,1609982099999,134034160.78116,31270,1827.436,67884419.86337,0
1609982100000,36986.04,37196.18,36860.45,36999.93,4027.942,1609982999999,149107348.63336,31349,1866.382,69116152.47635,0
1609983000000,36999.92,37085.18,36747.16,36944.77,2750.402,1609983899999,101555671.23256,22637,1283.286,47396798.15488,0
1609983900000,36946.01,37009.45,36722.02,36975.46,2269.304,1609984799999,83701274.61768,20149,1050.701,38755795.89395,0
1609984800000,36971.87,37162.61,36856.71,36873.06,2505.220,1609985699999,92785718.28377,21595,1205.146,44645160.95299,0
1609985700000,36877.62,36900.41,36532.05,36741.93,4269.285,1609986599999,156621432.39034,31638,1944.185,71357509.45428,0
1609986600000,36741.93,36950.00,36636.03,36919.97,2158.807,1609987499999,79528454.85934,19697,1031.771,38015045.04765,0
1609987500000,36915.00,37098.55,36750.00,37032.85,2777.909,1609988399999,102622850.20472,22692,1332.233,49224881.94115,0
1609988400000,37026.75,37225.00,36978.07,37158.80,2375.756,1609989299999,88195464.51056,22215,1402.860,52084184.20394,0
1609989300000,37158.80,37731.93,37060.49,37710.99,6963.258,1609990199999,261157203.19550,51058,3693.059,138503761.42187,0
1609990200000,37711.00,37795.42,37522.77,37755.56,3767.970,1609991099999,141845567.96904,26878,1915.277,72119540.53127,0
1609991100000,37748.54,37775.02,37363.19,37555.54,3670.686,1609991999999,137767582.87281,27847,1661.126,62352772.83235,0
1609992000000,37554.98,37638.60,37201.30,37386.27,4621.049,1609992899999,172654624.84024,32596,2014.857,75284567.81049,0
1609992900000,37386.27,37442.77,37149.45,37322.92,2410.146,1609993799999,89863455.53850,21470,1272.818,47464257.53001,0
1609993800000,37326.48,37598.32,37241.04,37586.17,2407.019,1609994699999,90154793.43455,19301,1389.238,52047997.26448,0
1609994700000,37584.82,37656.14,37500.00,37540.00,2024.394,1609995599999,76093278.21285,17603,844.717,31758488.83438,0
1609995600000,37536.51,37608.97,37208.16,37410.34,3651.091,1609996499999,136388622.45938,25216,1414.367,52835127.83231,0
1609996500000,37413.68,37641.94,37322.83,37560.46,1845.327,1609997399999,69230082.14374,19118,1013.645,38033432.36927,0
1609997400000,37560.46,37790.36,37410.00,37424.45,3673.466,1609998299999,138185830.10391,28032,1774.699,66755151.93537,0
1609998300000,37424.44,37639.50,37337.00,37409.99,2994.081,1609999199999,112186475.17521,24371,1562.628,58555163.63293,0
1609999200000,37410.00,37500.00,37220.00,37299.53,2620.145,1610000099999,97845928.51530,23592,1375.350,51367422.71739,0
1610000100000,37299.53,37378.40,36752.40,36884.31,4663.680,1610000999999,172821949.24057,36939,1984.318,73536920.73476,0
1610001000000,36885.76,37227.57,36884.33,37087.77,2932.786,1610001899999,108665624.25596,23609,1599.646,59284885.35912,0
1610001900000,37089.02,37281.90,37066.65,37170.68,1300.218,1610002799999,48335348.02349,15340,646.893,24049374.89434,0
1610002800000,37170.68,37350.00,36973.45,37341.03,2212.154,1610003699999,82253881.24821,22717,1068.511,39748643.11905,0
1610003700000,37341.02,37375.00,37087.77,37171.49,1828.593,1610004599999,68042476.85572,19207,843.541,31385977.23480,0
1610004600000,37171.49,37176.58,36929.38,37100.00,1893.020,1610005499999,70155757.98854,18998,931.536,34530964.65404,0
1610005500000,37100.00,37110.56,36751.00,36906.64,3827.573,1610006399999,141232339.99447,30937,1676.410,61859455.02791,0
1610006400000,36909.86,37098.06,36890.41,36900.00,2479.285,1610007299999,91739366.28967,22971,1196.051,44259934.99605,0
1610007300000,36902.83,36950.00,36337.36,36921.48,8595.213,1610008199999,315028703.86558,63145,4127.571,151290733.79142,0
1610008200000,36917.76,37300.00,36854.64,37275.26,3612.321,1610009099999,133857405.09903,30721,2096.702,77715821.95895,0
1610009100000,37275.27,37444.00,37157.84,37296.56,3477.168,1610009999999,129707550.06870,30370,1688.681,63003966.15182,0
1610010000000,37296.46,37350.00,37050.00,37098.81,2614.386,1610010899999,97183785.61516,23064,1074.259,39942779.68075,0
1610010900000,37102.00,37248.78,36976.93,37115.33,2122.642,1610011799999,78810414.59830,20232,1127.211,41864767.49083,0
1610011800000,37115.33,37320.00,36944.00,37313.76,2426.050,1610012699999,90064443.24514,22189,1291.020,47932471.31423,0
1610012700000,37313.77,37563.32,37305.76,37548.79,3436.514,1610013599999,128659001.80609,28183,2041.146,76429182.88971,0
1610013600000,37548.82,37559.82,37209.84,37314.00,2839.151,1610014499999,106049624.34581,24397,1115.132,41653258.52323,0
1610014500000,37313.99,37397.67,37155.39,37172.84,1859.611,1610015399999,69285326.70765,16171,947.199,35301145.60629,0
1610015400000,37172.84,37351.27,37056.00,37070.00,2334.274,1610016299999,86835104.42643,19065,1146.777,42677331.76986,0
1610016300000,37070.00,37183.14,36951.10,37101.20,2203.541,1610017199999,81700186.47843,20344,1099.902,40792595.62725,0
1610017200000,37103.60,37313.53,37098.93,37308.04,1950.033,1610018099999,72595844.39474,18359,1077.150,40100284.09348,0
1610018100000,37306.61,37380.22,37185.11,37250.00,1656.701,1610018999999,61774779.93080,18587,822.221,30660005.98044,0
1610019000000,37250.00,37650.00,37203.47,37471.28,3377.105,1610019899999,126617030.79141,31334,1841.686,69053561.19492,0
1610019900000,37471.29,38055.00,37471.28,37920.00,5771.322,1610020799999,218018040.63943,47026,3375.025,127496427.07069,0
1610020800000,37919.72,38247.00,37804.74,37929.97,8570.786,1610021699999,325998720.97414,67770,4233.291,161060846.92916,0
1610021700000,37924.64,38100.97,37558.80,38012.11,6409.726,1610022599999,242497340.89167,45919,3238.819,122561891.48062,0
1610022600000,38016.65,38116.76,37815.00,37992.62,2802.811,1610023499999,106464588.53606,25948,1351.136,51332855.66315,0
1610023500000,37992.62,38163.58,37801.12,38003.10,3231.113,1610024399999,122712684.61885,28613,1630.354,61932473.67012,0
1610024400000,38004.04,38430.00,37935.88,38328.50,6381.909,1610025299999,244343814.27684,50365,3413.570,130698025.47003,0
1610025300000,38328.81,38497.33,38200.68,38389.09,4681.442,1610026199999,179680916.92094,39253,2419.052,92873423.60131,0
1610026200000,38389.09,38389.09,38150.00,38260.84,3309.401,1610027099999,126649425.06130,26549,1402.950,53703373.42659,0
1610027100000,38260.83,38307.37,38055.29,38218.92,2543.771,1610027999999,97115899.22416,25142,1299.027,49614163.49942,0
1610028000000,38218.92,38640.00,38125.19,38588.00,5405.037,1610028899999,208143546.26914,44202,2970.178,114382488.34836,0
1610028900000,38587.99,38721.20,38334.91,38534.84,4251.515,1610029799999,163673791.70622,36989,2053.369,79091403.97284,0
1610029800000,38534.84,38644.49,38400.22,38419.63,2474.157,1610030699999,95263228.84103,23166,1137.989,43821200.32332,0
1610030700000,38419.39,38516.11,38157.87,38491.67,4278.849,1610031599999,163983874.93700,34269,2047.889,78507919.23901,0
1610031600000,38491.67,38540.00,38118.00,38249.52,3572.807,1610032499999,136875863.03195,29039,1579.085,60489877.11701,0
1610032500000,38251.41,38380.00,38151.12,38340.01,2254.943,1610033399999,86305011.11361,21101,1196.566,45804059.17934,0
1610033400000,38340.01,38731.59,38301.01,38717.55,3659.065,1610034299999,141038465.68054,31395,2066.853,79699011.31624,0
1610034300000,38716.01,39050.00,38587.54,39049.99,7753.934,1610035199999,301233293.78060,59534,4103.637,159477595.20133,0
1610035200000,39050.00,39666.00,38978.01,39134.85,21718.207,1610036099999,852757291.13374,120720,12127.122,476360978.48405,0
1610036100000,39128.06,39427.86,39051.00,39219.73,6342.496,1610036999999,248938870.62056,50185,3140.472,123291792.93357,0
1610037000000,39219.69,39474.09,39136.00,39260.56,4685.209,1610037899999,184296965.56480,39118,2331.278,91715606.97867,0
1610037900000,39266.52,39373.19,39011.00,39172.67,5353.296,1610038799999,209687252.98659,38598,2505.969,98179851.32198,0
1610038800000,39174.72,39491.67,39155.44,39448.02,5044.730,1610039699999,198498544.76953,36849,2948.025,116019839.38004,0
1610039700000,39442.01,39827.51,39389.20,39742.08,7194.065,1610040599999,285174131.46775,52506,3888.134,154177695.50338,0
1610040600000,39742.08,39888.00,39428.27,39720.01,5854.004,1610041499999,232097670.63627,45819,3077.302,122064936.24160,0
1610041500000,39720.00,39899.50,39534.55,39822.21,4450.973,1610042399999,176807036.21765,32800,2332.592,92687204.39619,0
1610042400000,39822.21,40491.07,39755.00,40380.05,11720.149,1610043299999,469779695.17912,86884,6530.169,261850825.04921,0
1610043300000,40384.83,40565.62,38400.00,39208.76,33836.306,1610044199999,1335794541.07828,209987,14341.382,566353297.60212,0
1610044200000,39210.94,39463.72,37850.00,38032.38,26137.125,1610045099999,1011709460.82924,173942,11934.313,462280933.07355,0
1610045100000,38032.39,38999.00,36690.56,38994.41,29827.930,1610045999999,1128398281.32659,199243,14882.564,563749406.38318,0
1610046000000,38984.17,39116.57,37648.00,38362.15,24515.610,1610046899999,939216565.85554,146617,11873.073,454863663.46471,0
1610046900000,38362.15,38900.87,38135.65,38799.90,9286.941,1610047799999,357867712.99519,65933,4731.877,182391476.85058,0
1610047800000,38803.38,39289.93,38555.00,39233.42,8734.542,1610048699999,339981201.27819,61140,4693.155,182753153.93991,0
1610048700000,39233.42,39324.22,38901.09,39128.05,6715.594,1610049599999,262849829.76284,50572,3152.465,123420712.66617,0
1610049600000,39128.04,39260.13,38580.00,38979.12,8127.275,1610050499999,316326971.86870,59796,3726.789,145125145.64531,0
1610050500000,38979.10,39042.00,38431.90,38445.50,5653.578,1610051399999,218787137.65028,42514,2626.833,101701467.21817,0
1610051400000,38433.89,39168.80,38426.23,39035.42,4522.208,1610052299999,175684231.76117,36489,2534.327,98453634.90071,0
1610052300000,39035.41,39277.06,39000.00,39198.96,3373.357,1610053199999,132016635.07833,28752,1883.228,73712317.95621,0
1610053200000,39200.01,39784.54,39200.00,39515.33,5989.510,1610054099999,236432755.38549,46148,3298.502,130255333.08415,0
1610054100000,39510.32,39620.37,39381.01,39572.84,2715.102,1610054999999,107348996.34866,23860,1331.977,52671773.98676,0
1610055000000,39572.84,40011.00,39571.92,39856.16,4776.500,1610055899999,190178119.05507,37628,2547.886,101445754.15046,0
1610055900000,39855.08,40023.00,39405.12,39798.19,5477.694,1610056799999,217457858.32346,42811,2457.469,97582807.24730,0
1610056800000,39810.88,39830.01,39215.00,39678.99,4050.472,1610057699999,160163219.02311,34382,1798.181,71125076.86993,0
1610057700000,39678.98,39859.20,39434.05,39804.21,2290.560,1610058599999,90831335.33510,22473,1145.968,45446861.87051,0
1610058600000,39809.08,40129.87,39690.33,39800.00,4696.545,1610059499999,187380803.78058,37082,2338.235,93340045.87482,0
1610059500000,39800.00,40040.00,39500.00,39747.87,3451.897,1610060399999,137305125.11577,29675,1667.505,66352495.69141,0
1610060400000,39742.93,39751.80,38642.98,39012.97,7554.708,1610061299999,295909617.67985,59408,3331.150,130480548.57000,0
1610061300000,39018.51,39446.40,38630.00,39021.99,7269.119,1610062199999,283578484.21085,56884,3803.506,148462250.75091,0
1610062200000,39021.99,39346.58,38992.41,39002.12,3245.632,1610063099999,127183561.37860,27578,1531.811,60039243.90156,0
1610063100000,39008.79,39588.89,38930.96,39498.92,3145.024,1610063999999,123770152.79407,29889,1591.867,62643357.31674,0
1610064000000,39498.32,39818.77,39311.62,39689.23,4581.750,1610064899999,181408247.12213,39173,2420.456,95872178.57784,0
1610064900000,39689.23,39737.03,39441.23,39546.82,2034.246,1610065799999,80459639.41313,19021,950.006,37574922.40436,0
1610065800000,39546.82,39588.38,39250.07,39276.07,2568.644,1610066699999,101239794.39224,21851,1143.013,45068330.41783,0
1610066700000,39281.01,39387.47,38851.27,38877.92,3574.045,1610067599999,139837705.54291,28695,1552.797,60805980.04953,0
1610067600000,38877.92,39078.22,38479.00,38840.54,4970.264,1610068499999,192771214.82178,37986,2305.636,89515614.64664,0
1610068500000,38840.53,39097.95,38460.00,38578.62,4742.224,1610069399999,183875292.53781,36201,2377.227,92177683.32310,0
1610069400000,38589.47,38742.96,37850.00,38275.30,9324.543,1610070299999,356490889.46124,71603,4236.125,162009675.11106,0
1610070300000,38275.32,38776.06,38131.82,38739.18,3352.869,1610071199999,129205941.35418,31514,1849.551,71282102.78895,0
1610071200000,38740.71,38744.00,38171.73,38196.82,2749.892,1610072099999,105750269.82350,22274,1061.075,40815024.41143,0
1610072100000,38203.05,38310.90,37141.55,37868.16,13682.107,1610072999999,515959834.35546,95587,6258.994,236093806.38094,0
1610073000000,37868.53,37881.97,36540.91,36690.89,14178.930,1610073899999,527066326.42428,102496,6131.627,228091493.90159,0
1610073900000,36689.78,37700.00,36539.77,37238.41,10241.873,1610074799999,381127405.84561,82991,5224.105,194418258.61948,0
1610074800000,37238.41,38193.49,37118.34,38040.69,7994.852,1610075699999,302535382.05561,55401,4379.888,165702782.39480,0
1610075700000,38042.05,38427.10,37836.95,38253.26,4562.674,1610076599999,173866047.04384,36476,2418.793,92200394.01898,0
1610076600000,38253.27,38389.92,38012.07,38122.05,3545.883,1610077499999,135411035.25592,29093,1541.514,58891321.78869,0
1610077500000,38122.06,38500.00,37958.86,38374.71,2749.622,1610078399999,105275158.74149,23785,1314.549,50357092.06437,0
1610078400000,38374.72,38747.00,38186.65,38593.87,4583.804,1610079299999,176613067.53027,32689,2219.338,85498843.44162,0
1610079300000,38593.79,38828.48,38386.12,38736.06,2727.320,1610080199999,105228159.82196,25424,1415.777,54637415.99577,0
1610080200000,38736.67,38859.01,38478.00,38791.73,3382.423,1610081099999,130795279.14238,28538,1726.247,66758731.80154,0
1610081100000,38791.21,38983.41,38663.48,38702.63,2955.860,1610081999999,114750667.60848,25957,1282.692,49801667.54276,0
1610082000000,38707.65,38748.19,38386.67,38503.57,2792.890,1610082899999,107672500.48505,23597,1107.103,42699901.10313,0
1610082900000,38503.58,38656.60,38262.56,38427.04,2798.690,1610083799999,107665114.45282,22353,1230.101,47332188.13272,0
1610083800000,38427.03,38685.88,38293.05,38463.98,2329.153,1610084699999,89752947.77507,20091,982.107,37868898.95503,0
1610084700000,38463.99,38464.01,37939.82,38020.01,4422.886,1610085599999,168770331.72251,33932,1798.833,68629483.87732,0
1610085600000,38027.88,38357.71,37615.00,38262.23,6135.790,1610086499999,232710939.03563,45580,3173.532,120449662.48549,0
1610086500000,38264.22,38630.00,38251.83,38630.00,2806.989,1610087399999,107924421.07395,26002,1546.717,59481397.10965,0
1610087400000,38629.50,38722.80,38385.63,38442.56,2748.969,1610088299999,105949310.10613,23854,1235.842,47647440.57233,0
1610088300000,38442.57,38745.03,38381.73,38589.99,2017.723,1610089199999,77933623.40598,19601,1075.027,41524796.58694,0
1610089200000,38590.00,38635.49,38352.55,38415.30,1672.609,1610090099999,64328444.16295,16846,785.451,30215868.82254,0
1610090100000,38411.14,39022.10,38411.14,39005.55,2906.888,1610090999999,112686525.27358,26417,1819.159,70533110.65030,0
1610091000000,38997.81,39094.36,38850.00,38928.55,3171.385,1610091899999,123587053.09283,29017,1578.437,61531223.38090,0
1610091900000,38928.54,39200.00,38764.97,38965.76,3507.071,1610092799999,136790765.51809,30273,1765.955,68909566.49471,0
1610092800000,38965.80,39055.26,38570.37,38722.40,3751.509,1610093699999,145414681.36805,31422,1895.585,73490846.97932,0
1610093700000,38720.29,39010.00,38632.36,38845.00,2622.195,1610094599999,101790015.83694,23072,1330.562,51656185.51291,0
1610094600000,38845.01,38845.24,38450.00,38542.45,2726.914,1610095499999,105269699.80364,23783,1153.168,44525101.74504,0
1610095500000,38542.45,38738.17,38465.20,38702.79,2005.940,1610096399999,77431469.77863,18053,1064.000,41081486.31381,0
1610096400000,38702.66,38844.22,38250.87,38323.80,3528.294,1610097299999,135900776.46864,31475,1562.395,60244834.07360,0
1610097300000,38312.67,38872.63,38257.32,38817.20,2814.947,1610098199999,108784160.04398,27180,1669.508,64529812.28198,0
1610098200000,38817.21,39038.00,38691.31,38900.00,2555.278,1610099099999,99373887.45929,26202,1250.532,48640592.77072,0
1610099100000,38900.00,39416.00,38856.10,39408.55,5374.177,1610099999999,210625851.36384,40073,3478.123,136315923.33038,0
1610100000000,39408.54,39785.00,39258.94,39657.08,5481.279,1610100899999,216923748.78225,49239,2901.655,114853212.94648,0
1610100900000,39648.93,40081.90,39550.00,40022.80,4854.622,1610101799999,193271383.48261,41046,2683.305,106884392.54982,0
1610101800000,40022.81,40995.00,39737.45,40687.41,14877.518,1610102699999,601151701.41975,113813,7970.582,322070762.21989,0
1610102700000,40691.94,41260.54,40510.00,40839.01,11204.842,1610103599999,457950941.33183,89501,5787.986,236589362.63517,0
1610103600000,40833.78,41800.00,40510.08,41400.00,13088.122,1610104499999,539404522.51203,100031,7029.294,289937746.23385,0
1610104500000,41396.65,41641.94,41001.00,41257.99,7860.722,1610105399999,324518246.17473,65111,3853.564,159136958.35779,0
1610105400000,41258.00,41327.89,40574.61,41252.73,8135.602,1610106299999,333368203.13368,64757,3722.830,152595141.69387,0
1610106300000,41252.73,41479.62,40801.42,41399.98,6777.119,1610107199999,278972609.32158,51391,3432.753,141398534.75388,0
1610107200000,41399.98,41863.25,41050.00,41728.00,9230.185,1610108099999,383112202.29375,69050,4710.052,195589345.84567,0
1610108100000,41734.47,41900.40,41288.00,41633.00,8547.404,1610108999999,356120958.14492,60978,4194.025,174830939.05312,0
1610109000000,41636.46,41666.00,41395.03,41606.20,4168.842,1610109899999,173191865.20628,35846,1986.048,82528020.23894,0
1610109900000,41601.78,41609.89,40900.00,41390.71,7578.966,1610110799999,312457768.04829,55077,3250.539,134065926.60948,0
1610110800000,41390.80,41400.00,40780.76,41079.99,6282.574,1610111699999,257781961.21889,48709,2746.514,112698338.28154,0
1610111700000,41080.00,41467.97,40959.69,41393.76,4435.130,1610112599999,183021602.94359,35962,2438.731,100654391.13238,0
1610112600000,41395.03,41644.55,41189.97,41508.72,3207.793,1610113499999,132875788.02759,30637,1703.162,70585935.59018,0
1610113500000,41500.95,41736.65,41200.00,41367.27,4170.312,1610114399999,172867556.71810,36162,1908.413,79128010.68076,0
1610114400000,41374.43,41665.09,41150.80,41407.63,3668.315,1610115299999,151907748.41752,32788,1786.861,74026349.57055,0
1610115300000,41399.99,41464.88,41017.40,41277.76,3461.665,1610116199999,142617856.41145,32799,1610.661,66375615.34292,0
1610116200000,41275.06,41585.96,41153.21,41418.74,3283.690,1610117099999,135982832.32702,30323,1599.401,66252494.69803,0
1610117100000,41412.34,41573.97,41221.07,41560.00,2636.983,1610117999999,109169339.83610,24832,1354.239,56083718.65072,0
1610118000000,41560.00,42125.51,40915.46,41146.44,13481.110,1610118899999,562073987.50250,99260,6313.339,263480733.73002,0
1610118900000,41139.79,41389.00,40131.00,40533.61,17678.139,1610119799999,721974625.83402,129698,8251.954,337243782.76619,0
1610119800000,40533.61,40799.86,39726.37,40672.71,16252.485,1610120699999,655674451.19447,117946,7887.250,318331780.85653,0
1610120700000,40672.72,41018.00,40533.60,40879.40,6259.870,1610121599999,255409708.04018,52332,3112.921,127051605.61870,0
1610121600000,40877.97,41141.11,40651.17,40749.46,6012.326,1610122499999,246005185.59734,50244,2912.301,119219023.84713,0
1610122500000,40734.28,41250.00,40418.78,41225.99,5582.271,1610123399999,228077801.90095,46677,2922.998,119498908.57514,0
1610123400000,41226.00,41674.57,41106.52,41495.51,5658.170,1610124299999,234513987.79443,47338,3000.253,124378499.28310,0
1610124300000,41495.52,41689.84,41320.00,41362.62,3420.835,1610125199999,141930105.51535,30377,1734.479,71982408.75686,0
1610125200000,41357.01,41555.95,41073.00,41504.69,3806.462,1610126099999,157343028.04601,31864,1646.395,68072864.90974,0
1610126100000,41504.68,41639.36,41251.83,41318.46,2756.512,1610126999999,114246933.97149,26480,1414.920,58659499.47815,0
1610127000000,41316.96,41453.38,41000.00,41159.47,3223.051,1610127899999,132768792.37574,28702,1502.245,61899949.73741,0
1610127900000,41159.47,41280.20,40934.59,41077.16,2341.858,1610128799999,96321966.91874,23687,1015.368,41764433.26463,0
1610128800000,41077.15,41231.33,40641.27,40763.21,3301.600,1610129699999,134882782.44002,35016,1506.864,61577247.68499,0
1610129700000,40762.27,40885.21,40200.00,40301.92,7084.261,1610130599999,286832202.78406,56480,3215.873,130256591.94320,0
1610130600000,40301.91,40920.53,40031.27,40450.03,8128.151,1610131499999,329174633.70750,64006,4177.301,169268503.41737,0
1610131500000,40450.00,40799.00,39800.00,39956.48,7395.773,1610132399999,297868159.26402,56086,3536.690,142522169.57665,0
1610132400000,39979.22,40696.05,39958.87,40509.19,5695.867,1610133299999,229929058.06102,46832,3099.720,125113953.17833,0
1610133300000,40509.19,40540.19,40173.92,40289.30,2918.307,1610134199999,117670971.96929,25958,1290.844,52037744.52958,0
1610134200000,40289.89,40713.32,40250.00,40352.06,4233.844,1610135099999,171404618.73569,36964,1957.993,79290963.29422,0
1610135100000,40355.00,40786.22,40285.00,40426.44,2937.424,1610135999999,119079091.80561,27757,1531.148,62068108.49475,0
1610136000000,40426.44,40495.44,39359.54,39993.89,11187.903,1610136899999,445738015.72449,93750,5079.842,202522635.59187,0
1610136900000,39990.83,40550.01,39381.50,39664.45,8889.785,1610137799999,356134771.93778,67531,4425.458,177418389.76309,0
1610137800000,39664.39,39861.42,39114.99,39201.27,10510.782,1610138699999,415189184.65301,86247,5295.177,209311378.25627,0
1610138700000,39201.27,39700.00,38890.52,39111.84,10516.421,1610139599999,412730004.34677,86951,4835.333,189861293.77820,0
1610139600000,39111.80,39590.42,38655.00,39572.96,8088.273,1610140499999,316174549.76820,73478,4018.245,157240461.65874,0
1610140500000,39577.10,39955.98,39427.37,39734.47,5985.239,1610141399999,237663108.17768,50051,3129.122,124277931.27340,0
1610141400000,39734.46,40141.30,39666.10,39800.39,4704.057,1610142299999,187800309.86784,41246,2438.063,97372156.79010,0
1610142300000,39800.39,40134.35,39500.36,40130.39,4063.448,1610143199999,161490497.48481,37621,2037.603,81035081.39963,0
1610143200000,40130.39,40255.00,39861.04,39974.58,3095.218,1610144099999,124078998.97521,32046,1536.775,61627571.73618,0
1610144100000,39974.57,40286.17,39783.65,40150.12,2469.485,1610144999999,98832054.72051,25703,1189.413,47630411.47069,0
1610145000000,40150.13,40834.21,40144.09,40628.82,5183.860,1610145899999,210307316.38130,50086,2853.614,115765983.50879,0
1610145900000,40626.20,40878.53,40481.76,40703.35,2188.829,1610146799999,89095162.72066,24508,1172.426,47732403.07553,0
1610146800000,40704.90,40847.49,40511.00,40670.00,2090.930,1610147699999,85003761.27211,24126,1007.081,40957552.89616,0
1610147700000,40670.56,40961.05,40662.80,40854.15,2340.992,1610148599999,95624801.94632,23580,1238.216,50587058.11979,0
1610148600000,40853.50,41000.00,40664.80,40761.34,2633.079,1610149499999,107493362.00902,25267,1382.674,56454680.36011,0
1610149500000,40768.63,40851.99,40601.00,40637.23,1818.402,1610150399999,74029148.77694,17486,692.107,28184665.47690,0
1610150400000,40638.91,41027.49,40638.90,40834.19,2823.278,1610151299999,115428435.81896,29191,1354.889,55390842.38891,0
1610151300000,40834.19,41045.93,40750.00,40812.48,2530.373,1610152199999,103501530.29750,22172,1073.780,43935165.71623,0
1610152200000,40817.23,40831.58,40258.33,40338.90,3700.341,1610153099999,150099117.82435,31478,1504.787,61066206.99045,0
1610153100000,40340.06,40479.79,40014.66,40341.75,5263.530,1610153999999,211812676.89623,37122,2361.951,95099896.04925,0
1610154000000,40341.75,40384.26,39980.73,40330.00,2697.417,1610154899999,108389327.18507,25430,1304.084,52415010.24354,0
1610154900000,40330.00,40350.26,39806.83,40220.59,4727.279,1610155799999,189417537.03134,38322,2091.274,83804927.98785,0
1610155800000,40215.61,40302.50,39820.40,40063.99,2967.352,1610156699999,118722700.48640,27301,1461.730,58495055.03691,0
1610156700000,40064.00,40319.84,40011.48,40249.00,2160.045,1610157599999,86681452.40020,19288,1266.483,50829545.98170,0
1610157600000,40249.00,40621.47,40190.55,40455.05,4101.123,1610158499999,165705059.19526,30416,2371.501,95822324.99920,0
1610158500000,40464.32,40589.64,40238.92,40316.06,1926.109,1610159399999,77785269.36060,16917,863.817,34900494.21279,0
1610159400000,40314.12,40335.50,39624.27,39777.00,3894.616,1610160299999,155741950.79618,31617,1531.518,61263914.46757,0
1610160300000,39776.96,40084.90,39545.00,40018.25,3636.543,1610161199999,144795348.66801,31054,2020.091,80466499.58639,0
1610161200000,40018.44,40182.55,39775.00,40089.55,1676.333,1610162099999,67047023.86099,18708,852.061,34084266.47207,0
1610162100000,40089.55,40385.10,39890.00,40280.84,2033.875,1610162999999,81576373.61255,19566,1088.745,43693671.67665,0
1610163000000,40280.84,40440.62,40150.54,40232.21,1587.160,1610163899999,63952739.67662,17159,733.493,29563950.83162,0
1610163900000,40232.22,40330.32,40090.00,40275.85,1307.810,1610164799999,52573512.14286,12718,586.546,23583365.69155,0
1610164800000,40275.84,40284.39,39943.00,39993.41,2139.410,1610165699999,85715049.54875,19677,986.957,39524469.39414,0
1610165700000,39998.37,40361.44,39862.00,40269.00,2142.845,1610166599999,85994692.63175,20671,1076.674,43212447.33850,0
1610166600000,40268.99,40555.00,40190.00,40389.36,2585.089,1610167499999,104511834.50980,22676,1391.713,56271190.07146,0
1610167500000,40389.36,40495.00,40220.00,40272.08,1332.437,1610168399999,53777198.30555,13700,679.879,27449785.83925,0
1610168400000,40270.00,40270.00,39885.00,40006.51,3118.566,1610169299999,124838471.78544,28088,1437.533,57527803.08524,0
1610169300000,40006.20,40009.59,39701.52,39763.67,2853.782,1610170199999,113700729.42495,24896,1182.223,47123838.29616,0
1610170200000,39763.66,39894.67,39395.04,39865.00,3662.229,1610171099999,145301279.18161,32960,1770.970,70321818.22878,0
1610171100000,39866.19,39866.19,39201.00,39341.12,4368.306,1610171999999,172407120.83451,36058,1783.792,70423516.19773,0
1610172000000,39341.02,39693.41,39010.00,39503.79,5433.239,1610172899999,213922978.42558,45138,2912.879,114787669.96455,0
1610172900000,39503.79,39562.74,38900.00,39227.53,5120.224,1610173799999,200509923.40606,45150,2203.285,86291910.03385,0
1610173800000,39227.52,39434.62,38922.41,39091.31,3681.663,1610174699999,144300795.94594,33102,1748.209,68557633.59693,0
1610174700000,39095.92,39504.39,38956.45,39017.98,3094.868,1610175599999,121476552.82102,30239,1590.119,62440667.34322,0
1610175600000,39017.99,39266.08,38733.28,39190.56,4595.824,1610176499999,179108802.80132,43444,2302.903,89776991.44285,0
1610176500000,39190.56,39500.00,39187.20,39413.86,2825.747,1610177399999,111234175.04461,27296,1489.723,58642120.41634,0
1610177400000,39413.86,39745.30,39395.00,39581.34,3672.621,1610178299999,145421081.45836,26645,2089.078,82720520.71922,0
1610178300000,39581.34,39692.00,39400.00,39683.38,1839.353,1610179199999,72675618.78512,17949,704.206,27831960.58897,0
1610179200000,39683.38,39853.88,39330.24,39805.76,3517.485,1610180099999,139458508.95061,30708,1722.045,68282222.72446,0
1610180100000,39807.04,39813.00,39520.00,39570.00,1756.495,1610180999999,69678642.38011,17341,832.880,33037183.41401,0
1610181000000,39569.99,40143.52,39563.26,40076.07,3201.488,1610181899999,127801837.24829,31513,1896.691,75716234.13576,0
1610181900000,40074.01,40333.00,40074.01,40210.89,3288.924,1610182799999,132210765.74027,31092,1907.680,76694322.77188,0
1610182800000,40210.89,40758.31,40203.00,40684.62,5279.628,1610183699999,214177215.22498,48028,2991.954,121339541.82117,0
1610183700000,40684.63,40863.48,40538.66,40581.84,2767.945,1610184599999,112640507.06478,27865,1434.029,58366348.63252,0
1610184600000,40581.00,40692.33,40347.23,40466.22,2814.674,1610185499999,113956561.97120,25673,1134.145,45932063.04207,0
1610185500000,40466.22,40549.79,40300.28,40410.79,2063.184,1610186399999,83367570.33158,18961,887.661,35866774.09460,0
1610186400000,40411.87,40541.40,40155.00,40284.98,3362.038,1610187299999,135539215.00740,28230,1480.065,59683823.07349,0
1610187300000,40284.97,40688.00,40230.00,40671.08,2416.760,1610188199999,97793803.09330,23543,1479.325,59893798.54033,0
1610188200000,40672.00,40800.00,40500.00,40518.50,2606.727,1610189099999,106012998.30579,26475,1201.941,48896622.66860,0
1610189100000,40507.55,40542.39,40332.04,40441.62,1536.496,1610189999999,62143275.93523,17736,653.828,26448047.05111,0
1610190000000,40437.01,40594.00,40306.66,40500.00,2313.548,1610190899999,93567766.94089,23212,1130.212,45721340.57617,0
1610190900000,40498.50,41350.00,40470.00,41169.85,6956.352,1610191799999,285386433.43612,61109,4031.608,165315271.38971,0
1610191800000,41171.48,41375.00,41009.54,41076.00,3289.836,1610192699999,135427604.61541,33107,1493.144,61486633.29543,0
1610192700000,41075.99,41139.54,40427.00,40639.04,7210.061,1610193599999,293349108.98577,51410,2857.455,116205230.69486,0
1610193600000,40639.69,40857.03,40622.01,40850.00,2701.317,1610194499999,110082276.42124,26614,1520.241,61954917.31926,0
1610194500000,40846.84,40974.22,40566.71,40750.90,2593.175,1610195399999,105605238.20245,23001,1136.207,46297383.56709,0
1610195400000,40750.89,40894.09,40467.00,40689.62,2524.954,1610196299999,102680307.86292,22290,1034.092,42065387.88361,0
1610196300000,40689.61,40970.13,40673.99,40966.22,2233.418,1610197199999,91152986.90628,20918,1119.474,45706687.60337,0
1610197200000,40968.99,41111.87,40831.83,40895.93,2732.484,1610198099999,111983671.92157,28872,1348.346,55272649.91521,0
1610198100000,40895.93,41162.33,40748.99,40988.21,2669.393,1610198999999,109397271.85661,28997,1415.076,58015887.35328,0
1610199000000,40975.16,41345.00,40893.00,41147.11,3338.731,1610199899999,137418783.12536,33254,1620.342,66690212.06884,0
1610199900000,41152.80,41259.37,41001.00,41136.54,2208.436,1610200799999,90799864.44211,23518,1116.352,45911391.65633,0
1610200800000,41141.63,41539.88,41117.30,41400.00,4057.129,1610201699999,167904505.96105,38587,2454.095,101588718.62717,0
1610201700000,41400.00,41408.57,41100.00,41193.67,2452.553,1610202599999,101155980.33151,26492,1021.541,42131856.34059,0
1610202600000,41193.67,41271.01,40890.78,41039.13,2745.473,1610203499999,112729446.95964,27143,1192.871,48999596.14793,0
1610203500000,41043.90,41125.47,40771.46,40910.39,2468.201,1610204399999,101075056.60396,23787,1060.711,43442165.00078,0
1610204400000,40913.01,41050.00,40250.00,40360.60,5282.817,1610205299999,214582829.75084,46603,1961.966,79727602.13727,0
1610205300000,40360.59,40658.50,40279.69,40612.65,3029.291,1610206199999,122807434.86878,30073,1568.966,63616644.30684,0
1610206200000,40612.65,40780.00,40520.00,40779.99,1945.578,1610207099999,79171844.76510,20571,1021.688,41588795.96729,0
1610207100000,40780.00,40780.00,40500.00,40600.00,1547.066,1610207999999,62846235.46209,19050,673.198,27349447.00646,0
1610208000000,40600.01,40726.10,40409.79,40471.01,2468.834,1610208899999,100142125.63302,28832,1171.781,47543668.98293,0
1610208900000,40471.46,40533.61,40156.44,40230.00,3289.032,1610209799999,132757104.30910,32227,1281.321,51749009.58983,0
1610209800000,40230.00,40539.99,40217.87,40344.55,2324.418,1610210699999,93871095.38766,29242,1170.442,47273408.65647,0
1610210700000,40348.04,40440.00,39850.00,40071.32,5475.278,1610211599999,219620717.65412,43969,1955.872,78499951.90213,0
1610211600000,40071.30,40486.16,40057.60,40456.76,3073.078,1610212499999,123881899.03640,28703,1876.941,75672056.61425,0
1610212500000,40455.89,40646.69,40423.79,40521.04,2205.430,1610213399999,89425824.55607,22870,1166.799,47317503.22885,0
1610213400000,40519.18,40662.99,40424.95,40609.68,1434.254,1610214299999,58133481.41034,16601,746.582,30267953.91417,0
1610214300000,40617.81,40674.26,40421.71,40493.46,1210.136,1610215199999,49041434.89894,14066,583.067,23630529.77052,0
1610215200000,40493.46,40848.88,40492.73,40737.64,2055.493,1610216099999,83705221.17255,24009,1275.178,51936363.05086,0
1610216100000,40737.64,40762.98,40650.00,40736.47,1006.533,1610216999999,40967439.17943,13636,479.965,19537258.54004,0
1610217000000,40733.04,40886.39,40700.90,40744.17,1227.250,1610217899999,50058467.96624,16757,713.792,29118053.34311,0
1610217900000,40744.16,40775.04,40640.00,40737.87,860.404,1610218799999,35029481.57110,12503,359.356,14632304.48329,0
1610218800000,40737.86,40880.00,40543.31,40861.97,1991.712,1610219699999,81089492.92841,19962,869.212,35399631.20424,0
1610219700000,40861.96,40980.48,40810.30,40915.52,1452.970,1610220599999,59440207.19649,18615,739.413,30253497.64318,0
1610220600000,40913.64,40931.94,40738.76,40761.81,1030.635,1610221499999,42094318.09100,13337,464.836,18989381.51926,0
1610221500000,40761.81,40864.39,40700.00,40769.42,961.556,1610222399999,39210853.35341,12496,441.406,18004157.56206,0
1610222400000,40769.42,40878.82,40108.01,40350.00,4411.559,1610223299999,178493186.50825,41197,1903.907,77057297.05915,0
1610223300000,40350.00,40650.46,40250.00,40569.99,2265.438,1610224199999,91613670.35282,27751,1157.841,46836958.65012,0
1610224200000,40570.02,40649.13,40457.20,40526.92,1609.561,1610225099999,65287543.92164,20188,766.651,31104329.51890,0
1610225100000,40526.92,40713.00,40418.78,40704.83,1624.890,1610225999999,65891583.72012,18395,764.014,30990567.81406,0
1610226000000,40704.84,40840.00,40607.74,40759.38,1641.427,1610226899999,66874134.68880,21268,866.134,35296684.05802,0
1610226900000,40758.02,40866.81,40708.40,40800.88,1580.716,1610227799999,64484760.57999,18091,842.733,34380596.27823,0
1610227800000,40800.69,40867.00,40561.65,40688.93,1385.391,1610228699999,56386967.75265,16351,567.979,23123350.92861,0
1610228700000,40688.94,40892.00,40670.23,40852.32,985.781,1610229599999,40193403.01939,12987,549.588,22415208.61612,0
1610229600000,40852.32,40880.00,40601.92,40681.85,1278.421,1610230499999,52055192.36954,16879,519.383,21150474.52801,0
1610230500000,40681.84,40690.46,40457.20,40505.62,1244.137,1610231399999,50464191.70680,16076,464.724,18849041.48534,0
1610231400000,40505.62,40555.03,40222.00,40310.01,2245.931,1610232299999,90620247.32784,24373,1138.526,45941203.60422,0
1610232300000,40310.01,40387.42,40173.69,40327.21,1584.866,1610233199999,63870689.56163,15995,963.851,38853148.32273,0
1610233200000,40327.21,40459.82,39901.00,40161.42,3598.359,1610234099999,144702690.91025,30073,1634.056,65765004.79131,0
1610234100000,40162.76,40352.50,40046.56,40302.93,1832.526,1610234999999,73737088.93067,18188,1068.236,42984946.15913,0
1610235000000,40302.92,40423.97,40300.00,40330.84,1079.079,1610235899999,43552145.88237,12593,578.500,23351679.89797,0
1610235900000,40330.26,40349.00,40000.00,40136.04,2036.666,1610236799999,81794440.99308,19775,806.507,32391287.76351,0
1610236800000,40136.05,40594.17,40125.56,40489.53,3665.499,1610237699999,148066365.30014,31762,2050.518,82839017.13313,0
1610237700000,40489.53,40648.00,40445.70,40591.00,1223.941,1610238599999,49630201.76229,15573,727.135,29489064.41722,0
1610238600000,40591.00,40826.38,40503.66,40749.66,2317.386,1610239499999,94255482.33236,20766,1256.098,51084700.67379,0
1610239500000,40749.65,40775.88,40609.86,40650.00,1389.722,1610240399999,56550518.35218,13926,759.568,30912195.22767,0
1610240400000,40650.00,40732.08,40529.74,40692.45,1642.562,1610241299999,66709840.91308,15277,733.528,29800145.37647,0
1610241300000,40699.04,41360.00,40699.04,41310.00,7918.088,1610242199999,325915225.55779,56464,4635.351,190781923.23728,0
1610242200000,41307.32,41390.00,41177.47,41366.00,3298.052,1610243099999,136255726.05582,25536,1837.351,75926147.77973,0
1610243100000,41366.00,41412.12,41152.40,41251.21,2646.119,1610243999999,109268386.06673,21078,1252.820,51763967.36704,0
1610244000000,41251.21,41251.30,41021.50,41177.66,2295.622,1610244899999,94376314.81269,19514,952.307,39155494.98407,0
1610244900000,41177.66,41228.04,40935.00,40973.82,1684.227,1610245799999,69223901.15004,14929,670.480,27574862.48437,0
1610245800000,40971.76,41245.02,40964.38,41143.67,1550.315,1610246699999,63724305.95269,15347,738.081,30341025.12785,0
1610246700000,41143.67,41171.43,41022.00,41072.87,1009.076,1610247599999,41475740.31674,11863,442.344,18184138.37857,0
1610247600000,41074.08,41123.53,40595.00,40785.52,4128.859,1610248499999,168666784.02097,32188,1832.992,74885469.17265,0
1610248500000,40785.52,40822.09,40289.84,40535.75,4272.273,1610249399999,173400946.65460,37528,1742.412,70739205.10859,0
1610249400000,40534.60,40730.25,40480.00,40557.50,1981.917,1610250299999,80464248.55114,18909,1022.642,41528709.73388,0
1610250300000,40551.22,40673.38,40304.29,40393.50,2238.908,1610251199999,90634917.67179,19832,1111.734,45016542.32746,0
1610251200000,40388.17,40666.00,40315.58,40650.00,1978.550,1610252099999,80193146.63994,17201,1176.292,47675047.73003,0
1610252100000,40650.01,40666.66,40400.41,40411.86,1276.544,1610252999999,51766703.19588,11131,603.169,24469844.09281,0
1610253000000,40411.87,40521.18,40100.00,40250.00,3296.317,1610253899999,132888417.86415,27760,1438.087,58008079.66075,0
1610253900000,40250.00,40526.81,40230.68,40397.27,1537.918,1610254799999,62127392.62263,16338,794.161,32082022.46693,0
1610254800000,40404.19,40629.00,40318.68,40500.01,1922.734,1610255699999,77900446.99224,17020,1145.659,46426637.27592,0
1610255700000,40498.86,40700.00,40498.85,40610.69,1709.326,1610256599999,69425558.37778,15714,1065.134,43265721.92240,0
1610256600000,40610.69,40619.99,40486.00,40538.01,833.813,1610257499999,33807144.12087,10735,413.831,16780237.10920,0
1610257500000,40538.01,40689.99,40450.00,40526.40,1434.386,1610258399999,58196500.36387,16268,714.435,28997938.51307,0
1610258400000,40526.40,40800.00,40456.43,40777.12,2066.179,1610259299999,84130581.37008,18855,1226.287,49937899.76415,0
1610259300000,40779.39,40800.00,40673.68,40719.63,1101.790,1610260199999,44884075.78178,13000,592.805,24149645.31784,0
1610260200000,40724.18,41096.67,40646.99,41011.01,2864.993,1610261099999,117206841.83713,26688,1733.413,70914259.82209,0
1610261100000,41011.01,41153.43,40922.00,40968.00,2185.259,1610261999999,89721025.69977,21623,1036.626,42564335.24904,0
1610262000000,40971.56,41114.50,40810.77,41087.23,1681.985,1610262899999,68847975.34985,18880,898.477,36787627.32778,0
1610262900000,41087.23,41120.00,40912.00,40957.93,1447.571,1610263799999,59355505.76135,15714,715.421,29341192.98640,0
1610263800000,40957.92,40975.38,40724.01,40839.02,1918.700,1610264699999,78375751.82989,16844,777.839,31777030.52258,0
1610264700000,40839.02,41058.99,40836.53,41056.69,1874.238,1610265599999,76756504.21716,16897,1201.375,49209643.40739,0
1610265600000,41056.69,41226.26,40713.68,40866.51,4163.569,1610266499999,170436061.39138,32796,1886.219,77260553.16594,0
1610266500000,40866.51,40869.52,40730.00,40744.31,1042.200,1610267399999,42516780.92550,12616,418.972,17093385.61469,0
1610267400000,40744.30,40875.00,40720.78,40819.84,1059.042,1610268299999,43203422.42952,12435,570.511,23275989.77259,0
1610268300000,40819.84,40966.00,40651.13,40888.59,2402.972,1610269199999,98080265.90539,20631,1211.170,49445295.95364,0
1610269200000,40889.45,41115.08,40844.40,41111.75,2191.279,1610270099999,89766696.82800,19802,1305.364,53491170.80556,0
1610270100000,41106.71,41150.00,40947.83,41016.42,1640.712,1610270999999,67381338.50611,18454,702.730,28865672.69474,0
1610271000000,41016.43,41120.00,40852.75,40949.36,1488.145,1610271899999,61008002.90223,16376,684.955,28089758.77638,0
1610271900000,40949.37,41007.14,40800.00,40861.92,1284.465,1610272799999,52556948.34461,13759,536.317,21950869.45903,0
1610272800000,40854.13,40947.74,40754.00,40847.67,2152.225,1610273699999,87881701.00810,20014,1177.866,48106409.71816,0
1610273700000,40847.66,40927.01,40400.00,40446.34,5271.819,1610274599999,214058719.77710,41595,2082.717,84590489.63640,0
1610274600000,40448.06,40581.44,40000.00,40491.00,9213.721,1610275499999,371479695.47087,72535,4334.390,174836519.47961,0
1610275500000,40491.00,40700.00,40376.00,40492.12,3337.164,1610276399999,135333323.26347,27465,1657.966,67263878.29474,0
1610276400000,40492.12,40493.45,40120.00,40202.13,4096.986,1610277299999,164980999.21782,40172,1818.656,73250652.88473,0
1610277300000,40200.00,40360.00,39020.00,39341.54,16617.690,1610278199999,657438404.35954,130756,7098.028,280690698.57785,0
1610278200000,39348.47,39750.00,38847.01,39341.62,9667.588,1610279099999,380339657.21935,84114,4436.012,174627915.78195,0
1610279100000,39341.62,39665.99,39180.00,39233.99,6137.086,1610279999999,241972641.18857,56330,3015.250,118929372.68747,0
1610280000000,39233.99,39599.57,38500.00,39541.27,15828.970,1610280899999,618387486.82756,124137,7896.600,308909511.36228,0
1610280900000,39541.27,39774.72,39432.11,39680.00,4842.246,1610281799999,191832379.35494,46474,2395.129,94925369.45774,0
1610281800000,39680.00,39800.00,39451.00,39535.14,4386.410,1610282699999,173837461.34303,37601,2002.754,79393493.17627,0
1610282700000,39535.14,39684.63,39349.51,39562.70,3833.317,1610283599999,151441500.71612,32844,1798.521,71075648.84458,0
1610283600000,39562.71,39960.00,39453.12,39878.92,4072.723,1610284499999,161934790.65125,35475,2602.898,103522948.84461,0
1610284500000,39881.25,40094.65,39841.06,39938.49,4379.014,1610285399999,175020930.01538,36434,2486.203,99398887.87110,0
1610285400000,39938.50,40118.09,39805.15,39859.92,2721.883,1610286299999,108685120.06349,27364,1412.292,56408094.24737,0
1610286300000,39859.91,39951.81,39714.03,39837.77,2143.597,1610287199999,85310361.79186,21544,927.747,36927905.74583,0
1610287200000,39837.77,39859.40,39511.01,39716.01,3077.432,1610288099999,122068695.09904,27593,1206.274,47856564.91004,0
1610288100000,39714.32,39852.00,39440.00,39794.01,2978.495,1610288999999,118057082.90375,26517,1437.741,57013928.28712,0
1610289000000,39794.00,39877.55,39485.00,39535.51,2198.062,1610289899999,87172177.06553,22201,1088.263,43172263.66140,0
1610289900000,39534.01,39606.54,39266.00,39480.02,3111.392,1610290799999,122741034.83123,29510,1362.299,53768682.59003,0
1610290800000,39480.01,39545.14,39118.11,39521.71,4491.666,1610291699999,176662149.92266,40628,2147.657,84495962.56927,0
1610291700000,39521.71,39868.68,39497.59,39774.18,3317.488,1610292599999,131720007.07499,32022,1798.897,71437017.54316,0
1610292600000,39777.00,39960.96,39697.43,39860.71,1974.708,1610293499999,78626351.51698,21185,1096.903,43689466.15381,0
1610293500000,39861.17,39973.00,39723.00,39723.00,2642.822,1610294399999,105298615.99255,20975,1294.373,51592536.31416,0
1610294400000,39723.00,39813.81,39500.00,39686.73,2935.354,1610295299999,116457968.94539,29359,1359.107,53927273.55352,0
1610295300000,39686.72,39686.72,39389.00,39458.69,1738.190,1610296199999,68700782.71252,19840,788.529,31164732.43173,0
1610296200000,39458.69,39608.00,39242.86,39431.80,3321.323,1610297099999,130813052.81709,28564,1540.069,60679641.63912,0
1610297100000,39426.77,39594.65,39222.00,39287.33,3041.865,1610297999999,119820442.50980,26110,1516.550,59742289.51004,0
1610298000000,39287.34,39435.95,38888.99,39060.09,6475.586,1610298899999,253072937.23073,52984,2965.145,115907095.11285,0
1610298900000,39053.50,39067.41,37980.50,38210.45,15012.266,1610299799999,577422038.24951,112830,6437.430,247657721.99508,0
1610299800000,38206.43,38483.59,37233.00,37780.84,21298.955,1610300699999,805099741.58074,159759,9620.997,363878755.63819,0
1610300700000,37790.65,38800.00,37633.86,38597.20,11306.101,1610301599999,433578280.94716,82797,6134.860,235260584.99735,0
1610301600000,38597.19,38799.37,38450.00,38615.96,5523.997,1610302499999,213228712.60833,46205,2602.419,100486259.88033,0
1610302500000,38615.96,38654.00,38070.35,38120.94,5561.223,1610303399999,213266077.41162,47098,2377.352,91163318.57473,0
1610303400000,38120.94,38448.00,37802.87,38164.48,7257.700,1610304299999,277048562.29872,58437,3497.931,133547858.15650,0
1610304300000,38171.85,38255.95,37850.00,38182.27,5207.189,1610305199999,198203421.20454,43558,2557.697,97377713.85386,0
1610305200000,38183.65,38617.14,38034.12,38556.67,3912.091,1610306099999,150179147.12801,36461,2116.600,81246288.03487,0
1610306100000,38552.04,38561.82,38223.85,38310.42,2507.952,1610306999999,96249158.32467,23441,1128.095,43297671.57061,0
1610307000000,38308.89,38330.00,37855.72,37896.06,2740.929,1610307899999,104353142.69279,27576,1169.883,44547411.76400,0
1610307900000,37894.39,38211.22,37184.90,37531.91,9411.517,1610308799999,354038460.42593,76265,4497.078,169224997.59316,0
1610308800000,37533.15,37868.01,36850.00,36880.40,11381.925,1610309699999,424516798.65250,98134,4885.945,182473764.17485,0
1610309700000,36880.39,37400.00,35268.00,36058.46,26272.293,1610310599999,956494434.91513,194241,11624.147,423687404.37084,0
1610310600000,36058.44,37566.02,35864.88,37446.55,18220.215,1610311499999,671092299.22237,147700,9824.489,361992854.09799,0
1610311500000,37440.18,37800.00,37315.93,37782.81,10114.829,1610312399999,379970093.83479,75200,5437.555,204366398.50006,0
1610312400000,37777.23,38270.58,37772.65,37958.05,9860.681,1610313299999,375146112.97402,80803,4868.640,185270024.59194,0
1610313300000,37973.38,38135.31,37577.70,37622.23,7037.022,1610314199999,266301590.65276,55901,3144.775,119051101.83195,0
1610314200000,37621.79,38227.07,37618.78,37886.37,4982.624,1610315099999,189497574.54471,41144,2516.622,95720913.31461,0
1610315100000,37886.36,38160.00,37790.00,38106.46,3420.050,1610315999999,129784278.02978,28019,1724.249,65456482.05841,0
1610316000000,38105.52,38901.65,37896.95,38733.27,5542.033,1610316899999,213322909.63515,50447,3297.556,126960522.44363,0
1610316900000,38733.27,39080.00,38668.00,38835.18,4491.101,1610317799999,174618087.63277,41024,2331.163,90666343.89296,0
1610317800000,38835.26,38962.49,38620.66,38866.11,2235.440,1610318699999,86688757.42706,24929,1108.373,42991874.61917,0
1610318700000,38872.42,38918.41,38430.11,38494.14,3030.307,1610319599999,116986754.70432,26812,1313.683,50720595.61744,0
1610319600000,38494.14,38755.00,38317.14,38550.04,3369.530,1610320499999,129805533.96611,29081,1629.166,62790848.09432,0
1610320500000,38550.07,38564.00,38180.00,38344.85,3369.173,1610321399999,129243758.58368,28724,1574.328,60409458.76698,0
1610321400000,38343.12,38542.00,38000.00,38521.40,3882.369,1610322299999,148604019.31248,32672,1934.172,74069385.69908,0
1610322300000,38517.42,38529.91,38200.00,38221.67,2137.461,1610323199999,82055221.97253,19429,1002.572,38491662.24939,0
1610323200000,38200.01,38322.18,37431.00,37639.79,6707.331,1610324099999,253592139.42643,58203,3083.307,116658462.11981,0
1610324100000,37642.97,38067.61,37460.12,37670.57,4173.339,1610324999999,157491215.80122,38298,2121.568,80102805.09018,0
1610325000000,37670.53,37984.46,37250.00,37275.15,4482.542,1610325899999,168597332.94921,40043,2016.471,75906460.27284,0
1610325900000,37275.14,37484.00,36770.22,37286.62,9659.030,1610326799999,358262331.85127,77303,4644.664,172337992.64703,0
1610326800000,37281.80,37745.00,37072.01,37731.36,5201.744,1610327699999,195212397.98428,45022,2742.670,102940002.55572,0
1610327700000,37734.45,37881.61,37602.00,37756.14,2655.520,1610328599999,100212060.60623,24816,1412.966,53326749.82429,0
1610328600000,37756.14,37817.85,37128.19,37219.22,3929.704,1610329499999,147184668.29747,34912,1843.551,69058684.13103,0
1610329500000,37220.27,37433.14,36750.00,37300.48,7120.445,1610330399999,264213420.85889,55584,3516.794,130552648.87444,0
1610330400000,37300.49,37476.32,36159.14,36885.15,10279.003,1610331299999,377112833.37974,81433,4508.059,165515753.29454,0
1610331300000,36885.15,36890.40,36268.00,36720.73,6747.109,1610332199999,246694592.89855,61851,3266.539,119447364.96009,0
1610332200000,36721.11,37200.00,36678.39,37102.99,4553.198,1610333099999,168439902.09096,39407,2426.503,89778221.43815,0
1610333100000,37102.99,37194.66,36353.00,36417.07,5816.614,1610333999999,213136848.55517,50787,2450.386,89795628.32729,0
1610334000000,36421.38,36757.74,35630.00,35730.86,8910.703,1610334899999,321863066.87818,78957,3764.476,136105535.89454,0
1610334900000,35730.33,36029.79,34943.00,35399.35,20283.918,1610335799999,720165632.20629,143870,9341.711,332060789.01197,0
1610335800000,35390.36,35395.11,33600.00,34199.99,31678.657,1610336699999,1087645818.88767,205619,14388.623,494226310.18736,0
1610336700000,34199.99,35747.47,34196.52,35473.52,17948.489,1610337599999,630673770.14914,127281,9540.514,335223215.85711,0
1610337600000,35469.47,36000.00,35300.00,35852.89,9645.157,1610338499999,344414216.33564,78783,5097.809,182113282.16626,0
1610338500000,35852.00,36003.03,34335.01,34719.49,13323.568,1610339399999,467206904.46089,102029,6041.110,211693316.54070,0
1610339400000,34707.77,35231.89,34441.05,35200.74,10406.344,1610340299999,363026490.47889,82285,5544.719,193522661.60775,0
1610340300000,35200.64,35753.54,35084.05,35561.68,5675.089,1610341199999,201257929.55865,49968,2902.716,102969992.83816,0
1610341200000,35561.18,35946.65,35379.02,35709.20,5297.451,1610342099999,189224233.20384,44645,2653.627,94813064.00789,0
1610342100000,35709.20,35850.00,35038.99,35673.99,7505.858,1610342999999,265889726.07431,59353,3718.343,131736020.54748,0
1610343000000,35673.99,35770.80,34750.01,34922.98,8385.075,1610343899999,294595317.57165,66788,3698.106,130002413.49875,0
1610343900000,34926.58,35209.37,34524.00,34941.87,9139.848,1610344799999,318273063.59986,69685,4643.367,161736558.60604,0
1610344800000,34937.90,34937.90,33739.00,33771.59,12320.117,1610345699999,421901127.92294,100268,5571.614,190882368.11095,0
1610345700000,33759.37,34547.45,33611.00,34376.32,13327.749,1610346599999,454849098.64596,108517,7003.471,239155937.89730,0
1610346600000,34376.72,34683.92,33350.00,33631.15,14053.861,1610347499999,475969664.89760,106488,6107.818,207096580.55133,0
1610347500000,33631.15,33852.77,32668.00,32924.52,24099.123,1610348399999,799106612.75869,172554,11205.302,371791406.39737,0
1610348400000,32924.52,33843.31,32600.00,33069.19,15866.393,1610349299999,528456476.83319,113732,7747.130,258211075.44137,0
1610349300000,33074.16,33783.95,32633.57,33776.29,15286.053,1610350199999,508753210.32177,115964,8047.439,268064057.33900,0
1610350200000,33782.35,34681.00,33765.43,34500.32,11134.493,1610351099999,381202577.31783,85640,5933.707,203162472.67847,0
1610351100000,34500.32,34749.00,33900.00,34399.95,9744.954,1610351999999,334166765.41490,79787,4834.924,165904139.42342,0
1610352000000,34399.95,35588.00,34150.00,35356.44,12086.548,1610352899999,423131712.49848,95859,6508.997,227859437.72572,0
1610352900000,35356.45,35675.27,35190.00,35300.71,7026.055,1610353799999,248672582.61269,55185,3250.946,115117842.80563,0
1610353800000,35302.61,35835.00,35269.50,35805.39,5157.841,1610354699999,183270883.33757,44029,2888.594,102669489.43823,0
1610354700000,35805.38,35894.00,35402.04,35455.56,5537.838,1610355599999,197551165.16664,45927,2427.493,86627998.69096,0
1610355600000,35461.84,35626.98,34940.00,35195.01,7664.671,1610356499999,269914713.68193,55671,2996.819,105567804.13080,0
1610356500000,35185.08,35628.64,35075.46,35581.83,4639.186,1610357399999,164354634.61670,39088,2403.493,85169676.23739,0
1610357400000,35583.03,35600.00,35117.11,35209.35,3512.435,1610358299999,124118631.00693,32489,1668.916,58989576.91648,0
1610358300000,35209.35,35812.90,35121.66,35800.00,3284.448,1610359199999,116673839.99189,30297,1945.847,69137928.72325,0
1610359200000,35800.00,36399.99,35633.22,36211.79,7523.134,1610360099999,271687042.90835,63213,4194.810,151483317.45431,0
1610360100000,36211.80,36221.49,35563.77,35719.99,5228.234,1610360999999,187569506.32308,43633,2386.092,85580917.90496,0
1610361000000,35719.97,35848.91,35239.90,35444.20,5682.271,1610361899999,201974234.26205,47186,2779.461,98829263.43242,0
1610361900000,35444.20,35624.66,35300.00,35396.52,3933.363,1610362799999,139440111.72201,35491,2002.697,71003217.03323,0
1610362800000,35394.05,35508.25,34661.87,34748.13,8715.151,1610363699999,305547936.74168,71070,3683.973,129219733.11657,0
1610363700000,34747.53,35100.00,34507.87,34635.83,7920.965,1610364599999,275269544.05268,65930,4043.039,140576705.99844,0
1610364600000,34639.35,35154.35,34639.35,34960.85,4074.957,1610365499999,142618014.34154,36501,2228.747,78009855.26656,0
1610365500000,34960.85,34967.63,34077.00,34218.66,7721.047,1610366399999,266008369.03138,65041,3431.611,118156143.03134,0
1610366400000,34225.10,34320.00,33546.37,33722.58,12225.417,1610367299999,413982085.56146,104372,5895.262,199719081.17494,0
1610367300000,33722.59,34919.58,33323.00,34894.01,13211.585,1610368199999,451506120.73743,102238,7079.475,242257984.98035,0
1610368200000,34897.12,35146.14,34608.00,34676.39,6253.458,1610369099999,218237569.18497,58795,2892.130,100989504.15972,0
1610369100000,34671.59,34989.99,34013.02,34303.49,8769.793,1610369999999,302263404.61805,76107,4074.034,140450548.14617,0
1610370000000,34300.59,34473.91,33778.95,34012.45,9204.278,1610370899999,314280778.98979,78502,4263.792,145690632.77095,0
1610370900000,34004.48,34017.90,33121.01,33413.76,13607.582,1610371799999,456839218.34190,112728,6155.023,206725413.90450,0
1610371800000,33411.87,33806.50,32852.14,33650.03,16082.866,1610372699999,535476191.34888,128348,8162.302,271917198.77691,0
1610372700000,33650.03,33851.14,32780.71,32846.12,12333.235,1610373599999,411051287.07387,97148,5091.557,169728871.24361,0
1610373600000,32846.12,33271.12,31153.28,31167.08,30374.319,1610374499999,976323183.49277,233116,13346.146,429289790.99099,0
1610374500000,31167.07,33445.55,31146.15,33100.00,27032.550,1610375399999,879228960.83770,205806,14756.785,480079861.63974,0
1610375400000,33099.99,33550.00,32746.47,33453.00,10996.575,1610376299999,365096224.67305,94619,5557.741,184592967.73171,0
1610376300000,33453.00,33800.00,33125.46,33322.85,8137.684,1610377199999,272803399.51575,71040,4349.472,145881505.24374,0
1610377200000,33322.85,33711.00,32802.03,32825.14,7664.183,1610378099999,255194205.19401,70522,3615.812,120493610.41327,0
1610378100000,32825.14,33330.00,32653.23,32685.58,6203.419,1610378999999,204550712.67434,59794,2920.387,96356637.45196,0
1610379000000,32685.58,32861.06,31600.00,31950.76,10879.148,1610379899999,351292703.58276,102982,5097.412,164688277.87338,0
1610379900000,31963.13,32350.40,31450.00,31618.49,11444.125,1610380799999,364188846.53760,112434,5788.998,184351420.52387,0
1610380800000,31618.49,32302.67,30772.50,30791.45,23685.381,1610381699999,742564947.81010,190206,11497.828,360754072.21431,0
1610381700000,30783.43,31818.00,30600.00,31182.17,19351.336,1610382599999,603736692.87046,160830,9993.226,311834572.80252,0
1610382600000,31195.93,31467.30,30448.00,30617.18,14170.103,1610383499999,436929821.72152,129299,6821.368,210451262.14858,0
1610383500000,30617.17,31949.20,30462.00,31836.77,12829.276,1610384399999,400617631.91538,114501,6947.700,216950948.76503,0
1610384400000,31836.77,31850.00,30750.00,31211.02,10887.569,1610385299999,340618801.66996,95290,5116.056,160061368.71340,0
1610385300000,31209.16,32750.00,31190.82,32669.51,14743.399,1610386199999,474402509.55103,123560,7936.226,255354771.09701,0
1610386200000,32658.33,33570.58,32608.38,33081.21,13018.105,1610387099999,431159634.52996,122872,6569.475,217587552.68045,0
1610387100000,33084.17,33097.30,32382.46,32863.18,12394.250,1610387999999,405470943.46141,104398,5898.579,193065094.24365,0
1610388000000,32863.21,33072.93,32443.64,32873.95,6589.956,1610388899999,216221845.17422,60718,3288.059,107951515.08718,0
1610388900000,32873.13,33089.60,32616.00,33036.62,4475.739,1610389799999,147269695.44145,39607,2292.020,75452627.08972,0
1610389800000,33036.97,33287.65,32710.90,33214.25,4739.614,1610390699999,156674636.69376,42098,2491.391,82393352.88648,0
1610390700000,33215.81,33345.08,32477.85,32578.37,5286.037,1610391599999,173922575.67424,46769,2295.847,75581067.44396,0
1610391600000,32578.36,32750.10,31712.77,31741.44,6152.396,1610392499999,198485174.20311,52243,2656.001,85730776.35601,0
1610392500000,31750.57,31961.44,31400.00,31416.96,7290.938,1610393399999,231166212.60881,61617,3301.214,104765867.77891,0
1610393400000,31418.68,32280.00,31270.00,32181.14,6873.063,1610394299999,218136205.49032,57069,3739.949,118802569.50274,0
1610394300000,32180.46,32599.60,32171.40,32282.08,6730.797,1610395199999,218216977.92421,55070,3383.574,109700476.68585,0
1610395200000,32284.74,32300.00,31441.65,31604.60,7218.106,1610396099999,229341807.95912,58592,3428.214,108881994.32523,0
1610396100000,31605.97,32231.73,31560.00,31810.64,5455.410,1610396999999,173983410.64295,50318,2690.466,85828673.33709,0
1610397000000,31804.24,32318.11,31600.00,32264.06,5671.372,1610397899999,181319710.64008,50668,2866.408,91722450.34806,0
1610397900000,32264.47,33528.35,32249.86,33494.81,10909.235,1610398799999,360421311.14508,92205,5591.762,184692433.22596,0
1610398800000,33494.78,34000.00,33140.14,33977.15,8883.829,1610399699999,298097580.00726,78384,4711.760,158282698.87198,0
1610399700000,33985.57,34490.00,33741.83,34461.30,9129.475,1610400599999,312114747.15873,70714,4773.415,163216092.24569,0
1610400600000,34459.02,34473.15,33644.00,34217.68,7994.362,1610401499999,272706362.40869,68455,3901.701,133050484.56251,0
1610401500000,34217.66,34306.33,33838.77,33994.94,4308.305,1610402399999,146835038.21180,43442,2008.466,68469119.92624,0
1610402400000,33995.43,34380.00,33708.00,34369.80,3597.520,1610403299999,122336262.94985,40127,1760.553,59894642.22836,0
1610403300000,34369.80,34921.64,34357.12,34648.73,5917.905,1610404199999,205483803.31423,55857,3234.519,112249293.87015,0
1610404200000,34653.17,34790.59,34242.19,34500.00,3931.410,1610405099999,135700703.42249,42181,2017.225,69644048.02994,0
1610405100000,34500.00,34586.82,34051.74,34396.18,3847.020,1610405999999,132002327.33518,41960,1856.800,63734451.89343,0
1610406000000,34396.19,34999.00,34396.19,34970.13,4442.376,1610406899999,154444130.08147,52835,2305.836,80165552.62153,0
1610406900000,34970.12,35300.00,34852.95,35075.72,5881.216,1610407799999,206194973.91750,57074,3025.416,106102010.66225,0
1610407800000,35075.72,35449.90,34813.00,35352.76,4778.392,1610408699999,167731453.03187,42890,2667.114,93695494.54588,0
1610408700000,35352.75,35619.00,35293.84,35408.46,5604.919,1610409599999,198939403.51045,46774,2920.555,103700524.87755,0
1610409600000,35406.92,35536.55,34725.11,34791.03,6998.923,1610410499999,246264324.82449,63826,3141.118,110570341.29953,0
1610410500000,34782.79,34975.59,34307.54,34599.30,6680.850,1610411399999,231356937.55723,58266,3199.705,110853422.36616,0
1610411400000,34599.31,35145.38,34459.72,35145.38,3991.379,1610412299999,138985459.14420,42543,2165.420,75419713.15463,0
1610412300000,35144.89,35293.19,34825.00,34960.01,3641.846,1610413199999,127616355.84214,35738,1564.342,54843537.08965,0
1610413200000,34960.00,35500.00,34960.00,35391.82,3132.421,1610414099999,110543267.49920,32858,1647.849,58167727.14642,0
1610414100000,35389.59,35484.62,34950.98,34996.73,2860.304,1610414999999,100694536.61276,30203,1192.492,41987410.69226,0
1610415000000,34998.14,35061.78,34168.00,34429.58,5631.047,1610415899999,194509111.53442,52514,2568.671,88721282.51452,0
1610415900000,34429.58,34433.71,33953.03,34317.15,5140.557,1610416799999,175598403.85184,47054,2570.590,87841140.14579,0
1610416800000,34317.16,34535.04,33799.69,33821.84,4000.324,1610417699999,136920378.09099,40411,1891.365,64834331.49760,0
1610417700000,33825.37,34153.97,33727.32,33925.99,3860.886,1610418599999,131016994.92623,35466,1922.003,65227502.23873,0
1610418600000,33923.63,34442.50,33920.39,34384.40,2805.834,1610419499999,96154562.49797,28392,1441.145,49387316.87102,0
1610419500000,34383.73,34650.00,34245.96,34427.99,2726.171,1610420399999,94041198.59649,28168,1476.798,50959591.33676,0
1610420400000,34427.98,34690.00,34209.21,34307.57,2568.775,1610421299999,88487497.50290,27871,1215.239,41881652.12807,0
1610421300000,34310.00,35022.70,34303.43,35005.92,3093.387,1610422199999,107494965.35757,32002,1746.146,60700553.81139,0
1610422200000,34998.64,35011.57,34719.48,34841.22,2226.187,1610423099999,77612241.93157,23927,1090.205,38010241.84093,0
1610423100000,34841.65,35038.62,34576.19,35020.00,2165.491,1610423999999,75313584.83346,24526,1177.618,40962552.03213,0
1610424000000,35019.09,35354.38,34926.45,34972.99,4011.769,1610424899999,140994334.39976,42372,2112.128,74266734.01193,0
1610424900000,34972.99,35034.96,34765.47,34946.14,2267.672,1610425799999,79130968.51269,26028,1267.972,44252455.11904,0
1610425800000,34946.14,34961.08,34624.87,34809.21,2071.728,1610426699999,72000948.28536,24413,1027.500,35716323.12858,0
1610426700000,34809.20,35383.98,34543.79,35335.12,6652.097,1610427599999,232572809.97600,54189,3742.740,130807801.30181,0
1610427600000,35338.88,35584.63,35320.14,35404.63,4030.186,1610428499999,142852544.86324,42072,1981.548,70257916.44675,0
1610428500000,35404.62,35404.62,35003.59,35129.99,2739.809,1610429399999,96388300.03017,30975,1160.384,40822113.99433,0
1610429400000,35130.00,35420.00,35034.78,35320.39,2312.113,1610430299999,81523291.78790,24850,1360.385,47960218.92665,0
1610430300000,35320.65,35946.29,35320.39,35942.45,5770.568,1610431199999,205884074.02880,52194,3273.070,116795708.61333,0
1610431200000,35940.07,36165.43,35750.00,35792.53,5390.118,1610432099999,193848722.62048,54741,2714.384,97662244.96316,0
1610432100000,35792.53,36300.00,35790.56,36251.50,4209.442,1610432999999,152085228.39063,43082,2341.237,84593813.69706,0
1610433000000,36251.51,36400.00,36009.02,36093.46,4355.203,1610433899999,157552373.87497,43518,2241.254,81098721.67115,0
1610433900000,36093.47,36309.40,35892.02,36026.66,3941.079,1610434799999,142217154.37408,37799,1936.864,69921631.44791,0
1610434800000,36026.67,36150.00,35666.00,35822.13,3617.323,1610435699999,129654309.06968,36159,1451.031,52034423.53673,0
1610435700000,35822.11,35966.00,35661.77,35854.95,2691.573,1610436599999,96454629.97901,31264,1403.073,50296204.82178,0
1610436600000,35855.79,36693.44,35829.60,36637.60,6063.078,1610437499999,220283323.14864,55381,3576.720,129963221.83186,0
1610437500000,36635.83,36667.00,36350.00,36452.84,4070.760,1610438399999,148594191.20389,41613,1704.233,62224355.99252,0
1610438400000,36447.10,36550.00,36025.00,36149.99,4772.786,1610439299999,172896361.36688,47217,2277.631,82515319.54504,0
1610439300000,36150.00,36190.78,35818.01,36158.97,4659.398,1610440199999,167618819.93807,43034,2538.577,91346621.45233,0
1610440200000,36158.16,36330.00,35959.00,36211.94,2796.233,1610441099999,101182630.31981,32901,1434.904,51930860.51623,0
1610441100000,36211.95,36241.70,35664.07,35814.68,4878.782,1610441999999,174846726.99701,45980,1964.855,70377661.16231,0
1610442000000,35814.67,36065.00,35507.38,35992.81,4922.560,1610442899999,176014732.15068,49461,2344.530,83904944.47018,0
1610442900000,35994.78,36074.98,35681.33,35866.78,3373.453,1610443799999,120940775.78192,33207,1453.208,52109672.92060,0
1610443800000,35859.13,36208.85,35845.35,36081.03,2969.319,1610444699999,107127630.71740,32158,1609.365,58073583.22119,0
1610444700000,36078.85,36215.00,35905.28,35970.72,2160.223,1610445599999,77868046.75105,25737,1064.384,38378411.00667,0
1610445600000,35970.23,36188.76,35342.10,35380.18,6386.179,1610446499999,228044725.22325,61275,2736.606,97742295.81458,0
1610446500000,35380.19,35431.00,34887.77,34921.65,6010.225,1610447399999,211530596.99322,62420,2522.614,88865894.67137,0
1610447400000,34921.65,35265.66,34789.92,35204.57,6345.175,1610448299999,222456072.23968,60567,3240.263,113651947.67787,0
1610448300000,35206.00,35356.89,35002.92,35133.40,3467.350,1610449199999,121917228.73936,38097,1786.311,62828368.77216,0
1610449200000,35127.34,35640.00,35127.34,35506.45,4303.007,1610450099999,152471954.18788,42202,2446.184,86687160.06712,0
1610450100000,35506.44,35918.08,35468.07,35627.32,5171.837,1610450999999,184718439.55155,46194,2795.790,99872180.10394,0
1610451000000,35623.50,35762.85,35201.48,35330.49,5133.910,1610451899999,182032923.08572,42590,2092.415,74241002.34931,0
1610451900000,35330.49,35557.48,35224.23,35451.00,3409.947,1610452799999,120686981.86782,34140,1591.874,56353805.33154,0
1610452800000,35452.47,35720.00,35389.78,35679.23,3172.897,1610453699999,112986693.79547,33868,1829.041,65144761.47636,0
1610453700000,35681.02,35685.47,35247.00,35380.27,3771.322,1610454599999,133444829.87360,34616,2005.605,70956867.47252,0
1610454600000,35381.48,35389.96,34969.18,35012.50,3893.566,1610455499999,136890295.71606,39522,1643.413,57799513.87360,0
1610455500000,35006.11,35269.67,34913.38,35042.49,3596.098,1610456399999,126150722.81585,40155,1770.954,62138969.68706,0
1610456400000,35042.49,35450.00,35042.43,35331.63,2921.245,1610457299999,103100686.74403,31045,1477.254,52136397.24435,0
1610457300000,35333.00,35339.06,34398.57,34595.03,8755.911,1610458199999,304012304.11479,81343,4033.285,140009009.47365,0
1610458200000,34595.03,34736.42,33813.75,33986.35,11188.508,1610459099999,382695078.32536,89305,4597.799,157370604.37214,0
1610459100000,33993.88,34161.13,33321.60,33348.64,12411.443,1610459999999,419101233.27061,110147,5507.565,186162464.09180,0
1610460000000,33348.64,34090.00,33348.64,33850.00,10692.972,1610460899999,361317237.36519,94794,5813.290,196468661.61589,0
1610460900000,33850.00,34100.00,32890.00,32991.54,10947.582,1610461799999,365523763.42881,95749,4810.082,160841883.90208,0
1610461800000,32997.00,33398.58,32600.00,33280.11,14368.913,1610462699999,473881765.40413,121716,7122.663,235151310.76655,0
1610462700000,33280.13,33550.00,33000.00,33450.28,6992.472,1610463599999,233193382.69838,67478,3612.052,120512313.48760,0
1610463600000,33450.23,33970.52,33439.07,33725.36,7979.580,1610464499999,269481856.65385,69907,4644.289,156850911.97281,0
1610464500000,33727.38,34315.86,33640.50,34089.00,6789.272,1610465399999,231239793.59380,59577,3465.226,118049803.74446,0
1610465400000,34089.00,34121.44,33711.00,33876.86,5684.445,1610466299999,192690776.54818,50494,2421.742,82107398.94973,0
1610466300000,33881.68,34241.45,33759.69,33861.95,4031.091,1610467199999,137086095.76348,39235,1921.423,65376161.02143,0
1610467200000,33861.94,34627.98,33840.77,34440.00,7047.620,1610468099999,242041450.84357,68111,4016.257,137922743.44579,0
1610468100000,34440.00,34821.00,34309.93,34580.35,5840.938,1610468999999,202246886.75533,50627,3082.482,106766026.60318,0
1610469000000,34580.36,34769.01,34409.15,34678.42,3802.198,1610469899999,131544763.93427,38161,2108.727,72974151.00362,0
1610469900000,34678.42,35037.13,34517.37,35026.82,4880.282,1610470799999,169935888.47916,45120,2629.299,91610990.73754,0
1610470800000,35022.95,35330.00,34806.81,35114.50,6337.174,1610471699999,222469641.02891,55664,2997.332,105253189.92252,0
1610471700000,35112.76,35135.15,34652.00,34654.75,3814.368,1610472599999,132942371.44478,36506,1547.477,53945686.93803,0
1610472600000,34654.54,34948.92,34603.70,34736.27,3195.297,1610473499999,111054467.75381,31406,1451.842,50476086.40262,0
1610473500000,34736.27,35180.00,34655.00,35050.00,3230.200,1610474399999,112859100.26575,32000,1656.705,57917526.01065,0
1610474400000,35048.53,35551.00,34842.13,35412.59,3991.560,1610475299999,140426115.42715,41961,2319.585,81686375.40275,0
1610475300000,35412.56,35584.79,35259.79,35361.72,2902.019,1610476199999,102807476.31256,35745,1290.525,45735430.98619,0
1610476200000,35361.71,35393.83,35000.00,35100.00,2886.985,1610477099999,101469469.40142,29426,1436.244,50468126.09814,0
1610477100000,35099.99,35297.32,34857.54,35079.99,3041.427,1610477999999,106580133.66128,30279,1486.898,52139200.89430,0
1610478000000,35080.00,35081.85,34682.00,34928.13,3811.500,1610478899999,132816819.51924,34364,1482.456,51667912.83574,0
1610478900000,34928.13,35000.00,34514.63,34633.10,2984.841,1610479799999,103682999.38457,30181,1315.865,45735804.81740,0
1610479800000,34634.16,34747.16,34310.00,34314.48,4410.734,1610480699999,152234803.04060,38467,1776.106,61328214.72296,0
1610480700000,34315.58,34858.78,34218.01,34722.18,3716.769,1610481599999,128616043.42572,34167,2085.448,72207679.71536,0
1610481600000,34722.18,34722.61,34233.46,34339.41,4565.339,1610482499999,157074886.53095,39602,2243.901,77202963.97174,0
1610482500000,34339.73,34358.90,33875.01,34254.99,6170.925,1610483399999,210599007.41352,49073,3384.460,115518790.53870,0
1610483400000,34254.99,34262.22,33752.00,33989.21,5436.443,1610484299999,184463674.99331,46823,2815.127,95526150.98285,0
1610484300000,33986.81,34354.30,33917.23,34294.85,3664.680,1610485199999,125209030.36517,34585,2078.916,71049452.33109,0
1610485200000,34294.86,34492.98,34231.43,34375.60,3636.535,1610486099999,125022237.81558,31950,2182.460,75038344.65638,0
1610486100000,34377.70,34439.24,34040.01,34141.78,2446.510,1610486999999,83710894.41419,26301,1039.715,35582518.45519,0
1610487000000,34143.15,34339.14,33839.82,34287.26,3858.379,1610487899999,131276685.82655,36660,1824.225,62098764.79615,0
1610487900000,34287.26,34896.98,34263.09,34745.23,4455.132,1610488799999,154400738.14301,42908,2535.023,87806140.53428,0
1610488800000,34748.29,35075.21,34701.60,34816.51,3270.384,1610489699999,114113779.26805,33498,1726.545,60268454.58390,0
1610489700000,34816.51,34816.74,34363.38,34432.38,2411.790,1610490599999,83472487.27747,26959,948.487,32847090.70396,0
1610490600000,34432.30,34648.00,34215.00,34226.23,2348.278,1610491499999,80797556.26612,26291,1202.204,41385304.12664,0
1610491500000,34226.19,34227.85,33366.00,33767.47,6845.686,1610492399999,231015703.77678,68496,3239.649,109327800.15808,0
1610492400000,33773.44,34055.11,33300.00,33971.17,6507.484,1610493299999,218642718.49308,62338,3433.004,115470888.92294,0
1610493300000,33966.40,34050.25,33337.60,33485.63,4717.006,1610494199999,158661665.16185,46958,2192.197,73748401.52548,0
1610494200000,33479.43,33904.64,33320.89,33815.59,5469.458,1610495099999,183653133.84008,50321,2842.137,95481610.90775,0
1610495100000,33820.58,34163.83,33653.88,34056.90,3691.151,1610495999999,125055121.41676,37150,2028.107,68738474.03552,0
1610496000000,34065.53,34078.34,33477.43,33853.26,4902.918,1610496899999,165418685.09523,49945,2339.873,78947163.96508,0
1610496900000,33851.57,33962.24,32900.50,33102.82,6899.999,1610497799999,229719600.33323,64393,2820.316,93910806.80903,0
1610497800000,33102.83,33275.28,32764.80,33193.27,6134.663,1610498699999,202519988.21539,59221,2834.183,93633331.75098,0
1610498700000,33187.63,33209.29,32420.00,32560.06,9783.398,1610499599999,320383820.15039,88366,4457.869,146064584.29823,0
1610499600000,32567.96,33207.76,32521.79,33144.89,6264.687,1610500499999,206039968.79700,61678,3390.006,111503150.33276,0
1610500500000,33144.89,33204.16,32540.03,32622.84,4755.632,1610501399999,156396619.50432,46842,2081.014,68440075.92705,0
1610501400000,32622.83,33059.55,32571.87,32710.60,4260.460,1610502299999,139906937.04161,41262,2024.073,66471706.02829,0
1610502300000,32710.61,33297.30,32709.00,33141.42,5281.613,1610503199999,174850958.14640,47670,2882.919,95451854.37890,0
1610503200000,33141.43,33566.00,33088.18,33236.72,5267.415,1610504099999,175769991.28318,45474,2647.340,88379404.85985,0
1610504100000,33237.56,33397.30,32760.00,32813.95,4227.888,1610504999999,139674060.46939,40788,1918.821,63435225.25206,0
1610505000000,32813.94,32887.04,32567.00,32858.49,4560.732,1610505899999,149306259.52091,42107,2109.016,69074037.07842,0
1610505900000,32856.13,33175.04,32671.06,33054.31,4387.394,1610506799999,144753976.87743,39896,2365.565,78054016.62712,0
1610506800000,33052.46,34277.95,33003.00,34085.22,8628.980,1610507699999,291208188.77064,76571,4876.876,164520683.67314,0
1610507700000,34085.25,34430.00,33870.90,33940.91,6955.310,1610508599999,237059166.32245,68054,3255.777,111011332.43833,0
1610508600000,33941.60,34120.00,33850.00,33872.01,4259.013,1610509499999,144632897.69071,41093,2129.762,72340156.90581,0
1610509500000,33875.83,34045.00,33668.85,33842.49,4185.963,1610510399999,141521120.49828,40778,2166.197,73247169.49212,0
1610510400000,33843.03,33941.12,33503.25,33694.12,4739.064,1610511299999,159648822.98075,45732,2463.826,83034715.87264,0
1610511300000,33694.12,33780.00,33453.09,33726.80,4491.015,1610512199999,150854780.68654,42817,2181.442,73296220.42150,0
1610512200000,33732.81,33814.98,33200.00,33274.10,4635.451,1610513099999,155092669.60362,41129,2047.044,68521075.39205,0
1610513100000,33273.36,33405.44,33132.23,33219.34,3483.858,1610513999999,115860540.29886,30855,1551.816,51630105.63232,0
1610514000000,33219.35,33562.38,33196.59,33499.07,3013.563,1610514899999,100767435.05378,27358,1793.740,59978814.31635,0
1610514900000,33498.25,33516.58,33000.00,33066.73,2701.880,1610515799999,89642501.63596,26242,1205.370,40001814.35822,0
1610515800000,33067.00,33320.00,32827.50,33114.44,3495.762,1610516699999,115721342.27496,34909,1771.270,58663488.13358,0
1610516700000,33116.40,33350.00,32850.00,33344.87,4023.923,1610517599999,132999911.02424,35776,1998.550,66074105.14983,0
1610517600000,33344.86,33633.53,33248.28,33564.31,4508.102,1610518499999,150799765.81760,37771,2594.051,86795487.68139,0
1610518500000,33563.65,33921.33,33490.00,33847.45,5202.746,1610519399999,175693472.15296,39054,3131.051,105750999.17663,0
1610519400000,33847.45,34000.00,33640.50,34000.00,3700.461,1610520299999,125197295.98828,30607,1966.117,66568242.76029,0
1610520300000,34000.00,34246.03,33767.14,33813.62,5328.416,1610521199999,181356212.42392,42770,2635.351,89736182.35739,0
1610521200000,33814.00,34071.80,33723.75,33973.94,2925.249,1610522099999,99124479.07753,27262,1509.096,51145699.38176,0
1610522100000,33973.95,34745.00,33828.00,34652.16,5191.685,1610522999999,178338031.16708,49769,3223.208,110733075.90118,0
1610523000000,34649.43,34967.67,34645.08,34864.02,4599.509,1610523899999,160015417.78730,46148,2303.808,80173453.88092,0
1610523900000,34869.52,35200.00,34861.45,35019.26,5412.934,1610524799999,189672295.20571,50629,2934.025,102826913.15636,0
1610524800000,35019.26,35096.58,34666.00,34773.66,5088.667,1610525699999,177230423.87455,44750,2307.303,80391760.25336,0
1610525700000,34778.31,34893.12,34602.87,34701.76,4030.175,1610526599999,140024431.05487,33301,1648.623,57294281.74949,0
1610526600000,34701.22,34839.30,34492.42,34680.43,3746.784,1610527499999,129711385.20757,32083,1730.532,59922588.65682,0
1610527500000,34675.01,34875.13,34530.53,34552.48,3156.982,1610528399999,109600207.70367,28913,1621.513,56308763.39114,0
1610528400000,34550.01,34948.92,34550.01,34805.29,2650.442,1610529299999,92243081.66058,27563,1432.441,49840325.18927,0
1610529300000,34810.99,35150.00,34751.56,34751.56,4291.254,1610530199999,150046671.17899,38706,2362.387,82624202.87660,0
1610530200000,34751.56,34850.00,34212.39,34340.06,4164.451,1610531099999,143813383.53221,35910,1544.607,53391295.58412,0
1610531100000,34339.99,34505.23,34220.00,34389.97,3291.568,1610531999999,113224792.92869,30153,1748.628,60162434.95896,0
1610532000000,34387.29,34946.00,34383.97,34814.30,3598.108,1610532899999,124965070.47694,35249,2043.333,70959564.52918,0
1610532900000,34814.31,35037.13,34770.21,34810.89,2738.696,1610533799999,95559018.76644,26967,1184.714,41352775.55225,0
1610533800000,34810.89,35139.02,34504.50,34656.06,6091.811,1610534699999,211931182.92134,50088,3004.730,104584100.77671,0
1610534700000,34656.06,34996.81,34574.22,34973.67,2917.126,1610535599999,101527189.55333,28443,1575.571,54852975.20359,0
1610535600000,34974.69,35018.87,34557.13,34676.13,3321.587,1610536499999,115470522.21523,31397,1587.273,55189215.34860,0
1610536500000,34676.21,35058.79,34675.00,34912.63,2864.782,1610537399999,99953502.86022,28177,1733.427,60482550.26130,0
1610537400000,34912.63,35325.39,34541.25,34643.69,8464.649,1610538299999,295968639.35317,71380,4070.787,142438071.14633,0
1610538300000,34647.19,34694.33,34270.00,34428.04,6171.890,1610539199999,212719399.64290,52518,2924.073,100855299.05977,0
1610539200000,34431.81,34546.50,34035.00,34304.06,5692.880,1610540099999,194983494.16263,51486,2609.278,89417490.48706,0
1610540100000,34304.06,34473.01,34085.57,34206.46,4227.614,1610540999999,144724810.53572,38463,1699.547,58216270.89819,0
1610541000000,34206.46,34460.00,34206.45,34417.96,2337.092,1610541899999,80331952.10439,25813,1232.306,42365423.84700,0
1610541900000,34417.95,34477.07,34264.58,34303.72,1452.725,1610542799999,49930574.27409,19758,683.702,23503876.77803,0
1610542800000,34306.81,34589.07,34110.00,34531.97,3632.590,1610543699999,124751830.37183,37913,1830.972,62895521.80852,0
1610543700000,34531.96,34749.00,34470.90,34570.41,3164.589,1610544599999,109601771.70565,30602,1695.474,58728554.15543,0
1610544600000,34570.40,34837.83,34570.40,34670.27,3830.636,1610545499999,133109890.91077,30016,1964.237,68261215.03582,0
1610545500000,34670.27,34739.88,34427.00,34618.06,3143.853,1610546399999,108632703.39066,28034,1423.387,49193175.41975,0
1610546400000,34619.29,34691.84,34420.00,34654.99,2090.877,1610547299999,72233719.92319,22780,902.709,31196880.32284,0
1610547300000,34655.00,35188.45,34621.04,34950.74,6750.775,1610548199999,236204162.30877,60629,3475.727,121568215.03301,0
1610548200000,34950.74,34973.73,34715.70,34746.42,3017.773,1610549099999,105167361.37002,29416,1326.169,46228690.47272,0
1610549100000,34746.42,34887.77,34260.00,34295.48,5268.091,1610549999999,181956284.81416,43376,2177.566,75251559.44666,0
1610550000000,34301.33,34470.73,34200.00,34434.00,3716.670,1610550899999,127711756.40613,35487,2199.338,75599536.41850,0
1610550900000,34434.01,34666.66,34408.82,34666.59,2582.637,1610551799999,89160222.41668,27383,1392.935,48096904.83926,0
1610551800000,34666.11,34758.99,34582.02,34725.89,1956.933,1610552699999,67866296.45035,21201,880.280,30535840.47172,0
1610552700000,34725.89,34912.91,34529.15,34711.76,3801.347,1610553599999,131960984.99339,35887,1639.877,56947548.45702,0
1610553600000,34711.35,34991.00,34558.00,34613.31,3790.970,1610554499999,131816319.90205,40058,1943.511,67591707.89145,0
1610554500000,34613.31,34708.04,34484.06,34484.07,2130.395,1610555399999,73675934.18834,23791,1012.843,35038865.01419,0
1610555400000,34484.07,34666.66,34421.39,34626.10,1587.473,1610556299999,54871002.74008,18865,893.907,30904614.11217,0
1610556300000,34627.46,34833.33,34627.46,34825.89,1472.755,1610557199999,51181008.69963,17844,783.703,27234188.18423,0
1610557200000,34825.90,35023.93,34713.01,34968.81,2744.134,1610558099999,95677963.09806,28265,1366.830,47670539.13413,0
1610558100000,34968.81,34980.00,34684.00,34927.17,2160.446,1610558999999,75229961.68256,23336,1019.262,35489215.48108,0
1610559000000,34927.16,35067.61,34835.00,34930.08,2723.626,1610559899999,95262185.19482,28654,1444.188,50523566.62354,0
1610559900000,34934.49,35049.99,34792.50,34857.07,1752.423,1610560799999,61187884.19201,21200,920.525,32146876.38605,0
1610560800000,34859.81,34948.92,34769.20,34854.90,1599.747,1610561699999,55745391.32122,20151,883.154,30779269.68641,0
1610561700000,34854.65,35200.00,34809.00,35186.31,2648.911,1610562599999,92805180.95287,25127,1609.165,56396093.85734,0
1610562600000,35186.31,35870.00,35178.28,35792.60,9115.043,1610563499999,324633789.02154,85376,4762.497,169583993.20620,0
1610563500000,35789.87,36000.00,35687.79,35776.97,5231.193,1610564399999,187571623.99835,45570,2899.761,104015969.35446,0
1610564400000,35776.97,36050.40,35770.35,35884.26,3364.062,1610565299999,120806177.13390,35877,1856.058,66662492.02041,0
1610565300000,35884.25,35919.67,35637.31,35857.00,2729.179,1610566199999,97684481.47278,28887,1155.490,41360509.12933,0
1610566200000,35857.00,36235.59,35748.72,36091.71,4104.467,1610567099999,148065602.45583,40854,2143.476,77326880.05904,0
1610567100000,36088.00,36200.00,36015.79,36035.43,2380.041,1610567999999,85918248.17038,22665,1287.221,46476333.36064,0
1610568000000,36035.42,36420.00,36035.42,36332.61,3493.444,1610568899999,126639577.04384,34656,2097.719,76049362.16735,0
1610568900000,36334.21,36512.59,35902.26,35995.85,5205.925,1610569799999,188731484.81251,48738,2312.297,83916782.92545,0
1610569800000,35995.85,36100.13,35762.22,36015.80,5181.578,1610570699999,186149711.97496,45688,2618.231,94110039.86754,0
1610570700000,36015.79,36316.74,35823.84,36265.01,3044.733,1610571599999,109995033.30517,34267,1569.347,56713524.79474,0
1610571600000,36267.13,36449.85,36171.92,36337.00,2959.507,1610572499999,107570460.83756,32708,1369.366,49777900.05726,0
1610572500000,36337.55,36588.00,36175.00,36278.03,3510.501,1610573399999,127749637.13702,39439,1679.141,61136158.00081,0
1610573400000,36277.11,36550.00,36213.58,36485.07,2692.402,1610574299999,98038096.72521,27355,1323.768,48197056.27063,0
1610574300000,36485.07,37489.00,36464.70,37354.27,10709.679,1610575199999,397690000.84120,102655,5987.187,222185530.21248,0
1610575200000,37357.67,37880.00,37279.28,37331.83,6924.445,1610576099999,260384917.04744,77641,3443.834,129558450.45275,0
1610576100000,37335.37,37660.00,37330.00,37380.00,3661.806,1610576999999,137372677.00355,46417,1883.476,70670072.35935,0
1610577000000,37372.45,37571.50,36940.00,37173.22,5142.620,1610577899999,191274143.04436,52466,2142.096,79731731.29378,0
1610577900000,37170.00,37408.56,37050.41,37262.99,3011.668,1610578799999,112164919.98009,31362,1604.208,59763581.17795,0
1610578800000,37262.99,37499.98,37259.28,37365.26,2444.783,1610579699999,91413989.59265,28315,1456.070,54443919.64406,0
1610579700000,37365.26,37623.61,37270.50,37277.79,3038.882,1610580599999,113912471.06012,32067,1590.271,59630780.04945,0
1610580600000,37278.78,37378.81,37050.00,37116.01,3522.936,1610581499999,131046699.88153,35787,1678.287,62437031.49979,0
1610581500000,37116.00,37455.84,37036.32,37421.07,2642.577,1610582399999,98561109.57516,28478,1377.977,51399829.59498,0
1610582400000,37416.34,38273.36,37410.29,37995.45,8557.855,1610583299999,324649473.72001,82328,4450.767,168827762.69562,0
1610583300000,37990.83,38088.00,37710.00,37929.54,4173.785,1610584199999,158174624.38481,45716,2088.404,79159554.69401,0
1610584200000,37929.54,37998.00,37715.26,37803.04,2487.992,1610585099999,94181932.05103,29568,1334.358,50518661.57822,0
1610585100000,37801.00,37925.10,37700.00,37831.32,2326.298,1610585999999,87931815.73881,27361,1277.629,48297658.62772,0
1610586000000,37831.42,37845.10,37510.96,37605.55,3171.929,1610586899999,119295059.07423,36425,1476.420,55530853.12280,0
1610586900000,37607.44,37830.00,37400.00,37830.00,3224.015,1610587799999,121215428.82227,34195,1520.723,57211962.90909,0
1610587800000,37829.99,37829.99,37462.00,37518.31,2203.667,1610588699999,82851830.41779,26675,1157.417,43519043.65132,0
1610588700000,37518.18,37663.99,37445.48,37519.00,1949.991,1610589599999,73218834.74773,22665,972.835,36534089.78190,0
1610589600000,37518.99,37660.81,37268.00,37280.36,2387.730,1610590499999,89505441.79960,27327,1014.203,38034502.97977,0
1610590500000,37280.35,37446.83,37137.50,37376.16,3560.881,1610591399999,132773102.20726,33371,1765.667,65856882.25859,0
1610591400000,37376.15,37780.37,37329.75,37639.99,2897.350,1610592299999,108941022.49452,31115,1536.614,57773904.30990,0
1610592300000,37640.00,37700.00,37445.00,37511.03,1732.509,1610593199999,65101009.79721,20733,875.198,32896219.90195,0
1610593200000,37514.21,37558.33,37275.60,37461.39,2394.393,1610594099999,89512458.41034,25064,1143.569,42752948.33349,0
1610594100000,37461.63,37519.90,37222.00,37407.91,2228.287,1610594999999,83237849.30634,24105,1300.328,48578286.94436,0
1610595000000,37410.96,37542.31,37360.72,37497.29,1852.710,1610595899999,69416078.84512,17753,920.111,34480403.92486,0
1610595900000,37498.87,37573.75,37051.00,37103.00,3198.090,1610596799999,119038198.93208,32144,1548.670,57646776.55958,0
1610596800000,37107.37,37242.99,36764.33,36937.05,5781.846,1610597699999,213703626.45656,48172,2302.932,85185287.56222,0
1610597700000,36937.06,37348.26,36936.52,37293.60,3000.688,1610598599999,111477994.59603,28051,1736.333,64508865.90426,0
1610598600000,37294.44,37520.00,37223.05,37390.00,2424.567,1610599499999,90709364.89072,26658,1279.615,47883366.10340,0
1610599500000,37390.00,37569.35,37300.00,37550.01,2131.398,1610600399999,79809311.34324,22413,1066.940,39963760.64385,0
1610600400000,37551.12,37650.00,37333.21,37402.43,2273.512,1610601299999,85237887.72078,25157,1164.925,43691250.51092,0
1610601300000,37402.44,37663.81,37402.43,37470.12,1398.633,1610602199999,52506354.25320,17228,815.512,30616383.67209,0
1610602200000,37470.11,37750.00,37422.35,37609.84,2209.715,1610603099999,83171919.70545,23941,1224.031,46078216.38648,0
1610603100000,37609.84,37849.95,37550.00,37562.40,2454.819,1610603999999,92471087.60960,23503,1290.530,48622065.31599,0
1610604000000,37562.39,37756.03,37470.00,37756.03,1852.654,1610604899999,69668993.63804,22587,934.124,35135671.14523,0
1610604900000,37756.01,38187.59,37667.11,38055.37,5475.812,1610605799999,207765805.18263,51297,3210.050,121827602.97341,0
1610605800000,38055.59,38121.87,37850.00,37907.18,2581.733,1610606699999,97977115.88468,28448,1357.962,51523666.89743,0
1610606700000,37907.18,37956.76,37810.00,37885.86,1695.432,1610607599999,64202910.24346,18117,907.141,34358188.61425,0
1610607600000,37879.78,38459.66,37737.40,38374.30,5708.230,1610608499999,218046223.59384,53045,3087.829,117923289.25695,0
1610608500000,38384.82,38665.00,38300.00,38599.49,5230.251,1610609399999,201225169.52639,52148,2757.576,106121774.35539,0
1610609400000,38599.49,38599.99,38375.00,38419.62,3426.602,1610610299999,131761806.60462,33304,1417.574,54521126.09884,0
1610610300000,38420.06,38552.24,38139.60,38240.00,4724.976,1610611199999,181168742.63115,37123,2011.057,77167622.94050,0
1610611200000,38235.80,38827.43,38229.27,38715.42,5409.422,1610612099999,208863456.67343,58661,3011.924,116269806.55070,0
1610612100000,38712.05,38850.00,38400.00,38426.00,3459.488,1610612999999,133503014.29090,36369,1624.387,62711140.12089,0
1610613000000,38426.00,38630.00,38423.00,38537.36,2008.290,1610613899999,77382364.99135,22920,1237.409,47682871.29055,0
1610613900000,38537.31,38696.36,38383.00,38409.24,2263.440,1610614799999,87194551.37976,27257,1107.046,42647634.02095,0
1610614800000,38409.00,38507.08,38260.00,38267.17,2688.835,1610615699999,103132271.21725,30583,1134.048,43513736.38425,0
1610615700000,38266.67,38380.60,38030.00,38132.86,4477.176,1610616599999,171103735.29795,40548,1884.545,72051861.74973,0
1610616600000,38133.78,38439.68,38133.35,38410.98,2604.071,1610617499999,99746220.01455,29293,1477.830,56622882.66021,0
1610617500000,38410.97,38414.62,37949.99,38018.20,2557.105,1610618399999,97616286.66585,30126,972.935,37166363.72418,0
1610618400000,38019.04,38479.37,37960.00,38301.00,3348.899,1610619299999,128088425.97823,38279,1804.115,69017272.29702,0
1610619300000,38287.50,38436.23,38225.47,38276.05,1611.123,1610620199999,61761436.71448,22693,783.778,30050942.69382,0
1610620200000,38275.93,38347.08,38043.90,38071.84,2037.443,1610621099999,77736874.50856,22548,998.386,38093176.13784,0
1610621100000,38071.85,38576.72,38040.64,38564.58,3017.487,1610621999999,115481932.50541,31332,1864.228,71371508.49157,0
1610622000000,38564.60,38695.88,38420.00,38453.00,3999.898,1610622899999,154243802.50666,40719,1669.506,64391828.29188,0
1610622900000,38453.00,38536.99,38205.50,38226.51,2230.759,1610623799999,85536491.30604,25274,1069.388,41004180.14791,0
1610623800000,38226.51,38317.31,38116.00,38155.50,2479.100,1610624699999,94715406.63861,24695,1393.520,53249542.72788,0
1610624700000,38151.39,38437.44,38146.47,38415.39,2156.179,1610625599999,82532450.51884,21835,1190.046,45554613.53487,0
1610625600000,38415.38,38472.26,38001.00,38071.68,3287.568,1610626499999,125703872.15423,36894,1451.513,55508280.06915,0
1610626500000,38071.68,38158.88,37760.00,37984.39,4905.470,1610627399999,186093024.74573,48129,2145.175,81408241.02574,0
1610627400000,37984.40,38268.39,37908.44,38218.99,2821.004,1610628299999,107590609.58451,29839,1365.212,52066609.91982,0
1610628300000,38219.88,38392.30,38157.41,38321.68,2398.683,1610629199999,91807697.62319,23545,1129.876,43255258.53500,0
1610629200000,38321.68,38550.80,38225.00,38475.00,3429.749,1610630099999,131782767.18634,35358,1672.446,64271660.13325,0
1610630100000,38475.01,38812.41,38390.99,38695.46,4284.917,1610630999999,165491040.80822,44302,2357.245,91061270.94175,0
1610631000000,38694.63,38959.74,38457.78,38732.91,6123.767,1610631899999,236965513.63404,57049,3068.759,118797778.59168,0
1610631900000,38732.91,39100.00,38634.73,39044.13,6277.970,1610632799999,244427292.60754,61291,3470.839,135161146.51431,0
1610632800000,39041.47,39352.08,38833.00,39284.00,6840.744,1610633699999,267618707.78768,64015,3873.379,151606239.00179,0
1610633700000,39283.35,39433.31,39154.74,39300.38,6422.083,1610634599999,252378738.14658,59360,3149.406,123822009.53360,0
1610634600000,39300.38,39719.00,39300.00,39594.51,10234.531,1610635499999,405112714.86880,88185,5779.060,228776999.58559,0
1610635500000,39595.34,39724.00,39534.00,39588.00,5431.303,1610636399999,215303607.65943,47257,2658.641,105414204.48537,0
1610636400000,39588.00,39700.00,39372.00,39562.71,6072.925,1610637299999,240158004.78826,55488,2456.507,97194497.32076,0
1610637300000,39561.42,39940.00,39550.01,39879.99,7161.072,1610638199999,284596026.59417,49632,4944.517,196542743.10663,0
1610638200000,39880.00,40189.39,39612.00,39630.15,11595.286,1610639099999,462607121.79670,95597,5534.724,220905849.07852,0
1610639100000,39630.15,39750.00,39456.00,39580.96,5331.443,1610639999999,211051254.07964,50348,2401.114,95076518.73997,0
1610640000000,39580.96,40000.00,39580.95,39988.52,5801.977,1610640899999,230970782.72144,59339,3135.432,124827701.76292,0
1610640900000,39988.52,40061.83,39610.00,39740.00,5629.835,1610641799999,224217048.44445,54975,2501.106,99648598.95177,0
1610641800000,39740.00,39900.00,39644.04,39856.48,2666.308,1610642699999,106032280.44597,32088,1436.568,57136790.34625,0
1610642700000,39853.84,39853.84,39241.00,39323.31,6383.856,1610643599999,251911894.47583,55893,2412.799,95233200.06558,0
1610643600000,39326.96,39675.00,39324.07,39665.92,3293.822,1610644499999,130156343.85983,36113,1831.439,72367193.78861,0
1610644500000,39665.91,39941.36,39555.00,39815.80,3686.734,1610645399999,146610147.03044,36261,1953.919,77733215.05282,0
1610645400000,39815.79,39900.00,39589.90,39595.34,2589.007,1610646299999,102884929.74051,26957,1035.213,41154011.45979,0
1610646300000,39601.34,39667.50,39438.90,39460.01,2177.762,1610647199999,86093651.57360,24392,1023.620,40475859.91238,0
1610647200000,39460.00,39654.48,39430.00,39620.95,2145.230,1610648099999,84842388.23998,26627,1198.854,47421193.94835,0
1610648100000,39620.94,39629.31,39336.49,39427.99,1917.326,1610648999999,75658066.26957,23069,771.515,30444118.86535,0
1610649000000,39427.99,39596.25,39302.57,39317.46,2055.873,1610649899999,81131457.83544,25410,911.640,35984778.95053,0
1610649900000,39320.00,39528.00,39300.00,39391.81,2203.938,1610650799999,86899611.16762,24634,1006.200,39670811.12497,0
1610650800000,39391.61,39698.93,39380.00,39558.40,2719.144,1610651699999,107658711.63963,28852,1343.491,53200234.67891,0
1610651700000,39559.24,39822.00,39559.24,39674.36,2343.205,1610652599999,93008913.76711,26773,1338.848,53148315.71661,0
1610652600000,39674.36,39780.00,39511.21,39647.99,2114.517,1610653499999,83832364.23274,24121,1069.927,42424277.04826,0
1610653500000,39648.00,39968.00,39635.60,39925.50,3215.028,1610654399999,128034136.19024,32155,1801.799,71746520.90729,0
1610654400000,39923.48,39999.00,39661.17,39726.63,3015.644,1610655299999,120096407.87809,29057,1349.505,53745042.18978,0
1610655300000,39728.32,39763.08,39530.00,39600.98,2414.799,1610656199999,95715938.37368,23481,1286.059,50978869.23649,0
1610656200000,39600.97,39790.00,39551.75,39790.00,1788.032,1610657099999,70863177.84864,19356,1059.688,42007504.92738,0
1610657100000,39789.99,39789.99,39333.88,39347.95,2749.103,1610657999999,108581393.04284,27979,1197.257,47268691.30430,0
1610658000000,39350.06,39487.24,38830.71,39054.55,5798.457,1610658899999,227259915.20477,51225,2203.912,86447070.49158,0
1610658900000,39053.11,39286.33,38529.35,38537.66,10650.202,1610659799999,413122061.06501,92026,4564.325,177053187.63499,0
1610659800000,38536.84,38735.00,38385.00,38568.03,8592.732,1610660699999,330855704.03102,71516,3575.572,137753152.71158,0
1610660700000,38569.90,38960.56,38506.46,38820.50,4659.042,1610661599999,180437777.87791,43119,2840.643,110041354.94431,0
1610661600000,38822.64,38990.00,38640.62,38800.01,3439.812,1610662499999,133528521.50167,33634,1818.642,70621222.15558,0
1610662500000,38800.01,38820.00,38501.84,38610.01,2505.457,1610663399999,96858460.74578,26942,873.949,33791219.72215,0
1610663400000,38610.01,38744.36,38470.00,38665.50,2197.426,1610664299999,84821211.19156,24049,869.976,33585126.31787,0
1610664300000,38664.63,39200.00,38663.00,39048.84,4409.711,1610665199999,171990286.45437,39561,2438.056,95100834.40069,0
1610665200000,39045.84,39140.00,38902.90,39008.27,2276.284,1610666099999,88843212.87290,26774,1101.802,43012650.93559,0
1610666100000,39008.28,39290.00,38906.77,38908.89,2476.945,1610666999999,96871471.32713,24924,1450.157,56722087.82393,0
1610667000000,38908.89,39070.00,38761.10,38985.24,2163.183,1610667899999,84188445.76820,20909,1233.834,48024724.58312,0
1610667900000,38985.24,39362.40,38981.21,39163.31,3376.415,1610668799999,132501820.68265,32144,1579.451,61980794.17908,0
1610668800000,39163.31,39676.79,39067.34,39529.50,4436.962,1610669699999,174919638.32790,45928,2137.676,84274749.14641,0
1610669700000,39529.50,39640.00,39422.20,39430.01,2246.519,1610670599999,88758186.58096,26573,1162.237,45927928.45787,0
1610670600000,39433.25,39790.00,39408.00,39541.98,2598.589,1610671499999,102989042.93613,31269,1339.140,53074525.85097,0
1610671500000,39541.98,39678.50,39445.08,39500.23,1703.918,1610672399999,67366635.22626,20752,880.711,34826403.23244,0
1610672400000,39500.22,39645.86,39428.96,39635.64,1582.247,1610673299999,62517961.92478,19535,713.760,28208269.02480,0
1610673300000,39635.27,39696.00,39421.53,39495.11,1632.543,1610674199999,64588821.40348,21573,733.181,29000481.50951,0
1610674200000,39495.11,39640.01,39490.00,39496.52,1207.648,1610675099999,47802923.61908,16840,575.907,22794204.06210,0
1610675100000,39498.90,39499.99,39055.38,39229.44,3943.579,1610675999999,154657969.63479,36428,1584.641,62137349.66705,0
1610676000000,39229.43,39431.85,38832.55,39406.35,3460.601,1610676899999,135444876.30733,35688,1650.839,64664311.41761,0
1610676900000,39406.35,39533.72,39261.87,39445.26,1845.801,1610677799999,72718739.66444,23808,906.097,35710330.29513,0
1610677800000,39445.26,39520.01,39263.78,39301.20,1741.088,1610678699999,68578346.64163,21193,841.444,33153986.13701,0
1610678700000,39305.43,39387.84,39101.90,39303.67,1729.059,1610679599999,67870804.72172,21216,903.114,35461981.97623,0
1610679600000,39306.46,39386.35,39000.00,39009.49,2013.975,1610680499999,78829204.09489,26060,1043.420,40849125.80835,0
1610680500000,39013.74,39029.00,38755.04,38829.30,2451.630,1610681399999,95446942.28493,31092,1204.176,46897509.20343,0
1610681400000,38829.90,38987.82,38674.50,38705.00,2473.970,1610682299999,96105480.48079,29655,1169.879,45462266.46211,0
1610682300000,38711.47,38858.20,38500.00,38749.01,4059.758,1610683199999,156955128.20013,43350,2055.041,79470614.38319,0
1610683200000,38747.70,38859.76,38480.00,38538.02,3698.438,1610684099999,142981459.73614,42829,1767.192,68347169.27599,0
1610684100000,38538.02,38641.46,38410.00,38539.04,3126.122,1610684999999,120350689.84673,32658,1397.540,53818037.34828,0
1610685000000,38539.05,38800.00,38419.89,38700.01,3094.984,1610685899999,119656472.11480,30672,1834.324,70937061.83237,0
1610685900000,38700.01,38790.00,38460.00,38472.51,2042.676,1610686799999,78895257.15601,20743,1090.595,42143224.14776,0
1610686800000,38472.50,38779.79,38451.14,38779.79,1626.227,1610687699999,62788369.35827,21128,977.838,37767549.69868,0
1610687700000,38779.79,38899.00,38688.88,38780.00,1987.678,1610688599999,77141165.21045,24288,1123.878,43620639.38107,0
1610688600000,38780.00,38780.01,38505.14,38509.99,1527.318,1610689499999,58973810.13043,18470,724.852,27993802.75843,0
1610689500000,38510.01,38513.59,37846.90,37855.49,9872.979,1610690399999,377022078.16141,71914,3242.153,123657717.59103,0
1610690400000,37858.73,38033.65,37630.00,37864.79,6743.676,1610691299999,255014959.89581,64677,3303.463,124962589.88100,0
1610691300000,37864.43,38075.13,37701.14,38009.60,3614.293,1610692199999,137038549.79709,39098,2137.181,81053791.14943,0
1610692200000,38009.29,38126.00,37926.96,38037.98,2574.922,1610693099999,97930073.85431,24233,1094.951,41650423.84326,0
1610693100000,38037.99,38143.76,37907.10,38094.09,2097.414,1610693999999,79781007.74493,21592,923.365,35133037.43955,0
1610694000000,38094.09,38350.00,37760.28,38343.50,4648.957,1610694899999,176763733.10376,38880,2172.840,82694925.57166,0
1610694900000,38341.04,38488.51,38250.00,38454.68,3415.680,1610695799999,131103493.06371,33950,1856.329,71266442.19258,0
1610695800000,38454.69,38510.21,38350.00,38350.00,2988.500,1610696699999,114871690.73343,28046,1621.918,62365019.29033,0
1610696700000,38350.00,38510.21,38260.02,38510.21,2182.171,1610697599999,83787760.21482,22557,1128.115,43329084.20721,0
1610697600000,38510.21,38676.49,38319.08,38333.57,3710.775,1610698499999,142858484.99556,36860,2116.671,81500798.57747,0
1610698500000,38333.57,38528.04,38211.04,38528.04,2307.301,1610699399999,88482747.15760,24987,1117.199,42859103.13724,0
1610699400000,38528.03,38597.58,38314.50,38543.50,1761.662,1610700299999,67743832.69613,19146,817.582,31450044.72752,0
1610700300000,38544.00,38690.00,38248.12,38336.02,3063.068,1610701199999,117946396.92127,31607,1486.286,57257270.62342,0
1610701200000,38336.02,38349.23,38074.00,38193.73,3453.070,1610702099999,131870665.66971,35321,1570.291,59974379.82494,0
1610702100000,38193.72,38555.00,38193.72,38489.65,2456.488,1610702999999,94356351.79449,25795,1417.719,54445869.38948,0
1610703000000,38491.19,38739.87,38425.48,38693.61,3398.542,1610703899999,131178093.69763,32085,1756.710,67830385.12873,0
1610703900000,38695.63,38780.00,38551.26,38733.28,2400.980,1610704799999,92902890.18008,24523,1180.842,45708664.77510,0
1610704800000,38733.29,38850.00,38615.00,38670.60,2258.478,1610705699999,87478073.38005,25865,1046.445,40538558.48748,0
1610705700000,38670.59,38699.39,38500.00,38632.51,1772.749,1610706599999,68424450.67856,23266,834.017,32196032.32892,0
1610706600000,38632.51,38651.00,38459.01,38528.02,1466.809,1610707499999,56542630.91750,19842,697.580,26893299.33187,0
1610707500000,38528.02,38687.92,38366.00,38484.29,1782.698,1610708399999,68689819.73420,22449,881.448,33971003.25498,0
1610708400000,38485.71,38605.35,38125.11,38212.65,3007.102,1610709299999,115167991.59785,34129,1283.723,49183209.84137,0
1610709300000,38212.65,38363.56,38131.45,38227.37,2110.965,1610710199999,80755637.38841,25071,1076.131,41177713.51857,0
1610710200000,38227.38,38421.99,38226.47,38308.00,1958.932,1610711099999,75107814.92407,22760,1125.294,43144622.63803,0
1610711100000,38307.01,38311.86,37970.00,38168.33,3480.906,1610711999999,132569441.57921,35835,1521.467,57955700.98688,0
1610712000000,38163.34,38248.98,37860.35,38115.01,3732.414,1610712899999,141924561.58013,38752,1789.465,68049978.09178,0
1610712900000,38115.02,38139.32,37307.03,37475.55,6107.049,1610713799999,230394385.22574,57484,2432.793,91815552.46885,0
1610713800000,37484.14,37653.09,37232.00,37619.99,7224.519,1610714699999,270557144.82849,70314,3865.654,144832289.91803,0
1610714700000,37624.03,37849.33,37560.31,37808.54,4824.378,1610715599999,182068884.39248,45694,2665.346,100600879.15409,0
1610715600000,37811.49,37944.74,37569.00,37702.43,3738.954,1610716499999,141196080.05044,38202,1820.106,68782981.97329,0
1610716500000,37700.00,37722.47,37311.71,37531.66,4904.843,1610717399999,183892058.64856,49444,2422.856,90852551.36942,0
1610717400000,37536.84,37816.41,37410.00,37791.95,3620.998,1610718299999,136259477.26530,37075,1920.963,72316747.41170,0
1610718300000,37793.46,37798.23,37538.01,37737.89,2785.576,1610719199999,104952676.65782,29195,1355.491,51080229.20817,0
1610719200000,37737.23,37850.00,37431.08,37530.97,3231.321,1610720099999,121554680.53417,33443,1593.626,59965619.94262,0
1610720100000,37530.97,37545.00,37073.26,37270.51,5259.661,1610720999999,196163614.05106,54463,2380.550,88797670.16551,0
1610721000000,37270.51,37365.08,36859.86,37042.04,6830.847,1610721899999,252931193.87741,64304,3084.287,114229316.88037,0
1610721900000,37042.05,37243.41,36723.00,36994.49,7036.351,1610722799999,260350467.49376,63027,3277.696,121350843.57377,0
1610722800000,36994.49,36996.04,36462.61,36491.47,9229.938,1610723699999,338712495.82575,76360,3987.770,146429705.58328,0
1610723700000,36493.96,36880.00,36480.00,36877.05,6890.885,1610724599999,252949267.60433,62914,3867.978,142022630.78396,0
1610724600000,36877.05,37036.59,36100.00,36395.62,11369.649,1610725499999,414866878.71806,98617,5336.390,194802634.15402,0
1610725500000,36395.62,36399.45,35350.00,35691.31,16991.427,1610726399999,608067879.15421,142568,7566.466,270823537.40764,0
1610726400000,35692.45,35707.43,34478.00,35408.23,29866.592,1610727299999,1046601076.39883,233027,14408.755,505178712.14833,0
1610727300000,35412.25,36105.00,35150.00,36030.00,18382.105,1610728199999,656078902.97881,151839,9677.804,345648403.56762,0
1610728200000,36030.00,36250.00,35816.86,36186.50,11889.558,1610729099999,428818709.24598,97273,5827.190,210255261.80467,0
1610729100000,36188.32,36361.00,35853.50,36184.59,7752.008,1610729999999,280087725.80506,63824,3745.724,135397804.56805,0
1610730000000,36184.59,36184.59,35408.00,35602.83,9048.981,1610730899999,323382960.60025,73561,3733.388,133434648.24582,0
1610730900000,35602.83,36140.28,35602.82,36035.00,8001.915,1610731799999,287447579.65244,67276,4723.640,169702096.19287,0
1610731800000,36037.97,36135.00,35619.47,35727.28,5433.196,1610732699999,195125432.70766,47614,2764.035,99295436.10373,0
1610732700000,35727.27,36063.42,35436.93,35997.67,6206.417,1610733599999,221824773.64922,59498,3247.524,116135481.24783,0
1610733600000,35992.35,36470.00,35963.71,36076.48,5990.833,1610734499999,216767386.19842,53425,3367.265,121908592.44351,0
1610734500000,36076.47,36305.59,35868.00,35927.32,4866.570,1610735399999,175682005.72933,45858,2588.876,93504785.94360,0
1610735400000,35927.31,35963.24,35159.99,35356.13,7812.085,1610736299999,277990531.41583,72065,3647.863,129869365.03037,0
1610736300000,35360.87,35537.69,34829.18,35448.11,9516.561,1610737199999,334645398.25817,94121,4800.915,168951877.72480,0
1610737200000,35450.00,35835.43,35219.17,35830.50,5589.548,1610738099999,198435381.37485,56747,3021.534,107287105.90949,0
1610738100000,35830.52,35967.78,35702.57,35842.48,3021.237,1610738999999,108256616.95705,35744,1372.095,49180157.43367,0
1610739000000,35842.48,35950.25,35471.50,35624.41,3615.553,1610739899999,129100568.20859,37922,1559.404,55696460.22112,0
1610739900000,35625.72,35780.07,35198.08,35255.64,3935.557,1610740799999,139478242.47412,42363,1679.214,59532868.95003,0
1610740800000,35255.38,35422.04,34820.00,35370.27,7381.344,1610741699999,259103381.01925,75795,3858.625,135534961.57857,0
1610741700000,35367.97,35377.05,34922.23,35325.80,5054.570,1610742599999,177748675.65843,51370,2582.662,90837482.05619,0
1610742600000,35325.79,35535.00,34968.95,35446.99,5499.698,1610743499999,193974242.20014,53250,3093.382,109107346.82490,0
1610743500000,35444.74,35778.15,35444.74,35632.31,3752.107,1610744399999,133614366.86319,38701,1899.180,67643425.66167,0
1610744400000,35630.08,35892.14,35580.46,35723.40,3610.025,1610745299999,128996811.18686,37939,1802.450,64422397.71984,0
1610745300000,35723.40,35935.00,35645.37,35928.00,2397.708,1610746199999,85897618.88004,26110,1331.756,47729694.75716,0
1610746200000,35925.41,36332.05,35920.52,36286.04,4753.357,1610747099999,171873663.94810,42191,2784.849,100667843.26753,0
1610747100000,36288.20,36430.00,36071.21,36240.96,3465.867,1610747999999,125679528.41864,36043,1757.677,63759058.30274,0
1610748000000,36242.80,36373.99,35952.85,36239.99,2383.441,1610748899999,86141489.31187,28371,1026.588,37122001.07505,0
1610748900000,36237.85,36320.00,36100.53,36320.00,1396.496,1610749799999,50529199.98771,16140,633.526,22926921.64636,0
1610749800000,36320.00,36830.00,36319.73,36762.20,5903.493,1610750699999,216544024.04908,56857,3519.545,129075261.31792,0
1610750700000,36762.35,36930.00,36599.06,36608.92,3463.068,1610751599999,127194486.89087,34522,1960.441,72025765.81050,0
1610751600000,36608.10,36645.91,36425.58,36495.49,2200.298,1610752499999,80399919.31328,23051,1011.596,36970092.51784,0
1610752500000,36489.90,36815.10,36448.74,36634.98,2508.916,1610753399999,91853977.28564,26607,1449.810,53074200.23212,0
1610753400000,36634.98,36900.00,36552.31,36898.90,2243.520,1610754299999,82392833.29060,23236,1165.801,42816593.81250,0
1610754300000,36892.42,36900.00,36650.00,36755.24,2128.232,1610755199999,78294275.00227,22209,1047.649,38542686.10568,0
1610755200000,36755.25,37414.00,36740.85,37346.65,6772.285,1610756099999,251738880.60491,59183,3935.371,146275122.44872,0
1610756100000,37347.41,37365.12,37152.97,37200.00,2199.171,1610756999999,81899275.93502,24756,1155.803,43045806.15733,0
1610757000000,37200.01,37452.11,37082.05,37159.90,2640.679,1610757899999,98399789.66623,24413,1382.561,51517673.41914,0
1610757900000,37159.90,37325.39,37082.05,37175.00,1749.914,1610758799999,65113067.33962,19774,878.954,32709382.23574,0
1610758800000,37173.49,37490.00,37173.49,37430.00,2385.739,1610759699999,89218020.49758,26082,1249.820,46740407.94377,0
1610759700000,37430.35,37687.00,37402.74,37408.93,3622.442,1610760599999,135992855.54128,33815,1918.090,72018144.70365,0
1610760600000,37403.92,37472.62,36930.00,36933.34,3212.660,1610761499999,119526743.25508,33249,1332.689,49606884.70464,0
1610761500000,36933.47,37214.70,36929.00,37025.40,2418.505,1610762399999,89681114.71465,23893,1147.991,42573943.42244,0
1610762400000,37026.91,37260.15,36948.99,37181.53,2072.693,1610763299999,76986411.60711,21066,964.168,35824250.46818,0
1610763300000,37181.53,37222.44,36511.00,36725.33,5261.013,1610764199999,193355473.61095,41415,2262.968,83144889.04010,0
1610764200000,36722.16,36860.00,36500.00,36536.00,4047.913,1610765099999,148436491.55652,32317,1510.161,55394273.54006,0
1610765100000,36536.00,36738.32,36096.01,36270.22,5454.558,1610765999999,198428945.92718,47010,2321.625,84473244.40538,0
1610766000000,36270.23,36516.80,36030.40,36421.58,3950.451,1610766899999,143462419.35357,33997,1982.644,72048870.93193,0
1610766900000,36421.82,36643.31,36375.73,36475.43,2299.650,1610767799999,83995223.25553,23987,1239.244,45266675.23095,0
1610767800000,36479.96,36567.49,36215.01,36215.90,2041.684,1610768699999,74341290.48779,22123,922.276,33591656.33639,0
1610768700000,36215.00,36688.63,36204.21,36564.81,1930.854,1610769599999,70450259.94932,22735,1067.103,38933527.43528,0
1610769600000,36566.05,36742.47,36328.68,36414.98,1803.909,1610770499999,65853709.86542,22651,913.444,33341970.36708,0
1610770500000,36416.41,36507.54,36147.09,36290.76,2132.909,1610771399999,77469711.63485,24646,1161.564,42205628.75740,0
1610771400000,36298.19,36518.94,36211.07,36378.10,1794.863,1610772299999,65311504.19770,20664,755.617,27497876.74976,0
1610772300000,36378.09,36640.00,36378.09,36611.09,1206.646,1610773199999,44103719.82500,16045,633.329,23149990.56838,0
1610773200000,36610.21,36685.21,36360.00,36374.54,1391.680,1610774099999,50799621.04289,18444,635.559,23204075.30845,0
1610774100000,36374.54,36464.75,35806.72,35890.00,4177.276,1610774999999,150544826.04039,39397,2054.039,74034358.02624,0
1610775000000,35890.00,36012.94,35528.72,35781.33,5047.897,1610775899999,180484690.65667,44757,2335.364,83550412.79490,0
1610775900000,35781.34,35900.00,35609.95,35876.93,3098.297,1610776799999,110860483.48606,32846,1254.288,44889121.39366,0
1610776800000,35876.93,36198.00,35845.99,36133.77,2947.549,1610777699999,106132554.49873,31469,1695.829,61088403.18835,0
1610777700000,36133.76,36263.87,35979.93,36233.51,2070.441,1610778599999,74799075.43254,22945,917.503,33161100.23833,0
1610778600000,36236.02,36397.79,36217.65,36247.60,1789.430,1610779499999,64958950.18904,22189,904.748,32849316.08477,0
1610779500000,36247.60,36372.81,36121.33,36146.41,2358.335,1610780399999,85454350.55438,23989,1043.560,37826834.84321,0
1610780400000,36146.40,36925.00,36101.00,36788.57,5368.040,1610781299999,196604369.19478,48521,3213.071,117724648.83867,0
1610781300000,36788.67,37007.97,36661.86,36742.54,3620.247,1610782199999,133332718.02892,33124,1929.364,71096217.26652,0
1610782200000,36742.53,36848.99,36587.00,36662.79,2430.076,1610783099999,89240025.08239,26286,1317.512,48395624.37261,0
1610783100000,36662.79,36800.00,36592.03,36599.68,1497.196,1610783999999,54941422.62249,17177,813.123,29845721.48798,0
1610784000000,36599.70,36859.07,36570.95,36787.90,2341.725,1610784899999,85935181.79229,23926,1255.941,46089252.86934,0
1610784900000,36787.89,36824.00,36405.59,36649.99,2464.044,1610785799999,90119065.90247,25351,1209.186,44233021.61351,0
1610785800000,36649.99,37556.23,36576.00,37455.52,7656.251,1610786699999,285272399.07545,65999,4263.004,158749274.48690,0
1610786700000,37455.52,37585.00,37179.40,37515.85,3238.091,1610787599999,120959268.96644,33837,1710.816,63942269.95632,0
1610787600000,37520.15,37746.54,37257.00,37334.40,5838.382,1610788499999,218703633.04444,56283,3110.888,116572464.90994,0
1610788500000,37334.40,37435.59,37278.57,37310.43,1980.963,1610789399999,74020605.49205,24421,870.956,32546616.35900,0
1610789400000,37310.42,37532.17,37308.98,37350.25,1708.143,1610790299999,63928228.27939,23822,874.683,32740301.11036,0
1610790300000,37347.67,37545.33,37224.62,37498.99,2258.360,1610791199999,84484985.67912,23873,1098.446,41116865.86561,0
1610791200000,37499.00,38000.00,37498.99,37889.83,5499.411,1610792099999,208134382.10616,52620,3069.543,116145529.25885,0
1610792100000,37889.52,37922.97,37700.00,37748.90,2076.723,1610792999999,78482648.78948,24756,949.106,35871720.94928,0
1610793000000,37748.69,37750.00,37380.90,37457.67,4085.624,1610793899999,153290838.38906,38661,1691.669,63483006.32203,0
1610793900000,37457.66,37580.00,37340.00,37471.26,2222.274,1610794799999,83222938.45907,22692,956.577,35834831.91332,0
1610794800000,37471.26,37537.12,37240.00,37441.62,2995.499,1610795699999,111969138.71429,27936,1156.139,43236058.12577,0
1610795700000,37441.62,37619.98,37220.00,37596.30,2670.166,1610796599999,99910336.34007,26774,1349.555,50529762.93411,0
1610796600000,37596.43,37919.62,37531.24,37806.90,3776.381,1610797499999,142493158.31892,35320,2357.936,88984918.11984,0
1610797500000,37806.90,37812.06,37575.52,37750.00,1705.006,1610798399999,64258607.41888,21166,700.923,26421450.99548,0
1610798400000,37750.00,37950.70,37703.92,37800.93,2813.209,1610799299999,106447953.34029,32105,1487.713,56301682.85144,0
1610799300000,37800.91,37814.07,36854.01,36994.08,7823.613,1610800199999,291808389.93709,64390,2717.605,101366649.00653,0
1610800200000,36999.99,37383.00,36800.00,37333.49,5782.013,1610801099999,214797999.62164,53870,3237.280,120304370.25815,0
1610801100000,37335.58,37499.83,37237.20,37410.79,2560.940,1610801999999,95745927.54042,29007,1312.897,49096011.35047,0
1610802000000,37410.79,37750.87,37400.00,37557.66,3684.930,1610802899999,138569318.42019,38056,1941.027,72983855.79129,0
1610802900000,37560.64,37725.61,37333.33,37708.50,3489.236,1610803799999,131048744.74763,32455,1641.971,61703299.29159,0
1610803800000,37707.62,37711.90,37231.14,37306.00,3681.710,1610804699999,137747768.33760,35556,1498.275,56048741.33517,0
1610804700000,37305.99,37450.39,37111.01,37198.59,2483.712,1610805599999,92598993.98054,27279,1191.027,44431102.36781,0
1610805600000,37201.66,37330.00,37011.05,37295.08,2924.949,1610806499999,108735599.15286,31759,1643.816,61136023.81596,0
1610806500000,37295.08,37392.69,36707.91,36757.87,4253.892,1610807399999,157509929.04509,41798,1640.807,60828373.13796,0
1610807400000,36757.86,37171.00,36725.00,37100.90,3648.932,1610808299999,134906643.33130,37129,2091.740,77328503.41052,0
1610808300000,37098.75,37380.09,37067.69,37271.43,2786.558,1610809199999,103755618.20654,30328,1451.318,54062880.28975,0
1610809200000,37271.44,37405.61,37030.00,37254.47,2381.687,1610810099999,88635228.20040,28170,1064.529,39638004.24394,0
1610810100000,37254.47,37354.92,37095.00,37219.93,1698.243,1610810999999,63203984.94514,20512,814.123,30303118.97947,0
1610811000000,37226.99,37806.46,37226.98,37568.51,5294.552,1610811899999,199003756.05233,47015,3159.092,118735401.17216,0
1610811900000,37568.52,37678.24,37397.44,37513.79,2810.960,1610812799999,105475745.51898,29827,1378.949,51752160.96911,0
1610812800000,37513.79,37793.43,37300.00,37412.00,4541.771,1610813699999,170467948.00350,50957,2311.358,86789704.56426,0
1610813700000,37413.47,37449.17,37019.20,37289.74,3947.296,1610814599999,146918077.68033,39903,1767.869,65811090.92284,0
1610814600000,37289.28,37363.96,37092.33,37120.00,2147.925,1610815499999,79962235.67005,25539,873.158,32513133.02805,0
1610815500000,37123.11,37311.73,36964.33,37278.01,2712.640,1610816399999,100766912.02505,28664,1506.687,55997113.20880,0
1610816400000,37279.37,37353.83,36946.99,36959.33,3020.822,1610817299999,112350391.99868,28202,1297.029,48284114.37180,0
1610817300000,36959.33,37063.80,36864.00,36996.80,3270.324,1610818199999,120838161.07770,32579,1574.298,58185004.54646,0
1610818200000,36995.63,37148.27,36951.03,37092.00,1757.530,1610819099999,65126426.46471,21726,800.389,29661794.07034,0
1610819100000,37093.18,37158.53,36900.00,36900.00,1494.845,1610819999999,55344289.56644,18917,648.776,24023914.26226,0
1610820000000,36900.00,37083.68,36811.00,37075.70,2854.843,1610820899999,105399287.17731,30170,1435.600,53012206.99067,0
1610820900000,37075.44,37208.87,37011.38,37124.93,1942.840,1610821799999,72101615.26076,20044,893.148,33155503.70503,0
1610821800000,37124.18,37197.11,36860.00,37005.85,2985.097,1610822699999,110508439.97026,25714,1525.245,56479913.06193,0
1610822700000,37005.84,37086.58,36400.00,36528.97,3993.885,1610823599999,146794956.22432,36066,1454.924,53542683.79541,0
1610823600000,36525.43,36643.00,36217.97,36504.80,5979.624,1610824499999,218132505.69215,55068,2727.075,99530564.98848,0
1610824500000,36504.02,36592.00,36335.40,36350.67,3410.913,1610825399999,124351909.08136,31020,1384.226,50476114.50823,0
1610825400000,36356.08,36600.00,36261.25,36364.32,3887.221,1610826299999,141553039.17776,38258,1765.750,64307914.13766,0
1610826300000,36366.65,36508.63,36330.73,36420.50,1584.412,1610827199999,57725415.38120,19159,812.441,29601919.03711,0
1610827200000,36421.89,36587.55,36272.53,36459.00,2211.142,1610828099999,80536346.82190,26289,1173.361,42757479.92723,0
1610828100000,36458.99,36756.67,36360.00,36720.19,2255.698,1610828999999,82510245.22825,27199,1385.614,50696176.45107,0
1610829000000,36720.26,36855.75,36679.29,36696.50,2775.326,1610829899999,101989190.87823,24889,1475.886,54241162.08434,0
1610829900000,36696.51,36760.00,36575.18,36736.94,1558.058,1610830799999,57142096.57030,18412,725.147,26597513.86202,0
1610830800000,36739.10,36752.84,36470.69,36515.69,1547.249,1610831699999,56645920.11494,17462,607.778,22257703.64970,0
1610831700000,36508.82,36550.28,36375.73,36499.21,2299.894,1610832599999,83898942.13032,21642,1026.603,37456329.60197,0
1610832600000,36499.21,36512.00,35800.00,35854.50,6232.617,1610833499999,225013541.32005,54996,2394.936,86486734.81747,0
1610833500000,35858.64,36071.21,35729.46,35942.74,4608.014,1610834399999,165434450.27142,47309,2352.767,84509860.80024,0
1610834400000,35942.84,35956.86,35366.00,35721.16,5814.498,1610835299999,207203955.99000,56003,2301.978,82052677.64278,0
1610835300000,35721.17,35966.50,35707.29,35835.38,2822.957,1610836199999,101214786.65219,28002,1524.733,54670933.96146,0
1610836200000,35835.39,36077.35,35829.60,35988.06,2086.949,1610837099999,75114216.81967,22650,1264.574,45513882.63430,0
1610837100000,35988.05,36209.00,35925.57,36153.12,2021.690,1610837999999,72956914.58339,23477,1086.728,39230067.17364,0
1610838000000,36149.57,36286.18,35972.64,36130.68,2354.176,1610838899999,85090964.33168,25198,1212.191,43826492.36947,0
1610838900000,36132.33,36170.17,35950.00,36155.03,2707.392,1610839799999,97622120.20223,23216,1151.550,41531440.86976,0
1610839800000,36155.04,36496.14,36092.03,36294.66,3221.039,1610840699999,117096171.17773,30911,1709.242,62147312.26796,0
1610840700000,36294.63,36354.59,36021.75,36025.66,1622.609,1610841599999,58748203.46431,19758,591.401,21427545.65155,0
1610841600000,36025.65,36028.39,35657.64,35795.42,4964.792,1610842499999,178002560.70878,41833,2310.269,82842381.34506,0
1610842500000,35795.39,36000.49,35563.97,35962.65,3399.749,1610843399999,121587742.51911,30657,1826.036,65350501.49903,0
1610843400000,35962.65,36360.59,35920.32,36222.00,2856.496,1610844299999,103352054.92646,30528,1531.949,55419524.05090,0
1610844300000,36222.00,36520.00,36180.01,36421.98,2356.388,1610845199999,85684890.61123,22789,1308.284,47581627.30762,0
1610845200000,36421.98,36423.13,36214.81,36381.74,1723.701,1610846099999,62605066.98402,19008,689.812,25058703.64437,0
1610846100000,36382.60,36508.63,36250.00,36502.77,1376.139,1610846999999,50011593.62492,17606,702.812,25545931.83581,0
1610847000000,36502.77,36559.85,36222.00,36293.75,2160.631,1610847899999,78542984.13533,22170,1065.377,38731231.99865,0
1610847900000,36293.75,36777.00,36281.00,36758.02,2802.380,1610848799999,102420593.43585,29599,1836.902,67155094.79755,0
1610848800000,36756.63,36789.00,36541.00,36541.00,1887.554,1610849699999,69160773.76921,20748,847.096,31039082.67827,0
1610849700000,36541.00,36646.54,36439.24,36462.01,1382.315,1610850599999,50495677.11809,15769,889.376,32493712.46489,0
1610850600000,36462.01,36549.98,36337.60,36346.49,1094.718,1610851499999,39905930.44113,14315,570.376,20798919.00409,0
1610851500000,36346.48,36499.76,36280.00,36470.10,1688.602,1610852399999,61474122.16151,16773,729.619,26565251.36506,0
1610852400000,36470.10,36583.55,36344.09,36567.04,1235.603,1610853299999,45089537.57810,17897,642.667,23454698.55309,0
1610853300000,36567.04,36567.04,36300.00,36303.87,1098.200,1610854199999,40006180.39594,15791,545.149,19860274.67056,0
1610854200000,36303.86,36342.00,36023.00,36148.19,2523.030,1610855099999,91234620.28508,26565,909.139,32885411.74702,0
1610855100000,36143.55,36321.88,36095.22,36221.21,1610.479,1610855999999,58363826.19421,18015,1028.260,37266496.38870,0
1610856000000,36221.21,36381.24,36157.13,36331.68,1104.579,1610856899999,40091789.17954,16003,613.900,22285244.41475,0
1610856900000,36331.69,36431.22,36150.00,36279.00,1306.898,1610857799999,47433734.04063,16344,626.449,22745825.99576,0
1610857800000,36279.29,36367.37,36076.00,36111.97,1409.929,1610858699999,51059308.66409,17843,600.883,21762672.84970,0
1610858700000,36111.97,36144.41,35870.00,35890.01,3009.842,1610859599999,108218526.74833,28991,1407.171,50589730.54448,0
1610859600000,35888.50,36037.75,35709.54,35906.98,2829.149,1610860499999,101391215.53541,29787,1175.592,42147712.87155,0
1610860500000,35906.97,35908.80,35573.60,35752.77,2607.978,1610861399999,93062474.68790,27934,1186.863,42359920.32654,0
1610861400000,35753.77,35900.00,35540.82,35698.91,2701.317,1610862299999,96516010.26256,29122,1355.349,48451038.02731,0
1610862300000,35698.09,35816.93,35500.00,35575.50,2275.849,1610863199999,81129767.97779,24215,1029.157,36702595.15731,0
1610863200000,35575.50,35771.65,35280.00,35670.28,4457.170,1610864099999,158380056.35033,40762,2119.254,75361456.45807,0
1610864100000,35670.28,35709.48,35043.51,35184.43,6385.264,1610864999999,225138130.07700,58783,2799.473,98721594.73217,0
1610865000000,35184.43,35389.98,35150.00,35343.90,2731.476,1610865899999,96403912.14203,29809,1393.245,49176155.32263,0
1610865900000,35343.91,35539.55,35310.00,35404.84,2230.164,1610866799999,79008658.47312,24031,1242.987,44046877.36822,0
1610866800000,35404.84,35501.00,35154.81,35486.01,2537.819,1610867699999,89540717.85331,30929,1259.505,44451489.96700,0
1610867700000,35491.67,35550.00,35159.47,35260.99,3076.360,1610868599999,108707894.05310,31782,1350.297,47742067.32536,0
1610868600000,35261.00,35269.14,34622.86,34811.00,7280.070,1610869499999,253660937.87572,67422,3245.923,113054161.78511,0
1610869500000,34811.01,34963.78,34522.88,34787.55,5621.001,1610870399999,195518199.19092,53405,2488.540,86610836.58355,0
1610870400000,34787.76,34795.85,34322.00,34619.02,8063.353,1610871299999,278552811.06827,73851,3418.679,118119583.42379,0
1610871300000,34610.98,34838.69,34511.00,34764.11,4707.895,1610872199999,163281559.64438,45504,2378.283,82498475.97064,0
1610872200000,34765.02,34867.91,34455.00,34525.56,3862.784,1610873099999,133854888.03792,41528,1870.521,64861829.44851,0
1610873100000,34519.01,34768.43,34322.00,34758.50,4743.245,1610873999999,163846589.88507,47465,2586.928,89391241.47755,0
1610874000000,34763.59,35200.00,34669.33,34987.65,5765.936,1610874899999,201773370.41863,54845,3052.051,106805005.26491,0
1610874900000,34987.65,35101.52,34860.04,34890.42,2291.426,1610875799999,80140967.74049,29901,1181.670,41340158.01343,0
1610875800000,34890.44,34899.12,34374.37,34517.00,4399.049,1610876699999,152213963.36112,44436,1876.435,64884154.48022,0
1610876700000,34517.00,34586.59,34001.00,34195.00,6938.391,1610877599999,237573010.09640,64982,3136.828,107447005.64778,0
1610877600000,34195.47,34534.51,33863.50,34445.21,7707.752,1610878499999,263767062.60183,69689,3848.780,131830152.37972,0
1610878500000,34445.22,34790.69,34336.00,34674.99,4232.068,1610879399999,146338662.99398,42658,2281.896,78925300.65198,0
1610879400000,34674.99,34916.53,34621.12,34771.53,4171.919,1610880299999,145028865.18981,39025,2166.561,75338294.05022,0
1610880300000,34770.90,35101.73,34741.83,34819.75,4050.744,1610881199999,141450184.44848,39427,2058.432,71920822.58729,0
1610881200000,34819.76,35043.00,34777.18,35036.61,2686.389,1610882099999,93793830.72221,29131,1301.973,45464731.71823,0
1610882100000,35031.65,35100.00,34748.00,34918.84,2579.541,1610882999999,90036457.08105,28985,1349.846,47131970.40246,0
1610883000000,34918.85,35319.73,34787.64,35282.57,3906.269,1610883899999,137207054.22883,40461,2250.973,79099136.99975,0
1610883900000,35282.58,35398.00,35187.31,35270.41,3561.949,1610884799999,125729682.09709,32998,2020.386,71330898.30255,0
1610884800000,35270.82,35369.24,35122.00,35295.74,3289.598,1610885699999,115873744.24680,30615,1507.489,53127321.20422,0
1610885700000,35295.67,35551.77,35267.00,35363.76,3624.784,1610886599999,128522270.60473,32231,2168.722,76903431.36117,0
1610886600000,35363.78,35460.35,35180.10,35213.13,2723.074,1610887499999,95996409.78513,26004,1318.637,46486879.85718,0
1610887500000,35210.17,35337.99,35000.00,35140.12,3151.394,1610888399999,110747279.02474,27449,1238.192,43537122.67372,0
1610888400000,35140.84,35428.13,35054.00,35337.78,3078.107,1610889299999,108532025.32875,27178,1417.924,50005786.01032,0
1610889300000,35337.79,35463.04,35316.25,35343.57,1654.596,1610890199999,58572211.70683,18095,873.393,30920405.72146,0
1610890200000,35343.57,35510.00,35049.32,35140.92,2988.904,1610891099999,105356300.97087,30019,1360.294,47963469.76920,0
1610891100000,35140.27,35220.00,34809.90,34859.20,3431.083,1610891999999,120104673.48747,30072,1451.690,50844897.96467,0
1610892000000,34858.08,34957.20,34710.10,34889.69,4129.463,1610892899999,143859672.62157,37123,1938.201,67531922.51275,0
1610892900000,34890.98,35100.00,34790.00,34982.58,2716.291,1610893799999,94983409.49365,28675,1515.982,53023169.76866,0
1610893800000,34987.39,35180.00,34895.39,35071.48,2287.090,1610894699999,80238449.44087,23070,1291.924,45332534.68180,0
1610894700000,35071.48,35250.00,34750.00,34765.05,3070.718,1610895599999,107571816.76553,28651,1300.897,45637168.65968,0
1610895600000,34765.87,35474.00,34760.01,35427.39,5257.726,1610896499999,184828251.83185,43020,2969.840,104395142.64140,0
1610896500000,35426.75,35860.00,35422.54,35857.33,6042.329,1610897399999,215881671.08616,53104,3420.785,122222091.38131,0
1610897400000,35856.16,36000.00,35645.68,35957.65,3817.419,1610898299999,136726495.60186,35791,2147.634,76954891.34529,0
1610898300000,35957.66,35967.45,35682.03,35749.53,2598.309,1610899199999,93058850.31312,28334,1249.676,44762826.67457,0
1610899200000,35744.90,35855.81,35622.81,35757.35,3635.434,1610900099999,129947147.22107,33664,1822.339,65160482.93210,0
1610900100000,35757.31,35975.00,35721.46,35831.70,2696.052,1610900999999,96757861.13383,21321,1421.605,51024192.34804,0
1610901000000,35831.70,36196.00,35831.70,35988.75,5136.411,1610901899999,185335906.25821,40689,2896.987,104527982.97009,0
1610901900000,35988.76,36025.48,35850.00,35936.06,2098.815,1610902799999,75382875.93337,20296,1029.858,36998808.00016,0
1610902800000,35936.05,36148.22,35882.56,35911.92,1917.806,1610903699999,69076357.46959,23204,923.384,33268585.70146,0
1610903700000,35911.92,36115.29,35866.00,35878.58,1826.726,1610904599999,65723972.82891,20433,838.357,30160632.46071,0
1610904600000,35878.57,35882.44,35670.00,35711.01,2306.037,1610905499999,82523463.38218,22675,908.752,32526685.48399,0
1610905500000,35711.01,35884.38,35640.92,35875.83,2200.803,1610906399999,78722462.48270,20706,1004.593,35938184.62181,0
1610906400000,35871.72,35959.30,35728.46,35785.33,1431.813,1610907299999,51310685.99836,17780,611.751,21928690.96178,0
1610907300000,35785.34,35935.90,35678.82,35877.86,1233.883,1610908199999,44174397.62513,16285,588.308,21068876.11837,0
1610908200000,35875.01,35944.52,35700.00,35727.42,1215.576,1610909099999,43499612.96183,15789,554.095,19830249.75873,0
1610909100000,35724.01,35840.00,35670.00,35710.22,1197.036,1610909999999,42776537.84466,14976,661.507,23640567.35822,0
1610910000000,35710.22,36050.00,35710.22,35959.93,2927.319,1610910899999,105207424.61540,26352,1802.158,64775496.56412,0
1610910900000,35960.00,36043.21,35904.85,35985.23,1626.350,1610911799999,58518478.55159,13881,978.378,35210603.83095,0
1610911800000,35985.23,36024.70,35825.00,35840.72,1373.925,1610912699999,49312324.78653,14471,683.314,24526963.67018,0
1610912700000,35835.03,35890.92,35561.00,35657.41,2744.088,1610913599999,98032766.31808,25851,1323.519,47312586.66457,0
1610913600000,35657.42,35809.92,35630.00,35753.36,1605.640,1610914499999,57347060.93695,17767,853.972,30502774.94189,0
1610914500000,35751.12,35784.61,35590.87,35673.99,1027.234,1610915399999,36648350.65042,13698,451.280,16104809.67684,0
1610915400000,35674.00,35854.77,35673.99,35814.49,1456.668,1610916299999,52150747.75165,16687,883.418,31628089.66523,0
1610916300000,35814.51,36145.65,35811.50,36129.53,3253.644,1610917199999,117322570.66999,26871,1725.558,62214871.14844,0
1610917200000,36113.65,36610.00,36113.65,36549.01,4904.557,1610918099999,178335737.99383,44934,2805.054,101980835.08511,0
1610918100000,36549.01,36767.75,36540.69,36747.51,2735.517,1610918999999,100281147.76222,31102,1381.195,50637963.13259,0
1610919000000,36747.51,36898.00,36607.23,36672.16,2871.633,1610919899999,105482359.95286,28690,1311.554,48200501.58016,0
1610919900000,36672.16,36744.22,36558.42,36610.32,2264.375,1610920799999,82974213.47146,20047,774.378,28384183.35429,0
1610920800000,36611.63,36760.92,36600.79,36614.34,1217.340,1610921699999,44658802.82463,14707,674.286,24738511.12101,0
1610921700000,36614.89,36645.47,36463.13,36544.08,1645.527,1610922599999,60129052.20610,15530,844.065,30840735.43802,0
1610922600000,36544.03,36749.99,36400.01,36441.98,2337.565,1610923499999,85579820.32173,20910,1116.334,40865363.75243,0
1610923500000,36439.31,36481.52,36058.11,36220.01,3153.310,1610924399999,114381614.83310,28625,1268.011,46002610.12108,0
1610924400000,36220.00,36354.60,36073.80,36178.32,2519.333,1610925299999,91264377.63027,22895,1252.847,45396710.29237,0
1610925300000,36179.98,36460.36,36150.00,36414.15,2212.555,1610926199999,80352994.36053,19929,1229.312,44659549.17537,0
1610926200000,36414.15,36448.00,36210.48,36216.10,2195.102,1610927099999,79792502.23462,17031,1401.812,50968011.50500,0
1610927100000,36216.09,36269.14,35700.00,35869.83,3462.818,1610927999999,124356836.07972,33216,1448.004,52001022.37170,0
1610928000000,35875.72,36033.52,35603.55,35807.00,3157.470,1610928899999,113049608.18692,31644,1441.639,51646203.45440,0
1610928900000,35807.00,35993.00,35751.05,35902.99,1708.945,1610929799999,61361838.42746,21196,990.974,35587687.25173,0
1610929800000,35902.99,36066.43,35822.69,35897.74,1586.231,1610930699999,56989388.44542,17400,834.377,29983189.51021,0
1610930700000,35897.75,36055.64,35868.69,36007.44,1197.402,1610931599999,43065839.66615,15292,615.343,22132935.83004,0
1610931600000,36007.44,36143.01,35703.00,35745.02,1985.377,1610932499999,71313424.36863,22444,999.057,35904407.05378,0
1610932500000,35742.53,35858.68,35650.00,35814.36,1899.545,1610933399999,67926465.33572,19467,862.153,30834887.30390,0
1610933400000,35814.36,36093.08,35814.36,36060.00,1439.288,1610934299999,51758147.73625,17035,684.857,24628466.55129,0
1610934300000,36060.00,36232.27,35977.64,36166.98,1519.866,1610935199999,54875434.94611,16785,872.903,31524005.66801,0
1610935200000,36166.97,36260.00,35956.89,36104.41,1721.378,1610936099999,62162625.42966,17022,871.152,31472175.92147,0
1610936100000,36104.41,36167.00,35960.01,36134.13,990.588,1610936999999,35742247.89830,13182,439.233,15849334.29817,0
1610937000000,36134.12,36148.04,35833.56,35955.04,1958.948,1610937899999,70396360.53477,19123,812.799,29208971.83461,0
1610937900000,35955.03,36021.32,35738.49,35827.21,1784.875,1610938799999,63977380.07394,18924,655.181,23488159.71728,0
1610938800000,35827.36,35906.05,35725.39,35840.15,1575.323,1610939699999,56393226.90294,16772,780.151,27928782.26774,0
1610939700000,35840.02,35844.18,35173.89,35209.17,5013.875,1610940599999,177614982.16187,45519,2088.486,73967906.05339,0
1610940600000,35204.20,35276.31,35005.00,35132.02,4113.384,1610941499999,144481254.50286,38977,2027.432,71233103.53726,0
1610941500000,35132.58,35239.39,34875.00,35148.25,3318.767,1610942399999,116348962.42509,36316,1628.114,57114440.13223,0
1610942400000,35148.25,35253.99,35031.26,35199.00,2025.187,1610943299999,71212018.56423,21891,1104.399,38842932.31289,0
1610943300000,35199.00,35354.46,35080.45,35256.82,1573.830,1610944199999,55463032.55644,17883,906.121,31941150.24887,0
1610944200000,35256.81,35258.00,34938.18,35182.03,1897.378,1610945099999,66532144.15830,21356,858.614,30112584.07437,0
1610945100000,35182.03,35265.14,34945.18,35177.00,2216.936,1610945999999,77874420.55666,22479,1023.905,35965576.88549,0
1610946000000,35174.57,35296.68,35103.79,35176.58,1323.106,1610946899999,46595295.48462,21096,706.270,24875983.03833,0
1610946900000,35176.57,35176.58,34850.00,34878.68,2550.913,1610947799999,89225644.20889,30617,1267.671,44350412.13565,0
1610947800000,34878.68,35338.31,34808.47,35322.13,2410.840,1610948699999,84537335.26624,27225,1414.240,49611918.42582,0
1610948700000,35322.75,35530.00,35287.45,35375.93,2491.910,1610949599999,88271022.30458,27668,1187.435,42068565.16227,0
1610949600000,35375.93,35499.99,35270.70,35339.48,1839.843,1610950499999,65083996.33638,19755,916.147,32415565.64315,0
1610950500000,35339.48,35385.54,35206.26,35286.76,1356.744,1610951399999,47869928.38804,16258,733.273,25876889.98958,0
1610951400000,35286.00,35396.95,35100.12,35155.00,1884.153,1610952299999,66347083.95935,18524,921.209,32444935.80768,0
1610952300000,35155.00,35289.24,35092.47,35223.00,1663.390,1610953199999,58551161.90066,17591,896.387,31555493.44580,0
1610953200000,35222.99,36000.00,35185.29,35941.92,5012.951,1610954099999,178966027.25537,45312,2991.692,106760949.33076,0
1610954100000,35941.93,36170.06,35927.17,36067.57,3726.994,1610954999999,134393200.71679,36914,1948.848,70281063.82730,0
1610955000000,36067.65,36298.00,36067.00,36120.00,3334.399,1610955899999,120699452.27901,33618,1758.300,63651852.66916,0
1610955900000,36120.00,36198.69,36029.88,36139.12,1969.602,1610956799999,71123789.87702,23706,976.463,35267610.85324,0
1610956800000,36139.11,36291.00,36106.63,36250.00,1981.797,1610957699999,71738489.13096,22987,1253.008,45362533.27845,0
1610957700000,36249.99,36498.00,36249.99,36262.63,3685.650,1610958599999,134044978.66807,35808,2058.302,74858398.04046,0
1610958600000,36262.63,36314.48,36154.36,36243.32,1688.157,1610959499999,61154589.58160,20940,765.424,27731545.02664,0
1610959500000,36242.20,36376.66,36168.12,36274.78,1304.825,1610960399999,47336233.18779,18260,526.259,19094057.57759,0
1610960400000,36274.79,36711.00,36246.33,36612.35,5006.228,1610961299999,182925068.39293,45874,2837.868,103698696.89443,0
1610961300000,36612.36,36613.73,36411.21,36429.99,2455.450,1610962199999,89631333.10635,24076,1442.487,52656338.52503,0
1610962200000,36429.99,36503.99,36347.88,36428.89,1581.954,1610963099999,57606744.31071,19255,883.842,32188041.89938,0
1610963100000,36428.89,36640.00,36371.66,36630.20,1795.727,1610963999999,65519074.80060,20637,882.068,32190482.82523,0
1610964000000,36626.62,36706.17,36357.00,36402.50,2525.172,1610964899999,92181023.30114,28643,1110.057,40520901.36536,0
1610964900000,36401.37,36424.97,36180.03,36347.29,2789.151,1610965799999,101176847.39327,31011,1124.434,40797330.99484,0
1610965800000,36347.76,36400.00,36201.06,36376.30,1974.225,1610966699999,71689192.66847,18594,710.702,25809277.12237,0
1610966700000,36377.93,36437.55,36224.44,36289.11,1739.637,1610967599999,63181342.57616,18896,681.174,24741063.33579,0
1610967600000,36289.11,36325.50,35831.80,36024.08,6139.862,1610968499999,221210017.73656,46622,2399.326,86467505.75342,0
1610968500000,36024.08,36119.98,35930.82,36083.39,2336.777,1610969399999,84179076.69547,22783,936.555,33747986.39551,0
1610969400000,36083.39,36100.00,35920.32,36000.00,1146.822,1610970299999,41303692.44278,15717,516.801,18615564.77922,0
1610970300000,36000.00,36613.99,35877.25,36499.32,5533.297,1610971199999,201262912.15622,46118,3401.731,123761478.58147,0
1610971200000,36495.53,37404.44,36434.19,37332.12,10380.809,1610972099999,384630451.37065,87864,6164.261,228284352.64634,0
1610972100000,37332.13,37547.94,37150.89,37163.40,7569.016,1610972999999,282954674.27335,64485,3494.534,130704394.32509,0
1610973000000,37163.40,37280.00,37040.15,37115.23,3812.745,1610973899999,141767136.23002,36227,1753.260,65205577.48956,0
1610973900000,37110.08,37169.99,37012.00,37096.81,3324.396,1610974799999,123361550.00448,27006,1677.194,62253483.37156,0
1610974800000,37096.76,37268.92,36768.02,36950.00,6270.182,1610975699999,231954563.17870,51659,3086.549,114262848.18873,0
1610975700000,36950.98,37035.83,36804.42,36869.45,3004.807,1610976599999,110894348.27577,26372,1453.889,53676694.57484,0
1610976600000,36869.44,37074.58,36752.50,36898.73,2908.634,1610977499999,107467120.66537,26621,1675.672,61940930.04351,0
1610977500000,36899.89,37000.00,36807.52,36830.01,1994.936,1610978399999,73624544.35726,18857,1059.948,39132702.76970,0
1610978400000,36822.97,37050.00,36820.00,36893.02,2252.349,1610979299999,83166599.13971,25156,1236.026,45647805.21416,0
1610979300000,36891.43,36957.00,36839.72,36865.96,1581.964,1610980199999,58376106.21730,16647,872.298,32193995.83435,0
1610980200000,36865.96,36900.00,36099.63,36442.05,10842.762,1610981099999,394608620.85073,81596,4719.544,171667683.13836,0
1610981100000,36441.99,36510.18,36221.00,36503.99,4118.961,1610981999999,149965751.95980,32533,1967.012,71633425.55082,0
1610982000000,36503.99,36660.00,36306.89,36635.72,2700.709,1610982899999,98529452.13064,27234,1499.257,54729299.81565,0
1610982900000,36635.72,36638.14,36250.00,36318.36,2887.241,1610983799999,105230665.03678,28339,1392.164,50761953.63227,0
1610983800000,36313.49,36410.00,36290.00,36398.40,1420.691,1610984699999,51655295.03206,16621,760.590,27658511.53568,0
1610984700000,36397.50,36515.06,36153.70,36448.42,2329.270,1610985599999,84754397.89475,25302,1192.366,43400452.20204,0
1610985600000,36448.41,36612.95,36142.42,36184.42,4137.141,1610986499999,150313844.99084,38621,1933.179,70263755.20857,0
1610986500000,36184.42,36326.17,35888.00,36254.00,4270.168,1610987399999,153988259.20223,40802,2030.854,73278360.64802,0
1610987400000,36253.51,36345.00,36178.30,36265.87,2136.029,1610988299999,77471054.14768,20346,1085.669,39381960.90797,0
1610988300000,36265.86,36330.00,36053.49,36243.44,2311.839,1610989199999,83692411.36263,24424,1020.970,36977588.52111,0
1610989200000,36243.45,36360.00,35923.65,35924.83,2245.341,1610990099999,81161195.30592,25678,1020.266,36899347.91655,0
1610990100000,35924.84,36010.58,35562.02,35562.02,6242.639,1610990999999,223336950.36520,51456,3028.224,108384659.71514,0
1610991000000,35569.56,35786.99,35436.27,35677.15,5598.288,1610991899999,199405783.48413,42895,2681.664,95565184.21961,0
1610991900000,35677.14,35800.00,35646.23,35717.07,1985.595,1610992799999,70928623.03070,21987,1166.375,41668712.55072,0
1610992800000,35717.07,35894.60,35564.98,35745.74,3069.592,1610993699999,109703801.02983,29560,1601.860,57274308.02564,0
1610993700000,35740.26,35898.11,35671.29,35854.86,1423.281,1610994599999,50933728.30007,17221,896.142,32075840.67593,0
1610994600000,35855.02,35931.00,35760.00,35876.03,1454.368,1610995499999,52132573.85216,16077,873.784,31323144.00723,0
1610995500000,35876.02,35918.20,35662.98,35811.38,1931.999,1610996399999,69119411.86787,20215,927.502,33184556.61505,0
1610996400000,35811.38,36055.00,35750.00,36025.72,2264.053,1610997299999,81309297.57917,20875,1342.248,48220816.95126,0
1610997300000,36025.72,36106.50,35857.77,35916.66,2653.768,1610998199999,95550693.65405,20008,1322.562,47632794.30993,0
1610998200000,35916.64,35954.82,35881.57,35905.00,977.892,1610999099999,35115518.23818,10768,625.598,22465548.91099,0
1610999100000,35905.00,36098.61,35820.25,35988.74,1604.974,1610999999999,57763426.64875,18580,789.333,28412743.76014,0
1611000000000,35988.75,36062.99,35850.00,35916.00,1221.918,1611000899999,43918390.54844,15385,703.561,25289669.56668,0
1611000900000,35919.98,36064.12,35852.66,36064.12,1147.811,1611001799999,41289804.14688,13400,601.375,21630438.95494,0
1611001800000,36064.87,36441.65,36064.81,36262.66,3537.726,1611002699999,128431267.86235,33307,1905.581,69166968.54481,0
1611002700000,36260.90,36308.24,36120.50,36139.56,1381.413,1611003599999,50020226.28774,16981,721.357,26120529.60548,0
1611003600000,36138.07,36263.87,36001.00,36192.86,1501.235,1611004499999,54279876.89461,18092,757.187,27383576.46507,0
1611004500000,36190.74,36230.00,36104.35,36189.99,931.252,1611005399999,33682728.26056,13478,469.366,16977127.47118,0
1611005400000,36189.99,36270.55,36100.02,36212.85,1381.242,1611006299999,49990977.71168,17572,717.608,25972283.84236,0
1611006300000,36212.85,36343.28,36212.85,36237.54,1264.638,1611007199999,45882163.68911,15558,594.297,21563424.38543,0
1611007200000,36237.55,36478.13,36237.55,36331.49,1556.862,1611008099999,56638533.52370,19003,768.307,27944680.35096,0
1611008100000,36331.50,36331.50,36200.00,36238.87,1163.438,1611008999999,42174401.20074,13485,599.945,21746756.13460,0
1611009000000,36238.87,36479.52,36238.86,36455.43,941.299,1611009899999,34210602.76712,13813,534.968,19443527.61170,0
1611009900000,36455.43,36586.79,36368.05,36519.61,1824.801,1611010799999,66594248.93579,19748,848.484,30967651.27852,0
1611010800000,36517.61,36593.00,36312.08,36361.71,1779.812,1611011699999,64924788.87725,18676,773.417,28211097.75738,0
1611011700000,36361.69,36480.00,36325.00,36466.25,1307.675,1611012599999,47584195.31719,15394,727.092,26461931.54204,0
1611012600000,36466.25,36814.12,36443.13,36748.37,2759.941,1611013499999,101225618.66173,27650,1291.586,47358060.85743,0
1611013500000,36749.68,36835.84,36601.00,36686.86,2045.032,1611014399999,75149088.33641,20807,819.490,30122725.05401,0
1611014400000,36690.00,36998.00,36620.17,36766.71,3730.002,1611015299999,137354420.21807,37805,2068.743,76186804.46301,0
1611015300000,36766.70,36916.00,36523.59,36578.50,2455.326,1611016199999,90038063.02491,23438,1060.102,38902329.23018,0
1611016200000,36576.22,36660.50,36537.68,36603.25,1075.173,1611017099999,39354741.13114,13394,521.133,19077202.48573,0
1611017100000,36603.26,36799.69,36432.31,36737.50,2204.168,1611017999999,80647854.55502,21362,1039.804,38056444.13111,0
1611018000000,36737.50,37089.17,36701.52,36920.65,3788.544,1611018899999,139809702.59961,30664,1878.423,69319853.74959,0
1611018900000,36922.78,37030.00,36826.65,36885.17,2791.827,1611019799999,103087095.20055,24080,1375.931,50806872.72979,0
1611019800000,36885.17,37200.00,36876.57,37102.87,4553.971,1611020699999,169035878.68494,38262,2724.800,101155070.56866,0
1611020700000,37102.87,37420.00,36870.00,37024.36,5255.547,1611021599999,195297022.84359,43875,2788.858,103712380.60448,0
1611021600000,37021.96,37108.00,36917.92,37006.33,2091.898,1611022499999,77453408.44049,22548,918.186,34002013.80203,0
1611022500000,37006.33,37096.00,36800.00,36898.76,2443.333,1611023399999,90164713.00318,23519,866.551,31975305.27890,0
1611023400000,36894.37,36992.00,36752.23,36752.81,2080.036,1611024299999,76734237.75731,22870,995.468,36733180.46775,0
1611024300000,36756.53,36926.36,36669.96,36913.00,1777.627,1611025199999,65449498.89334,20305,830.125,30567383.79615,0
1611025200000,36913.00,36955.00,36758.04,36758.04,1369.931,1611026099999,50489166.00778,17633,645.965,23808919.39360,0
1611026100000,36758.00,36778.79,36623.08,36739.09,1652.090,1611026999999,60638723.16632,19265,712.667,26161226.86007,0
1611027000000,36739.09,36800.00,36573.66,36748.36,1643.239,1611027899999,60278716.38728,16715,731.118,26825453.51504,0
1611027900000,36748.37,36764.00,36516.10,36555.99,1172.778,1611028799999,42993610.34962,15681,525.073,19252894.07970,0
1611028800000,36556.00,36699.00,36516.00,36695.60,1457.990,1611029699999,53364249.86556,17136,816.431,29880162.67115,0
1611029700000,36696.98,36748.00,36559.55,36623.31,931.578,1611030599999,34145675.95307,14285,465.792,17074007.56059,0
1611030600000,36623.31,36680.00,36481.77,36609.03,1209.425,1611031499999,44210975.21888,14678,515.778,18858013.07862,0
1611031500000,36609.03,36615.93,36303.47,36379.00,2124.801,1611032399999,77397588.24102,21898,883.886,32197487.58015,0
1611032400000,36383.20,36495.00,36360.77,36469.03,1225.195,1611033299999,44650653.07941,15321,487.710,17774494.90662,0
1611033300000,36469.03,36611.52,36420.37,36530.01,1645.939,1611034199999,60122010.09681,17690,1028.198,37561082.19545,0
1611034200000,36531.98,36599.98,36269.20,36285.48,1767.561,1611035099999,64395810.49897,18278,946.075,34490262.59971,0
1611035100000,36285.75,36350.00,36210.00,36307.88,1445.206,1611035999999,52435232.70188,16840,765.336,27771003.08759,0
1611036000000,36307.88,36569.69,36242.40,36533.06,1871.677,1611036899999,68208052.54487,19689,1126.260,41047671.05788,0
1611036900000,36534.98,36600.00,36500.00,36554.35,1705.306,1611037799999,62304135.63754,14932,873.679,31927034.88770,0
1611037800000,36554.35,36787.92,36547.50,36657.48,3149.869,1611038699999,115605453.94080,22614,1989.675,73026172.92302,0
1611038700000,36657.49,36832.34,36523.59,36655.74,2265.318,1611039599999,82978544.26990,19543,1224.789,44862601.55563,0
1611039600000,36664.46,36788.62,36591.40,36628.60,1208.786,1611040499999,44308605.86733,13596,635.960,23313992.24526,0
1611040500000,36628.60,36738.00,36533.46,36725.29,1508.433,1611041399999,55240203.29329,15706,726.520,26610243.02750,0
1611041400000,36725.30,36837.75,36580.25,36732.45,1434.934,1611042299999,52691675.91312,17261,755.886,27763313.29894,0
1611042300000,36732.32,37304.34,36718.50,37225.61,5078.432,1611043199999,188274884.30735,46952,2710.355,100447618.83443,0
1611043200000,37226.00,37399.00,37001.00,37083.05,4909.667,1611044099999,182572477.41885,42179,2272.075,84549002.10883,0
1611044100000,37083.05,37625.00,37075.64,37521.77,7112.601,1611044999999,266273938.77714,50551,4197.193,157135715.10115,0
1611045000000,37519.37,37661.36,37284.97,37344.24,3772.904,1611045899999,141297762.13175,31408,1748.515,65514373.48838,0
1611045900000,37344.79,37466.00,37102.80,37336.00,3604.749,1611046799999,134374232.70596,28033,1381.651,51517976.43049,0
1611046800000,37335.99,37514.00,37265.79,37300.05,2674.249,1611047699999,100027309.50550,24320,1242.856,46497320.12051,0
1611047700000,37300.00,37491.47,37271.75,37427.17,1566.103,1611048599999,58543178.32402,18970,741.131,27705134.29593,0
1611048600000,37429.04,37618.44,37300.83,37462.66,3180.935,1611049499999,119118476.29845,26884,1781.898,66735938.62009,0
1611049500000,37462.65,37509.24,37111.00,37187.63,2980.111,1611050399999,111111575.81211,28512,1187.506,44311713.25167,0
1611050400000,37189.99,37361.94,37171.57,37361.94,1537.873,1611051299999,57311471.27084,17677,655.301,24424181.82498,0
1611051300000,37361.93,37420.00,37240.00,37281.00,1436.735,1611052199999,53623099.18165,16952,532.851,19895444.86960,0
1611052200000,37281.00,37281.73,36802.01,37023.00,4840.341,1611053099999,179059879.98093,39088,1800.076,66564976.33495,0
1611053100000,37023.00,37218.20,37022.67,37178.53,1788.781,1611053999999,66394208.48308,21177,915.589,33988290.15444,0
1611054000000,37178.54,37298.59,37045.51,37077.87,1947.855,1611054899999,72381047.94370,21236,746.841,27761261.39971,0
1611054900000,37077.87,37280.00,37004.52,37126.44,1547.971,1611055799999,57517119.02653,20835,720.067,26764949.39289,0
1611055800000,37126.44,37230.00,36971.43,36999.90,1966.656,1611056699999,72990298.62610,22828,929.906,34528942.17538,0
1611056700000,36999.90,37388.00,36933.40,37387.97,3435.027,1611057599999,127732042.17315,32143,2033.189,75626967.18216,0
1611057600000,37387.98,37589.06,37276.35,37290.49,3604.927,1611058499999,134907700.25711,36366,1874.208,70163829.35996,0
1611058500000,37290.49,37478.15,37151.85,37192.17,2838.561,1611059399999,105883117.30403,25391,1331.921,49698651.88726,0
1611059400000,37191.35,37261.00,36812.34,36812.34,3988.540,1611060299999,147589082.79165,35689,1798.878,66586236.62840,0
1611060300000,36820.04,36945.89,36680.00,36835.35,3842.135,1611061199999,141507482.23784,33952,1846.043,68014602.87436,0
1611061200000,36834.28,36987.89,36834.28,36911.13,2210.660,1611062099999,81625132.58873,19428,1262.852,46630125.08043,0
1611062100000,36911.13,37097.00,36883.50,37026.20,2039.541,1611062999999,75455214.64106,22032,1183.095,43774907.28973,0
1611063000000,37026.16,37097.00,36966.30,37032.44,1624.346,1611063899999,60164165.41386,17083,825.670,30585476.30505,0
1611063900000,37032.44,37188.00,37032.44,37134.95,2142.681,1611064799999,79560628.97618,20523,1372.453,50959120.46192,0
1611064800000,37133.10,37350.00,37070.59,37213.44,3425.839,1611065699999,127458251.81414,30514,1862.360,69311067.03450,0
1611065700000,37211.77,37276.42,36970.00,37258.00,2234.239,1611066599999,82969494.04968,24240,1013.887,37669313.26931,0
1611066600000,37258.01,37319.16,37150.00,37230.01,1561.431,1611067499999,58137643.86500,18917,812.372,30250200.34965,0
1611067500000,37230.01,37327.06,37020.98,37064.69,2205.354,1611068399999,81893714.57370,24371,812.713,30192832.34032,0
1611068400000,37064.70,37160.00,36862.14,37073.53,2990.313,1611069299999,110659474.95426,27831,1286.428,47621090.63365,0
1611069300000,37075.20,37202.42,36960.75,37199.47,2103.171,1611070199999,78055767.41291,21386,1239.929,46022361.50294,0
1611070200000,37199.47,37280.63,37122.72,37174.24,1458.125,1611071099999,54220570.36164,18323,784.432,29173534.59932,0
1611071100000,37175.31,37444.00,37140.01,37376.48,3639.893,1611071999999,135818092.15941,33125,1931.166,72056875.97392,0
1611072000000,37376.48,37961.00,37277.40,37739.00,10852.508,1611072899999,409009756.68589,89189,5680.656,214104610.27696,0
1611072900000,37738.99,37830.00,37556.00,37675.06,3683.456,1611073799999,138762186.03241,34242,1895.692,71423243.83756,0
1611073800000,37675.06,37720.00,37445.88,37564.98,2490.671,1611074699999,93596808.73256,23911,1283.510,48242835.29314,0
1611074700000,37564.98,37600.00,37407.37,37444.30,1849.223,1611075599999,69328819.58814,21045,945.443,35453774.02801,0
1611075600000,37440.58,37606.00,37163.36,37263.93,3960.468,1611076499999,147858585.83878,36050,1863.379,69600915.03598,0
1611076500000,37263.92,37364.27,37050.30,37070.00,2199.631,1611077399999,81931297.98751,21346,1010.147,37658709.71905,0
1611077400000,37072.85,37356.82,37070.02,37293.51,1698.216,1611078299999,63267186.78682,19406,1059.443,39471881.53256,0
1611078300000,37293.52,37370.00,37214.00,37226.44,1851.516,1611079199999,69032173.25902,16224,1182.176,44079800.12996,0
1611079200000,37226.44,37226.44,36899.97,36980.00,3982.927,1611080099999,147627058.41837,37382,1912.500,70915843.36326,0
1611080100000,36979.99,37130.00,36774.77,37077.73,4379.374,1611080999999,161906040.47020,39346,1953.114,72248951.12376,0
1611081000000,37077.56,37148.00,36850.00,36971.45,1747.942,1611081899999,64692135.76904,20362,817.955,30284582.13600,0
1611081900000,36971.45,36979.00,36538.00,36554.04,5081.805,1611082799999,186578569.73692,46371,2034.034,74688553.56497,0
1611082800000,36556.15,36797.00,36501.00,36744.10,2711.152,1611083699999,99443279.73822,28143,1389.945,50990352.25396,0
1611083700000,36743.98,36821.87,36350.00,36495.00,3615.296,1611084599999,132178344.56369,37457,1526.067,55828179.43318,0
1611084600000,36496.35,36583.11,36132.49,36238.95,5445.991,1611085499999,198036891.04269,47203,2314.224,84204579.01421,0
1611085500000,36238.94,36546.32,36120.28,36346.35,3758.129,1611086399999,136583768.67544,34202,1877.603,68243832.45024,0
1611086400000,36346.15,36643.55,36168.12,36459.80,5306.535,1611087299999,193340085.65402,42737,2947.896,107451597.61980,0
1611087300000,36459.79,36498.08,36213.87,36410.01,2553.562,1611088199999,92847126.95330,24689,1375.704,50034433.18884,0
1611088200000,36409.51,36561.50,36360.78,36447.20,2235.109,1611089099999,81515741.64239,19482,1359.764,49591067.50989,0
1611089100000,36447.21,36575.00,36285.16,36472.14,2360.653,1611089999999,86038080.75738,20112,1340.845,48873675.90973,0
1611090000000,36473.08,36800.00,36423.40,36563.58,4517.709,1611090899999,165449996.72480,32324,2715.161,99442355.49498,0
1611090900000,36563.58,36733.96,36526.37,36581.53,2369.088,1611091799999,86749909.29785,18352,1488.731,54513505.81083,0
1611091800000,36581.52,36649.78,36482.00,36619.06,1278.106,1611092699999,46718066.71333,15604,612.444,22388811.96590,0
1611092700000,36619.01,36724.08,36476.01,36492.52,1529.681,1611093599999,55962593.12782,18886,705.209,25810284.45401,0
1611093600000,36492.52,36700.00,36337.30,36643.67,1972.752,1611094499999,72085403.45530,21445,896.036,32734225.77461,0
1611094500000,36643.66,36718.35,36536.51,36550.10,1141.503,1611095399999,41803926.64968,14373,501.476,18366217.21938,0
1611095400000,36547.70,36620.00,36430.03,36613.47,996.303,1611096299999,36382153.53447,15394,500.514,18280412.63137,0
1611096300000,36612.76,36843.99,36600.17,36685.10,1983.367,1611097199999,72875867.18681,21154,929.147,34143066.41600,0
1611097200000,36687.62,36778.76,36421.00,36449.62,1684.347,1611098099999,61624910.37294,19625,799.787,29267210.90325,0
1611098100000,36449.04,36526.22,36335.40,36370.42,1650.640,1611098999999,60156979.41317,17723,690.608,25178759.30773,0
1611099000000,36370.42,36453.03,36160.00,36297.69,2892.590,1611099899999,104910420.68921,25360,1062.686,38547049.84584,0
1611099900000,36297.67,36375.01,35850.00,35891.03,3780.915,1611100799999,136514013.12041,34122,1314.950,47533978.69457,0
1611100800000,35891.74,36099.75,35601.05,35981.07,5935.125,1611101699999,212842563.80674,51710,2683.085,96279014.89847,0
1611101700000,35987.43,36250.00,35976.16,36203.10,2871.325,1611102599999,103822013.04177,23058,1820.648,65821364.45928,0
1611102600000,36203.10,36389.74,36122.73,36342.66,2368.155,1611103499999,85830884.31634,20314,1342.834,48687361.49413,0
1611103500000,36342.62,36400.00,36210.88,36358.71,1777.456,1611104399999,64547406.16874,16177,953.648,34638135.75681,0
1611104400000,36355.83,36461.44,36246.16,36360.79,2007.246,1611105299999,72959034.50973,19384,1062.774,38635693.03563,0
1611105300000,36360.79,36371.69,36126.30,36244.28,2553.785,1611106199999,92590144.66487,20577,926.058,33574348.98755,0
1611106200000,36244.28,36311.86,36063.57,36200.55,2504.811,1611107099999,90614494.00708,21821,1013.338,36662009.20877,0
1611107100000,36200.54,36432.06,36150.00,36165.97,1862.880,1611107999999,67653242.92458,19356,898.572,32644229.98187,0
1611108000000,36169.81,36200.00,35816.49,35937.60,4200.559,1611108899999,151048909.53825,34311,2125.961,76442989.53608,0
1611108900000,35937.56,36000.00,35750.00,35935.51,2141.065,1611109799999,76804563.54042,21887,1154.175,41418584.42986,0
1611109800000,35935.51,36099.86,35901.00,36075.64,1877.304,1611110699999,67630131.66537,18815,1126.845,40593604.94204,0
1611110700000,36075.63,36149.50,35950.00,36137.70,1833.244,1611111599999,66136604.60620,17187,834.896,30125938.33494,0
1611111600000,36138.38,36168.81,35960.00,35996.04,1635.750,1611112499999,59020623.02738,16900,628.393,22674841.60649,0
1611112500000,35996.04,36016.53,35501.00,35585.29,5208.895,1611113399999,186005034.77716,42716,2250.117,80356758.77655,0
1611113400000,35581.67,35720.49,35152.00,35364.34,8181.904,1611114299999,289506785.36225,63230,3749.020,132682846.07966,0
1611114300000,35364.34,35437.87,34989.41,35097.16,6649.049,1611115199999,234153107.21057,49537,3055.746,107679160.33083,0
1611115200000,35098.12,35293.38,34900.00,35027.93,5628.047,1611116099999,197765715.14972,47842,2535.138,89093338.19497,0
1611116100000,35028.05,35338.78,34750.00,35273.95,5295.156,1611116999999,185816629.26019,47630,2415.246,84871216.36669,0
1611117000000,35271.97,35333.00,35140.51,35200.16,2043.197,1611117899999,72007247.09817,22521,1081.525,38125290.88124,0
1611117900000,35208.20,35487.75,35115.09,35280.29,2867.743,1611118799999,101351505.19936,24831,1705.656,60294175.18113,0
1611118800000,35280.28,35444.13,35225.81,35300.00,2317.210,1611119699999,81868412.42351,21098,1345.171,47533472.02210,0
1611119700000,35299.96,35489.00,35213.28,35467.32,1783.204,1611120599999,63053182.44594,18505,934.073,33029111.16467,0
1611120600000,35467.32,35478.48,35305.15,35332.28,1632.119,1611121499999,57776646.94162,17746,728.976,25811425.03050,0
1611121500000,35332.27,35533.00,35266.00,35498.00,1725.068,1611122399999,61082194.36863,20189,895.995,31733109.09887,0
1611122400000,35497.99,35560.00,35393.02,35434.38,2223.712,1611123299999,78887990.06576,22905,1110.385,39396070.63697,0
1611123300000,35434.39,35545.10,35289.90,35512.90,2045.073,1611124199999,72359129.37722,20930,1002.492,35480358.46573,0
1611124200000,35516.23,35652.99,35481.56,35514.26,2702.906,1611125099999,96135450.06386,24165,1280.738,45560942.59872,0
1611125100000,35514.25,35580.46,35150.00,35275.23,3458.057,1611125999999,122064872.66946,30536,1515.481,53501132.62966,0
1611126000000,35274.92,35580.46,35212.73,35575.00,2175.986,1611126899999,77000544.99856,26724,1323.982,46865179.64463,0
1611126900000,35574.99,35855.00,35518.56,35796.41,4047.944,1611127799999,144478279.39438,35455,2431.013,86777595.77311,0
1611127800000,35796.41,35820.79,35685.00,35771.74,1767.995,1611128699999,63194205.65906,20098,849.385,30362025.80920,0
1611128700000,35771.74,35794.00,35656.92,35679.08,1847.304,1611129599999,65985011.42356,18366,865.330,30915524.33315,0
1611129600000,35679.08,35800.00,35516.01,35550.01,2406.854,1611130499999,85728946.97852,26140,1135.281,40450765.38537,0
1611130500000,35550.01,35985.00,35384.00,35876.26,4642.511,1611131399999,165665904.48347,40688,2349.386,83901904.39176,0
1611131400000,35879.33,35911.25,35553.80,35606.99,2484.656,1611132299999,88742779.04325,26906,1272.065,45431151.11677,0
1611132300000,35607.00,35677.93,35455.00,35494.13,2308.104,1611133199999,82061291.65942,22882,1212.705,43125248.54528,0
1611133200000,35494.13,35578.74,35250.00,35326.71,3325.693,1611134099999,117649457.01780,30198,1503.491,53191577.39885,0
1611134100000,35326.71,35500.00,35322.03,35330.27,1424.883,1611134999999,50476876.10432,17932,673.200,23852996.91244,0
1611135000000,35328.95,35374.83,34550.00,34854.93,9168.602,1611135899999,320267490.12060,72978,3796.742,132592564.25322,0
1611135900000,34854.92,34980.00,34510.00,34826.85,6272.065,1611136799999,218087277.75978,58394,2899.057,100852743.28732,0
1611136800000,34825.91,34825.91,34360.00,34721.21,8584.314,1611137699999,296597656.80336,73616,3755.286,129789589.60360,0
1611137700000,34721.24,34920.60,34661.30,34789.32,4778.628,1611138599999,166265895.68267,44857,2323.928,80870528.45680,0
1611138600000,34789.32,34939.25,34597.89,34839.90,2989.698,1611139499999,103975267.47268,32972,1503.326,52300472.64972,0
1611139500000,34839.89,34988.00,34732.05,34749.68,3038.394,1611140399999,105958347.81372,29036,1509.454,52648053.08266,0
1611140400000,34748.22,34886.91,34459.77,34465.59,3242.047,1611141299999,112390453.85127,36191,1404.053,48712968.84198,0
1611141300000,34465.57,34527.33,34020.00,34238.84,9354.354,1611142199999,320076745.60660,84084,4122.328,141060140.97792,0
1611142200000,34238.84,34600.00,34168.58,34539.50,4190.883,1611143099999,144386100.97211,42926,2169.607,74744481.44052,0
1611143100000,34539.50,34650.00,34367.46,34463.47,3205.483,1611143999999,110623839.98852,31870,1344.036,46393180.24323,0
1611144000000,34467.41,34750.00,34033.65,34564.99,7906.384,1611144899999,271893722.33669,70664,3780.948,130046351.77645,0
1611144900000,34564.84,34777.00,34429.26,34749.99,4481.775,1611145799999,155263517.40977,44824,2387.920,82748966.73876,0
1611145800000,34749.99,34839.00,34581.08,34645.38,3457.289,1611146699999,120036499.20280,32055,1815.679,63044497.72155,0
1611146700000,34644.36,34768.31,34510.00,34740.52,2376.375,1611147599999,82330137.20329,25937,1228.656,42575982.74627,0
1611147600000,34743.38,34780.00,34365.75,34426.00,3238.414,1611148499999,111856536.81037,31630,1327.160,45847108.71171,0
1611148500000,34425.99,34625.77,34240.39,34497.79,3861.120,1611149399999,132909610.77743,37187,1957.084,67398488.68686,0
1611149400000,34497.79,34847.28,34463.92,34789.00,3803.496,1611150299999,132030515.43806,35903,2192.262,76121420.28576,0
1611150300000,34789.01,35000.00,34789.01,34995.36,4098.701,1611151199999,143157225.87625,38947,2307.230,80600205.12723,0
1611151200000,34994.68,35132.00,34874.12,34921.31,4033.363,1611152099999,141225585.41882,39653,2253.157,78912120.38227,0
1611152100000,34924.47,35175.00,34894.95,35123.55,2469.457,1611152999999,86551747.77976,26052,1390.744,48752552.64549,0
1611153000000,35123.19,35130.00,34817.00,34932.23,3460.577,1611153899999,120983444.68187,33288,1654.553,57854401.34609,0
1611153900000,34932.24,35085.08,34834.80,34896.39,2021.551,1611154799999,70666622.50467,22435,1069.354,37386466.96427,0
1611154800000,34896.40,35080.00,34840.90,34988.02,2024.643,1611155699999,70779576.40885,22333,1066.217,37279618.76338,0
1611155700000,34984.50,35034.77,34525.00,34536.53,4270.515,1611156599999,148263137.98811,36365,1540.111,53496922.88644,0
1611156600000,34536.69,34658.91,34502.36,34628.79,2858.154,1611157499999,98862294.52161,28318,1496.858,51785673.82129,0
1611157500000,34629.34,34630.00,34110.00,34226.78,6543.510,1611158399999,224737179.76210,52384,2708.276,92965963.34421,0
1611158400000,34226.79,34238.44,33403.00,34223.07,18219.152,1611159299999,615160235.22538,143973,8564.367,289194902.57544,0
1611159300000,34227.77,34406.98,34100.00,34344.29,8324.601,1611160199999,285126936.81356,66911,3939.844,134975876.93081,0
1611160200000,34343.56,34532.22,34270.00,34288.74,5074.470,1611161099999,174615415.68314,43258,2421.513,83356981.44705,0
1611161100000,34285.00,34763.90,34277.85,34721.52,4403.064,1611161999999,152348605.92087,39734,2362.250,81751607.41631,0
1611162000000,34716.35,34863.69,34613.76,34756.26,2715.677,1611162899999,94338551.78823,29616,1392.727,48391705.24421,0
1611162900000,34756.26,34850.00,34630.40,34712.02,2437.938,1611163799999,84702496.49180,23637,1054.445,36646331.49260,0
1611163800000,34712.67,35052.38,34595.22,35035.17,4065.333,1611164699999,141639164.07872,31882,2225.224,77605111.61071,0
1611164700000,35033.16,35091.66,34830.00,34872.01,3500.226,1611165599999,122380005.62110,30735,1484.182,51899001.75229,0
1611165600000,34872.01,34975.03,34796.61,34900.01,1995.838,1611166499999,69632805.75580,21973,1090.875,38068534.47765,0
1611166500000,34900.01,35163.81,34889.20,34962.47,2772.427,1611167399999,97099276.65633,28198,1373.778,48120551.58097,0
1611167400000,34964.69,35019.00,34846.34,34893.48,1909.961,1611168299999,66657159.20663,17635,943.692,32938018.61978,0
1611168300000,34893.47,35290.00,34873.51,35283.50,3065.860,1611169199999,107567932.13646,27602,1757.577,61687447.29471,0
1611169200000,35279.35,35290.00,35080.56,35103.16,2391.303,1611170099999,84158554.31920,24801,998.328,35142819.13397,0
1611170100000,35103.51,35177.81,34978.49,35031.37,1854.773,1611170999999,65067035.59280,17943,1094.950,38424459.13798,0
1611171000000,35031.37,35291.99,34877.91,35277.94,3247.165,1611171899999,113837857.37270,24325,1970.153,69099662.96714,0
1611171900000,35277.94,35368.18,35161.91,35227.77,2380.970,1611172799999,83930998.51521,25726,1200.936,42347241.13240,0
1611172800000,35227.77,35356.91,35033.00,35033.98,2172.006,1611173699999,76408838.14835,23654,1172.205,41244896.42263,0
1611173700000,35040.80,35137.59,34976.32,34980.19,1658.790,1611174599999,58120494.52978,17317,926.941,32483714.66925,0
1611174600000,34978.13,35108.64,34755.00,34960.49,2268.838,1611175499999,79242329.35001,24056,933.925,32640550.54517,0
1611175500000,34967.51,35145.00,34962.95,34999.22,1586.920,1611176399999,55622313.50482,18215,723.746,25366813.83456,0
1611176400000,34999.23,35155.00,34679.25,34752.37,2553.628,1611177299999,89082662.22064,27530,1185.584,41398589.14536,0
1611177300000,34753.79,34840.34,34522.00,34725.81,2743.128,1611178199999,95123049.24303,25971,1180.195,40943877.50527,0
1611178200000,34725.81,34850.00,34704.07,34784.79,1500.483,1611179099999,52198929.39923,17877,737.584,25660768.62782,0
1611179100000,34784.53,34988.18,34783.32,34929.00,1582.315,1611179999999,55221641.61663,18470,984.331,34354155.89015,0
1611180000000,34929.00,34987.34,34787.62,34843.97,736.463,1611180899999,25694831.48541,13626,353.681,12343643.01069,0
1611180900000,34843.96,35121.61,34843.96,35003.75,1262.095,1611181799999,44222843.46328,17764,721.741,25282437.09046,0
1611181800000,35003.74,35122.88,34890.50,35007.25,1397.028,1611182699999,48917757.79024,17235,791.558,27721494.66255,0
1611182700000,35007.25,35130.07,34962.00,34982.24,1129.782,1611183599999,39589094.43928,13461,671.070,23515989.11302,0
1611183600000,34981.49,35077.91,34855.00,35050.82,1605.183,1611184499999,56096254.83178,18410,844.325,29508090.13252,0
1611184500000,35050.83,35716.94,35050.83,35690.23,4396.496,1611185399999,155786991.99986,42553,2286.132,81000097.69036,0
1611185400000,35689.31,35721.00,35552.47,35651.10,2113.276,1611186299999,75292672.48219,23703,871.292,31044031.59362,0
1611186300000,35651.11,35680.17,35416.96,35500.00,2635.463,1611187199999,93748184.65543,25224,1146.353,40779894.63498,0
1611187200000,35499.23,35636.17,35350.00,35363.06,2218.872,1611188099999,78688832.95842,25138,1165.204,41332039.29601,0
1611188100000,35363.07,35454.26,35293.00,35337.14,1472.185,1611188999999,52060315.33137,16803,716.386,25339515.92863,0
1611189000000,35337.15,35352.10,35200.00,35270.73,1484.184,1611189899999,52340167.83869,18819,753.801,26585720.04044,0
1611189900000,35268.40,35407.81,35128.00,35330.23,1958.323,1611190799999,69033957.11610,22336,1077.445,37989624.17719,0
1611190800000,35330.23,35412.68,34926.82,34977.08,3309.757,1611191699999,116178737.98304,28974,1625.722,57072468.07191,0
1611191700000,34976.24,35066.99,34914.09,35009.20,1475.794,1611192599999,51649130.39806,18217,683.736,23932881.56539,0
1611192600000,35009.20,35136.73,34801.00,34807.78,2688.702,1611193499999,94015508.38711,25688,1074.154,37567008.22793,0
1611193500000,34808.11,34910.00,34695.00,34815.44,2974.784,1611194399999,103496406.07175,29790,1218.280,42398006.25042,0
1611194400000,34817.99,34872.61,34638.00,34796.03,2400.327,1611195299999,83365060.33984,23857,1065.752,37020639.19791,0
1611195300000,34798.51,34855.00,34552.00,34676.90,2412.282,1611196199999,83614142.40683,26936,1175.958,40764768.03846,0
1611196200000,34674.50,34741.30,34400.00,34566.15,3373.348,1611197099999,116483366.48543,32375,1456.097,50291002.78466,0
1611197100000,34566.16,34752.50,34458.08,34591.32,2188.158,1611197999999,75770040.68976,22926,1337.513,46326179.32429,0
1611198000000,34590.99,34857.31,34561.54,34679.45,2844.975,1611198899999,98811312.95220,26359,1786.590,62055118.16441,0
1611198900000,34679.06,34792.67,34415.44,34519.36,2329.975,1611199799999,80527783.42118,23925,1191.104,41178886.71533,0
1611199800000,34517.12,34603.42,34256.21,34460.00,3294.915,1611200699999,113251648.75841,31025,1549.224,53256861.98786,0
1611200700000,34459.99,34689.24,34430.38,34608.01,1827.098,1611201599999,63176889.32578,20486,957.876,33113746.84167,0
1611201600000,34607.14,34866.66,34534.04,34733.83,2837.598,1611202499999,98570150.33159,25726,1563.499,54319277.93507,0
1611202500000,34733.83,34790.13,34636.63,34754.39,890.847,1611203399999,30926637.58423,14363,446.752,15510906.60306,0
1611203400000,34757.35,34960.00,34545.30,34606.83,3298.233,1611204299999,114711044.88147,26419,1543.225,53731949.87827,0
1611204300000,34603.60,34617.67,34200.00,34282.70,5599.079,1611205199999,192481834.96188,48548,2799.834,96284216.25365,0
1611205200000,34281.81,34400.00,34110.46,34356.03,3596.494,1611206099999,123209490.79698,33595,1785.942,61212860.17073,0
1611206100000,34356.02,34380.00,34000.00,34213.00,3703.098,1611206999999,126579892.68712,34805,1566.615,53580420.60032,0
1611207000000,34213.01,34516.04,34213.00,34492.40,2068.864,1611207899999,71206975.41998,23201,1160.102,39926444.03799,0
1611207900000,34493.98,34656.51,34426.66,34598.35,2484.911,1611208799999,85874324.60065,22670,1207.935,41755126.10321,0
1611208800000,34598.35,34731.51,34540.89,34677.00,2140.013,1611209699999,74132979.18698,21994,923.842,32007406.49022,0
1611209700000,34677.00,34783.30,34594.32,34680.45,1728.943,1611210599999,59960023.61940,18402,693.966,24074201.78816,0
1611210600000,34681.89,34842.83,34542.77,34750.00,2494.254,1611211499999,86563868.55629,24161,979.772,34014755.18736,0
1611211500000,34749.99,34849.68,34679.15,34698.00,1304.399,1611212399999,45343343.43746,17322,628.605,21856983.57542,0
1611212400000,34697.97,34896.19,34666.83,34724.99,1975.674,1611213299999,68737417.46147,22016,884.181,30767629.25350,0
1611213300000,34724.98,34983.32,34592.86,34936.81,2643.573,1611214199999,92035033.24902,26140,1230.937,42876659.13805,0
1611214200000,34936.80,35073.29,34826.94,34906.86,2204.170,1611215099999,77058288.29318,24179,1075.010,37592103.42920,0
1611215100000,34906.85,34945.46,34623.68,34681.91,2225.175,1611215999999,77369118.98544,23575,1022.875,35585813.21506,0
1611216000000,34681.91,34728.20,34338.01,34437.03,3762.387,1611216899999,129918213.02183,34834,1436.481,49610407.81031,0
1611216900000,34437.04,34510.00,34202.00,34320.02,3419.463,1611217799999,117373052.94578,32833,1525.171,52361497.72490,0
1611217800000,34321.16,34344.71,33680.00,33786.45,9615.928,1611218699999,326413549.64890,78268,4456.297,151277259.23352,0
1611218700000,33786.45,33982.58,33191.71,33277.88,13298.981,1611219599999,446215184.08046,95545,6239.669,209571071.96844,0
1611219600000,33276.50,33524.71,32800.00,32972.64,14944.999,1611220499999,496157289.71356,111195,6474.873,215198756.63096,0
1611220500000,32973.19,33275.00,32660.00,32783.20,11997.162,1611221399999,396163457.32073,94008,6154.986,203409488.98221,0
1611221400000,32777.24,33176.36,32558.41,32990.47,11922.348,1611222299999,391528965.75861,96949,6286.259,206589225.70900,0
1611222300000,32989.70,33188.76,32680.00,32915.76,7142.503,1611223199999,235574610.50454,61408,3760.216,124056144.53691,0
1611223200000,32915.62,33033.72,32340.00,32540.00,11631.353,1611224099999,379992245.90844,88568,5589.765,182728405.71885,0
1611224100000,32539.99,32557.61,32050.00,32553.63,12832.276,1611224999999,414389236.40151,98551,6278.013,202837538.02822,0
1611225000000,32557.61,33022.18,32500.00,32886.18,8653.985,1611225899999,284104439.19379,73504,5017.733,164760907.03058,0
1611225900000,32886.17,33099.00,32784.86,32859.40,4018.406,1611226799999,132390915.27476,40227,1975.883,65111971.45674,0
1611226800000,32858.52,33039.37,32515.88,32745.54,6382.801,1611227699999,209188665.64228,57647,2967.985,97282284.22414,0
1611227700000,32745.46,32879.20,32366.26,32470.00,5763.993,1611228599999,187905798.28151,56405,2833.796,92420272.09207,0
1611228600000,32470.00,32784.90,32320.01,32764.10,4925.061,1611229499999,160308883.33328,47633,2506.390,81626037.69108,0
1611229500000,32764.31,32834.97,32201.44,32247.30,5023.261,1611230399999,163443598.87721,47487,2087.633,67959243.82609,0
1611230400000,32247.14,32382.06,31330.00,31447.33,21564.398,1611231299999,685400256.41488,162063,9363.719,297834808.62314,0
1611231300000,31445.62,31973.65,31350.15,31713.12,9301.001,1611232199999,295274707.62507,82176,4695.019,149027826.78373,0
1611232200000,31712.25,32508.72,31664.85,32494.26,9764.712,1611233099999,314778183.64105,80689,5446.725,175575879.77701,0
1611233100000,32500.22,32700.00,32390.00,32480.01,7069.062,1611233999999,230035539.54724,56369,3588.856,116820724.34268,0
1611234000000,32480.01,32660.34,32233.47,32614.85,7073.814,1611234899999,229516992.96245,59005,3538.620,114848414.13798,0
1611234900000,32614.85,32772.14,32417.49,32632.73,4756.282,1611235799999,155100963.61293,44009,2441.593,79639241.78743,0
1611235800000,32635.66,32800.00,32510.00,32564.29,3883.285,1611236699999,126832222.52963,34508,1924.302,62864345.25706,0
1611236700000,32567.05,32687.34,32210.00,32331.30,4447.637,1611237599999,144128836.09331,40621,1975.801,64043035.77467,0
1611237600000,32328.99,32477.27,31740.00,31838.92,8832.368,1611238499999,283034344.86370,66680,4157.615,133219083.58087,0
1611238500000,31838.92,32216.60,31518.00,31637.91,11146.945,1611239399999,355003494.01643,84280,6071.199,193428412.46005,0
1611239400000,31642.49,31930.00,31032.66,31227.08,14641.216,1611240299999,460521394.39066,115079,6688.372,210468052.81959,0
1611240300000,31227.01,31800.00,31124.71,31230.99,12443.308,1611241199999,391605338.48064,97548,6491.432,204355509.75357,0
1611241200000,31224.30,31941.17,31100.00,31802.97,11605.912,1611242099999,365892212.17984,89075,6021.768,189942469.63609,0
1611242100000,31802.49,32095.05,31420.00,31495.38,7218.499,1611242999999,229450077.12158,61882,3271.373,104083363.91241,0
1611243000000,31491.72,31841.86,31250.00,31662.86,8130.901,1611243899999,256509518.24386,67299,3924.562,123852633.02901,0
1611243900000,31662.65,31831.97,31322.51,31422.10,7314.294,1611244799999,230839992.19913,62919,3403.322,107444696.45443,0
1611244800000,31426.01,32215.00,31166.00,32187.38,14091.172,1611245699999,448135386.75857,114400,7227.916,229988452.20947,0
1611245700000,32188.94,32262.14,31854.46,31976.12,5324.764,1611246599999,170728020.47999,54651,2574.425,82556929.70394,0
1611246600000,31976.49,32200.00,31367.11,31432.77,6668.897,1611247499999,211902513.52616,60849,3155.747,100327850.82833,0
1611247500000,31439.09,31570.00,31072.15,31122.50,7807.411,1611248399999,244563650.84211,67336,3778.503,118454505.40182,0
1611248400000,31122.84,31750.00,31058.00,31467.02,8331.338,1611249299999,262006726.77040,68701,4611.499,145054927.26799,0
1611249300000,31462.81,31850.00,31227.03,31765.33,7807.297,1611250199999,246132950.82783,61055,3930.986,123970007.47221,0
1611250200000,31770.79,32050.00,31565.04,31916.14,5539.540,1611251099999,176306191.51962,48146,2786.008,88726355.32464,0
1611251100000,31916.14,32080.00,31854.64,31959.98,3340.736,1611251999999,106731142.83861,32037,1662.255,53120949.07295,0
1611252000000,31959.98,32004.92,31553.32,31659.01,4123.813,1611252899999,130724538.11574,38036,1754.744,55632674.10879,0
1611252900000,31659.00,32000.00,31488.17,31853.90,4485.721,1611253799999,142348921.20870,41203,2497.534,79273205.96525,0
1611253800000,31852.26,31995.13,31766.81,31847.47,2494.554,1611254699999,79518739.01793,26360,1305.194,41611100.54393,0
1611254700000,31847.47,32146.51,31645.69,31785.64,5948.718,1611255599999,189547332.78209,47113,3128.444,99690973.11863,0
1611255600000,31786.91,32030.88,31643.91,31993.56,3899.736,1611256499999,124099770.92472,33323,2286.619,72780775.91380,0
1611256500000,31993.56,32590.90,31988.02,32585.16,7228.777,1611257399999,234036987.90640,55350,4318.700,139813015.09753,0
1611257400000,32583.76,32749.00,32421.76,32628.54,4421.171,1611258299999,143962428.62372,38351,2372.380,77265577.49660,0
1611258300000,32631.05,32656.12,32470.93,32473.64,3298.761,1611259199999,107451364.61092,29269,1823.157,59393392.21329,0
1611259200000,32473.65,32567.47,32223.95,32430.81,4453.305,1611260099999,144146895.66600,38871,1981.112,64138689.81188,0
1611260100000,32430.82,32551.59,32165.30,32247.60,3209.381,1611260999999,103789624.05041,29032,1565.065,50629704.72255,0
1611261000000,32247.60,32362.81,32112.00,32119.66,2398.210,1611261899999,77331839.58833,25390,1202.238,38784186.90675,0
1611261900000,32117.86,32303.94,31900.00,31916.81,3962.448,1611262799999,127176339.34137,33714,1744.633,56024854.39008,0
1611262800000,31916.25,32097.31,31852.61,31926.14,3320.928,1611263699999,106168252.90219,32021,1646.156,52629159.23762,0
1611263700000,31926.45,32150.00,31915.00,31956.59,2310.133,1611264599999,74031296.67609,24082,1237.969,39678492.80514,0
1611264600000,31955.44,31957.36,31656.00,31776.89,3183.424,1611265499999,101122358.95493,29403,1508.576,47917484.01916,0
1611265500000,31776.32,31790.00,31200.00,31245.40,7465.591,1611266399999,234461228.60457,54485,3333.529,104665224.00374,0
1611266400000,31246.19,31252.72,30536.59,30601.09,12746.872,1611267299999,392982337.61260,103232,5452.689,168066369.76140,0
1611267300000,30600.34,30993.60,30231.85,30239.56,8889.922,1611268199999,271947231.49229,79782,3789.131,116107303.14968,0
1611268200000,30240.34,30781.97,30069.90,30623.39,10314.157,1611269099999,313501677.60590,104621,5008.658,152372184.01583,0
1611269100000,30623.39,30950.00,30623.39,30918.79,5391.620,1611269999999,166251519.78649,51721,2801.330,86397132.00640,0
1611270000000,30917.19,31578.30,30830.53,30830.53,8130.792,1611270899999,253745231.26438,73708,4045.928,126290749.70162,0
1611270900000,30830.17,31300.00,30824.84,30993.71,4575.667,1611271799999,142050672.82487,45829,2485.266,77172428.74638,0
1611271800000,30993.72,31503.10,30993.71,31204.42,4836.243,1611272699999,151238750.13005,49728,2625.543,82127470.04525,0
1611272700000,31205.71,31300.00,30620.57,30879.97,6583.633,1611273599999,203487836.41736,56141,3064.385,94718869.77320,0
1611273600000,30875.77,30895.24,30370.15,30528.15,7644.392,1611274499999,234160539.52810,70847,3695.373,113202328.58923,0
1611274500000,30527.44,30537.49,29321.00,29776.30,19704.355,1611275399999,588149875.12391,142937,8466.050,252773165.23424,0
1611275400000,29776.61,29931.96,29254.08,29785.64,14871.023,1611276299999,440063874.12690,122794,7403.762,219169191.42795,0
1611276300000,29787.61,30253.06,29461.00,29559.76,12090.372,1611277199999,361260472.57084,99100,5949.787,177898493.48403,0
1611277200000,29560.05,29837.48,29116.01,29130.64,11225.138,1611278099999,330502282.59457,98988,5228.245,154107045.09681,0
1611278100000,29132.50,29680.00,28880.00,29523.24,12841.256,1611278999999,375420127.44090,111165,6420.800,187887039.45918,0
1611279000000,29523.24,29988.80,29437.20,29924.78,6634.428,1611279899999,197291073.66639,62480,3448.677,102613829.32521,0
1611279900000,29924.77,30231.00,29750.00,30062.16,7401.610,1611280799999,222173044.86268,66425,4203.044,126183330.21257,0
1611280800000,30062.17,30573.23,29800.96,30450.00,7272.192,1611281699999,219303207.59114,63753,3958.819,119471492.44604,0
1611281700000,30450.00,30504.94,30216.48,30456.00,4955.784,1611282599999,150522939.09876,46670,2484.989,75496904.85027,0
1611282600000,30455.99,30838.46,30328.08,30550.90,7622.416,1611283499999,233648662.44736,59219,3989.246,122297260.17467,0
1611283500000,30549.09,30740.00,30421.85,30702.96,3548.776,1611284399999,108578261.17304,35339,1781.309,54525533.41994,0
1611284400000,30705.58,30793.74,30385.64,30514.20,3876.673,1611285299999,118407523.46457,36352,1635.335,49974979.77977,0
1611285300000,30514.21,30550.45,30301.54,30498.32,3506.967,1611286199999,106643559.29895,29997,1402.594,42673946.91964,0
1611286200000,30496.48,30819.00,30451.00,30811.93,3719.581,1611287099999,114097892.62774,33051,2096.433,64327637.51748,0
1611287100000,30811.76,31050.91,30639.61,30944.04,5291.153,1611287999999,163313553.99163,42529,2903.435,89645577.67070,0
1611288000000,30944.04,31396.46,30838.39,31378.21,6385.451,1611288899999,198634786.00734,53482,3638.393,113199853.46462,0
1611288900000,31370.77,31378.05,31060.00,31115.55,3465.725,1611289799999,108101134.86992,33695,1501.686,46839579.73623,0
1611289800000,31117.50,31190.00,30830.50,30881.36,4399.277,1611290699999,136260849.57057,34780,1897.790,58806589.17567,0
1611290700000,30878.00,31041.74,30756.06,30921.22,3347.649,1611291599999,103402823.38136,31659,1426.777,44080189.78290,0
1611291600000,30924.52,31020.29,30708.72,31014.52,3039.336,1611292499999,93737771.83403,31381,1449.345,44724563.86075,0
1611292500000,31014.52,31560.00,31012.62,31475.66,5479.286,1611293399999,171305576.12000,46814,3333.266,104207505.56234,0
1611293400000,31475.66,31838.00,31475.66,31701.05,5917.249,1611294299999,187560534.94746,50083,3224.481,102208711.85540,0
1611294300000,31701.06,31920.54,31650.25,31796.55,4148.588,1611295199999,131977637.92714,37655,2197.024,69907045.05413,0
1611295200000,31800.00,31860.00,31600.00,31620.36,3749.017,1611296099999,118918603.55075,40070,1783.266,56583198.05266,0
1611296100000,31620.35,32090.37,31574.07,31923.31,4738.771,1611296999999,151166930.18226,44765,2693.073,85917821.55068,0
1611297000000,31922.70,32000.00,31650.00,31670.97,3272.464,1611297899999,103940229.23167,28229,1602.645,50902273.96608,0
1611297900000,31670.98,31743.93,31500.25,31543.51,4074.175,1611298799999,128765615.20613,34746,1869.024,59084887.46294,0
1611298800000,31543.51,31856.87,31543.51,31789.71,2388.377,1611299699999,75823658.44053,26163,1265.275,40165669.36731,0
1611299700000,31789.72,31868.49,31200.00,31216.94,4765.833,1611300599999,149812940.07134,43337,1858.777,58438481.23750,0
1611300600000,31216.95,31431.00,30870.64,30951.19,7455.667,1611301499999,232008869.16938,61340,3189.943,99352271.13749,0
1611301500000,30951.19,31105.50,30650.27,30875.13,8059.212,1611302399999,248691897.97558,62519,3594.162,110943448.88660,0
1611302400000,30875.13,31077.87,30515.55,30821.50,7341.158,1611303299999,226032555.28752,65167,3641.706,112200274.66141,0
1611303300000,30820.64,31000.00,30644.64,30949.99,4418.463,1611304199999,136318615.28019,41889,2213.790,68302156.45248,0
1611304200000,30950.00,31103.04,30870.03,31032.20,3708.799,1611305099999,114955965.53355,33860,2055.668,63734612.57919,0
1611305100000,31031.40,31659.00,30722.11,31536.96,7133.634,1611305999999,222978043.49739,59576,3927.719,122852001.43475,0
1611306000000,31536.97,31785.17,31282.71,31600.34,6222.393,1611306899999,196360037.50600,56789,3001.578,94770701.34013,0
1611306900000,31595.84,31650.00,31350.10,31636.48,3898.304,1611307799999,122783233.90073,38439,1878.784,59185004.71112,0
1611307800000,31636.48,31640.82,31372.56,31453.54,3348.367,1611308699999,105478637.36937,32630,1562.559,49234723.05651,0
1611308700000,31453.54,31836.63,31390.83,31438.08,3425.823,1611309599999,108355503.83562,37847,1664.471,52667146.90809,0
1611309600000,31438.08,31750.00,31362.62,31560.01,3642.828,1611310499999,114983538.51909,36677,1902.289,60043346.72129,0
1611310500000,31560.01,31670.76,31103.00,31187.07,5722.971,1611311399999,179132633.36604,50245,2448.545,76644726.13247,0
1611311400000,31187.08,31466.71,31050.21,31232.18,5602.100,1611312299999,174916795.23327,40317,3340.667,104326246.11276,0
1611312300000,31226.75,31444.00,31133.48,31396.49,3491.206,1611313199999,109237148.71634,32221,1546.168,48403422.11740,0
1611313200000,31396.33,31956.00,31385.91,31827.19,6292.306,1611314099999,199671908.69258,53918,3585.442,113736309.92105,0
1611314100000,31829.10,32050.00,31780.00,31792.98,3995.867,1611314999999,127540847.43297,39751,1843.344,58862261.64588,0
1611315000000,31792.99,31934.60,31578.69,31699.99,3756.499,1611315899999,119293354.07262,36041,1528.674,48559066.01112,0
1611315900000,31700.00,31790.67,31564.71,31743.83,2997.276,1611316799999,94933922.65382,29849,1721.460,54540356.49597,0
1611316800000,31743.24,32019.74,31643.53,31672.85,4681.876,1611317699999,149085490.24945,42493,2550.802,81244809.27177,0
1611317700000,31679.19,31736.00,31592.93,31615.39,2889.876,1611318599999,91456917.88354,27948,1562.667,49461118.80101,0
1611318600000,31615.39,31891.96,31341.84,31392.82,4979.985,1611319499999,157618565.30480,41796,2424.193,76790924.58220,0
1611319500000,31392.82,31586.13,31355.53,31567.00,3474.137,1611320399999,109383082.42738,30252,2032.365,63992198.69716,0
1611320400000,31571.64,31943.29,31364.79,31837.88,4823.135,1611321299999,152936633.36311,41861,2568.891,81476523.78902,0
1611321300000,31842.45,32323.00,31745.25,32247.01,7065.480,1611322199999,226488988.61166,56643,3832.604,122977388.24044,0
1611322200000,32247.01,32345.00,32156.56,32270.89,3577.632,1611323099999,115336084.75973,37376,1716.561,55351732.08303,0
1611323100000,32272.72,32346.79,32151.32,32157.64,4022.058,1611323999999,129705040.01649,34683,1869.620,60300050.64013,0
1611324000000,32154.51,32450.90,32142.90,32407.28,5907.318,1611324899999,190990270.94867,49421,3063.830,99080033.27797,0
1611324900000,32407.27,32537.50,32345.71,32499.94,3973.098,1611325799999,128873851.43862,35876,2285.677,74152348.57756,0
1611325800000,32499.95,32543.87,32200.00,32296.25,3511.360,1611326699999,113590892.02310,32582,1586.954,51335912.94835,0
1611326700000,32296.91,32530.00,32296.49,32524.83,2162.520,1611327599999,70084571.00080,24247,1215.744,39403789.16613,0
1611327600000,32524.84,32700.00,32391.53,32700.00,3945.957,1611328499999,128522044.88316,39320,2037.158,66361386.42855,0
1611328500000,32700.00,32736.00,32420.58,32471.66,3934.198,1611329399999,128060146.75883,35994,1928.500,62785127.95810,0
1611329400000,32471.67,32525.71,32277.34,32362.94,2954.194,1611330299999,95675540.42049,28352,1463.197,47398670.61265,0
1611330300000,32362.93,32496.91,32260.02,32454.51,3023.457,1611331199999,97927167.18272,28758,1488.383,48218260.09925,0
1611331200000,32454.95,32550.00,31959.51,32023.35,5191.422,1611332099999,167598510.92042,49209,2229.121,72035946.09954,0
1611332100000,32026.10,32600.00,32026.09,32583.54,4972.699,1611332999999,160727245.97875,45836,2669.078,86237154.00952,0
1611333000000,32587.19,32640.00,32448.92,32527.96,2963.023,1611333899999,96455196.27565,27296,1262.851,41118419.34363,0
1611333900000,32527.96,32538.50,32310.00,32380.52,3110.763,1611334799999,100869324.42713,30619,1553.370,50374395.16481,0
1611334800000,32386.11,32495.50,32254.73,32429.42,2764.404,1611335699999,89437513.96281,26886,1655.961,53580516.79112,0
1611335700000,32426.21,32513.05,32254.64,32330.29,2082.683,1611336599999,67401303.04941,21491,1166.881,37761962.16702,0
1611336600000,32330.30,32438.91,32125.00,32150.54,2464.668,1611337499999,79494471.21569,26350,1183.008,38172613.93573,0
1611337500000,32150.55,32353.62,32067.53,32328.17,2138.578,1611338399999,68895233.18189,24579,1005.829,32408382.72005,0
1611338400000,32328.17,32490.00,32192.88,32445.28,2584.502,1611339299999,83656791.63277,28132,1248.915,40434038.34391,0
1611339300000,32443.37,32596.62,32420.50,32502.30,2449.903,1611340199999,79663293.49528,26815,1148.589,37354711.73280,0
1611340200000,32502.30,32999.40,32481.84,32954.21,6707.366,1611341099999,219777113.30556,53353,4165.094,136498690.66431,0
1611341100000,32954.22,33346.32,32877.49,33292.51,8008.555,1611341999999,265225258.08444,61458,4242.800,140589254.56156,0
1611342000000,33289.73,33320.00,33110.00,33256.98,3889.478,1611342899999,129131322.88402,36869,1522.780,50573986.89595,0
1611342900000,33256.97,33674.33,33180.27,33593.50,7418.318,1611343799999,248174746.67697,59952,4549.562,152250572.95993,0
1611343800000,33597.27,33650.00,33409.00,33409.00,3279.939,1611344699999,109924492.67710,29915,1365.409,45773596.65886,0
1611344700000,33409.01,33632.97,33373.55,33608.99,2399.119,1611345599999,80403627.30388,26329,1174.388,39374271.11942,0
1611345600000,33608.36,33725.80,33333.00,33502.77,3821.571,1611346499999,128114683.43440,35772,1986.664,66619452.42422,0
1611346500000,33502.77,33831.52,33481.82,33789.00,3426.593,1611347399999,115440219.29128,31540,1760.259,59318060.75305,0
1611347400000,33789.30,33830.65,33600.00,33629.55,1992.961,1611348299999,67152022.86371,22255,855.110,28814631.39689,0
1611348300000,33629.48,33710.00,33402.00,33515.11,3803.268,1611349199999,127447430.44860,32947,1502.504,50361284.20417,0
1611349200000,33517.06,33634.52,33437.44,33474.96,1851.776,1611350099999,62103776.94316,23883,869.380,29162953.04192,0
1611350100000,33476.28,33566.49,33312.02,33539.02,2666.049,1611350999999,89192753.98614,25079,1074.750,35957661.38347,0
1611351000000,33532.61,33678.42,33507.96,33517.00,1930.756,1611351899999,64872299.92529,22421,905.752,30437182.00145,0
1611351900000,33517.44,33517.44,33202.00,33306.00,3208.136,1611352799999,106908013.45690,29567,1537.038,51233314.76970,0
1611352800000,33304.26,33536.66,33298.79,33390.74,1825.152,1611353699999,61013206.74225,20560,832.017,27812433.81064,0
1611353700000,33390.73,33630.30,33384.18,33533.85,1696.153,1611354599999,56875490.14183,18475,829.660,27819892.47021,0
1611354600000,33533.85,33533.85,33270.50,33311.46,1944.437,1611355499999,64907117.85538,20752,1030.975,34415548.06938,0
1611355500000,33311.47,33346.32,32820.01,32885.52,3975.998,1611356399999,131356901.94493,39486,1701.148,56209841.90397,0
1611356400000,32885.53,33087.89,32790.00,33012.35,3675.847,1611357299999,121084163.89147,36736,1831.265,60343658.75816,0
1611357300000,33012.35,33191.07,32940.26,33100.15,1936.983,1611358199999,64027495.20525,22479,1076.039,35575373.70735,0
1611358200000,33100.92,33155.99,32755.00,32784.13,2743.156,1611359099999,90425397.14906,27902,1068.949,35270118.18588,0
1611359100000,32784.14,33116.47,32620.00,32986.34,3827.814,1611359999999,125812962.11366,32574,1695.690,55757484.58625,0
1611360000000,32990.08,33006.69,32435.07,32516.19,6916.894,1611360899999,225796289.45053,54033,2922.640,95377158.90370,0
1611360900000,32517.00,32730.00,32450.00,32650.00,2922.278,1611361799999,95223577.27664,27242,1557.740,50777280.00324,0
1611361800000,32650.70,32743.90,32535.27,32614.99,2455.130,1611362699999,80089312.72843,23490,968.662,31605586.36467,0
1611362700000,32614.99,32827.73,32451.00,32718.51,2427.382,1611363599999,79260050.54148,25751,1355.597,44285745.44880,0
1611363600000,32718.51,32794.65,32306.00,32332.86,3163.641,1611364499999,103027486.28712,30358,1626.339,52992752.65835,0
1611364500000,32332.47,32569.00,32255.00,32566.28,2591.820,1611365399999,83993914.52423,27432,1477.017,47873179.31611,0
1611365400000,32565.38,32968.82,32529.81,32852.54,3221.740,1611366299999,105498348.12700,30595,1746.807,57234953.46496,0
1611366300000,32854.20,32920.50,32666.44,32726.42,2299.891,1611367199999,75400030.85362,22884,1226.045,40208041.89812,0
1611367200000,32729.05,32865.84,32625.00,32625.01,2416.267,1611368099999,79110037.87748,22550,1316.719,43126996.25810,0
1611368100000,32625.01,32680.85,32140.00,32284.64,4764.991,1611368999999,154086380.87973,39256,2272.660,73521794.31312,0
1611369000000,32285.56,32379.83,32059.33,32100.80,2735.481,1611369899999,88217336.97094,27026,1208.396,39006107.07119,0
1611369900000,32097.36,32381.00,32091.34,32286.00,2019.790,1611370799999,65155936.19023,22189,1036.354,33428536.20145,0
1611370800000,32286.13,32438.20,32220.15,32387.00,1732.067,1611371699999,56021320.28926,20526,901.056,29148662.24409,0
1611371700000,32387.19,32585.30,32337.88,32430.84,1770.534,1611372599999,57485540.39656,18495,943.449,30633155.38216,0
1611372600000,32430.83,32650.00,32358.99,32542.97,2201.721,1611373499999,71567376.42881,20006,996.090,32385017.00374,0
1611373500000,32542.98,32607.63,32364.99,32385.01,1580.711,1611374399999,51328047.98863,17283,743.220,24136901.74394,0
1611374400000,32385.00,32634.91,32312.98,32614.51,1765.212,1611375299999,57326755.01791,20902,949.188,30834782.41909,0
1611375300000,32614.51,32844.74,32602.87,32733.16,2552.423,1611376199999,83612407.26765,24803,1355.862,44414715.45028,0
1611376200000,32733.15,32826.30,32571.65,32588.82,2106.790,1611377099999,68907806.84598,17888,1068.176,34953562.25949,0
1611377100000,32592.89,32713.43,32550.00,32594.02,1379.020,1611377999999,44983544.72625,14659,820.883,26780166.16713,0
1611378000000,32591.40,32650.00,32319.23,32405.29,2159.648,1611378899999,70132341.67634,22070,851.295,27671748.16914,0
1611378900000,32406.07,32435.34,32279.03,32428.08,1420.388,1611379799999,45981927.94699,17498,730.697,23659016.71476,0
1611379800000,32428.08,33047.49,32376.28,32955.59,4024.329,1611380699999,131905422.82752,37186,2444.753,80081998.39192,0
1611380700000,32949.99,33403.00,32949.99,33374.22,4994.349,1611381599999,165928375.31648,40624,2609.301,86653870.89954,0
1611381600000,33377.14,33495.00,33214.00,33251.54,3209.972,1611382499999,106995502.33704,31155,1679.196,55983372.78898,0
1611382500000,33251.54,33314.16,33070.49,33179.14,2382.901,1611383399999,79105123.91001,21518,844.546,28037081.88239,0
1611383400000,33179.14,33190.20,33031.23,33054.80,1522.544,1611384299999,50424191.71164,18223,691.937,22917106.01950,0
1611384300000,33054.80,33187.32,32805.00,32845.92,3411.648,1611385199999,112689722.28381,26702,1815.225,59972460.44233,0
1611385200000,32845.92,32978.00,32690.00,32899.37,2308.973,1611386099999,75865569.60082,25176,1197.320,39354908.15757,0
1611386100000,32899.36,33175.40,32860.23,33064.62,2265.709,1611386999999,74776426.02401,23043,1461.582,48239722.13180,0
1611387000000,33064.63,33173.95,32720.40,32800.40,2330.368,1611387899999,76626025.04150,23525,1095.546,36019299.13947,0
1611387900000,32798.89,32965.12,32740.89,32950.00,1520.210,1611388799999,49952969.11491,17684,883.875,29047371.14127,0
1611388800000,32948.71,32948.71,32650.00,32804.69,2716.836,1611389699999,88982583.48321,28078,1262.450,41357175.54775,0
1611389700000,32804.70,33040.00,32736.80,32949.99,2064.808,1611390599999,67919155.91459,21447,1140.812,37536033.35831,0
1611390600000,32948.62,33006.20,32770.41,32851.12,1689.731,1611391499999,55546538.34056,18668,833.220,27392049.86320,0
1611391500000,32851.11,33000.00,32650.00,32965.45,2613.727,1611392399999,85726628.15694,25524,1431.731,46979237.70598,0
1611392400000,32965.46,33128.24,32844.93,32846.08,3082.607,1611393299999,101730408.41714,31086,1476.498,48729024.97148,0
1611393300000,32846.08,33037.19,32454.89,32522.42,5964.516,1611394199999,195190658.56224,45360,2731.228,89489493.66244,0
1611394200000,32527.34,32657.96,32465.73,32630.20,2735.950,1611395099999,89153278.94247,26827,1379.034,44944393.21381,0
1611395100000,32630.21,32813.11,32356.08,32469.02,3971.835,1611395999999,129325974.32306,36381,1837.788,59882401.29206,0
1611396000000,32471.80,32540.57,32200.00,32417.71,3909.328,1611396899999,126556243.70543,38609,1715.870,55560286.90530,0
1611396900000,32416.14,32476.74,32264.16,32320.59,2743.792,1611397799999,88793334.29532,27680,1166.974,37768675.22308,0
1611397800000,32322.41,32394.19,32200.00,32298.04,2591.986,1611398699999,83743398.80782,27330,1161.996,37552217.20558,0
1611398700000,32298.04,32452.97,32252.20,32363.24,1997.771,1611399599999,64659626.45264,20406,1133.693,36697261.08176,0
1611399600000,32363.24,32565.99,32235.86,32260.00,2943.231,1611400499999,95310687.52979,29410,1612.924,52246117.70490,0
1611400500000,32260.00,32261.63,31636.01,31737.30,9665.255,1611401399999,308023510.58469,79662,4002.062,127491016.41342,0
1611401400000,31733.70,31873.11,31533.00,31816.96,5107.596,1611402299999,161959038.35963,44993,2358.192,74823207.11797,0
1611402300000,31816.50,31897.15,31578.09,31663.37,3242.056,1611403199999,102917827.09879,31888,1475.974,46871401.69189,0
1611403200000,31665.10,32010.04,31493.84,31843.53,5948.324,1611404099999,189192952.32086,52354,2878.434,91572146.55581,0
1611404100000,31845.45,31912.76,31696.18,31747.72,2121.269,1611404999999,67469157.34032,26292,981.918,31236867.47603,0
1611405000000,31747.71,31924.24,31644.36,31821.58,2440.852,1611405899999,77641932.32433,28029,1311.394,41730845.49644,0
1611405900000,31823.28,31823.28,31600.00,31610.13,2273.946,1611406799999,72140588.91251,26209,1087.952,34521914.78448,0
1611406800000,31610.74,31804.79,31405.00,31763.18,6138.260,1611407699999,193733568.80041,54178,3282.192,103624752.77122,0
1611407700000,31763.18,31999.00,31733.91,31949.05,3633.960,1611408599999,115854952.36304,35287,1848.830,58955303.00634,0
1611408600000,31949.38,32301.00,31874.21,32122.66,4594.407,1611409499999,147431695.24293,42613,2641.079,84777098.39246,0
1611409500000,32122.67,32182.21,31850.00,31876.48,3703.194,1611410399999,118462941.29141,30373,1862.671,59587447.86276,0
1611410400000,31876.48,31934.47,31676.00,31778.37,2988.360,1611411299999,95019104.14637,32021,1338.849,42578886.30141,0
1611411300000,31778.38,31988.87,31700.50,31900.62,2010.557,1611412199999,64013277.62265,25254,1140.466,36325550.12405,0
1611412200000,31899.86,31931.80,31777.00,31901.02,1821.932,1611413099999,57998710.82023,21555,1004.403,31973750.84420,0
1611413100000,31900.98,31954.18,31650.00,31729.17,2558.071,1611413999999,81283610.18655,28409,1082.964,34417690.30121,0
1611414000000,31731.12,32067.00,31613.36,32022.24,3381.470,1611414899999,107733944.64507,32836,1706.018,54383798.60590,0
1611414900000,32022.31,32200.00,32021.72,32090.17,2759.426,1611415799999,88593884.41110,29329,1385.124,44479935.55856,0
1611415800000,32090.17,32127.49,31922.00,31989.99,2029.180,1611416699999,64978458.89631,21931,880.274,28191224.52373,0
1611416700000,31990.00,32019.20,31860.00,31883.58,1642.935,1611417599999,52449142.56131,19441,767.290,24498596.94700,0
1611417600000,31883.57,31955.50,31766.76,31879.99,2518.331,1611418499999,80201103.09372,27814,1412.348,44987749.88229,0
1611418500000,31880.00,32189.14,31879.99,32147.80,2981.073,1611419399999,95613436.06834,30449,1511.446,48462905.43859,0
1611419400000,32147.79,32350.00,32084.52,32156.51,3062.409,1611420299999,98644301.31152,30586,1541.321,49668323.25464,0
1611420300000,32156.53,32234.07,32058.68,32133.65,1841.081,1611421199999,59150138.26715,20771,936.386,30088329.16201,0
1611421200000,32133.66,32211.29,32062.55,32178.50,1555.113,1611422099999,49956094.54524,17760,867.399,27866437.98812,0
1611422100000,32178.51,32185.99,32057.20,32116.28,1528.231,1611422999999,49076020.23442,14907,793.233,25470242.51765,0
1611423000000,32113.36,32399.73,32075.83,32317.45,2406.370,1611423899999,77595233.68332,23090,1275.598,41145497.88975,0
1611423900000,32322.89,32434.99,32189.01,32237.50,2882.224,1611424799999,93061885.89636,26481,1381.734,44627616.52209,0
1611424800000,32239.53,32350.00,32111.01,32132.41,2883.559,1611425699999,92951767.92801,25305,1693.258,54587676.43424,0
1611425700000,32132.00,32195.00,31822.00,31949.66,3335.610,1611426599999,106711743.35435,30530,1412.131,45186634.47737,0
1611426600000,31949.58,32131.00,31880.00,32130.99,2028.356,1611427499999,64929313.65185,20374,891.654,28545067.58780,0
1611427500000,32127.01,32231.75,32080.74,32183.90,1307.840,1611428399999,42064692.78979,16653,600.047,19301129.40315,0
1611428400000,32183.91,32396.16,32151.62,32334.00,2523.386,1611429299999,81477937.07933,23148,1295.833,41842264.16032,0
1611429300000,32334.00,32387.99,32231.61,32337.45,1485.282,1611430199999,47993668.05803,17760,548.775,17737047.57928,0
1611430200000,32337.44,32380.00,32236.38,32319.94,1373.876,1611431099999,44393288.27512,15701,501.874,16216187.41594,0
1611431100000,32319.93,32565.00,32267.07,32356.20,2673.333,1611431999999,86751225.38834,26140,1557.746,50567171.92085,0
1611432000000,32356.20,32409.79,32150.84,32224.44,2371.869,1611432899999,76473128.31271,22297,1288.112,41530122.21333,0
1611432900000,32224.44,32250.00,32129.48,32235.03,1099.048,1611433799999,35383093.57202,14920,545.045,17550016.74576,0
1611433800000,32235.03,32239.30,32027.58,32180.00,2193.821,1611434699999,70461743.32291,18468,1011.803,32496385.79832,0
1611434700000,32180.00,32243.00,32124.30,32200.28,855.494,1611435599999,27542753.21775,12741,419.206,13496887.17670,0
1611435600000,32200.28,32228.91,32104.08,32208.87,837.331,1611436499999,26928524.42507,13122,371.838,11959120.95997,0
1611436500000,32208.86,32289.60,32129.00,32162.65,1407.796,1611437399999,45349186.49588,16777,659.983,21261116.50577,0
1611437400000,32162.66,32296.07,31830.00,32288.99,4254.259,1611438299999,136119279.47416,36404,2158.810,69076878.80606,0
1611438300000,32289.97,32480.48,32289.97,32368.97,3007.245,1611439199999,97396498.31313,27077,1347.509,43647287.04824,0
1611439200000,32368.98,32550.00,32334.62,32387.41,2072.514,1611440099999,67253413.32817,24874,930.966,30212082.28970,0
1611440100000,32387.41,32387.50,32200.00,32258.00,1521.603,1611440999999,49137594.55860,18629,605.895,19569253.44600,0
1611441000000,32258.00,32287.93,32036.50,32045.75,1753.737,1611441899999,56377047.60479,21909,878.191,28240205.60763,0
1611441900000,32045.11,32194.07,31991.93,32064.53,1458.822,1611442799999,46803983.00359,17679,771.320,24751334.38105,0
1611442800000,32064.54,32142.77,31917.25,32012.84,1819.127,1611443699999,58217666.85090,20597,854.623,27353944.58788,0
1611443700000,32011.65,32093.71,31951.70,31993.70,1070.887,1611444599999,34294644.54121,15385,506.615,16226732.26082,0
1611444600000,31993.69,32071.38,31850.00,32031.78,1739.895,1611445499999,55617534.68377,20029,776.861,24841441.48430,0
1611445500000,32031.79,32122.88,31952.67,32086.48,1264.899,1611446399999,40545702.55426,14296,678.134,21740740.55271,0
1611446400000,32086.48,32100.00,31612.77,31857.23,4922.485,1611447299999,156702597.40207,41025,2212.822,70442133.14189,0
1611447300000,31857.24,31968.65,31753.28,31894.44,1927.474,1611448199999,61418067.52007,20575,883.436,28151276.99608,0
1611448200000,31895.90,32033.35,31895.89,31976.01,1260.007,1611449099999,40286549.11089,16055,617.074,19730382.39306,0
1611449100000,31976.01,32027.75,31870.00,31895.51,864.032,1611449999999,27592630.56037,13057,431.186,13773520.81557,0
1611450000000,31895.52,32078.65,31772.13,31988.87,1978.533,1611450899999,63150296.72119,20711,939.816,30015901.11258,0
1611450900000,31991.65,32100.00,31978.02,31996.52,1247.285,1611451799999,39973443.39543,15785,701.527,22487581.42311,0
1611451800000,31996.51,32089.00,31886.00,32033.46,1362.929,1611452699999,43592179.30942,16562,752.974,24082045.09424,0
1611452700000,32033.46,32053.69,31875.40,31875.40,825.340,1611453599999,26397225.36185,12617,421.815,13492011.94451,0
1611453600000,31880.01,31961.76,31800.00,31941.75,1455.286,1611454499999,46390153.55561,19543,816.880,26042543.79836,0
1611454500000,31941.74,32231.33,31916.56,32167.89,2447.895,1611455399999,78691255.72260,23675,1230.928,39565143.03048,0
1611455400000,32167.88,32334.15,32156.92,32168.97,1894.544,1611456299999,61077611.42155,21256,1048.990,33822220.25719,0
1611456300000,32168.97,32214.61,32112.00,32119.43,860.140,1611457199999,27659477.95201,12597,327.214,10523289.59734,0
1611457200000,32119.43,32221.00,32093.73,32119.01,1271.373,1611458099999,40871435.96872,16091,754.519,24257551.91061,0
1611458100000,32119.00,32165.80,32066.00,32114.47,923.220,1611458999999,29652125.96639,12180,544.140,17478235.55437,0
1611459000000,32114.47,32300.00,32040.00,32275.88,1551.189,1611459899999,49928673.08989,17874,840.805,27060851.52249,0
1611459900000,32275.37,32499.02,32238.99,32494.03,3968.157,1611460799999,128406887.39230,31471,2237.390,72427599.67508,0
1611460800000,32494.02,32668.19,32440.50,32450.00,3584.066,1611461699999,116592043.04878,32660,2130.056,69301878.72378,0
1611461700000,32450.00,32493.66,32366.00,32402.50,1719.842,1611462599999,55744627.43226,17926,730.659,23685468.35442,0
1611462600000,32402.50,32495.49,32376.31,32441.87,1076.860,1611463499999,34928993.72443,13499,662.403,21487527.12983,0
1611463500000,32441.06,32893.40,32440.88,32814.74,4109.298,1611464399999,134319839.56270,37023,2562.141,83742144.86181,0
1611464400000,32811.35,33012.32,32725.00,32879.99,3789.321,1611465299999,124605204.99004,33240,2159.203,71013046.20113,0
1611465300000,32880.00,32949.21,32800.36,32862.35,1617.060,1611466199999,53125267.92437,17597,796.846,26183213.58370,0
1611466200000,32862.47,32935.54,32780.55,32834.05,1127.614,1611467099999,37034290.93404,15625,546.328,17947168.77680,0
1611467100000,32834.05,32911.00,32755.00,32896.85,1536.599,1611467999999,50443895.03901,17213,707.579,23231347.06756,0
1611468000000,32896.85,33125.75,32700.00,32700.54,3373.724,1611468899999,111028376.13341,34018,1686.219,55525862.43056,0
1611468900000,32700.53,32793.71,32700.00,32759.87,1637.253,1611469799999,53591661.49353,17799,790.620,25883266.05875,0
1611469800000,32759.87,32759.98,32609.50,32746.20,2662.216,1611470699999,87022836.95379,22360,1049.263,34302458.44837,0
1611470700000,32746.20,32839.36,32710.01,32789.00,1352.722,1611471599999,44336158.15166,14989,623.297,20430330.06382,0
1611471600000,32789.00,32878.70,32664.30,32690.98,1392.636,1611472499999,45613367.73889,17812,674.563,22099231.11977,0
1611472500000,32689.29,32723.00,32525.77,32697.60,2130.093,1611473399999,69474250.12720,21285,710.566,23178267.46242,0
1611473400000,32697.62,32755.00,32570.39,32729.01,1845.069,1611474299999,60303872.78491,19218,788.899,25783833.01597,0
1611474300000,32729.00,32868.48,32661.51,32834.85,1336.371,1611475199999,43770941.33801,15781,786.184,25757115.22923,0
1611475200000,32828.48,33070.00,32811.44,32836.70,4311.893,1611476099999,142040650.01167,37769,2372.571,78163835.84972,0
1611476100000,32834.21,32856.99,32658.76,32689.95,1899.396,1611476999999,62169270.20474,20422,1006.931,32957628.52805,0
1611477000000,32694.22,32727.08,32620.00,32668.11,1400.384,1611477899999,45740749.20705,16277,812.285,26534024.66330,0
1611477900000,32668.12,32751.11,32610.00,32668.37,1613.305,1611478799999,52714117.23684,16641,835.737,27312644.96469,0
1611478800000,32668.37,32775.00,32576.43,32638.68,1795.889,1611479699999,58649069.98934,19425,937.861,30633262.09148,0
1611479700000,32638.68,32794.19,32624.02,32792.37,1620.599,1611480599999,52995617.57510,17467,724.310,23689566.14228,0
1611480600000,32792.78,32799.00,32700.00,32707.49,1135.853,1611481499999,37201656.81841,15174,471.632,15449169.31908,0
1611481500000,32707.49,32781.58,32653.00,32690.26,1002.440,1611482399999,32789975.28921,14420,463.772,15172261.28044,0
1611482400000,32690.27,32738.03,32640.00,32655.88,1307.519,1611483299999,42717317.00811,15387,592.320,19352772.79559,0
1611483300000,32655.87,32680.73,32502.21,32573.39,1772.844,1611484199999,57751037.91262,20893,836.947,27264065.44649,0
1611484200000,32573.38,32673.94,32560.00,32642.34,990.033,1611485099999,32300614.30608,12650,479.770,15653646.22489,0
1611485100000,32642.33,32770.83,32615.54,32735.00,1302.426,1611485999999,42584986.31972,16870,759.442,24834827.29457,0
1611486000000,32734.99,32899.73,32731.07,32824.99,2254.880,1611486899999,74000865.14565,25289,1169.244,38376564.94991,0
1611486900000,32825.00,32945.00,32740.00,32811.31,1686.522,1611487799999,55362034.22314,20216,859.603,28224658.07145,0
1611487800000,32809.22,32872.93,32750.00,32803.02,1270.166,1611488699999,41674521.14271,15538,655.872,21523134.42367,0
1611488700000,32803.03,32940.53,32739.67,32866.87,1420.767,1611489599999,46657410.83302,16551,837.148,27498645.37436,0
1611489600000,32866.53,32980.00,32513.15,32629.16,4070.466,1611490499999,133078878.28342,36614,2033.609,66491004.47039,0
1611490500000,32629.15,32650.00,32542.62,32616.19,1753.173,1611491399999,57144476.13735,18708,985.646,32130599.58227,0
1611491400000,32616.18,32616.19,32226.00,32428.34,5187.583,1611492299999,168053917.55650,43056,2013.544,65228834.22286,0
1611492300000,32428.33,32519.38,32319.33,32408.70,2356.678,1611493199999,76409852.40461,22025,936.926,30389543.21240,0
1611493200000,32409.23,32452.38,32300.00,32381.00,1748.037,1611494099999,56624396.24687,21457,903.485,29269553.43888,0
1611494100000,32381.00,32433.52,32260.00,32339.05,2449.538,1611494999999,79223648.96280,25352,1266.126,40946812.81600,0
1611495000000,32339.90,32428.60,32300.00,32328.28,1335.192,1611495899999,43213179.37764,17151,602.139,19490686.73444,0
1611495900000,32333.56,32371.00,32121.39,32262.17,3414.983,1611496799999,110078953.44114,33243,1590.489,51281179.24266,0
1611496800000,32260.78,32378.00,32200.00,32306.34,1761.232,1611497699999,56921667.97117,22227,918.825,29698942.61610,0
1611497700000,32309.20,32355.00,32234.19,32260.20,1243.859,1611498599999,40151275.74246,15437,643.233,20765230.68351,0
1611498600000,32259.44,32328.46,32057.00,32106.54,3061.510,1611499499999,98489349.90160,31136,1445.433,46508810.82509,0
1611499500000,32108.00,32222.22,31954.25,32080.53,3842.633,1611500399999,123332792.34225,35665,1783.089,57257170.74306,0
1611500400000,32080.53,32208.00,32050.00,32158.32,2337.406,1611501299999,75109414.72863,21335,1313.220,42199013.77677,0
1611501300000,32158.32,32209.99,32087.00,32172.38,1091.782,1611502199999,35105699.27748,16179,607.798,19545852.68742,0
1611502200000,32173.42,32282.48,32131.00,32133.89,1926.935,1611503099999,62065134.55880,20044,1039.514,33485873.48887,0
1611503100000,32133.87,32184.32,31870.00,31967.50,3412.200,1611503999999,109115853.35170,33724,1648.597,52720164.58862,0
1611504000000,31968.53,32174.66,31750.00,31812.10,5731.145,1611504899999,183025862.58165,52325,2779.739,88842696.88221,0
1611504900000,31812.10,31896.77,31632.68,31704.29,3696.527,1611505799999,117387059.91232,37057,1567.059,49775393.25285,0
1611505800000,31703.82,31850.00,31553.80,31718.89,4536.167,1611506699999,143845492.42552,41679,2340.867,74259456.05175,0
1611506700000,31716.70,31850.00,31710.46,31750.16,1519.286,1611507599999,48316594.48402,20918,847.810,26965547.47812,0
1611507600000,31750.15,31960.00,31656.37,31841.28,3497.950,1611508499999,111419591.60571,34282,1727.451,55039112.12704,0
1611508500000,31840.93,31900.00,31790.07,31823.03,1221.018,1611509399999,38883687.50103,17359,733.288,23353774.25725,0
1611509400000,31823.03,31988.00,31809.00,31879.34,1936.848,1611510299999,61835813.67578,22132,1141.625,36454789.23265,0
1611510300000,31879.34,31978.48,31830.39,31859.35,1308.992,1611511199999,41747602.53066,15401,688.341,21955862.90960,0
1611511200000,31859.36,31917.00,31794.22,31913.97,1451.240,1611512099999,46239414.03366,17516,600.300,19131335.20602,0
1611512100000,31913.97,31961.15,31807.67,31809.99,1295.980,1611512999999,41325769.98348,16734,492.569,15708019.47678,0
1611513000000,31809.99,31896.00,31793.73,31892.95,991.923,1611513899999,31589726.31784,13991,469.514,14954583.88854,0
1611513900000,31892.22,31960.00,31836.66,31853.25,1039.530,1611514799999,33165681.86361,14140,475.235,15162802.85558,0
1611514800000,31851.20,31852.70,31380.82,31476.63,4214.677,1611515699999,133357501.37921,38282,1769.451,56037398.44643,0
1611515700000,31479.11,31479.11,31070.00,31175.94,6471.048,1611516599999,202097248.36644,57438,3076.604,96102651.66152,0
1611516600000,31174.81,31295.73,30914.20,31207.57,5210.432,1611517499999,162083906.60348,50302,2542.929,79149182.80562,0
1611517500000,31210.54,31345.00,31176.82,31293.67,2472.617,1611518399999,77306659.50731,25603,1452.388,45414346.10168,0
1611518400000,31293.66,31444.00,31234.07,31349.75,2494.246,1611519299999,78168735.26407,28272,1375.447,43115285.02952,0
1611519300000,31351.47,31490.00,31284.17,31433.14,1868.789,1611520199999,58687302.62428,21558,902.918,28364014.11999,0
1611520200000,31433.13,31760.00,31433.12,31665.52,3202.273,1611521099999,101206696.55880,29969,2071.555,65480305.47867,0
1611521100000,31665.51,31698.00,31554.43,31677.91,1733.089,1611521999999,54816874.65484,18492,856.060,27084750.50423,0
1611522000000,31682.11,31700.00,31600.46,31700.00,1171.492,1611522899999,37083509.82894,17682,591.357,18721391.22886,0
1611522900000,31699.20,31845.00,31581.06,31714.08,2505.850,1611523799999,79515958.00939,25158,1115.902,35420974.37184,0
1611523800000,31714.09,31783.87,31676.61,31713.38,940.575,1611524699999,29848886.68367,14002,515.245,16353539.28323,0
1611524700000,31713.37,31990.39,31677.57,31919.80,2285.922,1611525599999,72859472.54926,23247,1048.100,33412769.29171,0
1611525600000,31917.70,31917.70,31813.29,31820.00,990.811,1611526499999,31553279.44653,14594,504.502,16067016.53422,0
1611526500000,31820.01,31924.00,31656.00,31923.99,1662.979,1611527399999,52841655.08413,16557,725.631,23066651.48089,0
1611527400000,31924.00,32368.42,31923.99,32240.22,5303.881,1611528299999,170676868.82701,46650,2720.499,87529492.53584,0
1611528300000,32240.22,32267.70,32090.00,32131.79,1840.718,1611529199999,59245012.67800,20307,868.682,27963155.38123,0
1611529200000,32131.79,32285.36,32103.00,32103.10,2487.899,1611530099999,80090132.96036,19568,1485.839,47837591.92185,0
1611530100000,32104.42,32184.86,32030.00,32083.01,1977.266,1611530999999,63482084.08859,19157,956.858,30728962.68450,0
1611531000000,32087.49,32285.36,32045.15,32238.32,1935.127,1611531899999,62227268.31403,20321,984.971,31678686.01755,0
1611531900000,32240.00,32389.81,32173.78,32275.63,2281.991,1611532799999,73680475.47435,21396,1300.810,42004969.70825,0
1611532800000,32274.88,32548.00,32185.00,32439.00,3389.590,1611533699999,109684939.17055,31011,2039.726,66018283.88805,0
1611533700000,32439.01,32738.00,32415.75,32712.13,4309.442,1611534599999,140389855.31078,39152,2522.061,82161068.68217,0
1611534600000,32713.20,32777.00,32539.93,32684.46,2455.519,1611535499999,80191451.73011,25526,1189.589,38862440.77684,0
1611535500000,32684.47,32856.98,32562.51,32590.11,3105.521,1611536399999,101614729.36846,29790,1657.490,54255443.03802,0
1611536400000,32590.11,32684.91,32468.00,32619.40,3216.279,1611537299999,104711799.44429,27399,1755.792,57172126.25813,0
1611537300000,32618.01,32730.00,32542.51,32586.34,1942.418,1611538199999,63392648.39218,21195,1016.692,33183313.32153,0
1611538200000,32586.33,32673.13,32428.64,32645.54,1722.054,1611539099999,56074077.95924,19371,837.602,27281289.85036,0
1611539100000,32645.53,32950.00,32582.00,32891.37,3091.107,1611539999999,101433601.55536,26766,1554.181,51012081.78236,0
1611540000000,32893.22,33044.57,32757.00,32769.70,3069.657,1611540899999,101004726.03849,29271,1480.255,48711453.89111,0
1611540900000,32770.69,32830.52,32672.77,32823.20,2121.461,1611541799999,69474240.02555,19368,1220.096,39964013.23401,0
1611541800000,32823.20,32906.73,32651.00,32677.38,1798.417,1611542699999,58885554.98847,16241,955.191,31277246.26116,0
1611542700000,32677.39,32828.00,32668.40,32795.68,1338.605,1611543599999,43843221.53954,13580,674.281,22084765.31897,0
1611543600000,32795.69,32899.98,32605.19,32627.80,2336.334,1611544499999,76506226.94156,20945,1097.026,35930429.12753,0
1611544500000,32627.81,32800.00,32602.74,32770.00,1662.526,1611545399999,54325512.94703,15931,942.837,30815103.70509,0
1611545400000,32770.01,33401.80,32724.72,33300.66,6047.750,1611546299999,200227389.19764,46547,3325.133,110081789.85050,0
1611546300000,33301.38,33730.00,33299.99,33600.00,6604.471,1611547199999,221663431.65887,51733,3314.434,111247898.00626,0
1611547200000,33600.00,33863.09,33586.00,33596.78,4808.007,1611548099999,162067810.18932,42701,2245.023,75703146.94894,0
1611548100000,33596.78,33596.79,33422.78,33500.00,3846.036,1611548999999,128894927.57533,33958,1436.370,48137466.92200,0
1611549000000,33500.00,33574.85,33385.50,33391.49,1484.821,1611549899999,49718888.02849,16725,804.001,26929227.56847,0
1611549900000,33387.80,33540.22,33351.35,33415.01,1961.828,1611550799999,65603497.18736,19361,1157.851,38723234.03203,0
1611550800000,33412.39,33496.15,33287.71,33300.87,2064.100,1611551699999,68914954.29478,17594,1150.779,38426382.29461,0
1611551700000,33297.54,33458.88,33297.34,33394.01,1371.892,1611552599999,45810656.39198,15216,691.966,23105832.68910,0
1611552600000,33394.01,33498.00,33342.16,33342.16,1778.942,1611553499999,59464736.59413,14241,985.294,32938833.28625,0
1611553500000,33342.76,33384.60,33225.00,33382.00,2035.410,1611554399999,67770594.18096,18609,1076.383,35842329.83764,0
1611554400000,33382.01,33528.79,33382.00,33426.28,2040.289,1611555299999,68265533.70647,20000,1119.154,37451246.07204,0
1611555300000,33426.33,33479.16,33170.00,33226.41,1801.707,1611556199999,60001592.99291,18055,745.709,24842480.02194,0
1611556200000,33226.41,33360.00,33187.63,33345.27,1795.764,1611557099999,59723332.23532,18209,1060.237,35263604.24535,0
1611557100000,33345.27,33607.83,33333.26,33535.18,2546.320,1611557999999,85238759.42626,23830,1456.645,48757182.19890,0
1611558000000,33535.18,33604.76,33333.69,33356.48,2175.316,1611558899999,72770124.50498,22002,876.031,29311655.38319,0
1611558900000,33356.92,33378.50,33156.53,33263.53,2078.603,1611559799999,69121701.83883,22055,978.501,32540053.54771,0
1611559800000,33263.50,33320.74,33185.01,33283.02,1789.704,1611560699999,59522208.40549,16851,1091.009,36287346.79022,0
1611560700000,33283.02,33390.00,33065.00,33377.96,3073.647,1611561599999,102131410.16545,26777,1535.298,51034606.66914,0
1611561600000,33377.97,33440.00,33242.01,33293.66,2640.625,1611562499999,88073124.93894,24478,1027.390,34271009.43805,0
1611562500000,33293.66,33466.58,33255.69,33312.46,1974.160,1611563399999,65867563.57700,21328,926.761,30931460.30809,0
1611563400000,33313.69,33475.98,33241.60,33475.81,1761.528,1611564299999,58795039.23628,18561,881.052,29412682.94652,0
1611564300000,33475.10,33555.00,33401.56,33488.10,2407.060,1611565199999,80591414.07493,23533,1171.789,39239940.05867,0
1611565200000,33488.10,33606.48,33345.37,33386.58,2138.565,1611566099999,71605608.90888,21221,1128.788,37806219.01427,0
1611566100000,33384.41,33452.13,33229.00,33325.00,1976.860,1611566999999,65851892.67283,22270,809.761,26978333.06731,0
1611567000000,33325.65,33328.21,33031.11,33091.21,2956.792,1611567899999,98163381.25825,26498,1040.452,34546078.08508,0
1611567900000,33091.76,33157.33,32920.00,33051.46,4832.539,1611568799999,159647664.99961,38926,2081.236,68767818.24219,0
1611568800000,33051.46,33130.00,32959.01,32959.02,2323.209,1611569699999,76806435.45878,22151,1096.723,36267121.25381,0
1611569700000,32959.00,33190.00,32800.00,33067.00,4008.957,1611570599999,132391974.67728,33966,2035.369,67277178.82071,0
1611570600000,33072.00,33180.37,33050.50,33090.45,1813.470,1611571499999,60047573.32661,20527,970.440,32134574.26503,0
1611571500000,33090.45,33193.66,33069.46,33144.93,1507.728,1611572399999,49956677.63070,16461,819.525,27154758.57946,0
1611572400000,33145.08,33205.00,33069.85,33129.28,1686.707,1611573299999,55902609.28007,17062,866.757,28727931.48259,0
1611573300000,33129.27,33376.45,33080.81,33290.00,2518.859,1611574199999,83748364.21794,22091,1585.939,52736640.96561,0
1611574200000,33290.01,33343.56,33146.41,33172.48,1774.524,1611575099999,58965445.14465,18245,787.177,26160950.59058,0
1611575100000,33172.46,33283.00,33140.01,33217.34,1147.218,1611575999999,38092849.05316,13126,528.515,17549495.92946,0
1611576000000,33217.37,33460.00,33066.00,33420.29,2964.438,1611576899999,98653191.66963,26855,1403.198,46718688.05604,0
1611576900000,33424.66,33692.71,33420.29,33593.50,3785.670,1611577799999,127103544.16682,36834,2030.379,68174320.31978,0
1611577800000,33589.08,34120.00,33537.49,34027.04,4796.941,1611578699999,162017905.46531,39202,3250.186,109849908.41916,0
1611578700000,34030.89,34337.39,34020.50,34218.09,7943.923,1611579599999,271869258.68856,68456,4239.612,145115226.37650,0
1611579600000,34218.08,34500.00,34155.00,34290.16,6018.012,1611580499999,206426733.92615,50575,3283.838,112685813.35116,0
1611580500000,34290.15,34632.00,34200.00,34606.81,6176.359,1611581399999,212836826.34132,52597,3643.164,125572742.08013,0
1611581400000,34613.11,34700.00,34421.00,34525.93,4302.551,1611582299999,148468770.93538,38525,1992.333,68760362.49158,0
1611582300000,34525.92,34670.00,34442.22,34564.99,2817.670,1611583199999,97342804.74193,30480,1327.275,45862643.51945,0
1611583200000,34564.99,34880.00,34500.00,34770.01,5791.120,1611584099999,201186526.10289,53942,3047.864,105900694.09128,0
1611584100000,34770.00,34799.00,34575.00,34628.28,3255.575,1611584999999,112881470.27541,33747,1471.489,51032542.84867,0
1611585000000,34625.49,34761.13,34601.19,34621.91,2255.327,1611585899999,78205712.87140,23800,1033.108,35827141.67856,0
1611585900000,34621.91,34658.00,34390.00,34498.47,4309.480,1611586799999,148696010.78972,38056,1643.375,56711587.41549,0
1611586800000,34498.46,34626.24,34304.00,34312.26,3983.866,1611587699999,137154968.46645,34872,1652.097,56907507.49815,0
1611587700000,34311.95,34529.07,34274.87,34427.16,3261.788,1611588599999,112209241.02667,29551,1764.448,60713802.37925,0
1611588600000,34427.16,34577.10,34402.00,34440.00,1783.726,1611589499999,61512790.04599,19919,852.628,29407799.70739,0
1611589500000,34439.99,34550.00,34332.32,34507.81,2152.909,1611590399999,74124932.86125,22193,1051.745,36228446.80928,0
1611590400000,34509.01,34658.19,34114.60,34169.80,7244.837,1611591299999,248623039.93880,57916,3034.766,104195391.80994,0
1611591300000,34165.67,34302.65,33900.00,33907.64,6667.430,1611592199999,227194740.68685,49772,3059.800,104325548.42001,0
1611592200000,33907.60,34014.00,33700.00,33822.57,6794.269,1611593099999,230144868.94626,51926,3213.324,108876400.15562,0
1611593100000,33822.57,33973.79,33729.61,33973.79,3502.940,1611593999999,118682750.54473,31083,1913.988,64856952.99774,0
1611594000000,33973.78,34303.10,33935.46,33959.31,6598.790,1611594899999,225037233.43868,46145,3555.316,121263296.59387,0
1611594900000,33960.03,34065.98,33830.00,33942.53,3557.980,1611595799999,120804187.56533,31512,1580.868,53693326.67352,0
1611595800000,33942.53,33989.32,33755.77,33914.00,2183.135,1611596699999,73994907.63357,22108,1005.419,34088799.18245,0
1611596700000,33913.92,33946.61,33742.99,33834.72,2064.795,1611597599999,69864446.10885,21423,901.414,30502274.56030,0
1611597600000,33833.17,34035.00,33721.56,33943.78,2782.116,1611598499999,94367190.07794,26458,1538.113,52185669.26517,0
1611598500000,33942.12,34065.00,33930.52,33998.49,1830.407,1611599399999,62246395.55342,17917,1085.366,36913246.47708,0
1611599400000,33998.49,34031.74,33742.08,33742.08,2395.725,1611600299999,81152340.90605,23756,1081.022,36629867.44389,0
1611600300000,33742.82,33922.58,33550.00,33704.46,5008.586,1611601199999,168857609.03455,42579,2463.809,83089626.47975,0
1611601200000,33704.46,33822.31,33571.00,33799.00,2425.752,1611602099999,81799975.20494,24871,1224.185,41281126.87384,0
1611602100000,33799.00,33840.00,33679.01,33746.51,1489.598,1611602999999,50295452.83694,15922,726.526,24533519.96516,0
1611603000000,33746.52,33806.48,33527.16,33710.15,2366.538,1611603899999,79645469.74103,24137,1117.384,37620392.36272,0
1611603900000,33710.15,33780.00,33382.97,33441.32,3974.953,1611604799999,133475167.77675,32133,1493.831,50207330.32976,0
1611604800000,33449.84,33450.23,33098.42,33185.02,7859.180,1611605699999,261416088.18681,57310,4085.830,135902767.99646,0
1611605700000,33185.01,33432.47,33142.70,33403.01,2463.672,1611606599999,82085603.23347,24584,1535.388,51155963.38933,0
1611606600000,33403.01,33500.57,33270.87,33376.95,2476.463,1611607499999,82690560.49165,25223,1126.446,37621978.70044,0
1611607500000,33378.56,33499.00,33238.78,33498.00,1780.158,1611608399999,59385007.18171,20233,948.429,31647154.58096,0
1611608400000,33496.52,33497.62,32845.56,32892.04,5355.125,1611609299999,177176008.76207,46337,2307.706,76358123.09703,0
1611609300000,32888.12,32993.30,32464.74,32692.19,7584.083,1611610199999,248086826.91466,60177,3302.514,108116734.36742,0
1611610200000,32696.98,32696.98,32200.00,32618.00,8847.755,1611611099999,286666009.27302,69138,4353.618,141122008.22883,0
1611611100000,32617.99,32750.00,32431.00,32732.55,3786.511,1611611999999,123591219.58324,33950,1991.323,65011985.49286,0
1611612000000,32732.94,32749.00,32214.02,32298.24,3897.263,1611612899999,126443038.13707,40467,1764.496,57265597.92251,0
1611612900000,32298.23,32468.60,31973.05,32075.09,4949.030,1611613799999,159582019.70439,50691,1965.430,63434694.48607,0
1611613800000,32076.50,32535.03,31921.47,32500.00,4800.027,1611614699999,154593151.71617,45983,2590.555,83472332.03324,0
1611614700000,32500.00,32567.52,32325.00,32468.29,2627.842,1611615599999,85326225.81046,28556,1230.520,39961644.34837,0
1611615600000,32468.29,32657.96,32260.37,32589.61,3177.190,1611616499999,103140939.55813,31824,1907.769,61950037.34247,0
1611616500000,32589.61,32647.04,32454.52,32472.33,2556.775,1611617399999,83175549.40874,22318,1324.742,43101916.33296,0
1611617400000,32472.33,32647.90,32230.14,32404.66,3630.386,1611618299999,117778478.65633,31121,1747.774,56747946.09012,0
1611618300000,32403.40,32534.93,32201.59,32253.68,2076.520,1611619199999,67197035.27864,23400,983.674,31852800.01872,0
1611619200000,32253.68,32579.76,31730.00,32579.46,8077.965,1611620099999,259892474.68360,63733,3870.220,124667776.56522,0
1611620100000,32579.45,32697.95,32469.27,32543.96,2621.168,1611620999999,85375526.63781,26917,1185.249,38618484.10139,0
1611621000000,32542.92,32672.13,32412.72,32617.72,2139.040,1611621899999,69620251.04043,23054,1048.782,34152823.15001,0
1611621900000,32617.99,32688.45,32450.00,32477.65,2007.615,1611622799999,65331862.90962,21601,974.337,31716827.71954,0
1611622800000,32479.28,32479.95,32214.00,32415.92,2819.176,1611623699999,91206724.57300,30859,1297.549,41987860.42775,0
1611623700000,32415.92,32425.00,32232.12,32299.34,1877.253,1611624599999,60697853.01174,20669,908.882,29390314.60113,0
1611624600000,32299.33,32732.05,32257.33,32732.05,2710.351,1611625499999,88199109.79654,28033,1572.787,51171098.96310,0
1611625500000,32732.04,32853.53,32651.97,32763.50,2373.994,1611626399999,77750717.64115,25741,1157.353,37920017.24262,0
1611626400000,32763.49,32773.49,32500.00,32586.12,1998.069,1611627299999,65237944.38376,21194,788.641,25760326.38968,0
1611627300000,32585.11,32653.51,32343.00,32500.53,2874.825,1611628199999,93353339.24756,26750,1420.350,46122222.97232,0
1611628200000,32503.32,32503.33,32314.15,32339.00,1588.707,1611629099999,51476030.36182,18415,820.552,26590291.87463,0
1611629100000,32343.41,32434.40,32230.14,32311.79,1824.561,1611629999999,58970779.58665,20045,846.032,27348043.72616,0
1611630000000,32311.79,32373.28,32258.90,32266.76,1411.874,1611630899999,45618066.87894,17772,714.047,23074936.43412,0
1611630900000,32266.76,32266.76,31830.00,31869.15,4700.839,1611631799999,150546819.60620,43651,1978.130,63353814.41686,0
1611631800000,31869.15,32006.57,31590.80,31622.00,5839.437,1611632699999,185529385.46364,48666,2620.932,83311047.33223,0
1611632700000,31617.50,31736.21,31460.00,31520.68,5577.230,1611633599999,176185916.12684,46343,2559.074,80887656.10410,0
1611633600000,31520.68,31850.10,31426.88,31723.29,4563.714,1611634499999,144655657.38368,38824,2629.627,83387691.05934,0
1611634500000,31725.39,31844.42,31636.79,31756.58,2567.571,1611635399999,81492442.63376,25549,1290.782,40979944.81752,0
1611635400000,31756.58,31950.02,31685.00,31919.73,2298.201,1611636299999,73118852.65364,24473,1280.218,40740012.43693,0
1611636300000,31919.73,32188.00,31840.85,31991.08,3756.651,1611637199999,120287827.05288,33161,2091.553,66977916.67725,0
1611637200000,31991.08,32062.00,31913.78,31950.00,1856.953,1611638099999,59386905.93162,19951,930.288,29755957.46913,0
1611638100000,31950.00,32048.75,31770.31,31913.08,2398.209,1611638999999,76519429.12586,23589,1011.475,32288601.80966,0
1611639000000,31913.32,32210.00,31888.20,32111.86,2496.315,1611639899999,80050768.18039,22140,1437.518,46100805.45115,0
1611639900000,32111.85,32323.00,32051.85,32051.85,2502.407,1611640799999,80577272.49868,22564,1325.068,42684016.92613,0
1611640800000,32055.00,32073.00,31797.70,31859.53,3454.232,1611641699999,110293601.10129,27657,1330.567,42492717.08021,0
1611641700000,31852.80,31926.53,31720.00,31810.18,2475.811,1611642599999,78812646.58147,22511,1122.215,35733752.83651,0
1611642600000,31810.72,31926.53,31507.39,31518.84,3688.054,1611643499999,117039884.64927,31797,1647.333,52317400.71756,0
1611643500000,31518.84,31700.00,31310.94,31595.40,5202.918,1611644399999,164140821.54391,44905,2628.117,82933287.85045,0
1611644400000,31595.40,31680.00,31345.86,31483.16,3684.950,1611645299999,116094857.11637,36621,1842.460,58052885.10108,0
1611645300000,31483.17,31618.99,31112.58,31308.79,6780.700,1611646199999,212106454.75441,56520,3154.464,98691852.28013,0
1611646200000,31310.21,31440.00,31232.90,31364.62,2733.546,1611647099999,85652092.33059,28550,1380.804,43273747.18200,0
1611647100000,31364.62,31768.07,31280.00,31640.70,5037.285,1611647999999,159262545.27427,42138,2807.113,88754057.34990,0
1611648000000,31640.71,31889.81,31518.96,31600.95,4317.951,1611648899999,136898107.71733,38347,2316.524,73462729.95800,0
1611648900000,31600.13,31789.00,31600.13,31708.15,1811.410,1611649799999,57441779.97824,19729,949.557,30114503.03784,0
1611649800000,31708.15,31980.49,31705.00,31803.32,3304.089,1611650699999,105245456.96705,29335,2030.893,64690435.77340,0
1611650700000,31803.32,31910.50,31727.18,31896.14,2505.775,1611651599999,79709266.30745,23411,1247.358,39683888.31152,0
1611651600000,31896.13,32094.88,31773.05,31820.84,3772.195,1611652499999,120381676.19988,32331,1836.756,58652427.55365,0
1611652500000,31819.30,31819.30,31527.60,31608.01,3965.178,1611653399999,125466186.23971,30670,1633.332,51683858.03655,0
1611653400000,31607.70,31764.86,31532.72,31656.30,2532.279,1611654299999,80159250.29472,23841,1251.385,39621861.83219,0
1611654300000,31659.33,31864.26,31370.02,31813.46,5132.649,1611655199999,162142887.14089,45017,2584.803,81712289.33790,0
1611655200000,31813.46,32192.78,31805.37,32086.43,7147.435,1611656099999,228976859.46303,56506,4056.832,129967876.82189,0
1611656100000,32087.70,32500.77,32072.16,32319.71,7283.366,1611656999999,235301216.76901,55299,4616.521,149151070.32268,0
1611657000000,32317.36,32357.97,32224.00,32286.26,2392.979,1611657899999,77277443.16444,23088,1097.515,35448760.81452,0
1611657900000,32285.36,32359.00,32120.00,32252.00,2439.027,1611658799999,78570597.54914,24657,912.981,29416703.22063,0
1611658800000,32255.00,32261.09,32120.00,32148.39,2127.014,1611659699999,68432210.86514,21253,953.778,30691180.89987,0
1611659700000,32148.40,32190.32,31829.52,31977.00,3575.762,1611660599999,114359691.14186,31598,1420.743,45455826.75273,0
1611660600000,31977.00,32066.41,31739.43,32060.70,3104.898,1611661499999,99083154.92042,30208,1537.219,49089409.11410,0
1611661500000,32058.26,32062.61,31656.28,31807.99,4139.516,1611662399999,131632769.24617,35031,1889.747,60091368.80890,0
1611662400000,31810.46,31940.62,31597.52,31845.33,4729.182,1611663299999,150541176.15329,41358,2164.856,68947903.31596,0
1611663300000,31846.35,31992.17,31540.83,31627.93,3600.842,1611664199999,114320728.75240,34602,1720.556,54654874.53782,0
1611664200000,31627.94,31763.72,31488.00,31631.08,3868.453,1611665099999,122323885.93153,34616,1837.010,58113775.67623,0
1611665100000,31627.33,31636.92,31242.63,31314.50,5267.327,1611665999999,165448989.71998,47987,2215.738,69613371.10521,0
1611666000000,31312.90,31557.85,31214.00,31514.63,6066.109,1611666899999,190323812.41664,50214,3293.448,103359105.18461,0
1611666900000,31514.63,31654.69,31421.66,31438.94,3785.982,1611667799999,119410575.02968,33384,1726.326,54468666.09139,0
1611667800000,31438.94,31744.00,31438.94,31567.74,3174.881,1611668699999,100399863.58367,30538,1769.592,55968707.12630,0
1611668700000,31567.75,31944.00,31537.68,31728.81,3894.049,1611669599999,123739986.37895,34905,2280.414,72462617.47204,0
1611669600000,31730.00,31797.44,31451.93,31578.08,3282.883,1611670499999,103783789.92459,30182,1372.171,43398524.86304,0
1611670500000,31578.09,31646.32,31367.21,31455.50,3411.688,1611671399999,107521999.12501,30943,1601.358,50486987.83226,0
1611671400000,31450.37,31518.50,31003.60,31049.17,8406.539,1611672299999,262491821.17401,62590,3317.968,103680991.06259,0
1611672300000,31050.00,31358.00,30810.00,31256.21,10884.367,1611673199999,338173704.46080,80989,5622.692,174799529.47884,0
1611673200000,31252.86,31536.98,31243.70,31493.17,4954.017,1611674099999,155571533.33153,39707,2747.247,86280392.02956,0
1611674100000,31490.84,31638.37,31351.00,31551.73,3488.633,1611674999999,109851603.98691,31747,1593.271,50193169.28815,0
1611675000000,31551.73,31842.16,31512.57,31753.59,5471.364,1611675899999,173577256.29377,40395,3176.180,100745409.09228,0
1611675900000,31753.60,31900.00,31655.83,31764.99,4240.242,1611676799999,134655327.47598,34105,2002.860,63632782.89263,0
1611676800000,31768.19,32179.60,31486.44,31498.36,14280.423,1611677699999,454875614.18627,98565,6879.152,219268510.24357,0
1611677700000,31498.26,31599.00,31318.69,31592.50,5966.990,1611678599999,187681543.42490,50723,3024.418,95144407.95061,0
1611678600000,31590.99,32000.22,31539.16,31960.02,5238.884,1611679499999,166640468.30563,44742,2975.636,94655463.64168,0
1611679500000,31960.40,32100.00,31851.00,32002.97,3662.124,1611680399999,117069685.06995,32972,1856.677,59377146.62172,0
1611680400000,32000.59,32250.00,31998.00,32066.24,4740.031,1611681299999,152340833.63805,38849,2698.041,86716349.26359,0
1611681300000,32068.58,32195.91,31920.00,32036.42,3916.028,1611682199999,125461527.97358,34939,1700.536,54500258.16293,0
1611682200000,32033.87,32114.23,31920.00,32022.50,2141.316,1611683099999,68575836.07889,23187,1068.937,34240756.11491,0
1611683100000,32020.11,32262.21,31999.71,32197.29,2349.499,1611683999999,75512318.44953,25115,1264.093,40633158.70335,0
1611684000000,32198.44,32290.00,31920.00,32030.82,3708.414,1611684899999,118976462.21366,32934,1850.397,59365378.08474,0
1611684900000,32029.99,32209.12,31984.58,32170.13,1961.550,1611685799999,63007234.60545,21396,1127.521,36224130.16061,0
1611685800000,32170.14,32381.99,32054.96,32087.82,2783.055,1611686699999,89763195.46378,28323,1442.983,46552400.09373,0
1611686700000,32087.81,32342.50,32026.12,32238.90,2386.906,1611687599999,76743143.84837,24029,1342.449,43149021.88810,0
1611687600000,32239.55,32426.18,32239.55,32245.83,3825.431,1611688499999,123666486.19847,31631,1795.867,58072089.00914,0
1611688500000,32245.82,32321.78,32076.02,32109.01,2641.217,1611689399999,84960634.70588,22732,1278.547,41127705.40279,0
1611689400000,32109.01,32258.00,32079.76,32224.00,1774.263,1611690299999,57057497.54820,19190,907.113,29177131.45404,0
1611690300000,32224.00,32306.84,32052.68,32219.68,2450.546,1611691199999,78852970.54158,22486,1253.139,40339916.86341,0
1611691200000,32220.46,32423.67,32155.84,32334.77,3183.423,1611692099999,102892432.27116,26657,1576.553,50952095.88498,0
1611692100000,32334.77,32386.03,32089.00,32092.71,2382.100,1611692999999,76748267.94175,23742,1149.582,37030085.55266,0
1611693000000,32092.71,32143.42,31861.18,31950.27,3275.619,1611693899999,104765999.90554,32369,1556.760,49784388.30913,0
1611693900000,31953.77,32049.00,31900.00,32003.04,1857.995,1611694799999,59393268.26275,18561,943.123,30159455.54095,0
1611694800000,32003.03,32131.81,31907.03,32099.98,1648.411,1611695699999,52821339.88247,18656,871.244,27927650.91205,0
1611695700000,32099.96,32284.09,31970.00,32260.00,1837.314,1611696599999,59078022.14261,19048,913.927,29394640.50229,0
1611696600000,32260.00,32345.74,32069.57,32179.99,2142.603,1611697499999,68987198.23375,21170,879.901,28338767.82947,0
1611697500000,32180.00,32197.77,31951.13,32003.18,1849.800,1611698399999,59329697.01148,19208,758.982,24358753.13790,0
1611698400000,32003.18,32126.29,31913.43,32059.00,1613.873,1611699299999,51646703.00682,17787,870.367,27864064.68721,0
1611699300000,32059.00,32234.68,31963.26,32225.49,1732.782,1611700199999,55611744.47133,17170,995.776,31957039.32521,0
1611700200000,32225.49,32333.19,32189.21,32330.79,1856.884,1611701099999,59905945.86204,17335,902.274,29114541.25568,0
1611701100000,32331.17,32795.94,32248.77,32782.26,4181.500,1611701999999,136012863.95687,35829,2643.128,86004139.61177,0
1611702000000,32783.03,32950.00,32584.26,32642.27,5013.490,1611702899999,164332958.30117,43059,2464.381,80815122.52114,0
1611702900000,32642.27,32768.00,32633.13,32729.87,1966.711,1611703799999,64308367.47864,20042,1041.229,34047330.08813,0
1611703800000,32726.59,32792.76,32535.55,32566.54,2298.804,1611704699999,75023440.98743,21973,1063.824,34728539.38502,0
1611704700000,32567.70,32648.91,32469.42,32474.14,2176.019,1611705599999,70819037.71869,20694,816.637,26593241.39545,0
1611705600000,32474.81,32562.20,32229.80,32251.52,4404.302,1611706499999,142512478.90650,33687,1878.260,60787572.99038,0
1611706500000,32251.52,32358.00,32229.43,32313.18,1706.571,1611707399999,55108962.02560,17384,827.583,26727386.26197,0
1611707400000,32313.18,32467.06,31927.50,32090.00,5027.283,1611708299999,161746459.37246,36935,2269.513,73070577.48701,0
1611708300000,32090.01,32371.87,31909.00,32357.28,3274.511,1611709199999,105176052.49499,25809,1636.031,52590952.94112,0
1611709200000,32358.15,32487.88,32140.23,32205.69,2951.388,1611710099999,95348797.78171,25952,1368.392,44196871.55494,0
1611710100000,32205.69,32321.78,32023.26,32149.59,1765.106,1611710999999,56755277.03298,20273,886.193,28503740.03956,0
1611711000000,32149.58,32333.33,32057.00,32130.68,2215.655,1611711899999,71299907.26671,21585,1114.198,35853732.29920,0
1611711900000,32130.16,32150.00,31970.81,32088.75,2101.409,1611712799999,67332364.71669,20565,912.766,29252968.14653,0
1611712800000,32088.75,32250.00,32010.54,32158.53,1591.274,1611713699999,51167311.61979,18515,892.260,28692832.78923,0
1611713700000,32160.54,32276.41,32135.63,32142.79,1237.653,1611714599999,39855347.98009,14153,625.475,20143315.77967,0
1611714600000,32142.80,32250.00,32040.54,32100.94,1159.587,1611715499999,37236497.00168,16126,540.476,17355438.80962,0
1611715500000,32100.43,32200.74,31781.00,31808.58,2366.937,1611716399999,75757225.62030,23560,859.579,27542833.57161,0
1611716400000,31816.89,31926.31,31743.14,31827.68,3229.651,1611717299999,102843927.36398,28113,1533.390,48837840.43440,0
1611717300000,31825.01,31856.36,31580.00,31799.00,3368.500,1611718199999,106790950.38823,28096,1525.241,48368883.48173,0
1611718200000,31798.99,31864.31,31726.50,31788.37,1642.805,1611719099999,52239514.59187,18547,785.863,24993006.51085,0
1611719100000,31783.99,31880.00,31711.59,31817.08,1358.568,1611719999999,43211450.54351,14949,645.398,20534438.84283,0
1611720000000,31817.42,31817.42,31531.86,31603.76,3112.165,1611720899999,98471849.88950,26206,1397.995,44235846.67093,0
1611720900000,31601.03,31885.82,31551.00,31868.28,1973.883,1611721799999,62639848.32695,22090,1149.619,36486612.54978,0
1611721800000,31867.79,31867.79,31778.02,31818.99,1121.014,1611722699999,35673696.87953,14735,580.208,18466507.00197,0
1611722700000,31818.99,32034.68,31700.55,31872.28,2498.672,1611723599999,79630380.02343,24687,1289.420,41108145.15914,0
1611723600000,31872.29,31924.50,31654.47,31697.67,2814.797,1611724499999,89430541.04804,26075,1328.786,42210990.04479,0
1611724500000,31698.47,31730.67,31431.64,31558.72,2900.713,1611725399999,91558985.05015,28907,1386.194,43759464.13268,0
1611725400000,31558.30,31591.99,31403.67,31457.22,2777.160,1611726299999,87479385.64119,24965,1376.984,43391817.55308,0
1611726300000,31459.98,31544.16,31374.00,31507.30,2064.441,1611727199999,64981524.60758,22384,1027.696,32359604.73493,0
1611727200000,31507.30,31586.38,31379.77,31384.15,1560.087,1611728099999,49181064.28821,18782,786.802,24811793.32072,0
1611728100000,31382.86,31648.00,31354.00,31587.69,2465.753,1611728999999,77792098.30407,23536,1292.714,40782816.77991,0
1611729000000,31587.68,31670.03,31537.85,31632.03,1338.181,1611729899999,42306850.61008,14721,721.318,22807109.29292,0
1611729900000,31631.61,31727.55,31580.00,31664.56,1686.352,1611730799999,53390412.19712,16824,766.027,24258251.51594,0
1611730800000,31663.38,31697.62,31550.00,31655.37,1308.296,1611731699999,41365649.70780,16524,611.755,19345164.93202,0
1611731700000,31655.57,31909.95,31655.57,31761.25,3076.743,1611732599999,97813488.72864,26863,1971.016,62665799.56974,0
1611732600000,31762.84,31837.30,31682.58,31700.00,1606.643,1611733499999,51015463.73337,15930,806.856,25626409.30745,0
1611733500000,31700.00,31818.00,31672.00,31751.41,1905.875,1611734399999,60486897.60447,18870,1095.377,34766763.18159,0
1611734400000,31751.40,31768.16,31550.00,31610.01,3359.675,1611735299999,106305878.75173,28899,1518.780,48069331.25001,0
1611735300000,31610.02,31735.00,31561.50,31671.30,1526.791,1611736199999,48316320.23797,15202,736.103,23298997.14138,0
1611736200000,31671.30,31690.98,31260.00,31336.59,3846.169,1611737099999,120816239.04927,37338,1656.108,52019803.70022,0
1611737100000,31336.59,31381.04,31125.35,31170.01,4518.807,1611737999999,141222071.95212,38431,1755.706,54908093.00886,0
1611738000000,31174.62,31281.08,30900.90,30916.79,6611.560,1611738899999,205409694.80311,56515,3024.342,93997400.90502,0
1611738900000,30916.79,31118.43,30730.00,30966.26,7838.142,1611739799999,242466584.80501,65300,4036.130,124921921.04835,0
1611739800000,30965.87,31280.00,30892.17,31199.65,4665.567,1611740699999,145174574.82522,42645,3017.386,93901780.02968,0
1611740700000,31199.66,31260.63,31072.65,31197.90,2558.567,1611741599999,79728356.03309,25295,1287.422,40127804.21951,0
1611741600000,31198.46,31350.49,31079.70,31273.61,2689.513,1611742499999,84020759.51995,27917,1350.924,42218063.66059,0
1611742500000,31275.71,31406.32,31181.71,31376.80,2799.099,1611743399999,87624414.98454,26747,1590.820,49817901.88206,0
1611743400000,31373.87,31376.58,31230.42,31294.05,1867.434,1611744299999,58438045.24627,20895,779.840,24411202.38912,0
1611744300000,31294.04,31375.28,31133.04,31375.28,2881.082,1611745199999,89945887.86278,25655,1159.123,36198053.75830,0
1611745200000,31375.28,31622.19,31350.00,31551.20,5019.685,1611746099999,158081288.65957,43111,2803.330,88288321.33993,0
1611746100000,31553.91,31574.00,31428.19,31463.30,2115.170,1611746999999,66620411.76396,23952,868.361,27350887.15806,0
1611747000000,31463.31,31599.99,31141.00,31177.51,4006.468,1611747899999,125648634.29216,34954,1718.991,53951129.43951,0
1611747900000,31177.51,31180.57,30577.32,30647.15,10094.598,1611748799999,311390753.53039,80190,4420.709,136331472.63424,0
1611748800000,30647.15,30878.48,30383.54,30406.00,10777.486,1611749699999,330204790.33215,84991,5084.161,155884226.63698,0
1611749700000,30406.45,30730.37,30328.05,30593.52,6468.270,1611750599999,197424481.77685,57798,3587.506,109537125.59891,0
1611750600000,30594.62,30835.29,30563.86,30712.43,3938.018,1611751499999,121043777.42852,38043,2152.582,66169293.12430,0
1611751500000,30711.94,30866.62,30668.84,30755.63,2906.699,1611752399999,89470723.92948,29342,1404.840,43246797.91318,0
1611752400000,30755.64,31067.72,30635.00,30774.79,6791.685,1611753299999,209770083.24448,50666,3600.206,111275398.86591,0
1611753300000,30774.79,30791.03,30500.00,30686.36,4780.833,1611754199999,146367162.26815,41190,2130.404,65227622.47318,0
1611754200000,30686.36,30687.15,30450.00,30599.18,3525.515,1611755099999,107766154.83036,32154,1590.914,48637588.14763,0
1611755100000,30597.69,30734.15,30246.70,30279.49,5842.150,1611755999999,177885745.21074,49276,2702.182,82339471.08814,0
1611756000000,30274.32,30425.00,30020.00,30419.97,9677.002,1611756899999,292518172.54452,76857,5014.594,151664695.17606,0
1611756900000,30417.94,30527.48,30176.07,30212.47,5001.643,1611757799999,151888015.54265,45962,2458.736,74695940.96470,0
1611757800000,30216.60,30236.99,29487.11,29586.00,18397.997,1611758699999,548426029.54137,133556,8112.719,241931235.03464,0
1611758700000,29586.01,29713.39,29240.00,29585.22,15389.530,1611759599999,453534141.22941,117196,8047.118,237273889.47648,0
1611759600000,29586.61,29882.67,29390.83,29756.58,10309.315,1611760499999,306476552.04787,77332,5365.658,159575937.82647,0
1611760500000,29756.58,29930.00,29589.38,29805.02,5414.213,1611761399999,161133868.25253,48279,2547.411,75851717.65133,0
1611761400000,29805.02,30184.45,29701.43,30134.12,6882.779,1611762299999,206184188.20054,54180,4372.737,131040320.55644,0
1611762300000,30133.60,30475.07,30073.00,30318.63,10892.630,1611763199999,330315220.75845,73789,5757.991,174609599.30459,0
1611763200000,30318.63,30824.22,30223.20,30756.53,10737.820,1611764099999,327831150.55904,75350,6117.875,186906032.84971,0
1611764100000,30759.85,30915.80,30560.93,30915.79,5658.259,1611764999999,173765671.73613,46893,2941.214,90387112.80858,0
1611765000000,30915.79,30945.93,30551.18,30655.43,5147.802,1611765899999,158160531.17207,42796,2053.767,63114220.39361,0
1611765900000,30655.42,30798.90,30512.50,30542.81,4561.697,1611766799999,139891489.81916,36781,1991.156,61096918.89346,0
1611766800000,30540.41,30750.00,30402.07,30698.85,5193.212,1611767699999,158845245.82513,36669,2328.134,71268410.49935,0
1611767700000,30697.03,30862.08,30500.63,30531.00,4322.944,1611768599999,132487418.18593,33284,1911.775,58626761.47952,0
1611768600000,30533.93,30554.57,30104.90,30338.49,7402.830,1611769499999,224451455.12746,54544,3150.933,95523297.00685,0
1611769500000,30338.46,30577.32,30221.76,30515.27,6561.741,1611770399999,199574021.54759,48807,3708.351,112804347.30113,0
1611770400000,30516.05,30546.32,30195.54,30214.82,4367.713,1611771299999,132647871.15409,37564,1752.097,53213342.40528,0
1611771300000,30214.82,30395.60,30080.00,30092.53,3818.770,1611772199999,115470098.71882,35435,1793.576,54273727.07146,0
1611772200000,30094.14,30180.48,29650.00,29688.08,6163.834,1611773099999,184386315.82465,53184,2826.852,84583061.75053,0
1611773100000,29682.94,29830.00,29507.61,29728.10,6858.194,1611773999999,203519129.60954,54789,3661.256,108687533.40522,0
1611774000000,29728.11,30793.00,29721.00,30646.39,12865.320,1611774899999,389981301.21727,90009,7449.975,225680964.30448,0
1611774900000,30646.62,30844.00,30522.62,30612.22,4717.123,1611775799999,144533243.42153,42064,1962.104,60147613.89464,0
1611775800000,30612.89,30888.00,30599.96,30710.90,3868.415,1611776699999,118891779.51255,35299,2036.478,62598204.18040,0
1611776700000,30710.74,30840.00,30385.27,30736.50,5190.634,1611777599999,158953652.46702,41214,2325.236,71229288.39909,0
1611777600000,30738.48,30990.00,30517.70,30886.10,5380.608,1611778499999,165552664.85337,45812,3166.673,97471139.29946,0
1611778500000,30886.10,31499.00,30857.01,31397.40,8744.176,1611779399999,273391918.63525,71024,5048.619,157800606.90930,0
1611779400000,31397.40,31438.17,31042.02,31178.51,4154.598,1611780299999,129647748.47861,37312,1839.791,57417806.62448,0
1611780300000,31176.84,31592.68,31153.14,31533.14,5487.986,1611781199999,172473311.76184,45735,3331.258,104699422.62494,0
1611781200000,31535.73,31674.65,31160.70,31310.00,5936.809,1611782099999,186437642.81859,48524,3013.419,94655002.86077,0
1611782100000,31308.14,31355.28,31150.00,31211.50,2613.876,1611782999999,81608367.38492,26402,1280.775,39998290.44549,0
1611783000000,31210.49,31227.48,30860.75,30998.53,4345.015,1611783899999,134666766.39533,33414,1838.941,56978143.49125,0
1611783900000,30999.47,31073.84,30740.58,30979.47,3068.953,1611784799999,94846717.47731,27569,1337.250,41340273.24181,0
1611784800000,30978.80,31050.37,30776.86,30917.51,2292.540,1611785699999,70928558.89386,25245,1135.649,35151927.67324,0
1611785700000,30917.45,31060.91,30887.94,30956.04,1157.992,1611786599999,35855106.43691,14840,768.059,23782507.08772,0
1611786600000,30956.03,30956.04,30401.22,30493.75,5108.839,1611787499999,156234394.91520,48254,1831.973,56015606.93021,0
1611787500000,30493.76,30607.66,30312.00,30528.49,2915.297,1611788399999,88909225.93490,29590,1440.224,43943681.16012,0
1611788400000,30528.46,30740.00,30184.46,30298.13,4503.476,1611789299999,137194814.98885,39487,2095.215,63929939.22492,0
1611789300000,30298.00,30506.23,30127.85,30254.97,4027.729,1611790199999,121941526.11476,36706,1991.308,60313727.10979,0
1611790200000,30254.97,30480.00,30082.59,30119.99,3896.178,1611791099999,118045479.59525,35184,1886.001,57188344.68773,0
1611791100000,30119.35,30433.28,30100.96,30381.04,2946.392,1611791999999,89289135.61288,26048,1835.591,55642022.49799,0
1611792000000,30382.96,30628.00,30078.44,30089.47,5525.842,1611792899999,167791680.88920,45298,2817.271,85638862.40312,0
1611792900000,30086.99,30273.78,29843.33,30201.78,4684.025,1611793799999,140691315.94780,44155,2479.916,74529857.31820,0
1611793800000,30203.20,30355.15,30100.02,30297.97,2511.927,1611794699999,76005160.75818,25336,1323.856,40067595.44509,0
1611794700000,30297.97,30734.72,30282.56,30685.20,3523.575,1611795599999,107532466.12569,32085,2115.028,64551130.96045,0
1611795600000,30681.27,30745.00,30537.30,30629.31,2251.004,1611796499999,68915012.91757,22416,1072.660,32843242.31324,0
1611796500000,30631.69,30632.07,30375.80,30576.41,2692.713,1611797399999,82146252.90918,22902,1159.852,35392434.76998,0
1611797400000,30576.56,30878.47,30439.14,30538.78,4290.885,1611798299999,131371627.03541,33946,2389.845,73204877.75772,0
1611798300000,30536.88,30934.90,30480.33,30879.55,2473.093,1611799199999,75933847.49675,28217,1448.870,44494584.66008,0
1611799200000,30880.04,31196.71,30800.00,31042.03,4722.257,1611800099999,146517592.01472,40175,2492.604,77347512.77921,0
1611800100000,31042.03,31224.56,30930.00,30938.38,3520.640,1611800999999,109289284.25849,30028,1647.757,51170671.87573,0
1611801000000,30938.38,31176.17,30912.65,31066.00,2486.590,1611801899999,77159584.43993,23116,1408.665,43718837.00792,0
1611801900000,31066.00,31099.98,30922.36,30995.50,1560.829,1611802799999,48382289.76681,17830,760.839,23585976.08460,0
1611802800000,30992.64,31300.00,30925.88,31101.03,3545.912,1611803699999,110480769.81229,32730,1883.965,58714163.24285,0
1611803700000,31103.69,31276.67,31084.29,31089.70,2237.388,1611804599999,69795342.57248,21898,1118.914,34915173.60556,0
1611804600000,31089.71,31200.00,30975.74,31181.49,1902.481,1611805499999,59133982.42425,21662,957.945,29786361.18628,0
1611805500000,31181.48,31542.22,31181.48,31424.01,4369.407,1611806399999,137268911.51577,35639,2219.941,69720181.36638,0
1611806400000,31424.24,31600.00,31305.78,31330.01,2925.251,1611807299999,91912198.49116,29480,1432.921,45031297.92272,0
1611807300000,31330.01,31349.00,31220.00,31303.82,1783.222,1611808199999,55781219.97737,20043,852.922,26685385.83695,0
1611808200000,31305.08,31339.50,31076.24,31213.56,2303.139,1611809099999,71820464.56195,21334,919.814,28686547.48402,0
1611809100000,31213.56,31373.50,31140.40,31313.81,2322.298,1611809999999,72597022.02037,20785,1301.202,40690049.53822,0
1611810000000,31313.04,31394.12,31080.00,31219.32,2260.500,1611810899999,70568428.48080,23200,1002.987,31327618.48793,0
1611810900000,31219.33,31278.49,31096.90,31116.30,1884.885,1611811799999,58756992.34858,19463,897.604,27980625.72294,0
1611811800000,31118.22,31509.28,31085.72,31456.74,3024.916,1611812699999,94760498.13867,25297,1678.743,52604702.26296,0
1611812700000,31456.74,31856.00,31446.18,31743.86,5526.270,1611813599999,174938493.24324,42690,3283.937,103995637.26882,0
1611813600000,31743.85,31908.04,31676.51,31888.00,4142.047,1611814499999,131671881.17417,35852,2279.460,72490865.48441,0
1611814500000,31887.99,31891.38,31696.78,31696.83,1789.331,1611815399999,56862749.40741,19471,749.092,23807510.29987,0
1611815400000,31696.83,31771.95,31600.35,31673.25,2067.136,1611816299999,65496468.51353,21569,915.337,29001158.65747,0
1611816300000,31673.25,31731.39,31545.17,31595.25,1853.078,1611817199999,58620564.77345,18823,840.876,26607111.83658,0
1611817200000,31595.35,31624.53,31279.50,31307.19,3576.492,1611818099999,112419167.51284,32677,1450.282,45606602.12749,0
1611818100000,31307.19,31359.98,31209.05,31297.81,2732.932,1611818999999,85528454.31448,25866,1260.898,39467689.16656,0
1611819000000,31294.54,31318.22,31150.16,31314.81,2482.800,1611819899999,77578304.23406,22902,1204.969,37661730.57875,0
1611819900000,31316.13,31326.91,31105.00,31201.32,2202.974,1611820799999,68742645.21345,21314,978.310,30531459.32707,0
1611820800000,31201.32,31332.08,31072.81,31271.76,3248.354,1611821699999,101449823.89552,28835,1732.559,54124890.03007,0
1611821700000,31271.76,31271.76,31023.78,31053.60,2850.839,1611822599999,88684906.94121,25250,1175.406,36566274.44526,0
1611822600000,31053.60,31271.65,31051.95,31224.46,2294.802,1611823499999,71529241.18519,21233,1231.310,38380968.51182,0
1611823500000,31227.42,31300.00,31060.00,31094.78,2790.528,1611824399999,86966083.65053,24661,1343.921,41900400.00438,0
1611824400000,31091.00,31133.63,30835.74,30932.42,4247.548,1611825299999,131469116.05308,35721,1664.352,51514180.22035,0
1611825300000,30932.42,31288.00,30932.41,31261.09,3858.451,1611826199999,120215494.36843,32184,2298.946,71617322.02279,0
1611826200000,31262.03,31342.03,31177.68,31200.00,2614.207,1611827099999,81708373.64214,23653,1179.404,36878567.90152,0
1611827100000,31200.00,31516.44,31155.63,31497.89,3450.329,1611827999999,108081180.78702,29244,1810.782,56757108.31489,0
1611828000000,31498.43,31543.01,31371.79,31388.94,3318.401,1611828899999,104366408.83122,25951,1573.077,49479728.85801,0
1611828900000,31388.94,31406.00,31068.60,31094.61,3187.965,1611829799999,99429271.34900,29361,1207.478,37651852.31242,0
1611829800000,31093.08,31246.68,31055.20,31223.88,1783.501,1611830699999,55571355.50072,18797,985.211,30700221.74280,0
1611830700000,31223.88,31620.00,31186.89,31526.43,4180.294,1611831599999,131567044.25548,36925,2221.916,69900929.83729,0
1611831600000,31526.32,31639.80,31410.19,31541.67,3497.033,1611832499999,110267227.13767,29031,1497.698,47246586.41133,0
1611832500000,31545.29,31570.00,31381.14,31428.87,2173.538,1611833399999,68415320.40315,21477,915.715,28834414.81187,0
1611833400000,31428.87,31449.95,31323.04,31376.62,1499.632,1611834299999,47054583.71463,18993,706.961,22184323.16112,0
1611834300000,31376.62,31500.00,31213.00,31477.14,2256.588,1611835199999,70687577.55982,24586,1200.361,37618678.57011,0
1611835200000,31475.25,31627.66,31302.98,31571.72,3650.979,1611836099999,114993084.87501,34285,1934.316,60929264.91221,0
1611836100000,31571.71,31748.00,31487.65,31543.32,4824.777,1611836999999,152563362.76741,39756,2795.323,88401117.80689,0
1611837000000,31541.17,31584.21,31430.06,31499.06,2251.549,1611837899999,70968327.91572,20896,1179.031,37166481.21441,0
1611837900000,31497.00,31572.80,31375.00,31504.45,3002.711,1611838799999,94441883.83301,24777,1645.667,51764430.59580,0
1611838800000,31504.45,31526.30,31180.46,31235.52,3185.016,1611839699999,99764387.97244,29797,1411.996,44234750.13500,0
1611839700000,31235.52,31357.12,31190.00,31316.03,2215.073,1611840599999,69305035.35863,22042,1371.709,42924272.58741,0
1611840600000,31316.03,31690.44,31271.89,31606.92,3893.824,1611841499999,122788968.18238,36174,2234.520,70460669.68862,0
1611841500000,31606.93,31880.00,31606.92,31796.39,4536.406,1611842399999,144155114.45583,41239,2356.956,74900911.40046,0
1611842400000,31794.50,32215.37,31643.08,31973.30,8837.180,1611843299999,282734330.93823,71526,4851.016,155218047.87923,0
1611843300000,31973.31,32070.64,31759.51,31836.10,4972.508,1611844199999,158540370.90731,41829,2311.377,73713530.27230,0
1611844200000,31831.52,31894.00,31734.92,31787.64,2305.549,1611845099999,73306959.64297,24372,1163.863,37010536.84415,0
1611845100000,31785.64,31985.00,31785.63,31850.00,3058.917,1611845999999,97544625.23028,27087,1717.159,54763615.86105,0
1611846000000,31847.54,32147.72,31700.00,31780.17,5481.247,1611846899999,174913017.66164,44881,2554.910,81564027.22190,0
1611846900000,31780.18,32260.40,31775.54,32031.19,6989.849,1611847799999,224051620.75422,53765,3581.444,114798248.49556,0
1611847800000,32031.19,32121.91,31894.61,31958.50,3458.899,1611848699999,110740700.93086,30159,1753.877,56152999.55575,0
1611848700000,31958.50,32106.73,31825.00,31937.90,3489.129,1611849599999,111462317.20779,30871,1497.084,47840809.76826,0
1611849600000,31937.90,32094.49,31810.06,31823.98,3376.066,1611850499999,107847637.19353,34143,1578.383,50433335.36376,0
1611850500000,31823.98,31884.31,31660.00,31875.89,3069.889,1611851399999,97534649.98470,30592,1489.355,47330723.50243,0
1611851400000,31875.88,32200.00,31827.07,32123.76,3992.791,1611852299999,128041478.63061,36298,2105.146,67523263.73544,0
1611852300000,32123.77,32450.00,32123.76,32442.90,5311.167,1611853199999,171613148.96813,45335,2854.451,92244296.61359,0
1611853200000,32442.44,32499.00,32210.10,32314.83,4133.064,1611854099999,133723239.70465,36124,1611.293,52142584.08553,0
1611854100000,32314.83,32383.00,32178.80,32225.26,1932.205,1611854999999,62366773.99090,21776,1003.970,32408566.43576,0
1611855000000,32225.26,32440.29,32181.58,32250.00,2607.209,1611855899999,84191622.81601,23417,1478.645,47763963.46707,0
1611855900000,32250.00,32340.19,32230.00,32295.99,1526.633,1611856799999,49265434.27700,15494,856.451,27639658.97840,0
1611856800000,32295.99,32400.00,32230.00,32239.78,2385.115,1611857699999,77102402.34204,21479,1100.312,35579041.87751,0
1611857700000,32239.77,32324.14,32105.30,32196.41,2509.381,1611858599999,80780506.36679,23989,1378.066,44367792.50857,0
1611858600000,32200.88,32479.99,32192.81,32467.62,1591.833,1611859499999,51440640.73780,17213,942.272,30467510.00693,0
1611859500000,32472.92,32700.00,32357.40,32655.99,5351.356,1611860399999,174233764.87667,43923,2810.361,91515409.91554,0
1611860400000,32656.00,32685.00,32472.09,32490.66,3294.409,1611861299999,107327233.22168,27473,1234.309,40225713.77951,0
1611861300000,32490.66,32609.73,32466.97,32544.25,1339.897,1611862199999,43578478.67993,16360,848.634,27602791.21517,0
1611862200000,32544.26,32765.00,32544.25,32579.20,2580.766,1611863099999,84259261.73896,25731,1484.769,48481123.64276,0
1611863100000,32579.20,32636.11,32506.00,32564.08,1803.090,1611863999999,58696375.96979,17869,926.975,30181925.15528,0
1611864000000,32564.09,32876.76,32538.01,32860.47,3404.863,1611864899999,111482018.10049,32327,2025.606,66323297.61820,0
1611864900000,32860.20,32900.11,32652.42,32659.97,3385.179,1611865799999,111030650.68081,29391,1548.310,50787530.11711,0
1611865800000,32659.96,32659.97,32505.00,32517.82,2633.155,1611866699999,85772764.02661,24704,1283.062,41795340.43140,0
1611866700000,32517.83,32625.00,32410.00,32583.99,2184.735,1611867599999,71042677.59743,23336,1064.168,34611431.43559,0
1611867600000,32583.99,32901.54,32582.23,32877.23,2804.666,1611868499999,91801540.53643,27633,1732.323,56709652.15835,0
1611868500000,32879.51,32967.00,32784.31,32917.47,2908.365,1611869399999,95651434.78930,26559,1187.947,39082247.52669,0
1611869400000,32917.45,32920.77,32743.56,32903.15,1796.927,1611870299999,59037310.55025,19521,830.860,27299619.10855,0
1611870300000,32903.14,33312.19,32843.50,33197.11,6127.198,1611871199999,202989679.08033,52433,3737.996,123817355.40382,0
1611871200000,33197.11,33425.00,33140.45,33411.00,5133.150,1611872099999,170955604.91409,43392,2827.829,94207613.30909,0
1611872100000,33410.32,33450.00,33186.26,33288.08,2667.959,1611872999999,88875947.20232,28227,1136.988,37870502.78121,0
1611873000000,33288.08,33450.00,33266.00,33388.66,1946.761,1611873899999,64953821.49729,24300,1090.482,36390618.77571,0
1611873900000,33388.22,33491.00,33239.26,33471.13,2730.720,1611874799999,91170363.49006,25616,1653.916,55247644.82434,0
1611874800000,33471.12,33499.00,33265.14,33493.00,3287.868,1611875699999,109850108.74739,30502,1459.517,48782927.98921,0
1611875700000,33492.99,33778.95,33492.99,33580.93,6217.443,1611876599999,209165090.52754,47492,3364.510,113156159.41866,0
1611876600000,33582.82,33612.26,33301.00,33387.65,3586.534,1611877499999,120002208.14399,33106,1704.973,57057047.70448,0
1611877500000,33391.80,33474.74,33066.00,33399.75,5326.517,1611878399999,177270074.67498,41517,2706.973,90156275.51039,0
1611878400000,33399.99,33931.03,33361.48,33895.12,7308.195,1611879299999,246587717.56159,56285,4399.740,148403619.14499,0
1611879300000,33895.47,34238.91,33895.11,34216.05,6990.579,1611880199999,238082995.63799,58040,3829.439,130463635.55379,0
1611880200000,34216.03,34380.00,33836.43,33896.28,6215.172,1611881099999,211999464.72357,50728,2930.000,100008522.64627,0
1611881100000,33896.68,34198.00,33886.90,34166.57,3471.428,1611881999999,118287969.52517,31344,2018.087,68775178.94462,0
1611882000000,34166.57,34343.12,34003.72,34138.14,4825.562,1611882899999,164738069.89515,34865,2570.880,87801432.19213,0
1611882900000,34138.15,34145.59,33827.58,33953.58,3485.306,1611883799999,118339299.98817,27310,1415.731,48070046.64603,0
1611883800000,33953.22,33998.38,33700.00,33843.50,3500.378,1611884699999,118538965.74952,28223,1439.472,48760657.47620,0
1611884700000,33844.37,33974.53,33803.20,33945.73,1544.145,1611885599999,52350566.60850,17564,698.203,23673951.14367,0
1611885600000,33946.46,34029.23,33835.93,33960.07,1935.107,1611886499999,65696030.06384,21788,1073.637,36458431.44271,0
1611886500000,33959.73,34242.61,33930.00,34071.32,2872.138,1611887399999,97913199.06938,24699,1708.681,58258020.99367,0
1611887400000,34071.33,34111.42,33801.00,33869.13,2961.711,1611888299999,100395598.16784,24474,1527.921,51784907.92453,0
1611888300000,33869.13,33993.67,33850.00,33991.23,1870.396,1611889199999,63443421.56544,18291,1037.663,35201249.36492,0
1611889200000,33991.22,34125.92,33858.78,33971.88,3077.850,1611890099999,104660661.47490,23495,1483.201,50439695.30452,0
1611890100000,33971.87,34142.63,33927.44,33955.43,3373.296,1611890999999,114864809.28501,25436,1535.816,52312836.07968,0
1611891000000,33950.79,34023.70,33609.00,33672.00,3131.231,1611891899999,105805183.86598,29409,1414.832,47804768.80231,0
1611891900000,33671.99,33872.33,33521.00,33756.00,3449.338,1611892799999,116178736.83088,29273,1738.053,58573374.62214,0
1611892800000,33753.86,33950.00,33206.47,33349.37,7824.328,1611893699999,261907254.03369,53902,3193.105,106939464.23052,0
1611893700000,33349.37,33353.44,32975.51,33085.23,9237.295,1611894599999,306195947.59403,59047,3857.749,127859594.49155,0
1611894600000,33085.76,33132.41,32868.20,33043.10,6521.679,1611895499999,215111388.17967,46681,2919.909,96341710.48062,0
1611895500000,33044.70,33158.67,32964.76,33093.00,2696.680,1611896399999,89242262.48169,26468,1576.551,52182211.56800,0
1611896400000,33092.99,33220.00,32925.17,33131.88,2737.736,1611897299999,90582750.13360,26677,1333.601,44138305.66795,0
1611897300000,33131.99,33141.36,32800.00,32948.54,3140.495,1611898199999,103517767.90565,26984,1252.023,41291928.26913,0
1611898200000,32948.56,33154.16,32857.00,33111.63,2485.201,1611899099999,82122472.59782,21664,1215.510,40169156.18625,0
1611899100000,33110.62,33151.00,32937.00,33030.00,2207.103,1611899999999,72958405.42805,22092,984.699,32551853.07654,0
1611900000000,33030.00,33032.25,32675.00,32806.49,5016.135,1611900899999,164591194.56730,38469,2310.089,75799220.87892,0
1611900900000,32805.11,32958.48,32711.08,32904.74,2668.164,1611901799999,87593471.41768,24474,1236.868,40611504.99031,0
1611901800000,32906.41,32910.00,32544.00,32550.01,5509.712,1611902699999,179764888.08227,36519,2382.897,77746278.46585,0
1611902700000,32550.00,32676.32,32379.35,32545.39,4545.560,1611903599999,147894219.46717,35415,2067.341,67275950.47895,0
1611903600000,32545.13,32670.00,32389.59,32435.87,3813.443,1611904499999,124110421.00518,28392,1821.375,59294018.36199,0
1611904500000,32435.32,32505.88,32135.00,32232.36,5157.684,1611905399999,166542995.55399,42291,2415.555,78018023.23806,0
1611905400000,32229.50,32328.00,31960.00,32095.50,7528.637,1611906299999,241949562.21835,52287,3434.327,110394927.76224,0
1611906300000,32093.55,32380.00,32092.29,32306.15,3579.648,1611907199999,115494045.76776,30712,2215.702,71502504.00812,0
1611907200000,32307.25,32638.00,32288.19,32493.03,6754.482,1611908099999,219463384.72199,45984,3768.689,122466651.75941,0
1611908100000,32495.40,32496.86,32050.00,32055.76,5738.475,1611908999999,184864486.72019,40531,2425.103,78115145.03723,0
1611909000000,32055.75,33426.72,32040.54,33362.82,13948.765,1611909899999,457406829.72872,90567,8494.944,278441992.85470,0
1611909900000,33362.81,36929.00,33358.50,36397.81,53406.863,1611910799999,1867305121.00245,360893,29954.206,1047965765.06078,0
1611910800000,36388.39,37462.00,35000.00,36073.78,47275.579,1611911699999,1708755943.43568,395328,23349.737,844929673.06655,0
1611911700000,36073.77,37791.00,35770.01,37659.14,25732.735,1611912599999,945841137.64645,212028,14134.450,519874389.78160,0
1611912600000,37656.74,38356.98,36314.24,36460.57,32229.452,1611913499999,1206971028.91332,264314,15691.546,588647067.89959,0
1611913500000,36466.14,37338.00,36331.00,37044.39,15801.449,1611914399999,582628784.82620,150407,8357.246,308225187.21081,0
1611914400000,37036.77,37333.00,36300.00,36701.44,10771.795,1611915299999,396294349.93486,97387,4558.378,167743124.29409,0
1611915300000,36700.54,36782.70,35666.00,35810.82,13098.666,1611916199999,473165737.84769,103608,5318.077,192238462.25819,0
1611916200000,35803.32,36800.00,35769.60,36342.00,11879.405,1611917099999,432200596.62747,93863,6676.561,242837897.25438,0
1611917100000,36342.18,36958.06,36334.10,36681.11,6748.257,1611917999999,247851457.92176,59061,4062.266,149215966.88442,0
1611918000000,36681.12,37175.00,36677.30,36863.43,5722.082,1611918899999,211334141.20494,54176,3177.083,117379226.66982,0
1611918900000,36863.42,37135.99,36476.84,37043.06,6278.989,1611919799999,231257743.95065,54041,3214.852,118512290.34884,0
1611919800000,37043.07,37290.00,36875.76,37001.91,5894.894,1611920699999,218721559.00096,50399,3209.275,119134621.27633,0
1611920700000,37006.62,37217.12,36764.74,37066.11,3877.298,1611921599999,143387704.85126,40545,2042.754,75565361.24830,0
1611921600000,37069.44,37181.71,36515.00,36760.96,7439.055,1611922499999,273982800.55483,61039,3242.794,119499291.69132,0
1611922500000,36762.42,37214.90,36630.47,37192.31,4411.713,1611923399999,162801945.45454,38744,2388.983,88214015.12916,0
1611923400000,37192.31,37557.00,37086.15,37554.10,5920.844,1611924299999,221310568.43437,56145,3188.016,119187252.65627,0
1611924300000,37554.10,37947.58,37302.12,37902.58,6723.924,1611925199999,253266211.18273,58878,3783.987,142579467.28675,0
1611925200000,37902.59,37940.00,37150.00,37331.50,7330.472,1611926099999,274387613.66215,58376,3439.764,128706358.80407,0
1611926100000,37331.50,37576.33,37225.65,37424.16,4004.457,1611926999999,149829520.17294,37164,2151.312,80517989.69398,0
1611927000000,37424.15,37840.00,37412.27,37670.79,4124.999,1611927899999,155243366.14009,39216,1979.351,74499103.99006,0
1611927900000,37668.94,38641.10,37662.89,38303.49,11912.699,1611928799999,456318693.89198,104971,6397.923,244998902.63764,0
1611928800000,38303.50,38480.00,37760.00,38125.88,8836.513,1611929699999,336382206.77868,76012,4094.775,155903760.53965,0
1611929700000,38125.88,38177.71,37870.29,38166.98,3759.454,1611930599999,142939034.74694,34470,1969.582,74902384.36812,0
1611930600000,38166.98,38166.99,36600.00,36785.62,18193.541,1611931499999,676802809.50166,143854,7837.764,291467343.00119,0
1611931500000,36785.62,37268.67,36550.00,37108.22,10240.724,1611932399999,378404695.00979,77128,5662.653,209286330.80244,0
1611932400000,37108.24,37570.39,37106.51,37533.28,5147.799,1611933299999,192260801.23878,44539,3022.345,112908637.90171,0
1611933300000,37531.47,37577.84,36950.01,37292.32,5415.243,1611934199999,201496799.19201,47491,2293.346,85342141.64578,0
1611934200000,37291.65,37395.55,36918.14,37185.04,3930.756,1611935099999,146211792.04790,37973,1793.534,66751410.95047,0
1611935100000,37185.06,37294.11,36818.18,37176.39,4029.344,1611935999999,149361450.87510,41147,1797.843,66673548.46507,0
1611936000000,37176.39,37552.88,37172.67,37408.65,6057.243,1611936899999,226416933.28168,59168,3096.751,115778853.94656,0
1611936900000,37408.64,37600.52,37040.00,37057.50,4572.346,1611937799999,170879904.72117,42293,2248.112,84065742.92319,0
1611937800000,37061.54,37164.09,36671.79,36678.25,5379.662,1611938699999,198445844.03437,50535,2382.285,87899326.03703,0
1611938700000,36672.01,36886.59,35888.88,36100.00,12740.738,1611939599999,462022749.44968,98962,5654.048,205025596.99718,0
1611939600000,36100.00,36313.11,35630.46,36094.67,9459.220,1611940499999,340397007.75826,78779,4532.001,163162851.58289,0
1611940500000,36094.67,36487.00,36032.74,36187.41,5729.915,1611941399999,207865326.24484,48327,3067.891,111285563.41073,0
1611941400000,36187.26,36444.82,35932.14,36094.09,4427.426,1611942299999,160232363.04011,39031,1854.809,67187254.00451,0
1611942300000,36094.09,36294.65,35666.00,35824.05,6153.556,1611943199999,221017225.69867,52888,2872.266,103189751.86534,0
1611943200000,35824.07,36086.75,35304.01,35361.20,9647.860,1611944099999,344252054.21535,75843,4268.992,152420074.50887,0
1611944100000,35359.57,35513.26,35020.00,35070.84,10259.398,1611944999999,361518624.37669,78930,4861.338,171393026.63009,0
1611945000000,35069.83,35450.00,34888.88,34914.97,6066.978,1611945899999,213638853.95825,55095,2875.294,101340142.58577,0
1611945900000,34910.28,35298.05,34624.04,35259.13,9741.081,1611946799999,340640206.83049,78135,5092.680,178185660.45706,0
1611946800000,35259.26,35422.00,34968.45,35145.58,4274.471,1611947699999,150594713.34251,44253,2122.219,74794190.67190,0
1611947700000,35149.98,35155.76,34500.00,34500.00,8590.996,1611948599999,298492257.13353,74145,4073.750,141619178.80248,0
1611948600000,34500.00,34726.00,33883.00,34136.93,15336.598,1611949499999,526035727.58257,116219,6673.865,229132940.85050,0
1611949500000,34136.93,34396.64,33521.00,34356.19,13686.224,1611950399999,463913081.78657,113641,7176.739,243485119.47245,0
1611950400000,34360.00,34490.00,33882.72,34109.69,8415.120,1611951299999,287787235.00623,73910,4091.731,139981909.72529,0
1611951300000,34109.68,34726.00,34102.57,34622.34,5791.860,1611952199999,199874413.73290,51149,3129.797,108005199.17692,0
1611952200000,34622.33,34950.00,34541.10,34677.70,6288.767,1611953099999,218819613.59424,50031,3178.423,110604050.75517,0
1611953100000,34677.21,34923.63,34459.99,34607.29,4191.487,1611953999999,145288510.31264,42531,1931.895,66974552.88153,0
1611954000000,34606.53,34789.00,34194.48,34223.07,4251.479,1611954899999,146599829.63497,40928,1665.362,57485053.35931,0
1611954900000,34223.70,34824.98,34137.00,34727.20,4604.428,1611955799999,159048001.66786,45358,2261.004,78110580.84323,0
1611955800000,34729.23,34742.89,34368.44,34498.73,2979.687,1611956699999,102957273.29373,28686,1593.800,55064103.43668,0
1611956700000,34497.37,34850.00,34323.01,34676.65,2810.080,1611957599999,97278791.02954,29216,1389.131,48079916.47832,0
1611957600000,34675.82,35344.00,34607.55,35202.78,3995.225,1611958499999,140171129.27371,42603,2390.101,83856473.40240,0
1611958500000,35204.11,35391.00,34809.71,34955.02,3904.500,1611959399999,137040893.26660,39814,1721.488,60481623.81414,0
1611959400000,34955.01,34980.00,34693.00,34808.89,2170.482,1611960299999,75600012.45933,27140,1143.047,39819700.80438,0
1611960300000,34808.89,35000.00,34240.43,34512.99,4074.968,1611961199999,140757631.86922,40741,1846.048,63784499.96368,0
1611961200000,34513.00,34676.03,33800.05,34173.48,6305.023,1611962099999,215126320.57153,57845,2566.594,87576098.24330,0
1611962100000,34173.49,34292.38,33894.33,34107.81,3802.306,1611962999999,129557113.57728,33628,1771.830,60380913.78167,0
1611963000000,34107.86,34250.00,33706.17,34054.23,4172.808,1611963899999,141905890.47552,40213,2049.154,69692509.37238,0
1611963900000,34054.23,34404.00,34054.23,34269.35,2435.798,1611964799999,83463384.85706,27123,1339.063,45881120.71209,0
1611964800000,34267.04,34870.11,34221.56,34742.63,5066.616,1611965699999,175296724.03497,56206,2812.872,97325014.06027,0
1611965700000,34742.35,34888.88,34625.00,34723.00,2519.569,1611966599999,87554735.40727,29823,1215.501,42254524.64011,0
1611966600000,34720.13,34827.24,34327.16,34479.51,3171.195,1611967499999,109392445.65315,33035,1320.326,45542005.53709,0
1611967500000,34480.72,34686.89,34275.17,34275.17,2581.969,1611968399999,89103946.22668,28718,1209.427,41750949.67860,0
1611968400000,34275.29,34799.00,34233.03,34766.08,2191.922,1611969299999,75802422.90872,27519,1169.791,40457557.31134,0
1611969300000,34766.09,34988.88,34713.49,34799.50,2307.436,1611970199999,80387863.52193,26230,1170.330,40788914.78854,0
1611970200000,34801.71,34801.99,34188.97,34310.06,3744.105,1611971099999,129060571.89188,35889,1638.526,56460049.74077,0
1611971100000,34312.47,34350.90,33967.58,34147.57,3592.225,1611971999999,122515105.28907,34972,1743.589,59475049.37114,0
1611972000000,34147.57,34294.08,34025.45,34029.99,1593.394,1611972899999,54457859.86398,21960,822.730,28130700.06111,0
1611972900000,34032.29,34422.37,33700.35,34392.14,5575.481,1611973799999,189615045.82175,51359,2727.508,92837670.60090,0
1611973800000,34392.14,34477.89,34200.00,34229.87,2327.830,1611974699999,79973262.47751,24666,947.368,32560295.42157,0
1611974700000,34230.89,34256.77,33850.11,33897.85,3482.113,1611975599999,118464584.92086,33744,1680.403,57187030.45176,0
1611975600000,33895.85,34037.95,33618.00,33637.78,3254.381,1611976499999,110174074.01729,34089,1451.363,49176177.05010,0
1611976500000,33634.88,33873.45,33211.00,33425.26,6833.133,1611977399999,229067889.84148,58166,2877.807,96507937.69000,0
1611977400000,33425.27,33488.90,32924.32,33275.54,6539.645,1611978299999,216682074.28724,58539,2907.237,96352512.52665,0
1611978300000,33275.53,33365.52,32849.06,33299.99,4875.737,1611979199999,161447378.93909,46602,2262.941,74991961.72183,0
1611979200000,33300.00,33520.39,33154.93,33402.96,4100.033,1611980099999,136771504.14547,41042,2247.603,74987850.41195,0
1611980100000,33398.16,33618.91,33200.00,33493.62,3206.531,1611980999999,107139129.33186,32309,1759.826,58815499.53676,0
1611981000000,33493.62,33634.80,33281.35,33634.58,2176.012,1611981899999,72838939.77248,24905,1166.841,39089150.69480,0
1611981900000,33630.54,33689.99,33411.86,33531.75,2760.739,1611982799999,92626387.70137,26493,1365.230,45810445.36463,0
1611982800000,33532.65,33584.75,33205.00,33531.97,2864.204,1611983699999,95578199.36974,29311,1651.304,55113743.13579,0
1611983700000,33531.97,33615.00,33415.71,33560.23,1805.569,1611984599999,60568718.42170,21428,833.889,27977283.13551,0
1611984600000,33560.23,34050.55,33372.93,33794.41,6645.157,1611985499999,224263235.08705,53136,3595.972,121328547.78332,0
1611985500000,33794.45,33920.00,33489.00,33534.15,2755.884,1611986399999,92858782.47065,26597,1318.814,44452849.09023,0
1611986400000,33533.80,33628.00,33164.53,33245.07,4208.960,1611987299999,140236792.15371,37332,1952.185,65047354.39614,0
1611987300000,33245.79,33524.46,33221.19,33463.62,2496.533,1611988199999,83304143.22828,27226,1292.201,43133025.01748,0
1611988200000,33464.73,33592.30,33311.40,33323.57,2413.513,1611989099999,80714640.48552,24452,1062.646,35549614.78692,0
1611989100000,33323.57,33886.98,33282.23,33841.80,4264.878,1611989999999,143630535.34561,35859,2653.343,89382045.53336,0
1611990000000,33837.98,33868.00,33701.00,33710.01,1903.417,1611990899999,64285697.91265,22329,823.215,27808811.77099,0
1611990900000,33710.00,33950.00,33679.32,33833.14,2725.721,1611991799999,92167793.14894,26168,1644.459,55610917.58135,0
1611991800000,33833.15,33860.11,33423.00,33545.06,3352.414,1611992699999,112545456.27223,30706,1573.631,52824799.26819,0
1611992700000,33545.05,34254.88,33485.77,34073.81,6460.337,1611993599999,219177842.49076,55247,3603.528,122292653.79617,0
1611993600000,34076.55,34388.88,34046.31,34288.19,5623.543,1611994499999,192612732.68081,45773,2643.281,90503233.07513,0
1611994500000,34283.39,34350.00,34116.06,34245.43,3832.686,1611995399999,131215061.30816,32767,2007.823,68746552.30757,0
1611995400000,34247.60,34260.00,34025.00,34052.61,2258.540,1611996299999,77096122.72195,24269,1142.915,39017525.98864,0
1611996300000,34047.95,34134.75,33803.80,33919.05,3065.087,1611997199999,103985367.82068,30166,1742.962,59145876.23583,0
1611997200000,33919.04,34480.00,33845.00,34332.69,5232.301,1611998099999,178822975.55191,47332,3083.718,105354595.73178,0
1611998100000,34332.68,34336.00,34066.52,34124.00,1842.387,1611998999999,63012959.07095,24010,857.253,29321237.93575,0
1611999000000,34124.00,34314.39,34030.06,34220.00,1609.667,1611999899999,55014717.62808,22331,880.496,30093962.82745,0
1611999900000,34220.00,34390.00,34169.35,34284.01,1932.548,1612000799999,66253462.87700,21803,1080.067,37032868.90638,0
1612000800000,34284.01,34398.67,33905.10,34001.09,3994.023,1612001699999,136165258.67685,35291,1821.665,62111809.08771,0
1612001700000,34001.09,34142.85,33897.61,34053.42,2008.410,1612002599999,68287553.75716,22973,1033.070,35126669.41608,0
1612002600000,34052.51,34325.41,34035.78,34292.97,2666.933,1612003499999,91256839.44506,27104,1472.579,50383291.32258,0
1612003500000,34292.97,34447.48,34170.21,34327.52,3491.590,1612004399999,119836103.11674,32610,1476.792,50699579.64922,0
1612004400000,34327.53,34354.92,34100.00,34120.59,2079.462,1612005299999,71121084.62330,21468,997.905,34130513.79104,0
1612005300000,34120.58,34322.50,33955.78,34197.89,3130.418,1612006199999,106866310.88312,30703,1654.519,56459290.24977,0
1612006200000,34197.89,34214.01,33650.00,33822.99,4623.557,1612007099999,156606561.15145,44813,1975.222,66892137.17130,0
1612007100000,33823.89,33915.85,33540.00,33707.77,3604.782,1612007999999,121522347.23395,35770,1525.808,51444670.32513,0
1612008000000,33707.77,33857.17,33505.00,33805.19,3457.379,1612008899999,116520318.19637,32326,1854.851,62528884.00037,0
1612008900000,33805.19,33816.00,33525.00,33547.71,2061.943,1612009799999,69357150.13194,24026,824.707,27740299.63234,0
1612009800000,33545.46,33809.00,33519.17,33700.97,2177.970,1612010699999,73350715.29496,22905,1121.534,37779215.39170,0
1612010700000,33700.97,33877.00,33661.86,33786.50,1589.039,1612011599999,53666436.07105,20035,909.129,30705968.11927,0
1612011600000,33786.51,33900.00,33700.00,33786.69,1912.618,1612012499999,64671940.77094,22288,957.191,32367016.72917,0
1612012500000,33786.69,34022.60,33778.01,33936.67,2047.824,1612013399999,69416657.81207,23519,1045.666,35444273.41192,0
1612013400000,33942.57,34054.27,33814.73,33852.47,1840.530,1612014299999,62452149.93786,21819,815.022,27659444.32093,0
1612014300000,33850.54,34409.00,33848.28,34276.22,5270.527,1612015199999,180259384.95028,46645,3037.400,103861880.85426,0
1612015200000,34275.75,34464.28,34144.09,34225.83,3037.867,1612016099999,104136753.34931,31954,1378.407,47265327.44839,0
1612016100000,34225.83,34263.00,34116.34,34177.00,2332.298,1612016999999,79715291.63796,24078,1055.460,36083077.98856,0
1612017000000,34177.00,34300.00,34027.30,34130.94,2149.944,1612017899999,73407603.70840,25582,1106.708,37797496.94649,0
1612017900000,34130.93,34279.99,34130.93,34269.87,1391.720,1612018799999,47597077.36820,19083,703.653,24068718.42061,0
1612018800000,34269.88,34333.00,34094.45,34103.56,2137.617,1612019699999,73045967.22356,20961,1082.570,37002630.54100,0
1612019700000,34103.56,34325.12,34094.45,34268.86,1632.809,1612020599999,55860741.81449,20762,866.334,29637197.89312,0
1612020600000,34268.87,34400.00,34207.00,34365.96,2049.648,1612021499999,70357313.84760,23884,1134.299,38940854.66101,0
1612021500000,34365.95,34572.00,34204.26,34240.00,4384.687,1612022399999,150867115.35861,38160,2338.399,80475819.21377,0
1612022400000,34242.34,34302.32,33710.00,33799.62,6075.694,1612023299999,206383850.12912,56842,2803.866,95227456.93467,0
1612023300000,33795.14,33931.37,33550.32,33592.56,3724.118,1612024199999,125754861.93209,37306,1748.500,59079882.54707,0
1612024200000,33592.56,33916.84,33587.12,33859.53,3077.015,1612025099999,103873873.94744,31885,1569.253,52980029.46753,0
1612025100000,33856.80,34072.47,33830.00,33986.08,2356.224,1612025999999,79983204.55747,27494,1286.336,43675203.51102,0
1612026000000,33986.08,34240.00,33971.98,34131.15,2201.299,1612026899999,75068148.97004,28326,1075.850,36687833.89247,0
1612026900000,34131.15,34330.00,34040.25,34225.93,2597.943,1612027799999,88822420.43651,28710,1167.751,39938140.12830,0
1612027800000,34225.94,34272.95,34100.00,34149.23,1720.248,1612028699999,58771207.24773,19103,663.745,22680297.24363,0
1612028700000,34149.24,34325.36,34120.88,34297.49,1716.769,1612029599999,58801459.09850,20406,873.391,29913954.29664,0
1612029600000,34295.99,34386.00,34143.73,34241.85,1736.630,1612030499999,59479054.67436,22705,883.373,30257532.60960,0
1612030500000,34241.85,34398.75,34241.85,34301.14,1498.985,1612031399999,51447198.17536,18914,831.742,28547381.16151,0
1612031400000,34301.15,34327.99,34160.05,34211.99,1645.749,1612032299999,56384436.73253,19963,829.273,28415674.90043,0
1612032300000,34214.43,34391.98,34193.00,34381.32,1486.428,1612033199999,51003185.03020,17669,754.248,25885011.28283,0
1612033200000,34381.33,34458.48,34330.82,34399.70,2175.031,1612034099999,74835174.35744,22022,1063.178,36588016.89275,0
1612034100000,34397.22,34397.53,34058.14,34168.02,2312.288,1612034999999,79037943.24996,25803,1051.268,35927840.76247,0
1612035000000,34168.02,34324.93,34135.50,34278.90,1078.621,1612035899999,36911846.65481,16861,619.966,21216728.78466,0
1612035900000,34279.99,34389.53,34278.73,34337.98,910.223,1612036799999,31258352.13418,15197,436.300,14983439.25430,0
1612036800000,34337.98,34415.99,34303.43,34394.64,1127.032,1612037699999,38737167.63817,17356,555.023,19078459.53618,0
1612037700000,34395.97,34500.00,34200.00,34438.31,2581.231,1612038599999,88742479.87520,27499,1376.624,47347764.08171,0
1612038600000,34438.31,34461.99,34275.36,34293.83,1362.069,1612039499999,46812650.12697,16681,722.390,24832218.84839,0
1612039500000,34290.51,34371.00,34100.00,34190.00,1680.590,1612040399999,57549223.93411,19394,679.907,23283978.16927,0
1612040400000,34190.00,34239.98,34152.01,34177.63,1034.907,1612041299999,35384791.91569,14213,605.602,20707941.64030,0
1612041300000,34180.37,34273.53,34000.00,34254.73,1605.815,1612042199999,54840482.79990,18254,868.658,29677744.09684,0
1612042200000,34254.74,34418.65,34194.97,34390.61,1343.632,1612043099999,46100095.95538,17403,802.596,27535819.52220,0
1612043100000,34390.61,34744.29,34362.05,34723.78,2870.973,1612043999999,99164889.17440,27526,1714.922,59232955.15011,0
1612044000000,34720.99,34829.25,34557.07,34733.44,3118.241,1612044899999,108257846.95083,32853,1718.216,59675672.84688,0
1612044900000,34733.43,34755.00,34576.24,34615.50,1081.275,1612045799999,37490968.60859,15175,382.443,13260981.85022,0
1612045800000,34615.66,34700.00,34575.00,34668.80,897.775,1612046699999,31105273.39666,12947,389.173,13484289.91247,0
1612046700000,34668.67,34675.00,34545.00,34565.39,891.219,1612047599999,30854000.90434,13018,437.300,15141271.17516,0
1612047600000,34565.40,34603.88,34360.00,34423.16,1980.361,1612048499999,68284714.01758,21668,842.846,29068661.58229,0
1612048500000,34423.73,34423.73,34251.09,34340.66,1607.939,1612049399999,55217336.22631,20833,876.758,30114522.83913,0
1612049400000,34340.66,34393.61,34183.94,34363.93,2180.427,1612050299999,74803569.98169,20096,1057.196,36277579.56902,0
1612050300000,34362.18,34385.62,34209.26,34289.85,1918.114,1612051199999,65790315.93939,17405,809.878,27786435.04476,0
1612051200000,34284.76,34393.22,34050.00,34251.52,2829.672,1612052099999,96834028.32759,27764,1574.692,53898587.23927,0
1612052100000,34251.52,34314.58,34115.65,34144.38,930.556,1612052999999,31827081.24970,14868,432.823,14804435.89367,0
1612053000000,34144.38,34197.44,33907.27,33984.26,2436.984,1612053899999,82915936.69549,24629,928.334,31599594.46160,0
1612053900000,33984.26,34163.85,33976.78,34097.10,1446.587,1612054799999,49288677.69072,17085,800.283,27268691.66665,0
1612054800000,34097.10,34170.00,33992.63,34064.54,1467.815,1612055699999,50041559.87694,17463,773.445,26372159.75049,0
1612055700000,34064.53,34258.00,34027.21,34116.47,1677.278,1612056599999,57274188.70365,17551,821.186,28043568.32743,0
1612056600000,34116.47,34200.00,34091.04,34145.01,915.758,1612057499999,31273641.87095,11743,536.913,18335513.07471,0
1612057500000,34144.29,34283.69,33961.63,34225.57,2334.182,1612058399999,79680265.69088,21250,1200.069,40954373.53256,0
1612058400000,34227.74,34274.89,34104.66,34128.73,1387.543,1612059299999,47446664.62050,14353,593.836,20305834.94380,0
1612059300000,34128.73,34149.58,33793.75,33905.94,3168.675,1612060199999,107479226.34317,28198,1462.719,49613821.49701,0
1612060200000,33905.93,33944.78,33700.00,33774.49,2933.453,1612061099999,99127809.64763,25634,1148.724,38824367.69958,0
1612061100000,33774.49,33866.04,33759.33,33789.89,1147.093,1612061999999,38792970.35539,13110,628.297,21250322.60797,0
1612062000000,33787.81,33977.93,33700.00,33977.93,1625.090,1612062899999,55016728.42840,18658,825.194,27948538.53291,0
1612062900000,33977.92,34068.00,33910.48,34013.50,1326.069,1612063799999,45048452.95796,17560,634.300,21548294.97928,0
1612063800000,34013.66,34072.00,33965.00,34057.97,916.047,1612064699999,31173614.21089,13687,441.992,15042750.46554,0
1612064700000,34057.98,34057.98,33886.58,33962.92,1204.700,1612065599999,40938412.75864,13565,380.279,12924721.97941,0
1612065600000,33966.00,34160.26,33827.35,34069.12,2302.307,1612066499999,78318254.55124,22025,1131.100,38485745.47361,0
1612066500000,34069.13,34128.50,33952.84,33952.84,1023.158,1612067399999,34826004.06920,14271,492.270,16756255.21660,0
1612067400000,33952.85,34020.00,33852.91,33911.94,1204.750,1612068299999,40885393.62981,15722,564.552,19160607.73957,0
1612068300000,33913.98,34105.88,33904.00,34055.94,919.737,1612069199999,31282805.63038,13291,493.031,16769007.17096,0
1612069200000,34060.11,34090.03,33912.56,33992.47,1451.118,1612070099999,49335442.33801,16441,772.606,26266566.00663,0
1612070100000,33992.48,33992.48,33799.55,33843.81,1735.863,1612070999999,58794828.96397,17014,1013.247,34322756.42679,0
1612071000000,33843.81,33896.65,33713.00,33734.86,1720.004,1612071899999,58093699.14176,17447,926.139,31281801.91975,0
1612071900000,33732.39,33850.00,33727.77,33788.49,1193.186,1612072799999,40325240.30855,14588,735.886,24872026.50681,0
1612072800000,33788.48,33897.66,33630.00,33885.02,2596.330,1612073699999,87575233.89324,24936,1246.874,42075048.93449,0
1612073700000,33885.02,33890.04,33696.42,33848.58,1531.754,1612074599999,51783963.54631,19177,702.424,23745428.99942,0
1612074600000,33848.59,33890.00,33738.12,33790.09,1207.433,1612075499999,40818417.72177,14667,586.210,19823015.33603,0
1612075500000,33792.48,33811.68,33600.00,33683.70,2313.175,1612076399999,77943874.27918,21080,1112.406,37494322.71986,0
1612076400000,33683.71,33830.92,33600.00,33824.78,1637.093,1612077299999,55209485.83518,18114,865.312,29181504.93771,0
1612077300000,33824.78,33888.00,33770.04,33826.85,1175.299,1612078199999,39776217.48354,14435,455.015,15399494.96057,0
1612078200000,33826.85,33826.85,33688.00,33745.02,1026.033,1612079099999,34625831.63623,13935,526.441,17764840.01486,0
1612079100000,33744.95,33754.26,33452.24,33632.41,3619.779,1612079999999,121597254.85353,29948,1901.217,63876491.61200,0
1612080000000,33631.01,33803.62,33302.00,33800.19,5260.130,1612080899999,176536192.63247,43438,2335.272,78432154.93175,0
1612080900000,33800.63,33880.00,33755.68,33791.48,1966.910,1612081799999,66512220.75264,19714,812.053,27463524.77230,0
1612081800000,33791.48,33818.00,33590.00,33665.25,2003.824,1612082699999,67572821.25126,19774,885.986,29871262.87489,0
1612082700000,33665.24,33665.24,33525.29,33627.00,2509.422,1612083599999,84258824.60721,21660,1299.676,43640257.82322,0
1612083600000,33630.69,33798.26,33564.39,33706.92,1675.631,1612084499999,56501322.25207,20346,864.922,29161179.48567,0
1612084500000,33706.92,33708.32,33478.00,33550.00,2329.956,1612085399999,78174396.98295,24485,1212.862,40691749.50444,0
1612085400000,33550.00,33628.41,33451.90,33508.99,1589.533,1612086299999,53291834.93378,19000,861.587,28887505.61238,0
1612086300000,33509.00,33565.00,33302.38,33332.84,1881.204,1612087199999,62896809.41215,22908,700.912,23441901.91070,0
1612087200000,33332.84,33626.32,33239.24,33610.00,3106.535,1612088099999,103874427.51939,31296,1758.262,58806110.73720,0
1612088100000,33613.50,33650.00,33503.82,33644.34,1949.145,1612088999999,65438695.72935,18175,987.949,33177123.96436,0
1612089000000,33644.44,33743.41,33607.96,33656.28,1736.987,1612089899999,58473673.19641,20839,913.013,30740361.38774,0
1612089900000,33656.28,33784.78,33628.41,33687.93,1586.773,1612090799999,53473916.15279,17498,818.342,27585217.01042,0
1612090800000,33687.93,33830.00,33560.12,33661.82,2662.951,1612091699999,89717175.07458,27161,1063.344,35840675.15038,0
1612091700000,33661.81,33774.44,33603.54,33690.60,820.937,1612092599999,27669620.59630,14054,440.831,14858485.16478,0
1612092600000,33690.59,33740.00,33552.23,33620.68,1041.644,1612093499999,35034150.17486,15952,465.867,15669752.17020,0
1612093500000,33620.68,33657.14,33512.40,33603.93,1110.893,1612094399999,37325853.71221,16044,553.426,18597956.32114,0
1612094400000,33603.93,33604.57,33445.00,33450.84,1652.397,1612095299999,55340319.35989,20928,815.076,27297995.89816,0
1612095300000,33450.84,33993.41,33400.00,33987.38,3575.616,1612096199999,120494629.65335,35411,2245.185,75662744.90698,0
1612096200000,33987.38,34268.00,33983.05,34179.47,6836.114,1612097099999,233301784.16641,55749,3353.899,114480010.61684,0
1612097100000,34179.62,34192.31,33931.03,34015.00,3205.585,1612097999999,109108858.01232,28094,1344.587,45764613.62060,0
1612098000000,34013.67,34093.99,33835.00,33875.03,2031.038,1612098899999,68978452.33999,21983,889.558,30219086.86542,0
1612098900000,33874.96,33897.22,33770.00,33845.93,1532.980,1612099799999,51881382.84816,19659,838.793,28391376.44574,0
1612099800000,33845.94,33885.71,33679.87,33716.60,1852.634,1612100699999,62549107.88489,20517,799.257,26996069.33130,0
1612100700000,33713.62,33790.53,33640.00,33725.83,1591.874,1612101599999,53644250.39697,19091,947.062,31922489.55831,0
1612101600000,33725.84,33755.00,33551.07,33627.39,2025.611,1612102499999,68223769.02742,21011,1008.961,33988870.84180,0
1612102500000,33627.97,33688.00,33506.87,33594.81,1812.515,1612103399999,60892603.77115,20163,939.743,31575662.03659,0
1612103400000,33594.81,33658.00,33343.40,33432.78,2680.593,1612104299999,89799311.54091,27241,1127.303,37784478.30944,0
1612104300000,33432.77,33717.27,33334.91,33365.00,4002.762,1612105199999,134060379.02431,37413,1999.927,67015270.55216,0
1612105200000,33363.53,33495.70,33113.00,33221.69,2885.410,1612106099999,96190705.50288,30306,1186.739,39597599.04212,0
1612106100000,33221.70,33229.23,33046.00,33082.57,4115.197,1612106999999,136366108.26589,39936,1987.720,65884144.14835,0
1612107000000,33082.56,33082.57,32550.00,32800.00,10322.929,1612107899999,338538783.00008,85206,4610.383,151208310.36081,0
1612107900000,32801.20,33059.44,32673.39,32875.93,4590.715,1612108799999,150828518.67211,45307,2485.945,81701915.06542,0
1612108800000,32878.84,33078.00,32630.00,32984.43,5483.187,1612109699999,180306245.27788,52784,2723.767,89589983.22193,0
1612109700000,32981.34,33063.69,32854.98,32954.53,2211.304,1612110599999,72866572.00113,26256,1165.980,38426567.95928,0
1612110600000,32951.94,33111.40,32828.76,32985.88,2444.359,1612111499999,80590374.56410,26088,1308.459,43148250.70551,0
1612111500000,32985.88,33048.64,32913.73,32920.79,1308.205,1612112399999,43151113.76346,17836,680.597,22453410.06705,0
1612112400000,32919.11,33112.88,32750.00,32915.69,2989.736,1612113299999,98343911.59885,31602,1339.961,44094671.47937,0
1612113300000,32915.70,32986.20,32725.00,32961.67,2886.315,1612114199999,94869138.15736,28241,1258.603,41382806.76663,0
1612114200000,32963.44,33048.00,32758.46,32832.36,2583.569,1612115099999,85003483.25082,26630,1207.981,39750724.20241,0
1612115100000,32830.57,32830.57,32211.26,32329.62,7792.359,1612115999999,252929318.94389,68752,3351.045,108722248.93477,0
1612116000000,32333.17,32499.00,32193.04,32495.12,3823.221,1612116899999,123715975.85587,41263,2029.661,65689443.75027,0
1612116900000,32495.02,32594.06,32403.87,32569.58,2256.347,1612117799999,73338763.32342,25528,1195.341,38857682.09713,0
1612117800000,32569.57,32739.43,32528.99,32699.99,2236.752,1612118699999,72964775.97712,22889,1309.822,42733978.96185,0
1612118700000,32700.00,32869.41,32464.45,32480.33,2970.313,1612119599999,96995219.17896,31865,1279.077,41802952.91548,0
1612119600000,32483.45,32850.00,32432.83,32806.07,2253.505,1612120499999,73699440.29307,27642,1116.083,36504819.10716,0
1612120500000,32806.07,32841.12,32651.00,32664.99,1107.658,1612121399999,36272701.75760,16636,496.103,16248472.25205,0
1612121400000,32665.00,32790.00,32662.64,32774.93,1125.343,1612122299999,36830421.60199,15963,646.962,21175208.59028,0
1612122300000,32774.82,32950.00,32753.00,32817.33,1809.196,1612123199999,59429037.43679,20470,1063.522,34939713.51942,0
1612123200000,32817.24,32820.53,32511.25,32617.94,2213.877,1612124099999,72245025.80474,24066,1067.095,34812239.65488,0
1612124100000,32615.52,32897.81,32550.00,32825.96,1677.904,1612124999999,54893920.59025,19803,903.355,29537736.65036,0
1612125000000,32823.49,32949.00,32812.37,32908.50,1526.708,1612125899999,50204878.30517,18077,709.419,23330065.50400,0
1612125900000,32910.02,32932.00,32835.17,32867.56,896.602,1612126799999,29484560.52828,14385,402.620,13242239.78410,0
1612126800000,32871.61,32917.52,32782.31,32823.66,942.120,1612127699999,30937211.89680,14776,428.063,14058974.70135,0
1612127700000,32823.58,32837.41,32671.70,32770.65,1019.164,1612128599999,33382940.89321,16209,518.658,16990053.12764,0
1612128600000,32770.66,32794.32,32575.67,32637.42,1085.309,1612129499999,35494367.57033,14738,489.100,15999563.07601,0
1612129500000,32635.29,32750.00,32536.34,32585.01,1479.561,1612130399999,48313416.13213,19820,726.628,23733344.52301,0
1612130400000,32585.01,32757.51,32581.52,32727.12,756.155,1612131299999,24725703.08435,13815,454.907,14874911.17335,0
1612131300000,32727.12,32935.00,32685.92,32919.55,1075.228,1612132199999,35286366.17854,15280,672.540,22072437.15666,0
1612132200000,32924.77,33119.64,32893.02,33083.23,2139.506,1612133099999,70625160.43209,23479,1176.736,38848188.02416,0
1612133100000,33083.22,33095.61,32912.52,32997.78,1415.497,1612133999999,46718593.33392,16182,487.059,16075012.13665,0
1612134000000,32997.75,33200.00,32955.46,33066.89,2144.273,1612134899999,71004704.01128,21775,1155.426,38269329.96641,0
1612134900000,33066.88,33254.94,33050.00,33149.95,1884.594,1612135799999,62485873.97679,19130,1042.183,34553816.69381,0
1612135800000,33149.95,33189.98,33074.00,33138.42,1269.133,1612136699999,42058648.24078,14580,607.655,20139013.84819,0
1612136700000,33138.42,33280.73,33090.79,33126.21,2135.925,1612137599999,70856948.80341,22131,1042.052,34571243.98152,0
