1612137600000,33125.11,33140.03,32520.90,32634.25,4382.310,1612138499999,143628522.09138,43855,1910.230,62564243.47988,0
1612138500000,32633.18,32680.86,32322.47,32443.49,4248.055,1612139399999,137845744.52182,41118,2148.774,69735397.85478,0
1612139400000,32441.39,32652.03,32360.00,32587.29,3355.382,1612140299999,109113808.14298,29038,2065.930,67194052.38813,0
1612140300000,32585.94,32605.09,32463.17,32570.42,1441.988,1612141199999,46922850.25266,16734,769.481,25042991.09878,0
1612141200000,32570.42,32678.81,32492.10,32668.11,1448.798,1612142099999,47227753.62911,15877,916.114,29865547.76572,0
1612142100000,32668.12,33020.73,32571.00,32942.96,3167.596,1612142999999,104030257.97804,30005,1869.104,61369354.34319,0
1612143000000,32942.96,33500.00,32847.30,33497.98,4888.903,1612143899999,162370158.72967,45010,2690.400,89403544.29905,0
1612143900000,33498.07,33558.34,33351.00,33455.17,4297.818,1612144799999,143782731.69985,34251,2199.618,73596988.34783,0
1612144800000,33455.16,33507.38,33259.00,33456.17,2653.009,1612145699999,88582096.18050,26854,1080.902,36102196.84951,0
1612145700000,33453.24,33889.93,33450.00,33580.00,6152.636,1612146599999,207434615.13004,49997,3318.000,111866431.30446,0
1612146600000,33580.00,33736.31,33514.93,33537.13,2841.261,1612147499999,95508331.60749,26585,1477.548,49669269.21159,0
1612147500000,33540.00,33755.46,33540.00,33675.41,1259.198,1612148399999,42379069.25511,17766,651.056,21913680.23918,0
1612148400000,33674.91,33769.24,33571.06,33630.00,1616.708,1612149299999,54380075.89701,18679,809.207,27221713.16457,0
1612149300000,33629.99,33728.05,33500.60,33569.18,1850.080,1612150199999,62168894.22259,19476,843.361,28348011.32295,0
1612150200000,33567.94,33802.93,33555.78,33670.00,2274.532,1612151099999,76667953.09732,20002,1264.431,42635484.36353,0
1612151100000,33671.50,33750.00,33559.48,33600.37,1393.523,1612151999999,46873756.98180,16704,670.081,22536536.56216,0
1612152000000,33600.37,33827.44,33457.07,33722.30,2725.941,1612152899999,91744392.04692,27750,1462.001,49224280.96767,0
1612152900000,33722.30,33993.70,33669.61,33766.64,3157.104,1612153799999,106834717.48819,28268,1822.360,61682929.78905,0
1612153800000,33768.06,33800.00,33600.09,33637.85,1765.490,1612154699999,59425721.37263,18230,911.274,30672952.46835,0
1612154700000,33637.85,33672.05,33559.00,33591.64,1206.232,1612155599999,40539384.72749,15514,673.300,22630370.44826,0
1612155600000,33591.64,33731.72,33533.00,33618.93,1575.625,1612156499999,52967779.38196,18589,850.641,28600893.30306,0
1612156500000,33618.94,33634.63,33468.00,33596.54,1731.991,1612157399999,58093453.63274,19092,898.195,30132779.66882,0
1612157400000,33596.90,33725.00,33586.53,33683.92,1623.478,1612158299999,54669089.51915,17076,850.455,28642186.34546,0
1612158300000,33683.92,33911.68,33683.92,33787.93,2133.891,1612159199999,72149591.14147,24513,1118.440,37815922.71256,0
1612159200000,33787.94,33950.00,33721.24,33861.35,2159.591,1612160099999,73104033.89560,23246,1253.615,42442729.36661,0
1612160100000,33861.04,33949.35,33836.00,33916.52,1145.866,1612160999999,38830432.49075,16013,657.223,22274175.70254,0
1612161000000,33916.96,34484.10,33637.18,33855.87,10178.676,1612161899999,346527170.55201,84900,5024.908,171150541.28691,0
1612161900000,33855.87,33878.15,33308.01,33541.34,8706.665,1612162799999,292064551.73679,70142,3956.266,132710207.45643,0
1612162800000,33541.33,33666.00,33430.00,33618.91,2791.543,1612163699999,93677583.35796,29037,1413.741,47446963.53604,0
1612163700000,33618.91,33740.84,33505.92,33639.47,2405.304,1612164599999,80858301.83867,24925,1176.581,39563758.75198,0
1612164600000,33637.50,33800.01,33630.59,33777.64,2374.074,1612165499999,80111750.86874,23213,1274.677,43016131.80280,0
1612165500000,33779.00,33900.00,33620.04,33827.00,2509.125,1612166399999,84801737.23320,25702,1376.583,46534329.22045,0
1612166400000,33828.41,33920.00,33724.90,33795.09,2321.601,1612167299999,78561280.73691,24129,991.966,33577985.35613,0
1612167300000,33795.09,33873.35,33650.00,33746.90,1715.969,1612168199999,57958325.83536,20070,794.789,26854347.10317,0
1612168200000,33746.12,33920.00,33644.05,33912.34,2232.470,1612169099999,75426906.22147,21493,1141.893,38589057.68653,0
1612169100000,33912.34,34537.00,33892.69,34511.89,6593.342,1612169999999,225762330.81209,57123,3869.417,132512075.14302,0
1612170000000,34509.98,34720.00,34470.00,34621.76,7289.548,1612170899999,252404042.07091,62645,3959.999,137148493.93757,0
1612170900000,34620.82,34720.00,34425.00,34425.00,3745.348,1612171799999,129457949.55588,33221,1597.056,55231654.85829,0
1612171800000,34425.00,34552.15,34352.83,34393.93,2517.233,1612172699999,86710535.07484,26483,1164.164,40102443.88643,0
1612172700000,34393.93,34469.08,34314.67,34392.51,1896.569,1612173599999,65229603.88658,20404,1046.891,36009641.08800,0
1612173600000,34392.51,34439.33,34127.07,34282.47,2901.231,1612174499999,99442267.34803,28726,1174.699,40275390.74699,0
1612174500000,34286.88,34596.97,34233.00,34464.22,2648.209,1612175399999,91164055.65810,27325,1736.577,59781511.58168,0
1612175400000,34464.67,34511.58,34150.00,34158.11,3068.024,1612176299999,105218803.21758,27393,1308.114,44859833.14782,0
1612176300000,34151.75,34226.88,34036.31,34213.60,2494.652,1612177199999,85166422.69771,26541,1364.907,46616927.46661,0
1612177200000,34213.61,34332.22,34088.05,34149.69,1736.748,1612178099999,59410291.33713,23380,870.770,29793498.46393,0
1612178100000,34149.69,34223.81,34000.00,34171.40,2375.122,1612178999999,81010000.46209,23916,1197.392,40843982.61460,0
1612179000000,34171.39,34289.88,34052.63,34288.72,2326.750,1612179899999,79520986.72794,23003,1018.687,34824116.68632,0
1612179900000,34288.72,34443.28,34187.58,34219.91,3827.421,1612180799999,131359683.93727,34939,2123.984,72910120.23424,0
1612180800000,34219.94,34493.94,34204.80,34335.85,2879.776,1612181699999,98829160.44158,29050,1717.522,58949879.75188,0
1612181700000,34335.85,34351.48,34050.01,34071.23,2073.361,1612182599999,70906453.28945,23272,963.249,32942672.48948,0
1612182600000,34078.46,34159.78,33857.74,33964.68,3126.471,1612183499999,106368351.43741,29049,1397.299,47575307.77424,0
1612183500000,33964.68,33964.68,33608.00,33816.00,5695.008,1612184399999,192454312.64569,42077,2352.673,79537489.16406,0
1612184400000,33815.99,34054.33,33773.19,34022.39,2614.390,1612185299999,88595503.85060,25938,1528.567,51831197.61951,0
1612185300000,34023.06,34027.94,33831.41,33856.05,1837.686,1612186199999,62291733.76419,21236,892.457,30254507.84657,0
1612186200000,33854.60,33998.23,33850.48,33960.92,1925.467,1612187099999,65321477.87695,23555,851.893,28904164.91653,0
1612187100000,33958.08,34006.17,33673.57,33753.07,2579.348,1612187999999,87219435.62801,28626,1010.502,34184301.94588,0
1612188000000,33753.07,33920.00,33437.00,33489.05,5115.803,1612188899999,172211568.16890,45713,2135.163,71907024.73450,0
1612188900000,33489.58,33769.39,33441.01,33751.10,3068.609,1612189799999,103099380.81665,27886,1529.817,51414447.65753,0
1612189800000,33753.13,33912.34,33730.07,33764.59,3299.927,1612190699999,111614212.31412,27521,1563.634,52891810.26910,0
1612190700000,33764.60,33808.99,33557.00,33568.84,1864.595,1612191599999,62749928.76262,21798,866.006,29142019.31329,0
1612191600000,33572.98,33659.77,33374.69,33496.54,3046.601,1612192499999,102080004.55809,29631,1512.375,50684880.37823,0
1612192500000,33497.00,33629.15,33451.01,33571.61,1822.384,1612193399999,61122087.76955,18098,1011.306,33923003.88897,0
1612193400000,33571.61,33649.19,33534.78,33606.77,1323.972,1612194299999,44492357.60793,15510,767.991,25809278.71040,0
1612194300000,33606.57,33668.00,33173.14,33178.13,3536.343,1612195199999,117946427.43292,35807,1403.253,46814707.87439,0
1612195200000,33181.26,33425.53,33161.00,33376.35,2801.789,1612196099999,93284842.70735,29070,1671.977,55676761.18633,0
1612196100000,33375.00,33479.79,33326.28,33435.77,1443.136,1612196999999,48222292.67645,18080,567.933,18981107.63106,0
1612197000000,33435.77,33595.48,33290.41,33532.77,1598.161,1612197899999,53431049.45922,21194,786.879,26315312.49601,0
1612197900000,33532.76,33633.00,33462.17,33493.03,1719.200,1612198799999,57646127.08253,18760,825.229,27674395.16694,0
1612198800000,33493.04,33584.75,33410.85,33525.09,1427.199,1612199699999,47775745.32571,17293,883.800,29589659.03808,0
1612199700000,33525.07,33597.44,33473.92,33589.58,1216.006,1612200599999,40784503.85734,14762,732.338,24562121.04190,0
1612200600000,33589.58,33730.00,33580.05,33640.52,2040.584,1612201499999,68657685.91747,19725,1243.479,41840376.48286,0
1612201500000,33640.52,34099.00,33640.52,33999.29,4672.218,1612202399999,158400763.45854,38618,2980.429,101028671.43024,0
1612202400000,33996.99,34050.00,33852.78,33859.60,1862.053,1612203299999,63176535.23739,21761,787.879,26736925.79071,0
1612203300000,33859.00,33933.20,33807.19,33878.71,1128.431,1612204199999,38207014.76133,16017,574.766,19462778.56641,0
1612204200000,33878.71,33878.71,33761.72,33823.13,1180.576,1612205099999,39945984.62085,14475,695.170,23525371.90734,0
1612205100000,33823.12,33977.53,33673.00,33760.00,1718.468,1612205999999,58097013.04312,19302,815.358,27571826.93371,0
1612206000000,33762.18,34000.00,33722.00,33860.21,1333.865,1612206899999,45187137.21623,18069,754.346,25554629.39608,0
1612206900000,33860.21,33911.81,33812.79,33886.61,1108.788,1612207799999,37549730.92129,13159,662.474,22434562.66158,0
1612207800000,33889.38,34121.89,33882.07,33950.00,2155.976,1612208699999,73339418.63507,23481,1216.440,41388083.62206,0
1612208700000,33950.00,34050.00,33850.00,33867.65,1352.976,1612209599999,45928763.73921,16192,739.480,25104379.57282,0
1612209600000,33867.65,34076.80,33850.00,33983.60,1379.633,1612210499999,46877274.55954,18347,841.212,28580164.85573,0
1612210500000,33983.60,34083.21,33906.97,33907.18,1076.717,1612211399999,36608880.10841,15636,544.206,18503345.16902,0
1612211400000,33906.92,33937.22,33785.31,33855.24,1401.848,1612212299999,47476645.76756,16275,649.587,22001271.71101,0
1612212300000,33855.23,33940.31,33756.54,33874.92,1148.400,1612213199999,38887668.39154,14630,476.557,16139262.15379,0
1612213200000,33874.92,33874.93,33725.88,33855.79,1150.487,1612214099999,38901038.21089,13726,402.072,13595162.23963,0
1612214100000,33855.80,33889.88,33805.55,33859.92,981.987,1612214999999,33246833.00164,11519,454.898,15401669.82499,0
1612215000000,33859.92,33862.00,33592.14,33675.62,1980.028,1612215899999,66679203.49237,21235,773.456,26053139.81730,0
1612215900000,33675.62,33754.50,33643.13,33696.01,1112.489,1612216799999,37490693.05198,15579,574.139,19349541.30259,0
1612216800000,33696.01,33769.50,33527.57,33748.63,1585.462,1612217699999,53348718.66330,18010,805.025,27085913.10144,0
1612217700000,33749.99,33823.71,33670.13,33720.10,967.840,1612218599999,32657317.81271,14758,563.927,19030750.69411,0
1612218600000,33720.11,33720.30,33560.00,33610.14,1006.453,1612219499999,33859855.25856,15414,484.966,16317330.95270,0
1612219500000,33613.31,33673.47,33554.33,33579.06,936.943,1612220399999,31486774.35225,14413,486.385,16347178.23413,0
1612220400000,33579.05,33783.78,33507.00,33725.86,1478.359,1612221299999,49780705.45503,18431,888.055,29912715.42781,0
1612221300000,33725.86,33802.94,33662.85,33689.42,1163.560,1612222199999,39235230.97062,15207,611.775,20630074.66277,0
1612222200000,33688.64,33700.00,33465.61,33474.01,1618.492,1612223099999,54303466.52635,16969,819.775,27505737.16355,0
1612223100000,33474.00,33629.00,33458.00,33546.09,1921.830,1612223999999,64488530.20910,17347,1077.205,36144314.80939,0
1612224000000,33546.08,33945.00,33450.00,33919.76,2457.473,1612224899999,82740340.35330,28838,1382.806,46574981.64532,0
1612224900000,33920.85,34200.00,33903.21,34028.23,3796.870,1612225799999,129411542.90182,35989,1853.777,63191444.20521,0
1612225800000,34025.20,34095.00,33872.34,33880.61,1923.069,1612226699999,65326883.99704,21221,856.560,29099605.22414,0
1612226700000,33880.01,33920.00,33768.00,33794.57,1556.095,1612227599999,52667026.84721,18337,735.867,24910089.22003,0
1612227600000,33794.58,33805.25,33650.00,33693.67,1532.989,1612228499999,51676398.46274,20111,735.089,24778810.42002,0
1612228500000,33693.67,33716.81,33600.02,33627.51,1063.778,1612229399999,35803599.98082,13684,601.533,20247425.13296,0
1612229400000,33627.50,33752.37,33555.09,33604.00,1424.179,1612230299999,47935244.76918,15249,828.919,27908292.29938,0
1612230300000,33604.00,33832.86,33539.00,33774.78,1321.951,1612231199999,44526723.13156,17501,776.165,26146170.85015,0
1612231200000,33774.75,33888.00,33663.03,33697.13,1825.220,1612232099999,61619179.13182,18230,1016.441,34317498.60703,0
1612232100000,33697.14,33745.49,33651.72,33677.71,853.517,1612232999999,28757640.57707,12312,432.288,14567238.92218,0
1612233000000,33677.72,33825.71,33662.58,33731.70,1110.451,1612233899999,37478229.80559,14871,674.603,22769755.43420,0
1612233900000,33731.70,33920.31,33633.87,33690.58,1532.051,1612234799999,51679406.39396,19459,752.725,25394928.89375,0
1612234800000,33690.58,33705.83,33540.00,33673.08,1104.353,1612235699999,37131514.39440,16273,490.431,16493142.99624,0
1612235700000,33673.08,33724.56,33638.25,33685.61,813.558,1612236599999,27406049.11032,13641,391.649,13193817.96137,0
1612236600000,33682.93,33743.02,33618.78,33705.58,1048.661,1612237499999,35331400.92565,13236,666.715,22462812.71326,0
1612237500000,33705.59,33726.39,33560.00,33592.79,726.012,1612238399999,24409896.00118,12995,338.961,11397325.05769,0
1612238400000,33592.79,33643.98,33540.00,33636.55,1362.478,1612239299999,45767517.45740,14429,684.172,22988774.16067,0
1612239300000,33636.54,33946.93,33626.64,33904.40,3153.736,1612240199999,106650168.20911,25102,1858.076,62814281.47978,0
1612240200000,33904.40,34000.00,33881.72,33887.44,1850.807,1612241099999,62838042.29943,18336,772.633,26231159.91278,0
1612241100000,33887.44,33960.00,33857.12,33909.71,995.129,1612241999999,33742759.96638,11985,530.345,17984569.57664,0
1612242000000,33908.00,33956.16,33850.00,33883.60,948.052,1612242899999,32128025.32972,12845,516.018,17488290.20278,0
1612242900000,33883.60,33981.95,33803.76,33860.00,1311.111,1612243799999,44431551.08294,14843,769.021,26066151.64843,0
1612243800000,33858.88,33975.00,33837.97,33974.99,841.341,1612244699999,28532852.42403,12617,557.115,18894813.40188,0
1612244700000,33975.00,34143.98,33915.52,34020.31,3177.239,1612245599999,108165119.45430,28425,1818.487,61909720.39996,0
1612245600000,34021.97,34088.00,33953.09,34005.50,1390.029,1612246499999,47275410.10294,16270,856.130,29121789.51821,0
1612246500000,34005.51,34110.28,33963.41,34016.40,1368.795,1612247399999,46580343.14274,15935,848.497,28874853.07095,0
1612247400000,34016.40,34252.08,33959.00,34224.32,1911.964,1612248299999,65229717.18973,23174,1147.459,39156343.83949,0
1612248300000,34224.32,34380.00,34127.19,34334.27,3266.732,1612249199999,111981584.78839,33124,1796.007,61576189.12802,0
1612249200000,34334.27,34455.00,34219.82,34224.21,2520.710,1612250099999,86598732.28164,25265,1250.908,42985897.18751,0
1612250100000,34224.21,34263.94,34170.21,34205.90,1213.558,1612250999999,41519939.58768,15951,520.175,17800009.33706,0
1612251000000,34205.90,34416.66,34180.00,34332.96,2031.168,1612251899999,69690170.00680,21366,1055.075,36199851.88008,0
1612251900000,34332.38,34379.81,34257.94,34261.84,1587.641,1612252799999,54464634.04669,17256,893.991,30668631.33836,0
1612252800000,34261.81,34557.40,34255.51,34454.76,3303.234,1612253699999,113754879.31365,30748,1826.053,62898065.96305,0
1612253700000,34454.75,34483.32,34285.00,34316.25,1968.355,1612254599999,67676193.89471,18974,1027.903,35351814.32958,0
1612254600000,34316.26,34357.15,34150.00,34274.85,2423.591,1612255499999,82955330.98693,21436,930.489,31853350.26372,0
1612255500000,34275.37,34719.01,34239.11,34709.72,5282.664,1612256399999,182383437.93071,42206,3241.273,111917354.30939,0
1612256400000,34709.72,35544.90,34709.72,35375.96,15691.386,1612257299999,551490563.96299,115542,9016.504,316600436.78472,0
1612257300000,35375.58,35720.00,35213.04,35316.83,7783.203,1612258199999,276077328.14937,64841,3497.318,124113021.51798,0
1612258200000,35316.05,35540.85,35226.48,35367.78,3265.677,1612259099999,115510941.83016,30514,1622.600,57412708.15351,0
1612259100000,35367.78,35466.03,35252.77,35399.51,2018.612,1612259999999,71393348.80344,22728,1063.476,37619880.45669,0
1612260000000,35398.96,35492.73,35230.00,35230.41,2602.383,1612260899999,92055202.63466,26695,1213.818,42950920.14773,0
1612260900000,35230.00,35380.77,35055.00,35315.67,3683.826,1612261799999,129727779.52306,30194,1869.042,65829978.86429,0
1612261800000,35315.67,35432.36,35220.00,35220.01,2031.550,1612262699999,71788187.02123,21694,1029.836,36397268.04881,0
1612262700000,35220.00,35282.99,35128.09,35257.15,1937.997,1612263599999,68222828.55271,20324,904.388,31842551.75812,0
1612263600000,35257.14,35365.49,35203.29,35304.88,1921.555,1612264499999,67793790.45068,23204,1078.967,38070462.17636,0
1612264500000,35304.88,35345.02,34950.00,34978.51,3147.203,1612265399999,110550971.43431,31446,1286.867,45223575.63109,0
1612265400000,34977.39,35118.00,34900.00,35010.74,3101.077,1612266299999,108571363.77210,28218,1321.529,46277637.21805,0
1612266300000,35011.32,35055.00,34738.11,34821.61,4001.960,1612267199999,139566224.05440,32447,1492.649,52066372.51083,0
1612267200000,34821.60,34986.12,34662.00,34941.66,5827.466,1612268099999,202749782.04287,44682,2854.215,99346782.04039,0
1612268100000,34941.66,35070.00,34900.00,34963.04,2484.047,1612268999999,86869838.26746,24616,1350.528,47239692.83924,0
1612269000000,34963.05,35005.00,34865.60,34960.00,1126.104,1612269899999,39345635.26358,17101,559.118,19539845.81171,0
1612269900000,34960.00,34998.00,34755.00,34840.74,2584.371,1612270799999,90070397.20620,23339,1039.071,36232364.02050,0
1612270800000,34840.74,35016.74,34811.90,35008.07,1330.257,1612271699999,46456865.06177,18883,843.600,29462446.32554,0
1612271700000,35009.33,35269.96,35006.54,35013.98,4706.521,1612272599999,165449487.02926,36864,2859.342,100513700.27761,0
1612272600000,35013.99,35013.99,34854.12,34883.65,2330.969,1612273499999,81391719.17971,22172,1198.168,41837480.55853,0
1612273500000,34883.64,34919.54,34800.00,34901.89,1670.990,1612274399999,58269774.85199,19307,904.184,31537704.36933,0
1612274400000,34901.90,34975.44,34820.00,34857.29,1827.488,1612275299999,63766099.56700,18254,827.946,28894097.20236,0
1612275300000,34857.28,34904.84,34533.93,34630.38,4501.239,1612276199999,156143228.48514,40144,1899.980,65900719.14441,0
1612276200000,34630.37,34837.60,34338.00,34787.65,4923.596,1612277099999,170390668.60320,39636,2342.100,81114947.68309,0
1612277100000,34787.64,34889.76,34750.00,34844.99,2112.609,1612277999999,73566815.64682,18846,1144.830,39871019.02521,0
1612278000000,34844.99,34928.00,34661.76,34906.88,2194.643,1612278899999,76391735.25748,20248,966.377,33646656.31794,0
1612278900000,34906.88,35238.79,34788.78,34806.26,6693.138,1612279799999,234678465.11945,49561,3458.162,121298249.61444,0
1612279800000,34800.46,34807.67,34581.14,34714.00,3832.620,1612280699999,132976682.89701,32377,1820.146,63163986.72043,0
1612280700000,34712.60,34750.83,34609.87,34750.83,2375.054,1612281599999,82411076.15206,21493,1134.077,39355607.88305,0
1612281600000,34750.83,34890.00,34600.04,34796.96,3530.136,1612282499999,122717013.75012,32551,1701.218,59158642.83202,0
1612282500000,34796.95,34945.31,34625.00,34922.20,3348.324,1612283399999,116305169.07355,26080,1679.869,58368752.17151,0
1612283400000,34922.20,35262.07,34922.20,35075.28,4891.426,1612284299999,171604406.72334,45316,2820.028,98949384.17799,0
1612284300000,35082.06,35130.00,34903.96,35037.93,2228.084,1612285199999,78087653.42346,23115,943.522,33076200.71704,0
1612285200000,35037.94,35094.25,34900.00,34944.61,1599.925,1612286099999,55960672.62585,18762,725.708,25387450.30795,0
1612286100000,34944.61,34995.00,34825.00,34920.52,1553.585,1612286999999,54243807.43485,18056,723.658,25271851.35583,0
1612287000000,34920.52,34979.82,34852.23,34889.07,1431.094,1612287899999,49973742.10198,15446,796.956,27832892.89226,0
1612287900000,34889.06,34968.76,34792.00,34922.49,1381.436,1612288799999,48176774.13425,16546,657.264,22928259.09540,0
1612288800000,34922.49,35034.01,34850.47,34927.97,1206.433,1612289699999,42160387.71105,16390,609.882,21314829.92090,0
1612289700000,34927.96,34989.36,34844.00,34903.18,1228.360,1612290599999,42865588.42381,14866,600.559,20961032.90925,0
1612290600000,34903.18,35117.83,34891.20,35056.79,1641.121,1612291499999,57529352.36952,19669,909.925,31898895.88807,0
1612291500000,35056.80,35383.00,35043.12,35306.24,2966.191,1612292399999,104586997.23510,31771,1843.752,65003543.24984,0
1612292400000,35306.24,35600.00,35213.46,35328.53,4586.275,1612293299999,162346060.97214,40208,2450.291,86785898.97166,0
1612293300000,35328.53,35607.48,35272.64,35467.80,2434.179,1612294199999,86317612.94736,25670,1457.633,51701418.61800,0
1612294200000,35467.80,35588.56,35400.00,35455.16,1930.473,1612295099999,68509467.58033,20853,1031.571,36614475.73505,0
1612295100000,35455.15,35880.00,35455.15,35805.48,5239.159,1612295999999,186907667.52407,43323,3052.835,108907116.25261,0
1612296000000,35805.63,36041.00,35753.05,35858.01,5587.092,1612296899999,200658496.53238,47995,3074.181,110433552.04359,0
1612296900000,35858.00,35868.99,35627.00,35707.09,2276.281,1612297799999,81340084.37306,25262,988.416,35322893.71123,0
1612297800000,35707.09,35707.09,35587.00,35634.55,1624.264,1612298699999,57892735.48850,18240,684.160,24387987.97039,0
1612298700000,35634.54,35873.58,35620.00,35829.55,2333.573,1612299599999,83375149.77122,22459,1549.220,55344658.80896,0
1612299600000,35829.15,35931.14,35674.79,35694.39,2306.664,1612300499999,82540262.78843,22610,1089.308,38975395.07891,0
1612300500000,35694.39,35728.53,35601.25,35700.38,1310.194,1612301399999,46732596.90414,15218,677.802,24180963.44154,0
1612301400000,35700.37,35936.71,35696.91,35861.99,1843.801,1612302299999,66065665.23329,20114,986.210,35332869.06346,0
1612302300000,35861.99,35950.00,35671.94,35693.96,2326.493,1612303199999,83343781.38195,23214,984.635,35280495.12112,0
1612303200000,35693.96,35740.91,35627.01,35654.36,1667.905,1612304099999,59518427.55905,15637,935.544,33386095.18347,0
1612304100000,35654.36,35850.00,35632.88,35807.59,918.774,1612304999999,32846072.59244,15123,556.892,19902523.05043,0
1612305000000,35807.57,35815.04,35557.46,35592.26,1689.356,1612305899999,60257276.78459,19789,691.925,24682655.95807,0
1612305900000,35592.26,35785.00,35592.26,35620.00,1216.606,1612306799999,43438006.49017,14778,614.390,21939749.31381,0
1612306800000,35620.00,35750.00,35514.56,35573.80,1533.687,1612307699999,54657420.86648,18384,571.925,20382118.06285,0
1612307700000,35573.90,35700.00,35566.15,35678.81,1512.496,1612308599999,53884670.89845,15762,764.373,27229843.77976,0
1612308600000,35678.80,35717.75,35515.19,35691.93,1279.225,1612309499999,45559796.30970,16785,601.577,21430020.45072,0
1612309500000,35691.67,35692.82,35500.00,35504.06,1527.516,1612310399999,54340468.27491,17597,728.640,25924324.91492,0
1612310400000,35504.07,35678.88,35410.00,35616.93,2872.141,1612311299999,102077663.12416,27260,1584.313,56337803.27147,0
1612311300000,35616.92,36282.31,35604.50,36275.46,5569.980,1612312199999,200649019.72724,46634,3384.149,121929271.80888,0
1612312200000,36276.44,36294.40,36114.00,36257.99,2613.329,1612313099999,94581184.50318,25695,1212.032,43866996.64047,0
1612313100000,36258.00,36296.40,36120.00,36174.33,1964.987,1612313999999,71149446.18404,20152,913.259,33076826.14048,0
1612314000000,36179.31,36388.24,36140.00,36170.00,2751.085,1612314899999,99770316.06452,26762,1535.693,55700097.35365,0
1612314900000,36170.00,36245.00,36019.53,36023.93,2081.016,1612315799999,75177378.35213,22309,882.650,31898503.08385,0
1612315800000,36027.86,36051.12,35944.62,36017.04,2354.534,1612316699999,84772433.98718,19925,912.623,32863362.14809,0
1612316700000,36017.03,36069.67,35913.19,35943.89,1434.867,1612317599999,51614497.34073,15332,804.234,28936890.05766,0
1612317600000,35943.90,35999.46,35880.14,35950.73,1364.789,1612318499999,49048389.73143,15903,751.352,27006937.56231,0
1612318500000,35950.72,36041.21,35919.32,35945.82,1455.598,1612319399999,52357079.56729,14209,890.221,32021031.68776,0
1612319400000,35945.81,36019.30,35881.70,36012.36,1452.498,1612320299999,52226266.49800,14695,899.650,32350062.20641,0
1612320300000,36012.35,36157.40,35920.00,35922.50,1872.562,1612321199999,67467203.95910,17901,1078.136,38847269.90460,0
1612321200000,35922.50,36129.50,35913.46,36118.89,1319.585,1612322099999,47525633.45453,15060,773.175,27846213.68762,0
1612322100000,36118.89,36223.13,36094.71,36191.11,1799.827,1612322999999,65094850.60814,19257,1008.154,36468829.90182,0
1612323000000,36191.12,36247.00,36087.84,36231.01,1014.260,1612323899999,36666401.34064,14389,569.581,20593352.78575,0
1612323900000,36231.00,36550.00,36223.51,36446.25,3438.410,1612324799999,125158000.82499,32278,1905.968,69374548.88718,0
1612324800000,36446.26,36890.00,36446.26,36790.16,7011.316,1612325699999,257391582.25823,54925,3720.588,136539423.59336,0
1612325700000,36790.17,36863.15,36700.58,36737.74,2095.847,1612326599999,77080413.23312,20816,818.796,30119866.41869,0
1612326600000,36737.74,36915.06,36558.00,36672.75,4261.574,1612327499999,156490737.26254,34028,2218.108,81482204.11382,0
1612327500000,36672.75,36781.45,36529.91,36676.53,2087.061,1612328399999,76488124.42094,21293,1005.736,36875995.76536,0
1612328400000,36676.54,36742.85,36575.27,36592.06,1344.025,1612329299999,49228064.61059,15679,720.293,26384170.31380,0
1612329300000,36592.05,36598.30,36477.27,36533.60,1570.628,1612330199999,57392440.68863,18410,674.705,24658047.71158,0
1612330200000,36533.56,36589.04,36467.11,36483.11,1564.777,1612331099999,57148194.16539,15116,887.512,32417808.61964,0
1612331100000,36483.10,36545.56,36430.00,36517.01,1173.526,1612331999999,42810046.19079,14371,640.860,23378746.74962,0
1612332000000,36519.51,36736.70,36500.97,36640.23,2078.057,1612332899999,76129032.59558,21106,1258.813,46115975.06309,0
1612332900000,36635.50,36741.68,36585.00,36625.56,1454.633,1612333799999,53311163.78195,16071,906.756,33233722.33688,0
1612333800000,36625.56,36847.10,36585.00,36745.00,1806.073,1612334699999,66351264.57982,21111,1090.604,40064034.31838,0
1612334700000,36745.00,36795.00,36492.00,36593.93,2064.749,1612335599999,75652561.28115,21085,973.668,35678689.05333,0
1612335600000,36591.22,36644.01,36506.27,36537.49,1751.636,1612336499999,64043926.70540,18088,1079.245,39462242.55950,0
1612336500000,36537.49,36596.96,36438.92,36560.16,1496.340,1612337399999,54637585.01015,19024,694.902,25377650.35795,0
1612337400000,36560.16,36570.00,36418.93,36484.72,1334.945,1612338299999,48704693.97483,16618,532.089,19419120.13226,0
1612338300000,36484.47,36484.47,36263.03,36358.28,2595.036,1612339199999,94385981.89165,25981,928.653,33784526.46079,0
1612339200000,36355.83,36355.83,35956.03,36001.91,6766.361,1612340099999,244471320.11475,51511,2330.364,84178562.41975,0
1612340100000,36001.90,36127.00,35987.79,36087.28,2462.275,1612340999999,88822529.18338,22640,1340.909,48374594.49124,0
1612341000000,36087.27,36118.94,35713.15,36102.01,5643.159,1612341899999,202771593.56194,43062,2631.949,94607920.21875,0
1612341900000,36102.01,36175.00,36000.00,36063.73,2280.541,1612342799999,82318366.70907,21840,1258.225,45422864.74582,0
1612342800000,36068.10,36101.28,35699.00,35724.25,3508.867,1612343699999,125848160.04371,33395,1460.635,52414309.25111,0
1612343700000,35724.25,35894.94,35598.79,35878.06,4399.027,1612344599999,157271504.70613,36449,2193.024,78428180.50485,0
1612344600000,35878.05,35994.24,35800.00,35881.93,2256.813,1612345499999,81080043.28124,24308,1286.234,46218589.49648,0
1612345500000,35881.93,36073.46,35801.00,35917.22,2111.713,1612346399999,75895099.97143,20527,1058.654,38054949.58405,0
1612346400000,35917.84,35941.76,35712.93,35821.91,2052.953,1612347299999,73513144.08737,21657,1042.804,37343865.12950,0
1612347300000,35821.91,35973.00,35800.10,35927.32,1138.464,1612348199999,40873946.17469,17355,612.275,21983728.78882,0
1612348200000,35929.98,35985.00,35863.19,35918.48,1239.303,1612349099999,44508687.90200,14366,791.568,28427263.17547,0
1612349100000,35918.49,36090.00,35918.48,36030.92,1939.649,1612349999999,69821288.01584,20152,1331.932,47947773.03626,0
1612350000000,36030.91,36184.30,35980.13,36049.21,2625.337,1612350899999,94782584.70178,23890,1405.587,50761075.11300,0
1612350900000,36049.21,36150.00,36025.70,36084.00,1338.176,1612351799999,48291413.02581,16792,783.997,28297039.64518,0
1612351800000,36084.01,36281.33,36058.21,36185.13,1983.604,1612352699999,71776494.93527,20667,1199.213,43393437.87406,0
1612352700000,36185.12,36238.47,35905.00,36024.06,2745.396,1612353599999,98988174.63666,25866,1123.258,40502876.75972,0
1612353600000,36024.06,36382.00,35870.73,36367.33,4567.986,1612354499999,164907670.12413,36556,2373.994,85760427.64475,0
1612354500000,36367.33,36374.35,36214.00,36217.00,2485.511,1612355399999,90206832.30433,22977,1079.051,39165236.65883,0
1612355400000,36217.00,36349.98,36080.00,36253.19,1772.873,1612356299999,64257909.43871,20272,1034.869,37520012.16043,0
1612356300000,36253.20,36292.81,36172.50,36230.18,1512.838,1612357199999,54780217.57208,18296,844.043,30565243.63930,0
1612357200000,36235.50,36484.08,35987.48,36352.77,4293.493,1612358099999,155501772.59431,37792,2141.963,77652472.72619,0
1612358100000,36352.77,36776.89,36311.22,36667.80,4498.543,1612358999999,164680704.09406,43030,2313.470,84687428.51944,0
1612359000000,36667.79,36760.00,36535.19,36668.03,2388.003,1612359899999,87461996.25566,25435,1125.501,41236721.56011,0
1612359900000,36668.02,36668.02,36506.00,36577.43,1770.195,1612360799999,64754587.57509,19246,735.342,26902216.74214,0
1612360800000,36575.42,36827.07,36562.00,36610.00,2488.892,1612361699999,91318203.70980,26222,1425.110,52303248.16922,0
1612361700000,36610.01,36684.31,36529.64,36602.92,1664.245,1612362599999,60907157.60630,18905,778.100,28480619.71778,0
1612362600000,36602.91,36639.09,36412.15,36515.00,2331.837,1612363499999,85120807.09689,23727,966.336,35273400.42292,0
1612363500000,36514.99,36677.72,36430.00,36594.81,1887.261,1612364399999,69013104.57972,20393,1010.590,36958254.64094,0
1612364400000,36598.47,36700.00,36582.56,36624.12,1338.332,1612365299999,49040997.78267,17705,690.175,25293811.48516,0
1612365300000,36621.51,36916.00,36602.66,36813.04,3400.462,1612366199999,125082140.30628,32930,1967.872,72397551.56278,0
1612366200000,36813.04,36976.34,36740.78,36839.23,3488.477,1612367099999,128645984.28683,32726,1775.816,65501883.08755,0
1612367100000,36839.12,36960.00,36737.60,36891.10,2321.620,1612367999999,85545909.97930,23965,1333.134,49127973.31820,0
1612368000000,36891.10,37190.00,36830.10,36903.49,6386.863,1612368899999,236411839.45331,58357,3059.141,113274560.96059,0
1612368900000,36904.99,36939.00,36672.19,36794.77,4425.965,1612369799999,162820915.14217,38730,1946.344,71616097.95382,0
1612369800000,36794.77,37140.50,36711.90,37027.14,3470.032,1612370699999,128313747.97505,34035,1818.324,67225980.23735,0
1612370700000,37025.44,37273.12,36910.00,37180.11,4123.390,1612371599999,153071251.01677,35882,2241.722,83221245.88697,0
1612371600000,37180.00,37196.85,36997.00,37072.47,3003.015,1612372499999,111433027.86463,29395,1292.889,47991932.15500,0
1612372500000,37072.46,37200.00,37013.01,37018.21,2224.684,1612373399999,82573002.81219,23074,1095.145,40660543.90859,0
1612373400000,37018.21,37152.97,36956.34,37054.06,2778.457,1612374299999,102922290.59717,23947,1339.835,49652930.25623,0
1612374300000,37054.05,37217.89,36980.20,37216.10,1825.851,1612375199999,67754247.28806,19572,905.456,33603358.27026,0
1612375200000,37216.00,37246.89,36969.49,36986.02,2005.481,1612376099999,74375244.28782,19584,789.210,29268690.04512,0
1612376100000,36986.01,37122.63,36693.93,37100.47,5598.466,1612376999999,206638457.16285,41361,2505.050,92533323.13105,0
1612377000000,37100.48,37239.49,36927.00,37104.15,3202.304,1612377899999,118874407.21932,28491,1489.324,55285297.87499,0
1612377900000,37100.00,37222.00,37028.18,37153.85,1952.965,1612378799999,72536588.93658,21825,923.406,34298306.51173,0
1612378800000,37153.85,37170.00,36900.00,36952.24,2821.641,1612379699999,104516536.09391,24797,1177.304,43633579.38378,0
1612379700000,36950.89,36983.44,36819.28,36939.21,2332.618,1612380599999,86068015.81033,20545,1252.561,46221967.34160,0
1612380600000,36937.09,36950.00,36839.04,36885.20,1906.040,1612381499999,70325906.80991,17416,962.689,35523880.08362,0
1612381500000,36885.21,36975.11,36820.28,36820.87,1277.295,1612382399999,47116728.53323,15605,674.861,24900176.72892,0
1612382400000,36821.01,36848.79,36671.60,36813.22,2847.323,1612383299999,104752687.52407,24036,1314.676,48377208.31828,0
1612383300000,36813.22,36933.69,36813.22,36843.90,1615.592,1612384199999,59575336.74986,15537,810.928,29904235.01783,0
1612384200000,36845.83,37085.13,36841.94,37000.80,1486.293,1612385099999,54929207.33656,17050,859.748,31778412.52788,0
1612385100000,37000.81,37104.00,36930.43,37062.66,1555.066,1612385999999,57551441.57153,15702,871.262,32244112.64335,0
1612386000000,37062.65,37174.82,37009.00,37081.64,1421.982,1612386899999,52735465.28121,19431,743.409,27575130.24358,0
1612386900000,37081.63,37219.31,36994.07,37200.01,2073.036,1612387799999,76913722.82032,20651,1117.461,41462894.88872,0
1612387800000,37200.01,37458.13,37198.54,37454.01,4234.946,1612388699999,158162615.17897,35607,2234.269,83444908.25605,0
1612388700000,37454.01,37476.99,37230.00,37290.51,2138.395,1612389599999,79826421.66366,22278,763.105,28485759.98984,0
1612389600000,37290.52,37500.00,37261.42,37493.57,1701.804,1612390499999,63604552.31457,20663,1055.823,39475262.68529,0
1612390500000,37489.16,37545.98,37306.59,37379.75,2074.734,1612391399999,77654226.58289,25331,911.931,34142769.79140,0
1612391400000,37379.75,37500.00,37300.00,37378.37,1246.894,1612392299999,46637475.81572,17741,669.343,25037148.40719,0
1612392300000,37378.38,37443.90,37266.00,37308.90,1299.818,1612393199999,48522742.08314,16463,558.079,20836012.88751,0
1612393200000,37308.90,37515.36,37300.00,37495.48,1804.479,1612394099999,67475971.67978,18681,986.758,36904856.54081,0
1612394100000,37495.48,37661.46,37495.47,37585.50,2769.603,1612394999999,104063995.84541,28446,1239.375,46574616.29305,0
1612395000000,37585.49,37690.00,37439.59,37503.93,2005.765,1612395899999,75335868.49374,23134,990.217,37200058.86583,0
1612395900000,37504.29,37700.00,37442.28,37652.51,2945.384,1612396799999,110589592.74374,22322,1719.882,64587176.21773,0
1612396800000,37651.92,38024.76,37645.93,37945.89,7215.859,1612397699999,273200385.22202,49346,4120.707,156013151.20336,0
1612397700000,37945.88,38080.00,37862.37,38077.89,2674.311,1612398599999,101550045.59055,26412,1526.710,57981655.45001,0
1612398600000,38075.67,38235.00,37866.06,37904.93,4075.379,1612399499999,155070719.11083,38697,2091.040,79587155.86917,0
1612399500000,37904.94,38150.00,37847.70,38126.59,2532.384,1612400399999,96117147.49593,23851,1486.881,56465438.55605,0
1612400400000,38126.59,38347.40,38125.89,38228.19,3572.521,1612401299999,136596414.13219,33722,1922.473,73523375.22274,0
1612401300000,38228.20,38351.00,37910.30,38119.00,3215.542,1612402199999,122563597.60205,30486,1502.701,57278790.66455,0
1612402200000,38120.00,38120.00,37926.63,38036.57,1642.337,1612403099999,62442672.97897,17307,767.057,29167731.89434,0
1612403100000,38036.57,38388.73,38035.51,38224.61,2869.315,1612403999999,109733784.28826,27412,1495.411,57182054.89245,0
1612404000000,38224.28,38292.08,37826.01,37949.00,3250.325,1612404899999,123612662.02775,30682,1459.917,55536473.08824,0
1612404900000,37949.00,37987.34,37581.01,37781.38,4967.460,1612405799999,187537895.37770,39792,2126.668,80297918.91088,0
1612405800000,37781.38,37936.31,37743.29,37873.86,2312.222,1612406699999,87508396.63860,23046,1237.239,46828173.81846,0
1612406700000,37873.88,37978.93,37750.77,37954.98,1972.412,1612407599999,74705308.18959,19225,907.761,34396045.50950,0
1612407600000,37954.99,38082.94,37731.15,37749.34,2703.231,1612408499999,102586418.03407,25471,1129.442,42886204.62825,0
1612408500000,37754.24,37817.00,37607.67,37749.04,2729.337,1612409399999,102944248.43106,24160,1388.973,52395981.97528,0
1612409400000,37749.04,37862.10,37633.33,37666.85,1777.918,1612410299999,67118917.47279,18495,763.880,28842186.46926,0
1612410300000,37666.85,37760.00,37400.00,37565.17,3680.484,1612411199999,138159613.14250,30737,1468.078,55120828.99036,0
1612411200000,37565.17,37726.71,37370.00,37724.62,2835.015,1612412099999,106476763.15238,23701,1391.968,52296659.65533,0
1612412100000,37724.61,37750.00,37617.00,37672.51,1154.787,1612412999999,43516423.40144,15573,602.127,22693313.21818,0
1612413000000,37672.51,37820.00,37605.15,37700.00,2314.065,1612413899999,87356083.41155,20140,1259.343,47543856.50669,0
1612413900000,37700.01,37845.01,37650.58,37719.99,1358.770,1612414799999,51282385.99060,15157,714.360,26960665.63116,0
1612414800000,37720.00,37784.55,37558.00,37719.99,1892.585,1612415699999,71283227.96525,18265,1016.014,38271891.83835,0
1612415700000,37720.00,37980.00,37694.65,37880.42,2597.801,1612416599999,98462474.26674,26067,1391.737,52747332.58102,0
1612416600000,37878.84,37900.00,37599.17,37691.93,2031.822,1612417499999,76641845.79186,19862,900.187,33957289.95501,0
1612417500000,37691.94,37760.71,37512.83,37614.99,2060.324,1612418399999,77501354.65857,19331,1077.098,40521847.68440,0
1612418400000,37614.98,37883.55,37577.00,37801.57,1894.256,1612419299999,71497670.75320,21907,985.454,37191371.77441,0
1612419300000,37802.43,38068.00,37765.29,38057.45,2811.643,1612420199999,106638816.73478,22936,1677.629,63640561.84249,0
1612420200000,38058.24,38164.70,37930.90,38128.00,3188.514,1612421099999,121364603.12919,29246,1426.321,54307839.36425,0
1612421100000,38127.99,38260.00,38006.84,38114.61,2530.294,1612421999999,96498735.96873,24994,1256.259,47924036.83074,0
1612422000000,38114.61,38174.50,38013.30,38055.47,1701.914,1612422899999,64797630.25738,18576,959.447,36531062.84390,0
1612422900000,38055.46,38088.33,37968.77,38040.01,1361.162,1612423799999,51762050.95399,15698,554.977,21107664.38054,0
1612423800000,38040.01,38241.75,37889.00,37894.06,3508.410,1612424699999,133421819.33054,29705,1627.711,61911714.48437,0
1612424700000,37892.47,38048.35,37825.39,37884.43,2628.705,1612425599999,99685285.87980,23619,1245.466,47237386.41113,0
1612425600000,37884.42,38585.00,37879.73,38559.38,5822.534,1612426499999,222673985.16895,49064,3372.633,129050298.25405,0
1612426500000,38553.98,38833.00,38410.00,38763.05,8816.650,1612427399999,340576761.34165,65034,4694.516,181413012.93754,0
1612427400000,38763.05,38803.26,38280.00,38371.01,5191.032,1612428299999,199857531.86028,46262,2100.344,80862242.37030,0
1612428300000,38373.50,38417.47,37081.95,37435.20,12448.718,1612429199999,470391628.71340,93084,5097.768,192737931.62781,0
1612429200000,37435.19,37670.63,36800.00,37355.43,14408.800,1612430099999,536999590.56598,125282,6985.816,260627821.51587,0
1612430100000,37355.42,37460.00,37075.00,37217.04,5553.896,1612430999999,207007772.76544,50410,3039.758,113316496.62894,0
1612431000000,37217.04,37275.51,36957.90,37183.66,4133.665,1612431899999,153471245.99235,39957,2171.881,80666445.54805,0
1612431900000,37186.81,37583.00,37008.59,37550.00,4504.638,1612432799999,168273815.63786,39787,2618.315,97834872.28896,0
1612432800000,37550.01,37580.00,37368.00,37451.17,2120.080,1612433699999,79417372.36438,24005,1085.695,40671310.73465,0
1612433700000,37451.18,37571.99,37251.10,37514.08,2396.621,1612434599999,89708198.69631,25155,1030.882,38595774.00353,0
1612434600000,37514.08,37799.00,37402.68,37782.88,2774.361,1612435499999,104425167.82601,29079,1494.651,56267794.20920,0
1612435500000,37782.87,37824.60,37622.00,37653.28,2226.648,1612436399999,83989820.88295,23491,1052.537,39713870.27602,0
1612436400000,37653.29,37765.09,37505.20,37709.79,3303.851,1612437299999,124330421.55247,31155,1716.099,64594650.00160,0
1612437300000,37709.59,37950.00,37709.59,37850.01,3109.812,1612438199999,117728624.05527,28724,1498.257,56718511.00112,0
1612438200000,37850.01,37961.50,37653.79,37713.01,2330.574,1612439099999,88092093.13765,23448,1142.995,43213254.30240,0
1612439100000,37713.01,37763.37,37350.00,37361.16,4294.826,1612439999999,161360683.80265,33472,1594.103,59932487.80232,0
1612440000000,37356.21,37570.00,37066.00,37453.71,6520.991,1612440899999,243494750.03103,54305,3122.281,116628121.92984,0
1612440900000,37454.63,37630.00,37436.00,37557.88,1757.223,1612441799999,65963451.06039,20400,884.273,33196816.40965,0
1612441800000,37557.88,37800.00,37351.61,37707.89,3296.825,1612442699999,124060248.27182,31506,1537.387,57864974.42782,0
1612442700000,37707.88,37774.44,37647.79,37667.35,1374.020,1612443599999,51817768.40920,16295,655.334,24718179.33124,0
1612443600000,37666.56,37670.76,37470.00,37565.85,2063.119,1612444499999,77503961.90482,22599,946.465,35560473.75992,0
1612444500000,37565.85,37585.60,37400.51,37455.00,1693.983,1612445399999,63476480.96634,20667,820.310,30740998.32646,0
1612445400000,37454.37,37580.76,37302.00,37557.00,2235.191,1612446299999,83675737.27035,23626,1267.874,47473915.57493,0
1612446300000,37557.01,37744.51,37440.32,37635.40,2093.021,1612447199999,78712640.38003,24661,1039.622,39100364.15788,0
1612447200000,37632.80,37715.60,37550.00,37657.32,1647.048,1612448099999,62004906.05004,19705,723.460,27237466.30860,0
1612448100000,37657.33,37777.00,37424.78,37523.35,2263.836,1612448999999,85104071.18415,24886,1024.449,38522223.52356,0
1612449000000,37523.36,37560.00,37071.55,37189.78,5535.291,1612449899999,206272939.56917,44981,2671.885,99556003.48489,0
1612449900000,37189.77,37257.00,36672.48,36840.01,8295.319,1612450799999,306270875.76868,63438,3469.801,128149168.06653,0
1612450800000,36840.00,37006.16,36574.79,36716.47,7015.364,1612451699999,258176198.93494,54289,2901.745,106841753.32729,0
1612451700000,36716.48,36835.60,36233.00,36398.58,9441.200,1612452599999,344198458.18170,71587,4019.897,146572518.74548,0
1612452600000,36397.55,36678.28,36345.00,36591.44,4587.400,1612453499999,167651977.29980,36711,2577.465,94206857.90966,0
1612453500000,36591.79,36707.15,36501.26,36604.61,2637.434,1612454399999,96544777.18400,25305,1324.860,48502559.75522,0
1612454400000,36605.43,36775.82,36450.89,36656.61,4723.149,1612455299999,172947781.35463,37212,2522.401,92393885.43103,0
1612455300000,36656.61,36865.90,36571.67,36864.99,2495.457,1612456199999,91683324.42075,24598,1395.089,51272954.55092,0
1612456200000,36861.95,36868.89,36720.00,36769.62,2232.329,1612457099999,82122185.47365,19106,1199.072,44111567.92148,0
1612457100000,36769.62,37016.81,36720.00,36959.04,2579.323,1612457999999,95181475.10968,24318,1500.286,55378113.35776,0
1612458000000,36959.03,37100.00,36854.22,36898.87,2713.237,1612458899999,100316366.43794,26178,1443.383,53373254.81016,0
1612458900000,36898.86,37036.58,36821.00,36826.00,1610.371,1612459799999,59473481.41900,18929,775.836,28662323.51537,0
1612459800000,36826.00,37058.52,36821.97,37032.69,1640.184,1612460699999,60648854.10598,17152,694.911,25693120.25148,0
1612460700000,37032.70,37053.37,36859.64,36920.54,1370.183,1612461599999,50611302.84632,16907,567.178,20956919.20045,0
1612461600000,36920.53,37010.94,36805.00,37003.30,1513.883,1612462499999,55912082.69590,16339,675.678,24956711.26387,0
1612462500000,37005.15,37473.39,36974.58,37422.22,5131.959,1612463399999,191407143.34085,41812,2695.448,100536407.60163,0
1612463400000,37422.21,37454.50,37111.07,37139.91,2412.085,1612464299999,89876137.55383,23425,934.272,34811588.20868,0
1612464300000,37142.99,37181.00,36930.75,37164.77,3062.756,1612465199999,113531322.89905,27560,1541.702,57170460.86390,0
1612465200000,37163.43,37300.00,37003.43,37105.82,2694.938,1612466099999,100169181.65028,24137,1489.943,55388176.29700,0
1612466100000,37105.82,37295.00,37074.12,37254.38,1229.302,1612466999999,45739724.73211,16810,597.353,22222511.97602,0
1612467000000,37254.37,37339.91,37131.04,37315.49,1505.191,1612467899999,56053495.70921,19298,822.168,30618399.41117,0
1612467900000,37315.50,37575.83,37237.99,37508.08,3283.475,1612468799999,122870307.13349,28944,2078.306,77788135.85494,0
1612468800000,37508.08,37859.33,37453.51,37741.59,4348.217,1612469699999,163987962.46839,42158,2211.336,83395098.82271,0
1612469700000,37739.22,37750.82,37522.75,37536.88,2149.852,1612470599999,80900204.74336,22506,915.025,34435134.93892,0
1612470600000,37536.88,37661.38,37450.00,37480.42,1734.062,1612471499999,65069885.28683,20276,804.337,30186781.92743,0
1612471500000,37481.41,37671.81,37403.76,37664.35,1941.276,1612472399999,72842815.19432,20691,1190.012,44668160.57539,0
1612472400000,37665.02,37767.70,37485.11,37588.49,2354.637,1612473299999,88634142.88943,24231,1240.185,46691239.85169,0
1612473300000,37587.39,37631.29,37333.90,37356.85,1832.386,1612474199999,68688606.81676,19038,894.452,33550510.75598,0
1612474200000,37356.84,37612.16,37336.43,37586.22,1897.933,1612475099999,71095594.92351,19128,992.175,37173343.00249,0
1612475100000,37586.24,37741.28,37455.00,37683.10,1637.971,1612475999999,61618021.60508,18971,688.483,25907519.87716,0
1612476000000,37683.11,37741.00,37389.26,37394.79,1484.882,1612476899999,55804844.22124,16607,603.216,22668472.16058,0
1612476900000,37393.85,37434.39,37050.00,37234.53,3699.684,1612477799999,137693233.36471,34203,1599.619,59571830.86264,0
1612477800000,37234.53,37260.00,37072.80,37235.92,1327.062,1612478699999,49347706.51743,16324,693.934,25810731.40823,0
1612478700000,37235.92,37342.99,37000.00,37292.27,2197.780,1612479599999,81731919.04168,22445,1000.025,37210912.89437,0
1612479600000,37293.01,37430.98,37180.31,37255.01,1265.136,1612480499999,47185427.23752,17330,668.503,24937930.58658,0
1612480500000,37253.82,37391.42,37210.00,37340.70,1151.865,1612481399999,42982611.81129,16035,543.318,20274869.32136,0
1612481400000,37340.69,37370.65,37057.20,37101.64,1545.782,1612482299999,57469827.29861,18660,686.225,25515816.01972,0
1612482300000,37105.05,37133.34,36867.54,36976.93,2993.600,1612483199999,110687691.84451,27946,1258.102,46528766.80728,0
1612483200000,36975.19,37226.66,36825.96,37043.75,2880.987,1612484099999,106630548.09310,31522,1433.001,53077858.97552,0
1612484100000,37043.74,37220.96,36972.78,37145.68,1650.238,1612484999999,61227265.22614,18654,921.346,34191679.71375,0
1612485000000,37146.90,37278.53,37080.03,37195.62,1083.046,1612485899999,40256322.27806,15789,567.230,21087638.07610,0
1612485900000,37190.88,37245.30,36980.00,37030.23,1231.524,1612486799999,45707999.99435,16988,461.180,17122353.79227,0
1612486800000,37030.23,37289.44,36940.06,37272.59,1603.612,1612487699999,59546166.45521,20258,802.912,29820059.57065,0
1612487700000,37272.60,37345.32,37204.30,37215.04,1252.501,1612488599999,46698348.88800,16892,617.905,23040111.72254,0
1612488600000,37215.03,37278.15,36953.17,37012.31,1736.410,1612489499999,64448783.51653,18149,811.670,30127897.37398,0
1612489500000,37010.20,37010.20,36586.68,36673.79,3174.148,1612490399999,116897159.99315,30223,1409.477,51952988.37923,0
1612490400000,36670.90,36870.00,36642.89,36821.40,1874.721,1612491299999,68950827.30714,20944,1090.266,40095777.56564,0
1612491300000,36821.39,36880.12,36630.00,36757.68,1538.514,1612492199999,56574429.64723,18231,742.156,27298929.20688,0
1612492200000,36757.05,36885.12,36750.00,36839.40,1161.457,1612493099999,42770465.02930,13811,625.956,23053889.57785,0
1612493100000,36839.40,37028.93,36805.00,36983.26,1783.722,1612493999999,65825687.33359,18001,993.213,36663535.66298,0
1612494000000,36983.25,37329.17,36936.08,37306.29,3185.098,1612494899999,118275060.40394,29565,1911.771,70996860.47106,0
1612494900000,37306.29,37400.00,37217.87,37280.40,2068.828,1612495799999,77195315.05899,24465,886.688,33092540.03513,0
1612495800000,37280.02,37449.52,37265.49,37393.07,1830.298,1612496699999,68417018.26159,20326,764.796,28591348.33847,0
1612496700000,37393.07,37429.50,37290.00,37424.55,1133.163,1612497599999,42332594.81616,15255,515.925,19276544.70707,0
1612497600000,37424.55,37475.00,37298.25,37408.70,1352.339,1612498499999,50543828.19226,18591,661.707,24736440.40800,0
1612498500000,37408.70,37574.92,37269.82,37396.59,2314.923,1612499399999,86571060.88486,25637,1170.656,43796375.59006,0
1612499400000,37396.50,37418.81,37250.00,37376.00,1255.333,1612500299999,46871189.45398,17804,470.484,17567904.62995,0
1612500300000,37375.99,37387.06,37265.00,37311.66,819.884,1612501199999,30607556.68499,11938,336.251,12552540.85669,0
1612501200000,37311.67,37405.18,37283.72,37345.52,952.305,1612502099999,35571696.28276,14575,502.941,18787849.31195,0
1612502100000,37345.52,37372.56,37052.09,37170.15,1691.714,1612502999999,62904961.00100,21339,693.264,25775414.45782,0
1612503000000,37170.16,37291.97,37111.47,37257.70,1355.231,1612503899999,50436038.25282,17194,627.308,23348191.81310,0
1612503900000,37259.99,37317.80,37100.00,37106.66,1242.883,1612504799999,46289413.17890,14905,631.571,23528081.96901,0
1612504800000,37106.83,37270.09,37057.01,37251.42,1637.431,1612505699999,60865068.37057,18791,954.763,35495017.51483,0
1612505700000,37254.96,37710.00,37202.99,37546.08,3825.026,1612506599999,143342819.16327,33812,2289.326,85794277.77886,0
1612506600000,37545.95,37739.37,37420.37,37497.93,3799.659,1612507499999,142656054.02446,31591,1966.077,73837448.94216,0
1612507500000,37496.60,37549.91,37380.82,37422.39,1262.746,1612508399999,47288934.14490,17441,633.106,23713935.50746,0
1612508400000,37422.72,37628.76,37422.72,37460.00,1778.245,1612509299999,66735331.52554,20497,989.000,37112764.74389,0
1612509300000,37460.00,37780.00,37457.04,37716.30,2726.919,1612510199999,102686611.20241,25802,1476.628,55593743.03474,0
1612510200000,37716.30,37741.28,37562.03,37602.00,1211.300,1612511099999,45571266.58941,16754,571.985,21518564.91582,0
1612511100000,37604.04,37735.56,37553.60,37708.46,1490.179,1612511999999,56088593.29802,18482,824.062,31020590.17697,0
1612512000000,37708.46,37867.10,37660.59,37803.04,2556.934,1612512899999,96567850.02018,29209,1321.907,49931262.44712,0
1612512900000,37803.04,37803.05,37451.00,37546.33,2397.166,1612513799999,90156445.79614,26276,921.469,34651254.52386,0
1612513800000,37546.33,37648.63,37500.00,37607.75,1370.939,1612514699999,51516323.43860,16622,778.916,29273736.20687,0
1612514700000,37607.31,37800.00,37607.31,37772.46,1772.188,1612515599999,66877406.37962,20247,997.925,37661235.93549,0
1612515600000,37772.47,37840.00,37675.30,37734.45,1764.625,1612516499999,66610519.50814,20136,933.384,35238700.08916,0
1612516500000,37734.45,37749.78,37553.53,37618.51,1921.969,1612517399999,72341519.15669,20547,851.645,32055972.72485,0
1612517400000,37618.52,37671.76,37550.00,37600.30,1033.541,1612518299999,38869024.77346,14447,546.254,20546795.48358,0
1612518300000,37604.70,37650.00,37242.67,37311.35,3362.987,1612519199999,125837868.96250,28518,1318.830,49358803.68462,0
1612519200000,37309.14,37580.41,37244.25,37549.25,2795.718,1612520099999,104593103.90124,27932,1614.289,60407734.19412,0
1612520100000,37549.26,37735.41,37549.26,37595.52,2022.546,1612520999999,76131060.46413,24228,960.516,36158093.34376,0
1612521000000,37595.51,37618.08,37469.84,37552.82,1394.200,1612521899999,52337233.76105,17449,677.559,25438373.97670,0
1612521900000,37552.82,37552.82,37409.89,37451.54,1278.706,1612522799999,47920286.43815,16106,532.696,19963612.75369,0
1612522800000,37451.54,37613.09,37443.50,37548.63,1394.254,1612523699999,52353200.31714,18467,687.403,25813864.82451,0
1612523700000,37548.63,37781.07,37510.00,37759.99,1980.389,1612524599999,74577121.20172,23004,1110.727,41832854.98695,0
1612524600000,37759.99,37780.67,37605.15,37633.26,1569.019,1612525499999,59144032.57676,20989,720.400,27157920.35809,0
1612525500000,37629.11,37765.05,37615.01,37745.41,927.456,1612526399999,34955073.38552,14589,521.279,19645715.55380,0
1612526400000,37745.40,37762.29,37567.21,37659.99,1827.075,1612527299999,68809618.18175,22496,887.567,33426644.22984,0
1612527300000,37660.00,38080.21,37631.50,37991.46,4929.956,1612528199999,186959313.05256,44369,2771.669,105113935.76444,0
1612528200000,37991.46,38219.00,37990.00,38105.18,4312.234,1612529099999,164353761.62336,42133,2256.513,86015882.03065,0
1612529100000,38105.00,38143.05,37871.00,37916.26,2784.465,1612529999999,105828194.44361,27640,1162.749,44192367.47597,0
1612530000000,37916.26,38047.38,37910.37,38018.86,1888.831,1612530899999,71751210.02208,21930,968.781,36806518.58242,0
1612530900000,38011.01,38028.49,37892.04,37965.20,1666.152,1612531799999,63209730.56969,20255,737.886,27996653.13905,0
1612531800000,37965.20,38039.68,37817.50,38027.70,1940.622,1612532699999,73552453.14076,21403,946.108,35874345.73013,0
1612532700000,38029.92,38411.82,37979.19,38333.60,6560.195,1612533599999,250785746.39219,53378,3728.503,142549296.54406,0
1612533600000,38329.03,38369.31,38176.00,38200.77,2623.868,1612534499999,100341046.40496,27258,1130.008,43221123.75405,0
1612534500000,38200.78,38214.00,38012.00,38136.88,2724.636,1612535399999,103871330.37123,27807,1202.678,45857305.66517,0
1612535400000,38133.66,38276.94,38070.60,38271.42,1792.980,1612536299999,68425648.11430,20575,1091.911,41681752.47782,0
1612536300000,38273.08,38339.50,38110.23,38138.52,2750.837,1612537199999,105159143.39615,30121,1357.981,51919149.76843,0
1612537200000,38138.14,38194.38,37919.00,38036.62,2774.996,1612538099999,105595870.18139,30001,1243.910,47352405.59695,0
1612538100000,38038.75,38206.73,38019.42,38109.62,2167.533,1612538999999,82638921.01219,23295,1164.407,44391278.89242,0
1612539000000,38109.82,38380.00,38087.91,38206.33,2899.254,1612539899999,110914239.55358,29394,1429.760,54707044.02785,0
1612539900000,38206.33,38250.00,37900.00,38006.64,3326.210,1612540799999,126658977.89367,33300,1411.189,53765323.02937,0
1612540800000,38006.64,38199.77,37626.00,38038.19,7863.382,1612541699999,298674051.70127,67362,3413.563,129722594.75956,0
1612541700000,38038.20,38175.16,38017.90,38062.90,2062.567,1612542599999,78590900.24497,20707,1001.484,38161000.88196,0
1612542600000,38062.38,38125.00,37831.00,37897.83,1986.459,1612543499999,75429279.14591,23023,779.898,29619422.32715,0
1612543500000,37897.83,37963.43,37700.00,37855.58,2332.974,1612544399999,88269377.13417,26110,1075.638,40707949.62712,0
1612544400000,37855.10,37992.72,37768.24,37873.97,2285.021,1612545299999,86560425.26130,24204,1100.255,41698260.51746,0
1612545300000,37873.97,37949.54,37821.54,37913.01,1293.489,1612546199999,49014059.58071,16483,661.986,25086778.02160,0
1612546200000,37917.89,37978.92,37851.41,37888.00,1045.590,1612547099999,39642020.55648,14681,512.446,19429458.37103,0
1612547100000,37888.00,38004.64,37827.62,37938.35,1245.595,1612547999999,47224413.84865,15500,768.872,29154202.65082,0
1612548000000,37944.20,37981.50,37800.00,37810.00,1224.747,1612548899999,46379645.08859,16778,588.750,22298725.72442,0
1612548900000,37810.01,37835.81,37749.58,37767.38,1173.371,1612549799999,44337936.18454,17131,502.892,19005530.53429,0
1612549800000,37767.37,37867.89,37634.00,37655.44,2087.069,1612550699999,78776158.12775,23845,886.658,33479353.46951,0
1612550700000,37655.44,37720.30,37254.94,37453.90,4277.242,1612551599999,160542536.62350,42342,1544.238,58020492.02920,0
1612551600000,37453.90,37611.00,37250.00,37349.80,4104.407,1612552499999,153754385.68409,36906,1714.900,64268820.09913,0
1612552500000,37350.24,37575.25,37336.51,37510.28,2701.765,1612553399999,101285164.55269,25166,1493.815,56000937.29673,0
1612553400000,37510.28,37630.00,37502.05,37605.25,1613.733,1612554299999,60639074.07064,16279,920.756,34602563.24604,0
1612554300000,37605.26,37700.00,37576.50,37638.22,2100.722,1612555199999,79064900.29587,18757,1275.859,48021882.66917,0
1612555200000,37638.77,37722.57,37508.68,37699.03,2244.094,1612556099999,84423831.60639,21874,1059.193,39855191.06240,0
1612556100000,37699.02,37723.94,37601.19,37660.61,977.488,1612556999999,36822173.39612,13539,488.890,18417701.01353,0
1612557000000,37660.62,37777.00,37641.00,37737.99,1515.205,1612557899999,57125723.54980,16712,787.133,29677741.73238,0
1612557900000,37737.00,37812.74,37712.00,37760.09,1091.711,1612558799999,41216386.74154,13823,654.323,24704662.05075,0
1612558800000,37760.08,37969.00,37685.08,37872.91,1939.507,1612559699999,73379234.06061,21876,1082.790,40984299.19848,0
1612559700000,37872.92,37893.52,37763.79,37770.72,1090.274,1612560599999,41226289.82176,15300,502.480,19001957.62844,0
1612560600000,37770.72,37856.61,37706.18,37830.38,958.554,1612561499999,36220161.45017,13345,488.095,18444009.38034,0
1612561500000,37830.38,37886.43,37786.36,37851.92,858.833,1612562399999,32502932.52532,12966,422.461,15990177.09302,0
1612562400000,37851.92,37889.72,37678.56,37755.05,1130.166,1612563299999,42712159.57797,15230,407.552,15408223.16287,0
1612563300000,37755.05,38015.72,37731.55,37986.31,1749.052,1612564199999,66350277.01339,20348,926.195,35136886.36690,0
1612564200000,37986.31,37986.78,37821.28,37891.28,1219.139,1612565099999,46217245.51384,15777,612.343,23215645.69378,0
1612565100000,37891.28,37919.97,37803.00,37823.28,988.516,1612565999999,37435092.75935,14157,500.874,18970222.21256,0
1612566000000,37823.29,38056.98,37785.00,37979.45,1387.479,1612566899999,52674300.61056,17657,719.496,27312746.07725,0
1612566900000,37979.46,38020.00,37944.27,37968.52,638.994,1612567799999,24268656.86701,11382,289.878,11010111.47132,0
1612567800000,37968.51,37968.52,37892.19,37918.40,765.910,1612568699999,29047884.74606,11364,357.283,13550884.56950,0
1612568700000,37918.41,38393.93,37911.15,38362.65,3907.524,1612569599999,149361157.44732,35372,2320.795,88724259.58754,0
1612569600000,38357.17,38731.61,38269.00,38522.22,7148.922,1612570499999,275481537.44782,58225,3722.711,143436609.28646,0
1612570500000,38522.22,38522.23,38355.00,38486.73,2748.218,1612571399999,105654165.12881,25707,1321.045,50791515.36199,0
1612571400000,38486.74,38906.49,38437.93,38717.21,4733.145,1612572299999,183237199.34521,40256,2663.225,103111351.94377,0
1612572300000,38715.15,38937.78,38620.00,38779.44,3554.578,1612573199999,137889711.72685,32243,1796.198,69693851.99933,0
1612573200000,38779.45,39099.64,38647.47,39040.04,4419.491,1612574099999,171834804.29838,37333,2517.389,97900904.60076,0
1612574100000,39040.04,39492.38,38918.51,39401.02,7661.528,1612574999999,300531352.75958,66531,4207.271,165053729.03490,0
1612575000000,39401.01,39585.48,39118.26,39308.62,7573.672,1612575899999,298007258.38560,60447,3694.638,145445389.55260,0
1612575900000,39308.63,39308.63,38312.23,38848.77,12219.833,1612576799999,473960452.47705,97661,5566.080,215831815.01107,0
1612576800000,38848.76,39148.13,38650.00,38826.34,4740.350,1612577699999,184542050.30478,45180,2210.330,86087919.48256,0
1612577700000,38826.34,39083.79,38744.15,39016.60,2419.155,1612578599999,94262770.52414,25229,1331.215,51885753.95411,0
1612578600000,39010.28,39547.50,38870.96,39509.00,4486.311,1612579499999,176198305.30927,42433,2452.802,96369188.79402,0
1612579500000,39509.00,39550.00,39300.00,39424.27,3734.430,1612580399999,147251543.35408,35987,1749.826,69026506.58613,0
1612580400000,39424.25,39547.00,39218.69,39374.88,3645.113,1612581299999,143684762.66933,35253,1675.438,66065849.86792,0
1612581300000,39378.85,39800.00,39344.38,39400.00,5619.752,1612582199999,222444021.21632,45530,3307.478,130979623.72391,0
1612582200000,39400.00,39536.37,39277.00,39340.01,2218.940,1612583099999,87425262.27131,25362,1076.391,42414192.30978,0
1612583100000,39341.69,39479.63,39281.94,39441.31,1478.408,1612583999999,58259742.90326,18859,781.753,30809745.11890,0
1612584000000,39440.83,39441.31,39100.00,39155.05,2854.178,1612584899999,111950231.13203,31584,1336.566,52432399.08912,0
1612584900000,39155.04,39338.42,39000.00,39285.30,2144.615,1612585799999,84074054.02179,24904,1086.601,42609604.70311,0
1612585800000,39285.27,39373.23,39216.14,39310.00,1192.222,1612586699999,46856330.97574,18185,608.745,23928233.34481,0
1612586700000,39309.99,39333.06,39187.59,39228.77,1047.703,1612587599999,41127607.02013,15990,549.360,21567305.66595,0
1612587600000,39228.76,39299.00,38800.23,38899.73,2806.346,1612588499999,109516245.66479,31172,1111.872,43411095.38032,0
1612588500000,38900.00,39139.71,38900.00,39117.99,1668.363,1612589399999,65131810.15659,19722,930.389,36324154.64567,0
1612589400000,39118.00,39129.99,38914.01,39009.61,1378.890,1612590299999,53796900.12589,18349,592.897,23130815.96790,0
1612590300000,39009.61,39149.12,39009.61,39071.51,963.770,1612591199999,37672418.20315,13959,527.270,20611322.05520,0
1612591200000,39071.51,39243.89,39044.24,39154.61,1938.039,1612592099999,75870099.57808,21716,1124.419,44026028.33774,0
1612592100000,39154.00,39456.78,39147.50,39419.70,2467.146,1612592999999,97008145.54835,28028,1509.644,59360550.90213,0
1612593000000,39419.70,39482.85,39313.00,39393.81,1960.966,1612593899999,77263898.51496,20903,899.585,35447648.56504,0
1612593900000,39391.69,39430.00,39303.41,39314.38,1281.370,1612594799999,50429956.39024,14952,555.884,21880022.79719,0
1612594800000,39314.29,39534.00,39237.00,39418.95,2209.807,1612595699999,87071143.68736,24547,1151.978,45406214.97825,0
1612595700000,39418.96,39478.93,39290.00,39340.01,1178.993,1612596599999,46433249.11050,16812,584.201,23008148.76299,0
1612596600000,39340.01,39379.00,39260.00,39312.15,996.782,1612597499999,39193379.62835,14740,405.732,15956020.02092,0
1612597500000,39312.15,39460.93,39200.00,39410.68,1888.455,1612598399999,74312929.87878,20735,1000.411,39376545.44130,0
1612598400000,39410.69,39716.00,39410.68,39604.57,3745.957,1612599299999,148299977.24928,40891,1909.250,75577086.34562,0
1612599300000,39604.58,39768.40,39573.94,39646.89,2517.109,1612600199999,99865780.84843,27754,1151.145,45685448.01483,0
1612600200000,39646.88,39659.98,39447.00,39556.76,2419.766,1612601099999,95687039.37933,26452,1268.757,50176864.95520,0
1612601100000,39558.64,39589.25,39420.00,39476.01,1504.849,1612601999999,59413384.77293,19929,671.190,26501709.70780,0
1612602000000,39476.02,39961.90,39443.84,39822.83,4562.488,1612602899999,181567653.85817,45377,2566.563,102136343.80302,0
1612602900000,39823.39,39849.54,39560.88,39735.12,3368.739,1612603799999,133688861.36356,32445,1570.499,62326909.23195,0
1612603800000,39735.12,39886.26,39608.09,39757.80,2411.720,1612604699999,95863428.78982,24368,1214.621,48293472.04607,0
1612604700000,39758.87,39978.31,39649.00,39957.35,2763.044,1612605599999,110102597.38430,27779,1431.412,57054404.82044,0
1612605600000,39957.35,40023.15,39697.82,39868.50,3751.564,1612606499999,149635604.79220,37580,1910.235,76214048.66526,0
1612606500000,39868.50,39915.50,39717.13,39805.13,2345.004,1612607399999,93353629.26378,24161,1079.826,42995402.99943,0
1612607400000,39805.12,39847.85,39555.00,39824.26,3265.174,1612608299999,129668406.93151,30430,1467.572,58303164.87225,0
1612608300000,39824.73,40130.40,39782.82,40095.48,5003.236,1612609199999,200132745.83011,47782,2835.227,113427604.01104,0
1612609200000,40095.49,40400.00,40077.74,40347.35,7717.298,1612610099999,310471222.04665,69809,4233.241,170326327.78251,0
1612610100000,40347.34,40488.79,40212.07,40380.57,6031.448,1612610999999,243349415.00999,50726,3039.742,122693146.63467,0
1612611000000,40380.57,40500.00,40187.00,40452.66,4202.797,1612611899999,169501857.97764,39710,2089.515,84306124.65859,0
1612611900000,40455.38,40540.81,40207.00,40264.34,3854.926,1612612799999,155535346.63941,36213,1722.034,69507996.35531,0
1612612800000,40262.00,40400.00,40042.00,40114.68,4921.813,1612613699999,197988590.34071,41096,2147.816,86451796.54350,0
1612613700000,40114.67,40383.00,40114.67,40357.13,2540.895,1612614599999,102245119.03062,26799,1426.627,57411075.98115,0
1612614600000,40357.12,40510.00,40304.01,40320.36,2929.373,1612615499999,118352493.85803,31947,1457.961,58918831.05170,0
1612615500000,40319.20,40319.52,39935.58,39990.41,4341.821,1612616399999,174239960.62089,42587,1879.539,75453698.94635,0
1612616400000,39990.41,40198.55,39977.59,40145.99,2995.520,1612617299999,120122641.63599,30775,1685.391,67594080.22186,0
1612617300000,40145.98,40337.00,40050.00,40272.01,2614.314,1612618199999,105136673.83340,29545,1299.578,52271423.10456,0
1612618200000,40272.01,40319.82,40155.89,40250.01,1736.210,1612619099999,69883499.40398,20611,822.417,33107598.97368,0
1612619100000,40250.00,40296.10,40140.00,40190.52,1469.731,1612619999999,59071450.43026,20121,723.551,29081256.41988,0
1612620000000,40190.52,40398.48,40187.51,40332.05,2309.315,1612620899999,93131176.51707,26639,1182.822,47701849.55594,0
1612620900000,40337.88,40550.68,40326.19,40364.83,3662.061,1612621799999,148032083.19460,35214,2027.991,81988851.15454,0
1612621800000,40364.84,40653.68,40310.00,40551.75,4003.457,1612622699999,162180192.28605,40279,2256.744,91438830.58420,0
1612622700000,40551.76,40577.70,40300.00,40338.89,2596.595,1612623599999,104895945.24680,28723,1105.014,44636798.26513,0
1612623600000,40342.27,40545.43,40235.60,40501.85,2952.355,1612624499999,119206384.35124,31255,1527.241,61674041.86588,0
1612624500000,40501.86,40619.99,40464.08,40501.68,3062.478,1612625399999,124165946.03256,29887,1386.788,56233311.16404,0
1612625400000,40500.49,40780.00,40425.00,40648.96,4728.455,1612626299999,192169782.47036,44024,2729.059,110936232.12725,0
1612626300000,40648.96,40900.00,40580.00,40886.91,5162.643,1612627199999,210588609.84480,47418,2849.679,116267144.35443,0
1612627200000,40886.91,40992.40,40713.41,40795.70,7062.418,1612628099999,288560830.77717,62541,3285.215,134259510.89112,0
1612628100000,40795.70,40812.30,40600.00,40751.03,3351.695,1612628999999,136477784.98698,35277,1523.781,62057132.73928,0
1612629000000,40751.03,40845.00,40630.00,40700.49,2638.859,1612629899999,107467618.38891,29571,1398.832,56970891.70642,0
1612629900000,40700.50,40732.74,40570.01,40694.97,2274.707,1612630799999,92441010.22921,23477,1107.629,45018747.05979,0
1612630800000,40693.20,40750.00,40605.00,40609.75,2030.939,1612631699999,82605395.79111,20861,1038.931,42258712.62730,0
1612631700000,40610.00,40623.52,40441.00,40578.71,2995.474,1612632599999,121431960.47263,29277,1336.253,54179940.74931,0
1612632600000,40578.70,40724.00,40458.50,40704.09,2168.128,1612633499999,88008159.99763,21684,1078.291,43791985.60198,0
1612633500000,40704.09,40750.00,40240.69,40284.64,4239.665,1612634399999,171546993.13733,39045,1724.902,69842939.00326,0
1612634400000,40284.65,40376.47,40140.00,40236.53,3866.428,1612635299999,155590270.91144,38107,1847.168,74349641.10359,0
1612635300000,40238.76,40499.00,40190.01,40418.31,2783.243,1612636199999,112302140.51931,28307,1550.169,62548827.99664,0
1612636200000,40418.30,40490.14,40310.46,40445.59,2263.956,1612637099999,91529067.19079,20333,1084.932,43870977.70745,0
1612637100000,40445.59,40515.40,40284.62,40358.48,2018.787,1612637999999,81557341.69694,21632,888.377,35899556.83976,0
1612638000000,40358.47,40455.69,40277.40,40448.93,1359.301,1612638899999,54860676.85783,16437,704.091,28418894.38222,0
1612638900000,40448.93,40497.73,40315.19,40323.89,1652.120,1612639799999,66782809.61989,17114,790.117,31940775.52958,0
1612639800000,40323.89,40355.50,40030.64,40153.42,4253.842,1612640699999,170827139.65687,37579,1938.879,77880254.50763,0
1612640700000,40153.41,40279.06,40135.21,40258.99,1543.381,1612641599999,62079959.11933,17634,691.206,27806121.34818,0
1612641600000,40258.99,40258.99,40033.00,40095.24,2674.910,1612642499999,107276025.82092,24276,1399.288,56122693.79533,0
1612642500000,40093.31,40095.25,39701.00,39918.99,5627.504,1612643399999,224264831.33045,47559,2366.239,94291894.11447,0
1612643400000,39914.52,39936.65,39772.60,39887.81,1964.625,1612644299999,78287473.15972,19611,944.256,37628093.07953,0
1612644300000,39887.81,40162.00,39867.52,40159.00,2449.605,1612645199999,98014879.43584,23852,1415.934,56659119.32446,0
1612645200000,40158.99,40297.86,40133.24,40168.01,2303.495,1612646099999,92592667.87196,23484,1108.221,44552231.47471,0
1612646100000,40168.29,40325.20,40164.00,40255.00,1559.832,1612646999999,62813859.90287,17245,890.089,35847088.23029,0
1612647000000,40252.21,40314.17,40129.50,40191.44,1294.210,1612647899999,52061077.48666,15947,559.506,22511577.37886,0
1612647900000,40192.18,40261.52,40102.71,40113.35,1097.143,1612648799999,44097184.82724,13413,502.345,20192395.09856,0
1612648800000,40113.36,40500.00,40000.00,40451.51,2837.310,1612649699999,114260314.71792,31767,1605.194,64681347.69719,0
1612649700000,40451.50,40583.00,40320.00,40337.44,1871.829,1612650599999,75695369.69630,22807,1005.254,40666026.75501,0
1612650600000,40337.44,40398.86,40230.39,40325.28,1078.261,1612651499999,43483199.07659,15194,603.270,24331203.61189,0
1612651500000,40325.28,40325.68,40001.12,40094.85,1671.436,1612652399999,67115146.08193,21334,678.930,27263875.45227,0
1612652400000,40094.85,40094.85,39304.01,39459.60,6429.061,1612653299999,255048752.60509,60012,2488.091,98752631.59913,0
1612653300000,39459.60,39580.00,39200.00,39396.32,5455.679,1612654199999,214980109.34411,47068,2704.197,106604078.05379,0
1612654200000,39393.13,39516.00,39113.79,39321.49,5129.941,1612655099999,201572330.67618,42844,2337.531,91910667.31465,0
1612655100000,39321.12,39422.55,39100.00,39249.54,3006.885,1612655999999,118145098.66770,28164,1412.768,55529303.69682,0
1612656000000,39249.53,39317.53,38700.00,39317.53,9809.953,1612656899999,382763665.84834,86699,4338.893,169405735.94637,0
1612656900000,39317.53,39457.10,39218.98,39435.81,3331.239,1612657799999,131152121.99261,35736,1752.677,69011623.91893,0
1612657800000,39435.80,39666.05,39404.00,39541.45,2986.723,1612658699999,118099035.65496,31175,1574.078,62240915.92150,0
1612658700000,39540.00,39640.00,39470.00,39621.67,1568.159,1612659599999,62020495.06961,20289,690.144,27298220.69040,0
1612659600000,39622.79,39644.61,39296.00,39410.50,2022.728,1612660499999,79904976.76593,21940,767.855,30341370.97692,0
1612660500000,39410.50,39514.89,39234.00,39386.53,2862.148,1612661399999,112648182.73487,27731,1357.320,53427810.69523,0
1612661400000,39386.53,39592.63,39300.50,39335.20,1926.313,1612662299999,75994446.02062,21659,944.611,37272317.25669,0
1612662300000,39333.07,39335.63,38520.25,38674.27,9156.749,1612663199999,355676977.23752,77676,4005.386,155533907.64695,0
1612663200000,38674.27,38836.77,38515.00,38743.43,4888.168,1612664099999,189240927.98047,44505,2602.197,100762764.01900,0
1612664100000,38743.43,38743.43,38384.25,38733.27,5836.499,1612664999999,225011306.64494,53188,2517.946,97127303.62984,0
1612665000000,38733.27,38783.09,38589.67,38670.00,2506.485,1612665899999,96971587.31027,27981,1208.641,46765540.35284,0
1612665900000,38669.99,38880.87,38593.41,38799.99,2596.478,1612666799999,100686902.05992,26347,1371.409,53185527.07040,0
1612666800000,38799.99,38982.00,38696.50,38906.92,2240.470,1612667699999,87025468.28627,24407,1190.789,46267313.78873,0
1612667700000,38906.91,38972.50,38775.92,38869.57,1982.470,1612668599999,77085627.94942,22762,865.941,33673528.95425,0
1612668600000,38869.58,38897.66,38611.52,38800.48,2224.631,1612669499999,86165794.80369,23232,986.858,38226854.66483,0
1612669500000,38800.47,38952.10,38696.07,38904.05,2076.752,1612670399999,80647882.53210,21952,1005.551,39056857.01582,0
1612670400000,38902.63,38902.64,38680.00,38773.49,2152.013,1612671299999,83436620.85401,24488,1078.810,41828284.55791,0
1612671300000,38773.48,38793.90,38461.14,38500.00,2628.781,1612672199999,101451001.75678,25884,1082.541,41785870.19362,0
1612672200000,38500.01,38536.23,38068.00,38241.22,6911.019,1612673099999,264397978.00678,60515,2974.686,113816012.65678,0
1612673100000,38241.22,38400.00,37967.03,38357.99,4600.684,1612673999999,175705126.60334,44168,2260.908,86408240.32273,0
1612674000000,38357.99,38511.00,38260.62,38488.06,2491.621,1612674899999,95795380.35475,27792,1357.546,52203784.59596,0
1612674900000,38488.05,38522.00,38317.27,38376.33,2041.156,1612675799999,78409122.87744,22794,871.716,33497536.57401,0
1612675800000,38376.32,38724.46,38223.29,38649.99,3356.689,1612676699999,129129107.87895,31098,1985.986,76443555.14335,0
1612676700000,38650.00,38745.41,38551.71,38556.36,2089.634,1612677599999,80750170.15826,21487,1034.669,39993759.07794,0
1612677600000,38558.00,38650.00,38403.56,38432.40,1570.321,1612678499999,60482889.39605,19132,710.658,27370488.50332,0
1612678500000,38432.40,38674.21,38326.00,38563.48,2078.552,1612679399999,80083545.45628,21968,1031.722,39761489.95179,0
1612679400000,38563.48,38744.73,38505.79,38682.51,1898.545,1612680299999,73396095.05763,20342,1062.662,41083863.92495,0
1612680300000,38682.50,38700.99,38524.09,38569.29,1561.117,1612681199999,60267482.35969,16804,762.147,29423312.94053,0
1612681200000,38569.30,38974.00,38450.00,38974.00,3155.404,1612682099999,122373595.75476,31491,1845.194,71586170.50323,0
1612682100000,38973.99,39000.00,38769.47,38874.20,2379.441,1612682999999,92521551.95602,23904,1236.230,48079202.50996,0
1612683000000,38874.20,38907.04,38776.99,38838.98,1452.133,1612683899999,56389521.75283,15587,847.596,32917143.65068,0
1612683900000,38839.41,39150.00,38837.45,39056.38,3256.998,1612684799999,127159182.58545,29341,1905.451,74408510.51400,0
1612684800000,39056.38,39460.00,39053.40,39449.84,6510.870,1612685699999,255702421.25734,54277,3540.290,139020216.08913,0
1612685700000,39447.12,39533.62,39322.39,39404.13,4169.662,1612686599999,164404393.19430,34847,2051.244,80896220.63694,0
1612686600000,39404.13,39596.79,39350.00,39373.70,2720.831,1612687499999,107351889.29660,26553,1393.913,55016499.48466,0
1612687500000,39370.89,39559.60,39320.37,39545.48,2406.292,1612688399999,94871371.50220,22632,1347.356,53131994.15173,0
1612688400000,39545.49,39594.78,39356.00,39539.69,2034.159,1612689299999,80325956.07181,21997,1036.498,40936217.03104,0
1612689300000,39539.69,39630.00,39400.00,39458.65,2001.447,1612690199999,79054708.55335,21786,882.300,34856375.53252,0
1612690200000,39458.66,39656.72,39434.00,39589.52,1914.124,1612691099999,75714446.23901,21704,1053.451,41678911.55335,0
1612691100000,39589.51,39757.87,39474.32,39550.61,3345.936,1612691999999,132599348.14936,30703,1604.271,63596355.59693,0
1612692000000,39550.62,39552.80,39402.58,39423.69,1731.258,1612692899999,68325191.04911,20441,829.604,32741404.31551,0
1612692900000,39423.68,39736.00,39412.29,39464.25,2202.367,1612693799999,87215162.21759,25589,1136.103,44995991.16942,0
1612693800000,39464.25,39567.00,39207.70,39342.90,3263.778,1612694699999,128384941.99876,31270,1408.952,55435403.92596,0
1612694700000,39342.89,39435.50,39305.20,39395.05,1245.590,1612695599999,49041699.30594,15074,624.333,24585439.17560,0
1612695600000,39395.05,39440.00,39108.01,39222.29,2883.960,1612696499999,113183762.64889,26509,1181.189,46369292.11442,0
1612696500000,39222.29,39232.00,39008.16,39179.99,3070.837,1612697399999,120097004.87437,28265,1365.606,53414407.36236,0
1612697400000,39180.00,39228.21,38823.89,38920.00,3367.012,1612698299999,131384259.87284,30791,1370.750,53508765.98475,0
1612698300000,38920.00,39175.09,38881.54,39125.98,2668.365,1612699199999,104183587.84981,26857,1449.551,56605526.84909,0
1612699200000,39125.97,39350.00,39000.01,39189.60,3082.988,1612700099999,120880297.25850,31158,1577.071,61843387.27151,0
1612700100000,39189.59,39189.60,38602.00,38723.02,5891.435,1612700999999,228676361.43644,52347,2481.039,96285877.69900,0
1612701000000,38723.02,38918.88,38600.00,38707.40,3882.852,1612701899999,150552002.00708,36586,1987.852,77090033.08107,0
1612701900000,38710.05,38892.46,38703.69,38886.56,1815.912,1612702799999,70479279.95365,20109,948.095,36798121.73309,0
1612702800000,38886.56,39181.00,38822.77,39140.10,2998.593,1612703699999,116958418.98356,28328,1837.911,71707235.82261,0
1612703700000,39140.09,39186.91,38928.39,39050.00,2393.210,1612704599999,93455411.52083,23033,1141.729,44600746.89063,0
1612704600000,39050.00,39050.01,38436.76,38579.99,5946.375,1612705499999,229711109.43980,51834,2495.967,96404435.37882,0
1612705500000,38579.99,38802.49,38534.55,38693.82,3412.164,1612706399999,131975402.89515,30609,1758.496,68015972.63283,0
1612706400000,38693.83,38693.83,38260.88,38389.98,4704.508,1612707299999,180951662.43117,44150,1987.220,76445003.04762,0
1612707300000,38388.74,38678.99,38384.11,38616.71,2723.884,1612708199999,105046925.50122,28501,1367.762,52745099.72931,0
1612708200000,38616.71,38777.00,38498.42,38550.98,2491.332,1612709099999,96204673.04345,27827,1198.841,46300841.54275,0
1612709100000,38550.97,38596.91,38212.00,38274.95,3908.331,1612709999999,149993110.68704,36008,1909.378,73278606.83544,0
1612710000000,38274.95,38453.00,38066.00,38096.86,4135.034,1612710899999,158223252.38745,40572,1764.605,67564107.07192,0
1612710900000,38099.41,38233.08,37600.00,37894.14,11496.278,1612711799999,435242404.77281,93433,5048.476,191205598.88563,0
1612711800000,37894.14,38130.00,37800.00,38104.87,4474.325,1612712699999,170067657.45863,40411,2404.219,91398108.32801,0
1612712700000,38104.88,38199.27,37830.00,37965.79,3526.401,1612713599999,134187171.34840,33518,1566.451,59621446.88953,0
1612713600000,37965.79,38190.46,37609.40,37619.99,6570.596,1612714499999,248867246.29187,66096,2811.000,106521062.22182,0
1612714500000,37619.99,37890.00,37403.27,37802.34,7871.143,1612715399999,296030280.54875,72515,3583.383,134849054.49019,0
1612715400000,37802.34,37960.00,37715.88,37936.96,2463.451,1612716299999,93242526.59194,29860,1233.577,46702406.70244,0
1612716300000,37936.95,38296.11,37914.13,38231.77,5216.429,1612717199999,198796774.99050,43137,3106.905,118402281.67429,0
1612717200000,38230.21,38259.00,38071.44,38139.29,2695.933,1612718099999,102915576.34795,25695,1370.841,52340107.74512,0
1612718100000,38139.29,38265.00,38011.11,38088.66,2293.940,1612718999999,87551400.18821,25695,1110.884,42414438.88889,0
1612719000000,38088.68,38271.19,37939.00,38067.16,2976.473,1612719899999,113367069.60016,29691,1412.830,53835071.59300,0
1612719900000,38067.17,38125.00,37755.00,37916.75,3646.856,1612720799999,138217318.38928,30018,1845.714,69964568.46343,0
1612720800000,37916.74,38126.71,37904.05,38089.90,2228.817,1612721699999,84760050.44529,24145,1124.024,42745119.13630,0
1612721700000,38089.90,38178.13,38026.88,38137.83,1349.141,1612722599999,51420827.04711,17077,823.196,31381086.97103,0
1612722600000,38138.23,38240.94,38043.24,38235.00,1700.561,1612723499999,64859937.31091,18901,898.161,34262357.50654,0
1612723500000,38234.99,38400.00,38187.26,38285.02,2393.789,1612724399999,91754310.95716,24735,1277.351,48966171.65476,0
1612724400000,38285.02,38476.23,38283.21,38384.42,2151.827,1612725299999,82616957.10736,22262,1185.179,45508580.13283,0
1612725300000,38384.42,38435.56,38260.19,38430.00,1508.291,1612726199999,57847778.61091,16703,611.781,23472212.93531,0
1612726200000,38430.00,38500.00,38310.63,38349.24,1771.819,1612727099999,68049920.68232,18131,1008.368,38728569.42498,0
1612727100000,38349.24,38390.00,38031.17,38108.75,2504.746,1612727999999,95736313.51952,22247,810.010,30970306.58092,0
1612728000000,38108.36,38168.94,37743.54,38013.92,5028.397,1612728899999,190730481.28894,41375,2386.162,90499393.30476,0
1612728900000,38013.71,38179.21,37955.00,38103.58,2212.599,1612729799999,84190474.48188,21914,1105.425,42072470.65908,0
1612729800000,38105.01,38388.55,38103.22,38375.24,2201.813,1612730699999,84231069.37353,22809,1052.724,40278864.56443,0
1612730700000,38375.24,38547.89,38337.96,38520.00,1959.990,1612731599999,75341051.15349,21549,1033.056,39721374.25770,0
1612731600000,38519.99,38647.81,38447.65,38490.00,2909.230,1612732499999,112091509.61910,24664,1376.007,53031697.51095,0
1612732500000,38490.00,38541.39,38410.00,38471.54,1603.436,1612733399999,61695538.13762,15998,684.575,26341968.28584,0
1612733400000,38471.54,38650.00,38453.48,38547.54,1552.469,1612734299999,59850114.82350,17647,836.546,32249616.46091,0
1612734300000,38547.55,38676.00,38503.09,38570.00,1543.987,1612735199999,59569488.44567,16088,845.644,32629066.19694,0
1612735200000,38570.01,38659.01,38414.43,38617.61,1558.745,1612736099999,60065699.01154,17381,676.495,26070331.76651,0
1612736100000,38617.61,38700.00,38351.58,38357.83,1445.899,1612736999999,55733042.34756,20140,582.152,22449354.91293,0
1612737000000,38356.03,38522.75,38350.00,38499.76,1182.200,1612737899999,45438294.33574,16351,665.208,25569448.60602,0
1612737900000,38499.77,38880.00,38497.68,38835.34,2096.742,1612738799999,81251395.91494,24130,1181.863,45796680.07309,0
1612738800000,38835.34,39096.86,38750.00,39020.01,2771.023,1612739699999,107880629.72814,30363,1563.070,60866357.28771,0
1612739700000,39020.00,39144.19,38951.00,39022.65,1936.300,1612740599999,75545108.18407,21258,975.321,38060616.64843,0
1612740600000,39022.65,39087.98,38982.70,39030.51,1367.338,1612741499999,53366216.46609,15602,733.918,28646699.86280,0
1612741500000,39030.51,39069.96,38826.04,38849.25,1947.762,1612742399999,75848773.68668,20264,831.023,32367386.60034,0
1612742400000,38849.24,39185.93,38761.15,39106.89,2927.470,1612743299999,114065442.98546,30328,1663.808,64853950.15937,0
1612743300000,39106.90,39142.70,38820.53,38870.01,1608.585,1612744199999,62683043.47758,20094,693.270,27013543.25000,0
1612744200000,38870.01,38895.00,38703.40,38791.15,1974.806,1612745099999,76591979.26931,19835,916.762,35561596.05381,0
1612745100000,38791.16,38840.00,38725.15,38774.60,1256.073,1612745999999,48724185.47656,15428,592.667,22991356.09183,0
1612746000000,38774.61,38954.87,38626.23,38933.50,2168.693,1612746899999,84146717.99954,21783,1124.970,43669571.47246,0
1612746900000,38933.72,38934.06,38651.00,38680.04,1612.178,1612747799999,62502069.67152,18285,700.407,27153278.24391,0
1612747800000,38679.26,38689.35,38486.90,38606.27,2151.122,1612748699999,83006691.78956,22330,863.719,33330792.98083,0
1612748700000,38602.14,38672.00,38555.00,38581.73,1322.262,1612749599999,51072132.75740,14372,551.169,21291857.12055,0
1612749600000,38581.73,38710.00,38410.78,38646.24,1921.786,1612750499999,74125929.80735,21150,913.435,35245180.03520,0
1612750500000,38646.24,38700.00,38415.83,38585.63,1344.554,1612751399999,51820065.04626,15844,681.020,26245020.02909,0
1612751400000,38586.00,38624.49,38323.00,38476.01,1840.525,1612752299999,70739345.92184,20176,821.967,31595397.74428,0
1612752300000,38476.00,38476.01,38210.00,38308.39,1959.823,1612753199999,75091227.77233,21793,802.820,30761252.65592,0
1612753200000,38308.40,38432.00,38190.20,38413.83,1573.704,1612754099999,60327098.58590,17617,733.766,28137521.22272,0
1612754100000,38413.83,38549.00,38279.56,38411.36,1800.719,1612754999999,69179194.74912,19260,920.606,35372681.88488,0
1612755000000,38410.75,38530.00,38318.49,38469.11,1309.384,1612755899999,50331326.40930,15313,777.448,29884954.62770,0
1612755900000,38469.12,38500.00,38050.00,38120.84,3690.594,1612756799999,141108130.83404,30315,1507.945,57633291.37303,0
1612756800000,38120.84,38469.00,38037.00,38424.26,2640.410,1612757699999,101066914.69163,26080,1552.583,59404583.38704,0
1612757700000,38424.26,38689.96,38415.18,38637.12,2387.494,1612758599999,92118625.91651,23195,1430.331,55188858.07670,0
1612758600000,38637.13,38720.00,38560.77,38628.48,2211.983,1612759499999,85473816.37591,19841,1257.084,48576358.17226,0
1612759500000,38626.53,38689.88,38572.16,38620.72,1198.172,1612760399999,46268418.27450,14137,489.348,18900541.05239,0
1612760400000,38620.72,38744.73,38477.00,38619.51,2619.080,1612761299999,101197754.29190,23849,1301.334,50291352.88432,0
1612761300000,38619.51,38813.99,38591.37,38688.25,1197.477,1612762199999,46321339.51613,15919,680.757,26340854.39914,0
1612762200000,38688.25,38909.51,38656.97,38857.26,1855.735,1612763099999,71984052.86249,19090,1021.953,39640207.92199,0
1612763100000,38857.26,38889.00,38675.50,38718.52,1386.226,1612763999999,53728844.28847,16187,699.818,27126708.07375,0
1612764000000,38718.53,39042.97,38653.78,39035.00,2013.184,1612764899999,78268908.81419,21869,1217.222,47338285.51886,0
1612764900000,39035.00,39274.00,39005.38,39164.71,3196.156,1612765799999,125079130.23869,32696,1829.724,71607218.08802,0
1612765800000,39164.71,39199.31,39060.00,39095.00,1461.152,1612766699999,57173497.05172,16585,665.859,26056976.79243,0
1612766700000,39095.01,39144.04,38929.56,39067.83,2293.259,1612767599999,89569559.07672,20916,950.224,37125844.63301,0
1612767600000,39067.83,39108.00,38929.13,39019.42,1434.378,1612768499999,55971842.83210,15751,643.082,25099864.52608,0
1612768500000,39019.42,39161.00,38980.00,39161.00,1207.113,1612769399999,47147480.90593,14758,732.434,28612581.28748,0
1612769400000,39161.00,39450.00,39158.02,39306.72,3071.434,1612770299999,120863040.25656,30121,1748.399,68796102.23075,0
1612770300000,39306.72,39376.29,39233.00,39307.82,1654.913,1612771199999,65028901.54699,16766,913.514,35898988.60374,0
1612771200000,39307.82,39404.93,39174.00,39284.39,2113.678,1612772099999,83001003.23953,21069,1007.808,39580425.73421,0
1612772100000,39282.71,39359.07,39172.00,39244.47,1766.590,1612772999999,69348376.04470,18953,734.491,28837811.06711,0
1612773000000,39244.47,39322.00,39127.32,39138.05,1382.579,1612773899999,54244117.21300,16105,702.817,27582032.90366,0
1612773900000,39138.05,39252.04,39090.39,39234.09,1401.281,1612774799999,54900501.03303,17127,633.993,24845117.30252,0
1612774800000,39233.49,39430.78,39233.48,39312.50,2234.858,1612775699999,87927019.87030,23146,1068.304,42033426.12499,0
1612775700000,39312.51,39386.26,39022.13,39086.61,1674.702,1612776599999,65626744.22212,20433,758.892,29740468.31504,0
1612776600000,39085.77,39177.00,38994.27,39098.05,1641.811,1612777499999,64171002.34166,18810,748.048,29244460.43767,0
1612777500000,39098.19,39164.56,38950.00,39031.12,1659.517,1612778399999,64818638.04338,17114,670.309,26191056.59971,0
1612778400000,39031.12,39119.17,38920.38,39063.56,1893.768,1612779299999,73906004.58358,18710,787.967,30760823.65101,0
1612779300000,39063.56,39168.00,39002.01,39146.36,1229.187,1612780199999,48049235.74019,15971,643.493,25158231.04084,0
1612780200000,39145.75,39383.02,39126.66,39350.00,2267.167,1612781099999,89058012.98273,23520,1237.097,48583430.00092,0
1612781100000,39350.00,39500.00,39290.00,39486.23,2622.210,1612781999999,103377307.13068,25906,1489.523,58732220.68179,0
1612782000000,39485.54,39570.00,39430.73,39477.01,2671.300,1612782899999,105523056.89497,28265,1298.924,51317753.21075,0
1612782900000,39477.02,39508.44,39370.00,39466.92,1325.176,1612783799999,52268384.14166,17988,512.379,20212236.42366,0
1612783800000,39466.92,39547.13,39400.00,39470.11,1323.113,1612784699999,52228485.75962,16769,622.421,24572542.94338,0
1612784700000,39470.11,39529.66,39404.03,39495.35,1466.261,1612785599999,57871302.73727,16297,775.519,30610803.59701,0
1612785600000,39495.35,39658.45,39237.12,39260.58,5092.633,1612786499999,200771377.57986,41682,2435.041,96060672.25221,0
1612786500000,39260.59,39336.71,39220.00,39295.88,1752.079,1612787399999,68839507.46383,19986,828.787,32566190.16051,0
1612787400000,39295.87,40680.00,39160.56,40560.80,9675.766,1612788299999,385761928.51820,73460,6323.168,252169944.53658,0
1612788300000,40560.80,43880.00,40542.00,43506.10,33789.606,1612789199999,1418426776.75896,342350,18552.389,778572234.90062,0
1612789200000,43505.90,44040.39,42470.00,42932.86,18693.487,1612790099999,808601793.68088,215662,8902.787,385253218.78583,0
1612790100000,42932.86,45063.24,42710.50,44074.42,19186.238,1612790999999,842280204.29808,185730,10247.322,450079737.32504,0
1612791000000,44081.05,44420.00,43511.86,43801.43,14194.462,1612791899999,624142674.42710,140493,7000.297,307905854.04862,0
1612791900000,43804.30,44269.30,43026.02,43078.22,16011.279,1612792799999,697925759.94941,137775,7427.161,323969975.24606,0
1612792800000,43077.59,43783.70,43000.00,43563.01,9638.789,1612793699999,419211365.18481,90096,5057.776,220013571.47591,0
1612793700000,43563.01,44175.41,43549.82,43716.12,9272.263,1612794599999,406719996.14850,87385,4840.570,212379601.45936,0
1612794600000,43712.59,43800.00,43136.82,43170.00,6931.481,1612795499999,301166793.72866,72516,2930.368,127380776.44209,0
1612795500000,43170.01,43748.55,43159.05,43645.89,4516.262,1612796399999,196688782.96142,48712,2514.050,109478678.52300,0
1612796400000,43650.49,44104.15,43458.00,43483.76,6732.845,1612797299999,294665017.49389,65604,3404.546,149105719.33826,0
1612797300000,43483.77,44000.00,43409.60,43779.33,4713.908,1612798199999,206203892.41709,49672,2564.328,112200367.83714,0
1612798200000,43779.33,43993.34,43581.92,43709.90,3930.182,1612799099999,172004055.84571,44997,1981.243,86741737.97599,0
1612799100000,43709.90,44400.00,43509.01,43785.81,9916.244,1612799999999,434926263.80437,89232,5283.419,231950730.09138,0
1612800000000,43785.81,44380.00,43774.47,44243.08,11533.167,1612800899999,509532654.36969,105192,6005.440,265414977.17690,0
1612800900000,44243.07,44300.00,43400.15,43513.76,10562.372,1612801799999,462140439.90700,88961,4551.046,199149734.81475,0
1612801800000,43520.01,43614.81,43119.08,43399.97,7048.902,1612802699999,305498019.93754,63786,3422.678,148375819.60433,0
1612802700000,43399.97,43561.69,43242.40,43281.17,4060.367,1612803599999,176209984.70463,37390,2085.514,90538624.67392,0
1612803600000,43281.16,43517.88,42655.00,42854.66,11023.176,1612804499999,473521341.71366,89184,5140.286,220848185.87015,0
1612804500000,42853.76,43190.00,42853.76,43009.15,3340.182,1612805399999,143790620.58280,35846,1601.389,68948537.29320,0
1612805400000,43011.64,43317.05,43004.93,43166.69,2979.538,1612806299999,128752041.32551,28676,1601.296,69202101.95347,0
1612806300000,43166.70,43354.67,43120.39,43179.79,1805.045,1612807199999,78026555.43448,22724,853.171,36886174.50613,0
1612807200000,43179.78,43248.92,42900.00,43044.32,2454.305,1612808099999,105631572.94754,27685,1015.853,43720972.36466,0
1612808100000,43044.32,43505.60,42812.00,43316.18,3449.371,1612808999999,148973844.04813,38080,1903.508,82251234.64767,0
1612809000000,43314.70,43339.63,42854.34,42898.48,2579.851,1612809899999,111314468.37534,29855,1048.901,45271251.51282,0
1612809900000,42898.47,43057.19,42649.00,42770.00,3628.919,1612810799999,155382020.22070,36974,1782.191,76336275.48978,0
1612810800000,42769.91,43246.37,42766.69,43002.28,3285.754,1612811699999,141297641.11052,33430,1783.936,76716640.07733,0
1612811700000,43005.23,43232.51,42812.18,43087.81,2438.929,1612812599999,104898408.07285,25502,1180.945,50819011.66587,0
1612812600000,43085.86,43211.65,42972.00,42992.05,2167.465,1612813499999,93404590.62956,23175,1077.538,46442386.56406,0
1612813500000,42992.04,43159.00,42703.78,43147.20,2575.877,1612814399999,110598637.67680,26578,1276.837,54841208.27288,0
1612814400000,43147.99,43384.69,43031.22,43233.97,3005.320,1612815299999,129857098.70487,28227,1640.755,70910656.08145,0
1612815300000,43233.97,43259.17,42989.00,43155.00,1864.718,1612816199999,80405186.96357,21256,940.009,40539223.11042,0
1612816200000,43153.28,43820.67,43137.92,43506.99,6242.791,1612817099999,271758673.68799,58818,3474.706,151270313.65328,0
1612817100000,43506.98,44340.00,43501.77,44227.53,8636.781,1612817999999,380249899.81364,73703,4815.914,211985543.36827,0
1612818000000,44229.03,44271.61,43968.70,44061.40,4670.888,1612818899999,206034517.80404,41601,2083.428,91924897.71754,0
1612818900000,44061.41,44490.00,43959.34,44471.93,4685.272,1612819799999,207426710.97935,45593,2559.666,113371952.21792,0
1612819800000,44469.96,44747.70,44164.73,44399.88,6269.132,1612820699999,278714998.55861,59777,3302.212,146863158.82151,0
1612820700000,44406.62,44914.70,44261.60,44722.00,5287.403,1612821599999,235890662.37553,49513,2840.418,126779655.08182,0
1612821600000,44722.00,45140.04,44450.00,44615.01,8032.145,1612822499999,359817984.20867,78753,3855.342,172842778.13500,0
1612822500000,44615.87,44621.61,44303.60,44508.17,3413.075,1612823399999,151683701.01920,39374,1500.495,66702078.94245,0
1612823400000,44508.17,44873.90,44385.03,44800.50,2633.347,1612824299999,117611881.88613,35904,1367.963,61100808.85599,0
1612824300000,44800.50,45250.00,44610.01,44762.16,6469.709,1612825199999,290812446.70889,67376,3175.160,142804667.28496,0
1612825200000,44762.16,45480.00,44663.87,45345.52,6899.269,1612826099999,311478271.25315,69538,3826.206,172705059.26863,0
1612826100000,45345.51,47146.00,45291.55,46258.32,17581.562,1612826999999,810466163.31541,166912,9447.060,435500558.80322,0
1612827000000,46258.43,46600.00,45758.83,46091.10,8172.446,1612827899999,377280626.99364,85847,3794.763,175270779.34453,0
1612827900000,46089.61,46653.52,45804.84,46451.32,6358.849,1612828799999,293961397.56505,65899,3115.027,144140513.44511,0
1612828800000,46451.32,47664.03,46234.58,46935.91,17128.675,1612829699999,805882326.16495,163680,8703.637,409696911.35104,0
1612829700000,46935.90,47181.20,46563.77,46790.40,6953.641,1612830599999,325651358.66020,71131,3135.067,146856549.77372,0
1612830600000,46785.92,47371.76,46760.50,47239.60,5634.325,1612831499999,264979322.86826,56727,3066.405,144273110.25748,0
1612831500000,47250.15,47291.60,46625.51,46877.01,5621.059,1612832399999,263817168.75058,51087,2336.623,109677633.17088,0
1612832400000,46877.02,46877.04,46319.30,46647.85,5736.840,1612833299999,267228727.51075,55793,2539.358,118340676.98722,0
1612833300000,46647.85,46888.93,46004.00,46182.88,4676.908,1612834199999,217205407.30617,49254,1906.292,88615423.85377,0
1612834200000,46189.63,46457.08,45944.04,46382.16,4836.138,1612835099999,223399111.41912,45529,2602.067,120253077.25726,0
1612835100000,46382.01,46444.00,45964.54,46294.51,4372.221,1612835999999,201905856.87055,39471,1821.658,84116880.45663,0
1612836000000,46292.55,46360.00,45687.04,45972.96,4638.321,1612836899999,213252952.53014,44237,1995.716,91746073.57161,0
1612836900000,45970.99,46298.25,45916.33,46217.35,2712.026,1612837799999,125037492.41818,32605,1487.866,68614531.44225,0
1612837800000,46213.25,46511.70,46061.57,46266.53,3378.475,1612838699999,156355469.38716,32248,1793.179,83027541.43674,0
1612838700000,46266.53,46332.01,45767.93,45840.75,2756.366,1612839599999,126848874.80210,30534,1258.830,57952272.52336,0
1612839600000,45837.76,46100.00,45617.57,46047.25,3997.106,1612840499999,183302768.50693,38779,2301.673,105593535.11633,0
1612840500000,46047.25,46490.00,46044.08,46355.05,3170.393,1612841399999,146676061.34515,34580,1646.631,76188312.43856,0
1612841400000,46355.06,46787.84,46300.70,46732.50,3735.405,1612842299999,173986481.66525,36756,2180.122,101569419.54235,0
1612842300000,46732.50,46852.66,46555.70,46695.41,2996.952,1612843199999,139927747.03710,29273,1479.916,69112127.63785,0
1612843200000,46696.79,46800.00,46381.43,46472.88,4034.017,1612844099999,187846655.03989,40349,1901.415,88572323.94077,0
1612844100000,46465.99,46681.32,46378.50,46522.60,1834.358,1612844999999,85303862.98685,25262,939.629,43697331.35844,0
1612845000000,46522.60,46699.91,46300.00,46668.22,1792.180,1612845899999,83328849.33591,24602,831.447,38670698.21282,0
1612845900000,46668.22,46989.00,46441.34,46939.99,3297.497,1612846799999,154053976.62451,32794,1794.843,83869490.47575,0
1612846800000,46939.99,47169.63,46872.26,46900.03,3347.259,1612847699999,157432253.13881,34206,1595.476,75064825.74388,0
1612847700000,46888.17,47023.25,46700.00,46851.00,1280.303,1612848599999,59971116.57466,23149,531.449,24912834.61202,0
1612848600000,46851.00,47023.25,46550.00,46644.97,2698.552,1612849499999,126000149.07717,32090,1330.491,62133415.42182,0
1612849500000,46640.96,47348.79,46607.73,46967.38,5319.398,1612850399999,250179448.29612,48574,2514.390,118225881.23491,0
1612850400000,46961.57,47043.01,46650.00,46929.99,3004.866,1612851299999,140694671.37714,31759,1460.314,68380297.05395,0
1612851300000,46934.70,47295.00,46921.41,47148.26,3780.886,1612852199999,178088361.43652,38208,1891.763,89105269.86555,0
1612852200000,47148.26,47835.89,47050.00,47809.98,7142.943,1612853099999,339412270.10570,70595,4175.007,198422222.10986,0
1612853100000,47809.98,48250.00,47600.00,48209.97,8604.224,1612853999999,412634025.39530,81464,4833.484,231864931.36790,0
1612854000000,48214.10,48266.36,47530.00,48064.45,6671.492,1612854899999,319248823.94069,66082,3006.964,143944464.94428,0
1612854900000,48064.37,48177.69,47703.30,47713.26,3249.882,1612855799999,155626154.59263,38507,1425.224,68274721.50818,0
1612855800000,47711.81,47941.46,47500.00,47643.66,4385.990,1612856699999,209254960.85890,45336,2138.162,102061175.30064,0
1612856700000,47643.65,47900.00,47503.30,47612.40,2964.223,1612857599999,141444475.04957,32147,1474.854,70397494.98318,0
1612857600000,47614.65,48164.15,47612.45,47632.21,6432.671,1612858499999,307692599.70158,58325,3190.557,152670781.37823,0
1612858500000,47632.36,47641.98,47024.15,47194.00,7566.119,1612859399999,357553618.99849,72172,3260.218,154049339.16379,0
1612859400000,47193.38,47200.00,46840.34,46956.04,4385.755,1612860299999,206170201.22538,49231,1906.420,89644586.34838,0
1612860300000,46951.01,47320.00,46951.01,47253.24,3717.945,1612861199999,175454067.21249,35864,2213.636,104472866.37576,0
1612861200000,47253.25,47320.00,46868.91,46877.14,2802.232,1612862099999,131989541.11275,31835,1045.617,49270601.38965,0
1612862100000,46872.16,47192.00,46851.62,46922.13,2501.806,1612862999999,117750210.26128,31283,1228.517,57836481.31892,0
1612863000000,46922.13,46934.47,46092.02,46168.90,7823.010,1612863899999,363855516.38007,75762,2994.648,139335994.95313,0
1612863900000,46174.61,46723.96,46139.00,46568.21,4674.680,1612864799999,217538847.32628,50413,2201.242,102431860.10384,0
1612864800000,46568.21,46723.96,46085.00,46408.58,5084.296,1612865699999,235694394.42010,55198,2354.103,109159308.96158,0
1612865700000,46408.58,46671.42,46267.50,46480.00,2912.937,1612866599999,135396988.01385,34589,1393.921,64804765.03099,0
1612866600000,46480.01,46797.46,46379.20,46470.16,2924.910,1612867499999,136330452.55831,33926,1644.420,76667581.19306,0
1612867500000,46470.15,46550.00,45700.00,45798.17,7021.586,1612868399999,322935084.97756,72705,2950.469,135693742.28613,0
1612868400000,45800.81,46134.38,45749.00,45909.26,4218.501,1612869299999,193939970.71519,46657,2131.649,98014568.72187,0
1612869300000,45909.27,46417.24,45730.00,46338.36,3649.189,1612870199999,168394090.65272,41032,2073.980,95737331.62057,0
1612870200000,46344.15,46600.00,46240.37,46557.68,3519.879,1612871099999,163535891.13174,39970,1863.488,86601102.18861,0
1612871100000,46557.68,46684.00,46375.90,46469.50,2429.658,1612871999999,113021092.86727,28192,1177.635,54793866.03260,0
1612872000000,46474.92,46870.00,46263.06,46731.73,4239.011,1612872899999,197685195.46989,45755,2278.011,106254175.66636,0
1612872900000,46731.73,46780.50,46402.31,46499.96,3141.165,1612873799999,146347354.53058,33991,1295.076,60354517.85332,0
1612873800000,46499.24,46507.91,45826.00,45878.40,4360.888,1612874699999,201491796.47961,45223,1645.012,76018043.34913,0
1612874700000,45878.41,46113.27,45196.51,45404.94,10866.066,1612875599999,494731289.42155,99458,5152.417,234659377.31837,0
1612875600000,45404.94,45729.18,45057.65,45580.50,7695.834,1612876499999,349703424.44952,70805,3861.507,175555468.56970,0
1612876500000,45582.06,45800.00,45247.00,45311.85,4519.692,1612877399999,205863671.10758,46241,2062.781,94001161.19678,0
1612877400000,45308.95,46176.39,45201.34,45705.75,7718.306,1612878299999,353925014.42104,72707,3968.698,181896246.93840,0
1612878300000,45705.75,46511.91,45701.22,46367.79,4986.428,1612879199999,230662303.18713,51967,2647.587,122437831.43881,0
1612879200000,46369.99,46433.63,46152.79,46284.52,3111.440,1612880099999,144011739.97043,32899,1395.468,64608270.72644,0
1612880100000,46284.53,46670.00,46203.23,46379.57,4026.588,1612880999999,186855427.18683,41216,2104.084,97681638.65945,0
1612881000000,46379.57,46641.69,46258.38,46349.09,2941.210,1612881899999,136585731.90081,30105,1457.866,67710116.69670,0
1612881900000,46346.47,46800.00,46230.00,46704.55,3732.278,1612882799999,173666148.56641,37927,1841.311,85689413.75247,0
1612882800000,46700.73,46741.13,46452.78,46534.92,2636.667,1612883699999,122783116.73898,29197,1284.100,59794945.53337,0
1612883700000,46534.92,47150.00,46383.22,47120.47,5016.542,1612884599999,235071900.83844,50943,2760.224,129390390.33899,0
1612884600000,47123.71,47177.70,46850.00,47133.97,3313.098,1612885499999,155710807.67553,35301,1498.965,70460862.11412,0
1612885500000,47133.98,47148.49,46668.09,46835.77,3098.307,1612886399999,145252863.24771,33031,1416.024,66382230.80448,0
1612886400000,46844.75,47214.95,46368.52,46558.38,7333.651,1612887299999,343416577.52873,69944,3368.430,157834427.78435,0
1612887300000,46558.37,46623.98,46110.00,46449.99,5671.096,1612888199999,262944750.84451,50292,2607.320,120928363.83812,0
1612888200000,46450.00,47100.53,46381.65,46907.30,5171.273,1612889099999,241919399.58941,47660,2696.086,126099228.79665,0
1612889100000,46907.29,47024.62,46550.00,46579.77,2588.491,1612889999999,121084615.40513,27318,1175.070,54984529.22297,0
1612890000000,46578.75,47047.28,46462.41,46850.56,2867.823,1612890899999,134306417.34281,31412,1515.012,70947348.32007,0
1612890900000,46850.57,46925.10,46470.82,46533.61,3148.139,1612891799999,146939560.56564,32368,1382.058,64521217.02890,0
1612891800000,46533.60,46601.77,46248.13,46463.50,2812.029,1612892699999,130527202.02250,31767,1259.450,58482650.63505,0
1612892700000,46463.49,46613.85,46301.75,46567.55,2137.376,1612893599999,99372802.42555,23683,1158.762,53890294.35785,0
1612893600000,46572.82,46894.59,46340.00,46824.09,2884.453,1612894499999,134665210.52535,31438,1438.533,67164139.86480,0
1612894500000,46824.08,47095.79,46747.98,47089.61,2419.341,1612895399999,113423699.76778,26622,1304.173,61157724.23819,0
1612895400000,47087.23,47550.89,46937.00,47410.00,5214.723,1612896299999,246901091.25173,51572,2874.641,136122601.29599,0
1612896300000,47409.99,47409.99,47002.03,47110.23,2785.101,1612897199999,131407058.41266,30190,1213.178,57234975.84532,0
1612897200000,47110.22,47290.00,46900.00,46945.99,2211.748,1612898099999,104172275.78900,27306,1077.260,50760222.41285,0
1612898100000,46946.00,47145.00,46825.64,46929.32,1713.365,1612898999999,80475853.90503,22761,896.600,42122784.15619,0
1612899000000,46929.32,47000.00,46847.00,46945.42,1117.175,1612899899999,52401636.78817,16005,615.356,28866421.94855,0
1612899900000,46945.42,47384.00,46943.43,47162.50,2546.156,1612900799999,120174991.42608,30448,1259.060,59407188.34327,0
1612900800000,47162.49,47167.05,46760.00,47079.94,2715.565,1612901699999,127456805.21985,29468,1502.542,70519873.19357,0
1612901700000,47076.99,47100.00,46817.47,46977.30,1397.237,1612902599999,65608744.86899,19586,633.211,29734908.16758,0
1612902600000,46971.57,47600.00,46951.11,47353.05,3392.510,1612903499999,160719746.78438,37052,1695.103,80307028.19425,0
1612903500000,47350.03,47490.84,47171.30,47171.30,2300.273,1612904399999,108862435.18808,26489,1221.412,57805676.52385,0
1612904400000,47171.29,47441.35,47081.25,47220.94,2209.134,1612905299999,104326787.83207,24292,1166.331,55082310.96259,0
1612905300000,47220.93,47550.08,47205.00,47500.00,2170.293,1612906199999,102899502.07507,23850,1036.266,49123887.92496,0
1612906200000,47500.00,47524.00,47130.32,47169.27,2079.475,1612907099999,98344432.65624,21642,942.881,44590293.55080,0
1612907100000,47170.00,47429.99,47140.00,47340.52,1571.864,1612907999999,74355519.39610,17840,787.102,37222036.27650,0
1612908000000,47340.51,47340.52,46514.01,46781.37,5921.128,1612908899999,277229608.84298,55553,2614.371,122388065.28183,0
1612908900000,46781.37,47113.55,46773.03,46949.79,1823.771,1612909799999,85561824.14463,25006,955.826,44856374.64485,0
1612909800000,46949.79,47049.11,46635.65,46793.00,1497.128,1612910699999,70162222.63998,21239,578.606,27125186.35228,0
1612910700000,46792.99,47000.00,46651.38,46930.08,1420.542,1612911599999,66553335.65819,19953,696.476,32636613.20889,0
1612911600000,46930.07,46946.22,46257.88,46404.95,2999.541,1612912499999,139431194.12261,35835,1318.694,61296105.90173,0
1612912500000,46404.95,46608.28,46304.88,46584.65,1487.513,1612913399999,69157929.86193,21389,682.615,31744792.84712,0
1612913400000,46586.12,46678.88,46394.88,46542.07,1513.602,1612914299999,70468977.71607,19156,716.384,33361859.28284,0
1612914300000,46542.07,46731.75,46489.83,46492.54,1534.295,1612915199999,71493062.39357,17469,702.531,32742482.39152,0
1612915200000,46492.53,46646.94,46134.62,46644.02,3669.704,1612916099999,170244947.23396,37009,1714.945,79584232.42808,0
1612916100000,46644.01,46987.98,46610.16,46867.51,2788.177,1612916999999,130574752.86173,31486,1424.585,66720508.08271,0
1612917000000,46874.77,46950.00,46712.00,46760.75,1524.464,1612917899999,71373560.36490,19109,680.054,31848628.46758,0
1612917900000,46760.76,46800.00,46546.18,46612.92,1899.085,1612918799999,88621545.39827,20473,1015.058,47378077.79573,0
1612918800000,46608.44,46633.03,46273.68,46387.10,1868.496,1612919699999,86745836.47650,23011,852.003,39560551.51201,0
1612919700000,46387.09,46450.00,46100.00,46288.85,2616.479,1612920599999,121018921.22845,26542,1259.459,58256316.73503,0
1612920600000,46288.85,46466.13,46207.38,46384.76,1582.657,1612921499999,73314109.03400,18163,864.650,40063453.02053,0
1612921500000,46384.76,46540.00,46150.00,46365.24,2053.188,1612922399999,95207826.83202,21035,1032.203,47877999.02940,0
1612922400000,46365.14,46650.00,46361.78,46558.34,2033.349,1612923299999,94621552.61021,22614,1071.391,49852477.27721,0
1612923300000,46558.34,46700.00,46530.34,46698.44,1286.855,1612924199999,59999188.94854,16780,685.038,31944045.85116,0
1612924200000,46698.43,46820.06,46550.00,46606.30,1641.414,1612925099999,76580902.72025,18823,719.978,33597874.78336,0
1612925100000,46606.31,46931.81,46360.01,46389.01,3362.079,1612925999999,156849565.66479,30508,1582.757,73862606.60521,0
1612926000000,46389.01,46817.91,46235.12,46815.75,2715.834,1612926899999,126166672.73103,28735,1462.949,67974886.47799,0
1612926900000,46817.51,46861.10,46539.37,46572.22,2554.144,1612927799999,119356962.61837,22885,1027.514,48022641.20715,0
1612927800000,46569.80,46569.80,46301.00,46369.53,2169.138,1612928699999,100688113.07867,21720,1223.122,56787338.90725,0
1612928700000,46369.53,46528.65,46252.00,46329.99,1594.767,1612929599999,73933317.24863,19484,779.297,36136245.58710,0
1612929600000,46330.00,46425.00,45690.00,45703.69,7701.450,1612930499999,354113974.67368,60734,2870.541,131958267.94149,0
1612930500000,45705.70,46033.62,45700.10,45954.86,3491.047,1612931399999,160215312.67662,30608,1952.389,89601746.41779,0
1612931400000,45954.86,46100.00,45891.16,45969.31,1563.926,1612932299999,71930105.96215,18488,791.385,36404661.02287,0
1612932300000,45969.97,46163.11,45969.96,46114.20,1558.004,1612933199999,71795751.22276,17566,854.629,39387983.26562,0
1612933200000,46114.19,46379.30,45936.00,46273.25,2830.271,1612934099999,130738352.59671,26192,1232.516,56941246.82893,0
1612934100000,46273.25,46400.00,46184.06,46297.17,2137.383,1612934999999,98957595.79242,22483,1119.599,51842969.52134,0
1612935000000,46297.18,46555.00,46150.00,46445.00,2246.374,1612935899999,104132377.40601,21324,1177.420,54594799.35284,0
1612935900000,46445.00,46469.00,46141.46,46247.98,2168.884,1612936799999,100360993.46000,22755,842.620,38994462.28686,0
1612936800000,46248.21,46605.77,46220.00,46592.19,2032.821,1612937699999,94369836.33205,23570,1206.619,56022565.80535,0
1612937700000,46592.20,46662.16,46500.00,46587.35,1690.969,1612938599999,78752344.58153,21564,969.788,45168216.56120,0
1612938600000,46587.36,46764.00,46516.18,46582.00,1811.992,1612939499999,84519159.02237,20905,951.915,44408543.64009,0
1612939500000,46582.01,46693.40,46539.87,46618.66,1495.604,1612940399999,69710792.25198,16001,770.477,35914170.09209,0
1612940400000,46618.67,46758.00,46510.00,46624.54,1937.698,1612941299999,90374126.18775,20588,918.560,42849073.55925,0
1612941300000,46627.73,47000.51,46565.00,46663.81,3442.933,1612942199999,160973265.31917,35237,1995.085,93309791.57267,0
1612942200000,46663.82,47100.00,46630.00,47063.69,2787.905,1612943099999,130500345.20785,26492,1817.485,85104236.54136,0
1612943100000,47063.69,47073.59,46620.00,46676.91,2910.469,1612943999999,136232224.39863,28701,1133.144,53041846.43171,0
1612944000000,46676.90,46950.00,46667.01,46667.01,3070.092,1612944899999,143731252.69350,30158,1588.997,74395976.32613,0
1612944900000,46667.02,46704.50,46403.03,46561.09,3288.473,1612945799999,153028062.58339,33072,1408.845,65563925.20488,0
1612945800000,46561.10,46675.33,46441.92,46597.00,2183.561,1612946699999,101633278.75294,19628,1048.023,48798035.78885,0
1612946700000,46597.01,46875.00,46558.89,46826.61,2668.688,1612947599999,124721855.36110,24279,1557.643,72799867.23568,0
1612947600000,46827.04,46960.00,46760.00,46901.00,1784.946,1612948499999,83664717.70999,21611,921.850,43213961.73870,0
1612948500000,46901.01,47095.00,46839.97,47000.00,3144.539,1612949399999,147730505.01704,29608,1564.832,73532438.70970,0
1612949400000,47000.00,47088.00,46820.00,46865.20,2068.621,1612950299999,97081637.82765,21810,813.877,38203733.53220,0
1612950300000,46865.20,46893.79,46630.58,46734.83,2109.054,1612951199999,98622156.26600,23188,948.834,44372862.72629,0
1612951200000,46734.82,47343.50,46550.00,47318.18,5297.842,1612952099999,249057095.06718,43798,3171.199,149151482.19139,0
1612952100000,47318.18,47475.00,47036.97,47127.67,6261.142,1612952999999,296005189.72769,54889,2973.850,140625130.70390,0
1612953000000,47126.45,47339.72,46750.00,46868.27,4753.033,1612953899999,223092492.03303,41714,2455.864,115322453.41934,0
1612953900000,46868.27,46900.00,46600.00,46778.49,2792.119,1612954799999,130581650.73303,27474,1123.254,52549823.13724,0
1612954800000,46778.50,46837.16,46388.00,46616.00,3800.484,1612955699999,177071416.86825,36079,1650.916,76954466.43582,0
1612955700000,46615.99,46700.00,46426.81,46613.73,2086.962,1612956599999,97228504.32135,22239,993.026,46275849.90562,0
1612956600000,46613.72,46700.00,46450.00,46613.92,1863.578,1612957499999,86835896.81809,21158,869.809,40542306.34451,0
1612957500000,46613.92,46695.14,46530.73,46685.00,1356.758,1612958399999,63233281.80515,17953,604.489,28178263.09493,0
1612958400000,46685.00,46685.95,46050.00,46313.45,6641.775,1612959299999,307245742.18135,63385,2843.804,131582520.01920,0
1612959300000,46313.44,46509.65,46097.52,46243.47,3495.808,1612960199999,161938204.42662,33648,1653.206,76593956.12758,0
1612960200000,46243.47,46319.92,44427.55,45174.22,18649.280,1612961099999,845159570.21785,151631,7688.046,348481800.35512,0
1612961100000,45174.21,45878.62,45166.75,45695.36,7858.567,1612961999999,357981026.73680,75224,4359.277,198571308.49565,0
1612962000000,45695.36,46020.00,45458.33,45851.79,7072.806,1612962899999,323474129.27847,67855,3356.546,153547648.17211,0
1612962900000,45846.00,45848.91,45349.42,45526.14,3405.480,1612963799999,155399474.90441,38059,1385.528,63245036.60690,0
1612963800000,45526.13,45883.84,45451.70,45811.41,2839.716,1612964699999,129858785.70122,32318,1593.977,72898710.94912,0
1612964700000,45811.41,45945.40,45564.06,45689.32,2491.707,1612965599999,113893846.72898,25187,1123.593,51376915.29447,0
1612965600000,45689.33,46075.10,45331.73,45899.01,5294.971,1612966499999,242293624.17048,48873,2759.327,126324682.46071,0
1612966500000,45899.02,45960.00,45252.00,45424.34,6876.690,1612967399999,313093760.79413,50384,3294.694,150024470.54889,0
1612967400000,45424.33,45445.00,45000.00,45279.33,11149.937,1612968299999,504093834.91649,80666,6274.133,283733810.82195,0
1612968300000,45279.89,45450.00,44780.00,44993.48,6161.805,1612969199999,278059003.27167,58804,2563.635,115819116.08530,0
1612969200000,44993.47,45234.87,44424.99,45061.18,10437.968,1612970099999,467982895.23746,93202,4834.566,216894271.27127,0
1612970100000,45061.20,45288.00,44344.00,44501.89,8565.840,1612970999999,384284356.44290,74929,4058.778,182199854.82043,0
1612971000000,44501.90,44680.27,44060.00,44073.27,10653.596,1612971899999,472448056.86984,91830,4910.163,217857406.73018,0
1612971900000,44074.09,44450.00,43770.00,44397.24,11347.774,1612972799999,500728500.46564,101698,5520.226,243692009.38725,0
1612972800000,44397.24,44684.00,43870.01,44609.77,9264.828,1612973699999,410646760.61547,84909,4791.097,212476283.61640,0
1612973700000,44612.78,44816.00,44540.00,44720.63,5022.743,1612974599999,224547158.26236,51696,2480.326,110908580.43442,0
1612974600000,44720.64,44870.00,44440.00,44684.55,4300.499,1612975499999,192029280.99990,43163,2149.567,96020755.74654,0
1612975500000,44684.49,44972.99,44504.33,44804.01,3931.926,1612976399999,176101421.10640,35613,2305.732,103298072.22051,0
1612976400000,44806.72,44850.00,44520.34,44620.99,2692.277,1612977299999,120246243.02523,30084,1264.959,56499415.22964,0
1612977300000,44620.99,44869.66,44500.00,44845.75,3497.862,1612978199999,156387575.10545,32582,1953.988,87369901.91349,0
1612978200000,44845.75,45092.88,44837.10,45035.20,3800.736,1612979099999,170912941.02610,35269,2252.612,101309323.14927,0
1612979100000,45035.20,45132.48,44950.00,45006.36,2300.696,1612979999999,103642879.41846,23675,1204.811,54277578.48884,0
1612980000000,45007.89,45230.80,44929.40,44945.36,2731.537,1612980899999,123161084.31646,31820,1306.409,58921589.00583,0
1612980900000,44945.36,45266.85,44820.32,45069.00,2866.529,1612981799999,129312363.85862,33766,1329.026,59952386.56696,0
1612981800000,45069.00,45149.09,44939.34,44962.75,1912.109,1612982699999,86116663.76130,22760,1023.975,46124047.45346,0
1612982700000,44962.75,45227.51,44940.62,45145.04,1713.435,1612983599999,77241808.08213,19349,763.731,34436640.10710,0
1612983600000,45145.03,45263.17,44617.70,44858.41,3975.585,1612984499999,178758232.39413,37186,1924.019,86520482.89902,0
1612984500000,44860.00,45100.00,44513.39,44748.49,4446.607,1612985399999,198872770.11034,42135,2125.985,95100853.48121,0
1612985400000,44746.28,45265.58,44728.67,45231.73,3302.026,1612986299999,148738836.46368,33479,1809.930,81513435.10880,0
1612986300000,45232.70,45309.99,45123.00,45241.04,1900.683,1612987199999,85960119.01553,22309,998.350,45157041.77643,0
1612987200000,45241.04,45300.00,45065.00,45106.43,1742.697,1612988099999,78730226.51775,21889,790.890,35742984.82741,0
1612988100000,45106.43,45119.99,44900.00,44955.18,2115.908,1612988999999,95212624.41394,23605,1059.353,47676321.23659,0
1612989000000,44955.19,45010.32,44686.61,44704.19,2117.792,1612989899999,94934479.16436,24270,867.507,38906615.16223,0
1612989900000,44700.76,44803.28,44474.45,44612.00,1733.894,1612990799999,77422125.36616,23738,769.223,34366295.23765,0
1612990800000,44612.00,44801.79,44400.00,44595.92,2923.624,1612991699999,130328673.94089,30616,1344.701,59968085.25136,0
1612991700000,44595.92,44841.90,44500.00,44690.30,1693.360,1612992599999,75587064.17744,21435,909.618,40611979.96355,0
1612992600000,44690.31,44898.85,44587.75,44837.92,1920.524,1612993499999,86004314.58621,21753,1069.820,47916056.87111,0
1612993500000,44837.92,45091.89,44835.80,45039.08,1775.806,1612994399999,79851521.78185,19647,1089.734,49007626.94021,0
1612994400000,45039.22,45150.00,44937.00,45125.76,1176.285,1612995299999,52998757.33666,17198,557.290,25113831.93204,0
1612995300000,45125.77,45225.75,45071.93,45204.32,1350.955,1612996199999,60997727.67901,17542,738.747,33360888.89791,0
1612996200000,45204.32,45277.99,45150.64,45268.39,1537.857,1612997099999,69547926.18719,14853,909.772,41150624.88861,0
1612997100000,45265.90,45272.39,45043.34,45267.99,1681.106,1612997999999,75950272.59658,17192,651.233,29426268.77258,0
1612998000000,45267.99,45269.10,45011.94,45192.19,1234.792,1612998899999,55760096.12248,16026,537.024,24257453.79125,0
1612998900000,45192.20,45249.00,45050.00,45167.75,969.436,1612999799999,43785755.52026,13753,507.865,22938815.31691,0
1612999800000,45167.47,45395.98,45166.10,45227.72,2136.793,1613000699999,96797402.98762,22929,1160.871,52592368.64482,0
1613000700000,45227.64,45227.64,44820.48,44850.00,2566.938,1613001599999,115447543.68723,24974,1110.311,49926039.71094,0
1613001600000,44850.00,45098.86,44504.00,44539.03,3732.217,1613002499999,166900686.23197,38485,1714.862,76713252.41865,0
1613002500000,44539.03,44917.25,44514.42,44869.29,2477.677,1613003399999,110795916.46288,24607,1263.897,56525394.30553,0
1613003400000,44864.39,45044.00,44678.53,44731.18,1924.984,1613004299999,86466131.35231,21944,865.569,38881711.65970,0
1613004300000,44731.19,44731.19,44038.97,44301.01,6164.115,1613005199999,272920305.41651,55121,2856.244,126442093.48422,0
1613005200000,44301.00,44463.00,44064.26,44277.03,2473.139,1613006099999,109563265.29993,27683,1211.298,53676671.18171,0
1613006100000,44277.03,44473.05,44097.00,44473.05,2018.811,1613006999999,89513363.92932,23760,998.947,44312497.78851,0
1613007000000,44473.07,44586.69,44300.00,44528.62,1982.568,1613007899999,88186332.38252,21890,935.336,41608022.97740,0
1613007900000,44528.62,44610.00,44232.92,44242.64,1507.636,1613008799999,67009875.49513,19186,668.231,29719403.82788,0
1613008800000,44242.65,44750.00,44231.31,44712.44,2372.905,1613009699999,105780778.68082,23970,1315.317,58633583.51167,0
1613009700000,44711.74,44735.37,44544.53,44559.57,1167.571,1613010599999,52119173.13034,14238,489.295,21843967.68954,0
1613010600000,44559.57,44793.04,44559.57,44733.39,823.901,1613011499999,36817746.95480,12845,493.928,22074616.08097,0
1613011500000,44735.36,44885.52,44690.83,44806.26,851.264,1613012399999,38131316.11947,14361,461.728,20684819.67139,0
1613012400000,44806.25,45105.00,44725.91,44967.28,1695.893,1613013299999,76234169.28012,20419,1007.737,45301063.48872,0
1613013300000,44967.27,45075.00,44871.36,44930.09,1001.118,1613014199999,45010032.52609,15183,504.308,22678265.49302,0
1613014200000,44930.09,44959.93,44801.00,44811.17,856.414,1613015099999,38444584.25356,12704,298.775,13413493.94183,0
1613015100000,44811.18,45763.35,44807.35,45518.84,4731.905,1613015999999,214972603.90032,47165,2687.640,122112287.40272,0
1613016000000,45518.84,45781.83,45004.99,45100.35,5212.445,1613016899999,236073952.31954,52283,2604.312,117962623.22209,0
1613016900000,45100.00,45130.69,44779.93,44975.00,2608.793,1613017799999,117328111.55418,27536,1240.333,55789792.07757,0
1613017800000,44975.00,44994.72,44700.00,44779.75,2319.818,1613018699999,103998274.14977,24177,1192.030,53444502.94227,0
1613018700000,44779.74,44885.00,44655.71,44813.09,1757.222,1613019599999,78661775.18982,18626,735.366,32926419.46364,0
1613019600000,44813.10,45050.00,44706.25,44733.34,2218.217,1613020499999,99532690.83022,26409,1148.605,51551243.13839,0
1613020500000,44734.08,44854.96,44576.00,44655.41,1215.980,1613021399999,54389612.28389,18195,600.884,26885136.33049,0
1613021400000,44655.42,44983.87,44566.40,44886.04,1515.598,1613022299999,67881827.20555,19502,810.909,36325974.63306,0
1613022300000,44881.70,44964.60,44681.73,44688.80,1331.624,1613023199999,59695608.40372,17315,661.631,29664242.35814,0
1613023200000,44691.99,44872.09,44630.00,44810.00,1190.337,1613024099999,53293597.94653,16829,649.093,29061069.19656,0
1613024100000,44810.00,44975.32,44762.08,44779.98,1043.071,1613024999999,46789078.71471,15228,541.218,24278994.23797,0
1613025000000,44779.99,44880.00,44444.00,44566.87,2401.918,1613025899999,107149148.57638,23836,1140.047,50849919.03002,0
1613025900000,44566.81,44677.78,44483.96,44620.73,1455.393,1613026799999,64873042.59483,17852,693.996,30937172.46925,0
1613026800000,44620.73,45187.50,44620.73,45122.28,3408.501,1613027699999,153392620.17939,34979,1760.190,79174539.93786,0
1613027700000,45122.27,45151.36,44960.03,44993.85,1634.726,1613028599999,73703759.21639,19474,741.296,33428729.91335,0
1613028600000,44993.38,45091.14,44901.30,44928.09,1363.993,1613029499999,61383970.76611,17909,637.410,28688587.70551,0
1613029500000,44927.01,45009.12,44701.97,44750.25,1853.408,1613030399999,83064620.55999,22622,894.858,40109420.28622,0
1613030400000,44750.11,44952.00,44555.43,44593.72,2888.089,1613031299999,129189574.46910,29462,1499.629,67092344.82394,0
1613031300000,44597.15,44790.97,44566.00,44790.97,1313.673,1613032199999,58701921.01630,17620,743.284,33216185.94599,0
1613032200000,44790.97,45140.00,44790.96,45133.16,1949.082,1613033099999,87656469.16438,22327,976.069,43899594.98434,0
1613033100000,45133.16,45170.00,44955.00,45080.82,1755.940,1613033999999,79132446.62604,19349,786.005,35423978.46397,0
1613034000000,45080.83,45182.00,44864.00,44970.00,2043.494,1613034899999,91969170.65220,21603,1054.091,47444723.63116,0
1613034900000,44970.01,45111.91,44962.47,45083.00,1356.817,1613035799999,61107103.82202,17448,637.599,28718064.76103,0
1613035800000,45083.00,45281.31,45052.85,45176.55,2412.883,1613036699999,109006124.48217,24596,1292.259,58390254.77487,0
1613036700000,45177.70,45680.00,45171.92,45550.41,4158.498,1613037599999,189044826.95566,42911,2354.593,107034154.07943,0
1613037600000,45550.41,45768.60,45462.83,45500.00,4704.194,1613038499999,214656672.88138,41570,2220.316,101349964.38972,0
1613038500000,45502.30,45636.35,45400.01,45488.77,2735.241,1613039399999,124498437.15431,26703,1453.734,66191675.11673,0
1613039400000,45488.88,46030.00,45430.76,45988.90,3735.334,1613040299999,170808672.98322,36505,2476.384,113258392.04548,0
1613040300000,45988.91,46445.58,45983.41,46312.38,6068.564,1613041199999,280308415.75924,60787,3154.242,145714177.96015,0
1613041200000,46309.83,46474.53,46145.79,46289.72,4424.113,1613042099999,204783174.67777,43023,2246.786,104015664.48930,0
1613042100000,46289.72,46391.96,46182.00,46323.65,2242.353,1613042999999,103751453.94527,26256,1059.216,49025249.84619,0
1613043000000,46323.64,46346.20,46180.00,46268.37,1984.260,1613043899999,91804811.84465,23143,915.692,42369374.84183,0
1613043900000,46266.72,46649.00,45926.18,46146.33,5480.607,1613044799999,253576214.33274,53083,2603.415,120563028.65012,0
1613044800000,46146.32,46700.00,46135.70,46446.59,5163.654,1613045699999,239925252.53835,52831,2635.246,122449393.64699,0
1613045700000,46446.55,46499.00,46300.00,46384.43,1678.449,1613046599999,77861121.69645,22435,858.734,39840821.97916,0
1613046600000,46383.90,46569.30,46321.45,46494.67,1791.491,1613047499999,83256858.00979,21453,1021.448,47475827.29201,0
1613047500000,46494.67,46632.75,46330.57,46579.30,1952.594,1613048399999,90786398.73130,23692,1035.381,48144020.09943,0
1613048400000,46579.99,47500.00,46579.99,47422.07,9202.838,1613049299999,433131697.98584,80636,5136.372,241705978.38821,0
1613049300000,47422.07,48720.00,47310.00,48281.66,22221.228,1613050199999,1069544260.42814,171566,11185.405,538522818.81242,0
1613050200000,48281.65,48585.75,47711.00,48002.95,13278.593,1613051099999,638677651.58196,104146,6382.155,307005324.86891,0
1613051100000,48002.94,48062.53,47544.85,47715.09,6240.061,1613051999999,298430580.74758,55014,3083.940,147540182.25249,0
1613052000000,47715.19,47930.00,47430.00,47592.01,5658.399,1613052899999,269451010.49384,51558,2876.735,137014233.42953,0
1613052900000,47592.00,47940.00,47555.25,47754.01,5031.911,1613053799999,240378113.91652,46674,3009.641,143766885.79374,0
1613053800000,47754.01,48194.88,47751.00,48037.53,4964.241,1613054699999,238341566.34187,46966,2381.660,114358933.01188,0
1613054700000,48037.53,48300.00,47908.21,47984.81,3657.805,1613055599999,175763969.53901,37702,1987.126,95510748.02788,0
1613055600000,47984.81,48344.75,47664.60,47801.18,6601.965,1613056499999,316632511.99230,60860,2983.861,143117563.68587,0
1613056500000,47801.50,48219.84,47801.50,47931.80,4840.754,1613057399999,232281469.61643,45686,2480.492,119026748.83594,0
1613057400000,47931.80,48100.00,47800.00,47877.07,2152.424,1613058299999,103141856.68739,26402,1129.354,54127178.91592,0
1613058300000,47877.08,48270.00,47877.07,48070.75,4169.158,1613059199999,200447242.44259,37732,2124.279,102157797.15676,0
1613059200000,48069.65,48450.00,47751.42,47928.50,7153.219,1613060099999,343742383.32269,68090,3514.587,168953255.25074,0
1613060100000,47923.08,48173.00,47828.00,47911.92,3367.957,1613060999999,161708454.15770,35731,1506.070,72315253.86979,0
1613061000000,47911.91,47980.13,47604.86,47684.67,3855.762,1613061899999,183988561.00784,38674,1548.933,73917298.57769,0
1613061900000,47684.67,47858.16,47366.00,47699.10,4082.733,1613062799999,194607597.12257,36711,1957.976,93390620.85002,0
1613062800000,47699.11,47794.11,47009.15,47173.21,6274.034,1613063699999,297362354.55913,55160,2441.400,115740240.31577,0
1613063700000,47176.68,47480.00,47130.31,47421.56,3086.152,1613064599999,146110323.61869,33602,1695.364,80262619.24006,0
1613064600000,47421.56,47496.61,47183.18,47411.21,2905.261,1613065499999,137679514.67577,26934,1298.204,61539645.28321,0
1613065500000,47411.22,47578.00,47327.00,47464.15,2325.783,1613066399999,110404308.75262,25232,1200.007,56982207.50291,0
1613066400000,47464.15,47800.00,47350.00,47678.85,4666.304,1613067299999,222185520.95531,40723,2391.338,113912307.21404,0
1613067300000,47678.86,48008.59,47621.96,47998.28,2210.937,1613068199999,105628856.48633,26751,1385.794,66237612.29690,0
1613068200000,47998.27,48150.00,47765.52,47817.31,3376.665,1613069099999,161909684.93856,36279,1531.450,73447291.78070,0
1613069100000,47818.13,47895.05,47650.00,47786.10,1603.641,1613069999999,76628025.97062,20728,712.323,34049943.45361,0
1613070000000,47786.10,47969.90,47637.60,47902.75,1740.678,1613070899999,83241692.53387,22593,960.822,45957882.39030,0
1613070900000,47902.76,48093.00,47901.12,48030.44,2182.342,1613071799999,104767211.96102,25306,1125.551,54037326.27354,0
1613071800000,48028.79,48173.35,47830.00,48129.91,2074.651,1613072699999,99605403.10680,25220,1136.734,54583390.59023,0
1613072700000,48133.26,48190.37,47800.00,47846.50,2522.971,1613073599999,121084619.74492,26315,1112.597,53399988.06189,0
1613073600000,47847.00,48067.00,47650.10,48012.33,2575.644,1613074499999,123244610.56213,28536,1360.655,65120990.70453,0
1613074500000,48012.34,48810.00,48002.34,48700.00,5585.819,1613075399999,270564884.74727,58700,3339.716,161809646.79673,0
1613075400000,48697.83,48709.46,48351.46,48485.95,3936.821,1613076299999,191046436.48242,44047,1737.773,84330205.86394,0
1613076300000,48485.94,48500.00,47050.00,47105.58,11555.326,1613077199999,549304821.46592,106584,5111.304,242931908.74249,0
1613077200000,47105.58,47435.45,47049.26,47300.00,4172.894,1613078099999,197269867.02093,42507,2128.606,100646489.58720,0
1613078100000,47300.01,47392.02,46566.84,47048.48,7491.397,1613078999999,351730134.09701,61139,2737.684,128607595.65848,0
1613079000000,47048.47,47206.00,46743.79,46826.95,4299.782,1613079899999,201848594.52422,42188,1863.843,87538535.76766,0
1613079900000,46826.95,47025.93,46820.86,46957.72,2138.357,1613080799999,100352810.18111,22596,1144.563,53724128.32404,0
1613080800000,46957.73,47250.00,46937.26,47200.00,2284.474,1613081699999,107742315.83391,25380,1340.087,63192956.98838,0
1613081700000,47200.00,47482.43,47136.78,47311.93,2353.337,1613082599999,111350419.69321,22681,1339.912,63419457.75400,0
1613082600000,47311.94,47600.00,47311.94,47530.01,1766.158,1613083499999,83818178.86565,21958,1030.248,48899314.61163,0
1613083500000,47530.01,47800.00,47419.68,47784.21,2360.024,1613084399999,112403545.16825,27106,1239.904,59066501.90027,0
1613084400000,47784.20,48025.13,47650.41,47889.99,3034.052,1613085299999,145138490.08568,35112,1529.549,73176804.78160,0
1613085300000,47889.99,47995.00,47740.35,47783.65,2009.942,1613086199999,96197624.25609,24638,861.857,41258188.42108,0
1613086200000,47780.61,48096.20,47740.08,47889.93,2071.548,1613087099999,99348593.28572,26638,1021.442,48996991.51194,0
1613087100000,47889.94,48186.78,47737.20,48060.21,3303.511,1613087999999,158483851.15583,34426,1679.442,80587337.31848,0
1613088000000,48060.21,49278.98,48053.71,48610.26,11814.498,1613088899999,575210394.08264,112139,6638.057,323274054.13907,0
1613088900000,48600.62,49178.93,48400.00,48571.81,7270.691,1613089799999,354358429.17429,70679,3588.516,174993951.14007,0
1613089800000,48566.24,48842.17,48446.08,48681.02,2622.380,1613090699999,127564121.29238,32979,1218.450,59297110.00688,0
1613090700000,48681.02,48717.85,47884.00,48112.92,5441.988,1613091599999,262730595.47696,50592,2232.348,107762400.60643,0
1613091600000,48112.93,48305.72,47830.08,48305.72,3717.815,1613092499999,178811214.30783,36193,2157.895,103827715.47837,0
1613092500000,48305.72,48378.85,47952.76,48163.09,2149.761,1613093399999,103538485.49737,24934,1041.993,50195245.31332,0
1613093400000,48163.08,48477.00,48160.00,48472.37,2619.433,1613094299999,126636774.55496,29264,1661.856,80340758.39420,0
1613094300000,48471.01,48662.38,48354.62,48574.35,2380.027,1613095199999,115437756.11755,28022,1179.006,57205598.47810,0
1613095200000,48574.36,48574.36,48250.00,48292.86,2040.907,1613096099999,98719430.63909,25125,961.978,46535640.69674,0
1613096100000,48292.12,48538.29,48155.00,48164.07,1770.845,1613096999999,85599401.03776,22248,867.932,41966359.08934,0
1613097000000,48164.07,48250.00,48012.60,48065.00,1666.339,1613097899999,80207886.86899,21482,785.696,37826570.86803,0
1613097900000,48065.00,48082.05,47840.00,48047.39,1944.894,1613098799999,93281498.51980,22357,824.899,39570040.97305,0
1613098800000,48047.39,48050.00,47800.00,47969.09,1342.972,1613099699999,64376593.33094,19188,663.691,31818528.45709,0
1613099700000,47969.08,48100.00,47713.76,47960.00,1946.638,1613100599999,93188110.62028,24061,1001.338,47945903.69927,0
1613100600000,47960.00,47990.00,47500.00,47647.01,1951.420,1613101499999,93091695.24888,24259,812.352,38773902.51286,0
1613101500000,47649.81,47810.12,47515.00,47690.90,1907.980,1613102399999,90886282.08550,21927,751.009,35786170.52839,0
1613102400000,47690.90,47690.91,47255.00,47476.79,3326.049,1613103299999,157665605.12911,36152,1648.395,78134484.97947,0
1613103300000,47476.79,47476.80,46930.00,47351.50,4360.288,1613104199999,205700043.98402,43124,1975.730,93244170.69568,0
1613104200000,47351.50,47488.80,47000.00,47319.99,4710.588,1613105099999,222513773.55963,42975,2164.236,102299513.97479,0
1613105100000,47319.99,47450.00,47039.14,47355.64,2714.030,1613105999999,128346557.49140,28482,1431.099,67684125.34117,0
1613106000000,47355.63,47578.19,47176.39,47434.62,3934.500,1613106899999,186586725.24257,34684,1979.657,93882949.94258,0
1613106900000,47434.63,47512.88,47250.00,47465.56,2604.918,1613107799999,123427493.11303,29253,1188.703,56316720.43277,0
1613107800000,47465.56,47556.38,47285.00,47494.86,2391.474,1613108699999,113387771.71613,26057,1223.122,57996211.39849,0
1613108700000,47494.86,47550.00,47300.42,47317.15,1412.764,1613109599999,66976098.22655,16820,686.955,32570300.00448,0
1613109600000,47317.15,47327.43,46817.47,46913.68,3605.058,1613110499999,169607291.33003,39362,1351.581,63584028.38937,0
1613110500000,46913.68,47486.40,46860.00,47465.87,3833.392,1613111399999,180978360.64616,35742,2251.215,106293535.13501,0
1613111400000,47469.51,47650.00,47320.00,47524.98,2588.481,1613112299999,122946819.03617,28959,1174.159,55792943.07884,0
1613112300000,47524.97,47602.41,47400.00,47460.55,1267.967,1613113199999,60223126.89899,17224,536.346,25477624.66539,0
1613113200000,47460.54,47460.55,47111.00,47214.57,2006.878,1613114099999,94845379.12033,26328,942.988,44550019.22446,0
1613114100000,47214.58,47338.97,47108.30,47118.55,1342.395,1613114999999,63392130.38034,19387,718.873,33953092.42632,0
1613115000000,47118.55,47547.83,46978.39,47434.70,2993.260,1613115899999,141418728.41701,32593,1435.549,67823251.98541,0
1613115900000,47434.70,47564.38,47217.24,47398.60,2209.238,1613116799999,104710968.22834,24254,985.294,46700952.02784,0
1613116800000,47398.59,47600.00,47257.00,47336.90,2614.354,1613117699999,124003083.42258,28566,1353.197,64198302.93990,0
1613117700000,47336.90,47800.00,47301.06,47697.09,2913.904,1613118599999,138825269.40807,31229,1683.695,80228836.32658,0
1613118600000,47696.22,47724.53,47424.82,47534.83,2204.474,1613119499999,104863750.57423,23203,1150.999,54748613.34015,0
1613119500000,47534.84,47535.89,47170.00,47200.00,3412.351,1613120399999,161374862.98290,32129,1467.281,69393309.60769,0
1613120400000,47200.00,47424.06,47103.00,47264.45,1888.472,1613121299999,89251806.31992,23158,974.599,46072604.40619,0
1613121300000,47264.45,47350.38,47100.00,47318.45,1494.772,1613122199999,70598822.46929,20938,660.664,31207230.96250,0
1613122200000,47318.45,47501.00,47210.00,47406.46,1896.910,1613123099999,89857587.42388,23529,940.690,44571699.57014,0
1613123100000,47406.46,47481.20,47219.00,47426.03,1412.866,1613123999999,66874570.21102,19737,701.132,33182568.90325,0
1613124000000,47426.02,47550.00,47423.79,47477.05,1715.617,1613124899999,81472486.23104,20407,907.479,43097070.28565,0
1613124900000,47477.05,47813.00,47458.05,47680.75,3071.993,1613125799999,146415698.70448,32056,1732.995,82592077.78929,0
1613125800000,47680.76,47704.00,47558.88,47653.03,1590.638,1613126699999,75759372.11529,18481,808.282,38498636.02371,0
1613126700000,47653.04,47703.05,47424.00,47485.67,1622.084,1613127599999,77082842.05466,19359,723.465,34389280.02637,0
1613127600000,47485.68,47600.00,47444.00,47497.99,1146.986,1613128499999,54522175.27787,16717,616.364,29302389.48714,0
1613128500000,47497.99,47977.08,47370.00,47967.34,3290.408,1613129399999,156886154.85028,34432,1778.684,84845768.88543,0
1613129400000,47967.34,48100.00,47750.00,47815.99,2637.095,1613130299999,126322036.64391,29452,1213.655,58150284.45302,0
1613130300000,47815.99,47826.97,47655.00,47660.80,1386.931,1613131199999,66197780.46007,18488,704.944,33649848.59587,0
1613131200000,47660.80,47843.30,47400.00,47601.06,2681.632,1613132099999,127607044.65006,30541,1504.607,71612517.65649,0
1613132100000,47601.07,47820.00,47534.45,47794.30,1414.458,1613132999999,67396506.94562,20074,780.662,37198492.56452,0
1613133000000,47796.78,48075.15,47789.02,47913.99,2790.714,1613133899999,133781686.34238,32602,1320.766,63319189.71833,0
1613133900000,47913.99,47938.00,47706.89,47757.00,1334.997,1613134799999,63822232.42979,19603,651.480,31146438.91148,0
1613134800000,47757.00,48273.00,47722.41,48179.99,2735.198,1613135699999,131228167.41323,31446,1620.884,77809387.38734,0
1613135700000,48184.13,48268.00,47900.25,47912.23,2745.699,1613136599999,131997377.51271,32391,1229.795,59133260.42973,0
1613136600000,47912.23,47999.92,47856.00,47915.02,1474.628,1613137499999,70686439.27086,19549,701.574,33636574.50416,0
1613137500000,47915.01,48172.55,47860.00,47947.00,1978.278,1613138399999,94967018.46982,25480,983.721,47217225.40219,0
1613138400000,47946.99,47947.00,47617.00,47815.96,3382.966,1613139299999,161556441.83194,35962,1666.413,79581957.96193,0
1613139300000,47815.96,47854.91,47350.00,47481.21,3096.521,1613140199999,147528332.87287,33294,985.996,47001748.48179,0
1613140200000,47473.66,47520.00,46333.00,46723.47,12114.446,1613141099999,568751746.81642,104287,4991.479,234403160.27485,0
1613141100000,46729.86,46745.00,46121.00,46598.95,8796.033,1613141999999,408811158.83568,84132,4199.931,195299877.57493,0
1613142000000,46598.94,46940.00,46571.51,46930.60,4268.003,1613142899999,199679189.04403,45552,2401.195,112349937.64127,0
1613142900000,46930.61,47040.00,46785.80,47034.94,3166.700,1613143799999,148603177.21708,31714,1721.524,80808838.74014,0
1613143800000,47034.94,47196.00,46822.00,47134.09,3446.511,1613144699999,162105963.26577,34350,1660.146,78112516.73875,0
1613144700000,47134.09,47224.07,47020.00,47083.34,2608.250,1613145599999,122921210.44116,27467,1236.916,58309878.90106,0
1613145600000,47083.34,47338.16,47066.47,47326.35,3332.909,1613146499999,157314922.08706,40791,1893.208,89374645.26010,0
1613146500000,47324.56,48000.00,47285.67,47894.94,6045.757,1613147399999,287984071.45545,59788,3261.789,155403518.08722,0
1613147400000,47894.93,48100.09,47650.00,47653.39,4787.987,1613148299999,228982524.60889,46881,1942.900,92947511.07323,0
1613148300000,47650.42,47793.91,47639.26,47701.00,1560.426,1613149199999,74437166.42094,21400,806.903,38498279.58477,0
1613149200000,47701.00,47795.58,47555.00,47656.24,2387.915,1613150099999,113885837.85374,26782,1261.207,60160953.58681,0
1613150100000,47656.24,47950.00,47656.23,47810.01,1954.888,1613150999999,93521080.66203,24781,1063.606,50885063.08881,0
1613151000000,47810.01,47863.61,47580.00,47776.19,1733.644,1613151899999,82720688.36484,22701,744.822,35545295.99751,0
1613151900000,47776.19,48010.00,47740.14,47807.92,2304.885,1613152799999,110357900.84413,27494,1199.879,57459962.91737,0
1613152800000,47807.93,47895.00,47650.00,47833.96,1594.373,1613153699999,76198893.98775,20351,826.603,39512418.95509,0
1613153700000,47833.96,47928.45,47171.51,47455.61,4491.760,1613154599999,213321031.63720,41006,1934.053,91853386.80696,0
1613154600000,47455.62,47586.28,47040.50,47341.01,3679.693,1613155499999,174135745.43200,37997,1603.924,75932385.94994,0
1613155500000,47341.01,47480.00,47000.00,47358.66,3544.726,1613156399999,167431334.66987,35906,1778.450,84028338.50723,0
1613156400000,47358.66,47456.06,47221.35,47221.35,1996.343,1613157299999,94569749.57018,23692,1024.557,48538413.86506,0
1613157300000,47221.35,47410.69,47210.00,47382.00,1323.705,1613158199999,62663580.84733,18359,709.365,33581301.28176,0
1613158200000,47384.99,47543.00,47285.80,47321.17,1341.010,1613159099999,63550333.93147,18812,738.186,34987021.99158,0
1613159100000,47321.17,47408.27,47162.07,47352.99,1099.044,1613159999999,52001689.23004,16520,547.822,25925565.93731,0
1613160000000,47352.99,47480.00,47317.42,47400.37,1210.361,1613160899999,57367978.75064,17123,650.981,30854716.39804,0
1613160900000,47400.36,47469.00,47226.94,47409.54,1080.464,1613161799999,51175868.75661,15355,494.786,23440520.33753,0
1613161800000,47409.54,47649.62,47371.35,47580.03,1843.589,1613162699999,87647131.36686,22850,1114.690,52996595.34055,0
1613162700000,47578.16,47756.98,47557.31,47650.01,1030.563,1613163599999,49097989.85681,16297,574.188,27359042.87186,0
1613163600000,47650.01,47890.00,47635.19,47724.49,1710.207,1613164499999,81659645.25031,24547,912.147,43568673.10637,0
1613164500000,47724.48,47795.47,47658.42,47730.93,786.756,1613165399999,37549978.97602,14679,351.316,16768421.20620,0
1613165400000,47734.62,48281.39,47734.62,47900.00,4433.030,1613166299999,212905641.33601,45337,2264.025,108731293.02426,0
1613166300000,47900.01,48047.16,47770.85,47961.99,1731.964,1613167199999,83006034.62530,22377,870.909,41741551.65882,0
1613167200000,47960.41,48035.95,47850.32,47851.33,870.325,1613168099999,41705302.44631,16796,388.941,18641653.81853,0
1613168100000,47851.33,47950.00,47765.02,47818.75,837.342,1613168999999,40090188.25141,13860,401.668,19233432.66129,0
1613169000000,47818.76,47929.80,47700.00,47822.28,855.065,1613169899999,40900473.53024,14000,434.692,20795995.77834,0
1613169900000,47822.27,47982.00,47730.06,47937.34,1014.505,1613170799999,48574714.78162,14738,514.483,24634220.47291,0
1613170800000,47938.10,47977.00,47582.48,47801.00,1698.932,1613171699999,81164715.28376,22327,839.071,40101010.05740,0
1613171700000,47801.00,47810.98,47505.00,47654.67,1783.179,1613172599999,84955495.63514,22075,791.992,37734391.03834,0
1613172600000,47655.15,47685.62,47245.79,47473.60,2929.102,1613173499999,138846596.09620,29262,1500.725,71141676.74050,0
1613173500000,47474.46,47631.11,47327.50,47361.03,1967.082,1613174399999,93439159.59558,19997,916.439,43548519.16481,0
1613174400000,47364.00,47628.00,47326.66,47555.97,2553.981,1613175299999,121289914.63479,27596,1234.693,58647315.90840,0
1613175300000,47555.97,47571.78,47302.00,47412.22,1579.021,1613176199999,74860895.54836,22221,644.206,30546651.57275,0
1613176200000,47412.23,47696.03,47370.70,47533.79,1407.698,1613177099999,66871960.66263,18220,810.606,38514676.62042,0
1613177100000,47533.79,47643.30,47488.00,47567.22,1099.021,1613177999999,52279794.88006,13975,591.652,28147913.77581,0
1613178000000,47567.22,47800.10,47508.00,47764.27,1597.144,1613178899999,76180754.77118,20110,850.392,40562213.80758,0
1613178900000,47764.27,47878.38,47728.07,47760.61,1258.288,1613179799999,60141858.76708,17544,501.018,23950552.86804,0
1613179800000,47760.61,47823.00,47721.01,47747.50,864.664,1613180699999,41296889.73406,14006,377.124,18012784.60333,0
1613180700000,47747.51,47944.31,47702.30,47738.47,1187.368,1613181599999,56750255.63349,15116,618.451,29566743.17768,0
1613181600000,47740.97,47799.22,47666.52,47719.23,934.366,1613182499999,44604318.14614,14326,482.217,23023765.72127,0
1613182500000,47719.23,47746.30,47620.23,47721.69,1068.600,1613183399999,50963151.95911,14179,414.534,19772664.35748,0
1613183400000,47721.69,47927.89,47699.69,47910.00,1314.718,1613184299999,62884790.62468,16748,711.738,34039890.21656,0
1613184300000,47909.99,48069.40,47903.99,47962.96,2148.044,1613185199999,103086797.06287,23609,1201.253,57654785.19493,0
1613185200000,47962.96,48290.00,47962.95,48064.99,2558.566,1613186099999,123091145.33369,27830,1429.311,68772731.20358,0
1613186100000,48064.99,48065.00,47921.00,47965.40,1262.976,1613186999999,60594534.72934,17239,552.087,26490508.79024,0
1613187000000,47965.39,47979.97,47789.83,47884.78,1595.255,1613187899999,76391504.77787,18518,742.454,35557860.73067,0
1613187900000,47884.79,47957.08,47833.60,47926.63,930.879,1613188799999,44578316.40333,13338,524.509,25119464.18905,0
1613188800000,47926.63,48008.17,47681.22,47800.00,1775.394,1613189699999,84892007.39429,21234,771.484,36910372.86422,0
1613189700000,47801.18,47940.26,47798.62,47801.20,900.717,1613190599999,43110235.88337,12345,512.079,24511002.63797,0
1613190600000,47801.20,47900.00,47702.56,47870.69,1034.119,1613191499999,49442052.21401,12902,613.285,29325036.70207,0
1613191500000,47870.69,48020.96,47870.69,47999.38,830.513,1613192399999,39808523.54321,12466,509.750,24434817.74565,0
1613192400000,47998.66,48015.76,47780.00,47846.39,1223.176,1613193299999,58579317.11576,15584,544.158,26061650.03182,0
1613193300000,47846.39,47937.40,47500.00,47544.05,2516.432,1613194199999,120094352.39879,26140,933.675,44577669.36605,0
1613194200000,47544.05,47849.99,47463.78,47831.70,2370.767,1613195099999,112887489.11999,24526,1389.669,66179922.13811,0
1613195100000,47831.71,48047.94,47776.79,47984.39,1985.509,1613195999999,95181703.55863,20820,976.023,46801962.58081,0
1613196000000,47984.38,48018.91,47751.52,47768.67,1792.516,1613196899999,85812187.71583,20537,747.240,35782208.62137,0
1613196900000,47768.67,47842.81,47616.41,47728.10,1777.543,1613197799999,84836788.85004,19817,943.328,45030063.70970,0
1613197800000,47728.10,47747.88,47566.83,47687.58,1576.445,1613198699999,75114167.79542,17804,894.866,42644177.86776,0
1613198700000,47687.58,47849.51,47687.57,47811.76,1228.660,1613199599999,58699155.27912,15737,603.046,28808330.07732,0
1613199600000,47811.75,47880.69,47537.44,47560.54,1679.915,1613200499999,80119001.20441,19358,629.694,30036189.05919,0
1613200500000,47560.01,47668.75,47456.39,47618.46,1667.233,1613201399999,79323340.22326,18517,810.580,38584600.70742,0
1613201400000,47618.46,47666.00,47165.60,47400.04,3858.815,1613202299999,182797981.79785,36760,1635.796,77498163.80483,0
1613202300000,47400.04,47432.00,47010.00,47036.20,3808.318,1613203199999,179841143.15019,32290,1815.858,85778714.48744,0
1613203200000,47037.89,47360.00,46660.01,47288.99,8686.269,1613204099999,408161776.94424,68180,4506.791,211868139.00315,0
1613204100000,47288.59,47488.00,47160.00,47430.59,2718.071,1613204999999,128681541.14421,28764,1394.839,66054033.21162,0
1613205000000,47430.59,47580.87,47309.03,47553.81,2154.616,1613205899999,102248103.56555,23226,1149.112,54547488.80391,0
1613205900000,47555.82,47559.07,47414.15,47514.19,1203.736,1613206799999,57155926.98006,15824,526.502,25003818.98683,0
1613206800000,47514.20,47550.00,47358.74,47482.64,1736.320,1613207699999,82417776.65946,19690,640.556,30410061.92042,0
1613207700000,47482.64,47660.20,47434.51,47440.62,1381.600,1613208599999,65698236.91202,18397,727.042,34580304.97677,0
1613208600000,47440.61,47554.52,47183.18,47324.95,1508.204,1613209499999,71460653.71429,20028,564.970,26779400.13153,0
1613209500000,47324.96,47416.99,47111.96,47276.20,2241.381,1613210399999,105980554.15618,23087,1155.422,54647043.55479,0
1613210400000,47281.00,47320.00,47141.74,47206.00,1446.763,1613211299999,68354541.85470,19634,752.820,35572536.50644,0
1613211300000,47205.99,47298.57,47050.00,47203.29,3274.646,1613212199999,154441047.49191,27742,1239.347,58466575.24814,0
1613212200000,47203.83,47299.00,47084.83,47109.90,2614.710,1613213099999,123363028.79822,24848,1207.728,56986905.75068,0
1613213100000,47109.91,47348.00,46721.00,46770.57,5541.373,1613213999999,260488667.39526,51840,2459.930,115697803.86433,0
1613214000000,46770.58,46891.80,46300.00,46650.57,9272.189,1613214899999,432376515.42140,84148,4481.558,209075959.96696,0
1613214900000,46650.56,46989.00,46526.07,46788.31,4722.326,1613215799999,221037399.80625,46118,2170.986,101643438.40066,0
1613215800000,46789.49,47077.00,46652.72,46821.45,3391.111,1613216699999,158975177.84489,35982,1900.724,89119271.74814,0
1613216700000,46821.44,46825.29,46350.76,46656.62,4203.280,1613217599999,195556018.35894,47436,2036.773,94781963.95202,0
1613217600000,46656.63,46911.92,46252.10,46814.65,4924.573,1613218499999,229531047.66413,52756,2430.637,113342322.28760,0
1613218500000,46815.20,47280.77,46815.19,47244.07,4806.379,1613219399999,226473355.28336,46339,2714.691,127907731.16729,0
1613219400000,47243.28,47273.48,46909.00,46988.69,3201.183,1613220299999,150745342.87487,29826,1114.715,52487583.76579,0
1613220300000,46988.68,47105.46,46910.00,46947.11,1755.729,1613221199999,82519116.86613,21099,975.044,45832490.99639,0
1613221200000,46945.82,47064.71,46616.51,46826.71,4799.613,1613222099999,224714414.76753,43776,2239.996,104882689.99480,0
1613222100000,46822.95,47067.00,46686.17,46980.00,2334.045,1613222999999,109426183.67141,28541,1241.461,58204533.56829,0
1613223000000,46983.00,47213.46,46926.85,47091.86,2345.666,1613223899999,110432807.49294,26122,1181.291,55620661.56813,0
1613223900000,47091.87,47169.77,46927.51,47034.87,1460.945,1613224799999,68760235.53026,19401,636.971,29983812.13947,0
1613224800000,47034.86,47044.25,46800.00,46834.44,1808.156,1613225699999,84805199.13789,24017,857.729,40236162.05787,0
1613225700000,46835.08,47024.08,46726.45,46846.18,2058.112,1613226599999,96431730.24088,24498,980.160,45943672.65051,0
1613226600000,46846.19,46959.17,46709.00,46815.73,1888.130,1613227499999,88385533.21006,22263,872.411,40844182.07834,0
1613227500000,46815.74,47113.72,46723.00,47002.02,2108.101,1613228399999,98957568.14827,23739,1268.919,59573639.40665,0
1613228400000,47002.02,47384.94,46943.22,47195.00,4132.180,1613229299999,195122674.54278,38075,2212.183,104477695.92344,0
1613229300000,47194.99,47223.27,46967.77,47056.72,1651.208,1613230199999,77801526.73984,21151,865.695,40795182.80989,0
1613230200000,47057.10,47298.89,46967.72,47231.47,2084.722,1613231099999,98343860.49998,23796,1119.640,52816291.38754,0
1613231100000,47231.47,47350.00,47111.45,47127.31,2125.683,1613231999999,100393218.18935,23111,923.523,43621855.06132,0
1613232000000,47129.21,47285.25,47013.00,47242.08,2741.191,1613232899999,129247399.70745,32942,1438.257,67823929.84310,0
1613232900000,47242.09,47462.89,47100.00,47135.57,2852.768,1613233799999,134955767.06668,31296,1367.729,64718150.25632,0
1613233800000,47135.57,47167.36,46907.38,47147.41,2716.932,1613234699999,127864645.08448,27943,1307.554,61561112.45620,0
1613234700000,47149.21,47365.00,47132.58,47200.75,2039.164,1613235599999,96381708.87164,23562,911.977,43111046.92792,0
1613235600000,47200.75,47239.00,46980.00,47017.60,1673.904,1613236499999,78853807.99881,22016,698.972,32942012.59875,0
1613236500000,47017.59,47170.00,47017.59,47112.64,981.843,1613237399999,46240944.62215,16230,540.446,25451667.01163,0
1613237400000,47112.64,47226.85,46950.34,46962.61,1787.082,1613238299999,84145720.49578,21384,887.389,41799066.64247,0
1613238300000,46962.61,47098.00,46806.14,46922.74,2295.980,1613239199999,107757546.78605,24472,1085.627,50960616.81129,0
1613239200000,46922.74,47072.61,46807.16,46980.97,1386.154,1613240099999,65046696.32510,20938,603.054,28304096.53686,0
1613240100000,46980.96,47040.00,46902.88,46966.24,863.272,1613240999999,40560089.26285,14570,441.332,20737302.34869,0
1613241000000,46966.24,47090.00,46857.85,46922.51,1281.133,1613241899999,60195315.49181,18474,592.744,27853423.82626,0
1613241900000,46922.51,47025.64,46818.21,46861.64,964.743,1613242799999,45258910.31179,15566,458.475,21509661.25096,0
1613242800000,46861.63,46980.00,46770.00,46946.01,1381.850,1613243699999,64769935.45340,19149,679.545,31854498.17296,0
1613243700000,46943.47,47148.00,46904.00,47066.38,1597.931,1613244599999,75191008.16939,18563,915.597,43086892.54437,0
1613244600000,47066.37,47115.60,46905.00,46954.02,1047.452,1613245499999,49239502.74499,15285,471.579,22164731.66789,0
1613245500000,46954.01,46995.00,46857.36,46938.24,784.951,1613246399999,36828353.94897,11687,408.745,19176985.84691,0
1613246400000,46938.23,46991.91,46710.19,46785.51,1554.902,1613247299999,72842670.28177,21369,727.361,34080392.14945,0
1613247300000,46785.51,46872.01,46730.00,46828.93,1099.589,1613248199999,51455011.77675,15815,537.082,25137013.25002,0
1613248200000,46828.93,46907.35,46777.69,46859.40,803.121,1613249099999,37634216.19288,12549,352.633,16525516.38073,0
1613249100000,46859.40,47043.44,46787.16,46994.85,1360.826,1613249999999,63891056.96518,16543,655.395,30771451.03702,0
1613250000000,46994.85,47095.00,46910.63,46947.01,1353.224,1613250899999,63613218.57495,17141,675.332,31750906.29499,0
1613250900000,46947.00,47014.57,46824.82,46833.39,1007.422,1613251799999,47266053.24500,14701,495.586,23254146.44580,0
1613251800000,46832.12,46984.25,46758.26,46984.25,1374.322,1613252699999,64366031.57879,16506,786.384,36830110.32589,0
1613252700000,46984.25,47484.00,46983.30,47195.01,3630.975,1613253599999,171690748.60342,36841,1636.010,77344491.03151,0
1613253600000,47195.01,47338.35,47160.07,47161.76,1097.961,1613254499999,51876417.71360,15407,628.009,29675100.43556,0
1613254500000,47161.74,47226.99,46973.43,46979.81,1056.232,1613255399999,49742696.69562,16218,464.339,21872005.31940,0
1613255400000,46979.82,47133.96,46921.00,47042.18,1060.796,1613256299999,49890194.12489,16166,619.416,29137018.51480,0
1613256300000,47042.18,47246.62,47019.92,47117.09,1096.420,1613257199999,51685019.81298,14227,669.853,31579379.76853,0
1613257200000,47117.09,47383.44,47117.09,47315.80,1200.270,1613258099999,56771417.21270,18249,581.359,27497157.61836,0
1613258100000,47315.81,47337.62,47207.61,47218.98,899.148,1613258999999,42500467.10129,13608,415.585,19643640.83572,0
1613259000000,47218.99,47319.03,47156.26,47207.09,902.256,1613259899999,42608668.41488,13720,469.391,22169178.94934,0
1613259900000,47207.10,47245.96,47080.00,47221.62,1103.902,1613260799999,52057584.93183,15610,599.370,28266500.08058,0
1613260800000,47221.63,47713.98,47093.16,47638.47,4254.330,1613261699999,201699805.06388,40372,2430.628,115299607.35957,0
1613261700000,47638.47,47721.36,47518.57,47564.15,2775.691,1613262599999,132146173.24802,30143,1209.115,57573942.29721,0
1613262600000,47565.47,47775.98,47428.10,47637.93,2683.702,1613263499999,127785493.03585,30591,1386.502,66028713.13996,0
1613263500000,47637.93,47708.31,47584.10,47654.91,1264.492,1613264399999,60236798.10916,17691,683.386,32554171.87642,0
1613264400000,47654.78,47799.01,47566.83,47582.27,1714.940,1613265299999,81744738.93499,20901,826.861,39422619.64941,0
1613265300000,47582.28,47734.09,47582.28,47614.77,1093.326,1613266199999,52112862.64022,16370,572.871,27306136.44987,0
1613266200000,47614.77,47767.99,47538.72,47578.90,1418.015,1613267099999,67574452.05513,17815,696.544,33192636.79989,0
1613267100000,47578.90,47618.32,47354.38,47569.21,2298.760,1613267999999,109111064.75076,22052,1059.913,50311795.28869,0
1613268000000,47569.21,47718.75,47555.23,47665.00,1276.849,1613268899999,60840437.79959,17191,614.146,29262723.31712,0
1613268900000,47665.00,47677.85,47400.00,47459.63,1505.984,1613269799999,71605352.88585,19447,650.293,30916408.07847,0
1613269800000,47459.64,47618.57,47420.00,47557.18,1516.329,1613270699999,72054935.01588,17367,771.097,36641339.57796,0
1613270700000,47557.19,47665.95,47447.42,47472.69,1312.629,1613271599999,62443467.70222,14919,530.367,25231496.96594,0
1613271600000,47472.69,47573.45,47401.00,47468.24,1225.155,1613272499999,58182069.96612,16797,610.055,28975284.98385,0
1613272500000,47468.24,47570.00,47450.45,47564.99,928.616,1613273399999,44133817.21526,13791,467.990,22242347.70885,0
1613273400000,47564.99,47600.00,47457.03,47515.01,905.930,1613274299999,43065550.40318,12913,463.454,22031257.39989,0
1613274300000,47515.01,47548.51,47301.00,47368.79,1645.347,1613275199999,78006248.66552,17380,719.031,34092579.46684,0
1613275200000,47368.78,47565.99,47312.20,47495.28,1573.453,1613276099999,74698334.87094,18640,858.529,40760404.52415,0
1613276100000,47495.28,47534.48,47369.46,47408.52,1055.403,1613276999999,50066176.15932,15241,556.441,26396884.67328,0
1613277000000,47408.52,47740.00,47408.52,47684.97,1364.317,1613277899999,64927389.08520,19300,799.470,38049930.51192,0
1613277900000,47684.97,47690.58,47538.41,47622.00,1113.649,1613278799999,53015518.67985,15508,559.612,26638773.33916,0
1613278800000,47621.99,47685.00,47563.03,47668.72,774.448,1613279699999,36871061.17524,12525,416.432,19827324.80098,0
1613279700000,47668.72,48047.80,47622.63,48036.00,3739.660,1613280599999,179011381.41924,37569,2307.349,110437879.68858,0
1613280600000,48036.00,48185.50,47933.51,48070.00,3652.078,1613281499999,175607750.49674,34822,1832.624,88138699.42043,0
1613281500000,48070.00,49082.36,48069.99,49026.56,10258.964,1613282399999,499393430.56279,91984,5927.412,288467222.05219,0
1613282400000,49025.44,49545.64,49025.25,49333.99,9689.408,1613283299999,477934288.88986,89717,5140.161,253575757.81339,0
1613283300000,49333.99,49424.00,48727.50,48930.02,7013.673,1613284199999,343705009.48129,58808,3271.589,160366032.53337,0
1613284200000,48928.62,49151.65,48618.00,48739.88,4582.712,1613285099999,224000971.86844,40624,2097.740,102613003.38143,0
1613285100000,48739.88,48981.21,48686.31,48867.94,3077.605,1613285999999,150310281.09636,27835,1718.580,83948823.55424,0
1613286000000,48867.93,48980.00,48621.00,48764.40,2561.397,1613286899999,124949434.29642,26047,1187.245,57939414.08205,0
1613286900000,48764.40,48900.00,48750.00,48841.40,1328.658,1613287799999,64873080.09679,17771,734.059,35846780.89971,0
1613287800000,48841.40,49196.23,48802.97,48882.83,2910.697,1613288699999,142579834.01517,30618,1473.050,72162362.58166,0
1613288700000,48882.82,48915.00,48668.71,48823.85,2628.369,1613289599999,128226013.00969,24586,1217.184,59390959.04593,0
1613289600000,48823.84,48999.95,48768.24,48974.12,2587.538,1613290499999,126522402.74409,27716,1428.498,69860489.40707,0
1613290500000,48974.11,49137.00,48856.88,48897.00,2478.665,1613291399999,121437228.00305,26099,1231.356,60347292.69042,0
1613291400000,48897.01,48934.57,48708.36,48717.07,1785.310,1613292299999,87137531.75853,22637,634.929,30997328.10943,0
1613292300000,48717.08,48838.63,48500.00,48838.63,2755.350,1613293199999,134160623.51658,28726,1231.038,59971057.62192,0
1613293200000,48838.62,49030.00,48722.37,49006.38,2356.117,1613294099999,115125058.88432,24160,1479.886,72320853.50051,0
1613294100000,49006.39,49055.39,48900.00,48988.30,1734.678,1613294999999,84982976.47209,20656,754.518,36966812.70108,0
1613295000000,48988.30,49125.43,48974.50,49011.91,1888.631,1613295899999,92627850.24787,24519,916.040,44933237.62651,0
1613295900000,49011.90,49299.00,49011.90,49230.00,2952.538,1613296799999,145266492.40381,31379,1679.527,82631757.01242,0
1613296800000,49229.99,49380.85,49127.06,49197.22,2614.436,1613297699999,128709822.82971,29607,1315.967,64802574.69441,0
1613297700000,49197.22,49464.37,49197.22,49357.40,2868.016,1613298599999,141479882.96835,30198,1562.662,77101984.62712,0
1613298600000,49356.14,49441.39,49141.60,49221.49,2976.156,1613299499999,146622026.19200,29639,1247.745,61493142.44569,0
1613299500000,49221.50,49336.90,49050.59,49129.00,1985.084,1613300399999,97638523.38219,23886,793.989,39067128.96762,0
1613300400000,49128.99,49185.00,48847.70,48987.82,2787.850,1613301299999,136657179.78892,30664,1144.532,56122770.39860,0
1613301300000,48987.80,49127.89,48954.54,49040.00,1791.928,1613302199999,87910825.81258,23257,1007.697,49441806.70128,0
1613302200000,49040.01,49158.92,48872.01,49071.42,1837.831,1613303099999,90071226.70356,24362,916.757,44939774.01362,0
1613303100000,49070.73,49220.00,49041.52,49144.99,1526.996,1613303999999,75036365.21249,19926,858.059,42164637.31497,0
1613304000000,49144.99,49838.29,49103.33,49739.69,6933.360,1613304899999,343290196.60449,58768,4079.077,201945616.17060,0
1613304900000,49739.68,49875.16,49353.48,49467.23,7744.339,1613305799999,384480283.23512,62146,3267.538,162241371.96996,0
1613305800000,49467.23,49578.45,49216.49,49477.84,3471.805,1613306699999,171558136.60257,35471,1827.812,90357554.18595,0
1613306700000,49477.86,49686.93,49404.00,49534.42,3021.679,1613307599999,149701743.46446,33861,1654.905,81993923.68818,0
1613307600000,49534.42,49689.83,49418.00,49479.01,1857.397,1613308499999,92034404.43942,27079,889.988,44100147.72771,0
1613308500000,49479.01,49495.27,49167.23,49330.21,2960.824,1613309399999,146052535.80103,34571,1419.359,70025848.84029,0
1613309400000,49329.51,49431.73,49001.00,49117.53,3378.529,1613310299999,166179845.48149,37577,1463.823,72020800.16992,0
1613310300000,49119.49,49224.30,48637.00,48868.88,7358.898,1613311199999,359779013.49183,63655,3195.697,156282369.35339,0
1613311200000,48870.62,49077.95,48866.29,48926.29,2592.958,1613312099999,127005379.48576,29224,1275.271,62466622.41008,0
1613312100000,48926.29,49136.52,48851.00,49056.11,2062.289,1613312999999,101110798.14956,24949,1100.899,53990398.64478,0
1613313000000,49056.11,49169.00,48912.01,49011.02,1670.599,1613313899999,81933744.84236,22554,833.507,40886948.29767,0
1613313900000,49011.01,49018.12,48538.32,48851.17,4921.078,1613314799999,239977361.90871,48325,2202.712,107422516.56694,0
1613314800000,48851.16,49049.88,48750.00,48803.04,2347.041,1613315699999,114853148.40041,26571,995.156,48708181.72209,0
1613315700000,48803.04,48927.08,48211.12,48377.01,7629.252,1613316599999,369967276.18454,64468,3291.770,159699831.54158,0
1613316600000,48377.01,48667.00,48200.00,48610.08,4385.509,1613317499999,212499926.06922,42084,2342.617,113543454.35134,0
1613317500000,48610.08,48660.00,48378.21,48630.09,2221.480,1613318399999,107857961.47516,24422,1004.989,48801556.18871,0
1613318400000,48630.08,48866.90,48493.70,48799.99,3307.063,1613319299999,161054389.83618,34382,1766.739,86049916.12077,0
1613319300000,48799.99,48925.32,48726.48,48802.41,2173.367,1613320199999,106110829.38026,22372,1005.695,49114523.20766,0
1613320200000,48803.45,48948.89,48765.62,48877.69,1334.156,1613321099999,65176303.48200,17392,684.710,33456116.33987,0
1613321100000,48877.69,49200.00,48840.00,49083.26,2836.657,1613321999999,139041002.97274,27529,1565.765,76758521.40017,0
1613322000000,49083.26,49184.00,48865.40,48975.72,2387.939,1613322899999,117019647.58765,25467,988.618,48456922.76519,0
1613322900000,48975.71,49079.95,48876.46,49029.18,1381.785,1613323799999,67651824.29750,18226,728.174,35655829.11284,0
1613323800000,49029.19,49095.00,48852.00,48984.97,1569.056,1613324699999,76833814.39480,17876,692.361,33912171.21786,0
1613324700000,48984.97,49025.75,48671.56,48713.01,2487.625,1613325599999,121487766.57416,24308,927.439,45305837.65903,0
1613325600000,48713.01,48899.99,48622.00,48856.80,1752.679,1613326499999,85462888.74520,21783,907.035,44239167.48751,0
1613326500000,48847.48,48924.58,48721.00,48832.53,1106.628,1613327399999,54017545.98543,16045,564.327,27549982.41583,0
1613327400000,48832.54,48832.54,48500.00,48584.81,2103.335,1613328299999,102275427.05636,23903,889.981,43275890.14946,0
1613328300000,48584.82,48830.00,48522.01,48825.68,1698.742,1613329199999,82716716.86563,19381,865.064,42122615.72880,0
1613329200000,48823.05,48987.78,48707.54,48898.14,1805.727,1613330099999,88269953.33405,20910,1032.541,50479864.26716,0
1613330100000,48898.33,48900.00,48602.87,48603.14,1259.392,1613330999999,61394553.88587,17459,573.836,27974140.21742,0
1613331000000,48603.14,48798.00,48562.72,48774.21,1147.497,1613331899999,55861726.69800,16462,576.103,28041570.01076,0
1613331900000,48774.21,49022.57,48733.90,48796.05,1965.235,1613332799999,96074078.68845,21785,961.032,46988664.40328,0
1613332800000,48795.66,49079.84,48680.00,48935.25,2466.539,1613333699999,120589835.03085,26487,1344.427,65713097.56622,0
1613333700000,48935.25,49016.22,48838.00,48868.00,887.024,1613334599999,43381312.94080,13279,517.226,25296006.80733,0
1613334600000,48867.21,49088.68,48830.00,49049.96,1165.733,1613335499999,57058543.13236,17311,588.513,28807556.00277,0
1613335500000,49049.97,49100.00,48917.40,49013.20,1187.119,1613336399999,58168717.66099,16461,548.293,26868939.82781,0
1613336400000,49010.97,49010.97,48830.00,48952.39,1263.710,1613337299999,61820493.52906,16492,645.311,31568722.81921,0
1613337300000,48952.39,49158.44,48886.20,49055.53,1743.162,1613338199999,85526879.54785,20471,800.651,39290521.08531,0
1613338200000,49055.53,49055.53,48917.85,49009.95,891.087,1613339099999,43645158.31431,14028,535.769,26242779.92728,0
1613339100000,49006.76,49068.89,48888.00,48920.88,939.095,1613339999999,45979646.55518,14196,432.800,21192806.70551,0
1613340000000,48918.42,48993.37,48800.00,48985.99,1197.461,1613340899999,58566968.77794,17627,589.947,28855031.86203,0
1613340900000,48985.99,49400.00,48981.73,49308.68,2664.266,1613341799999,131130723.09948,32168,1543.010,75953680.67356,0
1613341800000,49308.85,49334.41,49171.25,49175.31,1289.101,1613342699999,63462527.91305,18524,494.825,24364810.46121,0
1613342700000,49178.70,49263.00,49083.00,49092.39,1178.775,1613343599999,57965061.78857,16205,516.649,25412428.50593,0
1613343600000,49092.77,49144.39,48950.00,49061.94,1484.058,1613344499999,72763335.88654,19463,715.739,35095776.47547,0
1613344500000,49061.93,49181.41,48967.58,49036.57,1481.540,1613345399999,72705085.59764,18243,699.224,34312926.15319,0
1613345400000,49036.58,49041.16,48570.00,48828.42,3608.274,1613346299999,175972403.51749,34285,1576.275,76867696.93227,0
1613346300000,48828.42,48883.89,48613.00,48655.21,1543.092,1613347199999,75285244.57811,17872,611.608,29848910.60887,0
1613347200000,48655.21,48880.00,48500.00,48811.45,2722.881,1613348099999,132631421.32745,29320,1327.682,64698918.12430,0
1613348100000,48811.44,48828.00,48702.85,48730.20,897.806,1613348999999,43774047.64193,14090,431.436,21035099.15296,0
1613349000000,48730.19,49100.00,48655.87,48958.34,2129.281,1613349899999,104142286.82629,22966,1150.759,56291295.81622,0
1613349900000,48958.35,49034.00,48833.67,48847.20,1039.480,1613350799999,50858451.99906,14063,461.107,22568768.34347,0
1613350800000,48850.00,48910.68,48386.52,48518.22,2810.796,1613351699999,136603117.12380,30342,1113.694,54137318.98457,0
1613351700000,48511.71,48547.33,48200.00,48322.21,4232.626,1613352599999,204585466.96396,38892,1953.529,94454762.61200,0
1613352600000,48322.21,48334.02,47721.54,48065.21,7017.895,1613353499999,337070509.45022,65684,2869.246,137857581.26265,0
1613353500000,48065.21,48280.00,48011.64,48102.38,2492.007,1613354399999,120064599.20636,24851,1223.217,58949398.83946,0
1613354400000,48102.39,48298.95,47614.06,47655.51,3726.178,1613355299999,178866744.55238,36637,1442.881,69381279.57512,0
1613355300000,47649.59,47651.78,45349.21,46400.22,21085.965,1613356199999,981833123.14339,190324,8202.012,382010138.10756,0
1613356200000,46407.16,46954.00,46062.49,46883.96,7035.153,1613357099999,327363790.56990,72077,3770.027,175517613.65622,0
1613357100000,46885.24,47287.51,46771.51,46929.10,6173.994,1613357999999,290298543.92635,59953,2829.360,133085504.23165,0
1613358000000,46929.09,47263.28,46591.31,47038.90,5029.234,1613358899999,236021670.10021,55076,2325.103,109173387.68595,0
1613358900000,47038.90,47319.99,46918.00,47275.45,2775.277,1613359799999,130879071.07613,32943,1434.676,67673011.04072,0
1613359800000,47275.47,47314.37,46862.01,46912.61,2840.668,1613360699999,133760662.95039,31643,1114.852,52511740.85424,0
1613360700000,46912.60,47194.00,46912.08,47165.18,2118.315,1613361599999,99735000.43538,26638,1104.345,51995603.25279,0
1613361600000,47166.96,47197.07,46509.90,46537.72,4539.590,1613362499999,212472375.87829,46904,1817.352,85117485.25473,0
1613362500000,46538.44,46930.00,46527.69,46703.15,2610.742,1613363399999,122094260.98380,31295,1429.801,66867102.53954,0
1613363400000,46703.16,46769.69,46350.00,46565.94,3366.108,1613364299999,156697063.89422,36701,1583.312,73727936.86211,0
1613364300000,46565.94,46997.12,46565.93,46912.50,2963.671,1613365199999,138861571.46170,30174,1654.206,77515499.27650,0
1613365200000,46913.00,47100.00,46810.00,46900.57,2006.990,1613366099999,94169225.78033,23833,1154.896,54200627.30944,0
1613366100000,46900.85,46962.06,46606.29,46616.55,1796.506,1613366999999,84080546.08509,23382,806.015,37738378.67959,0
1613367000000,46616.98,46792.53,46410.32,46678.19,3153.865,1613367899999,146946309.52676,32682,1726.205,80444702.30275,0
1613367900000,46678.18,46869.00,46567.67,46762.19,2013.198,1613368799999,94046486.42867,21415,946.728,44238705.72232,0
1613368800000,46762.14,47100.00,46725.81,47020.76,2243.422,1613369699999,105298555.64751,24656,1217.829,57169249.79738,0
1613369700000,47020.83,47146.33,46955.27,47056.00,1675.019,1613370599999,78785815.15388,19865,785.452,36948721.43911,0
1613370600000,47056.00,47184.39,46917.50,46947.99,1506.061,1613371499999,70854693.52603,19114,685.578,32261742.82716,0
1613371500000,46947.99,47080.20,46922.01,46927.00,1542.624,1613372399999,72524356.30620,16821,735.246,34566870.93281,0
1613372400000,46927.00,47398.47,46860.79,47310.00,3766.976,1613373299999,177928549.13444,35242,2234.180,105540172.65103,0
1613373300000,47309.99,47474.84,47180.54,47308.42,2709.274,1613374199999,128166200.68505,25275,1379.174,65256166.24418,0
1613374200000,47308.41,47430.99,47224.40,47352.94,1300.327,1613375099999,61532084.13221,17362,712.708,33725563.45469,0
1613375100000,47352.94,47391.81,47246.92,47294.44,1631.936,1613375999999,77203109.23850,18443,610.690,28891877.88429,0
1613376000000,47293.37,47599.00,47164.01,47370.00,3070.110,1613376899999,145454383.86684,35480,1671.333,79196957.61774,0
1613376900000,47372.16,47592.32,47359.18,47471.62,2174.429,1613377799999,103288584.63890,24412,1016.922,48304782.20706,0
1613377800000,47471.61,47650.18,47453.58,47491.79,1510.373,1613378699999,71793560.18363,20034,778.001,36988037.80825,0
1613378700000,47491.79,47830.00,47476.48,47648.01,2759.554,1613379599999,131536226.06004,28078,1461.807,69691366.60992,0
1613379600000,47648.00,47765.00,47500.00,47720.00,2012.870,1613380499999,95848707.84835,21925,935.459,44552120.39867,0
1613380500000,47720.00,47728.00,47453.09,47628.99,1833.255,1613381399999,87249459.14489,21244,839.726,39966964.04931,0
1613381400000,47630.29,47630.29,47242.45,47366.57,2676.652,1613382299999,127014365.02784,27686,943.674,44795405.65665,0
1613382300000,47366.57,47620.00,47357.50,47561.71,1430.703,1613383199999,67992438.13283,16959,844.196,40123089.21179,0
1613383200000,47561.72,47638.33,47367.12,47411.64,1448.743,1613384099999,68802463.58678,18231,663.208,31502987.62801,0
1613384100000,47411.65,47700.00,47400.57,47639.65,1611.650,1613384999999,76659485.26829,18919,812.088,38630032.69193,0
1613385000000,47639.80,47719.79,47526.66,47559.25,1032.926,1613385899999,49178393.80573,15081,506.719,24126414.02617,0
1613385900000,47559.25,47950.00,47530.00,47898.53,3313.886,1613386799999,158345853.08306,31640,1894.505,90518659.01233,0
1613386800000,47898.54,47919.70,47719.01,47756.00,1681.305,1613387699999,80377690.81388,21977,834.062,39873830.71598,0
1613387700000,47755.88,48091.80,47665.00,48012.17,2953.044,1613388599999,141327434.97592,29055,1671.457,80037674.56665,0
1613388600000,48012.17,48019.54,47861.02,47922.00,1587.844,1613389499999,76101237.04774,19083,812.623,38945807.52606,0
1613389500000,47921.99,48044.14,47800.00,47855.77,1702.073,1613390399999,81566103.77261,18995,760.212,36438674.63980,0
1613390400000,47855.77,47932.28,47600.02,47691.89,2464.200,1613391299999,117731792.82123,27891,1110.509,53071881.03772,0
1613391300000,47691.89,47768.00,47589.76,47726.71,1565.424,1613392199999,74652827.73261,20267,798.277,38072814.67184,0
1613392200000,47728.37,47737.00,47500.00,47674.40,2397.482,1613393099999,114146658.40931,22545,1030.061,49053440.04305,0
1613393100000,47674.43,48160.00,47631.98,48011.62,4667.901,1613393999999,223840188.24195,40863,2755.727,132132384.27132,0
1613394000000,48012.07,48308.00,47997.62,48274.77,2936.534,1613394899999,141296190.50800,34636,1629.594,78438069.13705,0
1613394900000,48274.77,48288.11,48079.29,48118.75,1974.479,1613395799999,95094094.77626,25117,990.158,47693406.05439,0
1613395800000,48120.00,48140.00,47867.28,48098.88,2606.306,1613396699999,125123940.95704,28017,1194.395,57348929.81397,0
1613396700000,48098.88,48099.01,47937.99,48011.22,1181.350,1613397599999,56714226.98350,15885,528.556,25375039.66027,0
1613397600000,48015.85,48213.50,47962.22,48010.63,2056.327,1613398499999,98922907.91918,23914,1017.554,48963561.30510,0
1613398500000,48008.57,48080.00,47751.45,47894.59,2791.708,1613399399999,133738569.67946,29678,1090.951,52271333.19596,0
1613399400000,47894.59,47949.29,47650.00,47786.52,2913.315,1613400299999,139225850.09704,30082,1400.565,66945819.25292,0
1613400300000,47790.00,47900.00,47520.00,47626.55,2670.463,1613401199999,127475418.74934,24440,1148.683,54847907.50667,0
1613401200000,47626.55,47916.03,47600.43,47803.04,2617.421,1613402099999,125086401.56733,26405,1478.580,70675034.33522,0
1613402100000,47803.03,47930.28,47650.00,47868.19,1886.874,1613402999999,90229108.87682,20540,967.573,46285557.23649,0
1613403000000,47868.18,47980.00,47807.16,47954.42,1048.272,1613403899999,50187190.52200,16486,598.805,28672397.57359,0
1613403900000,47954.43,48050.00,47910.22,47978.09,1664.999,1613404799999,79882009.41905,20537,848.026,40687383.18759,0
1613404800000,47978.10,48255.00,47978.10,48180.02,2971.628,1613405699999,143110905.90909,36964,1563.451,75295704.21995,0
1613405700000,48180.02,48648.00,48180.02,48503.77,5280.783,1613406599999,255934217.71333,52792,2947.937,142875620.35482,0
1613406600000,48503.76,48611.97,48401.29,48438.81,2058.261,1613407499999,99782538.01791,25470,856.234,41513314.86316,0
1613407500000,48438.82,48598.63,48357.73,48555.41,1781.602,1613408399999,86391287.94314,21497,967.222,46912614.43786,0
1613408400000,48555.41,48850.00,48555.32,48646.95,3987.080,1613409299999,194341324.36715,41924,2137.338,104200812.40180,0
1613409300000,48646.94,48872.90,48611.00,48727.06,2073.118,1613410199999,101064405.09894,24311,1038.783,50642837.39626,0
1613410200000,48727.07,48840.36,48556.78,48640.49,1891.589,1613411099999,92120275.66966,23088,904.107,44045705.04199,0
1613411100000,48640.49,48730.00,48452.25,48638.74,1922.123,1613411999999,93412974.38758,22464,799.232,38849496.97831,0
1613412000000,48638.74,48766.85,48577.00,48577.01,1560.749,1613412899999,75960184.71715,19756,828.434,40325234.19401,0
1613412900000,48577.01,48695.88,48467.61,48482.19,1714.117,1613413799999,83268465.48521,16957,819.826,39841391.20748,0
1613413800000,48482.18,48661.92,48481.13,48556.50,1254.560,1613414699999,60925251.43290,14544,606.137,29442372.33589,0
1613414700000,48556.49,48646.60,48420.00,48430.15,1033.962,1613415599999,50189390.11159,14266,471.483,22896793.94072,0
1613415600000,48430.15,48730.00,48421.00,48660.43,1357.201,1613416499999,65993289.56231,18958,802.193,39001594.80664,0
1613416500000,48660.44,48750.00,48545.48,48567.55,951.526,1613417399999,46283543.35518,15722,497.930,24221652.30771,0
1613417400000,48567.55,48721.43,48512.00,48626.41,992.914,1613418299999,48259538.79667,15038,485.086,23578605.27786,0
1613418300000,48626.41,48837.63,48616.53,48722.66,1182.518,1613419199999,57635471.54924,16261,581.257,28334668.60081,0
1613419200000,48722.76,48800.00,48621.02,48642.94,1354.671,1613420099999,66011290.59972,19484,656.846,32007692.94928,0
1613420100000,48642.93,48862.12,48640.42,48765.00,1375.401,1613420999999,67085860.73766,18388,667.988,32581405.61142,0
1613421000000,48764.99,48800.00,48677.40,48738.68,937.911,1613421899999,45693672.23923,14353,547.237,26660251.69048,0
1613421900000,48740.14,48823.00,48541.00,48653.90,1440.268,1613422799999,70090466.35197,18969,614.458,29900037.96788,0
1613422800000,48653.89,48833.08,48650.00,48667.53,1172.147,1613423699999,57142151.63963,17336,528.900,25784137.31724,0
1613423700000,48667.52,48696.95,48290.00,48450.26,3938.313,1613424599999,191056100.26167,38804,1796.452,87174116.47002,0
1613424600000,48452.50,48678.05,48432.72,48521.37,1157.815,1613425499999,56247055.09366,16626,526.695,25588263.17051,0
1613425500000,48521.36,48602.99,48211.73,48292.93,2662.168,1613426399999,128820221.50819,29420,1106.652,53559242.32039,0
1613426400000,48292.93,48385.82,47700.00,48224.42,5811.162,1613427299999,279109350.62943,59222,2603.856,125086207.92390,0
1613427300000,48224.42,48350.00,47909.99,47955.71,2758.258,1613428199999,132878072.68526,29523,1175.028,56627466.65968,0
1613428200000,47960.33,48335.00,47947.41,48168.83,1804.013,1613429099999,86880968.66472,23378,959.210,46193806.94489,0
1613429100000,48168.01,48424.01,48152.86,48354.73,1141.465,1613429999999,55102022.09788,16887,633.510,30586224.21616,0
1613430000000,48354.73,48503.83,48260.51,48443.23,1605.057,1613430899999,77674776.98574,21593,892.200,43180890.30921,0
1613430900000,48443.12,48472.78,48255.72,48371.50,1597.206,1613431799999,77251046.56013,18469,744.378,36006118.18055,0
1613431800000,48371.51,48450.26,48075.47,48130.59,2537.247,1613432699999,122418784.70098,27722,1159.697,55966535.25037,0
1613432700000,48131.80,48131.80,47889.88,47981.58,2457.234,1613433599999,117980946.28559,26788,1141.756,54823264.45718,0
1613433600000,47981.60,48031.41,47500.00,47698.64,5099.321,1613434499999,243631051.66283,50392,2275.897,108764394.95534,0
1613434500000,47696.58,47869.38,47510.42,47723.48,2626.022,1613435399999,125403060.52532,30034,1325.877,63334584.11383,0
1613435400000,47723.48,47771.52,47101.02,47643.38,6144.864,1613436299999,291178023.41849,62883,3093.648,146607908.34051,0
1613436300000,47642.61,47829.30,47621.20,47745.69,2791.249,1613437199999,133291470.36743,27909,1378.296,65827623.80067,0
1613437200000,47745.68,47878.79,47677.98,47745.00,1392.597,1613438099999,66532805.53213,19346,677.859,32390423.33457,0
1613438100000,47744.99,48365.19,47686.60,48250.10,4165.895,1613438999999,200415004.23599,40635,2397.346,115282470.19899,0
1613439000000,48250.01,48345.18,48064.32,48201.75,2149.024,1613439899999,103555363.71817,23082,857.229,41311810.13764,0
1613439900000,48201.76,48399.94,48099.91,48365.97,1785.005,1613440799999,86089220.70088,18779,1060.078,51134786.63736,0
1613440800000,48366.13,48498.00,48231.00,48449.97,1822.640,1613441699999,88101151.19727,22245,1002.272,48452150.92230,0
1613441700000,48449.97,48620.00,48390.00,48538.69,1940.997,1613442599999,94172258.01464,22623,994.256,48248931.50436,0
1613442600000,48538.69,48560.00,48363.25,48456.28,1291.793,1613443499999,62609580.14103,16933,463.142,22455118.92524,0
1613443500000,48456.29,48748.29,48431.25,48503.43,2100.032,1613444399999,102067243.57112,22780,1142.772,55553880.71726,0
1613444400000,48503.37,48674.06,48471.59,48637.33,1199.394,1613445299999,58255760.59789,16620,601.152,29201864.73743,0
1613445300000,48637.33,49533.54,48636.07,49415.98,8596.415,1613446199999,422769363.53013,77340,5276.174,259442340.74002,0
1613446200000,49415.98,49815.14,49376.28,49430.97,6910.176,1613447099999,342833221.68486,66275,3677.270,182475049.33905,0
1613447100000,49430.96,49755.50,49256.49,49716.60,3805.422,1613447999999,188229248.83310,39400,2095.381,103698547.35044,0
1613448000000,49716.61,49722.49,49383.76,49695.00,3048.020,1613448899999,151090019.05670,34355,1469.170,72842618.12285,0
1613448900000,49699.94,50298.00,49257.29,49600.00,13049.056,1613449799999,650093105.93344,110496,6638.510,330943558.77283,0
1613449800000,49600.01,49821.88,49464.46,49474.57,2922.644,1613450699999,145171943.96054,30579,1265.134,62854980.34586,0
1613450700000,49474.58,49549.32,49138.81,49447.52,3929.438,1613451599999,194035011.93382,36880,1733.241,85620317.49154,0
1613451600000,49447.52,49609.11,49124.66,49487.12,3669.652,1613452499999,181228839.80431,32905,1761.432,87035377.65131,0
1613452500000,49487.11,49518.00,49245.94,49344.81,1844.617,1613453399999,91137895.20986,20722,812.427,40144248.56696,0
1613453400000,49344.81,49432.15,49049.50,49377.77,2550.921,1613454299999,125658720.31253,26740,1170.257,57674314.35053,0
1613454300000,49377.76,49380.00,49150.02,49284.64,1704.486,1613455199999,83943461.84215,20013,861.166,42416202.56397,0
1613455200000,49285.48,49340.28,49100.00,49260.00,1578.943,1613456099999,77696231.94995,20679,712.088,35046873.00546,0
1613456100000,49259.99,49259.99,48583.09,48849.99,6765.683,1613456999999,330598123.19455,56273,2582.549,126220172.17521,0
1613457000000,48849.99,49092.49,48783.47,48956.61,2881.016,1613457899999,141069483.57206,28452,1554.647,76120114.41582,0
1613457900000,48957.61,49141.15,48940.76,49109.31,1640.506,1613458799999,80483523.59680,18471,1005.274,49324945.42058,0
1613458800000,49102.90,49280.00,48903.82,49082.03,2477.405,1613459699999,121659972.11178,24711,1341.696,65900934.79362,0
1613459700000,49082.03,49084.78,48711.00,48821.15,2703.737,1613460599999,132202595.51663,28237,1094.289,53525278.92896,0
1613460600000,48821.14,49160.00,48690.09,49034.04,2549.069,1613461499999,124683848.47438,26920,1412.064,69090926.34895,0
1613461500000,49034.05,49365.00,48989.31,49224.00,3017.363,1613462399999,148441729.53813,30598,1722.284,84735862.18052,0
1613462400000,49224.01,49457.09,49032.49,49099.99,3802.048,1613463299999,187251890.38422,37401,1727.092,85101035.13501,0
1613463300000,49099.99,49300.00,48959.33,49191.61,2317.431,1613464199999,113903897.85977,24333,1286.314,63253009.17315,0
1613464200000,49191.61,49251.80,49062.08,49197.16,1291.236,1613465099999,63490262.10090,16918,637.890,31365758.59222,0
1613465100000,49192.71,49390.00,49068.80,49386.15,1623.200,1613465999999,79919337.93996,20456,928.462,45720757.19404,0
1613466000000,49384.75,49395.00,49100.05,49178.84,1567.291,1613466899999,77198641.11686,20274,667.058,32861368.41513,0
1613466900000,49178.84,49227.99,48969.11,49119.02,1567.175,1613467799999,76963275.50528,19951,676.655,33239673.78416,0
1613467800000,49117.62,49200.00,49030.00,49200.00,1160.565,1613468699999,57017360.51304,16184,663.598,32606520.30893,0
1613468700000,49199.99,49468.69,49151.83,49391.12,2223.861,1613469599999,109670906.55818,24888,1245.070,61407388.43210,0
1613469600000,49391.12,49420.00,49213.00,49328.00,1674.774,1613470499999,82590102.74209,21208,873.398,43072739.24688,0
1613470500000,49326.19,49339.84,49107.87,49220.01,1650.006,1613471399999,81192826.02904,20673,697.427,34325482.80420,0
1613471400000,49220.00,49309.72,48840.01,49036.86,3094.965,1613472299999,151754141.03661,30865,1553.279,76175341.83516,0
1613472300000,49036.87,49164.49,48952.00,49108.50,1711.012,1613473199999,83934805.22176,20861,887.053,43520919.16237,0
1613473200000,49108.50,49154.05,48754.30,48979.03,3021.256,1613474099999,147884078.30700,33389,1454.969,71228187.87123,0
1613474100000,48979.04,49056.70,48867.36,49035.68,1347.544,1613474999999,66020947.68104,17680,695.307,34071241.90113,0
1613475000000,49035.68,49200.00,48953.65,49062.12,1962.340,1613475899999,96352995.21485,21177,1070.870,52596728.46645,0
1613475900000,49062.61,49188.72,48959.46,49013.86,1257.156,1613476799999,61678553.73945,17632,564.686,27709612.35196,0
1613476800000,49013.85,49720.00,48379.46,49468.21,11411.987,1613477699999,559599535.10428,99740,5662.515,277860965.68751,0
1613477700000,49468.21,50319.69,49357.47,50067.42,13596.186,1613478599999,678074168.93299,119525,7637.257,380941978.78450,0
1613478600000,50063.29,50953.44,48331.82,49676.81,29616.602,1613479499999,1480101362.69008,254848,14554.968,728173604.83498,0
1613479500000,49676.81,50242.49,49443.78,49766.11,11008.945,1613480399999,548823740.68343,101682,5826.977,290649552.80626,0
1613480400000,49766.11,49963.34,49266.00,49550.00,6779.113,1613481299999,336052966.57491,70013,3070.484,152267608.34589,0
1613481300000,49550.00,49780.76,49480.00,49584.13,3181.772,1613482199999,157898306.93055,35268,1737.533,86242824.04706,0
1613482200000,49584.13,49584.14,49011.00,49216.60,7083.371,1613483099999,348599306.79903,67707,3154.500,155253922.46167,0
1613483100000,49216.65,49377.21,48927.00,49052.30,5613.727,1613483999999,275819014.15954,48502,2588.587,127219482.43251,0
1613484000000,49052.31,49099.71,48785.00,48905.60,5301.205,1613484899999,259368500.60891,52593,2500.897,122379220.20115,0
1613484900000,48909.87,49360.49,48831.00,49353.65,5154.463,1613485799999,253428311.13614,43898,3038.982,149445527.23747,0
1613485800000,49353.66,49490.11,49158.00,49445.13,3467.395,1613486699999,171058804.66053,34964,1640.195,80948542.77768,0
1613486700000,49445.13,49540.00,49301.00,49371.80,2929.100,1613487599999,144757582.13623,27847,1503.530,74319735.61828,0
1613487600000,49372.53,49475.00,49317.66,49445.75,1760.432,1613488499999,86974300.81667,21596,796.351,39350367.07251,0
1613488500000,49450.00,49594.70,49311.00,49361.70,2818.457,1613489399999,139422203.46862,30445,1282.436,63455145.11711,0
1613489400000,49361.70,49413.04,49040.32,49291.35,3184.798,1613490299999,156883277.44470,31682,1505.835,74196247.44257,0
1613490300000,49291.35,49320.01,49000.00,49036.02,3006.059,1613491199999,147761694.36718,29879,1163.775,57217569.52621,0
1613491200000,49036.02,49376.00,49036.02,49200.00,3368.418,1613492099999,165743325.87262,37108,1778.113,87499168.29110,0
1613492100000,49206.87,49222.81,48562.81,48746.99,4992.614,1613492999999,244271772.79214,45572,1836.229,89923772.01679,0
1613493000000,48741.00,49001.15,48688.01,48918.50,3009.937,1613493899999,147110540.61299,33249,1498.544,73249500.64649,0
1613493900000,48910.01,48912.30,48110.00,48263.71,8716.845,1613494799999,423063810.24721,77756,3512.777,170631130.97963,0
1613494800000,48258.26,48705.00,48234.00,48552.39,5383.624,1613495699999,261063640.68587,54671,2923.417,141759005.76483,0
1613495700000,48559.99,48600.00,48392.02,48491.78,2396.264,1613496599999,116210130.29795,27044,1315.431,63808926.35638,0
1613496600000,48491.07,48602.65,48351.50,48425.20,3213.717,1613497499999,155867536.94732,32389,1874.429,90931943.46929,0
1613497500000,48425.20,48558.57,48257.88,48312.04,2355.064,1613498399999,114099210.09842,24998,1239.882,60092829.51636,0
1613498400000,48312.04,48330.50,47780.00,47929.51,7146.770,1613499299999,343647860.11057,72788,2881.617,138620130.91768,0
1613499300000,47929.51,48530.00,47923.35,48508.50,4259.815,1613500199999,205787876.19742,40601,2681.162,129548257.49972,0
1613500200000,48508.49,48670.00,48374.43,48590.00,2064.465,1613501099999,100113270.61279,24317,1107.165,53706107.34364,0
1613501100000,48590.00,48773.32,48546.96,48682.31,2285.321,1613501999999,111248896.42858,25614,1174.765,57189173.55746,0
1613502000000,48682.30,48749.00,48600.00,48710.00,1249.757,1613502899999,60836894.26414,17385,597.771,29103723.05429,0
1613502900000,48713.28,48720.00,48511.59,48666.19,1259.384,1613503799999,61245599.22815,18442,528.718,25716703.64978,0
1613503800000,48666.52,48746.60,48400.52,48611.69,2051.799,1613504699999,99647133.55735,23245,974.560,47345593.76166,0
1613504700000,48611.68,48872.00,48584.29,48600.63,1927.895,1613505599999,93980191.09656,23605,1012.039,49340554.41488,0
1613505600000,48600.63,48653.43,48284.50,48427.72,2719.478,1613506499999,131727920.62693,29534,1107.920,53681221.78310,0
1613506500000,48427.72,48498.99,48219.86,48394.08,1884.139,1613507399999,91129025.94366,22942,876.339,42399249.65433,0
1613507400000,48394.08,48650.00,48256.86,48593.75,1944.601,1613508299999,94225026.69538,21881,1068.778,51810405.93245,0
1613508300000,48593.74,48872.88,48577.69,48826.61,2883.145,1613509199999,140603610.89868,29542,1489.064,72618022.44151,0
1613509200000,48826.61,48878.94,48630.84,48686.03,1871.347,1613510099999,91228539.62415,22537,963.646,46978899.55413,0
1613510100000,48686.03,48691.50,48444.00,48535.12,2038.372,1613510999999,98932223.04821,23886,907.186,44031104.76923,0
1613511000000,48535.12,48697.53,48434.50,48512.44,1418.108,1613511899999,68872153.93660,18803,729.096,35415107.08934,0
1613511900000,48512.44,48780.00,48485.00,48646.05,1785.233,1613512799999,86877687.59521,21003,914.025,44484181.75427,0
1613512800000,48646.04,48715.33,48585.33,48699.93,677.351,1613513699999,32958946.00157,12498,351.523,17105595.90370,0
1613513700000,48682.42,48815.72,48639.75,48639.76,947.883,1613514599999,46185022.20767,14686,423.438,20633614.49967,0
1613514600000,48639.75,48961.00,48600.79,48948.52,2106.315,1613515499999,102876228.76363,24115,1034.807,50540391.99566,0
1613515500000,48948.52,49291.24,48910.00,49182.39,3126.826,1613516399999,153471610.78698,32516,1936.784,95065088.31501,0
1613516400000,49182.38,49380.98,49019.63,49163.40,3085.744,1613517299999,151803937.79149,33302,1272.379,62616867.38215,0
1613517300000,49168.03,49197.00,49056.63,49112.54,1166.868,1613518199999,57334250.60257,17396,567.273,27875794.22527,0
1613518200000,49112.54,49319.90,49103.44,49222.21,1511.680,1613519099999,74401266.59166,18439,746.561,36748429.76010,0
1613519100000,49222.21,49362.14,49160.80,49197.94,1404.358,1613519999999,69159057.91465,17492,628.317,30944136.77920,0
1613520000000,49197.93,49577.76,49178.98,49489.00,4591.459,1613520899999,227085247.93385,36069,2314.396,114459911.47621,0
1613520900000,49489.00,49674.00,49445.83,49498.60,2172.935,1613521799999,107680152.01000,26296,1100.489,54544556.24407,0
1613521800000,49500.09,49592.61,49457.09,49499.12,1676.001,1613522699999,82968164.85117,16667,708.157,35058581.18840,0
1613522700000,49499.12,49513.00,49125.56,49177.90,3154.659,1613523599999,155758879.27111,27243,952.017,47001775.25684,0
1613523600000,49180.05,49496.92,49029.62,49346.00,2976.434,1613524499999,146693443.54755,29535,1423.524,70161051.80337,0
1613524500000,49346.00,49420.00,49160.80,49210.00,1396.979,1613525399999,68839243.30600,17306,605.206,29828052.00429,0
1613525400000,49210.00,49488.80,49209.99,49488.80,1358.329,1613526299999,67103740.54081,17181,852.295,42108987.16587,0
1613526300000,49488.80,49494.70,49342.80,49365.51,971.532,1613527199999,47996765.97206,14046,447.969,22132645.50690,0
1613527200000,49365.51,49888.00,49350.00,49821.06,4003.082,1613528099999,198770954.45052,39962,2438.144,121061286.19618,0
1613528100000,49820.15,50377.01,49816.47,50095.40,9200.747,1613528999999,460716055.40405,75669,5016.273,251207137.84805,0
1613529000000,50095.39,50232.00,49788.08,50030.00,4348.006,1613529899999,217611735.66481,42378,1968.197,98520133.18222,0
1613529900000,50030.01,50050.00,49725.00,49738.62,2905.210,1613530799999,145021245.31907,29779,1199.809,59916830.76823,0
1613530800000,49741.07,49848.34,49501.00,49597.24,4058.144,1613531699999,201628789.79886,38734,1815.857,90234299.91053,0
1613531700000,49597.24,49734.60,49370.00,49485.46,2910.219,1613532599999,144129933.24000,30160,1431.296,70907715.10152,0
1613532600000,49483.14,49618.75,49286.36,49511.52,2182.601,1613533499999,107983720.87476,25728,1075.378,53228312.46632,0
1613533500000,49511.52,49738.00,49462.97,49729.99,1891.073,1613534399999,93845822.85318,22035,1150.218,57085665.19077,0
1613534400000,49729.39,50052.39,49554.37,49724.67,4623.062,1613535299999,230323550.42666,42090,2435.318,121380511.94121,0
1613535300000,49724.66,49743.50,49426.32,49490.49,1983.128,1613536199999,98284222.59601,23616,777.145,38519830.33519,0
1613536200000,49490.48,49574.66,49165.00,49178.72,2734.731,1613537099999,134977942.99873,29942,1105.541,54597044.72115,0
1613537100000,49178.72,49475.79,49172.33,49418.56,1542.893,1613537999999,76149712.13743,19924,941.437,46469762.76745,0
1613538000000,49418.56,49527.50,49315.69,49438.18,1333.963,1613538899999,65940277.58163,18032,684.801,33857121.66724,0
1613538900000,49438.19,49510.05,49291.62,49442.60,1329.909,1613539799999,65709860.30409,17816,599.740,29637868.83910,0
1613539800000,49442.59,49736.89,49439.26,49594.31,2836.091,1613540699999,140703037.82348,28207,1485.562,73709555.75296,0
1613540700000,49594.32,49794.62,49561.00,49767.66,1658.278,1613541599999,82354346.20321,20244,866.108,43023693.15690,0
1613541600000,49767.67,50190.00,49679.57,50001.01,4492.581,1613542499999,224444469.74495,44310,2411.936,120516288.87223,0
1613542500000,50001.01,50286.22,49872.27,50004.85,6067.221,1613543399999,303862633.23655,51763,2916.087,146094041.17588,0
1613543400000,50004.84,50584.50,49993.99,50219.66,7087.145,1613544299999,356504539.20526,65962,3885.278,195468588.50990,0
1613544300000,50220.57,50740.44,50190.00,50627.99,7747.131,1613545199999,391642126.70547,75949,3960.952,200259485.10376,0
1613545200000,50626.49,51041.80,50310.00,50593.86,11401.265,1613546099999,578140345.64361,102303,5942.693,301475768.64167,0
1613546100000,50593.85,51145.81,50587.66,50673.13,7312.025,1613546999999,371764482.18396,73641,3961.726,201485592.30786,0
1613547000000,50674.04,50999.91,50583.01,50789.54,3797.729,1613547899999,192861876.43085,43008,1848.459,93896552.30089,0
1613547900000,50789.55,51400.00,50789.55,51181.48,6705.568,1613548799999,342848459.66162,66371,3939.866,201499407.65018,0
1613548800000,51188.71,51400.00,50720.49,50927.60,7454.546,1613549699999,380190282.03780,75162,3626.445,184994605.45390,0
1613549700000,50927.64,51012.76,50700.00,50995.83,3046.864,1613550599999,154912439.24092,34646,1397.987,71109751.74239,0
1613550600000,50995.82,51309.67,50856.45,51125.50,3589.620,1613551499999,183453787.57657,42682,1763.019,90132576.14791,0
1613551500000,51125.49,51158.76,50943.00,51118.00,2500.538,1613552399999,127601699.70197,29219,1169.002,59659731.73168,0
1613552400000,51118.00,51461.17,51068.70,51436.02,5032.882,1613553299999,258055556.18346,52512,2890.468,148241919.01786,0
1613553300000,51431.50,51600.00,51286.37,51408.92,4941.561,1613554199999,254218163.81085,53471,2715.929,139754119.30536,0
1613554200000,51408.92,51614.99,51292.58,51602.41,2797.995,1613555099999,143905380.92562,32904,1535.935,79006788.51843,0
1613555100000,51598.54,51806.46,51510.00,51538.73,5844.407,1613555999999,302041430.48040,57120,3190.668,164931233.28370,0
1613556000000,51538.73,51720.00,51200.00,51330.82,4653.440,1613556899999,239490639.04208,49723,2004.992,103228785.65803,0
1613556900000,51328.77,51700.00,51135.41,51666.77,3798.414,1613557799999,195206274.38861,43674,2006.906,103177235.06007,0
1613557800000,51666.77,51681.36,51416.16,51438.86,2298.895,1613558699999,118455439.62832,27473,878.350,45257752.11779,0
1613558700000,51438.86,51548.39,51260.02,51299.72,1889.521,1613559599999,97120138.01398,24655,803.990,41333764.21206,0
1613559600000,51299.73,51633.95,51205.98,51627.43,2770.441,1613560499999,142425111.73283,31261,1421.800,73104045.61724,0
1613560500000,51627.42,51706.16,51478.59,51500.00,2245.902,1613561399999,115847378.65197,28175,915.408,47230095.87455,0
1613561400000,51500.01,51628.30,51350.47,51598.12,2069.283,1613562299999,106528469.63529,26319,1042.911,53691879.30323,0
1613562300000,51601.55,51800.00,51340.49,51373.56,4053.923,1613563199999,209035530.92542,43625,2118.457,109260828.63645,0
1613563200000,51373.56,51542.96,51240.00,51350.01,3574.265,1613564099999,183627318.30078,35993,1606.175,82533399.00599,0
1613564100000,51350.01,51488.04,51250.87,51445.08,2155.239,1613564999999,110747764.87350,24011,1202.803,61815910.05285,0
1613565000000,51445.07,51650.00,51377.00,51383.34,2464.777,1613565899999,126987016.67376,28954,1233.000,63529427.11068,0
1613565900000,51379.01,51398.23,50900.00,51157.23,6912.124,1613566799999,353075217.17148,68728,3072.835,156972726.81478,0
1613566800000,51157.23,51284.39,50736.00,51033.12,5127.117,1613567699999,261478531.01983,51065,2225.550,113530201.03440,0
1613567700000,51033.12,51159.97,50666.00,50883.00,3770.668,1613568599999,191915180.55642,39671,1711.218,87117063.29088,0
1613568600000,50883.78,51128.00,50650.00,51018.23,3883.938,1613569499999,197627892.94765,41005,2204.586,112211084.89548,0
1613569500000,51018.23,51326.68,50930.00,51235.00,2848.782,1613570399999,145726047.38641,29282,1603.103,82009208.58243,0
1613570400000,51235.01,51349.36,51100.00,51186.93,2730.419,1613571299999,139909081.11957,29830,1279.001,65541934.20096,0
1613571300000,51186.93,51317.17,50892.05,51022.12,2465.659,1613572199999,126007415.66061,28719,1111.649,56830218.62570,0
1613572200000,51022.11,51150.00,50834.63,50849.10,2354.937,1613573099999,120088531.06424,26400,999.638,50989480.63627,0
1613573100000,50849.10,51399.90,50849.10,51359.03,3064.697,1613573999999,156625305.31076,30802,1843.265,94255228.65231,0
1613574000000,51359.03,51774.00,51300.00,51488.23,6339.174,1613574899999,326809795.29873,59556,3212.123,165621309.76150,0
1613574900000,51488.22,51509.00,51234.87,51376.94,3111.226,1613575799999,159812918.30214,31696,1385.995,71198293.30444,0
1613575800000,51376.94,51397.53,51101.54,51221.61,2762.840,1613576699999,141468716.79771,30999,1311.960,67186472.13544,0
1613576700000,51221.60,51300.00,51044.24,51271.20,2221.234,1613577599999,113717399.95442,24319,1279.773,65532475.75386,0
1613577600000,51271.20,51550.00,51017.76,51069.34,4760.544,1613578499999,244078991.90326,50828,2136.950,109570059.18910,0
1613578500000,51069.35,51119.11,50850.00,51101.09,3639.812,1613579399999,185536069.39167,37927,1983.058,101092491.99921,0
1613579400000,51101.08,51293.00,51055.00,51263.87,1945.366,1613580299999,99587163.01228,23072,1038.744,53178162.57597,0
1613580300000,51263.87,51390.00,51064.54,51325.12,1802.635,1613581199999,92348368.39966,22766,831.714,42609960.16140,0
1613581200000,51325.12,51400.00,51215.41,51395.28,1791.553,1613582099999,91950102.94486,22266,822.435,42214399.77935,0
1613582100000,51395.28,51462.99,51233.52,51307.98,1353.002,1613582999999,69467440.07902,18092,671.917,34502205.53556,0
1613583000000,51307.98,51382.19,51170.00,51324.11,1338.530,1613583899999,68625001.46317,18301,655.850,33630673.90579,0
1613583900000,51324.12,51550.00,51273.86,51470.00,2128.934,1613584799999,109517552.55763,23502,1187.716,61104574.87635,0
1613584800000,51469.99,51605.94,51384.53,51580.17,1812.579,1613585699999,93358252.16707,23003,1048.151,53995019.01163,0
1613585700000,51583.00,51910.00,51546.00,51622.06,4809.436,1613586599999,248724425.26490,47466,2658.965,137545570.34535,0
1613586600000,51622.06,51780.00,51521.00,51543.20,1802.402,1613587499999,93043199.07506,21737,887.635,45829693.81594,0
1613587500000,51543.93,51624.02,51401.00,51525.96,1509.925,1613588399999,77763706.66630,18914,744.460,38346334.86255,0
1613588400000,51525.97,51755.50,51461.75,51603.45,1569.699,1613589299999,81031414.34033,20548,826.227,42653347.66848,0
1613589300000,51603.45,51959.25,51603.45,51881.39,2132.990,1613590199999,110461544.33925,25449,1172.580,60732197.15640,0
1613590200000,51888.78,52499.00,51881.15,52366.35,9266.562,1613591099999,483815493.02405,88552,5339.014,278761370.48830,0
1613591100000,52364.64,52499.00,52200.00,52250.27,2861.538,1613591999999,149748037.33764,33782,1279.885,66982256.03787,0
1613592000000,52250.27,52392.63,52060.00,52319.87,2784.798,1613592899999,145331583.60375,30246,1529.954,79853439.89578,0
1613592900000,52319.88,52800.00,52213.08,52430.00,4501.106,1613593799999,236367996.58644,49730,2584.043,135729239.29394,0
1613593800000,52430.00,52634.72,52323.22,52451.71,2074.679,1613594699999,108830371.32255,25961,1075.812,56436416.80433,0
1613594700000,52451.71,52454.00,52225.88,52338.19,1634.275,1613595599999,85505481.37039,21989,763.156,39932825.38663,0
1613595600000,52338.18,52490.00,52135.00,52477.06,2035.358,1613596499999,106409367.60435,25911,1018.747,53279244.55293,0
1613596500000,52481.94,52593.40,52361.99,52521.51,1604.101,1613597399999,84160475.67126,21054,735.900,38613867.05335,0
1613597400000,52521.51,52750.01,52441.94,52458.30,2359.067,1613598299999,124057205.36184,29209,1150.916,60540776.52133,0
1613598300000,52458.29,52533.03,52253.80,52464.14,1898.444,1613599199999,99453784.42147,25613,963.258,50465955.95882,0
1613599200000,52464.14,52500.00,52151.23,52300.32,1443.249,1613600099999,75462080.98079,23057,674.620,35275172.68066,0
1613600100000,52300.33,52356.97,52232.00,52299.99,802.110,1613600999999,41950249.50922,16291,367.475,19219644.57099,0
1613601000000,52299.99,52403.20,52030.09,52037.91,1265.656,1613601899999,66110303.74937,19534,471.571,24649333.74562,0
1613601900000,52037.93,52253.65,52030.00,52200.29,1478.007,1613602799999,77092182.18062,21187,755.101,39388364.85546,0
1613602800000,52200.29,52349.87,52016.88,52267.68,1799.544,1613603699999,93883617.60464,23095,878.175,45824871.86390,0
1613603700000,52267.68,52487.84,52250.00,52445.29,1781.669,1613604599999,93295285.69775,21835,928.334,48619455.75434,0
1613604600000,52445.29,52458.39,52228.34,52282.93,1330.795,1613605499999,69665103.16075,17522,528.919,27688545.49460,0
1613605500000,52282.92,52292.16,52120.00,52194.62,1463.635,1613606399999,76401375.53091,18681,729.388,38077407.91973,0
1613606400000,52194.62,52579.38,52189.68,52511.75,2820.158,1613607299999,147764195.66821,31976,1490.470,78097730.65488,0
1613607300000,52511.74,52640.00,52400.00,52550.42,1460.564,1613608199999,76718347.03951,19545,726.576,38176070.92638,0
1613608200000,52550.00,52607.13,52345.26,52439.06,1503.154,1613609099999,78859218.46894,18615,584.362,30658487.20919,0
1613609100000,52439.06,52471.06,52350.00,52370.00,1015.310,1613609999999,53205197.96236,14973,535.705,28073547.17903,0
1613610000000,52369.39,52408.72,52200.00,52272.32,1649.258,1613610899999,86225940.85602,21147,674.575,35274482.94313,0
1613610900000,52272.32,52424.55,52189.00,52283.30,1218.702,1613611799999,63706908.96636,18127,706.316,36926864.28007,0
1613611800000,52283.30,52524.10,52283.30,52357.36,1301.035,1613612699999,68214927.43457,17282,663.349,34778625.57863,0
1613612700000,52357.36,52372.47,52160.00,52250.47,1401.301,1613613599999,73229731.26670,18381,627.033,32771713.31816,0
1613613600000,52250.47,52301.04,52051.00,52174.28,2108.382,1613614499999,109959501.86967,24405,882.609,46037759.94283,0
1613614500000,52174.28,52308.88,52111.08,52278.99,1026.800,1613615399999,53628969.14001,15683,578.447,30214321.81061,0
1613615400000,52278.99,52471.93,52236.68,52425.55,1656.487,1613616299999,86783995.07815,19464,714.635,37435253.86490,0
1613616300000,52425.54,52468.77,52270.00,52455.06,1329.963,1613617199999,69652938.62046,16215,651.879,34143620.04943,0
1613617200000,52455.06,52521.97,52301.00,52512.65,914.282,1613618099999,47907658.73894,15113,522.460,27379281.14391,0
1613618100000,52512.65,52520.00,52194.00,52194.00,1252.206,1613618999999,65526587.58546,18079,484.404,25350850.52636,0
1613619000000,52194.00,52328.03,52122.00,52207.08,1201.885,1613619899999,62746514.34464,16852,605.467,31615849.81868,0
1613619900000,52207.07,52240.55,52036.02,52131.96,1905.823,1613620799999,99339165.62244,19111,778.257,40571754.31026,0
1613620800000,52131.96,52131.96,51780.64,51997.38,3845.625,1613621699999,199658521.00363,37790,1755.926,91174926.03118,0
1613621700000,51995.80,52073.80,51901.00,52034.38,1209.588,1613622599999,62886166.33359,16626,648.762,33731844.98993,0
1613622600000,52034.38,52202.06,52005.41,52194.49,1051.749,1613623499999,54816875.41870,15317,615.220,32066522.25445,0
1613623500000,52194.49,52285.43,52107.73,52246.97,1371.869,1613624399999,71600869.76044,16651,655.024,34193391.52213,0
1613624400000,52249.27,52250.00,52160.00,52222.41,761.019,1613625299999,39733247.83483,13862,321.198,16771206.95744,0
1613625300000,52222.41,52412.99,52100.00,52358.14,1457.342,1613626199999,76204252.91077,19768,734.222,38398119.76914,0
1613626200000,52358.13,52388.88,52212.23,52265.16,1041.504,1613627099999,54465478.04139,15196,466.808,24413107.76868,0
1613627100000,52265.15,52288.16,52119.31,52275.54,884.366,1613627999999,46177975.31125,13586,448.575,23426378.68400,0
1613628000000,52275.54,52340.95,52150.00,52204.04,1230.580,1613628899999,64262832.45881,16337,678.630,35437716.76227,0
1613628900000,52203.52,52268.86,52081.97,52084.41,780.605,1613629799999,40724727.00745,13579,304.266,15876108.36013,0
1613629800000,52084.40,52228.95,52048.21,52155.40,963.809,1613630699999,50247765.70551,13946,477.958,24921419.95209,0
1613630700000,52154.51,52154.52,51967.01,52025.60,1430.793,1613631599999,74472066.47821,17000,613.641,31939363.77193,0
1613631600000,52024.79,52024.79,51858.07,51997.17,1876.130,1613632499999,97456259.98531,23097,782.171,40630689.06350,0
1613632500000,51997.17,51997.17,51385.35,51511.68,5531.533,1613633399999,285781355.22348,53329,2015.268,104139089.52224,0
1613633400000,51505.04,51706.18,51355.00,51579.01,3026.937,1613634299999,156152503.58039,32629,1592.702,82181389.15341,0
1613634300000,51579.01,52169.79,51529.57,51992.96,4538.259,1613635199999,235695156.76847,41890,2384.375,123782016.03986,0
1613635200000,51992.97,52301.86,51910.15,52020.00,3382.795,1613636099999,176255850.63905,38208,1606.103,83701207.02708,0
1613636100000,52019.99,52076.62,51719.62,51927.29,2054.757,1613636999999,106544277.13398,26474,907.483,47062638.95875,0
1613637000000,51930.01,51936.98,51645.56,51925.32,2062.924,1613637899999,106878504.25990,24652,1010.105,52340782.32949,0
1613637900000,51925.31,52050.00,51805.22,51810.33,1861.596,1613638799999,96719307.72478,24650,901.828,46857023.61501,0
1613638800000,51810.32,51843.99,51536.54,51705.00,2723.487,1613639699999,140767848.76222,30959,1257.503,65000149.14694,0
1613639700000,51704.46,51776.62,51588.88,51737.73,1843.035,1613640599999,95218795.87593,20875,933.118,48208072.87182,0
1613640600000,51737.72,51965.83,51718.00,51867.56,1597.853,1613641499999,82855374.95479,19541,844.061,43772600.76812,0
1613641500000,51867.57,51990.00,51854.00,51873.49,1569.248,1613642399999,81481520.14222,16985,620.951,32244320.89563,0
1613642400000,51875.14,52120.00,51866.82,52052.99,1948.789,1613643299999,101346767.96047,23032,1011.271,52597541.42210,0
1613643300000,52052.62,52057.96,51880.93,51953.39,1190.732,1613644199999,61893453.71926,15874,434.662,22594452.79229,0
1613644200000,51948.96,51986.72,51737.04,51749.42,1522.385,1613645099999,78922118.65794,19429,736.892,38203701.19754,0
1613645100000,51749.65,51886.23,51657.36,51740.99,1881.130,1613645999999,97381778.31245,21595,912.740,47253413.83894,0
1613646000000,51740.98,51830.00,51534.00,51670.93,2126.447,1613646899999,109903241.52753,27103,954.355,49339998.44579,0
1613646900000,51670.93,51793.21,51521.49,51521.49,1527.727,1613647799999,78935892.28060,20576,666.769,34460522.61274,0
1613647800000,51528.86,51703.77,51279.39,51507.49,5140.415,1613648699999,264807715.44661,45858,2187.682,112725351.89001,0
1613648700000,51506.19,51545.59,51200.00,51492.91,3151.842,1613649599999,162001447.04346,32559,1458.222,74976234.62123,0
1613649600000,51495.66,51508.67,50948.00,51047.55,5989.553,1613650499999,306647388.65906,53044,2497.374,127934569.33853,0
1613650500000,51047.56,51440.00,51041.00,51358.93,3383.925,1613651399999,173581938.08080,33470,1949.076,99964047.98641,0
1613651400000,51358.93,51700.00,51200.12,51666.74,3736.004,1613652299999,192293695.21636,33865,2295.436,118180504.53511,0
1613652300000,51666.75,51737.34,51473.42,51554.01,2249.707,1613653199999,116010420.01246,23282,1046.733,53991094.73157,0
1613653200000,51554.00,51632.00,51350.28,51509.61,1963.032,1613654099999,101053816.98601,20845,992.930,51127882.86020,0
1613654100000,51512.93,51772.46,51512.93,51702.00,1896.266,1613654999999,97966537.60148,22147,1063.471,54935483.52186,0
1613655000000,51700.00,51927.51,51687.36,51859.99,2109.018,1613655899999,109266728.28634,25983,1125.461,58310697.37525,0
1613655900000,51859.99,52090.00,51850.00,51884.30,2820.324,1613656799999,146536476.61279,33454,1446.679,75172176.74206,0
1613656800000,51884.30,52037.36,51800.00,51803.26,1968.495,1613657699999,102137176.35743,24865,931.356,48339526.13458,0
1613657700000,51803.26,51960.00,51727.21,51941.03,2000.171,1613658599999,103707108.28798,24097,903.870,46869652.55152,0
1613658600000,51941.02,52388.99,51926.63,52246.47,4437.642,1613659499999,231639990.24248,45209,2286.148,119336220.72338,0
1613659500000,52244.54,52349.00,52035.66,52301.01,2785.943,1613660399999,145409937.26121,27451,1394.850,72819633.54241,0
1613660400000,52301.01,52335.20,51928.59,52104.70,3416.404,1613661299999,177902092.21885,32825,1564.546,81457590.64488,0
1613661300000,52104.69,52200.00,51760.00,51795.00,2922.289,1613662199999,151820639.53489,31892,1219.100,63367357.80892,0
1613662200000,51790.01,51859.00,51536.07,51731.05,4233.238,1613663099999,218766871.67634,42761,1958.195,101206519.97004,0
1613663100000,51731.04,51787.66,51525.70,51663.64,2366.644,1613663999999,122206572.57732,26515,1036.231,53513324.29521,0
1613664000000,51663.63,51988.00,51530.00,51877.87,3775.718,1613664899999,195627009.80683,37064,2070.940,107324942.08193,0
1613664900000,51877.87,52076.05,51821.16,52000.00,1896.089,1613665799999,98520973.52934,24356,1004.842,52213100.99196,0
1613665800000,52000.00,52100.00,51800.00,51898.13,1797.497,1613666699999,93340002.03707,24222,822.779,42734288.71480,0
1613666700000,51900.00,52180.00,51900.00,52158.05,1704.753,1613667599999,88768399.38269,23015,875.871,45605290.35461,0
1613667600000,52159.41,52164.62,51863.01,51968.23,1432.143,1613668499999,74467946.68169,19922,535.554,27845795.73528,0
1613668500000,51968.23,52147.43,51952.00,52085.71,1126.931,1613669399999,58664816.26949,16985,508.349,26464090.13160,0
1613669400000,52085.71,52170.00,51942.47,51960.01,1334.958,1613670299999,69509813.59792,16925,621.425,32362315.91559,0
1613670300000,51960.01,52130.00,51873.00,51924.75,1251.583,1613671199999,65020433.13444,17459,663.119,34454886.13527,0
1613671200000,51924.75,52092.35,51850.76,52059.99,1015.095,1613672099999,52770356.80291,16583,546.875,28432440.08724,0
1613672100000,52060.00,52283.99,52003.91,52276.04,1661.397,1613672999999,86664082.81257,22428,817.149,42634753.75468,0
1613673000000,52276.04,52288.22,52054.16,52086.42,1351.358,1613673899999,70496361.03893,18659,554.539,28927411.75134,0
1613673900000,52086.42,52130.00,51921.00,51946.86,1015.982,1613674799999,52849486.33621,16026,551.490,28688473.75459,0
1613674800000,51944.85,52049.81,51927.23,51998.77,776.099,1613675699999,40352546.83352,14067,448.423,23317101.85657,0
1613675700000,51998.76,52050.00,51856.23,52028.94,945.083,1613676599999,49097811.24111,15573,418.057,21722795.97170,0
1613676600000,52028.95,52146.73,52022.60,52087.39,902.888,1613677499999,47039267.50021,14832,444.658,23167102.60744,0
1613677500000,52087.39,52096.39,51740.39,51819.88,1576.666,1613678399999,81796980.46251,20204,688.557,35717415.44132,0
1613678400000,51819.50,51964.19,51593.32,51964.18,2427.970,1613679299999,125695539.58718,25124,1107.548,57363157.35717,0
1613679300000,51964.19,52156.67,51959.34,52121.00,2396.041,1613680199999,124717302.49516,24663,1035.465,53905115.44131,0
1613680200000,52120.99,52160.00,51933.39,51992.95,1145.937,1613681099999,59669052.29821,15780,454.373,23659500.02955,0
1613681100000,51990.57,52175.51,51908.00,52161.36,1196.512,1613681999999,62276998.90218,17047,587.424,30571871.71721,0
1613682000000,52161.36,52180.89,52051.00,52099.52,1030.662,1613682899999,53721995.16755,15231,441.647,23021653.64234,0
1613682900000,52099.52,52144.75,51955.00,52069.71,1065.330,1613683799999,55454260.66977,16386,585.821,30496942.01286,0
1613683800000,52069.71,52300.00,52037.32,52244.76,1290.593,1613684699999,67376660.23854,19041,702.112,36655954.79411,0
1613684700000,52244.77,52280.00,52061.23,52091.75,1119.142,1613685599999,58388310.15193,15982,500.301,26098996.84613,0
1613685600000,52092.47,52166.14,52000.00,52005.01,822.270,1613686499999,42836735.99661,14302,364.822,19009179.43101,0
1613686500000,52005.01,52080.26,51577.72,51913.91,2648.164,1613687399999,137325831.57107,27322,971.366,50402742.06317,0
1613687400000,51913.90,51995.40,51672.02,51793.66,1549.159,1613688299999,80299083.26805,19442,879.968,45619194.81543,0
1613688300000,51792.63,51945.96,51741.45,51915.69,849.334,1613689199999,44034810.22403,13385,502.446,26054517.32938,0
1613689200000,51915.68,52034.04,51671.02,51751.35,1667.764,1613690099999,86471843.00782,21697,848.285,44009840.27208,0
1613690100000,51751.76,51806.31,51568.00,51718.98,1680.861,1613690999999,86882580.69977,23756,783.254,40498402.37225,0
1613691000000,51718.98,51790.00,51608.74,51631.11,1089.290,1613691899999,56294729.65619,18630,513.027,26514297.18243,0
1613691900000,51631.12,51800.00,51600.00,51619.70,1315.786,1613692799999,68016776.03528,18173,588.368,30417748.75349,0
1613692800000,51612.46,51845.03,51532.74,51677.08,2448.487,1613693699999,126561446.22998,29464,1228.812,63530593.05615,0
1613693700000,51677.07,51915.91,51673.68,51886.79,1226.111,1613694599999,63544594.93068,20815,676.013,35037626.26903,0
1613694600000,51885.23,52035.65,51808.67,51816.05,2207.550,1613695499999,114635007.10603,25494,1000.595,51970067.89280,0
1613695500000,51817.42,51846.55,51520.42,51584.27,1887.614,1613696399999,97591192.57967,24733,686.402,35486422.90499,0
1613696400000,51584.27,51706.18,51315.00,51626.87,3513.977,1613697299999,180981490.56737,38519,1687.462,86923563.29613,0
1613697300000,51626.88,51776.57,51487.29,51639.29,1771.024,1613698199999,91495353.89785,22670,960.523,49630769.35153,0
1613698200000,51639.30,51650.00,51384.11,51472.14,1390.619,1613699099999,71621939.51344,22512,610.159,31425068.19878,0
1613699100000,51472.14,51484.79,51222.00,51404.47,2343.010,1613699999999,120312205.26051,29159,1063.708,54631137.78588,0
1613700000000,51406.72,51411.95,50800.00,51234.85,8008.759,1613700899999,409107828.83974,73484,3628.320,185402616.13215,0
1613700900000,51237.49,51371.40,51000.00,51106.50,3316.308,1613701799999,169687145.79622,35842,1282.178,65614000.82528,0
1613701800000,51106.77,51327.32,50852.00,51274.67,2947.363,1613702699999,150592034.45553,35342,1458.731,74560470.23407,0
1613702700000,51274.67,51418.35,51245.90,51309.98,1949.453,1613703599999,100057035.80830,22528,923.890,47429840.92057,0
1613703600000,51309.98,51588.89,51259.27,51332.60,2928.740,1613704499999,150660711.97474,28867,1444.782,74334476.49614,0
1613704500000,51330.62,51450.00,51310.00,51382.82,1306.002,1613705399999,67085045.17971,17707,654.270,33609130.58815,0
1613705400000,51380.48,51576.09,51332.99,51418.97,1592.684,1613706299999,81987178.81765,20218,722.012,37168050.70291,0
1613706300000,51419.93,51508.99,51260.00,51327.21,1159.433,1613707199999,59565378.75767,16489,421.622,21665365.71078,0
1613707200000,51327.22,51514.13,51266.49,51510.40,1144.266,1613708099999,58827092.77385,17107,682.090,35070255.24925,0
1613708100000,51510.40,51608.61,51112.00,51259.42,2240.176,1613708999999,115092332.61977,28289,1066.722,54818167.04441,0
1613709000000,51259.42,51316.71,51001.21,51001.21,2033.668,1613709899999,104030138.77106,25346,919.845,47061693.29415,0
1613709900000,51001.22,51286.55,51000.14,51219.66,1474.593,1613710799999,75498965.78443,19063,823.329,42153489.73782,0
1613710800000,51219.67,51469.60,51219.66,51398.34,1711.433,1613711699999,87930358.39295,21711,904.355,46459776.12584,0
1613711700000,51398.33,51550.00,51360.96,51445.00,1428.081,1613712599999,73488084.37686,19516,743.787,38276914.84768,0
1613712600000,51445.00,51578.21,51387.37,51454.50,1218.119,1613713499999,62697872.73277,19403,708.619,36480703.41323,0
1613713500000,51454.50,51650.00,51427.75,51579.63,1435.455,1613714399999,73981089.18953,20515,756.910,39016310.34430,0
1613714400000,51579.63,51821.66,51576.04,51700.04,2449.302,1613715299999,126660330.35206,27728,1269.029,65624939.66253,0
1613715300000,51700.05,51890.00,51674.18,51732.72,1893.182,1613716199999,98010618.72000,22368,833.228,43147806.77934,0
1613716200000,51730.28,51791.22,51634.00,51784.16,1192.119,1613717099999,61640814.90212,16798,529.152,27363890.35397,0
1613717100000,51784.16,51879.83,51640.00,51807.77,1399.550,1613717999999,72429811.08742,18931,675.393,34958596.56238,0
1613718000000,51805.58,51961.90,51784.40,51824.67,1486.099,1613718899999,77076126.72558,21089,754.918,39158044.82771,0
1613718900000,51827.78,51870.00,51733.07,51794.49,1211.821,1613719799999,62761122.84308,16341,518.135,26839341.74435,0
1613719800000,51794.49,52000.00,51714.24,51899.73,1557.748,1613720699999,80794113.62874,18494,958.964,49757197.79556,0
1613720700000,51899.73,51956.62,51764.94,51812.00,965.352,1613721599999,50040703.27481,14645,439.949,22805716.15417,0
1613721600000,51812.00,51941.82,51808.11,51873.11,1511.242,1613722499999,78382700.57617,18417,766.967,39777670.11052,0
1613722500000,51873.11,52025.29,51823.43,51864.39,1498.891,1613723399999,77819393.01319,20192,739.316,38385772.76555,0
1613723400000,51864.39,51946.83,51810.18,51912.75,875.826,1613724299999,45439494.37810,13642,432.980,22467295.72360,0
1613724300000,51912.74,52397.00,51897.00,52320.71,4376.955,1613725199999,228361955.80978,41489,2510.253,130968957.11199,0
1613725200000,52320.70,52955.00,52320.00,52806.35,10486.923,1613726099999,552314461.02380,94663,5707.513,300625265.05844,0
1613726100000,52795.02,53135.00,52666.81,52794.03,5796.041,1613726999999,306640844.96845,58614,2948.631,156028502.04395,0
1613727000000,52781.68,52929.88,52651.00,52816.98,2882.456,1613727899999,152203175.47471,30243,1342.552,70894815.49048,0
1613727900000,52816.97,52999.00,52688.00,52782.10,2105.977,1613728799999,111285818.10655,26306,1050.609,55528658.82439,0
1613728800000,52782.09,53046.00,52740.00,52959.53,2264.770,1613729699999,119804538.76093,24701,1347.465,71291305.27232,0
1613729700000,52959.54,53029.92,52820.00,52952.47,1789.999,1613730599999,94724263.39971,23197,877.047,46416254.80731,0
1613730600000,52952.47,53100.00,52887.85,53035.64,1455.547,1613731499999,77095295.96689,19291,810.954,42962768.27433,0
1613731500000,53035.64,53042.98,52700.10,52797.07,2265.996,1613732399999,119744915.53433,26471,964.558,50966243.17010,0
1613732400000,52797.07,52868.14,52700.00,52703.62,1682.898,1613733299999,88866608.11172,18727,642.533,33935744.05626,0
1613733300000,52703.61,52969.99,52560.00,52875.38,2070.396,1613734199999,109365080.85333,24030,1015.730,53673790.23385,0
1613734200000,52875.38,52993.38,52800.00,52805.07,1113.380,1613735099999,58894532.23258,15463,596.466,31558323.03975,0
1613735100000,52805.08,52833.83,52708.00,52832.04,1133.707,1613735999999,59836357.19771,16273,559.608,29538620.58436,0
1613736000000,52831.05,52851.04,52620.42,52781.16,1862.785,1613736899999,98251965.01387,20635,982.149,51809409.19544,0
1613736900000,52781.16,52811.92,52621.03,52705.04,1249.728,1613737799999,65855946.96026,15981,510.816,26921424.97042,0
1613737800000,52705.05,52828.87,52690.01,52758.52,1213.410,1613738699999,64028140.57919,15838,624.291,32944896.20067,0
1613738700000,52758.52,52800.66,52600.00,52657.66,1740.769,1613739599999,91716421.54976,18545,801.044,42210154.97229,0
1613739600000,52657.66,52748.95,52411.07,52541.26,2315.329,1613740499999,121727374.70660,24996,966.461,50818970.57468,0
1613740500000,52541.25,52675.00,52500.00,52628.42,1439.381,1613741399999,75705570.99571,18644,776.350,40835327.55565,0
1613741400000,52628.43,52900.00,52610.89,52670.01,2433.865,1613742299999,128401549.44011,26751,1355.912,71542072.83639,0
1613742300000,52670.01,52891.00,52669.15,52869.93,1563.676,1613743199999,82554880.32973,19646,852.233,45000680.82852,0
1613743200000,52866.78,53050.11,52850.31,52908.37,3267.904,1613744099999,173121963.17885,33530,1704.012,90277210.17817,0
1613744100000,52908.37,52933.63,52696.43,52824.48,2614.034,1613744999999,138003786.52396,23457,1204.493,63595835.74324,0
1613745000000,52824.48,53000.00,52782.02,52908.38,1394.721,1613745899999,73777198.04597,19736,762.814,40351539.88363,0
1613745900000,52908.38,53420.00,52900.00,52970.47,7542.261,1613746799999,401198604.56587,71685,4136.100,220031171.08811,0
1613746800000,52982.38,53199.00,52890.12,53080.16,2424.973,1613747699999,128661716.91281,29584,1201.021,63726713.37411,0
1613747700000,53078.29,53499.00,53070.00,53443.27,4391.329,1613748599999,234170724.32759,46637,2353.834,125528675.59203,0
1613748600000,53447.11,53873.32,53322.43,53831.21,6119.666,1613749499999,328187112.74242,68093,3318.059,177971419.73326,0
1613749500000,53834.00,53980.00,53605.64,53944.70,4087.475,1613750399999,219839891.00088,43563,2026.412,109035562.48594,0
1613750400000,53939.51,54152.21,53678.02,53840.91,5162.547,1613751299999,278111561.84826,53529,2703.858,145700959.07881,0
1613751300000,53845.54,54680.00,53796.69,54574.39,6569.605,1613752199999,356628857.11998,67171,3883.149,210836511.49558,0
1613752200000,54574.39,54963.91,54429.81,54898.80,6189.881,1613753099999,338762548.36579,64527,3358.487,183836970.11226,0
1613753100000,54898.79,54900.00,54133.80,54461.78,6376.895,1613753999999,347527972.27490,55065,2497.390,136086836.61947,0
1613754000000,54461.78,54700.00,54149.80,54533.19,3490.214,1613754899999,189989801.26675,34411,1762.015,95969273.50731,0
1613754900000,54528.90,54799.99,54523.70,54541.99,2241.628,1613755799999,122512270.61731,26035,1092.503,59722276.35212,0
1613755800000,54541.99,54715.00,54425.00,54682.09,1695.813,1613756699999,92569878.67053,20454,873.308,47682857.63784,0
1613756700000,54679.78,54884.00,54544.00,54884.00,2011.004,1613757599999,110055505.52914,21713,1218.016,66674273.69289,0
1613757600000,54881.36,54890.00,54600.00,54628.49,1645.851,1613758499999,90067500.27304,19906,732.511,40096648.79119,0
1613758500000,54628.49,54950.00,54628.48,54850.83,1916.183,1613759399999,105082162.56853,20375,1121.448,61499545.88128,0
1613759400000,54850.83,55130.00,54700.00,54813.86,2630.371,1613760299999,144397642.80588,28172,1355.377,74426826.35281,0
1613760300000,54813.86,55753.70,54809.13,55548.25,7023.769,1613761199999,388781206.31020,68681,4196.710,232362291.85735,0
1613761200000,55545.74,55995.18,55305.65,55442.39,6185.532,1613762099999,344313937.09001,61821,3226.776,179657401.94840,0
1613762100000,55433.99,55436.99,54686.34,55133.59,5047.345,1613762999999,278110845.73681,47808,2297.323,126612325.94057,0
1613763000000,55135.00,55324.06,54803.53,54985.75,2421.824,1613763899999,133340459.58210,29598,1136.573,62592944.50364,0
1613763900000,54985.76,55295.30,54719.99,55146.04,2934.565,1613764799999,161319896.54353,30216,1708.579,93957690.52652,0
1613764800000,55139.73,55325.00,55000.00,55132.32,1899.244,1613765699999,104815431.20727,24028,903.464,49872838.72801,0
1613765700000,55137.50,55194.74,54902.01,55069.16,1504.336,1613766599999,82801987.56419,19427,627.689,34556611.86484,0
1613766600000,55069.16,55883.15,54937.01,55400.83,5380.985,1613767499999,298348777.09427,53544,2822.001,156496851.35465,0
1613767500000,55400.01,55690.84,55372.21,55381.57,2444.749,1613768399999,135810650.16962,30228,1001.188,55636411.10276,0
1613768400000,55381.58,56582.00,55352.37,56034.85,5711.250,1613769299999,320116886.71143,65133,3332.860,186798415.12290,0
1613769300000,56050.40,56399.00,55915.07,56210.92,4090.384,1613770199999,229814988.79095,48796,1878.814,105589008.16248,0
1613770200000,56213.22,56446.74,56000.00,56136.95,2416.722,1613771099999,135798959.01266,34070,1200.209,67456590.19405,0
1613771100000,56136.95,56233.67,55545.72,55790.96,4286.227,1613771999999,239075927.15321,49166,1981.049,110501850.14664,0
1613772000000,55792.91,55815.66,55325.84,55384.56,2242.982,1613772899999,124632651.49754,31095,881.291,48975018.53290,0
1613772900000,55384.56,55699.29,55229.88,55671.51,1926.482,1613773799999,106861874.90739,25083,1097.867,60921136.62082,0
1613773800000,55671.52,55879.00,55517.09,55862.96,1340.125,1613774699999,74649690.08961,19889,765.211,42640328.96167,0
1613774700000,55862.95,55862.95,55422.08,55547.85,1500.645,1613775599999,83498504.53286,21315,579.416,32244136.04526,0
1613775600000,55547.84,55882.38,55428.13,55862.71,1541.354,1613776499999,85909174.30814,21477,766.914,42744040.77476,0
1613776500000,55862.71,55929.88,55650.00,55803.19,1302.370,1613777399999,72689456.78993,19114,628.215,35071601.34063,0
1613777400000,55803.20,55890.00,55660.00,55770.16,1303.394,1613778299999,72703723.36033,17710,602.612,33616944.16569,0
1613778300000,55770.16,56068.99,55766.11,56004.10,1667.188,1613779199999,93247507.96474,23920,834.415,46673389.87345,0
1613779200000,56005.85,56440.44,55701.01,55765.62,4054.200,1613780099999,227545315.59094,48639,1923.997,108007233.57440,0
1613780100000,55761.40,55983.52,55426.43,55911.90,3220.052,1613780999999,179290848.43497,41208,1637.177,91186493.65871,0
1613781000000,55911.90,55974.87,55722.70,55895.00,1269.471,1613781899999,70929138.58798,22811,577.158,32251302.75797,0
1613781900000,55894.99,56750.00,55894.99,56352.23,7250.487,1613782799999,408314280.13678,79190,3696.649,208198024.52384,0
1613782800000,56352.23,56766.66,56278.38,56426.12,3640.626,1613783699999,205827574.80365,46679,1833.441,103676706.23444,0
1613783700000,56426.12,56426.12,56050.00,56252.23,2347.223,1613784599999,132014400.23629,30711,1087.175,61157800.13265,0
1613784600000,56253.82,56567.00,56253.06,56369.73,1929.784,1613785499999,108859850.90919,29151,952.712,53742002.58320,0
1613785500000,56369.74,56393.16,56136.30,56264.30,1410.832,1613786399999,79345550.39972,21786,635.237,35725166.63882,0
1613786400000,56264.30,56414.00,56050.00,56414.00,1722.091,1613787299999,96803605.77706,25309,755.231,42465599.26848,0
1613787300000,56413.99,56500.00,56325.20,56422.60,1250.551,1613788199999,70539709.86608,22518,552.141,31147589.74419,0
1613788200000,56422.60,56473.90,56160.00,56362.88,1520.896,1613789099999,85658219.18162,22736,741.193,41745519.71502,0
1613789100000,56362.89,56400.00,56160.57,56239.87,1289.380,1613789999999,72528703.26080,20064,659.590,37105922.63396,0
1613790000000,56240.00,56350.00,56100.00,56180.00,1190.812,1613790899999,66940808.92359,19929,557.432,31337585.84614,0
1613790900000,56180.00,56304.90,55942.50,56008.73,1981.929,1613791799999,111251335.46219,26752,741.898,41659990.30706,0
1613791800000,56008.74,56059.92,55711.83,55782.57,2639.303,1613792699999,147533913.59957,31500,1148.504,64207025.06917,0
1613792700000,55782.58,55982.95,55600.00,55836.20,2180.278,1613793599999,121715333.92357,26998,1069.188,59704908.08607,0
1613793600000,55836.20,55969.99,55636.09,55920.00,1819.471,1613794499999,101530076.96664,23843,978.859,54625077.81604,0
1613794500000,55919.99,56109.89,55856.64,55990.11,1477.905,1613795399999,82734061.75940,20839,871.476,48791040.31590,0
1613795400000,55990.11,56208.20,55986.24,56049.99,1554.385,1613796299999,87211536.48467,21344,879.193,49332212.30386,0
1613796300000,56049.99,56120.65,55882.78,55888.44,1228.274,1613797199999,68745632.95275,17539,482.589,27015281.52217,0
1613797200000,55888.44,55965.01,55839.09,55899.99,802.092,1613798099999,44830404.15559,15922,320.594,17920684.29408,0
1613798100000,55899.99,56043.47,55721.00,55770.01,1157.771,1613798999999,64709432.14007,18406,566.658,31674861.39956,0
1613799000000,55770.01,55875.59,55666.00,55742.63,1195.509,1613799899999,66682863.32333,17188,593.894,33129313.42397,0
1613799900000,55742.64,55853.12,55630.00,55784.44,1120.038,1613800799999,62452484.68427,16262,477.981,26660138.74329,0
1613800800000,55784.44,55958.39,55669.05,55925.59,1321.909,1613801699999,73847915.38743,17590,611.598,34165091.14437,0
1613801700000,55925.59,56011.96,55772.38,55814.49,1076.442,1613802599999,60171503.37003,15495,463.908,25939404.02350,0
1613802600000,55816.96,55939.89,55724.00,55862.69,1098.929,1613803499999,61360459.84658,14712,652.763,36450175.91089,0
1613803500000,55864.51,56053.97,55864.51,56032.37,841.065,1613804399999,47060281.64643,14037,419.541,23478004.30103,0
1613804400000,56031.01,56066.00,55531.00,55686.00,3002.851,1613805299999,167441762.89974,29957,1350.460,75314623.14363,0
1613805300000,55686.00,55870.25,55599.13,55778.16,2027.099,1613806199999,112963912.22593,23728,1017.479,56708045.27170,0
1613806200000,55775.02,55780.53,55332.10,55420.39,2860.552,1613807099999,158960594.02366,30407,983.395,54655321.38114,0
1613807100000,55420.38,55586.29,55242.42,55313.47,2157.125,1613807999999,119608506.56645,25743,910.086,50476375.77776,0
1613808000000,55312.05,55657.94,55290.00,55657.94,2422.890,1613808899999,134485826.32100,27806,1232.789,68427827.95017,0
1613808900000,55654.03,55798.12,55567.70,55674.06,1800.170,1613809799999,100240797.07203,21639,813.061,45285002.49446,0
1613809800000,55674.05,55674.06,55472.26,55531.51,893.336,1613810699999,49641099.41882,15465,410.042,22787309.24638,0
1613810700000,55531.50,55532.50,55336.01,55369.05,1473.661,1613811599999,81692911.32267,17900,701.374,38881877.30682,0
1613811600000,55369.01,55444.75,55113.27,55314.22,2272.834,1613812499999,125670917.69000,23968,940.651,52025673.85925,0
1613812500000,55314.22,55618.50,55278.26,55485.20,1883.166,1613813399999,104499429.40434,21779,963.051,53434926.83965,0
1613813400000,55485.20,55639.00,55470.56,55541.07,1051.625,1613814299999,58423491.75921,13358,476.542,26476743.98181,0
1613814300000,55541.07,55548.75,55350.40,55358.79,1031.884,1613815199999,57206589.79647,14380,490.208,27177278.36463,0
1613815200000,55358.80,55677.59,55325.01,55561.06,1728.909,1613816099999,96047175.85200,19846,968.759,53821308.38513,0
1613816100000,55561.06,55672.19,55406.00,55672.19,1031.209,1613816999999,57264400.01158,15488,590.430,32790080.17309,0
1613817000000,55672.04,56034.29,55627.56,55916.03,3102.656,1613817899999,173354007.49418,31731,1758.352,98222064.42639,0
1613817900000,55916.03,56000.00,55821.87,55979.02,1410.206,1613818799999,78848755.34169,17263,737.895,41263692.85847,0
1613818800000,55979.03,56005.00,55855.20,55867.50,1233.301,1613819699999,68981132.14017,14409,580.092,32452431.64795,0
1613819700000,55867.51,56050.00,55840.54,55965.35,1481.937,1613820599999,82901669.20111,17445,828.791,46370745.53579,0
1613820600000,55965.36,55965.36,55850.00,55911.04,868.329,1613821499999,48538858.02335,13245,412.294,23048120.82199,0
1613821500000,55911.04,56450.00,55899.59,56446.49,3548.095,1613822399999,199351679.82765,35049,2166.728,121738600.66595,0
1613822400000,56448.50,57200.00,56350.00,57184.93,7353.410,1613823299999,417282520.33474,73725,4213.212,239214672.21727,0
1613823300000,57184.94,57397.37,56928.00,57269.04,6234.023,1613824199999,356293036.12252,59274,3000.495,171526575.41293,0
1613824200000,57265.76,57690.00,57127.14,57684.47,4816.687,1613825099999,276317118.99682,48834,2565.442,147226461.74539,0
1613825100000,57670.99,57699.00,57310.00,57379.80,3317.009,1613825999999,190651639.03074,37362,1471.613,84595362.91912,0
1613826000000,57379.79,57447.97,57105.00,57114.75,2894.612,1613826899999,165812648.24216,32806,1214.848,69601036.49728,0
1613826900000,57114.50,57486.65,57011.01,57425.59,2802.810,1613827799999,160501749.84104,34632,1454.776,83317415.98938,0
1613827800000,57425.60,57648.00,57372.14,57477.10,2120.422,1613828699999,121947656.25339,29308,1045.090,60107281.44041,0
1613828700000,57477.10,57481.80,57227.87,57377.00,1612.590,1613829599999,92489457.80876,22794,764.508,43845488.16861,0
1613829600000,57377.01,57522.09,57216.05,57485.34,1386.980,1613830499999,79601752.34653,22019,714.559,41015672.74326,0
1613830500000,57489.17,57537.82,57116.88,57179.47,2278.518,1613831399999,130531877.25218,27775,1023.055,58612892.58622,0
1613831400000,57184.93,57391.12,57036.29,57292.34,1678.694,1613832299999,96048256.54927,23535,837.103,47913243.16164,0
1613832300000,57292.35,57292.35,56102.00,56363.42,7524.549,1613833199999,426194099.20770,70339,3045.901,172447317.87106,0
1613833200000,56363.42,56861.00,56363.42,56759.41,4406.083,1613834099999,249682852.67071,44818,2304.916,130612400.17192,0
1613834100000,56759.40,56759.40,55824.39,56208.50,6160.641,1613834999999,346348170.53909,64157,2834.659,159334846.80251,0
1613835000000,56208.57,56387.94,55862.10,56139.74,3313.076,1613835899999,186038022.27360,42219,1546.275,86849638.01540,0
1613835900000,56139.74,56358.38,56107.16,56226.39,2671.632,1613836799999,150222935.03923,32415,1361.458,76566937.75285,0
1613836800000,56231.96,56700.00,56228.42,56697.11,3719.681,1613837699999,209962984.79647,39583,2146.551,121181932.38328,0
1613837700000,56697.06,56697.11,56328.77,56449.50,2147.952,1613838599999,121299162.19936,25038,970.748,54823403.66983,0
1613838600000,56449.49,57049.81,56377.78,56915.38,3347.333,1613839499999,189940252.80081,34886,1969.836,111796787.04185,0
1613839500000,56915.39,56931.79,56642.00,56811.73,2054.687,1613840399999,116678000.94248,25181,989.329,56186542.30922,0
1613840400000,56811.73,57536.10,56800.00,57450.00,5134.170,1613841299999,293829704.04975,51278,2697.857,154378218.23455,0
1613841300000,57451.00,57506.96,57203.87,57207.98,2464.334,1613842199999,141282872.16040,29274,1079.686,61914124.82889,0
1613842200000,57207.98,57434.00,57074.04,57220.00,1823.014,1613843099999,104363884.93890,23375,836.769,47913620.46828,0
1613843100000,57220.01,57333.71,56875.89,57160.55,2564.657,1613843999999,146403540.23504,25400,1049.850,59932615.78152,0
1613844000000,57160.55,57260.00,57032.00,57093.41,1331.772,1613844899999,76128429.71484,20004,676.599,38683930.76903,0
1613844900000,57097.22,57200.00,56918.82,57080.00,1072.868,1613845799999,61240479.21858,19171,526.429,30053862.94583,0
1613845800000,57080.01,57235.40,56886.57,57001.87,1510.048,1613846699999,86197316.38887,18905,645.983,36888271.07115,0
1613846700000,57002.01,57270.00,56924.79,57229.14,1659.699,1613847599999,94790218.35064,19521,885.731,50596734.80652,0
1613847600000,57225.27,57348.00,56950.00,57054.48,2027.826,1613848499999,115853271.46425,24854,908.486,51908238.43616,0
1613848500000,57054.47,57081.71,56801.00,57071.50,1770.632,1613849399999,100786100.99284,22188,812.491,46251447.00489,0
1613849400000,57068.85,57145.19,56973.78,57089.64,1070.533,1613850299999,61093758.69289,16038,488.693,27894022.73379,0
1613850300000,57089.64,57189.64,56954.38,57063.19,1159.239,1613851199999,66173312.47581,16014,537.258,30671666.40017,0
1613851200000,57063.18,57063.19,56643.00,56736.65,2390.969,1613852099999,135778262.80479,27833,1069.431,60736066.13061,0
1613852100000,56736.66,56991.26,56668.36,56963.24,1406.332,1613852999999,79922887.18489,18743,819.271,46561300.01583,0
1613853000000,56963.24,57145.92,56788.80,56918.07,1528.596,1613853899999,87127995.83770,20021,659.476,37598902.83576,0
1613853900000,56915.78,57007.20,56755.00,56807.00,1107.835,1613854799999,63012713.87664,15410,593.557,33765860.90649,0
1613854800000,56807.01,56842.95,56511.13,56536.50,1646.302,1613855699999,93282211.76475,24024,678.851,38478045.89206,0
1613855700000,56536.50,56669.65,56325.22,56642.44,2470.744,1613856599999,139554220.43387,28799,1115.898,63046316.12876,0
1613856600000,56642.44,56946.07,56635.81,56894.69,1893.368,1613857499999,107521618.45936,22172,1100.802,62520427.94138,0
1613857500000,56894.69,56986.00,56525.52,56576.88,1975.848,1613858399999,112240859.26596,22521,875.918,49775540.05478,0
1613858400000,56576.88,56594.99,56180.73,56195.00,2749.158,1613859299999,154833631.06412,31975,1204.250,67832225.13750,0
1613859300000,56196.31,56331.00,55915.38,56067.98,3402.507,1613860199999,190963483.36892,39812,1440.605,80872241.82379,0
1613860200000,56070.25,56088.47,53905.00,54922.38,14225.017,1613861099999,782277450.08580,127962,5703.953,313684713.66254,0
1613861100000,54922.50,55742.48,54780.00,55496.05,6323.816,1613861999999,349779758.02363,70203,3140.984,173789426.38974,0
1613862000000,55496.05,55963.30,55455.37,55922.68,3974.266,1613862899999,221521416.40686,46347,2042.588,113882686.36262,0
1613862900000,55923.92,55964.42,55662.20,55689.01,2622.299,1613863799999,146346310.17909,31110,1305.799,72886142.87009,0
1613863800000,55689.00,55874.37,55449.97,55807.27,2618.211,1613864699999,145723526.77529,27667,1217.230,67765534.79411,0
1613864700000,55807.27,56286.59,55752.06,55917.41,3657.319,1613865599999,204977699.20706,39287,1892.858,106109063.34576,0
1613865600000,55908.45,56073.15,55573.44,55576.19,3104.353,1613866499999,173187923.62385,36253,1405.885,78449368.21891,0
1613866500000,55576.18,56008.89,55564.50,55848.16,2608.731,1613867399999,145535055.23126,28482,1338.331,74680638.38884,0
1613867400000,55854.44,56130.86,55854.43,56016.01,1717.490,1613868299999,96188656.08882,22072,893.768,50057505.71744,0
1613868300000,56016.01,56172.71,55779.47,55918.61,1565.870,1613869199999,87628120.85052,19972,763.505,42744686.33170,0
1613869200000,55918.62,56243.49,55810.84,56180.24,1691.080,1613870099999,94852552.94260,21793,908.979,50990802.54421,0
1613870100000,56177.13,56200.00,55934.27,55987.52,1172.782,1613870999999,65724573.57846,16434,557.122,31224427.90306,0
1613871000000,55987.52,56084.02,55876.28,56031.57,1094.018,1613871899999,61236120.28353,14583,611.904,34255423.19531,0
1613871900000,56031.57,56441.00,56000.00,56430.73,2081.876,1613872799999,117065389.23379,23568,1206.323,67840857.12350,0
1613872800000,56430.74,56567.92,56336.88,56513.65,2051.058,1613873699999,115826307.04386,27604,1085.544,61312652.31784,0
1613873700000,56513.65,56773.26,56505.97,56526.26,2049.129,1613874599999,116064272.25192,24415,1136.323,64369599.49313,0
1613874600000,56526.26,56620.00,56449.61,56530.02,1094.246,1613875499999,61873739.81991,14200,559.180,31624869.14513,0
1613875500000,56530.02,56628.15,56383.00,56420.00,1246.630,1613876399999,70438236.27742,15578,512.711,28976863.75194,0
1613876400000,56420.00,57000.00,56408.69,56875.84,2439.271,1613877299999,138523182.80559,30328,1427.228,81057868.36975,0
1613877300000,56874.42,56880.19,56612.21,56685.99,1443.178,1613878199999,81887571.69186,17615,616.518,34981982.05195,0
1613878200000,56685.99,56685.99,56533.47,56632.22,981.077,1613879099999,55539305.03706,13996,452.668,25629547.59113,0
1613879100000,56632.21,56782.14,56525.18,56599.04,1077.844,1613879999999,61044448.48635,13760,569.065,32236039.56079,0
1613880000000,56599.04,56736.69,56200.00,56421.09,2874.315,1613880899999,162181148.93841,28781,1181.452,66682156.01588,0
1613880900000,56420.52,56555.00,56420.52,56521.12,1048.416,1613881799999,59236527.47881,13922,540.822,30556537.57800,0
1613881800000,56521.12,56689.27,56513.19,56666.83,1122.863,1613882699999,63569845.87219,15366,612.402,34671095.00376,0
1613882700000,56666.84,56800.00,56500.00,56776.14,1251.423,1613883599999,70907031.16408,15416,613.960,34795578.03532,0
1613883600000,56778.08,56890.00,56605.84,56888.40,1254.454,1613884499999,71188969.08147,18564,708.799,40225910.05676,0
1613884500000,56888.40,57066.24,56733.24,56948.41,2079.306,1613885399999,118318301.61154,23530,1166.485,66383170.81462,0
1613885400000,56948.41,56954.84,56661.61,56721.15,1331.710,1613886299999,75652522.86715,17030,598.890,34025703.46480,0
1613886300000,56721.15,56721.15,56601.00,56632.08,898.959,1613887199999,50934557.79875,13871,372.490,21107480.15657,0
1613887200000,56632.08,56700.00,56509.00,56590.01,1309.753,1613888099999,74141544.29074,15219,565.339,32011956.02730,0
1613888100000,56590.00,56640.00,56432.42,56591.02,1232.314,1613888999999,69671668.87141,16781,566.551,32035103.50263,0
1613889000000,56591.02,56616.54,56340.78,56359.10,1206.239,1613889899999,68142259.81700,15960,501.666,28347913.55380,0
1613889900000,56359.04,56595.72,56328.68,56586.29,1019.009,1613890799999,57541558.49199,13585,592.897,33482551.03464,0
1613890800000,56586.30,56686.86,56410.39,56460.01,1562.710,1613891699999,88381722.38483,19979,827.070,46791383.19621,0
1613891700000,56460.00,56485.82,56007.06,56052.05,3374.684,1613892599999,189716305.72312,31864,1405.161,78990504.40543,0
1613892600000,56052.04,56382.92,56050.35,56370.06,1621.148,1613893499999,91212118.60568,18613,875.018,49232823.28828,0
1613893500000,56370.07,56412.60,56124.71,56169.88,1358.031,1613894399999,76417518.83222,15135,560.581,31545284.12851,0
1613894400000,56169.88,56400.00,55917.51,56377.66,2841.316,1613895299999,159573084.39976,31265,1384.692,77791076.59250,0
1613895300000,56377.67,56383.43,56107.23,56217.81,1177.410,1613896199999,66193262.29157,17876,595.538,33476106.94968,0
1613896200000,56217.81,56561.99,56200.00,56447.52,1682.511,1613897099999,94888961.09634,19596,983.743,55485802.04670,0
1613897100000,56447.52,56773.73,56447.51,56602.95,2898.494,1613897999999,164152034.99267,26598,1697.348,96126270.47685,0
1613898000000,56602.96,56720.00,56484.21,56510.87,1192.382,1613898899999,67482707.32279,16295,604.486,34221158.37209,0
1613898900000,56509.61,56644.00,56480.00,56547.55,1011.930,1613899799999,57233141.26267,13876,545.824,30872478.29928,0
1613899800000,56547.54,56620.00,56470.00,56504.90,1026.774,1613900699999,58052548.41722,13144,550.909,31150592.03722,0
1613900700000,56504.89,56943.90,56451.01,56884.89,2519.173,1613901599999,142927389.94420,24490,1319.446,74869003.30869,0
1613901600000,56890.16,57488.00,56753.01,57364.80,5162.367,1613902499999,294958758.87571,52540,2929.518,167384405.59247,0
1613902500000,57365.00,58011.57,57337.28,57577.10,6567.188,1613903399999,378867419.47912,65808,3583.797,206795643.67065,0
1613903400000,57577.10,57974.87,57401.33,57745.47,3801.270,1613904299999,219315339.91506,39431,2013.415,116187854.79032,0
1613904300000,57745.48,57760.37,57505.45,57676.76,2137.120,1613905199999,123200096.65347,23339,996.766,57477010.14381,0
1613905200000,57676.76,57686.12,57353.00,57511.71,2447.860,1613906099999,140752329.49558,29147,1036.849,59630399.30932,0
1613906100000,57511.70,57665.73,57411.83,57516.84,1447.850,1613906999999,83335405.17695,20765,775.852,44661771.82216,0
1613907000000,57516.85,57550.77,57353.00,57455.31,1264.054,1613907899999,72605206.06652,18699,550.885,31641515.33204,0
1613907900000,57455.06,57598.50,57314.94,57415.43,2190.737,1613908799999,125878072.42735,22893,992.014,57000872.27503,0
1613908800000,57414.45,57484.68,57103.00,57248.06,2929.912,1613909699999,167825840.76962,31411,1327.276,76042693.21392,0
1613909700000,57248.07,57490.00,57246.29,57431.03,1834.149,1613910599999,105228099.98435,22769,1126.253,64612732.75290,0
1613910600000,57432.22,57553.52,57019.17,57166.01,2237.065,1613911499999,128132058.34074,27222,963.010,55172097.04399,0
1613911500000,57167.06,57246.28,56675.37,56999.18,4226.686,1613912399999,240714537.66646,43584,1800.163,102556450.22923,0
1613912400000,56999.18,57233.84,56987.44,57139.99,1753.940,1613913299999,100181622.19442,23275,1002.843,57281734.61826,0
1613913300000,57140.00,57300.00,57047.00,57240.37,1781.890,1613914199999,101895374.43268,21753,940.754,53806337.81753,0
1613914200000,57242.59,57333.96,57114.76,57140.35,1570.405,1613915099999,89902133.90502,18344,795.320,45541349.02757,0
1613915100000,57140.34,57300.00,57132.44,57260.29,972.877,1613915999999,55676193.36906,13840,569.556,32595751.30548,0
1613916000000,57256.63,57500.00,57121.00,57140.51,2259.125,1613916899999,129548813.37831,27488,1178.974,67619224.62570,0
1613916900000,57138.68,57450.00,56891.44,57291.82,3052.202,1613917799999,174421656.80513,35658,1487.219,85001107.76635,0
1613917800000,57291.81,57559.41,57190.81,57366.88,2893.325,1613918699999,166183626.22092,29007,1450.082,83309991.34319,0
1613918700000,57365.71,57521.00,57114.81,57479.40,2274.459,1613919599999,130359671.29102,23813,979.120,56135325.27487,0
1613919600000,57479.40,57689.00,57315.76,57519.52,3134.218,1613920499999,180222052.06485,34263,1500.934,86329551.76861,0
1613920500000,57519.52,57621.54,57301.61,57386.81,1935.119,1613921399999,111224588.78674,23483,906.381,52106322.52485,0
1613921400000,57386.80,57493.07,57310.01,57409.18,1257.288,1613922299999,72185575.36322,15878,548.046,31468201.91788,0
1613922300000,57409.19,57470.00,57243.24,57408.48,1527.792,1613923199999,87628971.69554,18316,643.190,36898832.69487,0
1613923200000,57410.00,57536.00,57100.00,57200.00,2950.189,1613924099999,169110996.95518,38125,1265.821,72574656.10822,0
1613924100000,57199.99,57559.99,57150.00,57533.54,2202.942,1613924999999,126406716.17854,26013,1265.762,72637554.17893,0
1613925000000,57533.53,57650.00,57435.73,57589.98,2314.612,1613925899999,133206221.06009,25822,1046.451,60230722.92346,0
1613925900000,57589.98,57890.00,57537.90,57814.83,3227.696,1613926799999,186414478.07370,36561,1776.352,102590002.98836,0
1613926800000,57813.24,57827.33,57590.00,57751.00,2420.153,1613927699999,139712999.99745,28325,1253.545,72374290.08033,0
1613927700000,57751.00,57850.00,57650.00,57697.06,1371.978,1613928599999,79217270.32280,17630,568.430,32827588.20520,0
1613928600000,57697.06,57738.88,57452.08,57610.82,1890.505,1613929499999,108886294.26145,21615,791.976,45622545.19811,0
1613929500000,57610.82,57690.53,57464.53,57603.29,1180.633,1613930399999,67988211.78677,15490,624.555,35972414.54094,0
1613930400000,57603.29,57694.69,57435.00,57510.85,1169.711,1613931299999,67310351.89053,16638,500.335,28797464.19341,0
1613931300000,57510.86,57643.86,57470.76,57565.16,901.946,1613932199999,51924954.22554,12023,510.870,29411779.14920,0
1613932200000,57565.16,57939.30,57565.16,57906.62,2401.091,1613933099999,138816167.31187,25885,1404.728,81208541.59103,0
1613933100000,57905.54,58460.00,57850.57,58316.99,6217.973,1613933999999,361919011.25541,59462,3436.074,200001094.52304,0
1613934000000,58316.99,58472.14,58259.91,58393.24,2651.436,1613934899999,154835428.60363,30708,1412.767,82509777.91661,0
1613934900000,58393.24,58425.60,58086.04,58318.57,2582.682,1613935799999,150491187.05378,28318,1128.547,65761267.48517,0
1613935800000,58318.57,58387.63,58045.41,58139.55,1664.389,1613936699999,96909707.22223,21876,697.684,40628169.33809,0
1613936700000,58139.55,58256.02,58121.02,58181.35,951.735,1613937599999,55378451.91709,13568,490.185,28524164.08310,0
1613937600000,58181.37,58273.64,57800.00,58202.53,2530.831,1613938499999,146992477.80101,29904,1307.435,75966367.39497,0
1613938500000,58202.52,58377.98,58185.78,58250.00,1318.962,1613939399999,76867434.96654,20030,684.538,39897456.29144,0
1613939400000,58249.76,58249.76,57930.62,58008.22,1595.231,1613940299999,92626932.08066,21748,752.702,43702906.04123,0
1613940300000,58008.22,58047.50,57555.62,57765.57,3445.872,1613941199999,199077041.26338,35665,1554.837,89840292.88993,0
1613941200000,57768.14,57922.39,57505.00,57796.93,2468.127,1613942099999,142474537.36488,25538,1056.172,60986192.22636,0
1613942100000,57796.92,58025.18,57757.00,57784.54,1653.643,1613942999999,95731702.02035,20320,941.569,54521006.31525,0
1613943000000,57784.54,57894.86,57618.84,57789.91,1401.578,1613943899999,80942348.82472,18811,602.707,34810693.72137,0
1613943900000,57789.91,57909.43,57255.00,57395.57,4065.752,1613944799999,233721989.85038,39656,1692.287,97283219.13083,0
1613944800000,57395.58,57602.62,57330.00,57595.32,1505.361,1613945699999,86600374.28936,18660,823.117,47355815.78385,0
1613945700000,57595.32,57686.55,57275.42,57276.50,1731.006,1613946599999,99514552.25216,20128,663.629,38171829.53112,0
1613946600000,57275.52,57300.00,57030.00,57210.37,3231.648,1613947499999,184731868.14847,36888,1439.981,82321718.66523,0
1613947500000,57210.36,57480.14,57164.39,57415.01,1344.330,1613948399999,77095547.28787,18535,782.094,44854075.75223,0
1613948400000,57415.64,57665.35,57173.23,57519.01,2853.084,1613949299999,163892626.77304,28990,1507.018,86586754.89200,0
1613949300000,57519.01,57570.69,57412.80,57543.61,1332.546,1613950199999,76594721.46246,13891,668.466,38427863.82602,0
1613950200000,57543.24,57669.31,57414.28,57509.51,1502.965,1613951099999,86465842.16307,15072,788.948,45395261.07101,0
1613951100000,57509.52,57604.88,57400.00,57487.43,1767.111,1613951999999,101613014.71146,15474,958.134,55103278.10624,0
1613952000000,57475.50,57591.87,56715.00,56817.35,5983.064,1613952899999,341910166.27182,50288,2149.622,122903979.19283,0
1613952900000,56817.34,57050.00,56555.50,56832.95,3746.906,1613953799999,212890268.20752,36487,1921.286,109200305.58896,0
1613953800000,56829.04,57074.99,56702.21,56819.00,4353.837,1613954699999,247829675.37721,29507,2646.909,150701279.32339,0
1613954700000,56820.56,56870.00,56333.00,56336.86,4702.551,1613955599999,265817012.30606,43641,1757.447,99350438.52493,0
1613955600000,56338.51,56842.64,56125.53,56639.19,6761.656,1613956499999,381904480.03708,54565,3258.195,184138912.10952,0
1613956500000,56639.19,56849.19,56626.36,56772.81,2197.936,1613957399999,124702642.40195,24420,1107.358,62836515.68547,0
1613957400000,56772.60,57100.00,56735.25,56986.66,4280.251,1613958299999,243792380.99245,27325,2106.055,119936730.95696,0
1613958300000,56987.00,57041.82,56879.26,56940.00,1037.852,1613959199999,59098061.75811,12616,482.158,27458413.88470,0
1613959200000,56939.99,56939.99,56407.92,56839.64,4055.356,1613960099999,229882737.62061,41355,1791.537,101542288.96939,0
1613960100000,56840.00,57285.46,56693.35,57121.60,2045.781,1613960999999,116587635.92219,22697,1229.320,70091643.94052,0
1613961000000,57121.60,57379.16,57068.77,57073.34,2339.434,1613961899999,133844570.12784,22461,1224.865,70092808.43118,0
1613961900000,57073.34,57100.00,56890.01,56942.53,1752.302,1613962799999,99870790.57197,16662,810.403,46194864.41941,0
1613962800000,56942.53,57155.68,56852.68,56895.10,1661.414,1613963699999,94666628.00438,19121,760.279,43331255.42343,0
1613963700000,56895.10,56895.87,56530.62,56580.45,2176.215,1613964599999,123493506.02259,22773,798.613,45325681.78248,0
1613964600000,56580.46,56585.86,56020.00,56382.78,5647.023,1613965499999,317897299.84999,52553,2597.739,146288946.34902,0
1613965500000,56382.79,56382.79,55845.00,55954.31,5112.802,1613966399999,286575900.63744,48109,2142.271,120122695.71301,0
1613966400000,55949.88,56337.67,55550.00,56172.64,7609.036,1613967299999,425197746.19938,73437,3890.305,217513822.98706,0
1613967300000,56172.62,56187.86,55641.10,55641.11,2626.553,1613968199999,146829483.73963,34107,1106.114,61849170.97075,0
1613968200000,55641.11,55927.95,55242.20,55417.12,5486.389,1613969099999,304934447.22910,59836,2393.227,133094970.77044,0
1613969100000,55417.13,55980.00,55200.00,55866.00,4273.807,1613969999999,237473942.58290,43747,2252.774,125259110.79806,0
1613970000000,55866.00,56187.25,55844.61,56133.60,2856.576,1613970899999,159962688.35002,34437,1496.986,83847911.24430,0
1613970900000,56133.61,56258.08,55800.00,56248.38,2678.654,1613971799999,150084465.03051,27888,1353.161,75845132.68779,0
1613971800000,56248.38,56450.00,56123.06,56183.18,2677.274,1613972699999,150648617.52096,27864,1376.564,77479045.81154,0
1613972700000,56183.19,56191.74,55726.52,55960.14,3148.071,1613973599999,176015742.66587,30579,1305.527,72978517.73077,0
1613973600000,55960.17,56462.17,55748.37,56363.01,2962.523,1613974499999,166341126.61667,35639,1721.367,96672356.24726,0
1613974500000,56363.01,56462.17,56235.43,56294.22,1989.661,1613975399999,112079783.80751,26740,1042.516,58728582.40207,0
1613975400000,56294.18,56374.18,56077.90,56277.68,1902.752,1613976299999,106953041.29502,23552,898.725,50530093.17470,0
1613976300000,56273.00,56433.58,56062.26,56066.02,1750.166,1613977199999,98472740.46980,19140,917.408,51641850.61495,0
1613977200000,56066.18,56131.51,55735.48,56121.07,2724.156,1613978099999,152320240.67075,30501,1340.160,74953192.70254,0
1613978100000,56123.05,56430.00,55951.16,56349.83,2026.918,1613978999999,114022815.80727,25857,1058.013,59518265.34072,0
1613979000000,56345.17,56623.22,56200.80,56603.88,2635.622,1613979899999,148693016.15866,26079,1426.015,80467943.63816,0
1613979900000,56601.14,56626.66,56324.46,56489.93,1939.607,1613980799999,109519244.84695,20617,836.270,47223926.30168,0
1613980800000,56486.50,56699.00,56207.31,56278.81,2886.094,1613981699999,162969032.64706,30782,1392.411,78659411.57258,0
1613981700000,56278.81,56542.13,56225.28,56267.18,1593.070,1613982599999,89818794.11113,19153,755.813,42623249.65669,0
1613982600000,56267.19,56300.94,55805.35,55942.68,3423.227,1613983499999,191768681.86275,34370,1461.037,81836158.07452,0
1613983500000,55944.21,56040.96,55500.00,55587.17,4900.607,1613984399999,273306972.73048,45837,2055.248,114658066.95639,0
1613984400000,55587.16,55848.62,55553.00,55691.47,2461.704,1613985299999,137096796.99676,24863,1355.141,75478656.90913,0
1613985300000,55690.22,55894.17,55607.48,55832.67,1936.991,1613986199999,107968586.43264,22076,1187.955,66222915.43244,0
1613986200000,55832.68,55849.80,55000.00,55514.90,5462.028,1613987099999,302415614.51051,57726,2176.288,120541884.72061,0
1613987100000,55514.89,55639.61,54370.00,54853.08,10010.158,1613987999999,549610438.82796,98802,4220.175,231724754.19568,0
1613988000000,54852.56,55174.61,53500.00,54340.00,15363.043,1613988899999,835076002.66087,151291,6895.164,375128744.48802,0
1613988900000,54340.00,54712.00,54111.00,54558.11,6468.868,1613989799999,352241464.71451,78328,3468.649,188906109.85614,0
1613989800000,54562.22,55080.01,54533.63,54929.25,5131.186,1613990699999,281441602.25472,56811,2775.830,152253541.39889,0
1613990700000,54925.00,55157.86,54720.00,54941.99,3256.269,1613991599999,178877565.38554,40948,1479.074,81270786.57703,0
1613991600000,54941.99,55336.10,54826.04,54999.99,3828.671,1613992499999,211110234.71595,46157,1915.656,105644018.08971,0
1613992500000,55000.00,55069.24,54501.00,54899.99,4407.337,1613993399999,241327856.31251,52238,2115.975,115881611.44648,0
1613993400000,54899.99,55299.00,54846.87,55015.51,3184.316,1613994299999,175478753.11229,41968,1576.304,86876461.61642,0
1613994300000,55015.50,55175.00,54571.27,54606.16,3362.176,1613995199999,184472299.85523,39802,1635.347,89763853.03037,0
1613995200000,54606.16,54774.72,53456.72,53736.00,10568.739,1613996099999,571618081.95615,114803,4551.946,246313163.87788,0
1613996100000,53736.01,53942.00,52750.00,53736.80,16319.666,1613996999999,870962209.83078,157873,7973.894,425944511.36507,0
1613997000000,53736.79,54077.00,53600.00,53610.40,6158.383,1613997899999,331705830.83769,66850,2992.950,161246455.40511,0
1613997900000,53610.45,54024.99,53002.00,53893.39,9982.415,1613998799999,534151896.45651,108266,5087.550,272274577.81611,0
1613998800000,53893.40,54161.61,53474.62,53625.43,5701.837,1613999699999,307136234.86093,65377,2643.962,142483525.02891,0
1613999700000,53625.43,53625.96,52754.30,53136.49,10515.743,1614000599999,558759631.78482,107362,5136.985,273003416.52051,0
1614000600000,53136.48,53428.76,52821.00,53332.99,5945.789,1614001499999,316140242.35603,66316,3104.249,165103818.49504,0
1614001500000,53333.00,53429.71,52175.00,52191.44,12631.569,1614002399999,664882565.30771,120273,5487.609,288906452.36481,0
1614002400000,52191.44,52649.00,50188.00,51055.00,23707.356,1614003299999,1223939807.20130,199896,10071.450,520830213.17260,0
1614003300000,50976.34,51587.11,47751.42,51353.79,25481.753,1614004199999,1268677307.53541,223822,11402.516,570185311.31737,0
1614004200000,51353.37,52505.22,51000.00,52155.36,12214.676,1614005099999,633766971.63715,94834,5842.271,303402638.22491,0
1614005100000,52184.69,53504.98,52159.62,53316.95,13113.628,1614005999999,691654894.83383,113220,6464.525,341185646.89691,0
1614006000000,53327.21,53882.32,52969.90,53368.32,13038.352,1614006899999,697647673.09412,113758,5829.056,312038407.19459,0
1614006900000,53368.38,53600.00,52703.63,52968.00,11071.809,1614007799999,587261013.77243,91763,5542.311,294029258.09102,0
1614007800000,52968.00,53790.00,52848.01,53650.49,6195.058,1614008699999,330546453.18725,62064,3409.556,181971595.63289,0
1614008700000,53655.27,53822.36,53233.30,53277.04,4648.595,1614009599999,248915044.08707,47589,2321.031,124319353.14100,0
1614009600000,53276.12,53643.57,52800.13,53639.05,6659.575,1614010499999,354179538.22942,75326,3118.944,165955704.75054,0
1614010500000,53639.05,53800.00,53422.67,53614.35,4227.409,1614011399999,226780379.57728,45744,2191.441,117571317.42606,0
1614011400000,53614.35,53899.00,53447.57,53594.75,4418.707,1614012299999,237166908.93630,42178,2233.308,119906376.89912,0
1614012300000,53594.76,53762.27,53107.50,53250.29,2834.146,1614013199999,151204757.32331,33900,1323.129,70596506.46819,0
1614013200000,53250.29,53370.30,52311.00,52472.23,7235.266,1614014099999,381822627.95423,75821,3038.089,160384798.65017,0
1614014100000,52475.22,53149.31,52475.22,53010.98,3848.111,1614014999999,203296875.57104,45818,2106.191,111280963.08968,0
1614015000000,53010.99,53163.20,52552.83,52644.19,2276.080,1614015899999,120216237.45543,30687,1071.977,56619585.06400,0
1614015900000,52644.19,52818.19,52033.79,52171.28,4257.711,1614016799999,223320280.14287,50115,1976.712,103728766.23778,0
1614016800000,52171.27,52556.50,51651.00,51953.61,9155.573,1614017699999,475937347.39849,92069,4108.898,213682611.23628,0
1614017700000,51953.60,53077.69,51939.00,52965.79,5556.415,1614018599999,292102923.33934,64447,2966.065,155844939.01521,0
1614018600000,52966.93,53549.98,52599.99,53453.36,4669.302,1614019499999,247844129.04796,55092,2294.847,121804279.96912,0
1614019500000,53453.35,53555.05,53101.41,53274.85,3070.675,1614020399999,163646551.52029,34275,1523.313,81198348.86334,0
1614020400000,53274.85,53627.73,53000.00,53571.14,2472.732,1614021299999,131868018.81068,30699,1270.028,67760645.59205,0
1614021300000,53571.14,53800.00,53332.23,53499.70,2393.114,1614022199999,128207096.47003,35284,1185.526,63518457.72893,0
1614022200000,53499.71,53700.00,53380.00,53461.16,1640.246,1614023099999,87848056.89948,21933,755.787,40482377.60529,0
1614023100000,53461.16,53750.00,53266.00,53645.97,1830.551,1614023999999,97884581.68363,25178,881.505,47144898.79518,0
1614024000000,53645.97,54380.00,53505.50,54290.93,4507.034,1614024899999,243615666.32412,50391,2660.561,143788367.06379,0
1614024900000,54288.18,54408.38,53940.66,54171.03,3113.857,1614025799999,168854084.01351,35727,1417.415,76888022.73728,0
1614025800000,54158.66,54261.68,53808.73,54203.99,2095.338,1614026699999,113238858.61879,26868,982.021,53073028.10691,0
1614026700000,54204.67,54280.00,53808.00,53832.64,2091.887,1614027599999,113070035.47885,24519,924.672,49997101.67185,0
1614027600000,53833.54,54216.82,53713.61,54118.28,1925.488,1614028499999,103879662.80942,24587,908.871,49041933.55733,0
1614028500000,54118.29,54470.00,54118.29,54432.17,2020.675,1614029399999,109860167.97286,26006,1174.800,63878955.96900,0
1614029400000,54433.01,54575.00,54202.00,54512.91,2170.212,1614030299999,118130530.53928,25658,1137.034,61908864.13881,0
1614030300000,54512.92,54900.00,54512.91,54899.99,3069.486,1614031199999,167970724.15120,33535,1748.257,95674221.96905,0
1614031200000,54899.99,55023.85,54511.25,54572.96,3324.264,1614032099999,182142580.77317,36844,1478.602,81049717.18111,0
1614032100000,54572.96,54628.00,54351.03,54352.63,1553.393,1614032999999,84665163.62464,22111,666.952,36362394.53594,0
1614033000000,54352.62,54364.36,53809.08,54203.24,3587.643,1614033899999,194228446.50004,40477,1756.760,95112847.01137,0
1614033900000,54206.49,54329.46,53914.56,54128.16,1348.461,1614034799999,73022832.80402,20580,612.616,33181091.25745,0
1614034800000,54128.15,54294.96,53701.00,53802.91,2597.174,1614035699999,140301234.87099,29789,1135.213,61324681.72772,0
1614035700000,53803.90,53988.25,53330.00,53622.04,3938.706,1614036599999,211036662.46007,40965,1684.409,90248917.63753,0
1614036600000,53632.51,54086.71,53632.51,53924.16,2193.119,1614037499999,118149864.59725,23238,1145.712,61727395.76200,0
1614037500000,53924.17,54400.00,53910.00,54121.10,2464.579,1614038399999,133444428.90448,24199,1358.522,73565546.79470,0
1614038400000,54125.55,54260.12,53139.80,53173.69,5046.363,1614039299999,270340097.61736,51214,2363.053,126670222.77541,0
1614039300000,53173.69,53600.00,53100.00,53392.32,3302.253,1614040199999,176197210.08881,32603,1970.876,105164893.87590,0
1614040200000,53392.31,53926.63,53392.31,53630.01,2401.011,1614041099999,128951577.59018,25259,1310.573,70394657.93961,0
1614041100000,53630.00,53842.54,53455.00,53489.06,1553.590,1614041999999,83340919.30163,19588,706.192,37900265.89442,0
1614042000000,53489.07,53978.09,53283.79,53290.94,1964.987,1614042899999,105404063.41331,25724,982.470,52714296.90017,0
1614042900000,53290.94,53512.77,52700.00,52824.80,3701.880,1614043799999,196404572.59661,42558,1580.357,83873967.25006,0
1614043800000,52824.80,53141.99,52722.85,53012.94,2074.043,1614044699999,109853888.75177,30655,1099.410,58233382.38601,0
1614044700000,53012.95,53130.03,52348.87,52619.70,3822.809,1614045599999,201192034.29242,44664,1503.585,79118130.63048,0
1614045600000,52619.70,52900.00,52380.72,52811.19,3564.393,1614046499999,187705739.65618,44651,1878.251,98909263.08344,0
1614046500000,52811.19,52969.66,52003.71,52067.19,4953.891,1614047399999,259592999.44699,58903,2227.685,116749703.58794,0
1614047400000,52067.20,52374.03,51572.25,51640.65,5458.409,1614048299999,283431700.95278,62496,2544.697,132175441.26591,0
1614048300000,51640.65,51696.15,50903.57,51283.61,9058.316,1614049199999,464858682.09229,95806,4104.044,210675690.65065,0
1614049200000,51282.29,52545.82,51282.29,52276.28,8479.116,1614050099999,441196659.51829,92412,4443.000,231126709.81594,0
1614050100000,52278.89,52519.29,51820.00,51867.50,4086.241,1614050999999,213194553.93343,47313,1690.141,88232159.79418,0
1614051000000,51870.00,51997.28,51225.53,51575.00,5781.031,1614051899999,298119950.50406,73736,2920.385,150620064.89754,0
1614051900000,51583.72,52570.59,51550.00,51964.83,5130.332,1614052799999,267465123.26337,57734,2609.578,136069152.62778,0
1614052800000,51964.83,52300.00,51450.00,52106.57,4776.646,1614053699999,247603145.37429,59108,2431.055,126088175.07261,0
1614053700000,52107.13,52380.99,51495.99,51568.59,4330.662,1614054599999,224529195.75139,52556,1950.316,101138040.74606,0
1614054600000,51574.81,51790.00,50500.00,50817.71,9135.857,1614055499999,465976895.29498,100059,3952.861,201704341.68987,0
1614055500000,50815.77,50858.42,49622.41,50798.26,15118.260,1614056399999,761401411.45440,143907,7766.386,391266317.42612,0
1614056400000,50798.26,50798.65,49237.37,49369.60,15920.662,1614057299999,794880252.06431,161509,7280.817,363724412.78374,0
1614057300000,49370.00,50046.36,48659.01,49406.79,15232.183,1614058199999,751597221.65549,152826,7384.180,364595485.39098,0
1614058200000,49397.76,50351.97,48600.00,50014.54,11981.298,1614059099999,595972238.94634,121769,6267.163,311832671.32353,0
1614059100000,50014.54,50600.00,49915.85,49960.12,6410.774,1614059999999,322654348.53633,69534,3436.046,172988904.63016,0
1614060000000,49966.40,50925.87,49428.58,50910.99,9031.148,1614060899999,452816686.38316,98781,4934.790,247656216.01299,0
1614060900000,50908.68,51265.40,50574.09,50684.57,7399.485,1614061799999,377066097.11926,85638,3465.424,176617810.33654,0
1614061800000,50684.57,50930.17,49919.09,50115.45,5485.363,1614062699999,276443289.12562,63927,2621.588,132114295.43766,0
1614062700000,50115.45,50341.61,49527.08,49584.07,6212.792,1614063599999,309972697.27291,69751,3009.152,150191543.06706,0
1614063600000,49584.06,50440.00,49385.39,49785.94,7589.429,1614064499999,379171960.57701,78791,3837.512,191754675.60710,0
1614064500000,49785.94,50132.68,49491.73,49983.33,5578.696,1614065399999,277885349.18769,66234,2738.419,136420148.86830,0
1614065400000,49983.33,50530.00,49734.18,50462.03,5435.605,1614066299999,272943810.88321,59064,2856.664,143498544.32319,0
1614066300000,50462.04,50587.99,49613.12,49680.00,4238.908,1614067199999,212040761.67527,54125,1870.825,93595646.01490,0
1614067200000,49680.00,50061.62,48325.78,48470.57,15762.296,1614068099999,772039396.33951,158127,7224.474,354004405.81759,0
1614068100000,48471.29,48807.82,47523.32,47600.00,17518.577,1614068999999,843758655.92059,174113,8098.337,390385154.02723,0
1614069000000,47600.00,48898.32,47500.00,47996.58,13619.408,1614069899999,658410934.42943,144583,6905.990,333911423.59969,0
1614069900000,48000.80,48476.67,46550.00,46585.52,18308.417,1614070799999,869583371.26585,182853,7997.530,380344371.05558,0
1614070800000,46585.53,47549.38,44893.82,47037.94,33553.903,1614071699999,1557115248.65893,286828,15915.686,740056533.62579,0
1614071700000,47037.94,48550.00,46712.92,48417.77,19339.192,1614072599999,924179356.96234,211383,10118.525,483700182.81084,0
1614072600000,48417.77,48733.08,47625.65,48020.00,12053.378,1614073499999,580565567.63504,120964,5827.077,280758220.75731,0
1614073500000,48016.30,48281.44,47611.00,48101.00,6295.262,1614074399999,301998474.93189,66611,3218.007,154413341.91030,0
1614074400000,48102.00,48996.00,47945.96,48514.69,8200.931,1614075299999,398703255.06731,90446,4181.428,203293414.16917,0
1614075300000,48516.00,48609.54,47843.52,47941.66,6978.294,1614076199999,336061621.75983,72607,3199.944,154151169.91077,0
1614076200000,47941.67,47960.47,46606.80,47250.22,13285.338,1614077099999,626973764.22035,135084,6387.647,301357930.10357,0
1614077100000,47244.01,47588.00,46750.00,47563.31,8400.800,1614077999999,396204989.44108,92915,4466.461,210714525.64778,0
1614078000000,47563.32,48321.71,47357.07,47962.80,7485.360,1614078899999,359249935.05362,82737,3921.066,188206609.68121,0
1614078900000,47962.80,48011.70,46232.03,46868.24,11860.960,1614079799999,556526386.13510,128558,5436.262,255039504.88255,0
1614079800000,46867.15,47019.97,45021.68,45262.44,18551.084,1614080699999,850775987.28033,169133,8493.883,389707446.50096,0
1614080700000,45259.34,46559.72,44897.83,46377.07,17152.044,1614081599999,785177343.24619,168256,8582.964,393188866.78868,0
1614081600000,46386.41,46831.96,46073.00,46607.71,12968.883,1614082499999,603017209.38128,124448,6398.511,297589097.36171,0
1614082500000,46607.72,47668.02,46465.00,46475.85,11516.772,1614083399999,543048088.95590,112940,5976.215,281999427.11742,0
1614083400000,46475.85,48783.83,45800.00,47736.45,19628.448,1614084299999,926969002.03522,191078,10344.587,488867057.26108,0
1614084300000,47738.74,49485.05,47733.39,48705.78,17673.968,1614085199999,862029843.51340,177295,8818.737,430131086.70456,0
1614085200000,48705.79,49350.00,48387.56,49300.64,8804.730,1614086099999,429864298.52855,99396,4490.158,219307656.92490,0
1614086100000,49296.05,49600.00,48510.22,48720.00,8733.018,1614086999999,427803479.14044,96175,4190.246,205360754.10113,0
1614087000000,48720.01,49059.04,48088.01,48169.71,6024.988,1614087899999,292604990.38066,66681,2748.071,133562754.02591,0
1614087900000,48170.38,49126.96,48170.38,48769.36,4917.485,1614088799999,239566719.89075,57882,2637.922,128505787.27026,0
1614088800000,48773.16,49192.00,48680.00,48938.75,3615.928,1614089699999,177005287.84366,43597,1965.808,96250631.61841,0
1614089700000,48933.95,48966.96,48455.00,48502.95,3456.534,1614090599999,168390202.02800,38809,1542.568,75161246.21824,0
1614090600000,48502.94,48727.15,46666.99,46706.90,12499.096,1614091499999,594610137.05915,123383,5493.435,261338627.53842,0
1614091500000,46700.00,47384.03,45897.80,46998.96,17240.594,1614092399999,803970984.45658,181429,8575.008,400051618.02894,0
1614092400000,46998.96,48561.00,46696.00,47946.26,15415.543,1614093299999,737136739.67425,167301,7864.799,376107577.87382,0
1614093300000,47944.47,48858.00,47628.54,48638.79,7938.832,1614094199999,383871266.52922,95641,3970.487,192038935.59487,0
1614094200000,48638.80,49117.21,48100.00,48970.86,6564.143,1614095099999,319435158.41592,80777,3537.783,172252730.25072,0
1614095100000,48972.07,49399.98,48300.50,48634.40,6847.139,1614095999999,334758805.73111,82901,3206.749,156877144.50523,0
1614096000000,48632.45,49295.17,48300.00,48575.10,6858.631,1614096899999,334377251.46216,84126,3430.700,167329912.95184,0
1614096900000,48572.99,48768.81,47614.58,48209.69,7845.898,1614097799999,376593370.66059,91944,3965.054,190312559.83634,0
1614097800000,48213.11,48493.50,47314.66,47446.07,6980.844,1614098699999,334317028.06912,75086,3388.587,162361886.10790,0
1614098700000,47447.49,47986.51,47245.23,47387.70,5387.447,1614099599999,256160983.85115,65051,2678.295,127394624.06412,0
1614099600000,47387.71,47889.05,46896.71,46982.69,5575.754,1614100499999,263913493.80003,65358,2720.503,128830147.03808,0
1614100500000,46982.69,47944.34,46900.00,47861.01,4656.660,1614101399999,221412450.54835,55039,2488.369,118348282.21438,0
1614101400000,47861.00,48210.87,47243.78,47341.95,4521.103,1614102299999,216141465.18480,51444,2166.845,103655978.90176,0
1614102300000,47323.84,47546.50,47000.00,47183.78,4381.175,1614103199999,207066985.11577,49287,2193.969,103709752.50132,0
1614103200000,47178.40,47552.45,46528.13,46537.08,6097.607,1614104099999,286684062.02938,64399,2798.257,131604118.12118,0
1614104100000,46537.29,47489.85,46506.07,47351.04,5555.080,1614104999999,260803207.15306,61257,3064.171,143885878.24246,0
1614105000000,47351.04,47806.22,47266.00,47551.59,4056.648,1614105899999,192845851.01039,42715,1903.496,90504557.77754,0
1614105900000,47551.59,47773.91,46780.00,46905.26,4024.275,1614106799999,190253837.47546,47048,1927.040,91135229.86275,0
1614106800000,46902.81,47299.98,46717.61,47094.56,3524.746,1614107699999,165623261.65976,40381,2032.762,95542833.27231,0
1614107700000,47094.56,47094.56,46511.35,46929.61,3902.136,1614108599999,182535049.63434,44455,1940.068,90776518.09901,0
1614108600000,46926.02,46926.02,45500.00,45698.09,8795.073,1614109499999,405827344.68306,95580,3572.506,164944341.80057,0
1614109500000,45694.49,46264.42,45517.72,45550.52,6223.341,1614110399999,285570209.46746,73157,3218.853,147759039.15019,0
1614110400000,45550.55,46626.41,45285.00,45900.00,8546.531,1614111299999,392854036.20281,86979,4122.220,189654683.29272,0
1614111300000,45901.65,46958.62,45730.00,46893.00,5850.468,1614112199999,271732964.96674,66855,3151.063,146402884.00350,0
1614112200000,46890.09,47517.06,46786.06,47300.01,5398.474,1614113099999,254899257.76092,65187,2749.642,129845516.37708,0
1614113100000,47300.00,47869.84,47170.00,47869.84,3424.056,1614113999999,162767397.16417,42842,1790.166,85135882.83873,0
1614114000000,47864.63,48475.26,47456.18,47978.17,7786.150,1614114899999,373920856.51595,86844,3962.798,190342730.35448,0
1614114900000,47978.17,48356.00,47869.31,48080.50,4132.248,1614115799999,198766168.60294,48895,2255.084,108507289.16059,0
1614115800000,48080.51,48498.48,47734.63,48449.51,3247.501,1614116699999,156426128.41916,41049,1703.538,82103274.72390,0
1614116700000,48449.50,48466.00,47805.97,47967.29,3522.039,1614117599999,169504603.14921,38346,1760.330,84738044.52427,0
1614117600000,47967.30,48404.08,47800.00,48367.52,2430.086,1614118499999,116906930.11424,29910,1335.255,64274658.49311,0
1614118500000,48368.07,48750.00,48090.00,48211.33,2846.522,1614119399999,137972879.96763,38902,1605.360,77812592.36040,0
1614119400000,48211.33,48293.56,47923.61,48142.98,2408.252,1614120299999,115810581.75252,28776,1180.266,56770451.94476,0
1614120300000,48142.98,48748.88,48142.98,48633.66,3069.047,1614121199999,148850710.39472,35269,1666.550,80810069.06763,0
1614121200000,48633.66,48849.91,48409.88,48777.30,2738.733,1614122099999,133283597.14784,34351,1339.923,65223827.08742,0
1614122100000,48777.31,48900.00,48166.50,48424.75,3578.239,1614122999999,173529474.69206,37789,1718.440,83377996.74883,0
1614123000000,48424.75,48563.51,48216.00,48262.63,2283.789,1614123899999,110573438.60033,26729,1240.871,60091680.77319,0
1614123900000,48266.31,48964.00,48243.34,48930.00,2621.131,1614124799999,127542251.03322,26860,1565.811,76194397.86505,0
1614124800000,48930.01,49151.11,48120.97,48135.51,5298.929,1614125699999,258079133.24603,55050,2431.747,118551247.46871,0
1614125700000,48135.51,48138.98,47000.00,47250.50,10321.143,1614126599999,490091824.47876,100393,5061.422,240330116.68848,0
1614126600000,47243.58,47864.68,47228.58,47741.63,4495.637,1614127499999,214146361.21867,47336,2287.141,108928371.22673,0
1614127500000,47746.06,48540.33,47721.65,48490.08,3577.362,1614128399999,172029278.52019,39448,2056.064,98873006.20252,0
1614128400000,48482.24,49000.00,48456.50,48758.77,4897.154,1614129299999,238639744.03922,50546,2467.960,120270751.75036,0
1614129300000,48758.76,49394.76,48758.17,49198.23,4574.535,1614130199999,224722215.79399,50727,2563.313,125926679.36341,0
1614130200000,49198.23,49943.33,48763.28,49749.99,6323.855,1614131099999,312140147.34441,67304,3601.726,177853301.91291,0
1614131100000,49744.97,50250.00,49523.54,50218.08,5263.815,1614131999999,262577275.64158,57652,2867.671,143141104.52627,0
1614132000000,50218.08,50597.59,49840.43,50298.69,6550.883,1614132899999,329301702.44951,67993,3103.605,156102869.09208,0
1614132900000,50298.68,50355.50,49816.00,50020.18,3405.075,1614133799999,170297465.41733,40324,1621.572,81120188.93404,0
1614133800000,50021.73,50475.56,50008.73,50063.80,2775.420,1614134699999,139411213.77289,35752,1359.818,68311467.48693,0
1614134700000,50060.81,50420.00,50060.81,50181.04,2472.814,1614135599999,124350627.76659,28886,1237.966,62254321.59917,0
1614135600000,50181.04,50529.74,50064.27,50380.34,3125.567,1614136499999,157420729.53720,34041,1585.717,79864216.50288,0
1614136500000,50380.34,50500.00,50185.00,50282.57,2643.296,1614137399999,132981911.13923,30042,1077.368,54211237.75554,0
1614137400000,50282.57,50570.84,50247.05,50430.00,2261.857,1614138299999,114048566.31674,24212,1148.816,57931827.07024,0
1614138300000,50430.01,50971.98,50285.21,50897.64,4325.119,1614139199999,219491777.55123,42757,2500.509,126918110.13475,0
1614139200000,50891.77,51320.00,50864.29,51268.63,4845.803,1614140099999,247673149.59770,48402,2595.554,132663041.54670,0
1614140100000,51268.63,51380.00,50677.22,50717.11,5835.237,1614140999999,297695824.31230,51786,2328.035,118778991.76126,0
1614141000000,50720.02,50916.86,50389.22,50416.51,4114.087,1614141899999,208510728.58758,38583,1884.689,95555972.54014,0
1614141900000,50416.51,50998.86,50416.50,50673.15,3319.321,1614142799999,168458573.94336,32482,1725.692,87569852.90428,0
1614142800000,50671.55,51100.00,50663.39,50668.37,2115.355,1614143699999,107636482.25795,27581,1071.288,54523331.87187,0
1614143700000,50668.36,50668.37,50040.42,50445.86,4550.066,1614144599999,228908623.99661,49876,2041.941,102742206.55854,0
1614144600000,50445.86,50615.00,50238.86,50464.66,2391.185,1614145499999,120588306.51608,27117,1139.030,57449679.09056,0
1614145500000,50464.66,50597.56,50251.26,50302.29,1728.742,1614146399999,87191948.51591,20545,658.006,33190749.21514,0
1614146400000,50302.28,50777.44,49650.00,49787.52,5399.139,1614147299999,271297165.13427,55008,2479.666,124693245.40077,0
1614147300000,49787.71,50212.86,49519.33,49742.82,5270.659,1614148199999,262728287.23717,60484,2587.260,128991998.07570,0
1614148200000,49738.93,50150.00,49650.00,50133.04,3219.287,1614149099999,160611728.34175,35470,1684.362,84046188.11031,0
1614149100000,50131.43,50494.95,50000.00,50179.24,2876.874,1614149999999,144421693.99147,34375,1448.551,72738001.49122,0
1614150000000,50173.87,50250.00,49600.01,49629.12,2557.940,1614150899999,127714047.31394,31429,1059.961,52930871.81723,0
1614150900000,49616.79,50118.78,49603.08,49778.16,2470.822,1614151799999,123237513.98029,32456,1256.746,62678390.14701,0
1614151800000,49778.16,50331.00,49778.15,50160.60,2663.766,1614152699999,133493749.22043,30360,1458.791,73116984.52772,0
1614152700000,50160.56,50428.78,50048.48,50145.53,2506.540,1614153599999,125930426.31102,29935,1376.881,69178527.90933,0
1614153600000,50148.93,50581.85,49856.80,50548.00,3748.728,1614154499999,188566273.44776,43040,2028.717,102077663.54465,0
1614154500000,50546.68,50950.42,50543.97,50687.77,3419.105,1614155399999,173476296.80830,42242,1776.287,90148513.20709,0
1614155400000,50685.27,50916.83,50412.50,50465.72,2699.864,1614156299999,136818681.61134,31683,1377.426,69809213.13934,0
1614156300000,50472.99,50784.00,50334.87,50680.00,2140.842,1614157199999,108287117.13238,27153,1063.751,53825152.27376,0
1614157200000,50680.00,50689.95,50363.57,50613.99,2274.507,1614158099999,114945780.15209,27100,1022.618,51682578.80094,0
1614158100000,50611.47,51008.94,50594.41,50763.71,3939.516,1614158999999,200309933.34762,37480,2389.764,121536376.82186,0
1614159000000,50775.86,51435.58,50767.00,51267.09,4628.604,1614159899999,236478401.07487,51838,2603.734,132994637.42562,0
1614159900000,51267.10,51336.32,50856.56,50904.77,2913.545,1614160799999,148575575.01989,33835,1373.487,70044703.17617,0
1614160800000,50904.77,51062.65,50600.77,50667.52,3442.872,1614161699999,175085711.73756,35022,1704.510,86723064.46140,0
1614161700000,50667.52,50688.96,50167.50,50457.12,4072.593,1614162599999,205529489.41921,45173,1801.285,90939479.45663,0
1614162600000,50457.12,50650.00,50280.00,50587.56,2479.354,1614163499999,125137232.86780,29387,1208.225,61003081.78923,0
1614163500000,50587.54,50640.00,50077.00,50120.68,2902.549,1614164399999,146142018.38168,29652,1197.483,60319022.64304,0
1614164400000,50120.69,50639.05,50112.47,50428.02,2505.107,1614165299999,126375823.33895,30728,1390.650,70149446.81902,0
1614165300000,50428.03,50946.50,50269.73,50757.37,3005.228,1614166199999,152192393.44043,36200,1650.958,83637123.93610,0
1614166200000,50757.37,50883.44,50373.38,50420.00,2158.350,1614167099999,109254669.01110,26103,875.814,44363871.40722,0
1614167100000,50419.99,50520.45,50220.00,50405.16,2039.531,1614167999999,102732490.23258,25502,955.579,48141406.85648,0
1614168000000,50397.89,50871.37,50337.45,50865.00,3445.041,1614168899999,174323957.72842,39319,1779.693,90063015.39970,0
1614168900000,50865.00,51238.58,50739.01,51169.72,4298.692,1614169799999,219192933.61227,49545,2318.838,118255848.88187,0
1614169800000,51171.61,51350.00,50905.67,50939.66,3836.662,1614170699999,196217579.20294,43442,1868.371,95597893.47016,0
1614170700000,50941.52,51093.24,50662.69,50797.73,2862.619,1614171599999,145682775.41827,29925,1277.378,65023101.93269,0
1614171600000,50797.72,51126.28,50358.36,50462.68,6149.101,1614172499999,311704649.26095,59378,2631.313,133474793.76280,0
1614172500000,50466.79,50472.97,49500.00,49639.93,8932.845,1614173399999,445259360.08454,96156,3984.932,198622810.38897,0
1614173400000,49634.01,49827.17,49111.00,49492.92,8360.661,1614174299999,412978817.41890,88897,3735.550,184603510.83631,0
1614174300000,49498.89,49900.00,49324.50,49521.69,4765.290,1614175199999,236464149.82658,50382,2434.628,120852444.80371,0
1614175200000,49524.65,49800.00,49205.00,49479.38,3747.890,1614176099999,185517319.85023,44467,1756.410,86978083.14988,0
1614176100000,49478.61,49680.00,49350.00,49503.36,2761.075,1614176999999,136715494.82178,32626,1314.731,65108106.05747,0
1614177000000,49503.07,49707.61,48800.00,48827.17,5237.074,1614177899999,257736113.83734,59113,2077.605,102311974.99268,0
1614177900000,48827.16,49487.40,48809.00,49451.78,5078.118,1614178799999,249716450.18439,57679,2740.354,134762921.82869,0
1614178800000,49457.48,49672.97,48885.50,48965.00,4260.313,1614179699999,210066425.07431,48428,2022.461,99736205.14852,0
1614179700000,48959.56,49240.38,48501.00,49193.27,6376.250,1614180599999,311491619.00929,74090,3136.016,153273089.73169,0
1614180600000,49193.27,49630.00,49026.00,49266.95,4254.646,1614181499999,210058559.49813,47167,2152.834,106319058.17237,0
1614181500000,49262.53,49895.00,49260.01,49863.34,4103.349,1614182399999,203827260.38599,46669,2455.066,121970769.73522,0
1614182400000,49863.34,50200.00,49687.68,49788.91,4939.579,1614183299999,246641009.47599,53520,2603.302,130034871.67960,0
1614183300000,49785.84,49884.49,49443.01,49538.06,2505.989,1614184199999,124368748.21532,33015,1116.625,55428109.83009,0
1614184200000,49538.06,49888.00,49504.75,49635.13,1972.503,1614185099999,98034736.08114,25122,1085.146,53939193.85944,0
1614185100000,49634.35,49835.97,49333.00,49360.01,2148.158,1614185999999,106479394.29841,27396,973.995,48302111.27337,0
1614186000000,49360.01,50000.00,49360.00,49784.97,2634.275,1614186899999,131039609.74183,31874,1401.216,69693266.66586,0
1614186900000,49784.99,49970.00,49716.99,49756.90,1519.447,1614187799999,75748860.98563,19929,762.561,38021439.14925,0
1614187800000,49756.91,49929.52,49627.75,49888.10,1712.820,1614188699999,85249051.47361,21521,948.668,47223881.26980,0
1614188700000,49888.10,50133.36,49766.62,50103.00,1722.584,1614189599999,86002630.41025,21454,903.784,45137900.62308,0
1614189600000,50101.54,50116.95,49617.46,49673.72,2421.660,1614190499999,120694046.55631,28141,1144.568,57042540.65422,0
1614190500000,49673.72,49829.00,49535.33,49672.94,1843.187,1614191399999,91516186.69009,22237,965.334,47933425.42748,0
1614191400000,49672.93,50009.62,49642.40,49887.85,1631.658,1614192299999,81402086.33672,20664,747.993,37316048.79034,0
1614192300000,49887.85,49887.86,49590.00,49619.98,1528.931,1614193199999,76040622.51087,18970,674.481,33542112.50945,0
1614193200000,49619.98,49731.93,49360.00,49390.40,2352.101,1614194099999,116491563.40787,27700,1163.838,57658424.28276,0
1614194100000,49395.37,49607.19,49383.23,49445.11,1397.696,1614194999999,69153667.51295,19207,723.405,35796093.52011,0
1614195000000,49442.85,49450.99,48844.00,49011.45,3401.087,1614195899999,166955280.77266,38403,1539.224,75550432.41523,0
1614195900000,49011.45,49247.15,48885.15,49021.21,1839.116,1614196799999,90201514.56554,23774,918.649,45070139.74177,0
1614196800000,49021.22,49306.58,48870.25,49193.23,2118.526,1614197699999,104064245.47663,26647,1114.146,54757865.97438,0
1614197700000,49192.32,49192.33,48758.12,48920.00,1982.522,1614198599999,96977158.89027,26449,858.000,41978524.55218,0
1614198600000,48919.99,49061.83,48624.82,48670.67,3118.905,1614199499999,152197202.53563,34995,1529.787,74668745.13325,0
1614199500000,48670.67,49240.00,48667.45,49136.00,1990.812,1614200399999,97485256.97917,26180,1130.204,55355422.46856,0
1614200400000,49134.25,49194.40,48525.00,48537.43,2685.330,1614201299999,131029006.05411,31023,1237.010,60400959.33957,0
1614201300000,48537.43,48645.75,48176.18,48205.07,4312.408,1614202199999,208529003.15285,47944,1981.918,95849895.81890,0
1614202200000,48205.06,48576.12,48167.00,48481.75,2300.318,1614203099999,111291945.80045,26457,1154.567,55861875.21188,0
1614203100000,48481.75,48953.54,48117.28,48746.13,3635.787,1614203999999,176223180.48647,38195,1661.992,80592943.28155,0
1614204000000,48743.11,48744.28,48015.90,48163.27,3374.841,1614204899999,163056461.86732,40126,1553.572,75064195.34487,0
1614204900000,48163.27,48708.98,48159.51,48704.61,1957.453,1614205799999,94816148.32049,24978,1163.759,56373982.04783,0
1614205800000,48705.49,48980.00,48564.69,48572.92,2385.055,1614206699999,116303266.91605,34114,1159.865,56569380.85209,0
1614206700000,48576.00,48926.89,48488.24,48827.38,1995.825,1614207599999,97304840.52029,25797,1142.477,55710965.86593,0
1614207600000,48827.38,49540.70,48746.89,49382.64,3743.147,1614208499999,184442825.44886,44751,2127.266,104797152.54830,0
1614208500000,49382.64,49462.59,49106.33,49320.71,2487.530,1614209399999,122637258.37035,29129,1203.891,59360843.67276,0
1614209400000,49320.71,49773.92,49320.71,49580.06,2665.300,1614210299999,132058992.68539,33704,1419.479,70334344.03896,0
1614210300000,49579.29,49780.00,49496.03,49702.03,2073.464,1614211199999,102930350.31633,27222,1028.276,51054805.58731,0
1614211200000,49702.05,50000.00,49582.45,49590.90,3140.758,1614212099999,156458426.64082,36953,1566.522,78056615.80018,0
1614212100000,49590.90,50412.70,49550.45,50352.07,4022.846,1614212999999,201483526.35567,45022,2282.984,114353932.81060,0
1614213000000,50348.14,50909.31,50343.94,50792.60,4190.741,1614213899999,211864108.71946,48049,2167.647,109604850.30684,0
1614213900000,50792.61,50885.74,50445.06,50544.29,2626.597,1614214799999,132901160.41129,31379,1220.098,61748628.35152,0
1614214800000,50544.29,50932.10,50450.68,50882.30,2373.823,1614215699999,120351056.32000,27627,1344.117,68159583.63233,0
1614215700000,50882.30,50901.33,50584.55,50871.21,1686.579,1614216599999,85532673.17995,22554,763.956,38745054.28784,0
1614216600000,50871.21,50871.22,50568.66,50771.04,1720.449,1614217499999,87273400.34148,19506,710.703,36048943.22975,0
1614217500000,50771.03,50828.57,50400.65,50555.13,2413.898,1614218399999,122077976.52533,24724,1096.458,55455256.07963,0
1614218400000,50555.13,50870.00,50463.12,50783.49,2654.614,1614219299999,134751539.29801,27484,1352.500,68658738.33332,0
1614219300000,50785.15,50870.00,50500.40,50528.79,1748.098,1614220199999,88567900.26029,20175,720.061,36490484.47407,0
1614220200000,50528.78,50849.69,50509.00,50837.66,1458.813,1614221099999,73929386.99747,17763,793.962,40233168.53648,0
1614221100000,50837.67,50848.54,50574.00,50686.10,1282.010,1614221999999,64975149.15701,17058,538.037,27268010.12570,0
1614222000000,50686.11,50700.63,50502.01,50558.20,1449.148,1614222899999,73279993.72692,18185,677.379,34256594.40885,0
1614222900000,50558.20,50558.20,50114.00,50178.17,3361.764,1614223799999,169127042.56467,34672,1294.353,65112985.80611,0
1614223800000,50178.53,50423.15,50177.85,50380.65,1230.540,1614224699999,61930601.73764,16353,666.763,33556839.93202,0
1614224700000,50380.66,50508.91,50184.17,50251.01,1772.236,1614225599999,89282164.52091,18806,989.338,49852953.40287,0
1614225600000,50251.01,50300.00,49870.00,50111.00,3136.225,1614226499999,156920864.54631,36074,1347.467,67433321.31776,0
1614226500000,50111.00,50410.00,50052.61,50324.87,2243.430,1614227399999,112783426.49982,23300,1159.619,58289277.56852,0
1614227400000,50325.30,50345.96,49904.95,50024.37,2296.887,1614228299999,115081465.09546,27732,1148.194,57516238.24366,0
1614228300000,50021.23,50140.53,49610.28,49679.96,3330.355,1614229199999,165983893.97267,34886,1409.007,70230417.06905,0
1614229200000,49679.96,49890.43,49563.48,49800.01,3079.285,1614230099999,153181379.05475,35461,1637.306,81469604.76158,0
1614230100000,49800.01,49955.00,49650.00,49742.30,1796.018,1614230999999,89465391.03077,22547,887.317,44210340.60849,0
1614231000000,49742.29,50287.96,49600.00,50029.94,3649.440,1614231899999,182694754.91094,37625,2033.756,101828865.22070,0
1614231900000,50029.94,50500.00,49900.75,50411.10,3344.665,1614232799999,167917078.77262,30486,1930.512,96958864.65592,0
1614232800000,50411.09,50623.00,50269.48,50450.00,2853.381,1614233699999,143916706.99252,28083,1691.814,85358641.64106,0
1614233700000,50450.00,50547.05,50257.90,50318.93,1538.423,1614234599999,77551839.64077,20952,740.786,37355249.93012,0
1614234600000,50318.92,50517.71,50288.00,50468.88,1686.668,1614235499999,85025541.81268,19950,935.681,47173678.67214,0
1614235500000,50476.74,50590.00,50388.61,50479.93,1813.810,1614236399999,91578632.78601,19632,1071.577,54110128.49123,0
1614236400000,50480.01,50515.00,50131.60,50369.42,2159.240,1614237299999,108660533.35462,22436,892.927,44943218.65218,0
1614237300000,50369.42,50570.00,50369.41,50500.81,3100.580,1614238199999,156604526.34317,27014,1829.474,92410246.56429,0
1614238200000,50500.81,50544.99,50350.00,50479.99,1573.377,1614239099999,79381419.10288,16480,840.892,42430106.79154,0
1614239100000,50479.99,50534.36,50406.00,50406.00,1341.017,1614239999999,67681097.04868,14608,670.831,33859378.02619,0
1614240000000,50414.54,50545.85,50131.88,50192.96,2572.048,1614240899999,129460073.49050,28117,1190.283,59929149.44718,0
1614240900000,50189.48,50265.94,49860.48,50105.24,3429.348,1614241799999,171634252.12680,36932,1620.342,81103679.98172,0
1614241800000,50105.24,50123.00,49934.06,50059.04,2463.803,1614242699999,123315820.47344,22570,1404.059,70285737.15326,0
1614242700000,50059.05,50066.40,49560.48,49733.95,3368.684,1614243599999,167816418.50242,34446,1252.264,62384923.07233,0
1614243600000,49741.99,49869.83,49200.00,49293.95,6058.719,1614244499999,299754028.72696,62313,2636.333,130465444.46784,0
1614244500000,49291.25,49443.48,48805.30,48971.48,6587.602,1614245399999,323306961.38271,71267,3181.242,156170089.08509,0
1614245400000,48971.48,49219.00,48578.67,48788.66,6061.487,1614246299999,296737022.65539,57672,3037.345,148777719.95257,0
1614246300000,48790.78,49200.00,48718.98,49008.90,3569.206,1614247199999,175117502.57484,37927,1821.261,89360040.27122,0
1614247200000,49008.89,49330.00,49002.01,49267.54,2869.148,1614248099999,141223145.87597,27650,1547.692,76189557.43402,0
1614248100000,49267.54,49372.00,48830.63,49112.13,3037.065,1614248999999,149197777.67687,35821,1362.417,66963187.52741,0
1614249000000,49110.83,49285.00,49063.50,49245.59,1565.697,1614249899999,76997420.39909,20999,797.711,39232336.31739,0
1614249900000,49244.20,49745.00,49243.33,49579.99,4447.904,1614250799999,220462154.04496,47565,2627.723,130236885.72250,0
1614250800000,49579.99,49916.90,49579.99,49781.00,3521.898,1614251699999,175333150.98877,38569,1863.550,92771746.62030,0
1614251700000,49781.00,49980.00,49606.00,49626.79,2425.681,1614252599999,120879751.97949,32466,1108.116,55248433.96236,0
1614252600000,49629.26,49990.00,49629.26,49787.90,2143.429,1614253499999,106812364.05545,24571,1040.946,51873808.00052,0
1614253500000,49787.90,50470.00,49787.89,50333.93,4402.103,1614254399999,220906544.21354,50629,2434.299,122143946.58917,0
1614254400000,50333.93,50793.71,50267.00,50325.00,5521.811,1614255299999,278990850.39363,64632,2701.333,136504172.86683,0
1614255300000,50325.00,50443.54,50126.00,50406.80,3037.046,1614256199999,152694506.41330,34056,1552.797,78076158.75121,0
1614256200000,50403.52,50600.00,50300.00,50557.82,2136.199,1614257099999,107771503.45475,27548,1098.882,55450640.68977,0
1614257100000,50552.03,51598.58,50480.00,51557.64,8540.544,1614257999999,436652019.86616,93196,4980.431,254613191.45582,0
1614258000000,51557.64,52134.96,51555.15,51809.98,10130.024,1614258899999,524955161.50654,109748,5633.089,291941482.06430,0
1614258900000,51811.03,51850.00,51407.20,51480.00,5552.578,1614259799999,286318998.67547,63506,2575.959,132824211.93508,0
1614259800000,51480.50,51712.96,51097.09,51526.50,6163.573,1614260699999,316861839.92968,61317,3113.253,160115750.30622,0
1614260700000,51526.49,51544.01,51220.72,51420.10,3078.640,1614261599999,158093422.89922,34977,1456.079,74778372.45024,0
1614261600000,51420.10,51576.88,51215.25,51493.90,3544.938,1614262499999,182259092.39941,38551,1789.905,92044661.71654,0
1614262500000,51493.91,51535.00,50864.00,50914.75,3966.338,1614263399999,202849573.26746,48213,1571.914,80387787.16970,0
1614263400000,50914.76,51347.73,50645.75,50769.08,4816.008,1614264299999,245657461.02769,51926,2314.984,118171732.58916,0
1614264300000,50770.70,51044.88,50697.00,50872.11,3185.917,1614265199999,162070589.59906,36384,1682.226,85581201.06968,0
1614265200000,50872.11,51225.00,50777.00,51072.01,2717.110,1614266099999,138750565.03556,32486,1538.319,78568822.37320,0
1614266100000,51072.01,51405.59,50950.38,50969.24,3387.563,1614266999999,173440158.42964,36542,1638.987,83936874.84567,0
1614267000000,50969.24,51127.10,50711.00,50910.00,3846.419,1614267899999,195864514.30458,40113,2006.733,102182428.45233,0
1614267900000,50910.96,51040.00,50531.00,50874.99,4236.010,1614268799999,214867025.31264,47042,1919.802,97402403.18754,0
1614268800000,50875.00,51110.99,50606.66,51104.15,3379.063,1614269699999,171895649.72775,39348,1770.531,90111230.14276,0
1614269700000,51106.40,51411.00,50960.00,51115.71,3623.966,1614270599999,185615322.25329,39101,1935.545,99160516.45976,0
1614270600000,51113.61,51281.79,50935.40,51026.79,2038.387,1614271499999,104157777.19908,24148,1021.117,52190169.52646,0
1614271500000,51026.78,51100.00,50630.91,50671.33,4031.699,1614272399999,204792342.52341,41095,2009.584,102079471.45726,0
1614272400000,50671.33,50743.98,49850.00,50141.07,8342.448,1614273299999,419785860.13677,81055,3728.104,187730434.29675,0
1614273300000,50136.79,50354.77,49700.00,49755.23,5630.965,1614274199999,281867395.36578,62319,2565.445,128516199.70161,0
1614274200000,49751.67,50027.66,49586.51,49686.90,4440.803,1614275099999,221134096.80192,52856,2225.067,110818996.46178,0
1614275100000,49683.95,49961.05,49354.98,49595.01,4316.235,1614275999999,214149590.88854,52031,1952.873,96920947.69029,0
1614276000000,49598.62,49999.60,49463.99,49832.93,4192.335,1614276899999,208691955.33606,45115,2281.774,113593016.81223,0
1614276900000,49832.93,50110.00,49664.53,49771.74,3759.819,1614277799999,187536739.34743,35072,1835.987,91627287.38356,0
1614277800000,49771.80,49950.00,49496.03,49723.04,3073.330,1614278699999,152774026.24271,31112,1411.456,70194662.77499,0
1614278700000,49723.05,49824.24,49251.28,49587.50,4448.196,1614279599999,220276368.10551,47888,1924.881,95337714.31406,0
1614279600000,49579.09,50042.72,49283.42,49528.80,4417.167,1614280499999,219561951.40270,48281,2235.154,111113165.53725,0
1614280500000,49524.61,49906.59,49352.01,49556.26,3098.560,1614281399999,153767480.38134,36751,1512.139,75040562.46539,0
1614281400000,49559.27,49796.45,49471.48,49705.19,1528.428,1614282299999,75897966.29463,21522,736.495,36574747.08143,0
1614282300000,49698.12,49836.10,49450.00,49470.26,1790.508,1614283199999,88852808.14377,21708,848.815,42134031.66078,0
1614283200000,49466.25,49469.62,48871.28,48910.42,5445.526,1614284099999,267580169.69436,64402,2161.496,106217671.10062,0
1614284100000,48910.43,49587.00,48802.00,49150.01,3734.281,1614284999999,183837577.30288,46509,1895.937,93334548.88428,0
1614285000000,49150.00,49350.48,48554.02,48855.00,6410.901,1614285899999,312641650.92244,75114,3106.744,151494947.00341,0
1614285900000,48852.29,49260.00,48726.65,49173.68,2667.493,1614286799999,130615640.15394,34696,1448.153,70931828.75610,0
1614286800000,49175.47,49314.91,48955.00,49082.75,2440.149,1614287699999,119867181.91574,28033,1159.102,56941829.82973,0
1614287700000,49082.75,49355.88,48578.19,48943.99,4203.308,1614288599999,205920767.99933,47454,1916.324,93911269.02637,0
1614288600000,48944.00,48944.00,48548.76,48680.93,3008.455,1614289499999,146513995.61275,37602,1474.787,71844797.88169,0
1614289500000,48681.58,48681.59,48070.00,48126.74,5354.191,1614290399999,258906479.73289,61080,2278.300,110188602.55048,0
1614290400000,48131.06,48361.68,47500.00,47917.38,7446.420,1614291299999,356637686.10405,90377,3316.255,158864129.96376,0
1614291300000,47919.75,48722.64,47625.54,48718.40,4965.113,1614292199999,239369200.78354,60818,2850.592,137500211.94843,0
1614292200000,48719.89,48888.00,48206.18,48368.45,4136.353,1614293099999,200860082.97081,52953,1846.496,89692093.24254,0
1614293100000,48368.45,48534.00,47814.50,48255.82,4672.310,1614293999999,225071471.21389,57660,2362.428,113816969.53277,0
1614294000000,48256.96,48256.96,47652.53,47974.89,4208.342,1614294899999,201628142.46541,59927,2136.217,102358890.33462,0
1614294900000,47983.60,48477.81,47831.43,48291.46,3526.952,1614295799999,170191624.01001,46773,1683.861,81257425.83526,0
1614295800000,48291.45,48391.83,47250.00,47359.48,5975.804,1614296699999,285230423.19339,69899,2556.186,122088836.17190,0
1614296700000,47360.00,47647.43,46685.43,47089.37,11175.254,1614297599999,526992046.26165,116078,5253.612,247885480.77833,0
1614297600000,47087.97,47576.25,46540.04,47512.37,9714.120,1614298499999,456600300.65281,102386,4943.973,232537476.07414,0
1614298500000,47511.63,47636.22,46727.41,46782.51,6897.488,1614299399999,324676036.00002,80123,3096.973,145786093.00804,0
1614299400000,46782.51,46800.00,46000.00,46192.93,10491.295,1614300299999,485945059.72635,122320,4503.056,208615877.92522,0
1614300300000,46192.93,46890.94,45975.05,46809.08,7364.119,1614301199999,341749293.58321,88221,3744.462,173862348.75467,0
1614301200000,46816.50,47200.00,46533.28,47000.00,7940.692,1614302099999,372389127.88159,87776,3895.104,182781605.66906,0
1614302100000,47000.00,47500.00,46755.00,47169.94,5308.584,1614302999999,250622455.80515,61592,2673.061,126216478.66880,0
1614303000000,47172.65,47405.48,46705.26,47112.16,4146.891,1614303899999,195061904.88305,48155,1974.674,92909766.00193,0
1614303900000,47112.18,47112.18,46286.58,46534.75,6411.999,1614304799999,298565948.05456,71962,3129.972,145724852.97281,0
1614304800000,46534.76,46975.00,46162.38,46877.30,4952.650,1614305699999,230855889.52191,64404,2688.268,125324243.66896,0
1614305700000,46879.06,47455.23,46864.19,47312.65,4543.574,1614306599999,214198130.68394,52142,2536.743,119620628.27338,0
1614306600000,47319.11,47830.00,46838.05,47780.01,5309.612,1614307499999,251175641.54228,58579,3021.801,143016812.72112,0
1614307500000,47780.01,47794.68,47328.50,47365.12,3659.771,1614308399999,173973823.81866,40466,1849.789,87931053.79692,0
1614308400000,47361.24,47650.00,46728.67,46739.43,4606.601,1614309299999,217214484.04516,50108,1976.260,93269662.47897,0
1614309300000,46739.43,47400.00,46739.43,47393.12,2986.025,1614310199999,140580572.56246,36614,1636.298,77083341.11968,0
1614310200000,47391.70,47528.88,47000.66,47254.61,2825.360,1614311099999,133639986.39670,34306,1293.321,61165543.14994,0
1614311100000,47254.61,47523.40,47147.63,47346.45,2006.638,1614311999999,95122172.20740,24939,1064.687,50473229.91553,0
1614312000000,47346.45,47777.55,47346.44,47450.58,3160.850,1614312899999,150499125.32491,32893,1643.754,78283858.32490,0
1614312900000,47450.59,47800.00,47243.78,47494.75,3067.902,1614313799999,145846687.70536,31718,1498.862,71256652.47328,0
1614313800000,47487.89,47567.34,47035.43,47113.68,2852.318,1614314699999,134776253.27443,29628,1368.200,64678373.48144,0
1614314700000,47114.62,47176.40,46822.14,47050.00,2918.829,1614315599999,137187108.93428,31305,1354.656,63677739.71752,0
1614315600000,47049.99,47222.00,46536.00,46726.87,4084.320,1614316499999,191084163.87310,40970,1905.857,89214279.43592,0
1614316500000,46726.87,46978.60,46459.44,46670.22,3458.470,1614317399999,161622627.41177,36225,1782.708,83318130.77592,0
1614317400000,46674.39,46868.07,46225.50,46250.98,3534.539,1614318299999,164139483.77197,39269,1595.421,74092185.19145,0
1614318300000,46250.99,46428.48,45520.00,45561.21,8737.132,1614319199999,400610940.59084,87640,3608.709,165567625.36357,0
1614319200000,45547.87,46284.36,45534.55,46112.36,4972.691,1614320099999,228844257.15369,54347,2787.745,128275757.41983,0
1614320100000,46113.60,46500.00,45752.96,45840.35,4755.711,1614320999999,219428715.42588,48390,2302.903,106309963.21652,0
1614321000000,45854.75,46318.25,45794.82,46074.91,3419.311,1614321899999,157594644.07760,39183,1711.821,78907044.22818,0
1614321900000,46077.34,46490.93,45963.56,46122.00,2868.625,1614322799999,132646939.91893,35723,1446.513,66900868.78213,0
1614322800000,46122.01,46447.50,46050.20,46060.52,2601.342,1614323699999,120361207.96804,31062,1292.461,59823394.31419,0
1614323700000,46065.23,46112.66,44900.00,45407.99,12143.288,1614324599999,550860429.26720,118972,5143.435,233321175.87323,0
1614324600000,45407.44,45689.03,44237.67,44407.95,15516.760,1614325499999,694552490.55515,149366,6960.702,311783525.67408,0
1614325500000,44431.76,45000.00,44100.00,44970.77,10216.770,1614326399999,455475691.91457,105156,5373.776,239726785.79941,0
1614326400000,44996.68,45529.34,44944.00,45459.66,7632.142,1614327299999,345315248.09526,79676,4054.156,183457340.34553,0
1614327300000,45457.11,45919.07,45088.67,45672.62,6404.910,1614328199999,291505459.78481,68379,3206.846,146046354.92255,0
1614328200000,45672.62,45969.00,45530.81,45713.66,3967.936,1614329099999,181574068.72880,46820,2002.690,91658917.60275,0
1614329100000,45713.64,45971.80,45570.14,45738.05,3118.099,1614329999999,142634060.26845,37785,1599.137,73166508.65558,0
1614330000000,45738.06,46663.52,45330.00,46350.30,9189.627,1614330899999,423841746.30758,88522,5122.129,236437921.92444,0
1614330900000,46349.48,46433.88,45914.13,45930.73,4224.304,1614331799999,195108040.57635,42504,2005.453,92654152.42892,0
1614331800000,45930.73,46192.21,45770.22,46103.19,3670.589,1614332699999,168805694.10294,39266,2015.280,92695303.23394,0
1614332700000,46102.99,46646.51,45998.15,46416.61,4533.751,1614333599999,210452161.31294,45598,2534.365,117644598.95900,0
1614333600000,46416.11,46638.84,46172.00,46418.64,2944.129,1614334499999,136665702.93993,32567,1456.635,67642584.20529,0
1614334500000,46418.60,46850.66,46174.74,46636.61,4211.065,1614335399999,196074850.87535,45198,2175.947,101360903.83777,0
1614335400000,46636.60,46879.25,46517.51,46574.16,3291.734,1614336299999,153596200.39036,33112,1779.508,83056008.12763,0
1614336300000,46568.94,46714.64,46346.00,46704.49,2727.917,1614337199999,126887520.53047,30367,1337.986,62254375.65658,0
1614337200000,46704.49,46859.97,46394.74,46416.87,2563.574,1614338099999,119617419.66104,28948,1139.026,53175373.69541,0
1614338100000,46416.75,46500.00,45983.77,46212.09,4699.067,1614338999999,217195334.31378,46397,2141.316,98993640.66052,0
1614339000000,46211.99,46344.00,45661.72,45820.23,4240.532,1614339899999,195178879.65269,42186,1618.492,74510954.42411,0
1614339900000,45815.77,46488.48,45748.34,46433.79,4196.618,1614340799999,193644876.83522,43133,2417.261,111557245.70473,0
1614340800000,46433.79,46739.00,46316.19,46450.01,4287.542,1614341699999,199664453.47836,43829,2056.475,95782583.78864,0
1614341700000,46450.01,47152.00,46420.54,47086.70,5140.372,1614342599999,241124052.42078,52479,3128.170,146721699.17767,0
1614342600000,47086.71,47289.74,46825.00,47067.86,3412.180,1614343499999,160492246.26741,38275,1794.088,84414500.85745,0
1614343500000,47067.87,47067.87,46714.00,46828.37,2812.654,1614344399999,131837745.09627,29399,1177.069,55162299.44714,0
1614344400000,46832.22,47000.00,46300.00,46531.89,3946.391,1614345299999,183786828.74764,42840,1862.595,86759543.36032,0
1614345300000,46538.00,46694.88,46111.00,46192.72,3817.912,1614346199999,177102528.44849,38576,1768.309,82056857.86931,0
1614346200000,46195.11,46517.45,46105.18,46212.83,3657.134,1614347099999,169381759.85526,37283,1992.787,92317022.48319,0
1614347100000,46212.83,46649.88,45848.29,45980.70,4398.021,1614347999999,203632535.27098,46813,2116.432,98097364.99971,0
1614348000000,45983.02,46477.90,45860.78,46101.49,4823.257,1614348899999,222685218.15163,54562,2533.346,116973083.19020,0
1614348900000,46101.49,46890.68,45957.49,46821.89,5094.136,1614349799999,237066431.93743,51327,2703.103,125804883.04485,0
1614349800000,46825.30,47473.24,46823.09,47385.60,7109.459,1614350699999,335338131.82545,65128,3841.852,181230836.68716,0
1614350700000,47387.01,47440.95,46863.65,46902.48,4681.012,1614351599999,220470942.50805,41843,1804.628,85021002.77964,0
1614351600000,46904.78,46919.82,46381.38,46600.00,6739.310,1614352499999,314215338.26181,61330,3379.164,157578821.40306,0
1614352500000,46600.00,46808.77,46350.00,46350.38,4202.386,1614353399999,195823104.64286,42342,2057.107,95905066.40945,0
1614353400000,46358.52,47650.00,46350.00,47516.52,8516.845,1614354299999,401544925.95890,80392,4637.921,218549510.69331,0
1614354300000,47518.80,47888.88,47509.59,47620.54,6393.318,1614355199999,305002493.71033,61807,3163.323,150948399.17921,0
1614355200000,47620.54,48088.00,47463.85,47751.32,7054.614,1614356099999,337438854.37087,69494,3697.355,176884704.29594,0
1614356100000,47755.98,48250.00,47639.00,47878.07,5174.571,1614356999999,248095690.35977,53263,2853.281,136867555.74671,0
1614357000000,47880.32,48017.84,47736.68,47746.69,2764.001,1614357899999,132373927.80954,30541,1287.768,61691927.93305,0
1614357900000,47743.86,48216.46,47579.57,48145.24,4048.954,1614358799999,193917930.35679,40599,2032.463,97396643.16311,0
1614358800000,48145.25,48438.01,48026.00,48084.71,4891.470,1614359699999,236133156.13044,46864,2637.871,127351327.33222,0
1614359700000,48084.72,48104.17,47732.00,47851.35,2753.382,1614360599999,131964063.67591,29472,1298.374,62246637.36133,0
1614360600000,47851.34,48127.38,47628.43,47771.62,3037.735,1614361499999,145445893.06472,32288,1530.385,73309574.04577,0
1614361500000,47774.56,47820.00,47580.00,47691.33,2442.275,1614362399999,116475498.72857,25020,1029.081,49084081.83464,0
1614362400000,47691.32,47889.40,47688.94,47793.71,1574.222,1614363299999,75250509.34879,18243,803.309,38400176.80687,0
1614363300000,47793.72,47886.15,47400.08,47422.50,3109.631,1614364199999,147895259.78040,32780,1243.398,59150398.73010,0
1614364200000,47422.51,47827.08,47411.00,47774.18,2380.149,1614365099999,113328799.28353,24945,1194.840,56897762.29452,0
1614365100000,47774.17,47787.11,47300.64,47352.33,2258.160,1614365999999,107331785.61303,27744,1058.215,50299930.43261,0
1614366000000,47356.51,47515.47,47063.00,47299.00,2665.770,1614366899999,125995559.41705,33611,1291.031,61031341.90013,0
1614366900000,47298.99,47390.49,47155.00,47262.84,1859.511,1614367799999,87929439.83068,22068,971.631,45949570.89791,0
1614367800000,47262.84,47319.00,46666.66,46683.41,4224.147,1614368699999,198226350.99439,41821,1707.633,80139841.74962,0
1614368700000,46688.92,47143.46,46685.58,47010.00,2896.943,1614369599999,135998180.39493,32093,1652.686,77577506.46184,0
1614369600000,47010.00,47165.00,46833.70,46879.85,2101.101,1614370499999,98792338.27267,27860,1020.364,47986577.64895,0
1614370500000,46879.85,47015.56,46179.17,46240.01,4233.100,1614371399999,196850920.80682,47730,1760.283,81856700.18051,0
1614371400000,46240.00,46752.99,46122.00,46624.78,3826.577,1614372299999,177545149.25072,39916,2164.695,100469595.51105,0
1614372300000,46625.00,47000.00,46281.00,46314.33,3037.347,1614373199999,141837397.08250,35017,1395.461,65208385.15200,0
1614373200000,46314.33,46732.32,46101.02,46430.15,3533.705,1614374099999,164045110.38555,42374,1733.907,80496756.79954,0
1614374100000,46426.63,46926.00,46362.23,46812.65,2723.221,1614374999999,127066315.44447,32990,1439.030,67164098.60491,0
1614375000000,46807.35,46890.42,46313.18,46503.18,2802.436,1614375899999,130562866.99683,32735,1113.266,51864973.40866,0
1614375900000,46509.27,46509.27,45531.62,45745.47,9357.343,1614376799999,430461620.26086,83135,4359.794,200564737.79766,0
1614376800000,45748.44,45840.96,45117.00,45201.27,5835.869,1614377699999,265197180.50299,61564,2599.366,118180163.41935,0
1614377700000,45205.75,46005.10,45078.00,45800.00,5933.516,1614378599999,270934677.17037,60333,3202.321,146251780.43205,0
1614378600000,45800.00,46000.00,45410.43,45900.03,3023.833,1614379499999,138356054.78257,40147,1332.139,60970792.32608,0
1614379500000,45912.08,46025.28,45508.56,45510.00,1867.632,1614380399999,85384087.63380,25719,822.712,37626365.41277,0
1614380400000,45510.00,46168.77,45410.00,46021.72,3038.824,1614381299999,139355878.87969,34827,1747.487,80165166.76406,0
1614381300000,46026.98,46420.00,45755.00,46250.01,3758.034,1614382199999,173365578.49494,39346,2023.641,93400315.11589,0
1614382200000,46250.01,46455.16,46146.25,46297.46,2460.499,1614383099999,113937263.21512,27251,1342.201,62161176.46653,0
1614383100000,46297.77,46465.00,46150.14,46313.13,1879.548,1614383999999,87017423.46748,21565,998.182,46215416.06864,0
1614384000000,46313.12,46951.48,46192.05,46708.38,3502.083,1614384899999,163262576.14964,44145,1830.266,85352948.74473,0
1614384900000,46707.61,46991.82,46512.00,46752.00,2131.047,1614385799999,99538021.27041,32106,1078.368,50381066.85030,0
1614385800000,46752.01,47288.00,46700.00,47169.14,3786.305,1614386699999,178263509.63958,43767,1942.183,91445091.05925,0
1614386700000,47169.13,47600.12,47108.48,47560.09,2914.272,1614387599999,138119229.03741,32460,1557.125,73792303.41781,0
1614387600000,47560.08,47840.00,47373.61,47493.12,4332.081,1614388499999,206053929.87948,43368,1992.708,94830931.22817,0
1614388500000,47493.11,47665.20,47380.00,47587.61,2632.405,1614389399999,125030953.52677,26468,1201.678,57091718.60249,0
1614389400000,47587.61,48024.91,47452.18,47830.00,3288.087,1614390299999,157065141.35981,34106,1684.891,80524269.71654,0
1614390300000,47830.00,47979.99,47729.44,47807.17,1622.744,1614391199999,77593152.22766,18733,763.161,36497601.88275,0
1614391200000,47807.18,47973.20,47582.41,47744.34,3248.380,1614392099999,155172241.79793,30322,1360.000,64999438.86025,0
1614392100000,47744.33,47847.44,47610.28,47789.77,2502.942,1614392999999,119503276.93836,23537,967.620,46203128.64323,0
1614393000000,47791.19,48150.00,47527.15,47555.01,3584.362,1614393899999,171585166.83693,36528,1610.696,77158777.93871,0
1614393900000,47555.01,47679.01,47300.00,47449.99,3701.895,1614394799999,175739581.42525,35282,1462.535,69435495.02432,0
1614394800000,47449.99,47813.82,47350.00,47737.24,2553.487,1614395699999,121372180.16870,25866,1543.739,73401773.03719,0
1614395700000,47732.17,47984.57,47414.84,47550.10,2832.236,1614396599999,135101278.32660,31043,1352.700,64537975.07270,0
1614396600000,47550.10,47913.60,47550.10,47686.97,2104.938,1614397499999,100447037.28998,24581,1136.471,54228232.90596,0
1614397500000,47695.23,47997.19,47480.00,47483.02,2836.865,1614398399999,135493327.46780,27839,1342.604,64132535.74897,0
1614398400000,47483.02,47783.41,47327.43,47435.86,2744.368,1614399299999,130489374.57916,33548,1294.882,61597078.66877,0
1614399300000,47435.86,47850.00,47342.10,47808.90,2157.797,1614400199999,102785258.17632,26939,1176.281,56019925.66147,0
1614400200000,47808.90,47875.68,47582.40,47787.05,1627.868,1614401099999,77743684.31185,20363,760.178,36307554.57189,0
1614401100000,47795.06,47980.00,47702.27,47702.85,1499.129,1614401999999,71732991.01992,20444,826.172,39545472.18630,0
1614402000000,47702.86,48024.22,47567.76,47742.56,2264.388,1614402899999,108234997.80666,29023,1176.032,56225020.64966,0
1614402900000,47742.56,47774.00,47520.00,47612.48,1896.853,1614403799999,90343916.55471,21994,926.203,44115684.37062,0
1614403800000,47618.90,47810.00,47509.01,47772.81,1641.781,1614404699999,78257179.33590,19642,885.975,42241065.41827,0
1614404700000,47772.80,47879.96,47573.69,47838.69,1291.205,1614405599999,61651211.87096,18049,577.069,27555908.37045,0
1614405600000,47838.68,47950.00,47682.28,47731.06,1411.222,1614406499999,67507924.55076,20227,680.560,32564185.92684,0
1614406500000,47731.07,47783.97,47628.00,47730.17,1101.639,1614407399999,52555086.75181,14924,591.582,28221598.57339,0
1614407400000,47728.45,48476.05,47728.45,48361.10,3987.265,1614408299999,191914635.73491,44633,2422.631,116592344.73501,0
1614408300000,48362.11,48384.40,47565.36,47592.25,4007.692,1614409199999,192425495.20917,44104,1544.539,74164989.80943,0
1614409200000,47592.24,47669.90,46936.26,47217.61,7336.030,1614410099999,346603214.07376,73981,3521.974,166420933.01619,0
1614410100000,47217.61,47453.99,47150.00,47387.92,3135.262,1614410999999,148344850.90316,32377,1559.390,73797180.56319,0
1614411000000,47387.91,47387.92,47050.02,47113.74,2184.255,1614411899999,103069251.47116,25231,970.125,45785640.71747,0
1614411900000,47112.04,47314.87,46971.87,47198.40,2175.292,1614412799999,102666004.27130,23829,1051.657,49650575.72947,0
1614412800000,47198.02,47318.91,47115.47,47203.03,1715.022,1614413699999,80989256.18338,21439,870.776,41125322.29428,0
1614413700000,47201.54,47267.28,46546.55,46600.00,4528.369,1614414599999,211990041.45453,48668,1792.717,83921810.26877,0
1614414600000,46600.01,46798.00,46452.62,46768.10,2821.993,1614415499999,131676645.91933,32929,1427.929,66639551.07705,0
1614415500000,46768.10,46827.10,46410.00,46663.15,2945.928,1614416399999,137339710.37821,30894,1264.801,58982707.80095,0
1614416400000,46663.16,46669.90,46340.52,46521.97,2290.677,1614417299999,106501418.06088,29090,1127.561,52430456.88968,0
1614417300000,46521.98,46870.00,46450.48,46604.40,2823.645,1614418199999,131873296.56740,33676,1622.546,75777007.13616,0
1614418200000,46604.40,46736.85,46255.00,46393.18,3075.546,1614419099999,142813491.34819,34041,1354.895,62938416.50922,0
1614419100000,46393.18,46790.00,46356.07,46707.23,3188.024,1614419999999,148597724.28702,31995,1913.231,89181566.92005,0
1614420000000,46707.22,47085.38,46634.71,46760.50,3743.619,1614420899999,175622187.49478,38542,1980.017,92895880.58758,0
1614420900000,46751.80,46981.41,46685.60,46853.20,2009.859,1614421799999,94209810.63625,23972,1208.001,56631769.30700,0
1614421800000,46853.20,46991.74,46753.19,46949.22,1716.479,1614422699999,80389123.08738,20088,868.401,40680798.62843,0
1614422700000,46949.22,47132.00,46791.00,46791.00,2149.835,1614423599999,100961502.15486,24721,1023.158,48059692.29690,0
1614423600000,46795.00,46975.91,46705.41,46822.41,1675.687,1614424499999,78490694.71800,22762,791.199,37069902.17561,0
1614424500000,46822.40,47380.00,46822.40,47294.11,2936.858,1614425399999,138601370.20246,35645,1614.536,76181929.00137,0
1614425400000,47294.11,47677.00,47240.00,47470.00,3905.579,1614426299999,185576676.47179,39449,2139.917,101684735.49612,0
1614426300000,47469.43,47512.45,47180.00,47330.24,2182.129,1614427199999,103317469.53432,25440,854.547,40468673.19318,0
1614427200000,47337.07,47488.00,47201.00,47397.87,1940.284,1614428099999,91892190.78126,23803,987.625,46781334.51392,0
1614428100000,47401.41,47485.17,46763.35,47040.00,4622.639,1614428999999,217269509.66693,44534,1976.695,92892926.79957,0
1614429000000,47039.99,47911.53,46875.00,47591.89,6080.611,1614429899999,289093884.16768,59788,3355.977,159572025.22409,0
1614429900000,47591.90,47594.44,47357.22,47468.27,2417.206,1614430799999,114689596.00021,25842,1231.200,58421407.41719,0
1614430800000,47468.03,47592.80,47310.97,47411.44,1848.908,1614431699999,87730182.45594,22344,1059.093,50265543.20449,0
1614431700000,47410.99,47629.80,47075.69,47604.34,3458.348,1614432599999,163920597.26133,42379,1721.865,81657111.00842,0
1614432600000,47602.45,47652.20,47300.00,47549.76,2141.680,1614433499999,101664512.46725,27011,1178.391,55945621.92342,0
1614433500000,47549.15,47756.05,47441.37,47468.83,1978.850,1614434399999,94187978.39589,26140,1066.860,50796237.73327,0
1614434400000,47468.73,47639.90,47345.81,47487.71,1547.464,1614435299999,73470438.64673,22619,674.032,32008621.08465,0
1614435300000,47487.70,47556.11,47225.51,47291.83,1768.755,1614436199999,83756261.27738,23740,874.568,41417009.94801,0
1614436200000,47292.66,47300.00,46858.36,46921.26,3647.801,1614437099999,171552052.00160,44585,1675.767,78796232.48741,0
1614437100000,46921.25,47138.51,46919.95,47110.00,1256.575,1614437999999,59126408.18346,17684,616.011,28988859.30713,0
1614438000000,47109.99,47260.11,47025.00,47222.00,1286.774,1614438899999,60674401.13807,19276,721.203,34009219.65521,0
1614438900000,47223.36,47402.46,47034.92,47087.02,2462.049,1614439799999,116271950.83121,30808,1211.963,57251490.09655,0
1614439800000,47087.02,47087.03,46357.28,46586.96,6228.062,1614440699999,290436463.27064,74741,2821.846,131563505.80310,0
1614440700000,46586.96,46782.71,46442.29,46573.05,2491.099,1614441599999,116211468.51629,30262,1202.184,56094587.94629,0
1614441600000,46566.43,46845.17,46312.68,46788.63,3374.472,1614442499999,157354815.02050,43351,1653.248,77126242.63736,0
1614442500000,46788.63,46987.34,46712.94,46977.78,2053.313,1614443399999,96225178.48900,28490,1190.415,55801767.01834,0
1614443400000,46977.78,46986.94,46644.22,46881.02,1474.280,1614444299999,69019212.79109,20095,554.090,25946587.80979,0
1614444300000,46881.02,46954.70,46772.39,46913.18,1193.817,1614445199999,55967557.68442,16259,582.526,27313922.53970,0
1614445200000,46913.18,46976.80,46750.00,46916.99,1311.180,1614446099999,61449020.28153,18440,645.336,30251339.27520,0
1614446100000,46917.00,47224.81,46880.72,47039.99,2179.192,1614446999999,102598520.57020,28215,1251.362,58912706.94662,0
1614447000000,47039.99,47120.00,46858.47,46943.05,1279.686,1614447899999,60112520.31951,17632,621.244,29187956.86068,0
1614447900000,46943.06,47112.00,46856.39,47082.01,1318.195,1614448799999,61944205.90511,17043,720.254,33848539.46266,0
1614448800000,47082.00,47188.00,46961.24,47019.30,1409.470,1614449699999,66364501.77375,19634,662.317,31189945.69856,0
1614449700000,47010.01,47119.25,46952.00,47087.10,879.010,1614450599999,41332049.27868,12551,409.502,19255205.75968,0
1614450600000,47087.10,47379.99,47087.09,47286.99,2381.479,1614451499999,112533971.49891,26123,1373.660,64905620.41579,0
1614451500000,47287.00,47350.00,47133.69,47177.01,1025.389,1614452399999,48412580.58195,15462,498.736,23547819.43696,0
1614452400000,47177.01,47497.77,47063.00,47421.74,1940.050,1614453299999,91753751.28428,28376,1057.505,50022058.93517,0
1614453300000,47421.73,47422.96,47164.62,47230.07,1151.361,1614454199999,54442094.30694,19882,509.225,24076509.49104,0
1614454200000,47230.07,47328.41,47201.97,47302.79,934.614,1614455099999,44179177.15006,13124,528.907,25001622.17450,0
1614455100000,47303.99,47499.00,47300.85,47439.35,1417.329,1614455999999,67185707.62368,19356,681.397,32296827.99642,0
1614456000000,47439.35,47615.89,47220.04,47313.40,2059.870,1614456899999,97655648.51867,27170,1134.306,53786966.60098,0
1614456900000,47313.01,47449.98,47280.92,47375.21,1070.060,1614457799999,50700456.99973,16848,549.543,26036226.79197,0
1614457800000,47375.22,47435.45,46937.85,47041.80,1945.856,1614458699999,91839758.68567,25088,699.341,33015114.67379,0
1614458700000,47044.10,47269.33,46949.82,47124.18,1734.467,1614459599999,81718898.10516,20820,804.795,37921320.05376,0
1614459600000,47122.35,47205.73,47022.72,47161.21,1018.238,1614460499999,48008878.78868,14758,479.350,22603032.48922,0
1614460500000,47166.93,47200.00,46984.19,47082.06,872.834,1614461399999,41102947.20735,15731,400.023,18837421.77525,0
1614461400000,47082.07,47133.38,46627.48,46760.21,1932.553,1614462299999,90568231.86615,28087,829.658,38881296.58989,0
1614462300000,46763.47,46871.75,46577.00,46844.00,2166.137,1614463199999,101247058.91986,25621,1253.621,58608759.03217,0
1614463200000,46844.00,46858.91,46573.73,46604.90,1944.750,1614464099999,90855083.80938,25988,875.635,40912540.20488,0
1614464100000,46604.90,46604.90,46315.00,46364.21,3415.863,1614464999999,158683455.84832,44440,1560.865,72514382.63653,0
1614465000000,46364.21,46727.92,46364.20,46570.68,1939.315,1614465899999,90305345.95493,23882,1130.966,52665315.14691,0
1614465900000,46570.68,46595.17,45747.00,45857.58,4537.184,1614466799999,209444360.14190,48406,1595.959,73715865.04816,0
1614466800000,45853.62,45985.82,45406.03,45430.01,8316.460,1614467699999,379516569.70133,83055,4509.155,205788518.44310,0
1614467700000,45430.02,45630.72,44926.77,45168.63,8447.293,1614468599999,382319340.05797,83357,4262.686,193007196.90205,0
1614468600000,45173.28,45795.12,45080.49,45714.32,6119.678,1614469499999,278364851.46185,58779,3478.901,158200066.66233,0
1614469500000,45714.33,46454.48,45666.66,46102.63,6261.150,1614470399999,288759075.23096,61968,3433.921,158369338.16156,0
1614470400000,46097.09,46368.15,45611.60,46134.83,6744.765,1614471299999,309807473.31723,71801,3396.440,156071703.28208,0
1614471300000,46130.36,46599.00,46130.36,46258.29,4181.642,1614472199999,194007979.99483,46450,2267.817,105229684.57907,0
1614472200000,46258.29,46399.00,46005.99,46141.18,2196.713,1614473099999,101452705.69467,29517,922.027,42600425.74259,0
1614473100000,46141.19,46678.00,46123.45,46354.47,3170.216,1614473999999,147270207.78865,33168,1887.615,87705072.40071,0
1614474000000,46354.48,46550.05,46199.57,46460.06,2388.906,1614474899999,110814044.62601,25573,1059.476,49163360.61850,0
1614474900000,46460.06,46627.01,46275.25,46474.42,2503.280,1614475799999,116332369.51014,26034,1194.078,55504154.24023,0
1614475800000,46474.42,46503.40,46103.03,46286.90,3122.675,1614476699999,144541231.80733,30940,1189.702,55080174.74331,0
1614476700000,46287.74,46546.42,46230.54,46464.71,2213.386,1614477599999,102747352.91557,23803,1053.331,48892672.36230,0
1614477600000,46462.10,46528.76,46144.91,46202.10,2229.316,1614478499999,103345278.00663,24893,830.505,38508572.33227,0
1614478500000,46202.11,46251.06,45701.00,45866.28,3535.769,1614479399999,162452381.58421,41961,1424.489,65464041.82839,0
1614479400000,45860.26,45988.00,45500.00,45530.79,3222.905,1614480299999,147485298.23889,36755,1290.851,59119112.42114,0
1614480300000,45530.80,45647.13,45240.00,45418.66,3912.817,1614481199999,177807057.06461,48408,1839.622,83619985.51876,0
1614481200000,45415.64,45582.74,45115.80,45464.89,3920.147,1614482099999,177790217.38952,46250,1971.354,89435104.94805,0
1614482100000,45462.37,45692.04,45210.22,45403.71,3997.699,1614482999999,181758387.10344,43082,1999.950,90952830.42958,0
1614483000000,45403.71,45528.98,44548.10,44684.14,6857.176,1614483899999,308103375.27055,73462,2815.561,126548767.21994,0
1614483900000,44684.83,45080.00,44444.00,44646.33,6586.721,1614484799999,294730478.36966,70217,3188.822,142743912.43352,0
1614484800000,44646.32,44880.27,44266.75,44608.68,7219.794,1614485699999,321951520.54569,78476,3658.984,163243025.86542,0
1614485700000,44608.60,44948.51,44500.01,44659.19,4205.835,1614486599999,188324362.44026,45341,2132.758,95539453.90698,0
1614486600000,44659.19,45120.00,44636.54,44837.43,3530.128,1614487499999,158548898.79117,40014,2022.916,90879043.24341,0
1614487500000,44837.43,44932.23,44330.91,44397.29,3238.448,1614488399999,144675631.03065,37765,1306.505,58376610.48416,0
1614488400000,44397.29,44975.16,44179.82,44888.84,5480.375,1614489299999,244750780.51134,58299,2869.000,128171035.73839,0
1614489300000,44888.84,45559.61,44777.46,45090.00,7033.510,1614490199999,317696428.34227,69298,3954.260,178641558.46116,0
1614490200000,45094.97,45324.48,44824.14,44862.60,4310.291,1614491099999,194336981.79417,41588,2173.050,97994389.21045,0
1614491100000,44862.60,44913.57,44543.22,44818.80,4028.183,1614491999999,180195874.99694,42890,1813.498,81151085.32136,0
1614492000000,44816.46,44850.00,43765.00,43933.37,12178.281,1614492899999,537908226.50393,122742,5295.978,234008350.81361,0
1614492900000,43930.00,44919.00,43836.85,44889.53,9933.740,1614493799999,441446530.62257,89348,5432.480,241558150.37399,0
1614493800000,44889.66,44999.00,44483.60,44663.96,4110.565,1614494699999,183897466.39589,44431,1826.309,81739566.70479,0
1614494700000,44664.37,44823.05,44365.84,44407.41,3392.002,1614495599999,151219668.77304,40022,1722.032,76795099.12522,0
1614495600000,44407.11,44657.00,44133.00,44398.38,4362.867,1614496499999,193641782.90367,49713,2324.164,103189166.52222,0
1614496500000,44400.00,44810.77,44384.06,44565.01,2852.841,1614497399999,127393481.15562,34446,1558.711,69609609.04184,0
1614497400000,44570.92,44678.32,44258.90,44356.77,2463.983,1614498299999,109448564.56523,32118,1236.046,54907412.01151,0
1614498300000,44356.77,44772.91,44301.69,44426.62,3151.559,1614499199999,140386013.73380,37115,1641.214,73112157.82299,0
1614499200000,44427.53,44951.67,44402.01,44717.89,4373.501,1614500099999,195780544.02821,49284,2343.134,104893173.45969,0
1614500100000,44718.76,45134.00,44601.20,45112.33,3416.971,1614500999999,153382252.45114,39851,2058.722,92435414.66562,0
1614501000000,45112.34,45306.14,44836.20,44980.11,3642.522,1614501899999,164141719.62192,41336,1929.011,86950090.51126,0
1614501900000,44979.21,44979.21,44800.00,44880.73,1650.718,1614502799999,74071026.84540,21823,781.526,35073150.55249,0
1614502800000,44880.73,45348.10,44711.00,45303.19,5122.362,1614503699999,231070105.26414,52719,2767.836,124829807.63801,0
1614503700000,45303.34,45541.82,45104.03,45133.47,3420.501,1614504599999,155011808.90520,37270,1804.370,81813501.21864,0
1614504600000,45133.46,45272.67,45013.00,45207.63,1823.753,1614505499999,82319263.24041,22780,990.400,44719030.44550,0
1614505500000,45207.59,45372.61,45080.00,45086.48,1838.470,1614506399999,83087989.02908,23187,885.579,40035592.19926,0
1614506400000,45086.48,45177.50,44782.30,45174.98,3064.541,1614507299999,137881106.17535,34018,1335.030,60091269.37309,0
1614507300000,45174.98,45573.20,45100.00,45370.86,3452.350,1614508199999,156498476.75489,37696,1853.938,84065905.76862,0
1614508200000,45370.87,45456.67,45159.92,45197.54,2142.645,1614509099999,96998530.88360,23473,921.637,41730974.46727,0
1614509100000,45196.74,45329.55,45191.23,45225.43,1647.295,1614509999999,74558203.86130,17878,818.902,37065571.99388,0
1614510000000,45225.44,45397.96,45029.02,45388.00,2465.029,1614510899999,111497651.62666,27559,1120.932,50715224.97772,0
1614510900000,45392.67,45544.11,45255.00,45405.41,2173.390,1614511799999,98750047.05803,24944,1041.763,47339481.86775,0
1614511800000,45405.41,45458.24,45255.00,45427.20,1967.721,1614512699999,89194213.90178,19637,1110.554,50348511.15725,0
1614512700000,45429.94,45537.65,45253.90,45335.56,2043.432,1614513599999,92644257.20786,21690,978.960,44391577.51260,0
1614513600000,45335.56,45540.00,45311.36,45316.34,2177.548,1614514499999,98945680.41991,26657,1018.525,46287259.14213,0
1614514500000,45317.23,45347.79,44807.00,45083.06,5967.998,1614515399999,268734766.54799,58633,2692.424,121226731.76313,0
1614515400000,45083.07,45090.28,44539.00,44708.88,4388.402,1614516299999,196340189.28487,51156,1888.181,84464348.51621,0
1614516300000,44708.87,44870.00,44601.00,44804.45,1908.405,1614517199999,85455163.55052,24192,1033.401,46278793.87543,0
1614517200000,44800.72,44935.47,44418.67,44722.87,4603.317,1614518099999,205616593.68052,49212,1974.257,88215625.23590,0
1614518100000,44722.88,44816.95,44474.08,44513.23,2928.727,1614518999999,130647255.25566,33496,1206.114,53813062.00665,0
1614519000000,44505.54,44685.00,44457.99,44649.93,2011.579,1614519899999,89736385.06823,23699,1205.530,53790267.16463,0
1614519900000,44649.91,44698.21,44161.48,44208.88,3108.675,1614520799999,138220653.12356,32128,1225.740,54540180.00221,0
1614520800000,44208.88,44508.00,43603.67,43781.28,11196.793,1614521699999,493195665.64608,108903,5495.531,242324047.25278,0
1614521700000,43781.28,44439.57,43579.39,44205.09,9467.064,1614522599999,416833829.62169,99272,5014.528,220858044.36124,0
1614522600000,44214.22,44481.29,44160.46,44416.61,3752.101,1614523499999,166473886.59223,43617,1990.206,88313582.56934,0
1614523500000,44416.62,44700.00,44256.60,44597.24,3632.630,1614524399999,161507538.95459,36700,2235.103,99408684.42126,0
1614524400000,44597.25,44636.00,44245.45,44353.46,3130.191,1614525299999,139064751.45541,33368,1566.826,69629401.52765,0
1614525300000,44353.46,44354.59,43752.26,43782.54,5585.241,1614526199999,245666259.76291,61854,2523.545,110990517.14507,0
1614526200000,43783.42,43884.01,43280.00,43358.19,9495.954,1614527099999,413719847.81407,94683,4415.978,192492219.39676,0
1614527100000,43358.18,43621.93,43200.00,43424.60,6323.463,1614527999999,274553728.30691,65477,3302.466,143461100.08454,0
1614528000000,43424.79,43958.36,43002.05,43461.04,10869.971,1614528899999,473095910.91901,107939,5405.074,235419094.03219,0
1614528900000,43461.04,43746.83,43253.74,43375.38,4390.466,1614529799999,191105374.57110,54846,2072.038,90215607.79189,0
1614529800000,43375.38,43820.00,43341.20,43665.41,3459.549,1614530699999,150821404.79902,41195,1797.841,78379729.61612,0
1614530700000,43665.40,43791.49,43525.00,43550.00,2240.152,1614531599999,97777642.27084,28276,1137.291,49654893.88745,0
1614531600000,43550.00,43767.00,43310.73,43633.60,4466.780,1614532499999,194268693.44627,49371,2318.857,100877036.06266,0
1614532500000,43633.59,43980.00,43527.93,43588.16,3524.491,1614533399999,154238124.12365,41141,1728.954,75682717.62197,0
1614533400000,43588.15,43618.69,43401.00,43552.46,2715.309,1614534299999,118113646.85490,32337,1435.863,62471288.19605,0
1614534300000,43552.91,43682.09,43115.04,43165.76,3859.994,1614535199999,167324546.54859,45905,1713.480,74306197.90410,0
1614535200000,43165.75,43582.30,43070.71,43530.31,3759.871,1614536099999,163040227.71577,44821,2099.317,91032238.57104,0
1614536100000,43530.31,43678.16,43321.94,43620.16,2268.648,1614536999999,98721601.19673,28369,1193.486,51949058.17349,0
1614537000000,43617.78,43700.00,43349.00,43539.99,2205.440,1614537899999,95998007.07147,27136,1017.667,44301280.32126,0
1614537900000,43540.00,43829.16,43540.00,43721.51,2234.178,1614538799999,97618737.26230,25961,1317.135,57551487.69791,0
1614538800000,43721.52,43850.00,43683.01,43723.15,1521.684,1614539699999,66607931.39239,20655,805.403,35255619.57577,0
1614539700000,43723.15,43798.22,43478.36,43549.84,2402.613,1614540599999,104841446.66402,27595,1099.189,47977618.25232,0
1614540600000,43541.23,43803.13,43535.74,43797.30,1794.937,1614541499999,78490020.51260,20623,1044.501,45667651.55763,0
1614541500000,43794.31,44566.00,43779.99,44430.33,6405.582,1614542399999,283433041.77960,70210,3570.838,157975590.74458,0
1614542400000,44430.33,44577.35,44306.27,44341.91,2306.040,1614543299999,102434828.72985,31525,1149.124,51052365.65574,0
1614543300000,44341.91,44515.92,44125.72,44288.07,2718.705,1614544199999,120514836.85317,32298,1369.273,60724902.61013,0
1614544200000,44288.20,44354.69,44150.00,44270.07,1233.021,1614545099999,54574805.53613,18574,594.851,26333183.15352,0
1614545100000,44272.47,44999.00,44253.13,44900.00,3672.578,1614545999999,164001606.81364,43217,2289.399,102224781.98332,0
1614546000000,44900.00,45409.00,44889.86,45199.99,5914.467,1614546899999,267123565.96424,64664,3068.751,138615136.87724,0
1614546900000,45199.99,45252.08,44896.44,45091.31,3228.213,1614547799999,145538984.86702,35703,1480.901,66778488.69313,0
1614547800000,45087.88,45339.43,45087.88,45303.34,1985.033,1614548699999,89771663.18890,25285,1133.636,51270099.85934,0
1614548700000,45303.34,45345.66,45150.00,45159.98,2033.813,1614549599999,91992562.86259,22018,1152.047,52114414.06893,0
1614549600000,45159.98,45380.61,45053.41,45265.91,1871.778,1614550499999,84657728.29117,24145,879.344,39776974.42499,0
1614550500000,45265.90,45282.80,45141.00,45280.17,844.631,1614551399999,38182056.12139,14982,409.474,18510905.25797,0
1614551400000,45280.24,45282.80,44780.96,45094.61,3306.558,1614552299999,148787290.54520,37529,1391.226,62592226.66441,0
1614552300000,45096.00,45229.17,45058.30,45220.69,1456.611,1614553199999,65793434.54299,18560,634.244,28651218.72555,0
1614553200000,45220.70,45949.24,45206.57,45686.47,5400.593,1614554099999,246905408.01132,64482,3170.911,144903693.19681,0
1614554100000,45684.61,45800.00,45451.86,45546.71,2076.491,1614554999999,94792675.15867,25214,957.988,43746878.34586,0
1614555000000,45546.71,45637.86,45200.00,45314.12,2849.184,1614555899999,129250015.68599,32424,1355.534,61506655.81296,0
1614555900000,45307.27,45315.99,44867.00,45163.36,5141.620,1614556799999,231616998.95523,49097,2012.949,90671161.43772,0
