1622505600000,37244.36,37660.00,37100.00,37511.86,11738.856,1622506499999,439905419.21048,96221,6359.350,238342376.81710,0
1622506500000,37511.86,37744.00,37444.09,37714.16,6354.050,1622507399999,238738639.93847,50483,3402.962,127911973.48983,0
1622507400000,37714.16,37778.81,37542.19,37706.48,5334.954,1622508299999,201094799.55726,48357,2633.675,99287578.07075,0
1622508300000,37707.00,37893.76,37631.00,37777.37,4734.905,1622509199999,178768051.45875,46049,2633.433,99448304.51045,0
1622509200000,37777.36,37787.94,37573.82,37675.60,3561.666,1622510099999,134214306.07605,36604,1589.058,59884569.63467,0
1622510100000,37675.60,37720.00,37340.44,37488.12,5948.322,1622510999999,223131541.26042,51160,2620.224,98297423.14049,0
1622511000000,37488.12,37489.28,37252.00,37368.68,5057.571,1622511899999,188870732.32681,44466,2383.486,89010193.28325,0
1622511900000,37367.86,37375.69,37159.19,37196.69,3549.626,1622512799999,132336354.21485,34257,1750.249,65264608.96179,0
1622512800000,37201.41,37296.83,36753.72,36865.32,9499.182,1622513699999,351326366.51767,80896,4151.314,153548095.18502,0
1622513700000,36865.31,36938.63,36600.00,36775.63,7578.544,1622514599999,278561137.15012,65961,3530.022,129789035.96061,0
1622514600000,36775.62,36950.00,36756.36,36840.78,4461.506,1622515499999,164509656.70708,39348,2340.026,86296415.30204,0
1622515500000,36840.79,36850.00,36694.00,36848.50,3529.624,1622516399999,129844234.73204,30365,1852.802,68166401.41187,0
1622516400000,36848.51,36990.00,36751.00,36979.72,3940.945,1622517299999,145361337.78167,34326,2321.250,85629274.29916,0
1622517300000,36979.72,37118.71,36858.57,36859.51,5383.490,1622518199999,199236215.96993,46397,2598.273,96182882.40742,0
1622518200000,36859.52,36859.52,36500.00,36657.82,7408.417,1622519099999,271463358.85597,63764,3108.892,113930865.88651,0
1622519100000,36659.18,36791.91,36458.48,36709.23,5335.408,1622519999999,195454190.06469,45129,2505.864,91832132.16818,0
1622520000000,36709.23,36799.00,36552.06,36705.25,5129.942,1622520899999,188202838.94905,43967,2638.125,96793530.98525,0
1622520900000,36705.26,36845.00,36602.11,36844.98,3295.127,1622521799999,121002404.04036,30047,1783.543,65505401.39940,0
1622521800000,36844.84,36950.00,36772.03,36882.65,3812.711,1622522699999,140561146.71647,36205,2024.157,74624061.13918,0
1622522700000,36882.65,36882.65,36720.00,36735.97,2424.171,1622523599999,89231255.08694,26110,979.645,36060781.58594,0
1622523600000,36735.97,36944.00,36701.00,36858.62,3164.133,1622524499999,116598913.38139,30018,1658.080,61103246.13832,0
1622524500000,36861.96,37047.59,36805.06,36960.02,3605.569,1622525399999,133206548.59589,36021,1930.730,71334093.81540,0
1622525400000,36960.02,37135.81,36946.54,37100.00,3846.775,1622526299999,142624888.44896,37989,2077.226,77015618.82879,0
1622526300000,37100.00,37350.00,37100.00,37259.17,6324.830,1622527199999,235629044.22330,55169,3324.619,123858709.47551,0
1622527200000,37256.12,37430.00,37170.41,37359.98,5855.129,1622528099999,218491844.00282,46525,2759.353,102991517.64113,0
1622528100000,37359.98,37360.80,37000.01,37106.94,6483.463,1622528999999,240855966.56806,54362,3026.818,112442777.56116,0
1622529000000,37106.94,37111.24,36760.00,36833.63,7271.448,1622529899999,268031700.38524,63378,3033.926,111812490.48700,0
1622529900000,36835.20,36963.50,36700.00,36906.05,4439.497,1622530799999,163618688.45057,42732,2329.417,85870957.69632,0
1622530800000,36906.06,37159.95,36758.00,36893.28,7010.090,1622531699999,259217243.30405,63913,3329.197,123146620.42691,0
1622531700000,36893.27,36907.48,36741.19,36753.33,3525.473,1622532599999,129819162.12956,34832,1597.309,58825881.24033,0
1622532600000,36753.33,36873.55,36616.00,36750.49,5280.116,1622533499999,193960028.05923,49189,2682.473,98554372.33638,0
1622533500000,36750.00,36863.36,36710.00,36817.43,2563.202,1622534399999,94339919.81320,27180,1369.591,50410925.49409,0
1622534400000,36817.44,36937.92,36129.91,36260.01,15406.911,1622535299999,561911906.03799,125386,6435.439,234799589.58747,0
1622535300000,36260.01,36330.00,36042.81,36168.00,11485.964,1622536199999,415708954.60000,93230,5495.837,198965249.91246,0
1622536200000,36168.05,36240.00,35911.52,36044.37,9066.567,1622537099999,327223315.26976,82684,4000.857,144462737.86048,0
1622537100000,36044.38,36208.79,35895.00,36184.73,6719.379,1622537999999,242509286.90052,62633,3449.470,124524447.09428,0
1622538000000,36184.72,36342.66,36120.29,36195.41,5665.642,1622538899999,205418443.50655,52885,3011.628,109197350.71738,0
1622538900000,36198.12,36245.00,36036.00,36065.46,4690.711,1622539799999,169489957.16543,46155,2182.033,78847482.00870,0
1622539800000,36066.10,36232.95,35958.29,36218.62,6790.853,1622540699999,245231395.36470,57651,3736.838,134965291.27009,0
1622540700000,36218.61,36350.00,36106.00,36233.34,5802.247,1622541599999,210241297.85545,48716,2857.692,103561191.64089,0
1622541600000,36233.34,36338.73,36080.41,36241.96,4841.958,1622542499999,175357853.05525,44704,2448.636,88693276.34057,0
1622542500000,36241.95,36455.42,36241.44,36433.86,7215.441,1622543399999,262601857.32440,58082,4133.689,150436232.36775,0
1622543400000,36433.91,36480.00,36320.39,36480.00,3857.541,1622544299999,140371668.03485,36215,1960.224,71336071.65701,0
1622544300000,36480.00,36581.00,36208.00,36420.69,7783.571,1622545199999,283130152.80075,64370,3880.833,141205778.65115,0
1622545200000,36420.69,36450.00,36260.91,36380.00,3514.381,1622546099999,127790467.38974,33448,1671.258,60772597.45182,0
1622546100000,36380.01,36666.00,36376.84,36563.78,6795.807,1622546999999,248460122.78555,58234,3600.751,131634773.53438,0
1622547000000,36563.79,36724.63,36558.00,36606.62,4317.727,1622547899999,158115069.74468,40436,2384.786,87341602.00406,0
1622547900000,36606.62,36634.46,36520.52,36573.31,3118.572,1622548799999,114036382.10259,29582,1511.389,55270460.47788,0
1622548800000,36573.97,36576.61,36150.00,36204.17,8278.246,1622549699999,300886057.47990,80250,3548.527,128944596.34930,0
1622549700000,36203.14,36322.20,36100.00,36217.14,5829.517,1622550599999,211200522.84650,53499,2885.135,104538367.34224,0
1622550600000,36215.73,36364.77,36215.00,36292.76,4285.680,1622551499999,155593722.69645,37943,2366.503,85916784.90834,0
1622551500000,36292.76,36320.00,36110.00,36152.98,4281.579,1622552399999,155064650.53842,41377,2064.767,74784509.24435,0
1622552400000,36152.97,36217.60,35500.00,35791.86,14512.575,1622553299999,520357649.06705,131758,5969.597,214118463.76508,0
1622553300000,35791.84,36639.11,35718.72,36516.55,16620.880,1622554199999,601557942.58883,141907,9715.429,351582518.52901,0
1622554200000,36516.55,37462.79,36505.99,37378.15,30088.233,1622555099999,1113699923.26280,242437,16102.838,595941787.30924,0
1622555100000,37378.15,37400.00,36877.00,37040.38,14698.521,1622555999999,545290854.55879,132490,6463.829,239792565.90835,0
1622556000000,37040.90,37297.32,36991.57,37017.24,10286.994,1622556899999,382162567.28506,93021,5185.427,192675661.70217,0
1622556900000,37016.92,37016.93,36618.29,36849.42,12198.186,1622557799999,449207930.56880,111123,5805.480,213814799.11851,0
1622557800000,36849.42,36965.98,36763.07,36823.75,5576.449,1622558699999,205544977.73096,50588,2898.836,106874650.22661,0
1622558700000,36823.75,36883.24,36485.00,36646.53,10145.054,1622559599999,371668317.73128,89475,4610.408,168936363.28827,0
1622559600000,36646.52,36655.92,36200.00,36289.49,10901.946,1622560499999,396777088.89950,105323,5159.752,187765486.71253,0
1622560500000,36289.49,36399.00,36108.02,36360.02,7055.967,1622561399999,256074174.68588,66676,3643.361,132274664.68202,0
1622561400000,36359.93,36359.93,36019.53,36270.40,7149.681,1622562299999,258904011.10215,66376,3396.016,122994178.70728,0
1622562300000,36269.07,36283.85,36105.10,36233.59,5287.894,1622563199999,191445811.80426,46620,2690.596,97428176.87966,0
1622563200000,36233.59,36490.15,36030.00,36220.00,10899.787,1622564099999,394747701.87683,97711,5618.238,203525769.69047,0
1622564100000,36219.75,36381.15,36164.00,36318.98,4251.887,1622564999999,154293072.62901,43007,2257.759,81936530.31145,0
1622565000000,36314.09,36349.00,36150.00,36279.95,4421.364,1622565899999,160285639.33955,41530,2081.043,75444441.73304,0
1622565900000,36279.95,36280.00,35737.27,35848.08,12114.299,1622566799999,435386176.22810,101078,5074.010,182392554.47811,0
1622566800000,35858.90,36000.00,35712.00,35800.01,6206.788,1622567699999,222662592.28026,62635,2910.543,104438982.68037,0
1622567700000,35800.01,36007.92,35783.75,35897.37,4781.009,1622568599999,171695456.06294,44052,2575.013,92481832.95757,0
1622568600000,35897.38,36262.95,35850.00,36116.10,6053.428,1622569499999,218369372.42318,56042,3326.480,119995881.00364,0
1622569500000,36116.09,36199.00,36043.84,36158.94,3292.757,1622570399999,118971979.76934,30879,1688.005,60997554.71924,0
1622570400000,36158.93,36265.82,36090.71,36178.39,5451.749,1622571299999,197207205.10721,40912,2481.005,89761139.91534,0
1622571300000,36178.39,36293.00,36140.00,36210.60,4093.156,1622572199999,148265009.01152,33679,2178.703,78931707.00133,0
1622572200000,36212.04,36491.00,36124.48,36428.60,5847.001,1622573099999,212448288.22993,53505,3335.923,121237075.37513,0
1622573100000,36428.61,36436.42,36211.76,36247.58,3882.313,1622573999999,141027970.76903,35447,1597.289,58028708.11569,0
1622574000000,36246.99,36249.57,35950.00,36018.90,5737.304,1622574899999,206882350.53043,55063,2507.383,90404767.17546,0
1622574900000,36018.90,36129.02,35951.18,36084.41,3011.164,1622575799999,108614288.98630,29576,1645.634,59359265.95426,0
1622575800000,36084.40,36087.17,35818.00,35831.17,4196.425,1622576699999,150857074.03467,39443,1753.047,63027887.40593,0
1622576700000,35831.17,35984.00,35781.77,35969.61,4281.732,1622577599999,153662306.31941,38613,2318.350,83201589.34968,0
1622577600000,35969.61,36143.72,35870.00,36075.97,5614.947,1622578499999,202257219.99199,50460,3095.630,111535728.14137,0
1622578500000,36077.51,36168.77,36007.60,36081.06,3298.402,1622579399999,119038918.74495,33261,1670.719,60297764.12592,0
1622579400000,36081.06,36344.74,36066.04,36235.77,4252.744,1622580299999,153969793.69931,40037,2392.005,86601250.01680,0
1622580300000,36235.78,36349.96,36150.56,36326.60,3469.109,1622581199999,125662691.60349,31553,1807.210,65466437.40344,0
1622581200000,36326.60,36383.73,36250.00,36311.53,3271.943,1622582099999,118810452.48230,31646,1645.455,59754109.48147,0
1622582100000,36311.53,36441.21,36272.43,36285.74,2568.152,1622582999999,93325216.20956,28871,1291.143,46924192.98641,0
1622583000000,36285.74,36350.83,36035.00,36092.18,3399.471,1622583899999,123045709.11250,36043,1306.330,47307679.16309,0
1622583900000,36090.00,36485.00,36060.79,36416.19,4822.390,1622584799999,175184398.88369,46912,2871.846,104301592.21561,0
1622584800000,36416.20,36595.98,36320.36,36448.43,3578.059,1622585699999,130424136.90136,40553,1893.673,69038630.11000,0
1622585700000,36448.43,36546.93,36281.80,36311.99,4167.891,1622586599999,151820718.60074,36084,1656.688,60369880.10233,0
1622586600000,36311.92,36454.00,36259.00,36387.39,2679.278,1622587499999,97406323.67011,27165,1480.307,53815418.48087,0
1622587500000,36387.38,36470.57,36222.77,36426.41,3637.305,1622588399999,132194722.17056,33440,1644.813,59789974.35588,0
1622588400000,36426.42,36640.00,36426.41,36492.37,4462.629,1622589299999,163075163.79117,39659,2379.559,86954709.15594,0
1622589300000,36492.37,36788.87,36463.47,36738.39,4264.838,1622590199999,156226170.81475,38646,2405.713,88140583.56796,0
1622590200000,36738.39,36800.00,36639.88,36750.01,4146.847,1622591099999,152285278.10899,35789,1979.317,72691832.82125,0
1622591100000,36750.52,36770.37,36580.00,36693.41,2946.956,1622591999999,108019161.94421,27335,1313.211,48139729.65682,0
1622592000000,36694.37,36914.28,36528.09,36659.87,7579.023,1622592899999,278176685.70453,64939,3939.089,144590780.05868,0
1622592900000,36659.87,36660.82,36230.88,36373.58,6298.552,1622593799999,229372979.33255,60190,2984.518,108676057.76427,0
1622593800000,36373.58,36478.83,36250.00,36462.09,3360.561,1622594699999,122262900.81564,32536,1752.579,63773958.19501,0
1622594700000,36461.61,36558.62,36053.89,36180.68,6675.373,1622595599999,242357191.38830,55360,2794.808,101481728.91079,0
1622595600000,36180.69,36283.22,35905.00,36075.33,5980.607,1622596499999,215802301.64995,54747,2791.463,100759981.96237,0
1622596500000,36075.37,36180.00,36015.74,36065.90,3715.234,1622597399999,134145812.07955,34824,1851.084,66851653.64724,0
1622597400000,36065.90,36171.26,36065.55,36093.91,2284.732,1622598299999,82541853.47191,23794,1081.991,39091722.68896,0
1622598300000,36093.91,36300.00,36090.98,36288.33,3118.007,1622599199999,112938989.30595,30854,1757.186,63645180.20728,0
1622599200000,36288.33,36408.80,36229.48,36354.39,3188.545,1622600099999,115824100.19730,31807,1711.113,62156011.89690,0
1622600100000,36354.39,36536.27,36271.18,36466.74,3912.537,1622600999999,142497285.14948,36785,2141.046,77994525.47441,0
1622601000000,36466.74,36557.85,36386.00,36460.39,3121.184,1622601899999,113839341.71391,29969,1621.651,59155408.98732,0
1622601900000,36460.39,36520.00,36272.33,36272.33,3524.545,1622602799999,128277773.88325,34472,1566.878,57038237.28226,0
1622602800000,36272.33,36694.97,36271.47,36605.01,5571.270,1622603699999,203554839.97536,53089,3047.665,111345849.68988,0
1622603700000,36605.00,36653.43,36501.39,36533.27,2596.043,1622604599999,94909027.15433,27734,1239.507,45317192.64209,0
1622604600000,36534.32,36586.46,36401.00,36432.51,2571.866,1622605499999,93823966.81171,28209,1141.361,41642867.69519,0
1622605500000,36432.45,36550.00,36381.45,36483.19,2544.049,1622606399999,92800450.74016,26773,1247.806,45521777.95546,0
1622606400000,36483.19,36688.00,36483.18,36536.89,3475.182,1622607299999,127171004.12766,34122,1721.462,62998533.93180,0
1622607300000,36536.88,36763.32,36530.78,36715.97,3080.006,1622608199999,112949439.34449,33285,1664.193,61030893.76842,0
1622608200000,36715.96,36767.23,36613.00,36646.32,3067.797,1622609099999,112504697.92324,27966,1408.845,51675734.43188,0
1622609100000,36645.11,36717.51,36573.60,36666.19,2394.812,1622609999999,87756676.93999,24960,1204.147,44128924.70022,0
1622610000000,36666.20,36817.81,36510.00,36517.87,5683.142,1622610899999,208429604.35632,46477,2735.915,100355913.55979,0
1622610900000,36517.86,36673.45,36514.24,36585.67,2450.479,1622611799999,89685685.07725,26501,1249.102,45718435.81121,0
1622611800000,36585.67,36736.84,36509.08,36726.93,3173.662,1622612699999,116210573.81041,31717,1815.545,66481819.22592,0
1622612700000,36726.94,36931.23,36712.42,36801.00,6041.261,1622613599999,222448313.97602,52332,3344.499,123151674.79759,0
1622613600000,36801.01,36900.00,36680.32,36850.00,5545.602,1622614499999,204064050.04836,45647,2761.701,101642998.23191,0
1622614500000,36850.00,36997.24,36776.96,36813.70,4293.592,1622615399999,158326336.03322,41217,2108.328,77751594.85413,0
1622615400000,36812.15,36848.66,36670.55,36710.21,3833.575,1622616299999,140871537.48216,34429,1639.658,60254993.39466,0
1622616300000,36709.74,36788.00,36650.57,36733.14,3184.878,1622617199999,116929461.37588,28282,1729.483,63497596.08599,0
1622617200000,36731.61,37158.41,36729.98,37099.99,10558.985,1622618099999,390634539.93106,79806,6096.717,225509498.84902,0
1622618100000,37100.00,37229.14,37043.81,37088.51,6279.052,1622618999999,233180513.03634,56230,3239.796,120334091.40157,0
1622619000000,37088.50,37400.00,37086.56,37303.18,8035.448,1622619899999,299624786.99034,72721,4580.775,170801557.56998,0
1622619900000,37303.66,37373.69,37157.55,37218.19,4659.506,1622620799999,173595217.49423,42573,2181.429,81276646.61596,0
1622620800000,37218.19,37341.05,37110.00,37125.54,5446.478,1622621699999,202701495.09915,49359,2590.675,96446982.73970,0
1622621700000,37125.53,37222.96,37054.50,37102.69,3599.311,1622622599999,133650496.74680,34917,1683.751,62535997.43847,0
1622622600000,37102.68,37376.09,37098.48,37262.49,4897.889,1622623499999,182329452.20059,42913,3148.046,117210285.94909,0
1622623500000,37262.49,37500.00,37200.00,37374.72,5419.494,1622624399999,202389064.82423,53919,3053.387,114054298.72204,0
1622624400000,37374.13,37550.00,37235.00,37264.89,7593.484,1622625299999,283803305.51953,66203,3834.754,143350374.55408,0
1622625300000,37264.89,37390.00,37170.00,37345.48,5004.628,1622626199999,186489939.34962,45757,2438.508,90877968.93095,0
1622626200000,37345.38,37450.00,37252.61,37332.62,4585.926,1622627099999,171279277.18832,41390,2332.328,87114405.98327,0
1622627100000,37332.62,37370.45,37180.00,37273.42,4177.983,1622627999999,155739362.25679,35922,1964.096,73221482.85816,0
1622628000000,37275.00,37285.00,37122.20,37138.26,4385.725,1622628899999,163134295.14044,39869,2045.051,76070732.34498,0
1622628900000,37138.26,37276.50,37137.82,37260.00,2956.114,1622629799999,110013687.77085,30195,1621.509,60348425.11406,0
1622629800000,37260.00,37288.00,37131.53,37167.97,3000.290,1622630699999,111616513.97759,32529,1548.326,57609296.01025,0
1622630700000,37168.91,37200.00,37038.28,37156.06,4862.053,1622631599999,180487028.68469,43806,2467.156,91596994.11910,0
1622631600000,37156.06,37264.42,36851.00,36967.08,8047.227,1622632499999,297899584.04276,75740,3639.861,134770459.87929,0
1622632500000,36967.83,37237.83,36888.00,37128.00,6909.697,1622633399999,256168797.74993,58685,3904.630,144759232.67807,0
1622633400000,37128.58,37352.72,37110.52,37278.41,5038.597,1622634299999,187628145.46609,47492,2897.307,107894260.07425,0
1622634300000,37278.42,37279.86,37150.00,37208.91,2843.297,1622635199999,105799279.40509,30661,1289.775,47990921.92029,0
1622635200000,37208.90,37460.21,37177.13,37433.72,5712.703,1622636099999,213208139.45551,51825,3318.651,123883308.62350,0
1622636100000,37430.00,37433.74,37309.00,37380.03,2994.041,1622636999999,111833315.57864,32421,1419.516,53021672.02244,0
1622637000000,37380.03,37400.00,37270.00,37307.46,2931.358,1622637899999,109413723.96342,30043,1382.822,51618592.29636,0
1622637900000,37307.47,37350.00,37250.00,37280.00,2592.271,1622638799999,96695436.58303,25990,1373.838,51251323.60818,0
1622638800000,37280.01,37281.98,37066.00,37161.27,5532.993,1622639699999,205579362.26270,49845,2456.388,91266176.97145,0
1622639700000,37161.27,37770.00,37157.74,37668.78,10972.144,1622640599999,411169268.57864,100712,6379.695,239058966.08522,0
1622640600000,37669.17,37800.00,37513.18,37656.99,10920.705,1622641499999,411255814.94354,95017,5169.733,194685952.59837,0
1622641500000,37656.99,37690.76,37502.46,37544.57,3841.073,1622642399999,144320515.87415,38668,1803.933,67781791.46812,0
1622642400000,37544.72,37588.62,37461.58,37498.37,4009.239,1622643299999,150368924.29449,39377,2012.709,75492118.37484,0
1622643300000,37498.37,37958.36,37480.00,37858.00,11533.605,1622644199999,435466666.73696,95265,6301.610,237947470.99793,0
1622644200000,37858.04,38122.00,37814.52,37897.80,11683.693,1622645099999,443353980.39834,96026,5992.070,227455285.44096,0
1622645100000,37897.73,37944.43,37746.00,37845.02,6640.693,1622645999999,251343562.22413,58607,3346.614,126671272.80285,0
1622646000000,37845.03,38206.44,37844.08,38150.71,6608.089,1622646899999,251131420.46722,63891,3930.222,149401146.71901,0
1622646900000,38146.83,38232.99,37970.00,38078.43,8219.934,1622647799999,313206446.65501,76422,4239.579,161578044.60269,0
1622647800000,38078.43,38100.00,37900.00,38002.12,6967.329,1622648699999,264723157.15431,61935,3498.689,132947313.93224,0
1622648700000,38002.12,38111.00,37951.71,38032.66,3790.367,1622649599999,144167493.30763,38553,1835.264,69808259.96913,0
1622649600000,38032.67,38169.91,37756.11,38089.38,10197.095,1622650499999,387488449.66584,92110,4888.908,185832075.74156,0
1622650500000,38089.37,38196.35,37966.00,38038.76,6683.070,1622651399999,254474980.21372,55335,3375.761,128570615.80288,0
1622651400000,38038.76,38053.20,37853.90,37905.01,5170.360,1622652299999,196041495.70045,46602,2355.621,89319164.68214,0
1622652300000,37905.00,37920.48,37750.00,37900.28,5764.511,1622653199999,218145259.92332,49691,2892.161,109464520.59506,0
1622653200000,37900.28,37970.02,37791.51,37823.23,3485.897,1622654099999,132020134.86276,35937,1687.887,63930954.52457,0
1622654100000,37822.66,37898.78,37762.60,37785.50,2612.711,1622654999999,98841224.97460,28024,1383.212,52336449.56647,0
1622655000000,37785.50,37954.55,37745.92,37882.78,3391.162,1622655899999,128379777.77617,33168,1916.169,72546530.57122,0
1622655900000,37882.78,38099.27,37840.06,38005.02,3527.400,1622656799999,133935324.61902,34827,2006.551,76196229.27655,0
1622656800000,38003.70,38006.67,37880.00,37915.42,2871.756,1622657699999,108962239.12675,28678,1218.423,46237584.45805,0
1622657700000,37915.43,38070.00,37763.79,37962.74,4521.480,1622658599999,171401811.73166,39112,2297.899,87103643.47726,0
1622658600000,37962.74,38060.99,37923.17,38055.39,2539.651,1622659499999,96487666.25141,24732,1234.515,46906398.75750,0
1622659500000,38055.39,38056.55,37937.12,38011.44,1955.988,1622660399999,74303115.20108,21949,1021.010,38784718.10466,0
1622660400000,38011.44,38041.83,37929.20,37980.89,2390.240,1622661299999,90787009.40610,22809,993.290,37725856.55326,0
1622661300000,37980.90,38003.13,37822.22,37847.28,2584.925,1622662199999,97989299.37231,25637,1124.029,42612632.27465,0
1622662200000,37847.27,37923.00,37801.00,37881.13,2581.231,1622663099999,97722779.78421,25699,1437.124,54404857.38995,0
1622663100000,37882.48,37950.00,37850.00,37890.00,1909.154,1622663999999,72345839.74655,20631,1029.195,39000984.73798,0
1622664000000,37889.99,37932.22,37641.30,37765.61,5902.597,1622664899999,223032693.84937,48823,2469.226,93292069.09890,0
1622664900000,37765.61,37788.20,37603.00,37660.49,4512.098,1622665799999,169982221.66837,40468,2091.823,78803945.65650,0
1622665800000,37660.50,37748.00,37580.00,37700.00,3365.778,1622666699999,126813897.40981,30994,1754.356,66102999.03003,0
1622666700000,37700.01,37765.45,37636.34,37718.94,2399.687,1622667599999,90504014.74776,22812,1212.418,45731003.24578,0
1622667600000,37718.00,37844.37,37717.30,37843.03,2232.935,1622668499999,84361888.67639,25970,1283.316,48487855.88174,0
1622668500000,37842.18,37926.62,37760.26,37778.48,3192.626,1622669399999,120798228.48067,33384,1562.170,59118521.14109,0
1622669400000,37778.48,37850.00,37672.39,37819.94,2145.006,1622670299999,81005663.61142,24837,1108.841,41878855.14749,0
1622670300000,37819.69,37882.36,37737.71,37765.95,2589.649,1622671199999,97942977.31207,25558,1242.304,46986228.41544,0
1622671200000,37766.12,37867.00,37726.00,37737.37,2716.559,1622672099999,102702813.00648,25652,1390.485,52566380.69809,0
1622672100000,37736.64,37841.35,37525.00,37565.24,4637.107,1622672999999,174677054.25513,41976,2175.538,81967764.26209,0
1622673000000,37565.23,37660.00,37319.79,37470.08,6973.440,1622673899999,261277372.70831,58855,3023.255,113315130.57950,0
1622673900000,37470.08,37545.40,37393.71,37518.32,3325.649,1622674799999,124629341.72807,28623,1660.276,62220623.16565,0
1622674800000,37518.32,37614.56,37430.01,37585.00,2606.375,1622675699999,97826583.22491,26077,1427.215,53576947.61756,0
1622675700000,37585.01,37741.84,37575.94,37676.61,2791.663,1622676599999,105120972.72502,27678,1420.733,53498636.31964,0
1622676600000,37675.14,37721.51,37614.51,37688.59,2440.975,1622677499999,91944479.98365,23661,1230.593,46356067.79728,0
1622677500000,37688.60,37694.88,37542.27,37569.99,2183.494,1622678399999,82144305.30504,21607,1007.177,37893023.59950,0
1622678400000,37570.00,37873.43,37389.50,37496.55,10897.966,1622679299999,409851752.96310,82214,5328.354,200417482.62354,0
1622679300000,37496.70,37546.29,37360.00,37504.37,5159.053,1622680199999,193179750.91797,39860,2480.131,92878349.80134,0
1622680200000,37504.36,37504.37,37360.00,37407.33,2835.755,1622681099999,106078308.29459,26870,1371.071,51287603.29370,0
1622681100000,37407.33,37513.75,37301.00,37466.32,3913.180,1622681999999,146261433.81996,32633,2012.655,75240329.13649,0
1622682000000,37466.31,37573.32,37389.22,37550.00,3079.016,1622682899999,115445249.03954,26046,1618.116,60676280.96090,0
1622682900000,37549.99,37585.32,37460.00,37482.81,2284.897,1622683799999,85726265.83857,21566,1080.663,40543531.58130,0
1622683800000,37482.82,37482.82,37333.00,37414.92,3382.101,1622684699999,126502105.34222,29885,1505.024,56293978.00101,0
1622684700000,37414.92,37414.92,37226.74,37306.48,4106.923,1622685599999,153267754.82157,34574,1822.032,68008970.61239,0
1622685600000,37306.48,37336.22,37205.00,37315.58,3334.401,1622686499999,124289589.74409,31600,1674.046,62405313.36617,0
1622686500000,37315.58,37368.00,37282.40,37298.54,2433.650,1622687399999,90865048.54818,22635,1283.894,47937371.60585,0
1622687400000,37298.54,37426.99,37150.15,37346.94,4168.846,1622688299999,155566453.92371,38226,2003.240,74780933.78406,0
1622688300000,37348.19,37424.31,37256.69,37403.68,2533.092,1622689199999,94581654.07179,24422,1255.676,46884226.12676,0
1622689200000,37403.68,37447.22,37344.96,37405.00,1998.884,1622690099999,74763766.17789,22174,1002.646,37502271.89099,0
1622690100000,37404.99,37525.88,37370.00,37438.09,2696.538,1622690999999,101004751.76797,28830,1494.017,55961525.84068,0
1622691000000,37438.27,37510.51,37420.00,37488.50,1971.438,1622691899999,73857409.47320,22558,1001.721,37531272.27473,0
1622691900000,37488.50,37680.70,37478.50,37623.50,4488.434,1622692799999,168697983.74218,40204,2576.950,96851459.55940,0
1622692800000,37623.49,37783.10,37585.17,37737.22,4286.746,1622693699999,161555893.47298,40146,2145.798,80875700.63133,0
1622693700000,37737.21,37841.79,37692.86,37790.26,3712.386,1622694599999,140270671.45256,37656,1789.886,67629603.91985,0
1622694600000,37790.26,37943.47,37790.25,37837.95,4085.588,1622695499999,154689608.31170,37881,2196.216,83148770.97549,0
1622695500000,37837.95,38050.00,37837.81,37964.43,4638.927,1622696399999,176125774.23176,42605,2579.667,97936312.79482,0
1622696400000,37965.15,38443.55,37965.15,38338.62,12802.247,1622697299999,489846237.25026,104018,7223.344,276363281.69380,0
1622697300000,38338.63,38450.00,38231.00,38244.26,7538.377,1622698199999,288919918.85558,59128,3316.892,127143633.44689,0
1622698200000,38244.25,38815.60,38202.07,38748.99,14583.731,1622699099999,562359558.35388,117389,8537.179,329155724.56818,0
1622699100000,38748.99,38896.76,38630.00,38777.81,11212.433,1622699999999,434673543.68984,91707,5763.700,223510187.96480,0
1622700000000,38777.82,38900.00,38626.91,38682.00,8282.878,1622700899999,320816096.31317,68406,3600.640,139490357.76133,0
1622700900000,38682.00,38780.00,38592.00,38750.00,5119.584,1622701799999,198079146.61586,47869,2330.043,90164842.77667,0
1622701800000,38750.01,38980.00,38682.46,38855.13,6511.571,1622702699999,252877012.47346,59713,3811.938,148064386.63920,0
1622702700000,38855.14,38934.26,38747.00,38933.61,4268.627,1622703599999,165794016.55755,42806,2095.425,81401539.10504,0
1622703600000,38932.11,39072.02,38607.05,38648.96,9587.267,1622704499999,372025962.54222,83275,4287.382,166443252.19452,0
1622704500000,38648.95,38743.57,38537.05,38596.99,5935.540,1622705399999,229240253.00645,53453,2730.992,105488660.64330,0
1622705400000,38598.11,38720.00,38595.73,38654.94,3580.877,1622706299999,138449638.65112,34520,1889.174,73043310.53493,0
1622706300000,38655.39,38738.17,38580.19,38631.51,3640.652,1622707199999,140719869.80444,34079,1776.273,68666620.54870,0
1622707200000,38631.51,38836.00,38514.18,38745.29,5677.966,1622708099999,219773453.29942,52099,2987.210,115652663.29049,0
1622708100000,38745.29,38899.34,38742.81,38830.00,4073.127,1622708999999,158133730.63019,40211,2115.819,82147821.50402,0
1622709000000,38830.00,38854.85,38728.41,38768.49,3307.121,1622709899999,128284092.54042,32145,1494.515,57973352.68438,0
1622709900000,38768.49,38818.49,38679.14,38814.44,3087.339,1622710799999,119632762.17049,29502,1556.028,60303232.29914,0
1622710800000,38814.44,39163.19,38811.74,39072.96,8766.305,1622711699999,341764189.72322,76660,4835.589,188556834.96509,0
1622711700000,39072.96,39200.00,38977.00,39001.25,6793.941,1622712599999,265433681.14796,63660,3339.510,130494115.32387,0
1622712600000,39003.09,39174.64,38911.00,39168.13,5543.488,1622713499999,216407074.24549,51763,3055.616,119299672.37528,0
1622713500000,39168.12,39173.87,38982.04,39103.18,4715.287,1622714399999,184276052.00957,43481,2218.477,86698594.50700,0
1622714400000,39103.18,39436.88,38989.00,39275.72,11686.672,1622715299999,458566704.05000,96387,6448.489,253112493.23648,0
1622715300000,39275.71,39470.00,39275.70,39378.31,7017.969,1622716199999,276427750.24052,64883,3557.384,140124986.60928,0
1622716200000,39378.31,39433.29,39232.28,39305.65,6074.172,1622717099999,238870898.54978,51606,3024.211,118946683.35422,0
1622717100000,39305.65,39372.69,39240.00,39240.08,3541.706,1622717999999,139231262.86571,36717,1618.454,63632116.05410,0
1622718000000,39240.17,39297.07,38913.51,39054.00,10391.758,1622718899999,405931081.50859,91175,4608.975,179992336.93426,0
1622718900000,39054.01,39096.16,38727.24,38889.21,10003.753,1622719799999,389115003.77843,85953,4574.433,177948696.20618,0
1622719800000,38889.21,39063.59,38830.00,38947.63,6388.354,1622720699999,248870326.06085,53879,3614.989,140834963.76525,0
1622720700000,38947.63,39007.00,38704.50,38783.65,7087.332,1622721599999,275229176.53593,58173,3337.586,129628161.94578,0
1622721600000,38783.64,38848.07,38566.02,38659.35,9448.590,1622722499999,365410313.29905,76666,4587.484,177417202.94959,0
1622722500000,38659.34,38783.00,38654.52,38716.25,5251.245,1622723399999,203352921.64294,41114,2693.993,104330330.90257,0
1622723400000,38716.25,39000.00,38713.02,38891.70,6561.905,1622724299999,255140182.67742,58137,3881.523,150916561.55057,0
1622724300000,38891.69,39095.54,38838.80,39003.76,6508.338,1622725199999,253718011.37744,55862,3543.383,138156647.99022,0
1622725200000,39003.76,39284.29,39003.48,39119.85,9712.515,1622726099999,380555175.26996,76082,4823.403,188988636.44035,0
1622726100000,39119.85,39176.81,38748.65,38844.10,10622.112,1622726999999,413258720.42752,87816,4695.255,182639927.45086,0
1622727000000,38844.10,38914.12,38400.00,38429.69,13907.364,1622727899999,537087290.72008,118585,5781.362,223327008.25776,0
1622727900000,38429.69,38545.75,38360.00,38460.92,10266.500,1622728799999,394860460.75644,92287,5365.210,206374122.71427,0
1622728800000,38460.91,38755.76,38459.56,38657.58,8379.332,1622729699999,323607742.67867,68259,4774.979,184416864.05395,0
1622729700000,38657.59,38660.66,38361.00,38435.04,8856.572,1622730599999,340779404.60338,71429,4095.102,157542738.87286,0
1622730600000,38435.04,38590.00,38381.83,38549.66,4881.267,1622731499999,188003937.00012,43676,2451.645,94427066.02065,0
1622731500000,38550.88,38671.01,38434.61,38624.06,5414.841,1622732399999,208889044.99349,48368,2786.219,107494378.11072,0
1622732400000,38624.06,38788.88,38623.91,38740.85,4855.818,1622733299999,187855840.36110,47551,2507.009,96997546.03291,0
1622733300000,38740.85,38750.80,38464.00,38534.90,5999.089,1622734199999,231444821.35333,53096,2523.946,97366871.14164,0
1622734200000,38533.95,38681.99,38531.86,38622.59,3558.809,1622735099999,137397587.35623,34915,1808.495,69825865.96871,0
1622735100000,38622.60,38650.00,38423.00,38546.06,4027.331,1622735999999,155135824.22432,39663,2056.011,79197679.66893,0
1622736000000,38547.17,38671.54,38441.00,38664.81,4089.819,1622736899999,157660807.11357,43774,2254.198,86908384.72584,0
1622736900000,38664.84,38870.00,38628.37,38785.78,6591.106,1622737799999,255326018.90464,62242,3375.027,130757326.91169,0
1622737800000,38785.79,38984.00,38745.00,38876.37,5811.778,1622738699999,225964045.01141,55837,3213.219,124941746.74747,0
1622738700000,38876.36,38917.74,38778.31,38881.05,3725.460,1622739599999,144687890.91781,33045,1595.758,61983633.49601,0
1622739600000,38881.26,38969.64,38805.35,38855.01,4171.283,1622740499999,162147563.26445,37204,2061.162,80128422.83699,0
1622740500000,38855.01,38999.90,38814.05,38952.33,3778.903,1622741399999,147056896.43809,35398,1972.781,76778062.23492,0
1622741400000,38952.33,38952.33,38829.93,38889.81,2934.627,1622742299999,114100784.44685,27282,1236.059,48066455.06128,0
1622742300000,38889.81,38896.80,38732.64,38808.13,4577.554,1622743199999,177695331.42117,36334,1989.095,77226801.68695,0
1622743200000,38808.14,38940.00,38804.46,38844.23,2596.591,1622744099999,100937326.04860,24004,1363.451,53004573.56431,0
1622744100000,38844.23,38885.00,38658.00,38694.86,4523.640,1622744999999,175260374.95569,37229,2236.801,86664405.39568,0
1622745000000,38695.08,38696.28,38555.81,38625.14,4020.031,1622745899999,155264566.44610,39704,1971.483,76143983.82491,0
1622745900000,38625.13,38684.47,38534.06,38574.11,3110.209,1622746799999,120068245.54270,29370,1488.256,57458585.23920,0
1622746800000,38573.01,38652.14,38505.00,38597.38,3188.918,1622747699999,122998169.25340,30257,1710.625,65985461.93260,0
1622747700000,38597.39,38700.00,38560.23,38625.59,2513.535,1622748599999,97114407.54794,26738,1331.961,51468430.05472,0
1622748600000,38623.81,38670.00,38531.15,38532.61,2516.096,1622749499999,97102188.07785,26888,1209.373,46671630.71128,0
1622749500000,38532.61,38642.85,38483.00,38612.05,2505.622,1622750399999,96647278.74078,26020,1155.234,44564217.39803,0
1622750400000,38612.05,38732.61,38581.17,38613.71,2516.087,1622751299999,97270330.42937,27056,1333.458,51553202.06849,0
1622751300000,38613.71,38767.75,38553.65,38734.47,2322.744,1622752199999,89784257.75285,24992,1235.879,47774178.68386,0
1622752200000,38734.21,38734.21,38553.00,38595.66,2807.464,1622753099999,108427212.22475,25520,1104.646,42665669.69616,0
1622753100000,38594.16,38721.87,38554.00,38714.61,2128.945,1622753999999,82286709.59948,24074,1183.537,45746234.13315,0
1622754000000,38714.61,39000.00,38652.81,38847.00,7251.234,1622754899999,281957686.16851,65689,4050.483,157476149.35897,0
1622754900000,38847.20,38924.78,38811.18,38834.55,2210.764,1622755799999,85899501.46848,24883,1210.149,47026831.37579,0
1622755800000,38834.07,38880.00,38727.31,38813.86,2529.323,1622756699999,98160014.53488,28342,1201.950,46650894.63273,0
1622756700000,38811.46,38835.64,38750.00,38762.13,2138.916,1622757599999,82950798.28280,22417,1054.577,40899143.14776,0
1622757600000,38762.13,38956.00,38736.12,38914.95,3825.302,1622758499999,148631768.15719,32401,1860.251,72278582.89952,0
1622758500000,38914.94,38993.00,38856.88,38940.00,3632.023,1622759399999,141404687.00172,33552,1748.369,68079419.00102,0
1622759400000,38939.99,38993.06,38893.31,38936.28,2732.824,1622760299999,106446271.71067,25380,1394.514,54317336.10664,0
1622760300000,38936.27,38975.00,38875.38,38897.10,2165.837,1622761199999,84293222.76489,21511,1066.352,41502677.15948,0
1622761200000,38897.10,39198.00,38800.00,39080.94,8033.262,1622762099999,313375952.22317,58535,4527.103,176636954.51740,0
1622762100000,39080.95,39149.92,39036.55,39094.07,3358.672,1622762999999,131326644.98177,29940,1641.398,64180746.13750,0
1622763000000,39092.87,39250.00,39068.91,39194.56,4715.364,1622763899999,184784869.94834,41064,2412.170,94528770.14862,0
1622763900000,39194.55,39250.00,39110.80,39247.40,2925.549,1622764799999,114584475.12793,28052,1396.075,54685244.04361,0
1622764800000,39247.40,39297.35,38756.97,38865.55,9724.933,1622765699999,379213042.58512,78931,4588.775,178967552.82850,0
1622765700000,38865.54,39009.08,38704.54,38806.51,6322.071,1622766599999,245535373.94996,48856,3074.142,119446998.33649,0
1622766600000,38806.52,38823.00,38726.00,38800.01,4072.399,1622767499999,157859392.60388,31270,1855.869,71943155.83669,0
1622767500000,38800.00,38800.01,38600.00,38707.86,5668.936,1622768399999,219377255.57432,42766,2513.157,97257400.28945,0
1622768400000,38706.10,38711.05,38182.09,38260.00,13113.514,1622769299999,504008388.81383,102065,5585.504,214709775.50828,0
1622769300000,38259.96,38308.23,37611.50,37886.09,23984.080,1622770199999,908383367.66141,200826,10724.190,406130002.26107,0
1622770200000,37886.09,38053.64,37765.38,37860.00,9516.946,1622771099999,360887433.68041,76053,4776.929,181185100.59309,0
1622771100000,37860.10,37940.95,37744.00,37938.69,6181.267,1622771999999,233944041.08324,45996,3200.083,121133074.55138,0
1622772000000,37938.69,37941.43,37350.00,37478.35,12289.321,1622772899999,462282715.46143,95251,4863.713,183014951.71897,0
1622772900000,37478.36,37695.00,37411.15,37599.62,9227.345,1622773799999,346743494.11185,70788,4728.455,177695594.70400,0
1622773800000,37599.61,37807.77,37583.92,37728.00,5576.062,1622774699999,210394950.53845,47384,3167.651,119519526.34703,0
1622774700000,37728.01,37868.09,37636.97,37786.56,4656.968,1622775599999,175879864.08289,38442,2544.590,96124516.13195,0
1622775600000,37786.57,37848.63,37590.21,37680.80,5338.102,1622776499999,201172248.28972,43592,2563.050,96597556.76003,0
1622776500000,37680.80,37990.00,37617.00,37930.23,5507.970,1622777399999,208324389.61081,46136,3020.645,114248799.88659,0
1622777400000,37929.79,38154.00,37900.00,37970.85,6865.544,1622778299999,261074975.39064,52757,3246.816,123485429.28930,0
1622778300000,37970.84,37976.00,37825.56,37945.72,4205.055,1622779199999,159381380.69899,36088,2087.057,79107202.99343,0
1622779200000,37945.71,37951.19,37777.00,37899.45,3690.791,1622780099999,139757086.17654,32852,1747.720,66183843.20270,0
1622780100000,37899.46,37905.89,37504.39,37699.97,8236.663,1622780999999,310208605.95381,73064,3874.545,145887666.42307,0
1622781000000,37698.18,37799.47,37580.00,37611.75,4819.583,1622781899999,181789271.93965,39158,2337.023,88168695.88177,0
1622781900000,37611.75,37766.05,37543.77,37579.40,4378.676,1622782799999,164878250.58617,35872,2134.593,80380255.79222,0
1622782800000,37579.40,37700.00,36900.00,37027.60,17502.659,1622783699999,652809970.15502,151312,6868.910,256338289.63636,0
1622783700000,37030.00,37186.91,36880.00,37139.52,13512.519,1622784599999,500763606.51130,103976,7151.792,265072083.46133,0
1622784600000,37139.26,37185.00,36615.00,36731.04,17465.185,1622785499999,643686258.55518,150803,7767.584,286301218.67131,0
1622785500000,36729.11,36850.00,36607.40,36757.00,9730.924,1622786399999,357758737.14063,85860,5135.560,188811007.14757,0
1622786400000,36757.00,37073.00,36700.00,36905.58,9744.906,1622787299999,360064162.94832,77090,5200.036,192150451.48429,0
1622787300000,36905.57,36996.01,36850.00,36873.66,3782.246,1622788199999,139633490.13783,37210,1864.095,68820047.04176,0
1622788200000,36873.67,36985.00,36700.00,36783.32,7525.706,1622789099999,277298356.50219,64607,3581.197,131977324.91635,0
1622789100000,36785.30,36860.00,36600.00,36817.23,7999.519,1622789999999,293880706.70263,72529,4067.351,149447491.05318,0
1622790000000,36817.23,36822.00,36388.00,36553.14,12702.095,1622790899999,464356674.52455,113866,5873.919,214760796.43197,0
1622790900000,36553.15,36650.00,36324.01,36636.01,11141.856,1622791799999,406334795.31971,98420,5657.914,206400890.48882,0
1622791800000,36636.01,36765.00,36553.03,36688.55,6542.315,1622792699999,239952682.94696,58059,3544.119,130001056.93038,0
1622792700000,36688.55,36844.81,36527.53,36631.46,9427.785,1622793599999,345986540.71810,74675,4696.358,172389289.95881,0
1622793600000,36631.46,36757.27,36219.24,36640.33,15208.576,1622794499999,555371216.55230,126511,7552.794,275858250.56527,0
1622794500000,36640.34,36750.00,36500.00,36745.00,5864.122,1622795399999,214733623.96281,54322,3125.751,114471516.88454,0
1622795400000,36744.99,36820.00,36588.20,36803.64,6479.461,1622796299999,237901081.95056,56962,3370.780,123787663.44913,0
1622796300000,36803.64,36849.59,36700.00,36726.65,4469.306,1622797199999,164308062.38703,40555,2275.975,83678385.73140,0
1622797200000,36726.66,36726.66,36360.00,36531.00,8191.512,1622798099999,299327253.87600,75781,3941.810,144048553.06859,0
1622798100000,36530.88,36788.87,36478.00,36658.78,5578.437,1622798999999,204473773.60845,47234,3184.668,116738206.20742,0
1622799000000,36658.79,36890.11,36570.26,36860.64,7304.506,1622799899999,268602087.59849,62025,3899.354,143404269.76645,0
1622799900000,36860.64,36870.00,36735.36,36870.00,5126.802,1622800799999,188670411.01794,37727,2426.336,89301528.26819,0
1622800800000,36870.00,37048.81,36790.16,36982.29,7396.940,1622801699999,273106439.61047,64675,4367.398,161277285.08227,0
1622801700000,36982.29,36987.93,36700.91,36732.07,5795.703,1622802599999,213473081.17969,53659,2494.827,91890222.82077,0
1622802600000,36732.07,36789.26,36562.96,36728.78,5484.263,1622803499999,201255947.83540,52215,2594.041,95207625.85654,0
1622803500000,36728.78,36800.00,36636.77,36657.41,4344.389,1622804399999,159503632.41270,39941,2339.747,85911427.93096,0
1622804400000,36657.41,36890.00,36512.30,36738.36,8050.164,1622805299999,295667070.36338,66142,4544.870,166973262.09162,0
1622805300000,36738.36,36785.80,36625.60,36694.88,3824.252,1622806199999,140326854.69599,35763,1808.146,66348381.59787,0
1622806200000,36697.34,36697.34,36380.50,36428.46,7900.215,1622807099999,288515898.13982,68710,3347.043,122242610.46052,0
1622807100000,36428.45,36613.34,36422.21,36610.28,6143.131,1622807999999,224442205.08011,49477,3263.927,119242533.16514,0
1622808000000,36610.27,36610.28,35552.51,35858.82,35407.173,1622808899999,1272695269.02166,277165,15483.209,556149066.76567,0
1622808900000,35858.82,35946.66,35698.76,35803.63,12498.808,1622809799999,448058582.15802,106153,6477.595,232239427.14130,0
1622809800000,35803.64,37191.00,35783.30,36700.00,27477.720,1622810699999,999318117.13404,261567,16116.491,586356922.23715,0
1622810700000,36699.99,37161.38,36613.26,36894.95,24629.744,1622811599999,909605658.48304,186995,11874.810,438551563.43979,0
1622811600000,36894.60,37000.00,36650.46,36830.00,11321.996,1622812499999,416649748.03977,89078,5746.529,211492510.22000,0
1622812500000,36830.00,36952.87,36700.23,36809.40,6179.591,1622813399999,227400908.16699,50927,3234.001,119023328.52616,0
1622813400000,36808.70,36941.67,36752.22,36815.80,4598.752,1622814299999,169414500.09220,38607,2346.569,86451647.72088,0
1622814300000,36815.81,36860.52,36604.11,36735.75,5685.907,1622815199999,208812126.61294,50451,2726.245,100134273.60870,0
1622815200000,36735.75,36798.69,36255.00,36308.06,11424.866,1622816099999,416950479.64387,105421,5144.072,187743762.11936,0
1622816100000,36308.05,36476.00,36143.84,36387.03,9445.079,1622816999999,343186167.16079,84724,4818.272,175117251.47173,0
1622817000000,36387.03,36640.00,36350.00,36615.35,7178.528,1622817899999,262122910.33058,61261,4106.270,149942034.25017,0
1622817900000,36615.34,36900.00,36475.38,36702.87,9072.712,1622818799999,333153693.41695,75777,4864.158,178678069.29221,0
1622818800000,36702.86,36849.00,36620.00,36724.23,6003.151,1622819699999,220436749.78777,50412,2868.659,105351195.16713,0
1622819700000,36724.38,36877.30,36680.09,36816.48,4315.461,1622820599999,158694799.51962,39138,2340.110,86070230.77436,0
1622820600000,36816.49,36989.99,36759.20,36966.85,6638.909,1622821499999,244891275.38659,59575,3671.391,135439207.52332,0
1622821500000,36966.86,37069.76,36841.21,36944.23,6427.992,1622822399999,237616495.29918,57278,3345.759,123688039.89163,0
1622822400000,36945.01,37072.06,36808.00,37000.29,7638.860,1622823299999,282130828.51761,69528,3658.411,135149206.69399,0
1622823300000,36999.94,37044.99,36829.00,36937.97,4310.335,1622824199999,159125347.27419,40890,2061.070,76089937.93480,0
1622824200000,36937.97,36940.00,36720.00,36851.14,4395.253,1622825099999,161854186.60980,41727,1879.199,69212118.94940,0
1622825100000,36851.14,36910.00,36755.00,36889.67,3578.749,1622825999999,131811736.60516,33684,1899.993,69978150.58386,0
1622826000000,36889.66,37031.90,36800.55,36978.22,4158.721,1622826899999,153677226.16407,41296,2202.134,81376205.24129,0
1622826900000,36978.23,37252.00,36940.00,37154.17,6306.471,1622827799999,234071549.26577,58652,3522.633,130765914.09517,0
1622827800000,37154.15,37230.00,37080.90,37124.51,4439.065,1622828699999,164915934.21769,40718,2120.225,78771366.90776,0
1622828700000,37124.50,37154.54,37050.00,37077.86,2885.949,1622829599999,107062875.37941,26806,1455.426,53994578.24375,0
1622829600000,37077.86,37135.00,36940.59,36984.23,3494.335,1622830499999,129372055.45142,35180,1556.281,57622082.27150,0
1622830500000,36984.97,37152.00,36973.87,37116.08,2552.002,1622831399999,94601368.63304,28024,1402.500,51986752.23198,0
1622831400000,37116.09,37164.00,36979.54,37089.94,3382.619,1622832299999,125424017.38486,33358,1460.499,54160162.04163,0
1622832300000,37089.93,37155.00,37056.00,37085.79,2054.715,1622833199999,76259699.82531,22788,1015.088,37675323.30923,0
1622833200000,37085.79,37195.00,36985.00,37092.61,3857.373,1622834099999,143058318.58260,33452,2095.491,77723051.49091,0
1622834100000,37092.61,37127.87,36967.12,37074.19,2977.985,1622834999999,110297329.93432,26337,1549.432,57388492.49804,0
1622835000000,37074.20,37118.58,36800.00,36904.98,4074.057,1622835899999,150574266.27462,36880,1720.245,63593375.37259,0
1622835900000,36903.23,36981.38,36725.17,36798.91,5158.940,1622836799999,189990063.59546,44238,2589.034,95344954.32828,0
1622836800000,36798.91,36931.86,36794.68,36895.35,2736.439,1622837699999,100936373.30089,29310,1443.055,53228328.56978,0
1622837700000,36895.35,37080.00,36885.00,37061.84,3604.123,1622838599999,133236759.30227,32113,2151.051,79534859.62591,0
1622838600000,37061.84,37126.53,36979.75,37065.87,2544.555,1622839499999,94278562.43371,27272,1202.972,44575625.93963,0
1622839500000,37065.87,37110.61,36938.00,37038.94,2415.408,1622840399999,89442150.54813,24750,1074.183,39780764.09295,0
1622840400000,37038.93,37245.00,37022.63,37145.55,4362.848,1622841299999,162073941.98651,44038,2281.646,84757661.59577,0
1622841300000,37145.55,37248.99,37120.27,37135.00,2296.665,1622842199999,85388576.55584,26768,1137.152,42286031.05622,0
1622842200000,37135.21,37204.78,37100.00,37201.69,1308.929,1622843099999,48607935.18423,19918,655.342,24339215.98492,0
1622843100000,37203.56,37219.00,37100.00,37195.93,2313.168,1622843999999,85969787.87991,23947,1150.093,42742200.69984,0
1622844000000,37195.93,37240.00,37070.54,37166.69,2954.621,1622844899999,109788621.71259,27327,1456.491,54124345.12042,0
1622844900000,37166.69,37179.00,37080.00,37101.20,1897.873,1622845799999,70454697.79124,19615,885.723,32880146.95993,0
1622845800000,37101.20,37200.00,37085.00,37102.62,1811.491,1622846699999,67285129.99134,20013,894.320,33218555.85799,0
1622846700000,37102.62,37213.94,37090.00,37091.97,1857.356,1622847599999,68997274.03829,20527,930.281,34562053.89954,0
1622847600000,37091.96,37193.01,36450.69,36592.22,9333.208,1622848499999,343555403.41195,83525,3881.087,142841418.02134,0
1622848500000,36593.80,36872.95,36500.00,36786.86,7907.984,1622849399999,290121435.33657,65282,4336.292,159088236.61508,0
1622849400000,36787.94,37110.37,36723.12,37040.85,6379.367,1622850299999,235404849.48708,50098,3681.093,135900408.75693,0
1622850300000,37040.85,37085.73,36754.90,36828.03,5714.293,1622851199999,210870672.45299,44342,2264.532,83581551.10790,0
1622851200000,36828.03,37157.52,36610.05,37098.58,8521.412,1622852099999,314457586.54947,69668,4472.260,165045321.02737,0
1622852100000,37097.55,37351.68,37097.55,37299.83,7733.527,1622852999999,287813798.15366,60588,4358.011,162210088.81226,0
1622853000000,37299.32,37621.00,37247.71,37599.63,10327.101,1622853899999,386967752.01137,83559,6032.832,226091642.20480,0
1622853900000,37597.66,37786.99,37472.08,37692.81,7795.141,1622854799999,293330686.31527,60239,4370.326,164532325.63523,0
1622854800000,37691.86,37720.00,37557.48,37638.88,4906.433,1622855699999,184583440.29675,37985,2379.876,89541939.61976,0
1622855700000,37638.87,37648.43,37550.49,37582.21,3108.850,1622856599999,116855637.39063,27796,1411.194,53044413.75782,0
1622856600000,37583.53,37796.36,37583.53,37724.35,4505.564,1622857499999,169790825.75105,38301,2708.703,102069197.62524,0
1622857500000,37729.20,37863.00,37660.00,37685.01,4586.214,1622858399999,173114635.86839,39768,2445.084,92315561.21467,0
1622858400000,37685.45,37748.65,37543.47,37557.40,4915.554,1622859299999,185012226.85194,38629,1740.201,65514323.86200,0
1622859300000,37557.39,37650.51,37475.64,37492.18,3091.515,1622860199999,116137219.27125,28862,1405.666,52813330.56884,0
1622860200000,37491.00,37516.59,37325.00,37443.51,5228.696,1622861099999,195692179.04618,43148,2516.490,94207250.30196,0
1622861100000,37443.62,37720.79,37440.82,37633.71,4867.107,1622861999999,182917142.65525,38736,3207.067,120518900.02091,0
1622862000000,37633.71,37755.70,37478.47,37532.54,4125.496,1622862899999,155210528.88704,37627,1893.068,71219130.10448,0
1622862900000,37532.84,37586.55,37450.00,37553.63,2601.748,1622863799999,97605623.18158,26612,1408.357,52838785.35405,0
1622863800000,37553.64,37629.84,37389.00,37423.25,3081.809,1622864699999,115545737.39459,31739,1446.552,54244204.33598,0
1622864700000,37423.25,37480.00,37373.00,37414.07,2125.262,1622865599999,79545039.86001,23254,1037.637,38839912.67616,0
1622865600000,37414.24,37639.99,37413.73,37525.25,4472.553,1622866499999,167976610.50998,36662,2540.514,95411663.15528,0
1622866500000,37525.26,37556.28,37411.30,37472.01,3113.937,1622867399999,116718511.29586,28204,1504.217,56385673.78987,0
1622867400000,37472.01,37602.26,37434.81,37500.01,2257.823,1622868299999,84726074.30163,24375,1159.657,43515612.75373,0
1622868300000,37500.01,37715.00,37470.63,37663.97,3881.353,1622869199999,146029580.86529,35741,1983.649,74628692.80980,0
1622869200000,37662.97,37750.00,37582.79,37602.99,3662.658,1622870099999,137879089.32134,32058,1644.473,61911640.14234,0
1622870100000,37603.00,37640.87,37519.75,37568.95,2381.794,1622870999999,89460566.65008,23458,1071.708,40253992.68421,0
1622871000000,37568.95,37588.98,37470.34,37512.90,2769.970,1622871899999,103946935.40820,26917,1373.948,51559543.95468,0
1622871900000,37512.66,37631.15,37501.52,37592.08,2353.729,1622872799999,88421629.85866,24177,1136.435,42694400.56566,0
1622872800000,37592.08,37841.00,37550.71,37746.29,6702.891,1622873699999,252887701.43809,53700,3502.304,132143598.75095,0
1622873700000,37746.30,37810.00,37636.21,37730.00,3548.434,1622874599999,133831685.68113,33211,1708.997,64458526.39036,0
1622874600000,37730.00,37750.00,37622.00,37637.47,2817.987,1622875499999,106151603.43606,26699,1226.782,46211496.63506,0
1622875500000,37638.29,37747.42,37601.11,37693.27,2819.465,1622876399999,106259237.66916,26317,1481.081,55821393.49868,0
1622876400000,37693.26,37900.00,37678.58,37813.78,5233.585,1622877299999,197879045.34754,44928,2761.413,104406956.69193,0
1622877300000,37813.79,37900.49,37771.82,37823.25,4274.301,1622878199999,161736226.28010,35810,2183.298,82621521.99377,0
1622878200000,37823.77,37868.85,37566.29,37654.61,5023.948,1622879099999,189588542.57038,40590,1864.780,70406094.50402,0
1622879100000,37654.93,37702.56,37542.38,37581.00,5880.128,1622879999999,221141087.42687,49870,2859.115,107532056.92209,0
1622880000000,37576.93,37625.10,37430.00,37528.74,6108.932,1622880899999,229246151.01888,54800,2932.211,110054305.87216,0
1622880900000,37528.75,37773.00,37522.19,37694.52,5223.092,1622881799999,196686475.50284,43483,2950.276,111091385.72548,0
1622881800000,37694.52,37850.00,37624.24,37819.78,5215.084,1622882699999,196853189.74069,46362,2694.036,101701791.35262,0
1622882700000,37819.79,37820.00,37728.49,37777.15,3250.030,1622883599999,122750535.37370,31578,1581.636,59736626.14708,0
1622883600000,37777.15,37825.62,37664.00,37745.96,3158.953,1622884499999,119220652.93487,30583,1508.111,56920309.54871,0
1622884500000,37746.52,37746.52,37643.40,37648.73,2782.374,1622885399999,104862370.59709,27509,1333.915,50275169.05591,0
1622885400000,37648.73,37650.00,37266.68,37354.29,9331.665,1622886299999,349861971.73367,73297,3952.319,148234555.43109,0
1622886300000,37354.29,37359.76,35392.85,36312.98,37172.333,1622887199999,1359592207.70560,385407,17129.443,626677436.80337,0
1622887200000,36312.98,36489.11,36012.00,36368.51,17055.020,1622888099999,618475296.65267,151003,9121.420,330820916.96585,0
1622888100000,36369.20,36666.00,36280.00,36618.56,15461.742,1622888999999,565096831.91996,112376,8382.915,306383580.69648,0
1622889000000,36618.55,36618.56,36326.04,36359.89,8038.518,1622889899999,293150806.69916,64565,3523.622,128523423.83473,0
1622889900000,36359.88,36521.00,36243.49,36443.26,6194.168,1622890799999,225482409.37150,51381,3234.141,117751642.51593,0
1622890800000,36443.26,36525.68,36357.12,36357.13,4205.796,1622891699999,153265405.37843,38055,2072.679,75536599.95845,0
1622891700000,36357.12,36395.37,36116.68,36207.67,8651.831,1622892599999,313726201.30658,76208,4150.400,150507565.50442,0
1622892600000,36207.67,36326.57,36050.00,36118.02,7264.755,1622893499999,262911419.22227,63499,3543.899,128261572.71436,0
1622893500000,36118.02,36165.00,35643.30,35863.07,17857.260,1622894399999,640357719.28161,160021,7783.887,279196231.95537,0
1622894400000,35863.06,35943.00,35200.00,35794.70,28642.636,1622895299999,1019745129.21034,244006,14548.369,518275206.00886,0
1622895300000,35794.70,35996.69,35723.65,35916.96,9351.451,1622896199999,335473526.17702,93853,4853.712,174143711.80447,0
1622896200000,35916.97,36224.82,35756.46,36037.25,10844.675,1622897099999,390714892.95852,95606,5955.309,214574005.59824,0
1622897100000,36037.25,36069.59,35821.24,36005.47,7018.755,1622897999999,252465020.65311,63449,3259.182,117246974.80010,0
1622898000000,36005.47,36030.62,35747.61,35906.26,6987.447,1622898899999,250794711.92176,66379,3339.344,119864565.47000,0
1622898900000,35904.86,36038.00,35822.00,36026.84,4878.230,1622899799999,175412731.97037,42744,2572.470,92511316.76499,0
1622899800000,36026.84,36026.84,35690.19,35747.52,7052.717,1622900699999,252781145.75270,59488,3206.470,114923359.68246,0
1622900700000,35748.48,35922.76,35663.53,35720.91,6261.498,1622901599999,224120317.06046,52745,3246.728,116216282.96153,0
1622901600000,35720.90,35815.43,35505.81,35559.78,9090.804,1622902499999,323877723.73822,85541,4377.144,155954987.09290,0
1622902500000,35559.77,36000.00,35555.00,35878.05,10001.744,1622903399999,358348067.67334,94289,5393.932,193242336.91776,0
1622903400000,35878.05,35945.87,35661.60,35827.40,6337.727,1622904299999,226749889.39092,59190,3111.484,111349299.51997,0
1622904300000,35826.42,35826.48,35601.60,35645.31,6361.258,1622905199999,226950727.37043,57873,3156.334,112611345.92018,0
1622905200000,35645.30,35824.00,35560.00,35673.03,9666.361,1622906099999,344674987.76217,72616,4342.604,154893913.96028,0
1622906100000,35673.03,35949.00,35671.61,35934.27,7345.082,1622906999999,263180359.30554,57025,3822.577,136970728.44609,0
1622907000000,35932.50,36196.16,35848.10,36102.93,11235.901,1622907899999,404910777.80298,83301,6184.976,222954515.07564,0
1622907900000,36102.94,36450.00,36034.34,36316.45,10526.623,1622908799999,381781635.83284,85465,5569.445,202068400.87780,0
1622908800000,36316.45,36320.93,36076.41,36144.60,7781.646,1622909699999,281549560.85460,62102,3668.198,132722181.05171,0
1622909700000,36144.60,36182.56,36032.01,36122.74,4619.189,1622910599999,166763600.13840,40483,2499.746,90254319.91298,0
1622910600000,36122.73,36195.00,36023.12,36067.50,3861.553,1622911499999,139470426.67912,36706,1879.557,67896937.54826,0
1622911500000,36067.50,36121.92,36000.00,36077.42,3218.899,1622912399999,116065483.57060,31103,1578.791,56933335.75857,0
1622912400000,36077.42,36138.00,35856.00,35932.24,6602.447,1622913299999,237741868.72077,51453,2633.498,94852373.43988,0
1622913300000,35932.24,36345.35,35900.00,36139.43,6370.938,1622914199999,230066210.44154,56481,3648.484,131756220.23648,0
1622914200000,36139.35,36200.06,36061.00,36086.18,3385.610,1622915099999,122287908.80759,32466,1619.864,58511238.26182,0
1622915100000,36083.76,36091.73,35972.01,36028.99,3092.318,1622915999999,111404536.48290,30716,1467.571,52870575.36481,0
1622916000000,36030.61,36180.00,35910.00,36092.02,5481.343,1622916899999,197648977.35488,45306,2757.343,99421040.67744,0
1622916900000,36092.00,36171.00,36067.95,36145.51,2996.804,1622917799999,108268464.56508,25550,1623.349,58649642.34040,0
1622917800000,36145.51,36158.42,36050.00,36134.57,2130.935,1622918699999,76933979.44851,24156,1009.188,36435717.02832,0
1622918700000,36135.14,36144.66,35996.31,36041.14,2532.337,1622919599999,91385109.06827,25439,1150.340,41517465.85429,0
1622919600000,36041.13,36150.00,35970.00,36064.28,3582.765,1622920499999,129263154.96963,33895,1862.530,67197664.45793,0
1622920500000,36064.29,36307.57,36064.29,36177.75,4864.301,1622921399999,176074906.02487,40986,2853.960,103312684.72643,0
1622921400000,36177.75,36183.86,36022.26,36045.04,3761.021,1622922299999,135686062.21667,31730,1642.044,59238620.46569,0
1622922300000,36045.05,36045.05,35689.00,35784.94,6562.866,1622923199999,235350286.04568,59781,2828.658,101452479.44934,0
1622923200000,35784.94,35994.80,35710.00,35955.26,4743.267,1622924099999,170195775.65918,43437,2616.758,93882383.58229,0
1622924100000,35955.25,35967.85,35747.11,35816.80,3735.443,1622924999999,133887257.79033,37027,1870.164,67027769.36483,0
1622925000000,35816.80,35991.50,35811.45,35919.98,3048.821,1622925899999,109466492.26054,30814,1647.687,59156464.11872,0
1622925900000,35917.80,36017.51,35550.02,35838.81,10719.843,1622926799999,383375737.62041,94660,5236.413,187295618.72873,0
1622926800000,35838.80,35846.81,35664.00,35725.91,5010.766,1622927699999,179130916.77309,45943,2597.438,92863465.92851,0
1622927700000,35728.35,35781.81,35077.00,35160.04,11698.047,1622928599999,414282482.00779,125965,4554.437,161385470.86537,0
1622928600000,35161.44,35297.66,34800.00,34935.97,17734.372,1622929499999,620758916.51778,192337,8526.719,298579328.33464,0
1622929500000,34935.97,35050.00,34850.00,34965.20,7210.996,1622930399999,252118789.79227,67048,3748.714,131071181.85263,0
1622930400000,34965.20,35199.00,34921.75,35081.94,5890.878,1622931299999,206750098.17115,53512,3171.429,111307833.40293,0
1622931300000,35081.94,35348.50,35081.93,35215.07,6367.969,1622932199999,224365124.37710,55355,3787.064,133438117.63846,0
1622932200000,35215.07,35345.88,34828.00,34903.11,8818.705,1622933099999,309393881.54826,70573,3570.215,125342666.81606,0
1622933100000,34903.11,35137.22,34902.93,35056.70,5005.122,1622933999999,175426833.07808,45164,2757.595,96652517.84022,0
1622934000000,35056.70,35493.14,35053.43,35343.90,6898.591,1622934899999,243693451.43256,58823,3929.295,138782796.31302,0
1622934900000,35343.90,35419.76,35208.67,35279.36,3529.795,1622935799999,124634046.44409,34297,1645.681,58115732.71678,0
1622935800000,35277.80,35416.38,35225.89,35405.30,2817.202,1622936699999,99475683.76510,29043,1619.242,57179640.27601,0
1622936700000,35405.30,35619.30,35302.35,35498.62,5663.212,1622937599999,200901587.87090,46153,3091.581,109696064.72513,0
1622937600000,35497.93,35629.80,35401.49,35423.56,5332.794,1622938499999,189276767.77238,48706,2426.278,86118712.07421,0
1622938500000,35423.56,35781.38,35420.00,35671.24,5050.725,1622939399999,179848770.88311,46919,2910.523,103637283.51977,0
1622939400000,35671.24,35680.00,35579.13,35596.98,2960.755,1622940299999,105460042.39621,30378,1479.346,52694143.92881,0
1622940300000,35596.99,35629.00,35450.07,35565.24,4741.142,1622941199999,168474583.56638,35408,2251.867,80022497.77233,0
1622941200000,35565.25,35756.00,35565.23,35701.00,4587.478,1622942099999,163668679.47762,38787,2750.266,98121889.54596,0
1622942100000,35701.00,36169.43,35668.36,35982.03,9275.814,1622942999999,333588579.06632,77134,5298.511,190567621.26688,0
1622943000000,35982.02,36095.62,35915.62,36064.95,4407.481,1622943899999,158712185.36192,38466,2240.531,80689800.93400,0
1622943900000,36063.67,36278.06,35980.00,36221.49,3302.767,1622944799999,119142853.74902,32271,1944.674,70180826.08173,0
1622944800000,36220.12,36226.46,36080.00,36162.95,3634.497,1622945699999,131336275.61479,35142,1715.075,61977505.99804,0
1622945700000,36163.83,36239.86,36036.19,36054.28,3578.244,1622946599999,129258385.41301,32332,1651.747,59679909.18755,0
1622946600000,36056.08,36170.88,36052.46,36095.98,2573.280,1622947499999,92943556.96011,24772,1340.108,48405419.18275,0
1622947500000,36095.99,36254.46,36057.74,36129.42,3157.562,1622948399999,114163170.20122,29602,1609.362,58195458.04228,0
1622948400000,36129.43,36223.48,36059.04,36087.04,2340.164,1622949299999,84589881.11462,25888,1128.009,40783265.05225,0
1622949300000,36088.12,36131.70,35800.00,35935.97,7469.319,1622950199999,268254553.26578,57843,2902.133,104242465.13908,0
1622950200000,35935.97,36041.46,35820.69,35968.41,7328.651,1622951099999,263495659.44433,48758,3847.511,138360429.97759,0
1622951100000,35968.34,36040.90,35915.47,35994.26,2719.384,1622951999999,97839850.11458,25919,1340.775,48242323.01952,0
1622952000000,35992.23,36127.26,35950.90,35950.91,2859.383,1622952899999,103057913.96576,32417,1490.208,53717368.65377,0
1622952900000,35950.90,36077.92,35950.90,35969.14,1846.330,1622953799999,66507340.04201,22114,906.556,32655278.56936,0
1622953800000,35969.15,36147.00,35969.14,36135.64,2604.300,1622954699999,93996953.16217,28573,1411.770,50953776.53703,0
1622954700000,36135.63,36200.00,36077.60,36079.64,2351.198,1622955599999,84963833.07131,25983,1233.942,44595819.65931,0
1622955600000,36079.64,36163.69,36000.00,36000.28,2598.391,1622956499999,93713650.94797,27075,1164.818,42010821.13114,0
1622956500000,36000.27,36150.01,36000.00,36139.03,2196.627,1622957399999,79286062.47185,23961,1262.987,45583745.20238,0
1622957400000,36140.06,36198.95,36083.30,36100.11,2709.605,1622958299999,97955072.60323,27065,1427.671,51616458.33324,0
1622958300000,36100.10,36238.60,36094.09,36232.02,2482.079,1622959199999,89762065.67673,26297,1406.266,50861077.46873,0
1622959200000,36231.56,36521.16,36120.00,36120.80,10126.938,1622960099999,367958886.26900,84462,5406.695,196549573.46358,0
1622960100000,36120.81,36127.49,35700.00,35823.55,10626.485,1622960999999,381888616.87572,85873,4647.320,167050364.27751,0
1622961000000,35824.05,35924.57,35725.00,35915.63,6715.299,1622961899999,240627901.23599,53592,3501.267,125479823.72024,0
1622961900000,35915.63,35940.00,35765.24,35857.51,4171.154,1622962799999,149585244.60655,37324,1831.175,65672505.91091,0
1622962800000,35857.51,35949.95,35825.80,35932.96,3023.210,1622963699999,108542119.47132,28241,1725.215,61944886.64735,0
1622963700000,35932.96,36012.98,35900.00,35931.58,3356.430,1622964599999,120681864.02173,31232,1893.443,68088109.41749,0
1622964600000,35931.58,36192.00,35931.58,36096.69,5746.531,1622965499999,207276060.66435,46051,3476.392,125388430.60178,0
1622965500000,36096.60,36188.00,36043.54,36131.74,3799.909,1622966399999,137256574.66863,31815,1720.803,62169946.34741,0
1622966400000,36131.73,36256.70,36083.97,36150.49,4328.350,1622967299999,156488557.82595,45305,2064.719,74665855.98326,0
1622967300000,36150.50,36286.00,36126.42,36167.35,4240.751,1622968199999,153529318.41943,37421,2330.297,84375694.09475,0
1622968200000,36167.55,36225.35,36074.21,36107.60,2769.290,1622969099999,100154158.36432,24818,1142.345,41328550.49967,0
1622969100000,36106.90,36350.00,35955.55,36301.11,8752.213,1622969999999,316382578.51988,75085,4348.856,157298158.26106,0
1622970000000,36301.11,36421.48,36252.12,36262.11,5787.784,1622970899999,210211291.26809,55570,3056.937,111036387.20821,0
1622970900000,36262.11,36299.90,36171.00,36209.50,3091.806,1622971799999,112007514.23740,31185,1375.495,49831629.09118,0
1622971800000,36209.51,36315.13,36188.18,36247.14,3080.246,1622972699999,111663310.77642,31100,1734.846,62896191.37054,0
1622972700000,36247.14,36247.14,36136.25,36170.40,2726.982,1622973599999,98650853.39642,29625,1312.051,47465834.67351,0
1622973600000,36170.40,36218.00,36064.39,36101.46,3968.538,1622974499999,143391270.20523,37513,1861.806,67273082.27819,0
1622974500000,36100.81,36129.09,35928.10,36000.01,8201.210,1622975399999,295305338.07231,60835,3952.332,142301387.53753,0
1622975400000,36000.01,36045.68,35850.00,35927.02,5218.255,1622976299999,187634429.42852,45734,2266.392,81500413.44960,0
1622976300000,35926.88,36035.00,35910.14,36021.86,3235.691,1622977199999,116453042.26350,30168,1793.349,64544834.62589,0
1622977200000,36021.85,36193.27,35900.00,35943.48,6175.636,1622978099999,222341565.80019,50999,3085.318,111125373.65729,0
1622978100000,35943.48,35970.99,35802.00,35890.16,4974.802,1622978999999,178580413.90916,42178,2201.196,79025651.33848,0
1622979000000,35891.02,35999.00,35869.42,35992.91,2936.010,1622979899999,105519180.86111,27920,1686.195,60604640.18661,0
1622979900000,35994.25,36064.99,35865.32,35874.23,3349.810,1622980799999,120395385.61357,31395,1683.680,60527257.73795,0
1622980800000,35874.23,36131.29,35830.14,36094.62,6411.343,1622981699999,230650589.88717,52584,3598.413,129500631.31031,0
1622981700000,36096.86,36097.85,35975.00,36089.55,3635.516,1622982599999,130997316.59995,32717,1782.675,64235280.66372,0
1622982600000,36089.55,36090.26,35855.41,35910.60,6320.995,1622983499999,227189926.88499,46322,2715.059,97567270.54084,0
1622983500000,35910.85,35938.00,35804.84,35876.99,4052.592,1622984399999,145394571.88906,33545,2159.368,77485385.66743,0
1622984400000,35877.65,36014.04,35852.18,35909.95,4190.787,1622985299999,150659302.85051,36395,2246.537,80765039.43844,0
1622985300000,35911.49,35930.00,35632.06,35785.98,9308.503,1622986199999,332812849.97607,76565,4149.209,148350512.81788,0
1622986200000,35785.97,35851.76,35700.00,35776.44,4459.777,1622987099999,159588117.62640,38849,2193.746,78506366.37350,0
1622987100000,35776.44,35814.61,35556.00,35639.99,9653.416,1622987999999,343914549.54457,73197,4591.586,163597515.08445,0
1622988000000,35640.00,35674.58,35440.00,35605.00,9861.969,1622988899999,350777764.14749,70375,4377.109,155723444.75802,0
1622988900000,35605.01,35726.11,35555.55,35719.45,5124.692,1622989799999,182624552.20219,43238,2810.727,100172910.87051,0
1622989800000,35719.01,35823.99,35632.21,35775.13,4953.522,1622990699999,176928575.66691,42026,2869.121,102493747.39214,0
1622990700000,35775.13,36255.27,35750.00,36106.83,14773.780,1622991599999,532364676.10443,121813,8548.808,308047905.23036,0
1622991600000,36106.83,36496.73,36047.00,36234.15,12689.140,1622992499999,460208686.34787,111952,7261.342,263421256.61518,0
1622992500000,36234.16,36238.03,36130.68,36148.58,4661.423,1622993399999,168642838.32622,42499,2198.288,79536249.44929,0
1622993400000,36148.43,36214.10,36080.61,36083.00,4251.566,1622994299999,153606622.33512,38191,2035.671,73554578.31371,0
1622994300000,36083.26,36238.67,36080.61,36159.24,3815.750,1622995199999,137953133.62518,34535,2179.224,78791438.11347,0
1622995200000,36159.27,36328.99,36113.65,36252.25,5641.307,1622996099999,204366391.25254,53615,2911.588,105490736.03549,0
1622996100000,36252.83,36260.00,36115.03,36188.58,2967.916,1622996999999,107338886.16194,29476,1394.982,50452164.96045,0
1622997000000,36189.91,36299.27,36166.00,36253.00,2652.389,1622997899999,96075684.12941,26339,1538.275,55723411.72390,0
1622997900000,36253.01,36287.76,36175.00,36219.21,2418.233,1622998799999,87591517.59260,25176,1154.638,41825053.58156,0
1622998800000,36219.21,36230.00,36111.00,36168.49,2892.239,1622999699999,104599362.36584,29900,1355.195,49010585.76697,0
1622999700000,36168.48,36200.00,36002.00,36051.49,4267.136,1623000599999,153985355.28085,40079,1805.550,65160032.14630,0
1623000600000,36051.49,36140.00,36029.81,36035.83,2656.196,1623001499999,95854761.16290,26772,1371.023,49481767.17983,0
1623001500000,36035.84,36070.00,35933.14,36036.90,3898.541,1623002399999,140369637.29682,38672,1954.310,70374665.47613,0
1623002400000,36036.90,36039.48,35950.00,35989.00,1977.628,1623003299999,71180385.10399,23150,966.001,34770312.12946,0
1623003300000,35989.43,35996.18,35852.20,35906.95,3155.705,1623004199999,113369485.82584,33228,1399.103,50265718.07220,0
1623004200000,35904.32,36012.81,35843.30,35893.56,4410.097,1623005099999,158388188.03988,36695,2320.583,83357175.55933,0
1623005100000,35893.55,35952.00,35851.36,35899.52,2357.918,1623005999999,84627238.98362,22729,1278.222,45881045.71633,0
1623006000000,35899.52,35899.52,35810.00,35817.33,2381.675,1623006899999,85373072.76772,27270,1138.580,40815786.17664,0
1623006900000,35817.34,35890.00,35700.00,35837.99,4084.424,1623007799999,146270447.86594,38926,1975.886,70783886.60881,0
1623007800000,35838.00,35838.00,35741.32,35760.01,2477.735,1623008699999,88667669.47662,25557,1116.211,39943743.27881,0
1623008700000,35761.91,35790.00,35717.00,35754.77,2365.985,1623009599999,84595118.68185,24214,1208.714,43218778.70303,0
1623009600000,35754.78,35845.13,35600.00,35686.26,7169.040,1623010499999,256016457.00921,60789,3495.200,124859938.43160,0
1623010500000,35686.25,35914.13,35650.00,35844.65,4602.819,1623011399999,164766804.25009,45098,2753.383,98567887.30607,0
1623011400000,35847.46,35847.46,35770.00,35801.00,1983.388,1623012299999,71012790.41774,23990,926.231,33164554.28800,0
1623012300000,35801.00,36000.00,35781.29,35981.99,3305.249,1623013199999,118643161.41320,35089,1913.794,68701477.45751,0
1623013200000,35978.86,35981.91,35857.32,35870.73,2779.733,1623014099999,99796485.92407,29504,1196.341,42943646.10185,0
1623014100000,35871.09,35995.26,35860.00,35949.15,3094.672,1623014999999,111214945.16239,32300,1548.033,55633875.19492,0
1623015000000,35949.14,35993.19,35880.00,35943.40,1441.659,1623015899999,51809214.44985,21856,728.767,26192983.07961,0
1623015900000,35943.39,35975.94,35877.49,35944.34,2464.517,1623016799999,88554679.23674,23618,1183.306,42520301.09930,0
1623016800000,35944.33,35956.75,35769.74,35812.10,3220.714,1623017699999,115518501.85046,30565,1328.314,47646920.69540,0
1623017700000,35812.20,35814.69,35460.00,35564.06,9288.719,1623018599999,330527180.17682,78258,4050.580,144127859.09288,0
1623018600000,35564.06,35564.07,35201.86,35318.56,10051.403,1623019499999,355299639.57250,81133,4120.684,145645750.04516,0
1623019500000,35316.96,35576.51,35250.00,35550.01,6573.510,1623020399999,232989030.25901,50815,3729.586,132204866.61112,0
1623020400000,35550.00,35734.95,35478.67,35680.65,5953.414,1623021299999,212036205.08627,49359,3044.104,108420754.32657,0
1623021300000,35680.37,35682.32,35555.79,35664.25,3112.612,1623022199999,110881001.44739,26405,1407.375,50139660.85451,0
1623022200000,35664.26,35720.00,35611.67,35709.44,2701.586,1623023099999,96357052.67448,24155,1427.832,50929522.61968,0
1623023100000,35709.44,35885.19,35681.00,35801.71,4576.834,1623023999999,163765452.85484,37956,2579.675,92307367.32042,0
1623024000000,35801.71,36101.02,35515.00,36006.65,14832.011,1623024899999,531400966.38871,115293,7547.595,270568112.55940,0
1623024900000,36006.64,36359.24,36002.41,36282.46,10446.723,1623025799999,378090164.68135,84835,5944.976,215174378.99550,0
1623025800000,36282.46,36425.85,36163.75,36309.22,9282.526,1623026699999,336737629.26627,64178,4941.599,179333669.88485,0
1623026700000,36308.52,36379.98,36263.00,36290.43,4295.133,1623027599999,155955942.38034,34078,2215.464,80449079.60090,0
1623027600000,36290.43,36430.00,36166.44,36228.30,6017.930,1623028499999,218398884.16688,44005,2669.553,96939584.50740,0
1623028500000,36228.29,36325.81,36180.80,36270.99,3826.752,1623029399999,138691974.95311,32543,2115.010,76661715.71897,0
1623029400000,36270.99,36400.00,36266.00,36362.66,3580.376,1623030299999,130121753.86622,30554,2095.921,76174268.88892,0
1623030300000,36362.65,36820.00,36362.65,36680.00,12593.254,1623031199999,461806050.58499,104237,7447.388,273028442.06420,0
1623031200000,36678.74,36762.00,36590.00,36670.00,4432.680,1623032099999,162431067.45820,36974,2191.850,80320755.82855,0
1623032100000,36670.00,36670.00,36547.43,36589.99,3494.075,1623032999999,127876080.43093,26547,1434.183,52495757.65979,0
1623033000000,36589.99,36751.05,36564.55,36652.25,3763.719,1623033899999,137985707.82512,31473,2184.428,80093445.17640,0
1623033900000,36652.26,36709.99,36597.26,36646.84,2215.957,1623034799999,81221606.20899,22497,981.413,35972278.25397,0
1623034800000,36646.84,36731.43,36642.46,36702.21,2681.402,1623035699999,98374353.05679,26444,1455.586,53405898.10210,0
1623035700000,36702.91,36727.27,36440.00,36559.02,4978.797,1623036599999,182174947.27513,42071,2006.958,73447847.60018,0
1623036600000,36560.38,36628.00,36263.70,36352.03,7271.235,1623037499999,264850832.37714,56088,3448.393,125619751.90918,0
1623037500000,36352.03,36462.56,36352.02,36400.37,4464.283,1623038399999,162544569.26785,34160,2566.387,93443861.78208,0
1623038400000,36400.26,36550.49,36396.76,36484.11,3840.824,1623039299999,140146472.47685,34690,2049.170,74769768.48063,0
1623039300000,36484.10,36484.11,36210.00,36297.55,5104.843,1623040199999,185439503.55902,44097,2118.475,76957867.12006,0
1623040200000,36298.50,36376.67,36204.00,36317.28,3218.169,1623041099999,116826628.13834,30217,1675.648,60836995.56565,0
1623041100000,36314.70,36345.00,36250.00,36260.01,2440.408,1623041999999,88562240.13467,23320,1086.527,39433510.65943,0
1623042000000,36260.00,36353.77,36220.00,36270.41,3061.579,1623042899999,111045591.03062,27887,1577.752,57236190.60479,0
1623042900000,36270.42,36309.57,36202.50,36273.12,2348.494,1623043799999,85147980.42807,22863,1057.076,38330103.86214,0
1623043800000,36273.12,36395.00,36046.06,36309.99,6542.630,1623044699999,236985202.99996,54992,3209.524,116305584.06319,0
1623044700000,36309.98,36445.70,36286.35,36296.24,3406.851,1623045599999,123869065.56838,32180,1813.362,65940575.28622,0
1623045600000,36296.23,36360.75,36163.54,36275.10,4160.227,1623046499999,150761515.24513,37350,1964.839,71201707.09656,0
1623046500000,36275.09,36286.87,36111.91,36155.55,2994.543,1623047399999,108438006.52757,28511,1290.551,46742446.96413,0
1623047400000,36156.90,36209.93,36101.02,36105.00,3693.920,1623048299999,133547057.76650,33860,1843.871,66671342.52911,0
1623048300000,36105.01,36167.28,36051.00,36089.11,3834.553,1623049199999,138456696.56635,36462,1810.048,65363356.80714,0
1623049200000,36089.12,36094.03,35901.48,36023.17,5776.900,1623050099999,207975414.81519,52370,2672.277,96214131.51750,0
1623050100000,36023.16,36151.00,35846.00,36070.00,7253.534,1623050999999,261286586.29116,57711,3686.050,132824376.89640,0
1623051000000,36070.01,36221.00,36060.00,36127.90,3501.123,1623051899999,126575687.71084,33258,1903.282,68811444.19885,0
1623051900000,36127.91,36170.00,36029.29,36152.91,2914.090,1623052799999,105220782.82111,29708,1362.890,49216547.55961,0
1623052800000,36152.90,36339.59,35954.51,35997.71,6954.200,1623053699999,251049600.45814,62545,3346.808,120858432.03841,0
1623053700000,35997.71,36077.51,35903.03,35970.01,4606.730,1623054599999,165748471.92303,38182,2119.904,76285600.42552,0
1623054600000,35970.00,36137.47,35967.51,36050.03,4105.019,1623055499999,148060185.74329,34221,2373.996,85609047.39531,0
1623055500000,36050.03,36178.40,36023.00,36109.99,3503.048,1623056399999,126459711.92948,29597,1810.748,65374506.40076,0
1623056400000,36109.99,36253.00,36039.34,36220.22,4671.224,1623057299999,168839927.14320,39566,2628.869,95040964.58276,0
1623057300000,36220.23,36325.70,36127.07,36295.00,5233.380,1623058199999,189612520.78021,43742,2491.159,90277601.68431,0
1623058200000,36296.85,36400.00,36215.50,36247.92,4782.825,1623059099999,173527542.19913,43278,2327.606,84464659.13901,0
1623059100000,36248.45,36300.00,36236.51,36270.69,2546.831,1623059999999,92379441.35621,25219,1385.127,50244583.91691,0
1623060000000,36270.69,36470.00,36270.68,36392.25,6501.453,1623060899999,236579670.67080,56527,3683.632,134031477.04172,0
1623060900000,36392.25,36594.43,36391.36,36548.47,6754.153,1623061799999,246572126.76875,59266,3716.478,135683640.45182,0
1623061800000,36548.47,36582.00,36468.39,36483.31,4095.719,1623062699999,149544729.91965,36904,1868.270,68219726.00103,0
1623062700000,36484.44,36580.00,36480.00,36493.14,3463.197,1623063599999,126513886.65837,33470,1672.155,61089907.52937,0
1623063600000,36493.14,36547.49,36430.00,36491.71,3562.090,1623064499999,130004758.61735,34561,1570.323,57318406.18967,0
1623064500000,36491.71,36580.75,36491.71,36506.95,2626.194,1623065399999,95955663.24837,25817,1409.814,51515373.48913,0
1623065400000,36506.96,36507.76,36372.00,36423.75,5270.493,1623066299999,191990723.26868,43254,2204.469,80305465.56928,0
1623066300000,36423.76,36444.36,36304.10,36382.01,4678.107,1623067199999,170112348.54045,40142,2287.561,83183681.43863,0
1623067200000,36382.01,36434.52,36220.00,36317.22,6617.289,1623068099999,240379317.45783,50480,3050.141,110832736.19881,0
1623068100000,36317.21,36409.90,36291.14,36337.24,3110.893,1623068999999,113091440.91579,29488,1795.552,65278167.35024,0
1623069000000,36337.24,36799.00,36310.07,36555.01,15679.341,1623069899999,574334419.00273,120406,8745.357,320304705.96382,0
1623069900000,36555.00,36697.00,36533.12,36606.94,5343.396,1623070799999,195660117.45000,44123,2523.028,92396193.63234,0
1623070800000,36607.73,36717.72,36567.05,36604.01,6183.738,1623071699999,226542580.17582,49885,3274.355,119960488.54757,0
1623071700000,36603.92,36645.00,36450.00,36523.79,5949.954,1623072599999,217410287.13233,51479,2544.817,93002488.57204,0
1623072600000,36523.79,36565.38,36394.93,36470.49,5623.735,1623073499999,205194545.79993,44646,2925.926,106785300.34342,0
1623073500000,36470.49,36496.00,36260.00,36323.63,7417.163,1623074399999,269748378.23535,61746,3346.176,121697397.05820,0
1623074400000,36323.63,36323.63,36000.00,36139.69,15611.157,1623075299999,563978376.69928,118586,7521.728,271753888.23999,0
1623075300000,36139.68,36141.00,35940.21,36088.01,9156.464,1623076199999,330231618.29824,69093,4162.636,150156647.79922,0
1623076200000,36088.01,36099.88,35920.00,35996.65,8125.122,1623077099999,292587179.99360,63087,3530.716,127160127.17601,0
1623077100000,35996.65,36175.84,35859.72,36061.81,9601.042,1623077999999,345940663.06043,83158,4890.360,176265647.71501,0
1623078000000,36061.81,36139.86,35954.52,36087.94,5247.580,1623078899999,189082136.36753,48962,2778.768,100136638.50360,0
1623078900000,36086.48,36130.00,36012.07,36080.00,3381.984,1623079799999,121997711.14188,33558,1547.017,55809324.88132,0
1623079800000,36079.99,36115.83,36000.62,36058.31,3014.043,1623080699999,108685886.67881,33829,1346.948,48579979.85737,0
1623080700000,36058.30,36092.80,35952.51,36039.99,4077.434,1623081599999,146866103.43858,36181,2085.414,75120899.70324,0
1623081600000,36040.00,36096.03,35911.00,35964.11,6389.985,1623082499999,230091883.94388,51288,2842.228,102364973.49020,0
1623082500000,35964.11,36014.81,35677.00,35815.50,11993.331,1623083399999,429835332.86921,94892,5297.117,189849364.67119,0
1623083400000,35816.31,35905.00,35756.00,35827.00,5674.871,1623084299999,203326095.17343,49607,3059.096,109616153.82058,0
1623084300000,35827.00,35858.00,35746.52,35799.65,2898.155,1623085199999,103758975.01589,29209,1335.700,47824840.76326,0
1623085200000,35799.65,35799.65,35617.20,35700.89,8467.739,1623086099999,302217944.63825,69251,4202.102,149976432.91350,0
1623086100000,35699.86,35904.00,35583.00,35867.33,8670.174,1623086999999,309931887.44383,71435,4728.685,169088828.05584,0
1623087000000,35867.33,35870.83,35622.97,35682.52,6513.700,1623087899999,232800564.63272,56901,2978.752,106466688.04040,0
1623087900000,35682.52,35827.00,35620.00,35740.88,4701.850,1623088799999,168007420.84443,39849,2561.069,91516409.24377,0
1623088800000,35740.87,35790.00,35555.00,35588.36,5548.293,1623089699999,197851833.49215,48512,2510.791,89548173.67068,0
1623089700000,35588.36,35680.00,35433.00,35655.29,8864.534,1623090599999,315113322.89043,75527,3967.072,141060637.34666,0
1623090600000,35655.29,35719.00,35550.29,35562.81,4158.664,1623091499999,148250917.45985,38126,1926.714,68692028.56943,0
1623091500000,35562.80,35639.00,35407.06,35506.18,6081.821,1623092399999,215996721.49062,53476,2841.187,100925368.97315,0
1623092400000,35506.06,35617.39,35403.00,35465.77,6620.702,1623093299999,235046186.17764,55565,3355.781,119149969.92931,0
1623093300000,35465.77,35525.00,35353.50,35488.60,7677.884,1623094199999,271933327.43724,64213,3653.116,129403896.30796,0
1623094200000,35488.60,35628.23,35400.49,35576.03,5218.150,1623095099999,185508765.15934,46664,2738.364,97360961.15989,0
1623095100000,35576.00,35684.28,35480.32,35642.68,4617.026,1623095999999,164439290.09065,40779,2431.123,86597148.31912,0
1623096000000,35642.68,35760.00,35506.01,35618.95,6210.407,1623096899999,221235026.68768,48681,2980.111,106187411.49237,0
1623096900000,35618.95,35629.53,35403.04,35496.53,3399.265,1623097799999,120693036.25460,34109,1481.278,52597702.96355,0
1623097800000,35496.53,35550.00,35375.00,35424.76,4978.690,1623098699999,176441210.25073,43494,2388.148,84639973.47782,0
1623098700000,35424.75,35428.28,33910.00,34431.11,40900.699,1623099599999,1414807346.25326,336186,16345.355,564495225.39617,0
1623099600000,34432.23,34640.41,34130.00,34216.25,14372.784,1623100499999,494573232.39887,136082,6821.278,234834548.38862,0
1623100500000,34216.24,34257.55,33505.20,33962.61,28349.271,1623101399999,961390868.58848,268993,13702.710,464850104.59222,0
1623101400000,33962.61,34308.83,33895.31,33967.01,11062.771,1623102299999,376997758.68647,119956,5503.520,187603610.58150,0
1623102300000,33966.90,34178.42,33911.20,34105.63,6862.213,1623103199999,233901455.66934,67082,3662.268,124838936.48345,0
1623103200000,34105.63,34285.00,33957.20,34230.00,7557.028,1623104099999,257890521.70908,69995,3975.481,135687553.06917,0
1623104100000,34230.00,34230.22,34041.29,34140.65,5080.811,1623104999999,173410245.09064,45082,2564.149,87513009.64942,0
1623105000000,34140.64,34160.00,33900.00,33978.93,6756.084,1623105899999,229855047.15042,56191,3191.611,108604716.68639,0
1623105900000,33978.93,34167.76,33978.93,34137.36,4414.280,1623106799999,150497428.60099,38718,2473.212,84317126.49155,0
1623106800000,34138.98,34170.70,34018.72,34029.87,4190.967,1623107699999,142886338.89553,37450,2153.901,73442284.04362,0
1623107700000,34029.87,34077.97,33600.00,33836.67,11061.736,1623108599999,374192119.15473,94439,4839.031,163695374.83500,0
1623108600000,33836.67,33950.00,33505.00,33668.26,11180.388,1623109499999,377290928.60326,93053,5407.939,182535668.77745,0
1623109500000,33668.27,33800.00,33200.00,33550.96,16497.061,1623110399999,552762514.37755,133145,7565.217,253644670.31015,0
1623110400000,33550.97,34061.57,33440.00,33920.00,17998.592,1623111299999,608205756.37345,148214,9540.758,322499293.14681,0
1623111300000,33920.00,34058.46,33469.22,33607.77,11585.718,1623112199999,391499326.44232,99237,5049.641,170701786.11028,0
1623112200000,33607.76,33686.44,33333.00,33443.56,14754.350,1623113099999,493841335.28119,116431,7377.853,247013272.93321,0
1623113100000,33445.18,33678.71,33411.53,33670.78,7245.262,1623113999999,243285639.20408,59521,3801.968,127673738.26755,0
1623114000000,33670.79,33840.00,33550.15,33703.39,7708.604,1623114899999,259990148.57726,61993,4191.967,141401312.30273,0
1623114900000,33703.04,33970.00,33623.82,33716.00,7707.219,1623115799999,260316752.72241,58285,3977.415,134407455.05503,0
1623115800000,33716.00,33767.97,33554.40,33661.48,5393.432,1623116699999,181463810.42100,43243,2789.346,93851677.14250,0
1623116700000,33661.55,33788.00,33565.00,33764.61,4653.937,1623117599999,156828525.49796,39838,2449.675,82552064.46525,0
1623117600000,33764.62,33897.13,33652.48,33770.77,5934.399,1623118499999,200313311.50108,42985,3481.173,117530654.39084,0
1623118500000,33770.76,33771.92,33570.00,33583.70,6095.492,1623119399999,205050005.77373,46041,2533.477,85218609.53389,0
1623119400000,33583.70,33584.95,32910.00,33075.19,17452.859,1623120299999,579988588.12738,136889,7418.290,246561562.08800,0
1623120300000,33070.73,33097.16,32300.00,32687.13,35897.304,1623121199999,1170952285.70701,302307,16534.075,539401028.39715,0
1623121200000,32687.12,32795.44,32525.00,32582.41,10979.604,1623122099999,359010514.05351,95640,5439.370,177893605.88673,0
1623122100000,32582.42,32796.85,32405.00,32562.23,13614.096,1623122999999,443610986.79648,113422,6909.993,225204537.09918,0
1623123000000,32562.23,32838.23,32479.92,32737.89,10817.412,1623123899999,353490065.64984,80831,5816.770,190085209.23454,0
1623123900000,32737.86,32870.38,32710.00,32797.91,7118.937,1623124799999,233511827.81807,53343,3823.992,125448014.57764,0
1623124800000,32797.91,33124.47,32755.00,32987.23,11803.467,1623125699999,388926087.47574,90124,6547.920,215781934.39010,0
1623125700000,32987.22,33003.85,32719.12,32740.65,6900.761,1623126599999,226798829.72061,55606,3115.990,102428587.02822,0
1623126600000,32740.74,32884.52,32650.00,32844.84,6878.669,1623127499999,225568941.12038,54821,3689.741,121009475.35121,0
1623127500000,32844.85,32941.62,32794.57,32822.15,5993.814,1623128399999,197071452.86205,44613,2932.296,96408679.86484,0
1623128400000,32822.14,32969.85,32775.00,32790.01,7368.593,1623129299999,242221859.76658,49648,4088.111,134403365.82228,0
1623129300000,32790.00,32896.92,32672.00,32687.30,7511.409,1623130199999,246383657.90548,47999,3755.015,123170646.14746,0
1623130200000,32689.13,32746.60,32452.49,32724.33,11576.950,1623131099999,377473884.17282,90201,5729.270,186840291.60983,0
1623131100000,32724.34,32909.94,32724.34,32872.12,8350.378,1623131999999,274104983.99970,59124,4433.075,145521955.21435,0
1623132000000,32871.81,32929.38,32655.13,32741.31,6128.536,1623132899999,201098599.46081,46548,2994.516,98264974.59546,0
1623132900000,32741.31,32825.52,32607.00,32684.87,6220.028,1623133799999,203460099.43662,49303,3176.886,103926736.02891,0
1623133800000,32685.05,32800.00,32644.32,32717.36,5038.175,1623134699999,164884661.76883,41309,2693.019,88140584.43714,0
1623134700000,32717.36,32717.36,32536.00,32583.00,8722.178,1623135599999,284510791.21953,63796,4004.470,130629637.41140,0
1623135600000,32582.79,32885.00,32000.00,32879.76,29955.780,1623136499999,972602672.16336,225177,15018.179,488096698.60281,0
1623136500000,32875.75,33300.00,32749.00,33086.88,19212.949,1623137399999,633621929.09592,155217,10741.890,354385287.13625,0
1623137400000,33086.88,33160.83,32811.00,32938.33,12302.385,1623138299999,405719389.95371,92585,5838.256,192559198.92218,0
1623138300000,32938.32,33028.31,32850.00,32945.48,6280.787,1623139199999,206803322.14850,53954,3406.076,112157417.32930,0
1623139200000,32944.56,33300.31,32944.56,33176.87,11748.754,1623140099999,389152245.27700,102975,6532.578,216388057.93173,0
1623140100000,33176.87,33350.00,33080.55,33287.22,7813.805,1623140999999,259508225.69806,67241,4300.667,142856928.93425,0
1623141000000,33287.22,33313.14,33095.66,33147.16,6987.744,1623141899999,231840923.86648,54698,3226.161,107050910.93229,0
1623141900000,33147.15,33199.97,32852.53,32891.34,7959.828,1623142799999,262891078.72368,64246,3468.344,114581315.83813,0
1623142800000,32892.01,32930.00,32688.50,32860.00,11751.534,1623143699999,385665762.60456,97751,6046.271,198468175.27302,0
1623143700000,32860.00,32946.59,32705.60,32755.28,8485.533,1623144599999,278702932.99520,66562,4379.067,143839277.55211,0
1623144600000,32755.29,32863.67,32638.00,32784.66,6189.065,1623145499999,202819191.56053,52286,3083.180,101054707.27344,0
1623145500000,32784.66,32917.32,32733.00,32802.23,5344.300,1623146399999,175419039.74082,42262,2793.356,91700508.90526,0
1623146400000,32802.22,33173.45,32780.00,33055.41,9551.326,1623147299999,315254038.25506,78865,5117.947,168920213.84341,0
1623147300000,33055.41,33160.00,32792.33,32857.13,7749.540,1623148199999,255612705.77934,63925,3599.488,118747411.30878,0
1623148200000,32857.69,32870.00,32653.55,32788.61,11301.314,1623149099999,370220838.28393,89259,5859.358,191960020.37057,0
1623149100000,32788.61,32875.81,32657.00,32790.70,6576.176,1623149999999,215458799.21602,53755,3260.604,106840389.29135,0
1623150000000,32790.69,32948.82,32687.70,32893.24,5860.356,1623150899999,192345022.61005,50475,3218.822,105651819.42275,0
1623150900000,32893.23,33045.96,32830.00,32859.96,7174.207,1623151799999,236276431.03478,57740,3671.778,120947439.57363,0
1623151800000,32859.96,33000.00,32740.00,32953.99,7371.623,1623152699999,242358601.98028,62644,3928.723,129189838.65261,0
1623152700000,32953.99,33250.00,32876.49,33067.04,10056.783,1623153599999,332372981.17741,83791,5715.967,188970099.51789,0
1623153600000,33067.04,33150.00,32930.00,33013.83,6222.661,1623154499999,205518149.12380,56457,2967.715,98035954.39215,0
1623154500000,33013.84,33127.12,32957.85,33003.92,4360.434,1623155399999,144090423.72081,41180,2155.007,71218814.04034,0
1623155400000,33003.93,33068.57,32808.08,32850.00,6165.120,1623156299999,203003282.12403,57171,3122.048,102815611.84892,0
1623156300000,32849.99,32922.99,32800.00,32873.24,5054.147,1623157199999,166109212.82571,45360,2791.892,91763190.79994,0
1623157200000,32873.23,32943.00,32720.56,32781.13,7697.401,1623158099999,252494092.45056,63252,3780.002,124002636.18483,0
1623158100000,32781.13,32842.00,32532.50,32636.35,8228.013,1623158999999,269048555.70362,69016,3599.250,117724057.55512,0
1623159000000,32637.51,32796.98,32632.62,32677.01,6348.198,1623159899999,207650783.55567,56183,3342.680,109340611.98748,0
1623159900000,32677.02,32755.00,32359.03,32377.74,12833.216,1623160799999,417679296.64594,106986,5842.890,190248069.44804,0
1623160800000,32378.14,32529.94,31700.00,31861.92,36356.561,1623161699999,1165185936.10808,299156,16546.146,530584318.41220,0
1623161700000,31861.91,31989.99,31569.00,31865.78,23330.805,1623162599999,741969089.44655,203073,11879.114,377940841.92558,0
1623162600000,31865.77,31974.60,31724.02,31775.38,11253.114,1623163499999,358656183.28582,92401,5717.172,182254800.95488,0
1623163500000,31774.78,31887.48,31412.59,31769.10,21307.200,1623164399999,675005014.86139,183758,10417.717,330113936.99979,0
1623164400000,31769.10,31832.99,31515.98,31527.40,14155.525,1623165299999,448090384.44084,122278,7295.858,230976749.55592,0
1623165300000,31527.40,31590.54,30969.00,31450.00,35662.664,1623166199999,1114673820.57090,307629,17272.828,540044508.86438,0
1623166200000,31450.00,31631.00,31240.00,31451.70,21615.918,1623167099999,679926819.66485,193515,11462.874,360609816.62581,0
1623167100000,31451.70,31780.00,31451.69,31686.94,15752.542,1623167999999,498478660.37034,143331,8615.262,272656148.96379,0
1623168000000,31686.94,32258.48,31551.00,32144.81,27581.378,1623168899999,883737926.02151,236839,15202.096,487067115.61853,0
1623168900000,32144.80,32369.08,31908.00,32077.99,14774.746,1623169799999,474527754.55782,128228,7350.644,236203476.77008,0
1623169800000,32077.85,32199.00,31919.25,31967.81,9389.482,1623170699999,300926329.79795,76736,5257.744,168541327.69919,0
1623170700000,31967.84,32195.91,31879.57,32155.82,8605.931,1623171599999,275666024.58902,70933,4737.242,151769942.93776,0
1623171600000,32155.83,32193.00,31977.13,32108.19,6830.971,1623172499999,219154297.31476,55286,3136.509,100642700.97358,0
1623172500000,32108.19,32150.00,31830.00,31957.83,6942.332,1623173399999,221855170.50532,61752,3496.469,111756033.67962,0
1623173400000,31957.83,32032.59,31914.94,31934.56,4595.726,1623174299999,146956049.00407,41301,2580.266,82509748.16033,0
1623174300000,31934.56,32169.99,31930.47,32145.20,5285.051,1623175199999,169495065.26714,47719,3069.816,98458914.31366,0
1623175200000,32146.85,32637.51,32048.08,32405.73,14240.247,1623176099999,460662557.64410,111832,8797.392,284577656.89909,0
1623176100000,32405.73,32535.71,32308.00,32334.38,6865.686,1623176999999,222552409.08268,55578,3486.166,113022942.08684,0
1623177000000,32333.30,32450.73,32280.16,32394.28,4639.023,1623177899999,150114867.27791,42949,2535.198,82046333.02754,0
1623177900000,32394.29,32800.00,32386.97,32714.06,10003.530,1623178799999,325920788.59598,81487,5752.779,187494651.42183,0
1623178800000,32711.65,32796.00,32593.82,32715.88,7939.234,1623179699999,259496661.94370,61805,3785.719,123761856.55365,0
1623179700000,32715.78,32758.45,32630.00,32644.08,4479.288,1623180599999,146431661.38127,35543,2112.258,69058052.23197,0
1623180600000,32644.08,32945.00,32644.07,32828.65,7894.268,1623181499999,258855415.91716,58798,4488.050,147192382.94870,0
1623181500000,32828.66,32980.00,32740.00,32838.29,6110.648,1623182399999,200698531.54080,47203,3161.489,103854147.69967,0
1623182400000,32838.30,32859.50,32670.00,32713.58,6966.528,1623183299999,228123909.72449,53274,3126.603,102390146.35568,0
1623183300000,32713.58,33300.00,32650.00,33191.40,13142.560,1623184199999,433618618.30383,97625,8382.560,276676755.48715,0
1623184200000,33191.41,33492.74,33060.00,33429.01,12351.252,1623185099999,410513142.35592,93996,6812.355,226518523.19350,0
1623185100000,33429.00,33866.09,33425.00,33582.18,15572.287,1623185999999,523979404.02126,124850,8150.762,274297767.66040,0
1623186000000,33581.94,33787.22,33470.00,33629.96,9853.677,1623186899999,331028866.22177,76297,5201.796,174801198.05569,0
1623186900000,33631.20,33635.47,33417.00,33535.47,6334.078,1623187799999,212210657.20128,56483,2908.743,97465088.47672,0
1623187800000,33535.46,33598.48,33250.53,33484.86,7311.990,1623188699999,244317649.01220,69692,3454.785,115460900.83033,0
1623188700000,33484.87,33722.71,33439.51,33445.98,7264.598,1623189599999,243978196.70012,54966,3532.401,118660244.46171,0
1623189600000,33445.97,33564.61,33345.25,33492.76,4483.799,1623190499999,150085939.96816,38741,2256.987,75558214.54322,0
1623190500000,33492.84,33650.00,33492.84,33596.03,4103.613,1623191399999,137789961.35868,35125,2150.737,72218539.87721,0
1623191400000,33596.02,33783.80,33402.56,33441.55,6506.952,1623192299999,218438389.74112,50990,3244.352,108939724.21171,0
1623192300000,33441.55,33534.45,33337.71,33429.03,4186.949,1623193199999,139955368.47311,34114,1993.225,66636447.89583,0
1623193200000,33429.02,33638.00,33429.02,33557.10,4667.288,1623194099999,156654637.16838,37245,2366.678,79434840.60623,0
1623194100000,33557.10,33626.56,33360.03,33421.10,5284.633,1623194999999,176965879.90936,40703,2709.016,90729354.38405,0
1623195000000,33421.09,33565.40,33300.00,33446.90,5039.540,1623195899999,168417161.06012,43275,2521.877,84285006.03944,0
1623195900000,33446.90,33542.49,33355.00,33372.58,3978.258,1623196799999,132982603.47335,31370,2025.866,67719853.47653,0
1623196800000,33372.58,33539.16,33015.30,33041.49,11728.616,1623197699999,389755888.87320,92691,5294.646,176002654.72007,0
1623197700000,33041.49,33179.87,32885.00,32920.05,10056.253,1623198599999,331870615.30790,76884,4854.346,160226487.27763,0
1623198600000,32920.04,33205.43,32918.87,33118.53,5581.965,1623199499999,184715111.97872,44604,3291.033,108909089.11313,0
1623199500000,33118.52,33118.53,32860.00,32886.48,6603.332,1623200399999,217756973.44661,50403,3290.070,108506105.51983,0
1623200400000,32886.48,32997.62,32818.50,32927.65,5641.207,1623201299999,185730262.92542,40313,2954.647,97285245.58554,0
1623201300000,32927.66,33024.08,32880.70,32998.22,4225.007,1623202199999,139292895.30428,34345,2251.850,74245031.55544,0
1623202200000,32998.22,32998.22,32734.00,32745.29,5446.021,1623203099999,178942085.49004,41865,2450.397,80531229.36519,0
1623203100000,32746.09,32779.51,32421.64,32513.25,10933.411,1623203999999,356583635.40208,74339,4474.703,145981929.49520,0
1623204000000,32513.25,32679.52,32512.04,32573.11,6165.783,1623204899999,201025362.91938,48225,3464.679,112964646.66855,0
1623204900000,32573.11,32642.47,32390.00,32530.01,7533.870,1623205799999,244823190.60299,55643,4002.464,130105851.54788,0
1623205800000,32530.01,32690.00,32442.00,32628.73,5697.138,1623206699999,185551766.07984,42181,3375.219,109944860.10695,0
1623206700000,32628.74,33245.57,32600.00,32855.10,17290.056,1623207599999,570148458.67044,129229,9165.455,302199940.73852,0
1623207600000,32855.60,32985.09,32590.52,32934.05,9567.950,1623208499999,313546456.63751,79016,5191.187,170185810.19433,0
1623208500000,32934.05,33097.99,32884.67,32968.48,6330.049,1623209399999,208732555.39357,55096,3337.571,110072366.25533,0
1623209400000,32968.49,32968.49,32776.00,32905.34,5572.856,1623210299999,183148502.79130,47652,2765.866,90905049.98941,0
1623210300000,32905.33,32999.00,32800.00,32850.75,5067.689,1623211199999,166706478.18465,41788,2690.291,88503093.14063,0
1623211200000,32850.75,32968.78,32638.01,32756.23,7168.249,1623212099999,235025917.96689,61793,3644.588,119496991.57406,0
1623212100000,32756.23,32787.96,32525.35,32640.92,7886.207,1623212999999,257316028.15855,63713,3758.996,122652410.65665,0
1623213000000,32640.91,32846.78,32605.00,32695.91,5425.607,1623213899999,177635543.17877,46104,2830.903,92688834.57860,0
1623213900000,32695.90,32970.00,32691.44,32950.48,5480.963,1623214799999,180064129.19025,46690,3239.788,106442608.80399,0
1623214800000,32950.48,33200.00,32881.71,33170.98,8498.586,1623215699999,281104847.50952,70131,4781.257,158167680.08362,0
1623215700000,33170.48,33886.59,33170.48,33536.70,21386.998,1623216599999,717234544.44118,162202,11806.066,395896975.85279,0
1623216600000,33536.70,33571.17,33385.00,33543.48,7983.646,1623217499999,267343190.34764,55519,4086.562,136865590.53724,0
1623217500000,33543.49,33569.04,33373.26,33490.65,4887.232,1623218399999,163505474.89881,39509,2541.410,85031616.36693,0
1623218400000,33490.66,33646.11,33410.00,33451.02,7576.675,1623219299999,253769654.79823,57485,3827.687,128226463.94169,0
1623219300000,33451.03,33980.02,33440.22,33880.37,11778.905,1623220199999,396616184.54287,88419,6991.974,235534684.83283,0
1623220200000,33879.72,34150.00,33634.93,34058.39,15322.158,1623221099999,518240232.47416,117217,8708.293,294635590.24117,0
1623221100000,34058.41,34347.10,33984.73,34171.95,16976.774,1623221999999,579919178.30571,144350,8724.391,298112502.05705,0
1623222000000,34171.95,34489.00,34084.81,34288.06,15610.701,1623222899999,535766887.76977,131810,8267.964,283787944.32239,0
1623222900000,34288.38,34369.43,34036.60,34128.48,12559.268,1623223799999,429155739.54758,94309,5165.794,176543998.69937,0
1623223800000,34128.48,34264.47,34118.05,34234.20,6672.008,1623224699999,228194609.78393,53797,3729.760,127565934.55102,0
1623224700000,34232.93,34348.20,34101.00,34143.50,7419.288,1623225599999,253803706.81359,58893,3592.051,122896525.74757,0
1623225600000,34143.50,34290.00,33783.01,34232.33,18153.405,1623226499999,617428902.43775,153295,9079.543,308910565.32062,0
1623226500000,34231.48,34231.48,33948.20,33985.16,8641.516,1623227399999,294606730.72168,71283,3787.052,129132179.89510,0
1623227400000,33985.16,34100.00,33821.90,33977.61,8673.188,1623228299999,294501353.73882,73464,4540.509,154188063.01820,0
1623228300000,33977.60,34089.58,33817.17,34040.00,7947.597,1623229199999,269894433.17556,63693,4230.389,143672785.03923,0
1623229200000,34039.99,34190.00,33950.00,34150.66,8692.047,1623230099999,296184185.03979,73300,4627.930,157711958.22521,0
1623230100000,34150.84,34378.18,34088.37,34203.70,12165.692,1623230999999,416666267.15835,95238,6161.862,211095470.13396,0
1623231000000,34203.70,34340.00,34131.10,34283.91,7081.091,1623231899999,242376784.69228,56717,3557.407,121774167.58758,0
1623231900000,34283.90,34286.30,33954.51,33980.00,8143.520,1623232799999,277757458.05341,65833,3685.985,125729304.42960,0
1623232800000,33979.99,34116.74,33900.24,34077.93,7519.176,1623233699999,255761482.01368,61589,4072.257,138537461.75824,0
1623233700000,34077.92,34334.05,34003.15,34252.95,8535.255,1623234599999,292024768.31984,69286,4517.685,154578979.22850,0
1623234600000,34252.94,34699.00,34180.06,34555.71,19520.704,1623235499999,673555794.46298,152485,10473.654,361472232.55242,0
1623235500000,34555.42,34600.00,34370.00,34449.37,8789.370,1623236399999,303002163.57328,68883,4110.055,141694788.78073,0
1623236400000,34449.37,34644.00,34322.40,34501.78,9309.092,1623237299999,320955985.51430,77509,5044.326,173947538.24926,0
1623237300000,34501.78,34750.00,34446.00,34552.95,11411.119,1623238199999,394882074.25287,93208,6141.457,212581793.82881,0
1623238200000,34552.95,34712.00,34470.00,34670.00,7263.398,1623239099999,251188665.85087,59560,3828.564,132439170.76082,0
1623239100000,34670.40,34998.93,34664.88,34933.00,18275.711,1623239999999,637056662.63406,158753,10051.146,350367942.88932,0
1623240000000,34932.99,35415.00,34932.99,35188.65,27044.501,1623240899999,951289004.67227,226912,15186.507,534254852.36472,0
1623240900000,35188.50,35289.31,35046.53,35092.09,11853.115,1623241799999,416530399.93670,98950,5486.305,192832608.98197,0
1623241800000,35092.09,35170.78,34875.00,35024.00,12576.752,1623242699999,440104050.85819,107134,5953.722,208366268.04976,0
1623242700000,35024.00,35040.00,34793.00,34866.26,11253.416,1623243599999,392744891.98483,94959,5743.782,200481805.94694,0
1623243600000,34866.26,35171.26,34760.00,35071.60,12907.537,1623244499999,450632775.68621,103135,7425.397,259351777.80880,0
1623244500000,35071.60,35164.06,34855.00,34900.55,10967.514,1623245399999,383530798.50977,86403,5197.726,181774653.80074,0
1623245400000,34900.56,35037.96,34771.30,34869.65,8939.084,1623246299999,311812230.44988,71749,4224.394,147374629.44702,0
1623246300000,34869.45,35077.69,34775.91,35069.07,8294.263,1623247199999,289530280.11278,63579,4435.256,154858601.38281,0
1623247200000,35069.07,35345.08,34943.38,35160.95,17101.081,1623248099999,601714810.20942,142353,9072.071,319224056.89795,0
1623248100000,35160.94,35169.93,34868.03,34949.58,10575.245,1623248999999,370311542.34443,87445,4603.491,161220716.93425,0
1623249000000,34949.58,35160.85,34949.57,35109.51,8506.565,1623249899999,298229293.54448,71833,4544.611,159339165.61531,0
1623249900000,35109.51,35209.66,34557.15,34662.06,21667.103,1623250799999,753977088.42794,185028,10520.104,366102829.53875,0
1623250800000,34662.05,36113.00,34649.36,35669.01,45085.802,1623251699999,1603761990.04558,363331,26120.383,928974721.31910,0
1623251700000,35669.02,36866.60,35665.51,36366.65,43674.103,1623252599999,1585396095.05282,385489,24970.227,906531751.18759,0
1623252600000,36366.66,36600.00,36291.36,36330.10,20445.641,1623253499999,744906642.77826,185448,10228.739,372765289.19979,0
1623253500000,36330.12,36584.11,36250.00,36339.26,15330.753,1623254399999,557866954.72050,131188,8154.957,296815246.69599,0
1623254400000,36339.25,36477.00,36060.00,36284.96,20775.524,1623255299999,753287916.50372,165171,9808.693,355690479.96763,0
1623255300000,36284.95,36420.00,36273.41,36322.53,9127.076,1623256199999,331833868.16587,78443,4995.152,181617220.66072,0
1623256200000,36323.57,36671.99,36205.00,36580.18,12117.889,1623257099999,441390974.97643,108915,6723.144,244961896.52917,0
1623257100000,36580.18,36697.50,36422.00,36466.63,9174.722,1623257999999,335098904.45515,79434,4732.822,172882981.79026,0
1623258000000,36466.62,36611.99,36426.70,36611.12,6500.729,1623258899999,237395665.74598,51959,3544.204,129439337.73099,0
1623258900000,36611.12,37068.61,36435.10,36462.55,16300.871,1623259799999,598767428.16506,137452,8628.053,317159855.09560,0
1623259800000,36462.56,36517.89,36242.66,36457.89,12775.169,1623260699999,464791445.40083,105297,6535.477,237765667.23457,0
1623260700000,36457.89,36573.59,36296.40,36514.16,8357.817,1623261599999,304534408.65735,62641,4510.839,164373342.39484,0
1623261600000,36514.15,36823.00,36350.00,36479.65,12120.891,1623262499999,442620459.92737,83454,6438.716,235194568.64815,0
1623262500000,36479.66,36493.95,36212.00,36273.64,9460.462,1623263399999,343865797.89684,67104,4187.064,152193116.50680,0
1623263400000,36273.63,36300.00,35754.97,35938.60,19108.019,1623264299999,687351470.32220,150605,8929.984,321267068.56706,0
1623264300000,35938.60,36200.00,35850.26,35870.66,11770.837,1623265199999,424361419.37083,85226,5921.716,213538699.81529,0
1623265200000,35870.65,36059.20,35652.00,35702.60,11013.880,1623266099999,394826764.44521,89086,5150.284,184685254.36548,0
1623266100000,35696.03,36143.82,35650.00,36059.99,8252.660,1623266999999,296512319.92192,75031,4637.571,166642813.95916,0
1623267000000,36059.32,36179.98,36004.00,36171.67,4597.841,1623267899999,165951373.83318,41062,2493.542,90009674.46225,0
1623267900000,36171.66,36424.00,35951.80,36222.21,12021.154,1623268799999,435164748.33772,100323,6251.703,226372433.88929,0
1623268800000,36222.21,36329.14,36128.88,36234.99,6108.443,1623269699999,221154982.15579,48815,3142.008,113763740.33945,0
1623269700000,36234.99,36291.33,36087.25,36193.77,4801.383,1623270599999,173747614.84964,41538,2376.629,86011655.02385,0
1623270600000,36193.78,36498.00,36179.54,36407.47,8007.507,1623271499999,290828729.22756,61723,4512.047,163896954.99502,0
1623271500000,36407.47,36429.16,36310.79,36337.01,3223.464,1623272399999,117210125.49374,32880,1587.306,57717183.32699,0
1623272400000,36337.01,36565.85,36331.00,36500.11,3615.680,1623273299999,131736663.48219,37191,2034.285,74140285.14296,0
1623273300000,36500.19,36578.18,36156.44,36224.55,6623.444,1623274199999,240492186.48819,66807,2871.878,104281315.07483,0
1623274200000,36224.55,36662.65,36224.54,36587.83,4331.517,1623275099999,157852189.78986,48792,2574.738,93861539.75945,0
1623275100000,36587.91,36745.47,36536.81,36603.55,6268.802,1623275999999,229772076.88247,59145,3267.184,119764818.86849,0
1623276000000,36602.26,36670.97,36474.59,36634.71,3928.851,1623276899999,143735251.30227,39643,1970.452,72099847.22690,0
1623276900000,36634.71,37373.90,36634.01,37143.01,15971.495,1623277799999,590689460.70321,140318,9633.654,356340714.67534,0
1623277800000,37141.47,37221.32,36910.01,37077.98,6942.473,1623278699999,257340214.61066,62112,3359.812,124537475.09073,0
1623278700000,37077.97,37200.00,37020.00,37071.38,5056.619,1623279599999,187591909.90403,46481,2395.150,88858472.57000,0
1623279600000,37071.38,37400.00,36932.95,37236.98,7886.237,1623280499999,292834305.16727,71382,4260.996,158288939.97117,0
1623280500000,37236.21,37400.00,37115.08,37393.57,6403.778,1623281399999,238467744.98998,52822,3376.910,125776494.47562,0
1623281400000,37393.57,37511.31,37315.25,37355.17,9637.216,1623282299999,360645403.20823,82198,5202.050,194701021.89857,0
1623282300000,37355.17,37436.72,37210.00,37368.45,6312.813,1623283199999,235596994.02025,52102,2922.899,109097384.72814,0
1623283200000,37369.99,37661.70,36999.99,37075.04,18316.734,1623284099999,683797930.15438,148626,9126.566,340912067.49470,0
1623284100000,37075.56,37184.30,36829.25,37134.01,9670.391,1623284999999,357991762.53258,86666,4754.746,176070457.21533,0
1623285000000,37134.00,37249.98,36935.64,37015.46,5073.943,1623285899999,188126865.66980,45348,2421.890,89816247.86726,0
1623285900000,37011.98,37134.00,36905.10,36934.99,5457.654,1623286799999,202115813.98966,44258,2642.144,97860981.81026,0
1623286800000,36935.00,37354.00,36932.68,37236.65,6309.820,1623287699999,234416663.73105,53888,3561.878,132355123.34357,0
1623287700000,37236.04,37247.00,37111.43,37179.98,3364.195,1623288599999,125058984.51077,31993,1595.459,59310444.67446,0
1623288600000,37179.01,37189.63,36976.05,37040.36,3279.428,1623289499999,121606915.77226,32452,1485.791,55092594.22962,0
1623289500000,37040.36,37155.97,36855.54,36862.78,5964.789,1623290399999,220569913.05132,52044,2818.015,104228521.73518,0
1623290400000,36862.78,36950.00,36738.45,36866.03,6440.774,1623291299999,237288677.57890,58457,3148.336,116020624.96233,0
1623291300000,36866.03,37066.68,36822.72,36901.96,3991.745,1623292199999,147451157.33171,38122,2220.806,82045646.15972,0
1623292200000,36902.83,37019.08,36815.38,36913.59,3536.021,1623293099999,130558511.57153,31811,1891.088,69833582.44973,0
1623293100000,36913.59,37100.41,36870.00,37100.00,3665.453,1623293999999,135699309.71087,35680,1997.252,73947216.68484,0
1623294000000,37098.33,37390.90,37083.62,37362.49,7204.550,1623294899999,268428597.50826,64897,3913.563,145813844.35809,0
1623294900000,37362.49,37450.00,37179.00,37210.79,6919.022,1623295799999,258005754.60645,54761,3234.296,120631589.76440,0
1623295800000,37210.78,37296.46,36968.76,37002.56,5914.566,1623296699999,219564156.50852,46604,2702.586,100350935.07690,0
1623296700000,37002.57,37094.22,36917.00,36948.46,4358.112,1623297599999,161226578.57263,38447,2136.099,79040794.31297,0
1623297600000,36945.44,37208.10,36871.98,37193.64,5737.197,1623298499999,212616833.36332,49962,3299.575,122315277.77113,0
1623298500000,37193.63,37200.00,36837.00,36857.86,5752.423,1623299399999,212731221.16633,49817,2448.832,90566908.28066,0
1623299400000,36857.85,36944.51,36636.24,36694.90,8246.582,1623300299999,303314192.34048,73490,3786.461,139294493.89696,0
1623300300000,36694.90,36850.00,36677.88,36785.90,4465.226,1623301199999,164202172.88767,40285,2278.827,83812366.48391,0
1623301200000,36785.90,36949.98,36700.44,36858.45,5016.945,1623302099999,184857954.73214,43585,2692.351,99221483.39220,0
1623302100000,36858.45,36920.00,36511.01,36612.87,8871.706,1623302999999,325257522.16998,73800,3722.105,136484179.09834,0
1623303000000,36612.87,36780.00,36520.00,36665.00,5887.402,1623303899999,215707205.59415,49933,2955.147,108278219.94466,0
1623303900000,36665.00,36884.59,36583.15,36807.83,5392.924,1623304799999,198053003.62572,45938,3018.733,110884507.95092,0
1623304800000,36810.70,36812.61,36535.64,36606.00,5270.140,1623305699999,193177698.00572,44836,2493.325,91386789.63883,0
1623305700000,36605.99,36773.00,36564.91,36770.57,4573.571,1623306599999,167823265.57194,38028,2589.312,95022177.75883,0
1623306600000,36770.10,37053.46,36636.79,36694.70,9028.795,1623307499999,332693799.61419,73269,5144.770,189634972.47319,0
1623307500000,36694.70,36858.00,36601.00,36747.93,4690.279,1623308399999,172272037.27054,43693,2386.648,87663098.34583,0
1623308400000,36748.00,36869.99,36625.00,36852.21,4910.137,1623309299999,180467395.56474,42310,2632.886,96778575.41137,0
1623309300000,36852.22,36961.78,36756.01,36850.65,4541.172,1623310199999,167292189.52349,40847,2337.166,86100631.77644,0
1623310200000,36850.66,36851.00,36709.30,36779.97,3585.449,1623311099999,131821893.71038,30985,1755.181,64530425.19490,0
1623311100000,36779.76,36989.13,36779.75,36940.88,4487.930,1623311999999,165524373.21482,42202,2429.872,89622404.36898,0
1623312000000,36940.88,36944.26,36677.23,36797.29,6249.507,1623312899999,229855137.96015,54821,3012.278,110803986.79898,0
1623312900000,36797.22,36946.92,36712.84,36811.89,5095.910,1623313799999,187782975.84649,42946,2777.418,102364318.32710,0
1623313800000,36811.88,36860.99,36330.37,36461.00,16349.746,1623314699999,597610212.65795,123373,7285.952,266313810.62506,0
1623314700000,36460.99,36530.53,36305.34,36405.46,9898.200,1623315599999,360487204.90120,83611,4865.003,177218027.13745,0
1623315600000,36405.45,36468.10,36229.23,36299.17,7499.146,1623316499999,272506802.80135,71514,3363.351,122250309.39982,0
1623316500000,36299.16,36443.88,36297.19,36415.15,5184.503,1623317399999,188660006.68490,48968,2954.488,107512322.37305,0
1623317400000,36415.15,37300.00,36385.00,37137.21,26886.660,1623318299999,994071873.08569,222691,14599.728,539541411.64818,0
1623318300000,37137.22,37595.99,37050.04,37404.26,17279.992,1623319199999,645127210.98884,148409,9225.679,344477303.02263,0
1623319200000,37404.26,38489.00,37286.00,38134.25,44066.972,1623320099999,1676763464.23196,349549,24561.432,934315315.63906,0
1623320100000,38134.24,38333.97,38071.83,38146.05,11522.555,1623320999999,440016422.69390,100627,5476.342,209180473.73736,0
1623321000000,38146.01,38300.00,38040.00,38075.42,11924.101,1623321899999,454895718.26967,88257,5644.474,215381308.77615,0
1623321900000,38075.43,38100.00,37755.37,37829.99,14352.772,1623322799999,544130331.77296,117799,6515.779,247094384.95353,0
1623322800000,37830.00,38171.51,37748.42,37989.40,11146.086,1623323699999,423308073.18081,96982,5716.687,217133101.99216,0
1623323700000,37989.39,38045.00,37830.02,37857.01,5652.016,1623324599999,214316643.34211,50625,2702.125,102472127.05331,0
1623324600000,37857.00,37858.76,37666.00,37813.65,7805.500,1623325499999,294804059.76191,72559,3807.067,143811497.59776,0
1623325500000,37811.51,37957.04,37654.73,37806.48,7861.006,1623326399999,297309873.66925,65816,4151.068,157043017.11754,0
1623326400000,37806.48,37897.69,37551.40,37691.61,9389.992,1623327299999,353920396.86316,81962,4296.848,161978519.90375,0
1623327300000,37691.61,37734.82,37370.00,37430.01,9794.524,1623328199999,367427843.90040,88064,4290.077,160952535.43378,0
1623328200000,37430.00,37688.00,37403.28,37621.10,9891.224,1623329099999,371718204.85798,82735,5672.880,213211396.98159,0
1623329100000,37621.10,37960.00,37619.99,37748.92,11322.049,1623329999999,428140941.75835,100599,6104.314,230835162.56762,0
1623330000000,37748.78,37810.67,37585.03,37728.31,6678.882,1623330899999,251685795.81150,62211,3220.931,121387913.84247,0
1623330900000,37728.31,37728.32,37460.00,37556.16,7214.994,1623331799999,270799417.33159,63064,3236.980,121491718.92879,0
1623331800000,37556.15,37789.00,37450.00,37689.06,7432.435,1623332699999,279686667.21918,65892,4065.369,152991759.25504,0
1623332700000,37689.06,37899.57,37688.00,37832.00,7679.483,1623333599999,290347210.04799,60679,3938.008,148903180.99599,0
1623333600000,37831.99,38199.00,37000.00,37433.99,31176.382,1623334499999,1172964307.02575,259989,14446.830,543691137.90299,0
1623334500000,37432.60,37570.00,37143.33,37296.44,14388.313,1623335399999,537292790.31457,126306,6726.239,251243801.20851,0
1623335400000,37296.43,37354.26,37073.00,37221.26,9953.765,1623336299999,370441811.20643,88456,5090.134,189465607.42561,0
1623336300000,37220.01,37271.63,36720.00,37002.21,20585.222,1623337199999,761451305.63180,178671,9930.902,367500490.76862,0
1623337200000,37002.22,37233.00,36861.89,37050.00,10776.878,1623338099999,399502801.50670,91852,5622.508,208467415.45440,0
1623338100000,37050.00,37170.48,36955.36,37027.27,6109.419,1623338999999,226472477.50625,55783,3027.482,112238438.91193,0
1623339000000,37027.27,37068.62,36750.00,36862.28,9901.720,1623339899999,365460473.36299,85605,5099.666,188255079.55186,0
1623339900000,36862.27,36945.73,36600.00,36893.51,10377.289,1623340799999,381606022.85767,93509,5265.112,193694875.31926,0
1623340800000,36893.51,37158.60,36672.31,36828.34,14987.004,1623341699999,552555943.24197,131643,8079.333,297917852.80898,0
1623341700000,36828.35,36872.67,36690.26,36739.99,6049.370,1623342599999,222484721.85863,52927,3029.217,111417507.19496,0
1623342600000,36739.99,37050.00,36650.84,36922.20,8296.816,1623343499999,305750353.90277,69918,4746.364,174955225.63459,0
1623343500000,36922.20,36970.00,36734.00,36803.85,4666.716,1623344399999,171927610.28600,42980,2272.535,83727331.80005,0
1623344400000,36804.90,36900.00,36534.53,36568.08,10577.461,1623345299999,388054521.96950,83977,4588.087,168376727.11565,0
1623345300000,36568.09,36746.23,36210.97,36338.56,9298.026,1623346199999,339744274.35166,76342,3814.502,139505911.27618,0
1623346200000,36339.16,36725.00,36104.76,36304.64,20317.750,1623347099999,739515933.67083,166084,10651.189,387818057.97078,0
1623347100000,36304.64,36560.00,36262.46,36436.01,7288.969,1623347999999,265710521.82586,66126,3924.179,143038596.80905,0
1623348000000,36436.58,36690.00,36415.48,36634.00,5874.313,1623348899999,214876994.24518,52030,3318.740,121385525.57610,0
1623348900000,36634.00,36844.71,36573.34,36725.03,6107.853,1623349799999,224120907.99021,54194,3300.117,121135272.51718,0
1623349800000,36725.03,36744.90,36465.52,36663.08,5484.516,1623350699999,200774215.33615,49706,2652.946,97131807.28420,0
1623350700000,36663.09,36787.00,36515.06,36739.82,4414.756,1623351599999,161726217.47820,39969,2214.053,81116891.87545,0
1623351600000,36739.82,36853.11,36482.58,36585.53,6060.466,1623352499999,222154259.02969,55201,3172.609,116311620.02030,0
1623352500000,36585.53,36585.53,36391.32,36488.95,4523.191,1623353399999,164985641.68834,40727,2161.865,78859847.87250,0
1623353400000,36489.53,36680.55,36333.00,36633.64,5433.749,1623354299999,198601761.26246,50133,2906.254,106245950.89178,0
1623354300000,36631.14,36770.00,36522.73,36664.55,4559.046,1623355199999,167210067.69678,41596,2300.681,84401792.58896,0
1623355200000,36664.54,36685.00,36118.65,36186.24,11900.741,1623356099999,432365346.03668,97111,5691.375,206790741.45405,0
1623356100000,36186.22,36244.75,35831.21,36011.09,14781.889,1623356999999,532058747.52188,126814,6548.873,235796091.85955,0
1623357000000,36011.08,36098.00,35750.00,36067.28,9633.837,1623357899999,346043655.39100,81090,4903.738,176232809.88909,0
1623357900000,36067.29,36500.00,36067.29,36469.99,9147.095,1623358799999,331891951.49778,78829,5532.159,200746394.80326,0
1623358800000,36466.88,36515.01,36146.44,36192.81,5816.361,1623359699999,211318872.49308,57167,2692.076,97818790.00888,0
1623359700000,36192.82,36736.50,36191.40,36618.69,6561.873,1623360599999,239438394.21195,73001,3753.561,136951052.36385,0
1623360600000,36618.68,36700.85,36536.00,36651.49,4015.619,1623361499999,147023503.41632,46027,2031.389,74381943.27575,0
1623361500000,36651.99,36700.85,36546.58,36683.62,2989.445,1623362399999,109449573.50826,30301,1532.371,56109919.26600,0
1623362400000,36683.62,36900.00,36575.64,36865.00,4274.332,1623363299999,156978433.62053,44753,2450.064,90010320.84136,0
1623363300000,36861.90,37080.00,36681.89,36777.22,8231.861,1623364199999,303525424.12651,74373,4105.744,151437906.69754,0
1623364200000,36778.00,36780.58,36562.00,36660.00,3697.835,1623365099999,135568925.60150,37348,1795.992,65848130.20108,0
1623365100000,36660.00,36875.26,36650.00,36818.35,2936.344,1623365999999,108003854.76407,31674,1614.665,59385629.30707,0
1623366000000,36818.36,36910.00,36721.03,36830.21,3424.371,1623366899999,126141446.86208,34747,1693.193,62376287.97288,0
1623366900000,36830.21,36867.76,36718.00,36761.20,2413.290,1623367799999,88773179.81555,27451,1158.319,42610226.19681,0
1623367800000,36761.21,36974.42,36761.20,36862.73,3176.672,1623368699999,117132847.59966,31774,1756.835,64780920.17191,0
1623368700000,36861.01,36889.78,36573.99,36669.66,4871.814,1623369599999,178891475.42774,43085,1871.471,68741307.80870,0
1623369600000,36669.65,37241.00,36301.00,37029.89,17199.149,1623370499999,632590085.40174,157519,9011.628,331709541.90263,0
1623370500000,37029.89,37203.68,36666.00,36677.21,7713.298,1623371399999,284787844.96740,74237,3588.542,132541446.93047,0
1623371400000,36677.21,36769.84,36394.16,36570.21,8961.154,1623372299999,327485579.93113,79643,4465.190,163211878.59253,0
1623372300000,36568.38,36652.18,36327.08,36417.54,5070.065,1623373199999,185272706.07526,46489,2249.724,82242242.81529,0
1623373200000,36417.54,36500.00,36063.00,36205.10,8804.908,1623374099999,319218841.20257,79787,3981.337,144345738.15534,0
1623374100000,36205.13,36300.00,35900.00,36066.65,7043.797,1623374999999,254509285.02714,65285,3215.019,116263104.61195,0
1623375000000,36067.45,36300.00,36067.44,36259.73,4034.922,1623375899999,146093574.52072,40213,2370.523,85835192.07955,0
1623375900000,36259.72,36442.59,36190.28,36280.87,4646.946,1623376799999,168694249.32784,43470,2412.336,87594685.08382,0
1623376800000,36280.87,36318.05,36010.12,36103.17,4910.136,1623377699999,177448098.77289,46677,2228.855,80559464.17486,0
1623377700000,36100.73,36218.00,35953.00,36106.67,4402.976,1623378599999,158911528.39955,44599,2343.322,84602760.13836,0
1623378600000,36106.67,36321.86,36101.00,36218.62,3451.800,1623379499999,124959193.76447,36271,1784.901,64629393.91122,0
1623379500000,36218.40,36354.91,36180.84,36340.00,3463.297,1623380399999,125635125.73948,33243,2088.915,75778887.79394,0
1623380400000,36336.55,36800.00,36300.00,36674.41,11836.062,1623381299999,433559479.73217,104369,6604.093,241836869.06616,0
1623381300000,36674.41,36917.99,36640.00,36647.40,5776.639,1623382199999,212306065.15442,51311,2757.542,101379450.26401,0
1623382200000,36647.40,36680.00,36552.00,36679.88,4055.257,1623383099999,148454858.48309,37203,1977.443,72396955.09866,0
1623383100000,36679.88,36772.99,36631.49,36739.45,3520.645,1623383999999,129197379.05312,33396,1838.285,67466655.82949,0
1623384000000,36739.22,36898.00,36731.81,36784.40,5354.644,1623384899999,197066291.51464,41998,2949.375,108557649.11741,0
1623384900000,36784.40,36804.00,36623.80,36658.69,4027.361,1623385799999,147829322.53183,36368,1577.510,57904683.24551,0
1623385800000,36661.01,37050.25,36650.77,36927.43,6328.880,1623386699999,233464524.50929,59151,3727.577,137513418.14017,0
1623386700000,36927.44,37150.00,36870.61,37017.62,4659.764,1623387599999,172361125.71096,46018,2584.473,95609776.78127,0
1623387600000,37018.49,37383.37,37007.27,37207.36,9410.595,1623388499999,350100386.12767,83258,5352.840,199185574.32671,0
1623388500000,37207.36,37395.00,37040.23,37059.94,6197.494,1623389399999,230363250.72801,60156,2780.644,103398875.04829,0
1623389400000,37059.94,37146.77,36880.00,37085.00,7897.514,1623390299999,292221509.95664,61042,3748.408,138734062.41204,0
1623390300000,37085.00,37150.00,36978.66,36995.33,3472.844,1623391199999,128718266.24712,34267,1636.311,60656220.03374,0
1623391200000,36995.34,37030.00,36658.88,36809.27,9666.255,1623392099999,355823814.79207,78056,3790.899,139513372.38815,0
1623392100000,36809.28,36820.92,36599.93,36685.13,6170.641,1623392999999,226485096.15279,52611,2791.089,102466291.79684,0
1623393000000,36685.13,36800.00,36640.53,36683.07,3803.223,1623393899999,139666644.40286,35358,2022.957,74304304.60928,0
1623393900000,36683.07,36760.00,36415.24,36491.89,4767.184,1623394799999,174474271.10853,49865,1949.960,71400516.74245,0
1623394800000,36491.89,36611.23,36370.00,36502.11,5942.364,1623395699999,216807818.18858,60830,2997.366,109366393.93760,0
1623395700000,36502.11,36739.20,36490.57,36675.44,5958.247,1623396599999,218307675.07028,57943,3360.898,123129762.82136,0
1623396600000,36675.43,37143.19,36655.65,37046.51,11777.079,1623397499999,435559416.84881,108347,6542.586,241938024.13114,0
1623397500000,37044.97,37180.00,36804.51,37123.76,10189.327,1623398399999,377061550.08043,90179,5266.659,194940488.21762,0
1623398400000,37123.76,37300.00,36965.22,37052.33,10761.504,1623399299999,399794236.31979,111804,5029.585,186905307.73573,0
1623399300000,37052.32,37185.96,36962.25,37114.99,5609.887,1623400199999,208012490.90202,57538,2961.700,109829324.20744,0
1623400200000,37114.99,37159.00,36890.58,36996.44,6126.149,1623401099999,226662001.92698,57263,2754.395,101923864.76353,0
1623401100000,36996.53,37096.86,36930.70,37009.44,3811.475,1623401999999,141038822.25141,41804,1911.637,70750869.42411,0
1623402000000,37009.43,37225.00,36961.08,37224.15,5974.877,1623402899999,221633098.90367,59198,3432.651,127343323.73433,0
1623402900000,37224.98,37388.71,37080.00,37314.69,7785.564,1623403799999,289804021.76080,72987,4367.533,162592627.64119,0
1623403800000,37314.69,37478.05,37010.61,37080.71,8914.142,1623404699999,331815024.27779,85467,4300.309,160149941.74023,0
1623404700000,37080.71,37090.99,36939.00,37036.85,6105.929,1623405599999,226012233.37473,58598,2933.722,108600662.00695,0
1623405600000,37036.84,37555.00,37000.20,37360.79,14583.358,1623406499999,544839072.36994,134696,7696.335,287516508.25055,0
1623406500000,37360.79,37479.34,37277.97,37372.97,5949.980,1623407399999,222436882.17392,57327,2848.190,106484899.43704,0
1623407400000,37372.97,37679.54,37336.75,37615.10,7122.880,1623408299999,267038795.41823,70614,4276.518,160375307.18232,0
1623408300000,37615.10,37649.80,37376.84,37442.48,5693.921,1623409199999,213329147.25707,61886,2509.169,94022448.13560,0
1623409200000,37442.49,37508.84,37407.30,37455.91,3218.657,1623410099999,120534481.76258,37427,1598.661,59871024.29805,0
1623410100000,37455.92,37535.85,37131.60,37292.61,8193.470,1623410999999,305671760.51408,78877,3807.092,142071136.38508,0
1623411000000,37293.71,37422.50,37200.00,37355.83,4290.214,1623411899999,160047444.73014,47008,2232.953,83320021.74545,0
1623411900000,37355.84,37422.49,37250.00,37361.94,3716.950,1623412799999,138752537.22765,40875,1942.624,72520079.33242,0
1623412800000,37363.01,37480.00,37050.00,37150.23,8924.171,1623413699999,331950604.53882,84873,4349.401,161808777.14868,0
1623413700000,37150.24,37227.45,37010.00,37178.75,5518.428,1623414599999,204855639.93040,53240,2894.159,107441447.67656,0
1623414600000,37178.74,37295.66,37107.44,37203.39,5137.170,1623415499999,191163039.67414,52289,2645.530,98459918.81733,0
1623415500000,37203.38,37380.00,37155.00,37282.91,4807.565,1623416399999,179231742.14836,50003,2857.441,106536403.05876,0
1623416400000,37282.91,37527.85,37280.81,37455.49,6269.896,1623417299999,234523477.61927,64048,3452.466,129151038.68382,0
1623417300000,37455.50,37592.52,37332.70,37395.38,5842.684,1623418199999,218719836.11244,58729,2956.896,110713796.88217,0
1623418200000,37395.37,37515.92,37332.64,37438.71,3915.067,1623419099999,146585047.23633,40324,1967.572,73678315.05600,0
1623419100000,37441.06,37533.00,37353.67,37429.53,4356.221,1623419999999,163085405.85603,44659,2117.344,79271720.18286,0
1623420000000,37429.53,37488.88,37230.22,37305.03,6228.646,1623420899999,232509353.91856,58633,3004.969,112178126.70327,0
1623420900000,37305.02,37330.79,37150.00,37172.37,5678.978,1623421799999,211458913.65291,53754,2617.804,97483252.02323,0
1623421800000,37173.44,37351.00,37105.29,37250.00,5877.678,1623422699999,218957835.80579,55197,3195.227,119053254.96195,0
1623422700000,37251.54,37315.36,37225.53,37244.24,2810.964,1623423599999,104749574.09438,30724,1500.591,55922812.63051,0
1623423600000,37244.24,37248.15,36845.00,36981.07,11439.873,1623424499999,423349956.06959,107255,4769.955,176538100.89233,0
1623424500000,36981.07,37035.51,36820.00,36929.91,8386.004,1623425399999,309551496.59267,73654,3993.347,147420156.93738,0
1623425400000,36929.90,37018.34,36870.14,36907.20,5370.630,1623426299999,198456331.17132,50170,2864.105,105853129.33937,0
1623426300000,36907.21,36987.41,36728.25,36805.77,7039.969,1623427199999,259257059.58373,65183,3303.462,121679820.51875,0
1623427200000,36805.78,36960.00,36721.71,36912.08,6780.934,1623428099999,250073836.88873,62513,3590.126,132418067.82806,0
1623428100000,36912.10,36933.00,36552.06,36715.77,8582.849,1623428999999,315278563.50512,77240,4016.707,147548098.26937,0
1623429000000,36715.77,36715.78,36500.10,36628.25,8580.153,1623429899999,314077161.52186,73238,4475.200,163837981.30479,0
1623429900000,36628.25,36775.66,36570.44,36635.56,5846.581,1623430799999,214373688.34449,54059,3096.475,113549086.32528,0
1623430800000,36635.55,36789.60,36562.00,36778.17,5651.638,1623431699999,207418551.34285,51106,3094.878,113591824.75429,0
1623431700000,36777.96,36900.00,36750.34,36765.25,6949.521,1623432599999,256031456.60379,61332,3631.334,133797056.72258,0
1623432600000,36765.25,36900.00,36695.00,36819.60,5165.527,1623433499999,190071505.84600,44134,2796.557,102902338.24368,0
1623433500000,36819.59,36939.98,36768.92,36885.95,4312.155,1623434399999,158983736.37668,43571,2286.957,84329442.69872,0
1623434400000,36885.95,36921.77,36759.32,36771.11,2875.692,1623435299999,105940558.96712,33438,1301.834,47961312.10072,0
1623435300000,36771.11,36910.00,36750.00,36805.01,2898.741,1623436199999,106814707.90090,32110,1521.207,56056130.04375,0
1623436200000,36805.01,36916.99,36736.29,36801.77,3970.882,1623437099999,146287639.72309,38763,1795.815,66166348.27351,0
1623437100000,36801.76,37254.66,36770.66,37153.17,9509.419,1623437999999,352157100.76597,82602,5646.530,209147215.65891,0
1623438000000,37153.18,37230.02,37056.73,37105.03,5232.708,1623438899999,194291552.17187,48001,2728.450,101323860.58718,0
1623438900000,37105.03,37312.89,37104.87,37288.07,4581.864,1623439799999,170469007.24578,44627,2677.483,99623083.75585,0
1623439800000,37288.07,37398.15,37178.64,37273.01,5497.729,1623440699999,204910151.84032,51142,2840.310,105883317.62670,0
1623440700000,37273.01,37333.53,37139.40,37223.56,4248.464,1623441599999,158095296.07131,41238,2013.004,74921720.68510,0
1623441600000,37223.56,37362.92,37159.98,37322.25,4016.555,1623442499999,149655869.30680,40081,2075.100,77320051.18754,0
1623442500000,37322.25,37388.00,37216.54,37346.73,3712.948,1623443399999,138489571.91329,37013,1907.915,71167918.12024,0
1623443400000,37346.73,37468.10,37236.51,37268.84,3975.771,1623444299999,148400431.63879,43175,2028.345,75734010.41033,0
1623444300000,37268.85,37350.00,37116.28,37116.29,3758.988,1623445199999,139928175.37633,36870,1523.735,56738011.51047,0
1623445200000,37116.28,37294.85,37100.00,37236.65,3428.312,1623446099999,127546174.61915,38288,1746.862,64996913.41003,0
1623446100000,37236.09,37261.81,37043.00,37043.78,4291.005,1623446999999,159371609.16281,47926,2030.124,75409441.09057,0
1623447000000,37043.79,37050.00,36777.00,36831.69,7476.524,1623447899999,275678888.46401,80270,3434.016,126619195.53415,0
1623447900000,36831.68,36945.49,36777.00,36872.37,4157.520,1623448799999,153323052.12347,41669,2160.452,79681568.80322,0
1623448800000,36872.37,37054.31,36812.25,37001.32,4968.316,1623449699999,183626955.42333,46065,2352.009,86923784.07182,0
1623449700000,37001.33,37400.00,36950.00,37330.76,8728.024,1623450599999,324545457.67756,71859,4836.255,179835020.92185,0
1623450600000,37331.50,37480.68,37300.00,37300.72,5390.498,1623451499999,201406394.89151,52023,2639.987,98652210.08817,0
1623451500000,37300.72,37465.00,37300.00,37320.62,3728.323,1623452399999,139305593.96341,36494,1982.310,74069097.58739,0
1623452400000,37320.62,37368.00,37152.69,37240.87,4556.274,1623453299999,169743138.94777,43203,1844.724,68718489.52954,0
1623453300000,37240.87,37277.28,36990.00,37054.73,5665.987,1623454199999,210157127.54663,51365,2683.846,99555116.60854,0
1623454200000,37054.74,37184.09,36919.19,37158.31,5602.764,1623455099999,207449601.65407,50001,2844.006,105341464.74335,0
1623455100000,37159.99,37396.27,37118.12,37300.42,6002.864,1623455999999,223627688.21506,57038,3152.641,117450305.89264,0
1623456000000,37300.41,37432.95,37091.66,37197.14,7948.372,1623456899999,296250832.41565,69098,4006.385,149374681.86847,0
1623456900000,37197.14,37253.94,37000.61,37055.82,5508.943,1623457799999,204475142.05883,51140,2591.761,96218028.72822,0
1623457800000,37056.15,37190.00,36960.00,37084.81,4308.456,1623458699999,159785729.09845,42773,2329.611,86398163.88826,0
1623458700000,37085.00,37185.91,36954.31,37039.90,4139.177,1623459599999,153412437.36920,38871,1934.633,71707896.53017,0
1623459600000,37039.90,37122.70,36905.00,37033.44,4444.508,1623460499999,164472221.48518,43718,2224.570,82318399.51568,0
1623460500000,37033.45,37034.89,36380.13,36543.06,9623.410,1623461399999,353557388.20876,84037,3784.425,139133843.53144,0
1623461400000,36543.05,36549.35,36251.00,36336.39,13166.754,1623462299999,479048621.79781,118691,6398.304,232833727.06321,0
1623462300000,36336.37,36434.34,36150.00,36227.79,7723.448,1623463199999,280420165.33525,70804,3460.346,125673295.41762,0
1623463200000,36226.47,36360.00,36055.19,36096.72,9815.606,1623464099999,355508665.39583,84278,4977.231,180304613.24400,0
1623464100000,36096.73,36168.18,35602.00,35810.00,19922.640,1623464999999,714293634.75778,179374,9164.241,328616606.46199,0
1623465000000,35810.00,35988.00,35626.61,35962.95,9766.335,1623465899999,349929815.52872,87057,5388.379,193096850.63010,0
1623465900000,35962.53,35988.00,35405.95,35537.54,12371.241,1623466799999,441311920.51225,109603,5102.451,182088267.53368,0
1623466800000,35537.54,35790.00,35463.76,35743.71,9742.289,1623467699999,347514590.97211,90468,5224.746,186384043.85310,0
1623467700000,35743.71,35888.00,35641.63,35737.58,6875.395,1623468599999,246023215.50448,62129,3822.138,136780054.23083,0
1623468600000,35737.57,35737.58,35510.00,35535.15,6635.998,1623469499999,236200468.67094,58470,3011.198,107187095.07950,0
1623469500000,35535.15,35663.57,35280.00,35576.00,12814.399,1623470399999,454244985.85206,110925,6125.379,217195447.73295,0
1623470400000,35576.00,35730.00,35320.00,35579.36,11711.345,1623471299999,415993100.01769,100354,5740.072,203905399.17036,0
1623471300000,35578.78,35578.78,35340.00,35443.99,6420.516,1623472199999,227544105.73313,57684,3267.062,115796095.55755,0
1623472200000,35444.00,35499.98,35152.03,35229.38,11941.358,1623473099999,421247970.46285,103238,5658.797,199655026.15312,0
1623473100000,35229.38,35320.00,35101.20,35232.75,8309.074,1623473999999,292497836.18679,73368,4198.522,147809677.46057,0
1623474000000,35232.76,35346.50,35139.75,35338.01,6573.909,1623474899999,231792624.61377,61991,3427.612,120872763.85889,0
1623474900000,35338.00,35487.09,35281.10,35381.16,8322.253,1623475799999,294452639.95018,74025,4474.007,158298845.54801,0
1623475800000,35381.16,35443.00,35182.51,35237.44,5555.383,1623476699999,196185159.43605,54166,2551.504,90127725.42948,0
1623476700000,35236.75,35270.00,35000.45,35164.17,9617.286,1623477599999,337683294.17179,81119,4577.935,160762729.88544,0
1623477600000,35164.27,35340.00,35100.58,35302.25,6108.038,1623478499999,215097569.18062,58055,3315.264,116764532.53670,0
1623478500000,35302.25,35382.67,35207.41,35272.46,4268.929,1623479399999,150640978.15122,44720,2168.289,76521642.57666,0
1623479400000,35272.47,35272.47,35090.65,35160.00,4808.932,1623480299999,169160207.07024,46824,2247.425,79061728.66438,0
1623480300000,35159.99,35330.00,35155.15,35307.00,4880.454,1623481199999,172132534.61243,44941,2604.790,91871311.89460,0
1623481200000,35307.00,35597.52,35304.70,35414.22,10153.852,1623482099999,359776102.12140,90991,5794.387,205341607.15324,0
1623482100000,35414.23,35417.51,35301.95,35369.53,3901.557,1623482999999,137982244.98039,39340,1990.517,70397114.83881,0
1623483000000,35369.54,35522.11,35369.54,35460.33,4401.327,1623483899999,156013943.67497,45024,2409.531,85417441.89827,0
1623483900000,35460.34,35470.23,35205.25,35271.65,6723.730,1623484799999,237711978.62648,59608,2803.612,99140744.50072,0
1623484800000,35271.66,35399.00,35128.31,35382.29,8794.433,1623485699999,309996425.97449,77348,4753.790,167584261.51444,0
1623485700000,35382.28,35418.77,35265.19,35295.00,5655.062,1623486599999,199875693.29429,45069,2994.644,105848866.92179,0
1623486600000,35294.99,35346.57,35176.19,35301.88,4678.949,1623487499999,164975280.57351,45476,2393.287,84391923.20409,0
1623487500000,35302.58,35302.58,35100.00,35160.00,5552.007,1623488399999,195291276.26928,52319,2290.840,80592183.53779,0
1623488400000,35160.00,35320.00,35023.70,35285.71,8401.406,1623489299999,295810243.60098,68130,4237.924,149259394.59155,0
1623489300000,35285.71,35379.04,35216.74,35279.28,4000.266,1623490199999,141224774.79489,42225,2015.151,71144634.84878,0
1623490200000,35279.99,35300.00,35128.67,35170.00,4573.096,1623491099999,160913325.23126,43862,2265.988,79733512.76987,0
1623491100000,35170.00,35266.32,35078.00,35230.78,5823.898,1623491999999,204834060.68395,50244,3099.900,109048067.48744,0
1623492000000,35230.78,35283.00,34600.00,34770.70,12875.642,1623492899999,450256067.24856,103164,4534.893,158853189.46365,0
1623492900000,34770.80,34942.00,34585.90,34921.90,19367.230,1623493799999,673537863.74101,170878,10166.549,353662357.89999,0
1623493800000,34921.89,35847.77,34902.01,35640.24,30847.876,1623494699999,1094320396.10870,249563,17008.265,603311989.15582,0
1623494700000,35640.18,35885.88,35590.83,35650.00,12436.723,1623495599999,444374997.24989,108436,6010.492,214795964.39659,0
1623495600000,35649.99,35697.86,35550.00,35597.20,6812.644,1623496499999,242527653.41412,59508,3228.868,114952480.93932,0
1623496500000,35597.20,35645.95,35402.00,35425.22,7353.501,1623497399999,260896032.88495,65395,3215.382,114082026.80068,0
1623497400000,35425.21,35499.00,35363.50,35449.84,4480.010,1623498299999,158818741.66601,43060,2285.586,81035258.25912,0
1623498300000,35449.84,35698.52,35449.84,35572.49,7067.951,1623499199999,251492803.33502,61719,4096.736,145770699.81901,0
1623499200000,35572.49,35771.31,35485.00,35686.99,6937.919,1623500099999,247008494.15548,61814,3448.646,122828067.99413,0
1623500100000,35686.99,35766.96,35590.12,35680.00,4784.773,1623500999999,170676320.01518,48607,2383.194,85016593.95030,0
1623501000000,35680.00,36200.00,35644.51,36019.65,15458.730,1623501899999,556136802.29851,133835,9085.160,326806842.06517,0
1623501900000,36019.09,36080.00,35868.09,36010.00,7274.271,1623502799999,261615494.62810,63891,3291.971,118396888.69993,0
1623502800000,36009.99,36064.35,35816.45,35874.79,5539.381,1623503699999,198911776.21098,54607,2441.086,87668230.73772,0
1623503700000,35874.80,35920.61,35814.32,35832.24,3434.305,1623504599999,123192995.51554,37055,1754.524,62940246.36861,0
1623504600000,35832.24,35936.31,35832.24,35892.90,3338.700,1623505499999,119840869.72628,33422,1785.636,64093812.34336,0
1623505500000,35892.90,36047.95,35890.00,35965.01,4838.333,1623506399999,174088734.79366,44151,2559.923,92105877.06702,0
1623506400000,35965.01,35985.00,35593.28,35675.96,10233.618,1623507299999,365615531.78495,92332,4396.275,157033556.53652,0
1623507300000,35675.96,35711.74,35450.05,35679.45,8634.116,1623508199999,307154954.71698,78740,4255.279,151415599.51823,0
1623508200000,35678.99,35720.00,35551.23,35609.40,5357.836,1623509099999,190979246.68900,49423,2670.976,95217189.73473,0
1623509100000,35609.36,35724.49,35575.95,35644.57,3765.273,1623509999999,134235888.05043,37474,2021.449,72071918.69698,0
1623510000000,35644.58,35830.00,35466.93,35531.86,8595.917,1623510899999,306596077.06313,77175,4067.849,145120689.02589,0
1623510900000,35531.86,35544.77,35300.00,35438.21,8393.922,1623511799999,297377394.07991,71196,3684.085,130547218.33159,0
1623511800000,35438.22,35540.00,35438.21,35453.99,3713.798,1623512699999,131831034.83315,37562,1883.980,66876845.79772,0
1623512700000,35454.00,35530.00,35351.81,35381.37,5593.615,1623513599999,198145357.09581,48030,2631.717,93223381.79276,0
1623513600000,35381.36,35549.00,35290.00,35432.90,6889.590,1623514499999,244073901.49698,62879,3575.991,126705379.09869,0
1623514500000,35432.89,35600.00,35390.70,35509.80,4199.585,1623515399999,149139725.01895,41871,2386.509,84752482.67902,0
1623515400000,35509.80,35555.00,35421.67,35424.00,3267.480,1623516299999,115933306.91865,34847,1634.605,57998047.09160,0
1623516300000,35423.99,35538.66,35411.88,35514.69,3072.869,1623517199999,108997463.80679,30965,1488.365,52800634.60976,0
1623517200000,35514.47,35584.95,35436.66,35481.56,3147.771,1623518099999,111768064.82802,33135,1600.623,56840807.84492,0
1623518100000,35481.56,35517.34,35379.89,35448.81,2949.534,1623518999999,104560295.59795,31344,1349.149,47829506.02198,0
1623519000000,35448.81,35800.00,35445.37,35705.86,6877.828,1623519899999,245287800.39222,64850,3821.770,136290147.43525,0
1623519900000,35705.86,35769.00,35655.63,35704.30,2764.531,1623520799999,98679175.03008,32566,1390.056,49616980.45982,0
1623520800000,35703.27,35912.99,35636.37,35806.34,4550.825,1623521699999,162740032.73853,47938,2589.853,92649442.54320,0
1623521700000,35806.34,35870.00,35734.69,35795.93,2519.608,1623522599999,90173280.91737,30792,1262.652,45191187.39775,0
1623522600000,35795.93,35955.30,35741.60,35912.32,3371.860,1623523499999,120915846.57063,36666,1755.457,62957679.59650,0
1623523500000,35912.33,35986.03,35868.01,35878.96,2951.379,1623524399999,106017473.72501,32697,1417.388,50920448.70432,0
1623524400000,35878.95,35928.97,35844.45,35850.02,2698.742,1623525299999,96824874.05389,31327,1239.041,44456495.94138,0
1623525300000,35850.01,35879.00,35712.51,35748.32,3391.130,1623526199999,121395683.57524,36319,1485.546,53180510.74653,0
1623526200000,35748.32,35827.00,35667.03,35744.54,2691.260,1623527099999,96205784.33066,31998,1362.312,48702439.36888,0
1623527100000,35744.55,35797.78,35670.81,35719.80,2166.914,1623527999999,77420077.86497,26041,1137.336,40636561.16064,0
1623528000000,35719.80,35875.00,35719.80,35840.02,2687.685,1623528899999,96247053.09938,32063,1621.347,58059289.43102,0
1623528900000,35840.01,35948.00,35817.00,35860.00,2605.302,1623529799999,93505526.05900,30179,1318.810,47335554.45414,0
1623529800000,35859.99,36100.00,35859.99,35969.30,5972.186,1623530699999,215061963.94902,54952,3259.407,117386760.13401,0
1623530700000,35969.30,36125.30,35935.14,35966.03,3502.971,1623531599999,126225176.32822,38420,1862.924,67139534.68763,0
1623531600000,35966.02,36017.06,35834.79,35937.33,3283.236,1623532499999,117936784.74870,34333,1501.014,53923588.29027,0
1623532500000,35937.33,36022.48,35843.34,35938.69,2235.271,1623533399999,80332020.94858,31321,1100.874,39564421.35812,0
1623533400000,35938.69,35970.00,35749.14,35814.22,3565.864,1623534299999,127789495.69440,40420,1961.670,70295409.64999,0
1623534300000,35814.22,35900.00,35751.90,35805.32,2521.165,1623535199999,90330861.33013,29811,1200.709,43021499.84264,0
1623535200000,35805.31,35985.31,35803.95,35871.51,2829.895,1623536099999,101613195.21163,33481,1554.394,55814707.57796,0
1623536100000,35871.50,35894.63,35551.70,35662.95,4926.115,1623536999999,175862770.09932,50728,2079.991,74257755.77147,0
1623537000000,35661.98,35720.00,35522.08,35642.18,3348.588,1623537899999,119279947.89060,37626,1585.589,56485719.29028,0
1623537900000,35642.18,35745.46,35561.34,35678.96,2935.458,1623538799999,104649894.13675,32343,1610.090,57407587.23513,0
1623538800000,35678.97,35838.00,35660.00,35814.55,2682.608,1623539699999,95909767.22926,32281,1494.795,53446629.25921,0
1623539700000,35814.54,35838.00,35752.48,35798.57,1905.807,1623540599999,68211964.82151,22952,902.083,32287446.68422,0
1623540600000,35798.56,35798.56,35659.09,35728.56,2591.090,1623541499999,92552377.56730,28984,1016.777,36312824.31400,0
1623541500000,35728.57,35728.57,35400.00,35537.05,5308.214,1623542399999,188526443.26459,53662,2449.072,86969843.04657,0
1623542400000,35535.95,35616.42,35363.64,35461.19,5831.721,1623543299999,206903494.71650,55784,2703.235,95911926.43231,0
1623543300000,35461.18,35540.06,35324.73,35442.59,4749.936,1623544199999,168360964.75792,44224,2147.588,76139882.04234,0
1623544200000,35442.59,35542.68,35408.94,35488.12,3027.625,1623545099999,107448803.82532,31281,1692.147,60056764.87692,0
1623545100000,35488.11,35770.29,35484.40,35696.18,5204.666,1623545999999,185521225.91441,47708,3022.036,107722705.21124,0
1623546000000,35696.54,35900.00,35695.80,35787.82,5117.625,1623546899999,183319882.53943,47804,2588.958,92739463.45607,0
1623546900000,35787.83,35828.33,35654.15,35744.51,2613.176,1623547799999,93356598.52102,29259,1245.622,44501611.19769,0
1623547800000,35743.62,35777.00,35655.00,35689.31,1925.411,1623548699999,68769931.56961,23928,984.854,35178988.46322,0
1623548700000,35689.31,35849.02,35680.00,35772.66,2349.074,1623549599999,84009479.61956,26146,1340.577,47943851.75693,0
1623549600000,35772.67,35834.82,35644.72,35693.34,2907.256,1623550499999,103912340.38854,29749,1371.243,49017704.78005,0
1623550500000,35693.35,35696.77,35547.00,35603.29,3816.883,1623551399999,135927588.19280,34017,1811.627,64511511.17943,0
1623551400000,35603.30,35640.00,35501.00,35560.66,2953.257,1623552299999,105058912.51377,30062,1504.543,53528625.59098,0
1623552300000,35560.65,35582.00,35390.11,35459.39,5414.838,1623553199999,192117101.69911,42360,2086.829,74054033.98794,0
1623553200000,35459.40,35468.00,35174.00,35266.05,7950.156,1623554099999,280538499.88755,71645,3526.210,124445467.26173,0
1623554100000,35266.03,35268.00,34768.00,34967.38,13576.265,1623554999999,475560368.54269,114208,6089.412,213324277.22457,0
1623555000000,34967.80,35066.00,34838.69,34993.06,7932.218,1623555899999,277249847.39221,71484,4122.197,144112985.11691,0
1623555900000,34994.74,35100.00,34863.59,34864.96,6936.139,1623556799999,242464498.41752,65216,3313.006,115843628.59808,0
1623556800000,34864.96,35027.67,34739.06,34964.78,7859.912,1623557699999,274324255.19944,65561,4132.471,144290181.18895,0
1623557700000,34964.77,35021.66,34878.00,34965.00,3604.749,1623558599999,125989349.15851,34415,1930.536,67482764.92561,0
1623558600000,34965.00,34999.00,34861.54,34956.09,3146.234,1623559499999,109907267.80102,32901,1584.571,55358165.77422,0
1623559500000,34956.09,35250.00,34913.29,35165.93,6906.685,1623560399999,242594753.17965,65126,3876.658,136153780.61322,0
1623560400000,35165.94,35200.00,34916.55,34932.93,5786.983,1623561299999,202865491.39087,52631,2618.724,91814698.17884,0
1623561300000,34932.93,35065.89,34813.65,35022.45,5377.701,1623562199999,187928163.23299,50023,2889.514,101000783.54093,0
1623562200000,35022.46,35150.00,34955.54,35016.88,3761.407,1623563099999,131819611.20101,40100,1954.316,68496482.03889,0
1623563100000,35016.88,35043.08,34905.81,34973.01,3180.500,1623563999999,111207776.67700,33830,1554.729,54362473.12134,0
1623564000000,34973.00,35080.00,34876.96,35061.53,5099.562,1623564899999,178412320.58639,46169,2698.158,94396565.07096,0
1623564900000,35061.53,35102.47,34963.97,35062.00,3321.149,1623565799999,116386667.47566,32448,1722.122,60348699.63998,0
1623565800000,35060.40,35150.00,35060.40,35142.80,3510.077,1623566699999,123233913.86314,37205,1830.192,64257856.34918,0
1623566700000,35142.81,35395.36,35112.00,35348.74,8012.802,1623567599999,282262807.05792,68061,4588.625,161699829.25881,0
1623567600000,35348.74,35360.00,35227.00,35327.99,5443.635,1623568499999,192112712.56104,47176,2545.930,89860508.54728,0
1623568500000,35328.00,35478.81,35299.02,35358.66,5837.667,1623569399999,206537457.06533,54850,3076.374,108861335.57094,0
1623569400000,35357.00,35426.06,35269.70,35288.83,3728.535,1623570299999,131719396.73278,39218,1735.488,61317913.54094,0
1623570300000,35288.31,35330.00,35227.94,35263.02,3249.787,1623571199999,114631526.35532,34837,1712.656,60415870.59491,0
1623571200000,35263.02,35382.72,35250.00,35292.14,3372.178,1623572099999,119091884.96862,35832,1741.044,61487983.71175,0
1623572100000,35292.13,35369.61,35152.00,35369.61,5020.568,1623572999999,176920293.69828,50823,2444.548,86158043.70315,0
1623573000000,35369.61,35774.19,35330.00,35581.02,12194.709,1623573899999,433717976.98808,109139,6947.910,247104419.38477,0
1623573900000,35581.01,35617.02,35500.06,35604.21,3789.018,1623574799999,134675600.38331,41359,1995.923,70947937.81281,0
1623574800000,35604.20,35720.00,35531.51,35558.87,5191.786,1623575699999,184872844.89587,49921,2609.155,92922229.38165,0
1623575700000,35558.87,35629.99,35473.45,35533.89,3880.438,1623576599999,137909152.13929,38686,1799.446,63960663.75499,0
1623576600000,35533.89,35665.68,35495.67,35613.09,3650.985,1623577499999,129974846.55851,38698,2015.853,71766899.24120,0
1623577500000,35613.10,35916.22,35550.27,35807.80,6769.032,1623578399999,241879521.84001,65408,4030.138,144035406.57777,0
1623578400000,35807.80,35865.54,35703.23,35767.22,4937.120,1623579299999,176522168.88428,47772,2341.113,83702764.73714,0
1623579300000,35766.52,35956.32,35680.80,35850.67,5407.168,1623580199999,193555286.41514,50358,3043.115,108981793.72463,0
1623580200000,35850.01,35919.99,35762.40,35913.64,5504.775,1623581099999,197190127.92421,50435,2600.382,93150325.38598,0
1623581100000,35913.64,36080.00,35871.33,35947.01,10487.358,1623581999999,377253325.76066,84498,6246.470,224729619.63492,0
1623582000000,35947.00,36077.99,35906.30,35975.81,5438.509,1623582899999,195667463.96917,54690,2822.230,101551236.53976,0
1623582900000,35975.80,36047.82,35889.35,35928.01,4703.048,1623583799999,169169399.48010,44829,2133.738,76760307.01168,0
1623583800000,35928.01,35928.01,35750.00,35782.00,6471.567,1623584699999,231821995.06677,65661,3028.974,108506223.60769,0
1623584700000,35782.00,35890.00,35727.00,35879.01,5523.307,1623585599999,197756053.23581,51905,2972.500,106437775.38565,0
1623585600000,35878.60,36150.00,35821.49,35986.00,13225.719,1623586499999,476418598.32944,116794,7573.957,272864703.10484,0
1623586500000,35986.01,36041.00,35830.51,35834.52,5350.265,1623587399999,192268456.49751,53787,2327.674,83651882.55967,0
1623587400000,35834.53,35946.80,35762.79,35833.17,4663.220,1623588299999,167270337.96012,49015,2217.703,79565239.62785,0
1623588300000,35833.17,35990.01,35809.00,35868.15,4618.033,1623589199999,165761145.29706,47084,2377.137,85332012.29450,0
1623589200000,35868.15,35957.81,35750.00,35901.78,5878.683,1623590099999,210883114.39619,52920,2977.627,106824950.14170,0
1623590100000,35901.79,35992.00,35850.00,35987.19,3793.771,1623590999999,136343354.17865,39432,1929.033,69332213.98115,0
1623591000000,35987.19,36066.44,35863.13,36000.00,5157.553,1623591899999,185486197.42095,50595,2765.391,99467534.26726,0
1623591900000,36000.00,36044.00,35820.53,35865.80,5531.936,1623592799999,198775043.96278,48410,2569.111,92317101.87919,0
1623592800000,35865.80,36015.93,35828.40,35853.72,5738.223,1623593699999,206045088.16411,50735,2991.026,107415763.76070,0
1623593700000,35853.73,35862.85,35652.37,35737.79,7978.521,1623594599999,285258338.74817,74885,3497.052,125045993.21738,0
1623594600000,35737.79,35860.00,35713.42,35825.22,4929.947,1623595499999,176451619.12399,49532,2668.438,95518002.55272,0
1623595500000,35825.22,35886.95,35730.00,35737.40,3313.837,1623596399999,118669759.66448,37257,1596.012,57157240.88282,0
1623596400000,35737.40,35945.00,35705.62,35892.69,5491.836,1623597299999,196932331.32922,51316,3022.220,108372906.52784,0
1623597300000,35892.68,35897.30,35801.38,35808.87,3407.288,1623598199999,122137233.73765,32490,1747.075,62625966.56383,0
1623598200000,35808.87,35936.40,35782.29,35871.99,3787.623,1623599099999,135893767.76495,36917,2008.335,72053870.38956,0
1623599100000,35871.01,36061.00,35832.63,36007.59,5711.563,1623599999999,205519915.88413,56630,3271.742,117735043.57012,0
1623600000000,36007.59,36635.00,35929.99,36476.30,15534.678,1623600899999,563388982.20642,142592,9746.405,353682863.59690,0
1623600900000,36476.29,36960.21,36385.00,36820.01,26366.370,1623601799999,969003230.03384,238758,14509.097,533307184.53409,0
1623601800000,36820.00,37190.05,36801.02,37092.67,14829.867,1623602699999,548527513.45903,139782,8256.101,305479956.18542,0
1623602700000,37094.00,37118.50,36935.00,37006.68,9374.327,1623603599999,346849712.86346,82595,3931.389,145467813.66624,0
1623603600000,37006.67,37082.62,36826.00,36985.50,7899.033,1623604499999,291589504.18390,78403,3871.019,142917847.71291,0
1623604500000,36985.51,37249.00,36933.07,37163.74,8585.335,1623605399999,318477070.64607,83747,4962.734,184142439.53339,0
1623605400000,37163.73,37499.00,37069.63,37307.68,11084.677,1623606299999,413069944.50109,100936,6448.882,240435241.79602,0
1623606300000,37304.28,37450.80,37252.87,37266.56,8970.089,1623607199999,334874468.53000,79989,4444.549,165949411.67645,0
1623607200000,37266.56,37388.00,37223.41,37378.00,5579.469,1623608099999,208152043.89867,53172,2724.239,101647444.38947,0
1623608100000,37378.35,37598.20,37332.63,37455.00,10901.713,1623608999999,408471395.56560,98273,5688.850,213186969.63935,0
1623609000000,37455.01,37489.41,37260.00,37341.16,6496.039,1623609899999,242826250.80673,60673,2754.653,102977531.07437,0
1623609900000,37340.78,37460.00,37288.19,37455.00,4172.635,1623610799999,155998990.68060,42233,2224.786,83177847.33141,0
1623610800000,37455.01,37477.79,37325.85,37377.42,4009.879,1623611699999,149931090.75408,42949,1918.847,71749414.71598,0
1623611700000,37377.17,37399.35,37252.48,37341.55,4025.586,1623612599999,150224920.03659,42509,1939.749,72386891.28784,0
1623612600000,37341.55,37540.66,37341.50,37497.08,4220.071,1623613499999,157954377.21999,41061,2549.397,95427767.25115,0
1623613500000,37497.15,37730.00,37493.44,37610.33,8944.785,1623614399999,336418923.19169,77422,5126.611,192842245.46597,0
1623614400000,37610.11,39374.18,37594.00,38953.47,47149.668,1623615299999,1816088227.26286,394230,28958.663,1114564852.67756,0
1623615300000,38955.04,39100.00,38650.00,38745.06,12939.719,1623616199999,501928439.92137,121717,6208.076,240878828.42774,0
1623616200000,38745.06,38902.00,38661.97,38795.88,8345.192,1623617099999,323633053.82219,78234,3988.820,154708146.16539,0
1623617100000,38795.82,39351.83,38771.12,39220.62,13477.834,1623617999999,526291473.83932,125357,7289.785,284627677.47434,0
1623618000000,39220.62,39284.63,38785.00,38998.35,12916.283,1623618899999,503811993.86457,126568,5902.221,230207619.47974,0
1623618900000,38998.35,39068.54,38850.00,38961.48,6097.176,1623619799999,237462806.52392,66413,2871.678,111846036.09808,0
1623619800000,38961.48,39168.00,38961.47,39067.95,6054.846,1623620699999,236623230.95049,70108,2911.133,113769335.65503,0
1623620700000,39067.95,39100.00,38820.71,38891.74,6831.689,1623621599999,266144798.64673,66848,2738.575,106684582.88971,0
1623621600000,38891.74,39068.62,38704.00,38732.01,7664.728,1623622499999,298250293.36786,74758,3515.254,136830345.02870,0
1623622500000,38732.01,38899.47,38691.95,38703.71,5689.795,1623623399999,220826387.25436,54427,2777.537,107808243.37496,0
1623623400000,38703.79,39036.96,38703.70,38884.59,6099.644,1623624299999,237075665.53773,56484,3536.583,137473092.72608,0
1623624300000,38884.59,38944.30,38802.66,38873.08,3584.084,1623625199999,139338452.60590,35899,1854.025,72080730.49243,0
1623625200000,38873.09,38880.00,38720.00,38779.99,4265.413,1623626099999,165396979.00551,43424,2048.963,79452121.92533,0
1623626100000,38780.00,38980.00,38776.68,38889.90,4137.043,1623626999999,160873670.99625,41338,2352.462,91478414.84452,0
1623627000000,38889.89,38930.00,38780.39,38792.44,3085.667,1623627899999,119901782.77427,30240,1395.890,54243584.54899,0
1623627900000,38792.45,39168.00,38760.08,38993.65,6648.765,1623628799999,259234571.88123,66662,3501.278,136509684.81883,0
1623628800000,38993.66,39250.00,38775.93,38831.79,11171.737,1623629699999,435508668.69956,100906,5557.290,216710322.19153,0
1623629700000,38831.80,39070.00,38753.10,39027.36,5467.458,1623630599999,212757759.32620,51041,2859.066,111264859.94337,0
1623630600000,39027.37,39110.07,38888.00,39071.92,5038.827,1623631499999,196608729.04314,48162,2290.909,89392454.71385,0
1623631500000,39071.91,39181.24,39000.40,39102.03,5340.568,1623632399999,208801183.38317,49921,2611.432,102106964.70804,0
1623632400000,39102.02,39118.51,38955.20,38980.46,4074.551,1623633299999,158989762.18352,36039,1999.768,78037238.73536,0
1623633300000,38980.47,39300.00,38970.00,39289.74,7370.211,1623634199999,288277727.14930,57907,4155.450,162574395.47401,0
1623634200000,39289.73,39822.64,39214.10,39334.28,23346.458,1623635099999,924064547.08549,206815,12298.035,486811115.70339,0
1623635100000,39334.27,39400.00,39043.58,39174.01,10131.339,1623635999999,397170765.03867,92093,4819.215,188956466.81579,0
1623636000000,39174.01,39290.42,39070.00,39165.91,5905.178,1623636899999,231224808.38308,51055,2871.732,112458968.73830,0
1623636900000,39165.90,39171.49,38835.98,38983.52,8808.925,1623637799999,343221929.92396,79794,4207.476,163944797.61380,0
1623637800000,38984.08,39005.40,38895.01,38950.01,3610.925,1623638699999,140660115.09826,38344,1780.611,69364995.43265,0
1623638700000,38950.00,39044.44,38907.51,38977.02,3010.609,1623639599999,117327490.07026,32793,1580.250,61588483.43683,0
1623639600000,38977.02,39010.77,38820.24,38864.33,4563.063,1623640499999,177458664.97676,44411,2128.942,82806394.62080,0
1623640500000,38864.51,39011.59,38850.00,38859.01,3452.893,1623641399999,134413014.70286,37186,1752.069,68213810.35946,0
1623641400000,38859.01,38964.43,38720.00,38760.59,5251.454,1623642299999,203907637.41020,49729,2297.300,89217167.11422,0
1623642300000,38760.60,39099.00,38760.60,38978.00,5829.063,1623643199999,226946014.72803,53824,3524.632,137229468.82361,0
1623643200000,38978.01,39012.86,38780.00,38820.25,4517.517,1623644099999,175591842.30062,42401,2131.313,82842714.94774,0
1623644100000,38820.60,39304.42,38818.14,39158.37,9942.970,1623644999999,389022502.08048,89204,5808.685,227242946.45981,0
1623645000000,39158.37,39355.55,39100.00,39286.63,5058.329,1623645899999,198236922.70379,49779,2752.076,107872488.08429,0
1623645900000,39286.63,39342.67,39165.34,39244.28,4592.178,1623646799999,180191314.00310,43547,2069.821,81222962.71147,0
1623646800000,39244.82,39405.73,39113.78,39360.94,6614.669,1623647699999,259584781.02339,58981,3568.492,140082020.31683,0
1623647700000,39360.95,39411.86,39250.00,39391.18,4991.557,1623648599999,196245455.26087,49542,2582.503,101538632.65256,0
1623648600000,39391.15,39580.38,39356.14,39393.60,7563.985,1623649499999,298345557.22309,73839,3830.253,151105389.36170,0
1623649500000,39393.36,39600.00,39365.00,39384.11,6148.477,1623650399999,242589751.38484,57704,2856.886,112743459.94081,0
1623650400000,39384.10,39483.74,39179.00,39219.16,7287.231,1623651299999,286773427.02166,68890,2834.674,111594040.67303,0
1623651300000,39219.16,39394.68,39150.00,39283.55,6093.272,1623652199999,239389235.34162,56629,3180.347,124956246.71021,0
1623652200000,39283.56,39348.00,39160.00,39292.17,4328.505,1623653099999,169924400.32242,41829,2106.813,82721217.64832,0
1623653100000,39292.17,39768.00,39254.69,39599.99,10476.867,1623653999999,414204801.33343,88026,6160.181,243561880.63458,0
1623654000000,39599.99,39600.00,39452.95,39488.47,5914.728,1623654899999,233739209.25995,51236,2597.127,102640302.62434,0
1623654900000,39488.46,39634.19,39452.49,39591.03,4092.953,1623655799999,161834941.23444,42249,2281.518,90217793.16396,0
1623655800000,39591.04,39650.00,39505.00,39580.00,4460.622,1623656699999,176494075.82985,43603,2121.460,83942398.17043,0
1623656700000,39580.00,39580.01,39422.00,39529.99,4475.895,1623657599999,176744355.20504,45024,2053.581,81092905.87009,0
1623657600000,39529.99,39619.44,39073.00,39139.44,12857.667,1623658499999,505361802.40657,110107,5533.643,217555214.44371,0
1623658500000,39139.44,39240.00,39000.00,39161.80,6900.533,1623659399999,270130301.06087,66350,3431.045,134343017.38907,0
1623659400000,39161.86,39296.55,39059.53,39103.50,5658.654,1623660299999,221808971.79413,53219,2546.589,99858737.01003,0
1623660300000,39104.42,39181.00,38790.00,39004.43,8630.436,1623661199999,336469128.72132,82665,3844.313,149917772.38710,0
1623661200000,39004.43,39160.00,38960.99,39083.12,4700.149,1623662099999,183635631.04187,51361,2559.253,99994213.76248,0
1623662100000,39083.13,39391.00,39021.00,39179.99,9603.942,1623662999999,376778754.70398,87501,5177.609,203152181.46793,0
1623663000000,39179.99,39235.00,39023.00,39133.42,4490.060,1623663899999,175618339.28357,47044,2080.619,81391062.15120,0
1623663900000,39133.42,39218.70,39040.00,39074.53,3670.341,1623664799999,143558026.50428,40185,1936.407,75743749.05038,0
1623664800000,39074.53,39182.38,39017.00,39159.83,3435.234,1623665699999,134406927.28955,38172,1817.698,71128025.16680,0
1623665700000,39159.83,39230.00,39121.00,39172.06,3856.396,1623666599999,151096991.97949,40854,1969.216,77156839.91260,0
1623666600000,39172.06,39262.71,39100.00,39228.31,3149.716,1623667499999,123403187.26910,34357,1635.781,64090268.32372,0
1623667500000,39228.31,39379.91,39225.65,39294.70,4644.097,1623668399999,182587557.22078,52432,2481.911,97581267.03344,0
1623668400000,39294.70,39433.53,39270.33,39324.73,3905.051,1623669299999,153575076.37334,44184,2161.147,85005175.68720,0
1623669300000,39324.74,39330.00,39124.91,39178.34,4300.770,1623670199999,168657235.67782,47812,1795.664,70419255.79224,0
1623670200000,39178.35,39222.28,39107.21,39151.42,3180.337,1623671099999,124534534.92521,36995,1697.364,66469113.92536,0
1623671100000,39151.41,39261.63,39131.83,39151.68,3127.467,1623671999999,122592120.16044,35646,1595.071,62529470.94184,0
1623672000000,39151.67,39173.16,39035.00,39094.63,5073.317,1623672899999,198420976.38347,53400,2322.455,90839305.94383,0
1623672900000,39094.62,39330.12,39025.53,39245.00,7109.940,1623673799999,278555298.33017,70145,3751.354,146974396.43876,0
1623673800000,39245.01,39600.00,39200.00,39454.99,9498.596,1623674699999,374135658.44053,90409,5656.181,222852168.93384,0
1623674700000,39454.99,39623.30,39388.08,39566.99,8830.954,1623675599999,348722599.24630,86134,4368.574,172528331.36844,0
1623675600000,39566.98,40500.00,39488.00,40492.01,38135.686,1623676499999,1529804152.91411,350202,22032.618,883719748.30523,0
1623676500000,40491.53,40700.00,40211.12,40483.10,19941.966,1623677399999,806647065.07727,190264,10056.206,406930492.76213,0
1623677400000,40483.10,40799.00,40337.38,40695.00,18444.998,1623678299999,748311129.19666,180798,9325.278,378420443.10247,0
1623678300000,40695.00,40695.00,40410.00,40520.34,10736.751,1623679199999,435267008.34883,108317,4643.788,188279186.50221,0
1623679200000,40520.33,40709.39,40350.00,40612.07,10985.770,1623680099999,445280869.77308,113316,5817.607,235847138.33285,0
1623680100000,40612.06,41000.00,40605.51,40887.68,19980.335,1623680999999,815877646.39728,199117,10931.913,446460172.95262,0
1623681000000,40887.68,40993.60,40692.00,40755.71,9398.928,1623681899999,383563154.43967,94469,4318.846,176278802.21158,0
1623681900000,40755.72,40868.00,40457.00,40528.60,11036.403,1623682799999,448741495.74227,103807,4748.767,193172249.04840,0
1623682800000,40528.59,40619.92,40413.47,40534.18,9173.047,1623683699999,371580965.84886,92863,4492.165,181991119.78740,0
1623683700000,40534.18,40726.19,40525.00,40570.00,11031.984,1623684599999,448313728.55187,86640,5326.184,216435353.97366,0
1623684600000,40570.00,40710.00,40526.42,40532.68,5162.255,1623685499999,209589195.82209,52122,2532.917,102846717.19666,0
1623685500000,40532.67,40703.00,40500.00,40677.54,8563.102,1623686399999,347837434.23704,64894,5119.488,207947411.69328,0
1623686400000,40676.17,40729.03,40139.00,40489.81,15855.406,1623687299999,641304272.26569,151988,6961.802,281695418.96645,0
1623687300000,40489.81,40560.00,40200.00,40268.90,10021.443,1623688199999,404842576.47298,98617,5003.122,202127921.42676,0
1623688200000,40266.38,40348.96,39801.46,39849.97,16607.606,1623689099999,665000653.41910,170038,7196.325,288284468.32501,0
1623689100000,39849.97,40176.80,39834.56,40139.12,11971.797,1623689999999,478780315.36467,108901,7089.876,283532083.56562,0
1623690000000,40139.12,40189.35,39948.50,40025.29,6807.933,1623690899999,272808854.29630,70320,3085.976,123679078.99124,0
1623690900000,40025.29,40184.46,39942.23,40062.04,4631.968,1623691799999,185615938.91087,50875,2377.440,95277286.46029,0
1623691800000,40062.02,40306.72,40050.00,40230.01,5556.629,1623692699999,223293006.89681,56780,3041.959,122244956.83934,0
1623692700000,40230.01,40230.01,40132.21,40199.99,3299.533,1623693599999,132585659.02705,35079,1591.535,63955195.70681,0
1623693600000,40199.99,40250.00,40058.16,40103.74,3747.157,1623694499999,150383538.87148,40841,1594.661,63997516.40406,0
1623694500000,40103.73,40150.00,39989.97,39990.00,3714.049,1623695399999,148806740.22269,42039,1717.351,68817651.57271,0
1623695400000,39990.01,40051.07,39804.54,39875.61,5268.568,1623696299999,210364040.38750,56567,2156.602,86117511.46361,0
1623696300000,39875.61,39949.99,39600.14,39728.88,8564.508,1623697199999,340519769.85606,81683,4026.566,160125611.47777,0
1623697200000,39728.88,39846.99,39291.97,39483.11,12649.420,1623698099999,500870098.20852,113936,5358.648,212224626.81749,0
1623698100000,39483.11,39594.98,39304.48,39496.34,8308.687,1623698999999,328082472.83444,74217,4164.044,164468275.82175,0
1623699000000,39496.55,39785.66,39453.32,39680.01,5728.985,1623699899999,227148656.30306,58789,3292.151,130536194.16421,0
1623699900000,39680.00,39795.00,39490.24,39709.57,4751.639,1623700799999,188436346.02555,49530,2202.687,87380007.91420,0
1623700800000,39709.58,39946.86,39615.00,39900.00,6290.545,1623701699999,250532675.29824,68633,3511.466,139856325.73767,0
1623701700000,39899.93,39899.94,39653.42,39760.01,4872.726,1623702599999,193717602.15880,46804,2036.018,80955174.79556,0
1623702600000,39760.00,39793.00,39585.05,39791.48,3588.217,1623703499999,142385054.99365,39270,1847.270,73314085.63341,0
1623703500000,39790.61,39880.00,39714.34,39800.19,3024.427,1623704399999,120367311.78532,35800,1627.329,64769845.02892,0
1623704400000,39800.19,40330.86,39800.19,40117.44,11309.735,1623705299999,453994713.20620,111336,6375.430,255871676.63291,0
1623705300000,40117.44,40186.90,39922.57,40038.00,4480.193,1623706199999,179302718.58812,50561,2218.745,88800233.49337,0
1623706200000,40038.00,40195.23,39941.71,40101.80,4061.136,1623707099999,162741574.57628,48512,1964.959,78744166.54432,0
1623707100000,40101.80,40266.81,40080.43,40240.02,4553.789,1623707999999,182889908.61821,45448,2361.860,94857866.34748,0
1623708000000,40240.01,40391.67,40150.42,40216.86,5123.103,1623708899999,206246863.28413,55851,2445.696,98479318.08947,0
1623708900000,40207.00,40269.00,40011.00,40121.76,4401.457,1623709799999,176585614.76589,41590,1981.953,79524359.97215,0
1623709800000,40121.77,40316.14,40050.00,40152.58,5211.437,1623710699999,209469404.39438,47584,2592.469,104192834.43167,0
1623710700000,40153.15,40244.51,40100.00,40155.01,2735.276,1623711599999,109893071.23830,30535,1387.949,55761486.64830,0
1623711600000,40155.00,40278.42,40066.16,40231.62,2936.967,1623712499999,117961566.10357,34731,1472.233,59135247.61671,0
1623712500000,40231.63,40469.82,40229.01,40451.08,6992.979,1623713399999,282322942.93957,62911,3913.787,158026544.27333,0
1623713400000,40451.09,40486.51,40331.15,40436.20,3550.935,1623714299999,143441567.89102,36927,1915.676,77385493.81252,0
1623714300000,40436.21,40604.23,40386.00,40489.10,6213.735,1623715199999,251514070.48426,56160,3228.152,130702610.91171,0
1623715200000,40489.10,40661.04,40155.19,40407.56,11111.985,1623716099999,448671694.38636,95859,5464.520,220718791.04126,0
1623716100000,40407.57,40860.00,40407.56,40702.88,11571.276,1623716999999,471036867.06799,100293,6138.997,249877306.08514,0
1623717000000,40702.88,40712.41,40460.18,40571.96,5206.797,1623717899999,211314894.96722,48597,2615.273,106143148.66274,0
1623717900000,40571.96,40577.69,40320.00,40357.86,5442.999,1623718799999,219936534.09476,48868,2551.347,103091441.59744,0
1623718800000,40357.87,40449.78,40109.85,40193.00,5737.633,1623719699999,230948589.08552,56802,2478.960,99791976.12158,0
1623719700000,40192.99,40250.36,40118.41,40209.31,3521.848,1623720599999,141522773.44610,37192,1951.710,78437767.30914,0
1623720600000,40209.31,40209.31,40009.95,40060.05,4167.090,1623721499999,167134403.15134,43706,1791.081,71843761.65680,0
1623721500000,40060.04,40128.13,39840.00,39920.00,4994.047,1623722399999,199709113.69765,53333,2006.761,80280836.37742,0
1623722400000,39920.00,40225.00,39880.37,40187.36,5754.750,1623723299999,230483370.41170,52275,3637.216,145694940.41421,0
1623723300000,40187.37,40380.88,40120.00,40334.78,5956.946,1623724199999,239772127.35517,55014,3263.475,131368867.41356,0
1623724200000,40334.78,40347.95,40024.71,40116.45,5613.051,1623725099999,225581438.70451,51569,2300.139,92422970.87427,0
1623725100000,40116.44,40277.00,40061.19,40238.83,3800.856,1623725999999,152711979.21531,38267,1975.352,79371964.93687,0
1623726000000,40238.84,40580.00,40237.26,40310.00,7390.106,1623726899999,298731645.24694,68638,3894.481,157434036.55059,0
1623726900000,40310.00,40483.72,40310.00,40376.18,3726.043,1623727799999,150592973.35151,38599,1955.156,79017709.29589,0
1623727800000,40376.19,40546.63,40375.00,40409.97,3638.138,1623728699999,147146957.64782,37286,1879.340,76016971.59214,0
1623728700000,40409.97,40596.94,40301.90,40386.47,4597.824,1623729599999,185941559.10114,43483,2365.683,95682042.15868,0
1623729600000,40386.47,40486.85,40264.24,40368.09,4620.995,1623730499999,186544548.44531,46820,2240.926,90467503.49403,0
1623730500000,40368.09,40441.99,40273.53,40382.58,3274.223,1623731399999,132175306.97250,36225,1597.305,64481199.88526,0
1623731400000,40382.59,40540.00,40365.00,40498.94,3666.155,1623732299999,148324260.53061,40247,1934.834,78279449.27815,0
1623732300000,40498.94,40561.29,40405.00,40487.80,4186.958,1623733199999,169565747.42101,40018,2268.300,91872559.13762,0
1623733200000,40487.79,40514.16,40345.38,40387.68,3228.774,1623734099999,130542027.03255,37622,1574.696,63667467.90676,0
1623734100000,40386.10,40405.67,40210.36,40335.03,4672.822,1623734999999,188266298.12660,50593,2330.081,93882848.77775,0
1623735000000,40333.47,40420.00,40220.00,40298.15,4190.161,1623735899999,168967969.46990,42436,2082.232,83965905.70615,0
1623735900000,40298.15,40377.40,40200.00,40316.83,3754.185,1623736799999,151285504.29912,37343,1809.776,72938995.07454,0
1623736800000,40316.83,40449.78,40240.00,40433.84,4457.412,1623737699999,179973847.14606,43087,2354.597,95073197.38232,0
1623737700000,40433.84,40500.00,40421.82,40443.01,3701.423,1623738599999,149757971.98282,36958,1791.795,72495786.61570,0
1623738600000,40443.00,40447.13,40263.93,40338.99,5510.717,1623739499999,222273394.77404,48053,2716.468,109567475.68420,0
1623739500000,40339.00,40339.03,40200.00,40265.01,4178.589,1623740399999,168239566.68494,43194,1895.175,76312177.66036,0
1623740400000,40265.00,40320.00,40067.00,40199.24,6568.238,1623741299999,263772266.37422,61514,3014.422,121072041.15291,0
1623741300000,40199.25,40294.93,40084.51,40254.07,4436.797,1623742199999,178371872.35162,44170,2362.486,94990610.20919,0
1623742200000,40254.07,40360.00,40150.00,40192.07,4500.485,1623743099999,181183019.32433,46682,2257.267,90876153.20814,0
1623743100000,40192.08,40350.98,40190.25,40350.98,2956.571,1623743999999,119111371.84583,35513,1619.223,65233373.18273,0
1623744000000,40350.97,40400.00,40204.71,40254.95,4627.738,1623744899999,186480959.64686,46525,2337.669,94204834.81940,0
1623744900000,40255.62,40390.00,40250.47,40298.20,3738.105,1623745799999,150725109.83628,38022,1789.490,72163800.92891,0
1623745800000,40298.20,40298.21,39901.00,39959.10,11260.017,1623746699999,451289031.04720,101385,4710.155,188833296.96848,0
1623746700000,39957.54,40046.49,39640.87,39786.78,15436.126,1623747599999,614242767.01135,133752,6767.980,269367902.38224,0
1623747600000,39786.77,39830.00,39527.00,39682.22,11207.728,1623748499999,444681379.80089,100127,5034.103,199765713.48568,0
1623748500000,39682.23,40237.42,39678.89,40100.01,14530.552,1623749399999,580834850.52238,126661,8512.210,340229958.53489,0
1623749400000,40100.01,40165.00,39928.61,40038.41,8627.503,1623750299999,345435268.73166,74978,4059.277,162542563.98488,0
1623750300000,40038.40,40123.13,39865.00,40077.34,6572.409,1623751199999,262707814.42352,58726,3165.040,126537866.31856,0
1623751200000,40077.35,40196.33,39950.00,40004.25,6355.562,1623752099999,254543164.38722,58773,2980.635,119394240.24851,0
1623752100000,40004.24,40065.44,39890.00,40017.28,4443.091,1623752999999,177562150.48051,43608,2255.054,90132776.68957,0
1623753000000,40017.29,40069.32,39888.00,40019.01,5530.462,1623753899999,221050643.24257,45736,2691.264,107577126.99046,0
1623753900000,40019.00,40060.00,39882.28,39908.41,3981.290,1623754799999,159038315.45387,38676,1838.046,73432712.83556,0
1623754800000,39908.40,40063.44,39906.80,40000.01,5577.651,1623755699999,223088719.57821,47008,2985.691,119419704.96498,0
1623755700000,40000.01,40050.00,39948.08,39963.71,4629.214,1623756599999,185147829.10974,38816,2182.545,87291741.16646,0
1623756600000,39963.71,39994.43,39662.97,39779.11,10736.854,1623757499999,427253162.68349,90852,4760.790,189397907.64943,0
1623757500000,39779.10,39869.20,39680.76,39839.81,5118.359,1623758399999,203625388.00906,50698,2528.242,100586238.76241,0
1623758400000,39839.81,40183.00,39731.00,40167.00,11294.369,1623759299999,452042039.97041,103318,6234.249,249528616.53438,0
1623759300000,40166.36,40174.88,40025.07,40071.41,4173.654,1623760199999,167344924.03473,46503,1978.609,79334700.83117,0
1623760200000,40071.41,40075.48,39880.21,39898.04,4727.926,1623761099999,188999141.64100,47439,2031.730,81233053.37026,0
1623761100000,39898.04,40464.41,39860.00,40416.59,15203.475,1623761999999,611764510.53916,137758,8577.278,345129746.41439,0
1623762000000,40416.58,40420.00,40193.50,40223.60,7273.832,1623762899999,292935423.01327,66767,3371.300,135769403.91765,0
1623762900000,40223.61,40320.85,40127.36,40251.81,5090.098,1623763799999,204764859.61241,48145,2782.792,111959302.48945,0
1623763800000,40251.80,40333.00,40160.00,40258.40,4461.809,1623764699999,179488636.90252,42808,2392.884,96270252.20929,0
1623764700000,40258.40,40375.22,40159.65,40270.90,5252.509,1623765599999,211391976.91966,49851,2625.912,105698738.76143,0
1623765600000,40270.90,40322.90,40000.00,40176.02,8387.939,1623766499999,336577904.08448,77969,3910.299,156936074.22161,0
1623766500000,40176.01,40220.00,39906.00,40017.28,7734.527,1623767399999,309677445.47645,71644,3308.175,132472708.49993,0
1623767400000,40017.27,40086.45,39840.00,39988.68,8246.915,1623768299999,329582664.97970,77653,4094.977,163688964.17664,0
1623768300000,39988.99,40093.84,39910.48,39993.09,4124.714,1623769199999,165005776.06133,44626,2078.321,83151153.70912,0
1623769200000,39992.68,40040.91,39693.44,39914.06,8772.680,1623770099999,349713440.33409,83716,3938.159,157026024.99815,0
1623770100000,39914.07,40000.00,39783.16,39980.00,5593.883,1623770999999,223263660.90141,52678,3045.276,121570348.41443,0
1623771000000,39980.01,40048.89,39880.77,39922.86,3494.891,1623771899999,139647459.45206,38284,1839.326,73505960.11277,0
1623771900000,39922.42,40090.00,39911.96,40056.80,4300.371,1623772799999,172064699.44857,43739,2372.059,94911400.37734,0
1623772800000,40056.80,40195.14,39971.50,40121.60,7038.638,1623773699999,282145989.93942,68879,3639.961,145933450.61280,0
1623773700000,40121.61,40167.00,40041.99,40066.90,3535.985,1623774599999,141850757.97784,36758,1682.581,67505601.19145,0
1623774600000,40066.86,40246.29,40000.73,40115.36,6146.282,1623775499999,246667504.71444,57101,3450.657,138505598.28579,0
1623775500000,40115.36,40280.09,40075.12,40167.50,3269.559,1623776399999,131374992.92622,36337,1680.550,67532464.35965,0
1623776400000,40167.51,40382.87,40120.00,40323.89,7499.810,1623777299999,301924067.13677,64390,4569.676,183995627.15049,0
1623777300000,40323.90,40390.00,40194.33,40237.90,5018.127,1623778199999,202166278.40627,48132,2223.648,89596721.24816,0
1623778200000,40237.90,40334.50,40220.00,40285.96,2697.614,1623779099999,108660948.64674,28685,1462.805,58922823.04035,0
1623779100000,40285.01,40800.00,40280.65,40682.89,15138.842,1623779999999,614285507.90883,129978,8947.256,363111632.86966,0
1623780000000,40682.88,41413.00,40681.00,41320.00,26738.657,1623780899999,1099897410.30821,234574,14777.263,607808412.93348,0
1623780900000,41319.73,41325.21,41073.45,41132.99,10243.478,1623781799999,422086732.36619,86077,4316.912,177896516.39924,0
1623781800000,41132.98,41185.00,40826.66,40864.33,10341.132,1623782699999,424233202.46143,85687,4332.472,177782368.02677,0
1623782700000,40862.54,40944.72,40450.00,40588.09,16911.297,1623783599999,687003215.55970,136115,7481.011,303957317.05026,0
1623783600000,40588.10,40690.61,40348.98,40466.99,9643.837,1623784499999,391112878.37752,82707,4561.465,185056865.09499,0
1623784500000,40466.99,40551.81,39809.87,40122.61,16850.530,1623785399999,677471146.32803,132712,7618.418,306395563.59188,0
1623785400000,40122.61,40214.97,40011.21,40103.61,7390.647,1623786299999,296444933.93512,64192,3712.370,148925873.84137,0
1623786300000,40103.61,40143.09,39768.33,39950.00,11996.489,1623787199999,479038417.37342,101151,5737.150,229153761.93593,0
1623787200000,39950.00,39957.92,39500.00,39787.55,14909.376,1623788099999,592299951.90573,134368,7043.620,279894487.36000,0
1623788100000,39787.55,40095.00,39720.00,40000.48,8959.357,1623788999999,357765172.63222,80935,5318.478,212377908.03033,0
1623789000000,40000.48,40220.95,39924.38,40012.44,7403.747,1623789899999,296611289.79887,65762,3558.695,142629033.30944,0
1623789900000,40012.44,40035.83,39720.00,39952.63,7062.074,1623790799999,281647016.66947,62420,3314.000,132193610.68642,0
1623790800000,39952.63,40033.56,39836.16,39991.01,3736.122,1623791699999,149272139.43078,42287,1927.728,77029558.99906,0
1623791700000,39991.01,40100.00,39951.00,39991.37,2811.129,1623792599999,112479509.85733,34395,1512.168,60513593.45111,0
1623792600000,39991.38,40100.00,39955.04,40036.18,2321.787,1623793499999,92895828.03697,32035,1174.062,46979742.69714,0
1623793500000,40036.17,40057.92,39890.00,39964.34,2202.054,1623794399999,88005413.56537,29316,1003.887,40120755.12603,0
1623794400000,39964.34,40147.92,39946.73,40112.82,4251.983,1623795299999,170281701.98200,40917,2281.224,91362697.01227,0
1623795300000,40112.82,40198.27,40050.76,40155.99,4138.029,1623796199999,166066608.34940,40095,2151.537,86347535.05031,0
1623796200000,40154.71,40197.00,40054.47,40131.04,3233.062,1623797099999,129703214.81180,31197,1626.036,65233234.43360,0
1623797100000,40131.03,40177.09,40050.00,40123.42,3193.504,1623797999999,128112527.99164,28673,1530.292,61391192.05618,0
1623798000000,40127.21,40184.00,40080.00,40120.40,2596.817,1623798899999,104206826.15499,28503,1332.182,53460456.27611,0
1623798900000,40120.40,40366.99,40072.21,40252.18,6270.377,1623799799999,252265339.88482,51926,3506.700,141091765.49201,0
1623799800000,40252.17,40340.00,40186.67,40305.06,3624.267,1623800699999,145900949.92986,33224,1809.672,72854975.46311,0
1623800700000,40305.06,40349.93,40111.77,40132.86,4250.238,1623801599999,170963542.15831,37281,1826.588,73485912.21807,0
1623801600000,40132.86,40141.62,39950.00,40105.18,7414.402,1623802499999,296971715.01024,68282,3467.517,138893678.75406,0
1623802500000,40105.17,40145.14,39900.00,39963.18,5316.898,1623803399999,212849471.06171,44850,2456.089,98331621.45784,0
1623803400000,39963.18,40056.19,39900.64,39991.85,2775.237,1623804299999,110964970.88069,33989,1474.682,58965578.16717,0
1623804300000,39991.85,40044.00,39810.00,39880.99,3895.818,1623805199999,155584466.88183,40030,1741.634,69571806.17367,0
1623805200000,39881.00,39915.16,39605.50,39809.65,7698.499,1623806099999,306000786.30599,70349,3458.896,137501620.56232,0
1623806100000,39809.65,39882.39,39710.00,39857.13,4692.645,1623806999999,186754533.20409,42471,2421.958,96392080.46116,0
1623807000000,39857.14,40050.00,39852.94,39991.04,5036.325,1623807899999,201245831.78141,43118,2826.236,112930238.75492,0
1623807900000,39991.04,40100.00,39925.00,40077.03,3130.950,1623808799999,125243060.69821,31443,1589.709,63597759.73125,0
1623808800000,40077.04,40148.50,40019.94,40099.99,4457.353,1623809699999,178715038.10819,39045,2053.727,82348683.82770,0
1623809700000,40099.99,40179.28,40032.40,40123.07,3058.404,1623810599999,122660852.28792,30146,1587.770,63685557.54816,0
1623810600000,40123.07,40165.00,39956.98,39987.99,3082.101,1623811499999,123452906.64678,32157,1283.979,51433439.95791,0
1623811500000,39987.99,40083.00,39876.00,40030.26,3616.494,1623812399999,144562913.54232,35478,1995.182,79761828.84856,0
1623812400000,40030.27,40043.99,39820.00,39863.00,4309.048,1623813299999,171939436.90439,41057,1907.652,76123350.99541,0
1623813300000,39863.00,39986.00,39830.00,39873.48,3503.630,1623814199999,139815357.57286,34519,1832.159,73118847.26005,0
1623814200000,39873.49,40022.76,39820.00,40001.16,3408.443,1623815099999,136149418.57501,36592,1821.071,72747399.76567,0
1623815100000,40001.16,40087.78,39963.77,40001.23,2588.235,1623815999999,103603239.86211,30617,1322.928,52955503.05773,0
1623816000000,40001.23,40036.02,39900.54,39959.99,2529.628,1623816899999,101084869.93191,29776,1235.663,49377240.05449,0
1623816900000,39959.99,40000.00,39840.00,39894.00,2979.811,1623817799999,118940324.87458,31747,1372.841,54795326.77215,0
1623817800000,39893.99,40432.04,39870.43,40231.60,15737.416,1623818699999,633620155.82389,124523,8499.284,342095401.35391,0
1623818700000,40230.97,40324.99,40202.36,40255.62,4585.989,1623819599999,184690614.87103,39170,2334.097,94004606.09402,0
1623819600000,40255.63,40343.00,40155.00,40197.87,5542.414,1623820499999,223150489.18400,47037,2847.614,114678506.17359,0
1623820500000,40197.87,40230.00,40141.56,40184.00,3454.584,1623821399999,138849572.53705,34384,1883.357,75704545.86875,0
1623821400000,40184.00,40353.08,40143.81,40281.90,6699.217,1623822299999,269751742.89879,49877,3681.105,148233381.97949,0
1623822300000,40281.91,40317.00,40211.43,40245.92,4219.412,1623823199999,169909058.15430,35270,2109.064,84933457.46473,0
1623823200000,40245.91,40300.00,40165.66,40210.55,4222.516,1623824099999,169866612.41835,35236,1950.774,78481660.78577,0
1623824100000,40210.55,40495.00,40200.00,40411.92,7711.845,1623824999999,311140492.24781,59326,4585.522,184985602.28104,0
1623825000000,40412.14,40450.00,40332.00,40384.15,4806.809,1623825899999,194143151.27886,38739,2198.011,88784308.85777,0
1623825900000,40384.99,40480.00,40300.00,40370.49,3768.136,1623826799999,152221554.79959,39711,1755.955,70953015.65717,0
1623826800000,40370.48,40426.92,40280.00,40296.76,3431.799,1623827699999,138535885.06891,35518,1662.431,67121212.24282,0
1623827700000,40296.76,40330.00,40202.00,40251.12,4160.051,1623828599999,167494037.63167,42539,1886.450,75961561.92989,0
1623828600000,40251.11,40264.00,40139.26,40226.28,4341.456,1623829499999,174570283.48320,42786,2012.733,80941252.98350,0
1623829500000,40226.28,40276.32,40030.00,40130.00,4159.016,1623830399999,166997280.59769,45345,1797.150,72177883.64588,0
1623830400000,40129.99,40259.22,40086.61,40213.65,4022.649,1623831299999,161623107.72241,43717,2196.855,88266247.61321,0
1623831300000,40213.65,40223.73,39900.00,40020.00,6480.581,1623832199999,259532383.55029,62139,2532.444,101428089.33949,0
1623832200000,40020.00,40086.24,39968.00,40061.52,3491.142,1623833099999,139724936.30662,38696,1947.910,77967574.54379,0
1623833100000,40061.00,40125.54,40008.83,40036.04,2819.952,1623833999999,112971652.35148,32203,1459.593,58478602.01978,0
1623834000000,40035.10,40080.00,39971.53,39974.63,2386.269,1623834899999,95492494.04622,30881,1049.230,41991635.79008,0
1623834900000,39977.23,40045.00,39858.81,40021.23,4984.347,1623835799999,199163537.71745,51202,2496.415,99762244.89477,0
1623835800000,40021.22,40174.85,40001.25,40131.78,3573.194,1623836699999,143215737.28281,39918,2186.000,87624317.50215,0
1623836700000,40131.78,40134.77,39890.00,39945.85,4605.515,1623837599999,184268748.58652,44639,1886.618,75481522.15365,0
1623837600000,39945.84,40031.15,39794.73,39976.47,6703.504,1623838499999,267606673.66183,65406,3185.570,127199401.59714,0
1623838500000,39976.47,40060.00,39920.00,39946.66,3441.108,1623839399999,137576229.93318,35159,1755.672,70202849.15320,0
1623839400000,39946.65,39947.74,39651.99,39710.10,9282.088,1623840299999,369336298.17057,87355,3792.511,150930121.61198,0
1623840300000,39710.10,39813.37,39650.00,39754.44,6483.775,1623841199999,257626341.55971,68177,3367.056,133805519.58850,0
1623841200000,39754.45,39777.96,39110.37,39252.73,23030.365,1623842099999,906280059.30980,208088,10045.611,395194066.52022,0
1623842100000,39252.74,39282.22,39050.00,39236.27,11691.657,1623842999999,458210793.66884,112719,5436.691,213124098.03423,0
1623843000000,39236.28,39240.16,38880.00,39054.99,14321.274,1623843899999,559608803.89584,128978,6377.253,249304210.04344,0
1623843900000,39054.95,39193.00,38917.24,39079.60,9413.785,1623844799999,367916731.98736,91169,4897.032,191415437.25539,0
1623844800000,39079.61,39188.88,38909.90,39118.55,9516.374,1623845699999,371771988.24473,93731,4882.722,190765031.36789,0
1623845700000,39118.55,39140.98,38860.00,38933.55,8946.750,1623846599999,348731663.51300,90361,4230.768,164928936.06171,0
1623846600000,38932.61,39080.11,38864.34,39053.01,7432.124,1623847499999,289722506.22713,68739,3979.451,155142151.68217,0
1623847500000,39053.01,39178.38,39026.48,39052.94,6196.182,1623848399999,242215407.24337,60845,3286.778,128492882.74099,0
1623848400000,39052.95,39150.00,38964.00,38969.34,6435.248,1623849299999,251395280.05338,59517,3014.984,117803252.58916,0
1623849300000,38970.32,39500.00,38967.00,39332.45,13728.263,1623850199999,539500825.65631,121441,7878.374,309562359.02291,0
1623850200000,39330.91,39330.92,39183.12,39242.51,6995.634,1623851099999,274658175.98624,64614,3434.608,134850718.68525,0
1623851100000,39242.00,39244.40,39102.20,39227.64,6018.625,1623851999999,235694154.53755,58556,3111.029,121834108.57597,0
1623852000000,39227.14,39323.33,39122.00,39300.40,6191.242,1623852899999,242960310.46058,54780,3331.600,130747408.19490,0
1623852900000,39300.40,39360.00,39102.49,39146.41,5607.742,1623853799999,219880095.76735,51910,2477.897,97169791.07594,0
1623853800000,39146.42,39270.00,39141.41,39195.94,3853.101,1623854699999,151120542.56770,38702,1938.779,76040675.30791,0
1623854700000,39195.94,39210.00,38700.00,38841.64,16231.449,1623855599999,631419396.94144,138061,6985.741,271788775.24265,0
1623855600000,38841.64,38987.52,38533.00,38660.13,15382.027,1623856499999,596200780.91822,132558,6648.838,257854383.77888,0
1623856500000,38660.13,38764.35,38581.53,38709.71,9427.066,1623857399999,364744351.34584,86450,4945.059,191343203.37988,0
1623857400000,38709.65,38825.00,38651.00,38737.34,6604.214,1623858299999,255805148.24575,62313,3445.586,133473194.83210,0
1623858300000,38737.36,38800.00,38663.97,38768.30,4393.698,1623859199999,170179009.87585,46852,2193.978,84982892.10556,0
1623859200000,38768.29,39294.99,38672.54,39263.65,19536.549,1623860099999,763307093.85465,176361,10838.483,423389534.50372,0
1623860100000,39263.64,39298.42,38896.78,38967.12,10121.039,1623860999999,395646262.11387,96498,4563.663,178404629.82481,0
1623861000000,38967.12,39135.49,38801.12,38883.92,7654.048,1623861899999,298077582.57056,71787,3774.119,147025210.01751,0
1623861900000,38883.91,38914.21,38386.87,38669.13,15956.513,1623862799999,616220513.37616,141458,7486.522,289187758.61480,0
1623862800000,38669.13,38878.58,38529.00,38866.93,8739.115,1623863699999,338172895.21672,81997,4849.895,187717048.04472,0
1623863700000,38866.93,38866.93,38628.97,38743.26,5563.084,1623864599999,215400056.92674,53158,2689.209,104118427.79068,0
1623864600000,38743.26,39144.68,38734.09,38927.50,9690.313,1623865499999,377359866.28450,89315,5195.459,202334791.46459,0
1623865500000,38927.50,39246.00,38855.88,39161.60,7349.173,1623866399999,286849272.36968,69707,4147.382,161914138.04480,0
1623866400000,39164.41,39700.00,38300.00,38796.29,53752.285,1623867299999,2098674858.22588,443829,26264.949,1025861973.85779,0
1623867300000,38796.30,38798.42,38270.00,38507.74,18015.134,1623868199999,694278681.37214,170662,8562.408,330042219.22175,0
1623868200000,38508.33,38651.34,38310.00,38410.60,13316.501,1623869099999,512580566.20954,119750,6753.015,259976203.32785,0
1623869100000,38410.60,38790.17,38385.00,38707.98,9798.991,1623869999999,378359304.13162,86391,5659.313,218508135.13149,0
1623870000000,38707.99,38935.61,38633.84,38867.64,8123.130,1623870899999,315104171.27572,69337,4113.374,159583315.14917,0
1623870900000,38867.63,39087.45,38811.15,38928.68,6130.270,1623871799999,238740075.54470,56804,2868.943,111736376.29234,0
1623871800000,38928.67,38943.34,38823.13,38844.92,4374.110,1623872699999,170036815.79060,41461,2063.837,80231927.16878,0
1623872700000,38844.80,38850.00,38650.00,38677.45,5885.247,1623873599999,227949110.63268,55176,2789.358,108035936.35010,0
1623873600000,38677.45,38728.56,38426.00,38721.14,7684.510,1623874499999,296481560.02977,69607,3946.780,152289713.55844,0
1623874500000,38721.13,38890.71,38534.00,38617.56,5952.952,1623875399999,230270878.86656,61903,3089.145,119494373.41390,0
1623875400000,38617.55,38693.95,38524.69,38623.99,3347.767,1623876299999,129278482.35633,37553,1631.395,63001862.75651,0
1623876300000,38623.99,38763.13,38500.00,38543.89,3494.563,1623877199999,135046760.69588,40553,1689.302,65290466.30126,0
1623877200000,38541.26,38619.69,38414.33,38544.79,4245.236,1623878099999,163558857.09303,51874,2098.863,80873858.03693,0
1623878100000,38544.80,38762.46,38539.42,38686.01,3367.627,1623878999999,130229078.37999,43723,1654.217,63967555.72218,0
1623879000000,38685.49,38757.43,38565.72,38607.20,2513.559,1623879899999,97174237.04020,35920,1182.789,45727452.61328,0
1623879900000,38607.21,38884.14,38580.66,38752.94,3453.656,1623880799999,133810286.93907,41436,1862.179,72142338.54181,0
1623880800000,38752.95,38915.00,38689.55,38750.40,3628.941,1623881699999,140823635.27395,41564,1761.307,68354568.04521,0
1623881700000,38750.40,38819.91,38607.27,38640.80,3977.701,1623882599999,153993721.73218,40556,2009.115,77784291.65176,0
1623882600000,38640.80,38710.00,38533.19,38540.01,3080.396,1623883499999,118954385.91650,34953,1393.964,53833038.75009,0
1623883500000,38540.00,38643.44,38522.03,38562.99,2531.932,1623884399999,97671114.81243,28981,1356.870,52340060.97366,0
1623884400000,38562.08,38584.82,38311.00,38430.65,5544.463,1623885299999,213168199.70443,51883,2402.536,92382241.01322,0
1623885300000,38430.65,38440.00,38112.00,38212.43,8600.718,1623886199999,328759575.83077,79514,3525.870,134801403.62192,0
1623886200000,38212.42,38294.00,38105.00,38205.42,4635.559,1623887099999,177128535.95312,46161,2332.188,89133628.66176,0
1623887100000,38206.74,38356.22,38197.00,38344.97,3144.889,1623887999999,120408758.46682,32836,1704.860,65275272.77118,0
1623888000000,38344.97,38580.00,38200.01,38537.15,10174.407,1623888899999,390775665.23600,81170,5076.303,195018072.97832,0
1623888900000,38537.16,38632.48,38381.58,38439.99,5263.882,1623889799999,202545074.07845,48486,2657.730,102268336.93585,0
1623889800000,38440.00,38652.35,38385.51,38614.51,5700.070,1623890699999,219717187.52446,44254,3111.157,119919547.14250,0
1623890700000,38614.50,38634.51,38531.97,38614.46,3516.006,1623891599999,135650438.18654,29219,1668.573,64375448.04706,0
1623891600000,38614.45,38742.30,38522.61,38719.70,4967.464,1623892499999,192005340.16042,43672,2547.724,98491214.00298,0
1623892500000,38719.69,38785.00,38655.00,38693.84,3282.420,1623893399999,127073404.64911,31118,1652.030,63959147.30374,0
1623893400000,38693.85,38729.00,38551.11,38597.35,3040.502,1623894299999,117465642.12453,29909,1227.873,47440370.36371,0
1623894300000,38597.36,38674.46,38572.05,38651.17,1965.007,1623895199999,75903220.92816,23010,1022.962,39515849.23625,0
1623895200000,38651.17,38826.55,38620.00,38787.88,4067.375,1623896099999,157558709.32669,35790,2378.648,92149493.62699,0
1623896100000,38787.88,38840.00,38720.01,38802.12,3448.269,1623896999999,133711365.71864,30965,1727.554,66988307.52655,0
1623897000000,38802.13,38838.13,38701.03,38721.23,2664.844,1623897899999,103309070.54086,27838,1202.479,46620127.76405,0
1623897900000,38721.23,38809.99,38672.46,38683.32,2421.965,1623898799999,93816206.53233,27429,1147.320,44444495.96983,0
1623898800000,38684.86,38830.00,38683.34,38809.24,3003.056,1623899699999,116445726.81928,29698,1691.161,65577151.70181,0
1623899700000,38809.24,38884.70,38759.93,38854.70,3304.538,1623900599999,128277622.36658,29410,1837.461,71333838.52119,0
1623900600000,38854.70,38977.44,38846.53,38853.89,5075.873,1623901499999,197478104.63853,42258,2723.165,105956086.86685,0
1623901500000,38852.67,38898.00,38801.00,38855.57,2668.334,1623902399999,103637256.07888,27420,1224.260,47552935.36851,0
1623902400000,38855.58,39061.77,38833.43,38973.02,5676.969,1623903299999,221223206.83493,49768,3015.519,117515257.28989,0
1623903300000,38973.02,39028.52,38929.52,38929.53,2874.511,1623904199999,112050789.83430,26843,1432.571,55846302.16964,0
1623904200000,38929.53,39075.00,38811.15,38829.61,5551.657,1623905099999,216198659.75946,46980,2555.967,99571059.92290,0
1623905100000,38829.61,38880.00,38758.88,38790.29,5119.434,1623905999999,198671177.04705,42640,2210.685,85800719.00206,0
1623906000000,38791.68,38865.79,38630.00,38788.00,5246.355,1623906899999,203280966.48292,53051,2419.187,93757519.89009,0
1623906900000,38787.99,38850.00,38723.11,38759.08,3327.444,1623907799999,129038191.66640,33175,1681.518,65211431.20675,0
1623907800000,38759.07,38847.00,38702.30,38793.15,2836.353,1623908699999,110018148.83062,27949,1377.666,53440013.81391,0
1623908700000,38798.30,38835.00,38705.01,38712.63,2818.728,1623909599999,109289007.34660,29654,1287.581,49925315.16916,0
1623909600000,38712.63,38828.02,38712.62,38819.58,2206.668,1623910499999,85577130.58992,25342,1122.189,43518794.41011,0
1623910500000,38819.58,39200.32,38742.56,39113.62,10127.862,1623911399999,395230998.78041,84674,5717.149,223113857.89197,0
1623911400000,39113.61,39268.08,39045.81,39180.85,6410.752,1623912299999,250855664.84085,58612,3577.038,139999134.50965,0
1623912300000,39180.86,39296.00,39117.11,39229.26,5445.851,1623913199999,213492184.98030,48988,2787.914,109295982.03800,0
1623913200000,39228.50,39400.00,39110.88,39292.79,10602.865,1623914099999,416410565.12230,86505,5991.658,235376863.67737,0
1623914100000,39292.79,39380.00,39201.58,39332.00,5792.666,1623914999999,227528894.71231,47754,2807.478,110286758.80426,0
1623915000000,39331.99,39379.90,39250.00,39329.65,4322.687,1623915899999,169954182.60484,40029,2027.009,79701555.81419,0
1623915900000,39329.65,39336.01,39190.00,39198.03,4873.030,1623916799999,191239197.37203,42399,1932.810,75853624.08753,0
1623916800000,39198.03,39297.11,39126.22,39194.42,7573.553,1623917699999,296837491.46993,58362,3352.101,131398109.19244,0
1623917700000,39194.41,39351.60,39125.01,39288.35,5505.715,1623918599999,216061332.97105,46997,2878.159,112955163.43398,0
1623918600000,39288.36,39398.00,39288.36,39324.70,4936.911,1623919499999,194274705.84173,43141,2673.066,105188728.49499,0
1623919500000,39324.70,39330.59,39060.00,39269.11,10125.142,1623920399999,396834626.87901,79344,4584.403,179693271.84884,0
1623920400000,39269.12,39388.30,39237.13,39304.15,4025.950,1623921299999,158288563.65222,40400,1945.934,76511798.30519,0
1623921300000,39303.44,39350.00,39150.00,39332.00,7082.163,1623922199999,277979562.76131,55219,3337.894,131030290.79333,0
1623922200000,39333.00,39377.18,39275.25,39318.03,4071.529,1623923099999,160138562.00827,36852,2016.638,79326415.97749,0
1623923100000,39318.03,39565.00,39237.01,39491.85,9568.916,1623923999999,377440744.50260,81139,5665.251,223488442.07627,0
1623924000000,39491.85,39545.59,39385.52,39453.06,5180.314,1623924899999,204316484.49716,47308,2514.130,99160005.15332,0
1623924900000,39453.07,39510.00,39400.00,39428.02,3652.050,1623925799999,144058286.14213,32911,1848.450,72917346.19786,0
1623925800000,39428.02,39439.99,39301.00,39317.00,4564.863,1623926699999,179685503.41769,44070,2037.727,80210529.37342,0
1623926700000,39317.00,39370.00,39211.66,39264.68,5270.155,1623927599999,207007542.06910,48347,2330.227,91536396.42339,0
1623927600000,39264.69,39330.00,39230.00,39289.24,3330.431,1623928499999,130820252.59992,33268,1725.635,67788539.67947,0
1623928500000,39289.24,39291.00,39123.00,39187.12,5451.672,1623929399999,213639847.63870,55890,2328.553,91251312.26175,0
1623929400000,39187.12,39245.68,39140.00,39200.03,3887.803,1623930299999,152364068.36292,38291,1989.314,77963523.55557,0
1623930300000,39200.03,39325.53,39156.00,39156.01,4554.691,1623931199999,178721645.61928,41384,2187.968,85864826.33821,0
1623931200000,39156.00,39200.00,38800.00,38860.01,11327.491,1623932099999,442069924.72914,95214,4664.078,182106721.04056,0
1623932100000,38860.01,38920.00,38681.00,38773.16,12989.800,1623932999999,504062658.81787,114965,6384.415,247763930.18339,0
1623933000000,38773.15,38800.00,38605.00,38777.99,9490.091,1623933899999,367491684.08855,85614,4754.221,184132226.11075,0
1623933900000,38777.98,38887.00,38636.00,38792.83,7557.428,1623934799999,293200748.04116,68479,3895.876,151167623.42319,0
1623934800000,38792.83,38859.87,38650.00,38738.11,6261.303,1623935699999,242608446.26969,58619,3093.048,119855392.57224,0
1623935700000,38738.11,38789.40,38651.38,38750.01,4197.040,1623936599999,162532915.15129,42313,2252.025,87213188.37763,0
1623936600000,38750.01,38870.00,38712.87,38799.55,5913.128,1623937499999,229536767.95036,50910,3072.202,119256627.07799,0
1623937500000,38799.55,38848.28,38692.45,38715.20,4173.997,1623938399999,161810095.69942,38760,1855.195,71919592.18125,0
1623938400000,38715.00,38715.00,38334.00,38535.49,11667.802,1623939299999,449450105.17813,108157,4914.031,189301678.40897,0
1623939300000,38535.50,38875.00,38509.00,38810.32,9798.597,1623940199999,379322490.13819,87104,5308.089,205462818.80476,0
1623940200000,38810.32,38976.00,38685.12,38743.83,8961.716,1623941099999,348135385.85709,79217,4423.282,171877921.22403,0
1623941100000,38743.83,38920.00,38719.72,38889.99,5371.052,1623941999999,208492923.36433,49896,3039.335,117979995.18332,0
1623942000000,38889.99,38983.00,38780.00,38854.99,6019.253,1623942899999,233938387.23189,52158,2979.670,115828512.97709,0
1623942900000,38854.44,38895.50,38775.00,38850.59,3274.344,1623943799999,127147392.67977,33234,1649.506,64053678.36939,0
1623943800000,38850.59,39080.00,38850.59,38908.58,6386.625,1623944699999,248805756.70188,62706,3497.051,136248435.12520,0
1623944700000,38908.59,39150.00,38908.58,39002.18,6323.189,1623945599999,246743988.28033,56189,3453.462,134772421.17289,0
1623945600000,39002.19,39108.61,38741.00,38828.02,9120.548,1623946499999,354623864.79283,86634,3875.808,150715656.22472,0
1623946500000,38829.21,38829.21,38501.00,38623.92,10746.635,1623947399999,415369749.15413,97121,4763.803,184142711.45645,0
1623947400000,38623.92,38684.00,38454.61,38513.73,7989.341,1623948299999,308088907.47480,75055,3826.624,147590800.06564,0
1623948300000,38516.12,38533.29,38245.00,38509.83,13278.037,1623949199999,509988417.45292,116878,6232.700,239469454.10607,0
1623949200000,38509.83,38570.00,38200.00,38248.82,12320.727,1623950099999,472923799.59960,95870,5409.251,207654730.78322,0
1623950100000,38248.82,38340.00,37720.00,37828.23,27680.065,1623950999999,1050379704.22517,228193,10889.613,413182689.72628,0
1623951000000,37828.22,37948.00,37612.50,37858.27,16243.474,1623951899999,613981901.33915,136460,8297.771,313749533.45072,0
1623951900000,37858.27,37885.73,37611.00,37691.87,9320.875,1623952799999,351694349.43874,87457,4662.280,175949080.26926,0
1623952800000,37691.87,37817.21,37555.00,37725.00,10002.960,1623953699999,377013082.12792,90379,5027.217,189536546.42228,0
1623953700000,37725.00,37790.00,37618.52,37738.95,6161.210,1623954599999,232228821.62743,57356,3310.330,124777698.61520,0
1623954600000,37738.96,37850.00,37504.91,37772.40,12513.687,1623955499999,472025124.67676,95953,6495.931,245154847.70750,0
1623955500000,37772.01,37882.00,37700.00,37730.01,7551.934,1623956399999,285378229.92360,56131,3974.071,150167547.48392,0
1623956400000,37730.01,37796.03,37650.00,37724.43,7961.052,1623957299999,300280392.26499,49975,3827.668,144381205.13301,0
1623957300000,37724.43,37809.85,37641.00,37730.00,3443.626,1623958199999,129923440.00955,34750,1687.870,63683992.13821,0
1623958200000,37730.00,37901.58,37721.06,37794.92,4196.550,1623959099999,158705652.70472,40172,2297.918,86902769.09887,0
1623959100000,37794.92,37840.36,37641.00,37682.27,5222.389,1623959999999,197056455.87601,40845,2564.260,96772933.70920,0
1623960000000,37682.28,37850.00,37334.76,37816.46,18149.203,1623960899999,681501597.16042,141248,7974.206,299609506.57442,0
1623960900000,37823.11,37830.52,37640.00,37752.31,4691.038,1623961799999,177008041.39560,47538,2231.876,84217950.06440,0
1623961800000,37752.30,37753.73,37604.99,37705.96,3301.152,1623962699999,124365999.25148,35269,1538.119,57946747.07105,0
1623962700000,37705.96,37769.68,37634.94,37739.99,2501.571,1623963599999,94348703.70167,29983,1212.343,45724493.88618,0
1623963600000,37739.99,37739.99,37558.87,37589.67,3198.378,1623964499999,120351449.30606,38250,1475.757,55530332.82636,0
1623964500000,37589.66,37706.82,37515.00,37685.01,3705.829,1623965399999,139318413.48937,42627,1916.264,72045462.76604,0
1623965400000,37685.01,37800.00,37606.87,37791.58,2810.049,1623966299999,105949877.08569,35701,1614.708,60892938.09935,0
1623966300000,37791.59,37820.94,37696.10,37719.24,2919.816,1623967199999,110250491.45142,35246,1353.079,51094680.89800,0
1623967200000,37719.24,37750.00,37600.00,37682.04,3096.417,1623968099999,116652140.12667,34421,1489.092,56101531.37589,0
1623968100000,37682.03,37800.00,37655.85,37785.37,3813.914,1623968999999,143944255.13469,34760,2021.334,76290810.74740,0
1623969000000,37785.38,37798.17,37617.49,37712.96,4176.116,1623969899999,157403997.55929,35275,2068.154,77952013.88474,0
1623969900000,37712.96,37965.00,37657.89,37930.82,5877.183,1623970799999,222244377.89899,52599,3528.366,133448393.02883,0
1623970800000,37931.02,38180.00,37826.23,38110.00,11591.523,1623971699999,441275116.56548,91125,6039.169,229913110.75680,0
1623971700000,38110.00,38110.00,37903.03,37952.77,5217.643,1623972599999,198293529.88942,43914,2190.876,83267009.53347,0
1623972600000,37951.58,37960.00,37810.00,37901.48,4431.424,1623973499999,167899685.58049,42823,2255.848,85471270.22573,0
1623973500000,37901.85,38100.00,37884.63,38060.71,4322.937,1623974399999,164372209.41463,40407,2310.674,87857092.33311,0
1623974400000,38060.71,38142.14,37870.00,38142.14,4440.957,1623975299999,168717163.70455,44713,2136.477,81186175.51224,0
1623975300000,38142.14,38198.00,37976.03,38003.01,4674.094,1623976199999,177946585.72071,41049,2227.567,84801629.07116,0
1623976200000,38003.01,38097.72,37913.87,37917.09,3380.967,1623977099999,128490743.71721,29618,1383.894,52597206.13134,0
1623977100000,37916.51,37988.72,37531.20,37664.89,8639.414,1623977999999,326377561.37756,69770,3424.448,129381192.18833,0
1623978000000,37664.89,37769.01,37560.25,37686.31,5716.522,1623978899999,215416929.47106,51077,2940.654,110827637.60136,0
1623978900000,37687.01,37773.92,37623.92,37636.22,3978.931,1623979799999,150022606.25745,35559,1903.597,71778708.82440,0
1623979800000,37636.89,37697.28,37500.00,37693.73,6252.524,1623980699999,235110291.65382,54181,3085.904,116057356.37343,0
1623980700000,37693.73,37790.00,37569.37,37644.46,3633.689,1623981599999,136839279.57486,36160,1863.851,70195352.89203,0
1623981600000,37644.45,37647.24,37333.00,37408.47,8810.999,1623982499999,330009298.06185,73002,3787.675,141874011.44766,0
1623982500000,37408.47,37476.86,37200.62,37369.05,9687.965,1623983399999,361495705.80445,85096,4090.494,152654321.47790,0
1623983400000,37369.04,37724.96,37317.62,37568.01,9107.006,1623984299999,341981256.34197,74996,5141.318,193031748.71711,0
1623984300000,37568.00,37884.25,37567.89,37765.29,8301.652,1623985199999,313691981.07214,68358,4380.767,165521459.74766,0
1623985200000,37765.52,37970.00,37724.79,37865.64,5637.077,1623986099999,213314039.51474,51213,2856.892,108110887.28312,0
1623986100000,37865.64,37918.65,37801.40,37869.30,3571.054,1623986999999,135210601.72311,33139,1717.640,65038253.93989,0
1623987000000,37869.30,37888.00,37761.66,37865.31,3716.309,1623987899999,140554010.23643,33783,1623.377,61400743.23746,0
1623987900000,37865.32,38030.39,37850.00,37905.60,4977.231,1623988799999,188711106.79660,42508,2716.424,103001508.59735,0
1623988800000,37904.35,37961.00,37780.00,37814.00,3903.483,1623989699999,147802723.76113,34433,1724.893,65313257.36402,0
1623989700000,37813.99,37946.79,37765.00,37882.02,3314.707,1623990599999,125497520.91936,30667,1853.867,70187274.45257,0
1623990600000,37882.02,38128.41,37855.22,38021.52,5768.557,1623991499999,219195502.28429,47910,3149.794,119695978.55418,0
1623991500000,38021.52,38021.53,37870.75,37890.36,4050.671,1623992399999,153779250.44031,33585,1780.969,67619765.23389,0
1623992400000,37890.37,37947.83,37802.86,37868.05,4039.618,1623993299999,152936632.42221,36934,1899.342,71906361.18373,0
1623993300000,37868.05,37990.00,37843.24,37933.51,3318.722,1623994199999,125917782.99613,30820,1705.200,64698179.52867,0
1623994200000,37933.50,38077.00,37930.51,37954.44,3980.008,1623995099999,151213295.12763,33809,1996.321,75848864.19983,0
1623995100000,37954.44,37954.44,37500.00,37595.07,13400.734,1623995999999,504905286.53696,102344,5394.681,203244810.29175,0
1623996000000,37595.67,37650.00,37515.00,37628.60,4974.238,1623996899999,187017338.85668,46252,2628.955,98848259.14108,0
1623996900000,37628.60,37730.07,37433.00,37548.05,7572.745,1623997799999,284401940.03390,65169,3485.863,130958064.33583,0
1623997800000,37548.04,37621.50,37469.34,37595.03,4443.494,1623998699999,166865835.16343,37110,2283.308,85750208.28061,0
1623998700000,37595.04,37615.78,37364.00,37446.75,6814.076,1623999599999,255277861.25285,55906,3093.378,115897300.93746,0
1623999600000,37446.75,37699.00,37446.00,37653.97,6798.410,1624000499999,255603391.92365,53751,3681.402,138400224.12282,0
1624000500000,37653.97,37764.00,37620.00,37673.62,4623.020,1624001399999,174227983.09569,40806,2364.688,89121255.41271,0
1624001400000,37673.61,37795.00,37572.00,37765.60,4977.538,1624002299999,187696642.33538,43747,2450.821,92430621.63731,0
1624002300000,37765.60,37783.76,37660.00,37689.99,3879.423,1624003199999,146247943.40724,34538,1852.466,69833778.29527,0
1624003200000,37689.99,37865.90,37550.00,37781.92,8994.900,1624004099999,339534349.89847,73783,4453.219,168129824.39017,0
1624004100000,37781.92,37900.00,37769.28,37877.94,4732.846,1624004999999,179126737.94035,41374,2627.343,99442062.82686,0
1624005000000,37877.94,37929.28,37833.00,37844.95,4028.437,1624005899999,152572963.83151,35768,1958.964,74195513.87318,0
1624005900000,37844.95,37948.00,37782.77,37850.00,4144.243,1624006799999,156916546.96245,38764,2023.804,76634060.41824,0
1624006800000,37850.00,37899.00,37665.54,37800.01,5565.156,1624007699999,210239705.26041,53771,2649.889,100110874.82653,0
1624007700000,37800.01,37830.00,37577.00,37649.55,6322.862,1624008599999,238287271.06669,58792,3097.284,116727078.36157,0
1624008600000,37651.45,37722.00,37465.00,37557.97,7430.746,1624009499999,279380399.91313,63586,3119.188,117297162.22728,0
1624009500000,37557.97,37640.00,37450.00,37507.77,7436.036,1624010399999,279111560.96566,62433,3831.407,143819699.54578,0
1624010400000,37507.77,37510.00,37250.03,37323.69,13174.256,1624011299999,492139338.21641,110626,6009.007,224488033.80220,0
1624011300000,37323.72,37673.00,37052.33,37556.51,25552.887,1624012199999,954335229.35243,214957,12562.885,469385532.70281,0
1624012200000,37556.50,37790.00,37550.00,37759.74,10194.665,1624013099999,384311050.70569,95302,5260.609,198321030.45700,0
1624013100000,37759.75,37848.05,37681.37,37813.38,7479.924,1624013999999,282425451.17412,61810,4015.242,151620928.90906,0
1624014000000,37813.38,38000.00,37777.00,37922.28,9944.144,1624014899999,376701950.68557,86804,5569.534,211011438.10952,0
1624014900000,37922.27,37944.00,37740.00,37757.35,6355.792,1624015799999,240401832.71847,59370,2839.993,107428173.85308,0
1624015800000,37757.35,37880.00,37639.28,37826.60,7576.127,1624016699999,285890256.66175,65093,4098.606,154678972.83378,0
1624016700000,37827.99,37950.00,37746.66,37805.92,5880.145,1624017599999,222491923.41425,54186,3033.021,114781884.00623,0
1624017600000,37805.93,37940.00,37521.00,37549.99,10032.884,1624018499999,378204078.87064,85452,4763.463,179611376.72340,0
1624018500000,37550.00,37671.91,37350.00,37483.71,13537.988,1624019399999,507730927.52091,110029,6892.124,258529538.80659,0
1624019400000,37483.91,37568.00,37300.00,37329.88,9359.303,1624020299999,350392268.82823,79818,4590.134,171881536.50847,0
1624020300000,37329.89,37495.00,37315.00,37430.57,5730.237,1624021199999,214349669.12498,51158,3043.077,113832303.13434,0
1624021200000,37430.58,37650.00,37120.00,37168.89,15429.792,1624022099999,576897006.53424,125452,7134.179,266865285.84531,0
1624022100000,37168.90,37284.59,37049.57,37173.32,17356.881,1624022999999,644836261.24438,138046,8089.136,300602726.06661,0
1624023000000,37173.33,37250.00,37015.00,37130.00,9745.650,1624023899999,361942536.53679,81458,4433.410,164684617.68339,0
1624023900000,37130.00,37276.25,37080.00,37190.01,7163.786,1624024799999,266441728.19853,63267,3516.553,130807799.38174,0
1624024800000,37190.00,37298.18,36610.00,36697.21,26891.721,1624025699999,991498345.81623,217466,11247.422,414891562.02191,0
1624025700000,36697.21,36789.69,36516.00,36774.38,15072.289,1624026599999,552986979.07171,131145,7395.775,271417120.30685,0
1624026600000,36774.39,36888.80,36628.69,36652.76,10940.159,1624027499999,402076847.15310,93544,5529.880,203289242.31407,0
1624027500000,36652.77,36757.34,36500.00,36675.47,8658.120,1624028399999,317311499.43820,75830,4006.122,146860756.18270,0
1624028400000,36674.01,36829.81,36605.18,36663.18,8405.740,1624029299999,308728339.26341,78274,4274.408,157002015.56385,0
1624029300000,36663.19,36721.87,36300.00,36463.91,14023.417,1624030199999,511699007.06266,114728,5988.019,218586419.19352,0
1624030200000,36463.91,36564.19,36406.37,36512.73,8273.455,1624031099999,301886900.43308,68079,4428.116,161581367.65298,0
1624031100000,36512.72,36569.82,36300.10,36363.91,10454.545,1624031999999,380778353.99722,88198,5000.502,182151083.01691,0
1624032000000,36363.91,36599.00,36250.00,36426.02,16129.200,1624032899999,587375561.78689,137279,8364.434,304667536.48353,0
1624032900000,36424.59,36579.92,36377.78,36566.99,6871.932,1624033799999,250718254.46172,61090,3899.446,142282616.99338,0
1624033800000,36566.99,36708.31,36520.00,36617.52,10911.923,1624034699999,399618829.85066,92025,5970.674,218676365.43394,0
1624034700000,36617.52,36689.85,36560.01,36583.00,4580.173,1624035599999,167730724.21859,42835,2527.406,92564887.48696,0
1624035600000,36582.99,36599.00,36372.84,36411.52,7546.955,1624036499999,275106005.37549,66201,3551.859,129468293.33939,0
1624036500000,36411.52,36481.33,36359.92,36412.03,4397.187,1624037399999,160132600.02983,41218,2262.853,82408136.43934,0
1624037400000,36412.04,36479.73,36200.18,36333.16,10214.506,1624038299999,370882785.36553,83656,4533.258,164620913.45309,0
1624038300000,36333.17,36438.88,36220.15,36225.01,5146.537,1624039199999,187004315.48590,47947,2456.133,89251321.97889,0
1624039200000,36225.02,36363.60,36121.00,36131.70,8185.852,1624040099999,296646625.68349,79920,3635.717,131787396.93444,0
1624040100000,36131.69,36263.70,35518.00,35704.97,21869.039,1624040999999,785613785.09584,162579,7773.143,279440955.74518,0
1624041000000,35704.97,35840.00,35301.00,35474.36,25559.583,1624041899999,909130867.95972,203932,12096.779,430457980.81349,0
1624041900000,35474.35,35620.00,35100.00,35260.00,21951.450,1624042799999,775287853.61890,175206,10740.341,379469715.59689,0
1624042800000,35259.42,35460.00,35150.20,35310.70,12465.110,1624043699999,440495549.51859,105619,6353.168,224534955.27548,0
1624043700000,35310.70,35555.62,35310.70,35443.38,12353.249,1624044599999,437952039.65613,92798,6936.176,245896879.04389,0
1624044600000,35443.38,35525.42,35371.31,35478.07,6047.362,1624045499999,214397406.08806,55860,3082.708,109298229.22769,0
1624045500000,35478.08,35481.80,35260.33,35305.16,5064.581,1624046399999,179191606.75912,48428,2310.099,81745925.58144,0
1624046400000,35305.15,35650.00,35214.54,35599.99,10197.195,1624047299999,362060349.59667,86936,5854.622,207908807.80047,0
1624047300000,35600.00,35830.77,35599.99,35680.00,11354.602,1624048199999,405794219.60763,95815,5939.594,212267125.17107,0
1624048200000,35680.00,35690.00,35327.59,35409.58,10271.137,1624049099999,364440389.54260,82895,5025.086,178257410.94168,0
1624049100000,35409.58,35490.00,35350.00,35474.96,4978.747,1624049999999,176343689.41761,42415,2839.586,100584933.58568,0
1624050000000,35474.96,35700.00,35431.07,35577.53,6579.282,1624050899999,234098693.72320,62907,3491.400,124209769.59433,0
1624050900000,35577.53,35615.66,35350.00,35446.44,6332.590,1624051799999,224436681.33015,58169,3073.967,108940845.71144,0
1624051800000,35446.45,35630.00,35400.00,35600.00,5108.618,1624052699999,181390866.90126,53909,2657.790,94375857.32649,0
1624052700000,35600.00,35680.00,35516.76,35624.83,4974.047,1624053599999,177005765.21924,43969,2604.865,92708127.23949,0
1624053600000,35626.50,35632.82,35401.42,35457.33,4291.730,1624054499999,152378152.53897,39935,1941.662,68935112.72000,0
1624054500000,35457.33,35520.00,35360.00,35422.52,4029.931,1624055399999,142844306.82935,37517,2021.730,71671697.17409,0
1624055400000,35423.18,35487.32,35307.73,35447.31,4017.868,1624056299999,142286035.08500,39186,1986.572,70355532.57025,0
1624056300000,35447.32,35600.00,35374.26,35594.41,3602.016,1624057199999,127831196.32870,32974,1918.543,68098043.03420,0
1624057200000,35594.41,35594.42,35427.52,35442.44,4112.371,1624058099999,145972983.64122,35076,1815.679,64439946.06137,0
1624058100000,35442.45,35673.62,35364.00,35628.63,7548.146,1624058999999,268010756.36467,51412,4131.530,146734093.27316,0
1624059000000,35628.63,35932.32,35587.52,35804.22,9917.997,1624059899999,354965839.42705,75794,5454.602,195211217.10107,0
1624059900000,35804.22,35833.85,35555.11,35811.41,7493.365,1624060799999,267472335.16434,56753,3529.355,125942110.12274,0
1624060800000,35811.41,35918.34,35625.69,35893.30,6781.361,1624061699999,242574760.69676,57251,3519.861,125935271.60658,0
1624061700000,35893.79,35900.00,35726.34,35795.23,4578.366,1624062599999,163872300.73337,39543,2094.779,74974375.16997,0
1624062600000,35795.23,35862.23,35700.00,35755.81,3600.590,1624063499999,128827579.76658,33495,1873.675,67045255.12490,0
1624063500000,35755.81,35818.00,35642.00,35731.74,4448.474,1624064399999,158801847.67852,35408,2262.931,80783602.70953,0
1624064400000,35731.74,36180.00,35698.22,36155.45,11762.976,1624065299999,423102573.15567,86278,6824.529,245534557.45338,0
1624065300000,36155.45,36288.00,36085.18,36096.01,9047.368,1624066199999,327476484.03990,68635,4197.101,151946143.76051,0
1624066200000,36096.01,36165.99,35980.14,36027.36,4913.104,1624067099999,177247083.18010,41250,2506.129,90426410.50197,0
1624067100000,36027.36,36187.00,36023.74,36088.97,3384.608,1624067999999,122176205.68782,32807,1856.620,67016827.29983,0
1624068000000,36088.97,36209.87,36001.00,36033.05,4068.513,1624068899999,146823257.50673,35799,1966.862,70986696.00972,0
1624068900000,36033.04,36040.80,35865.00,35926.47,5524.472,1624069799999,198512427.87419,47904,2534.268,91054255.53124,0
1624069800000,35926.47,35949.16,35511.00,35589.00,11991.523,1624070699999,427627273.32818,90172,5148.708,183550554.02156,0
1624070700000,35589.00,35650.00,35400.00,35484.13,7914.768,1624071599999,281031701.64712,63816,3609.925,128208133.07047,0
1624071600000,35484.13,35554.76,35300.00,35387.14,7919.478,1624072499999,280345577.68965,64648,3773.292,133601047.48563,0
1624072500000,35386.17,35426.29,34704.08,34967.53,17321.323,1624073399999,607559842.89746,129892,6552.793,230082950.99817,0
1624073400000,34967.53,35298.00,34872.04,34999.96,15113.588,1624074299999,530727478.22010,126907,7797.723,273871005.53585,0
1624074300000,34999.97,35139.21,34810.00,35080.90,10973.067,1624075199999,383868431.44477,94586,5898.148,206367924.70744,0
1624075200000,35080.90,35198.00,34980.00,35018.53,7609.703,1624076099999,266901503.64810,66051,3713.015,130274004.54704,0
1624076100000,35018.53,35262.39,34921.53,35243.97,6984.120,1624076999999,244744037.65715,61655,4163.342,145968415.38104,0
1624077000000,35242.48,35546.42,35075.43,35222.65,14577.167,1624077899999,514561526.03325,116973,7283.218,257145262.89337,0
1624077900000,35222.66,35228.25,34957.81,35155.90,7219.459,1624078799999,253317069.19673,61610,3442.647,120803550.81409,0
1624078800000,35155.90,35365.00,35155.90,35359.03,6266.499,1624079699999,221039141.69046,52772,3694.048,130305208.47716,0
1624079700000,35358.60,35455.00,35271.52,35367.77,5151.221,1624080599999,182209055.66385,45796,2760.143,97639958.67214,0
1624080600000,35367.77,35545.36,35360.00,35365.39,6063.289,1624081499999,215029662.02495,52996,2941.842,104343040.86327,0
1624081500000,35365.41,35538.00,35250.00,35495.00,7305.267,1624082399999,258550885.22743,58057,4056.714,143627665.46225,0
1624082400000,35495.01,35678.90,35423.45,35530.04,7800.411,1624083299999,277495989.84223,65054,4304.117,153132610.92281,0
1624083300000,35530.05,35620.00,35475.00,35568.50,4693.424,1624084199999,166864122.34198,41902,2250.745,80031913.34331,0
1624084200000,35568.49,35803.21,35561.45,35679.00,8383.891,1624085099999,299153281.03023,61455,4783.017,170703741.22064,0
1624085100000,35679.01,35850.00,35600.00,35760.00,6521.502,1624085999999,232791916.70046,55834,3343.498,119379271.10153,0
1624086000000,35760.00,35828.84,35614.20,35631.24,5586.016,1624086899999,199457718.52070,48034,2475.724,88408284.90498,0
1624086900000,35631.23,35650.00,35411.91,35496.45,9145.047,1624087799999,324933066.57229,70029,3614.365,128415484.08435,0
1624087800000,35496.44,35755.05,35494.34,35709.84,6355.718,1624088699999,226544613.01859,54458,3604.896,128479348.83213,0
1624088700000,35709.85,35787.50,35600.00,35767.59,5382.416,1624089599999,192234324.15792,47160,2677.653,95646076.72697,0
1624089600000,35767.59,35789.00,35569.88,35606.54,7106.712,1624090499999,253614389.33270,55635,3534.390,126168590.53144,0
1624090500000,35606.53,35738.26,35577.00,35716.57,3768.999,1624091399999,134461042.03867,35393,1993.730,71126122.81591,0
1624091400000,35716.57,35950.00,35716.56,35875.63,9061.643,1624092299999,324762659.70446,73389,5380.733,192850368.13222,0
1624092300000,35874.90,35900.00,35750.35,35779.68,4463.287,1624093199999,159871140.98255,36984,2122.275,76021146.76060,0
1624093200000,35779.68,35890.00,35754.00,35782.30,4596.648,1624094099999,164638184.37390,39744,2465.436,88311679.25739,0
1624094100000,35782.30,35797.75,35665.82,35681.97,5902.788,1624094999999,210802573.95267,50110,2418.659,86374142.95391,0
1624095000000,35681.96,35866.99,35660.00,35733.03,4670.868,1624095899999,167100593.22056,42911,2499.596,89432517.31511,0
1624095900000,35733.03,35788.35,35555.00,35633.29,8161.173,1624096799999,290718712.40241,63907,3608.376,128549402.02869,0
1624096800000,35633.29,35682.00,35555.00,35628.76,4488.601,1624097699999,159841238.67405,42374,2402.378,85553557.34735,0
1624097700000,35628.75,35750.00,35555.00,35723.31,5140.624,1624098599999,183151756.35602,44872,2828.282,100777617.82447,0
1624098600000,35722.20,35894.11,35595.70,35758.13,8796.915,1624099499999,314521594.59910,72077,4511.818,161330561.31066,0
1624099500000,35757.82,35860.00,35682.88,35690.61,5264.007,1624100399999,188316529.17486,44722,2722.059,97392499.53531,0
1624100400000,35690.60,35894.80,35690.00,35887.39,5498.517,1624101299999,196905301.06318,43498,3149.163,112781268.62503,0
1624101300000,35887.20,35900.00,35783.51,35900.00,4784.060,1624102199999,171519280.04936,35657,2351.766,84322391.70240,0
1624102200000,35900.00,35999.00,35800.00,35826.64,5849.345,1624103099999,209891436.37249,51289,3072.397,110262540.74594,0
1624103100000,35826.64,35961.63,35807.73,35919.99,4297.043,1624103999999,154259526.66911,38168,2324.571,83456864.93856,0
1624104000000,35920.00,36210.55,35787.00,36175.14,15714.086,1624104899999,566242728.23478,123694,8833.421,318439536.12670,0
1624104900000,36175.14,36471.80,36136.00,36145.04,15652.973,1624105799999,567757540.63764,127587,8335.111,302413838.27005,0
1624105800000,36145.05,36205.67,35888.88,35933.79,10594.725,1624106699999,382091214.24052,81852,4683.788,168949184.66339,0
1624106700000,35933.78,35964.97,35606.51,35731.02,14235.868,1624107599999,508775965.83792,120150,7197.454,257187842.86758,0
1624107600000,35731.01,35790.00,35525.15,35709.35,9672.708,1624108499999,345049135.59014,81198,4737.998,169034500.48517,0
1624108500000,35709.34,35849.64,35704.51,35834.72,6185.801,1624109399999,221344685.54797,52374,3315.649,118653198.04077,0
1624109400000,35834.71,35890.00,35750.79,35760.01,4419.447,1624110299999,158280659.20546,40856,2130.093,76298472.30972,0
1624110300000,35760.00,35835.00,35662.43,35750.60,4004.702,1624111199999,143151856.58259,37178,1889.446,67548265.87715,0
1624111200000,35750.59,35949.00,35750.00,35836.36,6524.472,1624112099999,233944769.34523,53339,3790.275,135918062.07957,0
1624112100000,35836.35,36076.99,35836.35,36012.35,6930.443,1624112999999,249314771.80049,59839,3781.889,136048836.14514,0
1624113000000,36012.36,36300.00,36011.76,36186.12,11697.005,1624113899999,423132192.55140,93045,6700.388,242408766.21722,0
1624113900000,36186.12,36222.00,35908.06,36219.49,11121.912,1624114799999,401040555.42347,87828,5239.696,188967485.81245,0
1624114800000,36219.50,36343.93,36059.24,36190.51,8568.595,1624115699999,310016140.23381,73616,4333.113,156800836.92468,0
1624115700000,36190.51,36193.70,36001.00,36049.99,5323.908,1624116599999,192127949.23676,44628,2546.581,91904435.86675,0
1624116600000,36049.99,36049.99,35825.54,35902.64,7353.202,1624117499999,264165899.11659,67641,3414.686,122670365.67205,0
1624117500000,35902.41,36150.00,35875.00,36104.67,6433.660,1624118399999,231702386.99192,57982,3706.095,133476350.17791,0
1624118400000,36104.67,36200.00,35915.00,35949.96,7115.272,1624119299999,256300288.57097,63292,3473.436,125122553.40062,0
1624119300000,35949.96,36029.06,35760.17,35828.53,6951.337,1624120199999,249244612.55878,64728,3166.841,113561733.22507,0
1624120200000,35828.84,35990.50,35828.84,35883.50,3806.296,1624121099999,136705452.12900,38523,1946.888,69920060.27891,0
1624121100000,35883.50,35965.94,35771.46,35878.30,4370.029,1624121999999,156742272.77960,42051,2158.464,77426668.93650,0
1624122000000,35878.31,35914.52,35610.91,35633.92,7082.868,1624122899999,253126151.62457,66803,2989.057,106829290.33641,0
1624122900000,35634.73,35821.63,35629.35,35750.40,4542.068,1624123799999,162286597.62570,42162,2659.376,95025055.45368,0
1624123800000,35750.40,35866.05,35704.33,35764.72,4043.251,1624124699999,144667445.33780,38259,2045.584,73198648.52489,0
1624124700000,35764.72,35845.57,35690.02,35753.00,3544.723,1624125599999,126740976.99534,32401,1757.317,62834965.80808,0
1624125600000,35753.00,35758.76,35524.67,35664.10,7948.925,1624126499999,283108322.69498,66582,3675.034,130906402.45573,0
1624126500000,35664.11,35675.00,35360.00,35514.83,6763.908,1624127399999,240159207.98249,62124,3003.983,106675515.87486,0
1624127400000,35514.84,35514.84,35336.75,35423.50,6490.966,1624128299999,229907417.37833,57785,3028.138,107258701.93242,0
1624128300000,35423.50,35663.00,35423.49,35495.27,5720.923,1624129199999,203292628.64769,48817,3310.212,117639084.55753,0
1624129200000,35495.27,35588.00,35477.12,35528.80,2940.742,1624130099999,104488437.54070,29171,1582.727,56238748.34156,0
1624130100000,35528.81,36027.99,35525.00,35859.46,10777.070,1624130999999,386261197.56794,92885,6478.683,232164787.07802,0
1624131000000,35859.46,35880.00,35686.99,35835.22,5965.102,1624131899999,213416146.82794,55626,3063.185,109591711.43714,0
1624131900000,35835.22,35971.00,35733.00,35932.49,3371.100,1624132799999,120772816.87772,35745,1783.648,63915032.13065,0
1624132800000,35932.50,36027.51,35852.99,35904.70,5063.889,1624133699999,181961355.97234,46938,2588.950,93042919.03011,0
1624133700000,35904.69,35929.42,35700.00,35798.60,5226.744,1624134599999,187141027.21072,43203,2366.102,84727122.47828,0
1624134600000,35798.60,35920.00,35734.00,35893.00,2984.720,1624135499999,106935399.51209,32138,1609.023,57651779.79596,0
1624135500000,35893.00,36182.30,35884.04,36079.31,7518.199,1624136399999,271244904.36906,70251,4429.737,159801676.49102,0
1624136400000,36079.99,36127.00,36025.00,36055.02,3021.905,1624137299999,109003191.57345,35591,1586.290,57223236.50071,0
1624137300000,36055.01,36079.56,35951.00,36017.27,3133.614,1624138199999,112837284.94588,36333,1596.854,57505148.18387,0
1624138200000,36017.99,36017.99,35831.87,35895.89,2610.294,1624139099999,93793287.14912,33415,1194.013,42911722.77197,0
1624139100000,35895.88,36025.00,35823.22,35846.26,3586.843,1624139999999,128871109.35139,35073,1836.066,65975305.64190,0
1624140000000,35846.26,35880.32,35620.00,35688.74,4983.867,1624140899999,178112613.45575,50973,2363.332,84466450.11190,0
1624140900000,35688.73,35760.00,35573.00,35700.00,4038.873,1624141799999,144032163.04532,42766,2147.395,76593876.45908,0
1624141800000,35700.00,35707.54,35585.02,35620.02,2810.163,1624142699999,100163281.86313,28916,1399.898,49899187.84796,0
1624142700000,35620.02,35673.61,35500.02,35552.97,4713.563,1624143599999,167689095.52062,39472,2071.708,73717743.56971,0
1624143600000,35552.97,35597.40,35431.40,35562.25,4294.700,1624144499999,152521362.51322,43273,2054.851,72988581.85541,0
1624144500000,35562.25,35804.86,35532.07,35632.17,6500.942,1624145399999,232095605.99055,56115,3892.859,138953680.36302,0
1624145400000,35632.17,35644.19,35420.00,35526.68,4421.937,1624146299999,157043992.23964,43647,2138.594,75950258.27940,0
1624146300000,35526.68,35633.16,35380.00,35483.00,5167.083,1624147199999,183470277.53828,47700,2339.344,83076965.25557,0
1624147200000,35483.01,35666.00,35175.00,35457.26,11635.387,1624148099999,412073329.01717,95253,5156.157,182699041.50240,0
1624148100000,35457.27,35459.78,35107.99,35207.99,7546.868,1624148999999,266043388.32684,65603,3231.144,113902760.10112,0
1624149000000,35207.98,35384.64,35180.00,35312.66,4361.538,1624149899999,153941589.76825,41151,2324.480,82042417.24185,0
1624149900000,35312.65,35405.01,35200.00,35376.00,3889.099,1624150799999,137383037.89397,37872,1960.144,69253487.43009,0
1624150800000,35375.99,35678.55,35324.64,35535.33,7396.644,1624151699999,262890093.17635,60356,4439.367,157787563.83860,0
1624151700000,35535.32,35749.54,35517.00,35651.34,4480.085,1624152599999,159662043.56692,39145,2505.565,89291548.58181,0
1624152600000,35651.34,35800.00,35650.00,35721.62,3650.909,1624153499999,130392356.26108,34290,1927.060,68830188.75618,0
1624153500000,35721.63,35730.00,35593.29,35632.99,3214.666,1624154399999,114601688.63874,30066,1345.371,47960080.90634,0
1624154400000,35632.99,35634.64,35450.00,35490.89,4654.440,1624155299999,165300209.38688,43995,2138.336,75929841.94618,0
1624155300000,35490.89,35490.89,35301.00,35319.49,4427.913,1624156199999,156696088.89333,41713,2048.916,72512526.04917,0
1624156200000,35319.50,35450.00,35279.25,35332.02,4686.278,1624157099999,165688849.93900,42062,2598.305,91871966.79429,0
1624157100000,35332.02,35630.41,35310.97,35590.00,5302.610,1624157999999,188223424.67856,47725,3187.919,113170975.50364,0
1624158000000,35589.99,35735.90,35453.72,35633.13,5506.939,1624158899999,195994161.49445,49157,2721.568,96876068.74433,0
1624158900000,35633.12,35688.00,35552.77,35646.11,3198.758,1624159799999,113927104.14355,29531,1668.423,59426225.11478,0
1624159800000,35646.10,35697.00,35550.73,35663.60,2929.046,1624160699999,104296848.10701,28375,1437.942,51204756.20268,0
1624160700000,35662.00,35773.67,35500.41,35522.63,4290.042,1624161599999,152829124.02703,40025,2139.166,76225012.90183,0
1624161600000,35522.63,35665.10,35435.00,35597.17,4293.482,1624162499999,152622484.49795,43357,2204.921,78388470.93209,0
1624162500000,35597.17,35730.00,35542.83,35653.52,3489.002,1624163399999,124381348.55384,33075,1774.123,63246940.57043,0
1624163400000,35653.52,35880.00,35653.52,35764.69,5958.224,1624164299999,213111888.19551,48700,3246.648,116138864.73696,0
1624164300000,35764.69,35871.80,35700.00,35788.19,4143.446,1624165199999,148246635.61152,35568,2016.702,72165102.24956,0
1624165200000,35788.20,35850.00,35730.62,35795.00,3056.105,1624166099999,109401137.42646,29253,1560.623,55868454.29319,0
1624166100000,35794.99,35916.44,35734.04,35734.20,4133.290,1624166999999,148077076.04275,36858,1978.272,70891623.63921,0
1624167000000,35734.19,35841.55,35680.63,35764.81,3887.871,1624167899999,138996966.69016,34934,1958.878,70035766.12615,0
1624167900000,35764.81,35800.00,35710.00,35714.11,2186.216,1624168799999,78146084.38098,23508,1037.719,37095663.26225,0
1624168800000,35712.65,35755.52,35569.33,35646.47,4512.475,1624169699999,160880566.93052,41574,1954.674,69691322.81042,0
1624169700000,35646.47,35646.47,35505.00,35614.76,3993.659,1624170599999,142061957.37091,39467,1932.854,68757640.72057,0
1624170600000,35614.77,35722.05,35580.45,35634.52,3287.566,1624171499999,117196535.75045,33029,1758.522,62690359.43996,0
1624171500000,35634.52,35654.00,35474.02,35493.45,5179.041,1624172399999,183998922.94905,44670,2446.428,86911784.45631,0
1624172400000,35493.46,35585.99,35386.88,35428.31,5846.458,1624173299999,207437353.96455,48156,2648.329,94000915.04740,0
1624173300000,35426.93,35513.14,35350.00,35400.00,5417.387,1624174199999,191853653.26383,46982,2629.664,93138957.90424,0
1624174200000,35398.63,35531.66,35394.00,35406.01,3657.097,1624175099999,129643344.42325,35448,2075.130,73569611.44304,0
1624175100000,35406.02,35655.00,35396.68,35614.39,6646.406,1624175999999,236399398.41644,54800,3922.454,139523501.32564,0
1624176000000,35614.39,35669.88,35509.00,35585.00,4768.110,1624176899999,169771607.64530,43125,2324.672,82777906.89549,0
1624176900000,35585.00,35600.00,35425.72,35485.81,5543.484,1624177799999,196785337.35423,46662,2559.353,90860639.16947,0
1624177800000,35485.82,35485.82,35302.74,35343.41,6736.213,1624178699999,238354457.75582,54647,2877.208,101800312.72472,0
1624178700000,35343.42,35390.00,35261.00,35320.60,6970.142,1624179599999,246190929.40909,59369,3396.949,119996427.02865,0
1624179600000,35320.60,35359.77,35084.35,35206.29,9474.086,1624180499999,333542074.87504,84953,3801.359,133845813.25114,0
1624180500000,35206.30,35329.79,35156.00,35308.30,4940.916,1624181399999,174152357.64375,45802,2761.935,97357987.90082,0
1624181400000,35308.15,35384.24,35209.16,35247.15,5376.863,1624182299999,189817949.88835,47053,2661.460,93971340.46600,0
1624182300000,35247.16,35278.52,34860.00,34977.28,15777.526,1624183199999,552090553.31692,128364,6794.249,237743619.84685,0
1624183200000,34977.28,34999.00,34095.68,34382.76,39851.847,1624184099999,1373994992.16563,298638,17033.512,587141432.24494,0
1624184100000,34382.81,34400.00,33650.00,34061.92,35516.065,1624184999999,1208426439.61267,284157,16423.783,559077559.43855,0
1624185000000,34063.65,34300.00,33900.00,34213.73,20359.406,1624185899999,694614765.75886,173939,11096.777,378722885.07867,0
1624185900000,34213.73,34274.37,33895.32,34072.99,13354.903,1624186799999,454927482.07343,110520,6161.312,209900826.62338,0
1624186800000,34072.99,34267.47,33852.89,34163.65,12904.740,1624187699999,439770204.96132,110880,6938.535,236503387.67207,0
1624187700000,34163.65,34163.65,33873.81,33949.98,10954.078,1624188599999,372457053.96372,85409,5316.317,180768334.44330,0
1624188600000,33948.97,34100.00,33736.34,33973.74,16581.718,1624189499999,562348327.59069,124532,8830.038,299530237.10019,0
1624189500000,33973.54,34050.00,33810.53,33856.00,8472.075,1624190399999,287400213.76630,65896,4089.785,138740785.57078,0
1624190400000,33856.01,33999.13,33401.00,33589.19,29838.788,1624191299999,1004345874.71917,227690,14380.796,484164178.51139,0
1624191300000,33588.68,33688.43,33312.00,33457.11,20357.079,1624192199999,681351518.59211,167946,9766.538,326941134.63426,0
1624192200000,33458.46,33693.15,33437.00,33626.65,13448.317,1624193099999,451990815.45496,102061,7288.354,244953797.42812,0
1624193100000,33626.66,33976.18,33622.80,33899.00,15690.951,1624193999999,530749333.30379,124159,9015.842,304933239.48151,0
1624194000000,33899.00,34185.00,33826.00,34103.17,16824.715,1624194899999,572984372.57496,133571,9018.687,307115344.12094,0
1624194900000,34103.18,34104.00,33800.00,33853.34,14720.284,1624195799999,499148350.24737,109965,6547.663,221990521.91426,0
1624195800000,33853.34,34050.00,33847.23,33971.81,8882.476,1624196699999,301689376.56711,69432,4933.959,167585370.40721,0
1624196700000,33971.81,34092.45,33846.32,33884.69,7948.231,1624197599999,270098901.47874,63019,3777.001,128360040.00392,0
1624197600000,33884.69,34166.15,33676.97,34076.22,16878.455,1624198499999,572559941.85269,124566,8967.450,304335940.86682,0
1624198500000,34076.21,34249.00,34041.00,34090.73,11063.238,1624199399999,377727813.06363,81047,5733.430,195788503.14623,0
1624199400000,34090.74,34187.99,34068.33,34135.55,6093.987,1624200299999,207951670.23703,48047,3152.028,107568169.18719,0
1624200300000,34135.55,34300.00,34042.38,34296.97,8933.912,1624201199999,305042247.60840,60918,5134.170,175362920.80721,0
1624201200000,34295.54,34485.00,34271.08,34399.99,13759.711,1624202099999,472931379.04937,107277,7533.772,258990759.21067,0
1624202100000,34400.00,34539.26,34357.54,34475.01,10946.801,1624202999999,377258803.14289,86146,5505.335,189744895.48751,0
1624203000000,34475.00,34632.53,34426.70,34436.34,12484.795,1624203899999,431042569.88166,97193,6106.496,210865314.04405,0
1624203900000,34436.61,34509.83,34323.93,34383.37,9244.720,1624204799999,318037920.36464,70489,4231.921,145612021.44517,0
1624204800000,34383.37,34586.47,34246.95,34509.05,12822.610,1624205699999,441387384.29449,98786,6439.179,221760172.46744,0
1624205700000,34509.05,34666.00,34424.16,34597.93,7788.057,1624206599999,269045144.55280,60267,4167.165,143982657.36808,0
1624206600000,34597.94,34620.00,34455.00,34489.03,5168.837,1624207499999,178447719.83543,42548,2361.227,81517721.38730,0
1624207500000,34489.03,34579.00,34400.00,34544.01,4767.866,1624208399999,164422379.72079,42011,2553.197,88060660.29571,0
1624208400000,34544.00,34670.51,34458.18,34631.68,5830.552,1624209299999,201546981.14001,47108,3067.009,106033289.81085,0
1624209300000,34631.67,34744.84,34627.14,34691.77,7382.980,1624210199999,256043987.80442,56200,3967.306,137596449.29979,0
1624210200000,34691.76,34758.00,34610.00,34624.28,6052.183,1624211099999,209919948.67548,44189,2845.815,98718114.07142,0
1624211100000,34625.63,34669.17,34342.07,34548.07,11160.928,1624211999999,385131794.44031,78802,5115.388,176560099.75564,0
1624212000000,34548.06,34750.00,34545.87,34602.51,6671.555,1624212899999,231239052.67237,57778,3376.252,117019324.21634,0
1624212900000,34602.51,34789.00,34594.89,34781.63,5684.700,1624213799999,197426133.26999,46456,3230.260,112197467.51917,0
1624213800000,34781.62,34926.50,34718.68,34839.82,7371.041,1624214699999,256743809.24728,63186,4295.482,149636074.42417,0
1624214700000,34839.82,34979.00,34796.76,34914.57,4572.242,1624215599999,159412385.50413,42055,2480.346,86498706.73019,0
1624215600000,34914.57,35149.53,34812.22,34883.07,9446.667,1624216499999,330254532.35185,77549,4959.049,173448241.07636,0
1624216500000,34883.07,35141.00,34880.39,35087.14,6705.825,1624217399999,234734814.62411,56033,3462.154,121212890.90747,0
1624217400000,35087.14,35658.09,35026.14,35470.08,23458.759,1624218299999,830644804.53978,173901,12804.768,453393757.73116,0
1624218300000,35466.79,35524.00,35313.45,35476.45,8175.670,1624219199999,289311388.11859,64886,3943.265,139543619.30813,0
1624219200000,35476.45,35888.00,35350.00,35781.62,14172.031,1624220099999,504965969.01526,118439,7768.095,276832057.14876,0
1624220100000,35781.62,35988.00,35700.00,35898.21,12772.129,1624220999999,457632049.31334,101284,6402.716,229461776.24736,0
1624221000000,35898.22,36155.00,35751.00,35816.68,12408.613,1624221899999,445546253.57605,96490,6322.282,227117888.51275,0
1624221900000,35816.67,35926.00,35714.50,35811.43,7212.279,1624222799999,258325199.12030,58375,3401.163,121833859.46154,0
1624222800000,35811.43,35887.49,35514.43,35610.35,9529.816,1624223699999,339731787.43280,84920,4037.472,143929149.77292,0
1624223700000,35610.36,35774.35,35562.55,35716.72,5343.387,1624224599999,190608704.51286,56683,2834.912,101140879.35720,0
1624224600000,35716.73,35850.00,35565.05,35649.62,6178.928,1624225499999,220636088.43484,63038,2932.745,104746814.63608,0
1624225500000,35649.57,35680.89,35500.00,35532.73,4524.041,1624226399999,160953939.69861,46249,2078.099,73945992.31596,0
1624226400000,35533.12,35663.96,35378.00,35460.01,6756.509,1624227299999,240149749.72903,58261,3090.467,109892744.99753,0
1624227300000,35460.01,35596.07,35441.11,35499.74,4048.005,1624228199999,143766594.66384,39178,2086.631,74114019.83900,0
1624228200000,35500.02,35744.72,35480.00,35686.26,6262.909,1624229099999,223246766.09482,53036,3705.141,132069703.72705,0
1624229100000,35686.26,35786.33,35610.49,35632.20,4534.908,1624229999999,161859433.42496,39486,2286.885,81637863.64281,0
1624230000000,35632.78,35695.50,35483.84,35655.79,4704.182,1624230899999,167398454.69089,39717,2233.186,79471299.58203,0
1624230900000,35655.78,35717.74,35559.79,35590.61,3286.391,1624231799999,117126264.89251,29985,1507.191,53715702.68125,0
1624231800000,35589.80,35680.00,35446.97,35520.86,5026.453,1624232699999,178682124.35063,41089,2586.488,91966553.26982,0
1624232700000,35520.86,35712.35,35490.82,35588.64,4517.809,1624233599999,160959767.22526,40115,2253.800,80293508.01794,0
1624233600000,35588.63,35746.28,35335.00,35394.08,10437.143,1624234499999,370448475.23807,82333,5076.651,180213544.45421,0
1624234500000,35394.08,35434.81,35205.00,35341.54,7152.114,1624235399999,252666244.54023,57313,3110.351,109909191.26463,0
1624235400000,35341.00,35444.91,35277.12,35372.13,3743.787,1624236299999,132419659.81760,34739,1982.884,70136928.83092,0
1624236300000,35372.14,35582.00,35342.94,35559.11,4158.368,1624237199999,147510524.75841,38644,2351.813,83422167.97173,0
1624237200000,35559.11,35633.06,35378.56,35392.43,4420.706,1624238099999,156912121.99746,38768,1923.433,68284721.17088,0
1624238100000,35392.43,35447.55,35311.00,35361.40,4082.675,1624238999999,144419925.14626,36168,2093.625,74059652.46640,0
1624239000000,35361.40,35475.32,35202.33,35250.00,5279.483,1624239899999,186442304.45214,43910,2522.018,89062554.31439,0
1624239900000,35250.01,35385.34,35235.37,35284.60,4297.285,1624240799999,151721439.90126,35230,2232.427,78827336.62588,0
1624240800000,35283.87,35460.00,35275.00,35301.75,4616.181,1624241699999,163267991.48134,39647,2355.267,83305253.95218,0
1624241700000,35301.75,35415.36,35190.44,35214.67,7211.095,1624242599999,254494569.22319,53667,3298.644,116438945.96600,0
1624242600000,35214.67,35244.86,34943.35,34981.20,12216.514,1624243499999,428684859.66092,90622,5237.132,183827743.58352,0
1624243500000,34981.19,35149.00,34881.12,35133.19,10341.032,1624244399999,361902233.09146,79286,5586.910,195569173.88097,0
1624244400000,35133.20,35133.20,34917.17,35049.99,5753.120,1624245299999,201507149.42553,49397,2831.770,99184219.90894,0
1624245300000,35050.00,35089.50,34928.81,34999.78,3547.458,1624246199999,124261619.07286,35182,1713.818,60032166.85756,0
1624246200000,34999.78,35056.16,34711.34,34766.42,9503.352,1624247099999,331070401.72764,80888,4051.332,141145780.06698,0
1624247100000,34766.42,34828.14,34600.00,34652.45,10405.368,1624247999999,361033759.28786,83306,5194.005,180243241.33809,0
1624248000000,34652.45,34724.20,34150.00,34205.68,22213.561,1624248899999,764690272.55316,167053,9900.606,340851806.83239,0
1624248900000,34209.71,34327.72,34051.00,34160.35,18504.155,1624249799999,632486741.29791,134468,9026.518,308655282.19558,0
1624249800000,34160.35,34257.39,33630.00,34009.45,26701.252,1624250699999,905755523.35795,186113,12839.573,435665865.49017,0
1624250700000,34009.45,34266.32,33853.00,34246.52,18724.801,1624251599999,637822781.89302,151254,10560.696,359833762.04483,0
1624251600000,34245.96,34393.99,33831.82,33944.90,20747.786,1624252499999,709267858.99467,162690,9588.785,327842874.18342,0
1624252500000,33944.90,34113.66,33770.85,34058.70,15070.403,1624253399999,511643976.31005,121031,8313.315,282310490.63930,0
1624253400000,34058.71,34300.00,33989.83,34252.95,8880.695,1624254299999,303285957.64312,77120,4818.714,164594740.31193,0
1624254300000,34252.95,34490.00,34141.75,34439.99,12258.462,1624255199999,421156508.75394,94912,6615.628,227319360.60893,0
1624255200000,34440.00,34572.00,34328.69,34483.35,10239.456,1624256099999,353017477.55819,81166,5331.350,183829981.49518,0
1624256100000,34483.36,34526.68,32751.00,33259.85,33541.979,1624256999999,1129832687.65254,249172,13247.762,446311610.71600,0
1624257000000,33259.85,33273.44,32300.00,32445.34,52595.290,1624257899999,1725660295.33664,417950,24153.436,793149767.51665,0
1624257900000,32444.88,32970.53,32200.00,32741.45,31793.549,1624258799999,1038995477.00251,260593,16349.023,534463025.72222,0
1624258800000,32741.46,33149.00,32625.06,32860.47,24451.648,1624259699999,805217427.92316,204017,12517.459,412321992.95163,0
1624259700000,32859.59,33000.00,32640.61,32818.01,16208.750,1624260599999,532150342.31123,128862,7323.354,240493527.65700,0
1624260600000,32818.02,32933.00,32656.91,32708.93,13934.779,1624261499999,457092285.19172,106450,7205.070,236352593.29847,0
1624261500000,32708.93,33049.00,32700.00,32985.72,11934.739,1624262399999,392719480.98517,95916,6628.791,218155646.48329,0
1624262400000,32985.72,33330.83,32803.00,33257.10,16192.156,1624263299999,534858567.81470,135292,9164.526,302828017.36513,0
1624263300000,33257.11,33398.00,33137.80,33207.20,11776.800,1624264199999,391481394.75236,105377,5747.500,191078518.77999,0
1624264200000,33207.21,33207.21,32704.00,32908.76,15437.001,1624265099999,508634535.88076,129753,7160.891,235938623.42348,0
1624265100000,32908.77,33109.27,32850.00,32864.11,10615.833,1624265999999,349983607.83432,84597,5122.375,168887170.46754,0
1624266000000,32865.20,33555.00,32350.00,33408.70,25676.552,1624266899999,844067628.90754,203099,13398.006,440964643.79675,0
1624266900000,33408.70,33408.71,32051.81,32952.03,69007.482,1624267799999,2250862973.45858,497289,33345.814,1087704104.78830,0
1624267800000,32952.04,33280.00,32670.00,33124.99,29220.213,1624268699999,965686774.02638,252184,14927.729,493462234.89087,0
1624268700000,33125.00,33370.00,33044.04,33126.06,14948.720,1624269599999,496360509.73481,122258,8427.641,279920420.76908,0
1624269600000,33126.05,33250.00,32716.29,32872.41,22479.538,1624270499999,741494621.05115,193290,11294.096,372600353.56436,0
1624270500000,32872.41,32950.77,32516.62,32553.12,17129.636,1624271399999,560258520.86057,157148,8358.928,273432547.96978,0
1624271400000,32553.12,32850.78,32318.02,32670.01,22134.376,1624272299999,720826824.35050,186759,11562.365,376674293.32310,0
1624272300000,32670.00,32843.20,32200.00,32336.08,14807.552,1624273199999,481386731.73984,131792,6802.451,221251469.46400,0
1624273200000,32336.09,32541.39,31888.00,32228.81,29801.574,1624274099999,960979070.05183,245192,14822.124,478252022.26825,0
1624274100000,32228.82,32380.00,31666.00,31728.26,32074.362,1624274999999,1025139883.04231,260981,14931.943,477532958.13837,0
1624275000000,31728.25,32488.33,31719.64,32276.63,26273.496,1624275899999,844805595.52479,224506,14247.525,458082337.73300,0
1624275900000,32276.76,32750.00,32183.53,32513.16,20632.061,1624276799999,670842068.24255,167497,11247.048,365688554.86339,0
1624276800000,32513.16,32749.00,32234.92,32412.77,19517.280,1624277699999,633943304.27161,159956,9493.316,308415298.73142,0
1624277700000,32411.99,32799.99,32231.02,32757.18,15553.103,1624278599999,505549872.39146,126336,8242.742,268021278.89455,0
1624278600000,32758.90,32767.20,32428.00,32453.73,10421.178,1624279499999,339429292.30919,87548,4969.272,161852066.89118,0
1624279500000,32454.31,32497.16,32104.00,32268.31,14141.462,1624280399999,456288594.12859,116924,6606.192,213171386.56039,0
1624280400000,32267.97,32391.14,31900.00,32195.32,17591.501,1624281299999,565410300.33305,153149,8672.142,278844727.07658,0
1624281300000,32193.77,32604.00,32132.43,32527.90,15058.892,1624282199999,488503724.87877,130806,8296.591,269121180.15593,0
1624282200000,32527.89,32799.00,32400.00,32783.21,14184.014,1624283099999,462299918.56374,120710,7852.404,256030096.91387,0
1624283100000,32784.53,33148.40,32720.00,33119.02,21504.127,1624283999999,708474826.53363,182561,12101.921,398806431.05589,0
1624284000000,33118.67,33190.00,32816.00,32907.80,13977.577,1624284899999,460653590.49922,120080,6381.527,210333282.18585,0
1624284900000,32907.16,32907.17,32520.00,32696.83,14483.264,1624285799999,473269095.66620,126578,7188.450,234889647.68438,0
1624285800000,32696.92,32998.83,32602.44,32959.27,12599.929,1624286699999,413589342.12245,103521,7044.790,231243323.40004,0
1624286700000,32959.28,33069.12,32832.00,32854.35,9001.530,1624287599999,296446615.00738,69946,4228.127,139262482.52299,0
1624287600000,32854.34,33049.37,32660.38,32802.68,13553.589,1624288499999,445026929.04786,115689,6879.964,225890973.68519,0
1624288500000,32802.68,32939.58,32600.00,32610.86,9374.317,1624289399999,307410300.23896,76986,4474.218,146783340.87665,0
1624289400000,32609.41,32718.47,32430.00,32492.58,10219.465,1624290299999,332778266.39638,88111,4775.960,155565507.13823,0
1624290300000,32492.57,32771.45,32330.91,32664.10,10895.169,1624291199999,355018753.88050,94738,5693.105,185577371.83143,0
1624291200000,32664.09,32950.00,32583.05,32883.48,13057.840,1624292099999,428458161.85184,110123,6783.511,222581072.39517,0
1624292100000,32884.24,32887.28,32466.53,32487.44,12805.715,1624292999999,417601920.08483,108389,6079.367,198270882.60939,0
1624293000000,32487.43,32580.00,32101.00,32128.86,18995.736,1624293899999,613019754.34779,168134,9224.115,297703566.31985,0
1624293900000,32128.86,32300.00,32018.00,32162.97,12580.879,1624294799999,404414677.07105,112343,6228.064,200252397.45938,0
1624294800000,32162.98,32700.00,32107.87,32270.01,19099.648,1624295699999,617933727.50036,152410,10242.098,331464285.29997,0
1624295700000,32271.24,32498.87,32250.00,32290.01,9327.133,1624296599999,301915785.60711,77314,4853.148,157103620.30398,0
1624296600000,32290.01,32545.59,32231.15,32421.83,7090.897,1624297499999,229730670.96835,58263,3540.545,114711495.69652,0
1624297500000,32420.00,32450.00,32127.12,32238.19,8265.894,1624298399999,266510160.60520,70160,4230.246,136370214.58626,0
1624298400000,32238.18,32560.00,32200.00,32358.86,9664.451,1624299299999,312902567.21424,77417,5013.258,162335676.70694,0
1624299300000,32358.90,32550.00,32320.01,32440.16,6305.830,1624300199999,204584188.30558,49131,3229.219,104769870.78546,0
1624300200000,32440.16,32700.00,32385.04,32642.83,7942.524,1624301099999,258663838.12403,64735,4435.428,144461842.44470,0
1624301100000,32642.83,32900.00,32580.00,32757.72,9644.059,1624301999999,315633219.57485,78186,5392.021,176506526.47002,0
1624302000000,32757.72,32829.87,32564.04,32709.43,6053.676,1624302899999,197738971.15451,53387,2968.580,96973059.15952,0
1624302900000,32709.42,32709.43,32449.60,32461.39,6479.643,1624303799999,211046375.22208,53428,2851.368,92876747.89196,0
1624303800000,32461.38,32515.16,32284.73,32325.01,7111.992,1624304699999,230290221.78490,61173,3477.870,112626264.23007,0
1624304700000,32325.01,32655.00,32250.00,32544.12,6221.901,1624305599999,201939409.39157,55791,3516.843,114189312.58770,0
1624305600000,32543.42,32658.00,32342.08,32345.68,6508.487,1624306499999,211768687.39694,54624,3033.025,98714129.48593,0
1624306500000,32345.63,32565.08,32345.03,32484.63,5257.963,1624307399999,170644575.33468,42755,2806.533,91091391.32298,0
1624307400000,32484.63,32767.71,32483.32,32672.17,8086.781,1624308299999,263800393.41575,66906,4351.005,141946798.36582,0
1624308300000,32672.17,32796.79,32550.00,32555.85,5344.209,1624309199999,174533729.32975,46739,2550.617,83309379.06611,0
1624309200000,32553.53,32563.10,32062.52,32078.52,11303.709,1624310099999,365386970.23459,99027,4835.183,156391847.48586,0
1624310100000,32078.52,32333.48,31728.28,32027.15,21353.334,1624310999999,683068314.28449,199519,10138.357,324370130.32907,0
1624311000000,32027.20,32142.00,31773.82,31811.09,11591.568,1624311899999,370265270.22147,113195,5608.720,179191034.43844,0
1624311900000,31811.08,31925.56,31267.00,31507.44,25871.266,1624312799999,816521609.45184,209917,11407.157,360239763.22832,0
1624312800000,31507.43,31876.90,31506.03,31798.53,11426.938,1624313699999,362292219.68347,116864,6322.227,200467121.00524,0
1624313700000,31798.53,32282.83,31713.33,31914.15,19290.616,1624314599999,617463743.66615,151731,10042.391,321458451.85952,0
1624314600000,31914.15,31941.82,31550.00,31682.72,11038.803,1624315499999,350018201.82063,97006,5271.970,167167100.79678,0
1624315500000,31685.85,31793.07,31250.51,31274.16,13317.534,1624316399999,419444557.42772,123916,6327.481,199352507.51519,0
1624316400000,31274.16,31770.00,31269.66,31664.59,11826.522,1624317299999,372927080.49581,109882,6536.252,206058220.63853,0
1624317300000,31664.60,32100.00,31512.33,31839.85,11749.537,1624318199999,373688756.66000,105965,6589.430,209670564.09842,0
1624318200000,31839.84,31997.00,31600.00,31645.82,9284.170,1624319099999,295521098.04004,77629,4050.219,128978791.45792,0
1624319100000,31645.83,31779.30,31501.56,31606.00,8180.672,1624319999999,258692899.17388,75414,4276.037,135251946.70867,0
1624320000000,31606.00,31890.00,31370.00,31447.84,19882.884,1624320899999,627777700.35028,164580,10115.831,319538655.10869,0
1624320900000,31447.83,31570.25,31150.00,31390.09,18229.916,1624321799999,570915749.21029,163056,9159.943,286977819.41230,0
1624321800000,31390.10,31677.00,31332.94,31500.09,9853.709,1624322699999,310682282.41905,88380,5078.128,160140731.13588,0
1624322700000,31500.10,31857.00,31500.09,31773.43,9386.317,1624323599999,297644979.14731,78278,5170.428,163981940.68020,0
1624323600000,31773.43,32891.79,31773.42,32780.21,24847.255,1624324499999,802598887.76999,198753,14507.041,468733952.66701,0
1624324500000,32780.21,33000.00,32430.00,32555.00,20132.542,1624325399999,657967168.47004,161061,9608.310,314046351.72025,0
1624325400000,32555.00,32697.26,32421.00,32511.84,7682.269,1624326299999,249904325.67516,67881,4177.555,135908883.25956,0
1624326300000,32511.84,32760.00,32511.84,32603.78,6405.706,1624327199999,209129175.32928,56969,3371.433,110073023.90257,0
1624327200000,32602.52,32721.00,32450.00,32684.40,7121.270,1624328099999,232007211.78590,60358,3592.954,117062764.83322,0
1624328100000,32684.39,32706.67,32337.27,32452.28,7646.448,1624328999999,248678301.17777,62003,3493.269,113639791.84105,0
1624329000000,32452.28,32699.37,32452.28,32543.79,5095.534,1624329899999,166087031.66690,45362,2726.913,88882813.62401,0
1624329900000,32543.79,32920.00,32543.79,32892.45,7649.930,1624330799999,250459862.79069,62183,4741.835,155277970.01632,0
1624330800000,32892.44,32948.00,32638.21,32737.89,6576.763,1624331699999,215508314.49678,56497,3114.609,102074220.77033,0
1624331700000,32737.88,32945.00,32654.26,32920.00,4855.281,1624332599999,159254920.10060,44661,2629.233,86261015.64634,0
1624332600000,32920.00,33240.00,32832.00,33048.11,12526.262,1624333499999,413894064.98716,105651,7055.030,233147172.78107,0
1624333500000,33048.12,33098.63,32907.76,32996.56,6319.634,1624334399999,208436008.51038,52257,3020.245,99617643.68896,0
1624334400000,32996.18,33086.04,32756.70,32869.08,7456.894,1624335299999,245144555.95035,69841,3472.216,114156886.73076,0
1624335300000,32869.09,32946.80,32694.92,32750.76,5705.527,1624336199999,187140801.18226,53718,2606.777,85517898.73285,0
1624336200000,32750.76,32930.00,32730.00,32819.96,5141.819,1624337099999,168802451.83996,47854,2701.043,88674588.08690,0
1624337100000,32819.96,32943.00,32774.79,32893.99,4508.474,1624337999999,148211051.58443,42255,2301.142,75646560.02267,0
1624338000000,32894.00,33000.00,32723.56,32768.03,5091.927,1624338899999,167399798.82096,47708,2592.502,85247209.71784,0
1624338900000,32768.12,32840.90,32650.00,32683.21,4871.548,1624339799999,159567792.10347,45874,2191.142,71784002.32269,0
1624339800000,32683.21,32731.77,32500.00,32545.40,7853.922,1624340699999,255912111.61708,69342,3800.451,123844691.44618,0
1624340700000,32545.40,32651.66,32460.58,32570.96,5777.423,1624341599999,188221471.98105,51526,2861.381,93234163.46635,0
1624341600000,32570.96,32684.40,32511.48,32593.77,4638.060,1624342499999,151206787.79054,41877,2537.548,82736369.00227,0
1624342500000,32593.77,32842.15,32584.36,32722.07,6118.107,1624343399999,200175375.64473,56023,3377.566,110509778.02965,0
1624343400000,32722.07,32794.17,32562.86,32576.72,4281.299,1624344299999,139872847.35813,40455,2074.744,67791324.53342,0
1624344300000,32576.80,32849.00,32480.00,32836.34,7281.380,1624345199999,237629481.83235,64427,3909.672,127650140.43658,0
1624345200000,32836.34,32883.21,32550.00,32680.01,7864.079,1624346099999,257184824.29445,67448,3636.441,118925232.61317,0
1624346100000,32680.00,32777.16,32551.00,32769.99,5173.135,1624346999999,168925574.77799,47011,2604.000,85046370.88053,0
1624347000000,32770.42,32819.33,32660.00,32776.03,4665.640,1624347899999,152782491.24434,45268,2448.951,80202427.38509,0
1624347900000,32776.03,32777.50,32550.00,32641.51,5183.018,1624348799999,169164942.25500,50018,2419.479,78967856.70362,0
1624348800000,32641.52,32654.47,32222.75,32295.44,16437.398,1624349699999,531911124.42277,140345,7589.907,245595830.75274,0
1624349700000,32295.43,32350.00,32048.00,32070.01,13213.881,1624350599999,425149059.96894,108351,6263.798,201576732.81981,0
1624350600000,32070.01,32197.73,31610.39,31732.98,23214.357,1624351499999,739762103.02296,187036,10459.883,333436966.46797,0
1624351500000,31732.72,31808.15,31520.00,31719.95,14955.299,1624352399999,473508347.18645,118111,8212.479,260080728.75719,0
1624352400000,31719.96,31790.00,31300.00,31559.99,20872.346,1624353299999,658374394.66869,167966,10206.407,321988226.67152,0
1624353300000,31560.00,31666.89,31450.00,31546.55,8868.977,1624354199999,280148301.50132,78429,4676.820,147756889.50078,0
1624354200000,31546.56,31684.34,31396.29,31494.26,10603.843,1624355099999,334228347.20184,93175,5284.050,166585326.66935,0
1624355100000,31494.25,31592.92,31255.00,31577.55,16248.756,1624355999999,510808800.99676,129720,8242.492,259251204.41449,0
1624356000000,31577.54,31669.00,31321.03,31429.93,13350.946,1624356899999,420177104.62656,109988,6587.864,207397606.41862,0
1624356900000,31429.93,32200.00,31080.00,31461.77,35934.361,1624357799999,1134526358.14585,255930,18321.156,579090826.93073,0
1624357800000,31461.76,32200.00,31457.86,32051.60,22108.300,1624358699999,703669839.68615,174049,12277.296,390832641.84692,0
1624358700000,32051.59,32054.82,31672.58,31785.02,13570.546,1624359599999,431809540.94357,109183,6718.574,213774749.87775,0
1624359600000,31785.01,31899.00,31450.23,31509.99,11159.566,1624360499999,352935092.74805,95308,5396.960,170737405.45615,0
1624360500000,31509.99,31667.63,31351.00,31364.10,9061.501,1624361399999,285504401.00839,80813,4486.491,141393211.41786,0
1624361400000,31363.87,31448.63,31250.00,31412.35,9925.155,1624362299999,311463695.21023,76386,5170.700,162301814.93442,0
1624362300000,31412.61,31521.08,31200.00,31243.15,11039.673,1624363199999,346284943.02416,93771,5068.562,159055126.11757,0
1624363200000,31236.72,31317.92,30200.00,30212.43,63849.430,1624364099999,1954555993.77313,458220,27515.390,842309260.89840,0
1624364100000,30220.25,30578.82,29330.00,29804.79,62736.618,1624364999999,1882905121.28590,471346,29000.385,871509259.63534,0
1624365000000,29804.79,30550.00,29250.00,29460.16,62294.966,1624365899999,1861278724.98216,489025,31391.482,939192439.77528,0
1624365900000,29458.36,30231.84,29308.10,29860.88,38511.214,1624366799999,1143889989.41400,319848,21055.755,625586864.04764,0
1624366800000,29860.88,30111.00,29657.74,29783.64,26965.019,1624367699999,806297521.96748,235941,13796.196,412658860.62880,0
1624367700000,29783.65,29958.37,29525.64,29852.84,18788.357,1624368599999,558462685.81178,172443,9902.759,294427715.87052,0
1624368600000,29852.83,29900.00,29382.97,29494.20,19315.623,1624369499999,571825947.94019,165780,8805.708,260713400.22738,0
1624369500000,29493.83,29700.00,28780.01,29236.32,56166.544,1624370399999,1637080056.02864,433089,27293.405,795867854.18392,0
1624370400000,29236.32,29499.24,29004.95,29438.08,27884.977,1624371299999,816367352.16347,245132,14526.492,425344917.75546,0
1624371300000,29438.08,29860.80,29262.90,29696.31,28739.876,1624372199999,849827440.61839,242846,15739.421,465579568.55859,0
1624372200000,29695.71,29989.10,29608.00,29902.70,19855.855,1624373099999,591446729.25760,161599,10542.296,314109828.91719,0
1624373100000,29902.70,30720.00,29728.00,30500.27,41091.460,1624373999999,1242813803.04380,316259,22985.746,695319301.06729,0
1624374000000,30500.26,30967.85,30280.00,30677.75,34884.520,1624374899999,1066759148.39131,266351,18225.096,557570198.85775,0
1624374900000,30677.92,31576.60,30561.00,31196.91,39151.557,1624375799999,1214258663.08169,297058,21405.604,664288587.67088,0
1624375800000,31196.91,31900.00,31155.46,31446.47,37962.362,1624376699999,1196925929.65577,314286,19445.099,613284375.42868,0
1624376700000,31447.29,31739.83,31306.63,31635.72,19130.910,1624377599999,603248865.57566,168155,9649.074,304347887.10105,0
1624377600000,31635.71,32480.00,31525.00,32250.00,43892.913,1624378499999,1410872463.82524,341581,23536.347,756598682.03777,0
1624378500000,32250.00,32800.00,32058.96,32237.55,28287.901,1624379399999,917112315.03292,229866,14508.669,470648852.49509,0
1624379400000,32238.70,32239.18,31751.74,31884.09,32897.567,1624380299999,1051240558.17414,267022,15801.791,504994677.04748,0
1624380300000,31885.35,32567.80,31879.24,32480.01,20893.698,1624381199999,674637604.25285,185317,11312.873,365274855.83338,0
1624381200000,32480.00,32700.00,32017.00,32022.40,21555.472,1624382099999,696743716.79676,177168,10511.069,339835756.46562,0
1624382100000,32022.41,32414.23,31938.49,32347.50,17369.533,1624382999999,558730415.14377,137822,9121.225,293471524.81567,0
1624383000000,32347.77,32542.21,32252.00,32288.04,11831.870,1624383899999,383487785.52056,102571,5832.035,189072175.17657,0
1624383900000,32288.03,32920.00,32253.72,32726.08,18634.277,1624384799999,608224284.66008,143727,10504.267,342893117.86328,0
1624384800000,32726.08,32750.00,32290.00,32404.45,15665.295,1624385699999,508546589.85314,118234,7599.038,246662478.54547,0
1624385700000,32407.37,32780.00,32355.44,32702.67,12333.437,1624386599999,402533542.35026,98797,6422.200,209622437.79925,0
1624386600000,32702.66,33274.00,32645.66,33254.02,21354.252,1624387499999,705737276.44057,184840,12126.440,400811739.57913,0
1624387500000,33254.89,33255.29,32826.01,32960.68,11369.307,1624388399999,374852224.70280,98688,5342.711,176119644.76316,0
1624388400000,32960.68,33037.84,32401.66,32561.00,13719.666,1624389299999,448156132.59802,121701,5937.948,194008062.06590,0
1624389300000,32561.00,32759.35,32245.00,32487.94,14669.091,1624390199999,476625408.28323,130439,7523.299,244541454.26034,0
1624390200000,32487.93,32719.49,32440.00,32628.31,9997.378,1624391099999,325924555.17369,87180,5039.134,164318720.04168,0
1624391100000,32628.30,32688.84,32374.66,32388.97,6690.949,1624391999999,217717619.45057,62051,3174.164,103305318.68573,0
1624392000000,32388.96,32569.09,32300.00,32546.66,9321.243,1624392899999,302390695.55308,78849,4887.609,158578550.50324,0
1624392900000,32546.65,32916.99,32538.88,32664.99,9054.915,1624393799999,296023720.25502,77662,4978.075,162775019.69716,0
1624393800000,32665.00,32840.39,32500.92,32791.64,7728.702,1624394699999,252542192.57525,65172,4258.438,139151219.68369,0
1624394700000,32791.64,32950.00,32682.09,32862.99,5741.542,1624395599999,188436688.27285,52249,2958.122,97108051.85654,0
1624395600000,32863.59,32908.00,32550.52,32584.74,6921.018,1624396499999,226329943.86096,63368,3307.620,108150797.99394,0
1624396500000,32584.75,32701.87,32508.72,32527.78,4816.139,1624397399999,156996130.12024,49660,2512.604,81909660.67675,0
1624397400000,32527.77,32606.40,32154.42,32215.21,8242.946,1624398299999,266900757.58984,79701,3502.561,113443209.73597,0
1624398300000,32215.21,32480.14,32127.91,32460.39,9045.996,1624399199999,292107849.24612,80837,4985.482,161016444.72557,0
1624399200000,32460.49,32700.00,32427.70,32634.27,7329.020,1624400099999,238777277.98226,62882,3720.872,121250582.93238,0
1624400100000,32634.27,32680.82,32350.96,32368.57,6770.031,1624400999999,220068293.11213,57891,3124.949,101575145.83318,0
1624401000000,32368.58,32520.00,32261.31,32408.65,6136.019,1624401899999,198748930.33383,52913,3185.359,103179553.49396,0
1624401900000,32408.64,32599.47,32257.08,32572.10,6345.753,1624402799999,205552439.36001,52409,3594.672,116467795.51471,0
1624402800000,32572.09,32781.65,32385.98,32432.92,8562.214,1624403699999,278847088.06170,70930,4551.195,148243659.16123,0
1624403700000,32432.92,32600.00,32253.94,32326.79,6953.430,1624404599999,225240624.46164,54516,3479.479,112717242.45284,0
1624404600000,32326.78,32379.61,32150.00,32227.28,8199.867,1624405499999,264393454.96085,66993,4154.307,133957198.69369,0
1624405500000,32227.28,32496.00,32227.28,32496.00,5775.244,1624406399999,187042806.10945,55289,2839.465,91964559.77174,0
1624406400000,32496.00,32600.00,31905.05,31935.73,17703.428,1624407299999,569430483.21605,140523,7663.924,246659319.46104,0
1624407300000,31938.31,32500.00,31711.50,32353.33,17772.635,1624408199999,569754507.43747,155825,9412.393,301757844.46076,0
1624408200000,32353.33,33600.00,32329.32,33578.12,31148.830,1624409099999,1028009362.52906,266001,18021.171,595116383.74970,0
1624409100000,33578.11,33800.00,33271.00,33627.00,22330.698,1624409999999,750021228.13890,193772,11316.262,380227596.58481,0
1624410000000,33627.00,34380.00,33513.21,34079.58,26035.777,1624410899999,884962902.66192,209958,14187.835,482342201.49796,0
1624410900000,34079.59,34173.00,33819.58,33959.54,12679.083,1624411799999,430692606.54580,108003,5934.687,201624712.77695,0
1624411800000,33959.54,34044.35,33707.47,33800.01,9154.355,1624412699999,309559343.61021,81265,4424.774,149655594.56345,0
1624412700000,33800.01,34046.45,33630.00,33979.48,9024.948,1624413599999,305283877.41569,76166,4729.647,160049783.12737,0
1624413600000,33979.47,34163.90,33764.87,33819.99,9987.873,1624414499999,339260622.65442,86958,4731.057,160767322.49270,0
1624414500000,33820.00,33905.00,33718.00,33774.53,5820.968,1624415399999,196808079.64859,51070,2862.178,96777679.58292,0
1624415400000,33775.94,34049.61,33774.54,34015.09,6255.659,1624416299999,212210507.51970,53425,3306.175,112175137.21268,0
1624416300000,34015.09,34128.35,33782.43,33796.68,7418.146,1624417199999,251963364.17436,65352,3657.606,124264839.68218,0
1624417200000,33795.32,33864.00,33666.00,33688.58,7922.326,1624418099999,267459268.86139,65588,3792.900,128064283.51408,0
1624418100000,33688.58,34028.37,33680.00,33944.65,5937.302,1624418999999,201002084.46540,50884,3414.805,115615132.30696,0
1624419000000,33944.66,33950.79,33708.25,33742.62,6269.907,1624419899999,211927195.24764,52693,2972.017,100456960.04226,0
1624419900000,33742.62,34000.00,33742.62,33939.05,5563.262,1624420799999,188388266.82612,48827,2825.892,95699438.31372,0
1624420800000,33939.04,34069.76,33720.00,33723.74,9645.104,1624421699999,327046126.73305,79126,4697.134,159327072.61408,0
1624421700000,33723.74,33879.99,33700.62,33844.94,4996.542,1624422599999,168838347.13033,44372,2576.320,87060874.02872,0
1624422600000,33845.99,34036.24,33845.99,33946.46,6908.375,1624423499999,234480509.29682,60153,3626.030,123082367.88187,0
1624423500000,33946.45,34265.80,33720.00,33784.22,15020.516,1624424399999,510938982.51241,118876,7121.559,242424738.74051,0
1624424400000,33784.20,33864.98,33534.89,33680.50,14376.796,1624425299999,484276258.15000,120356,6863.795,231273082.72151,0
1624425300000,33680.50,33878.06,33606.09,33817.73,6064.099,1624426199999,204697889.42071,52633,3305.913,111618330.16995,0
1624426200000,33817.73,34261.00,33817.73,34106.14,12259.282,1624427099999,417881057.48654,107248,6430.279,219191785.87199,0
1624427100000,34105.92,34350.00,34102.54,34280.87,10770.878,1624427999999,368999946.79134,96695,5893.756,201934527.41821,0
1624428000000,34280.86,34377.52,33951.16,34063.48,12090.237,1624428899999,412405760.81835,100706,5740.772,195828954.52045,0
1624428900000,34063.48,34240.92,34000.00,34170.39,7225.972,1624429799999,246677162.65870,62713,3901.133,133195130.81913,0
1624429800000,34170.39,34245.00,34000.00,34076.11,5603.250,1624430699999,190929458.25864,50341,2732.075,93108188.19509,0
1624430700000,34076.10,34076.10,33750.00,33864.96,9306.941,1624431599999,315513458.14921,76796,4081.278,138371201.45145,0
1624431600000,33864.96,34034.01,33810.00,33921.93,5750.217,1624432499999,195062020.33540,48970,3123.927,105985757.82522,0
1624432500000,33921.93,34022.55,33805.00,34010.62,5844.014,1624433399999,198102398.81095,50520,2966.507,100590686.93644,0
1624433400000,34010.61,34163.10,33966.62,34138.64,7877.187,1624434299999,268468218.50695,66116,4301.455,146607605.84530,0
1624434300000,34138.64,34170.32,33903.12,33959.13,5437.518,1624435199999,185068536.42678,48343,2438.474,83018547.02001,0
1624435200000,33959.97,34240.00,33824.54,34120.00,17728.775,1624436099999,603665003.99752,135913,9569.703,325852571.45302,0
1624436100000,34119.34,34210.00,34000.00,34078.99,9601.070,1624436999999,327738343.57989,75998,4433.902,151384915.25422,0
1624437000000,34078.99,34100.00,33870.00,33927.57,7138.736,1624437899999,242652893.00200,61945,3297.710,112082887.94906,0
1624437900000,33927.57,33987.32,33674.00,33701.65,10608.982,1624438799999,359174421.49851,86159,4465.445,151258906.46445,0
1624438800000,33701.65,33971.06,33605.00,33913.36,11300.774,1624439699999,382073262.13969,97051,6148.591,207945288.33001,0
1624439700000,33913.36,34065.56,33900.68,34016.39,8566.899,1624440599999,291165312.80039,61805,4970.209,168933732.19798,0
1624440600000,34016.40,34085.00,33723.56,33954.36,8339.858,1624441499999,282783513.84125,72611,4019.107,136269148.33204,0
1624441500000,33954.36,34000.00,33820.00,33909.10,5463.538,1624442399999,185309189.68685,48056,2748.903,93234826.00575,0
1624442400000,33909.84,34032.42,33812.50,33886.65,7178.811,1624443299999,243575428.52227,54969,3670.187,124570511.14638,0
1624443300000,33886.62,33970.00,33821.77,33964.08,4217.088,1624444199999,143027614.90289,40830,2021.618,68572603.10617,0
1624444200000,33964.07,34196.00,33951.08,34074.07,11096.577,1624445099999,378101438.93442,86881,6594.705,224677182.22263,0
1624445100000,34074.07,34279.71,34057.37,34185.84,9704.401,1624445999999,331659997.84437,79695,5461.168,186658408.75663,0
1624446000000,34185.86,34500.00,34014.67,34071.37,22285.820,1624446899999,763191426.35804,170912,11903.984,407862018.08166,0
1624446900000,34071.38,34120.00,33816.00,33857.29,10593.605,1624447799999,359401063.91530,91458,4933.792,167397642.04754,0
1624447800000,33857.30,33995.35,33814.37,33937.43,5552.572,1624448699999,188259010.49631,50784,2972.432,100785433.14157,0
1624448700000,33937.43,33950.00,33830.00,33881.95,3818.927,1624449599999,129452916.37602,36822,1834.810,62199108.39824,0
1624449600000,33881.94,34045.61,33820.99,33906.80,9680.614,1624450499999,328370288.65038,76346,4984.253,169118080.65364,0
1624450500000,33906.81,34120.00,33875.08,34068.61,7178.641,1624451399999,244244768.37669,62943,3723.622,126687395.21679,0
1624451400000,34068.62,34175.88,33926.11,34006.11,7156.533,1624452299999,243652628.25229,61283,3580.159,121902660.18036,0
1624452300000,34006.12,34175.00,33944.01,34165.00,5544.195,1624453199999,188945318.88689,47358,2933.797,99987545.66626,0
1624453200000,34164.99,34867.77,34095.85,34749.02,26371.754,1624454099999,907939578.28055,206818,15655.456,539257171.98539,0
1624454100000,34754.31,34770.00,34500.00,34611.28,16982.837,1624454999999,588165380.23508,141716,8151.406,282344383.82529,0
1624455000000,34611.29,34654.00,34020.00,34089.45,21992.705,1624455899999,753537964.94619,181527,9927.614,340109256.90180,0
1624455900000,34093.25,34223.59,33852.90,33962.02,20695.506,1624456799999,704218544.72309,161603,9884.253,336425209.79769,0
1624456800000,33962.01,34000.00,33750.00,33926.59,12556.180,1624457699999,425589643.69542,104767,6264.556,212368065.97974,0
1624457700000,33926.58,34096.52,33924.11,34034.04,9347.607,1624458599999,317934262.71961,73570,4820.107,163969659.78112,0
1624458600000,34034.04,34146.28,33950.00,34075.01,6473.288,1624459499999,220524908.69890,57780,3384.466,115304674.95969,0
1624459500000,34075.00,34180.00,33980.00,34047.70,6385.587,1624460399999,217655382.36716,52827,2986.864,101825568.03934,0
1624460400000,34047.71,34075.00,33345.00,33537.05,21692.090,1624461299999,730917324.71154,173019,8982.755,302764397.22219,0
1624461300000,33537.05,33650.00,33385.00,33567.00,15440.361,1624462199999,517949177.84171,131610,8020.995,269125276.88936,0
1624462200000,33567.10,33800.00,33567.09,33590.71,12291.652,1624463099999,414031133.86056,100342,6557.967,220919339.92214,0
1624463100000,33592.02,33604.06,33423.75,33488.23,10301.078,1624463999999,345212083.78539,87277,5110.444,171271964.42298,0
1624464000000,33488.24,33836.79,33180.00,33658.16,23866.204,1624464899999,800227790.19567,198255,11682.104,391941911.44358,0
1624464900000,33658.66,33932.99,33656.33,33748.93,10925.141,1624465799999,369467879.16873,91027,5506.787,186262802.73961,0
1624465800000,33748.93,33782.30,33500.00,33508.49,9484.285,1624466699999,318789458.74336,72431,4815.175,161867273.29276,0
1624466700000,33508.48,33720.00,33477.00,33666.49,7018.129,1624467599999,235826065.81911,54120,3743.740,125808640.08844,0
1624467600000,33666.49,33730.00,33542.78,33674.56,5202.038,1624468499999,175004820.01481,43091,2571.430,86510498.12134,0
1624468500000,33674.56,33723.25,33488.30,33507.73,4980.074,1624469399999,167275730.28064,40316,2382.766,80047355.54565,0
1624469400000,33507.71,33659.15,33486.72,33621.80,4118.511,1624470299999,138324575.58381,38263,2092.036,70257774.98662,0
1624470300000,33621.80,33699.00,33546.63,33578.68,4105.363,1624471199999,137958987.79251,35525,1991.017,66908999.65443,0
1624471200000,33578.68,33578.68,33182.81,33215.38,10389.384,1624472099999,346529580.12761,90041,4401.352,146830134.46688,0
1624472100000,33215.38,33347.17,32905.17,33288.03,17674.079,1624472999999,585139321.37312,144719,8567.222,283728013.67250,0
1624473000000,33288.03,33523.78,33288.03,33437.13,7461.427,1624473899999,249324249.72900,67022,3763.857,125772837.05054,0
1624473900000,33437.13,33446.67,33171.48,33277.78,8258.964,1624474799999,274989779.70580,67290,4125.609,137360620.47639,0
1624474800000,33277.78,33463.58,33272.76,33439.35,5352.319,1624475699999,178645149.39570,44810,2681.227,89490639.58424,0
1624475700000,33439.35,33550.00,33214.17,33225.90,6725.504,1624476599999,224579307.63600,58989,3195.463,106744691.27961,0
1624476600000,33227.02,33342.69,33147.36,33180.05,6686.055,1624477499999,222341837.56257,49961,3367.842,112011277.62348,0
1624477500000,33180.04,33208.19,32855.00,32872.72,11026.624,1624478399999,363862142.20979,88284,4917.303,162281898.90012,0
1624478400000,32872.71,33186.16,32726.51,33113.50,16353.992,1624479299999,539014042.29014,131858,8768.106,289107352.63721,0
1624479300000,33113.50,33264.36,32985.72,33175.90,7117.718,1624480199999,235784479.87698,65370,3596.531,119150176.21950,0
1624480200000,33175.12,33278.38,33073.68,33228.52,5720.113,1624481099999,189853427.90671,50874,2748.617,91232107.90528,0
1624481100000,33228.52,33228.60,32905.88,33040.95,5575.890,1624481999999,184306682.15297,47546,2692.846,89006647.51641,0
1624482000000,33040.95,33269.20,32976.79,33224.67,5138.972,1624482899999,170446074.78894,50880,2696.668,89430754.42631,0
1624482900000,33224.66,33770.30,33054.05,33155.71,16886.006,1624483799999,564301560.56158,143494,8985.959,300334730.73726,0
1624483800000,33155.69,33220.33,33000.00,33143.24,7055.807,1624484699999,233562494.20437,65119,3634.348,120305603.44905,0
1624484700000,33141.80,33399.93,33088.01,33312.15,6136.200,1624485599999,204131789.16560,51470,3318.925,110417439.64219,0
1624485600000,33312.22,33458.91,33110.97,33382.90,8762.975,1624486499999,291952196.45833,65506,4309.005,143581616.70708,0
1624486500000,33382.90,33454.14,33283.86,33423.06,4785.278,1624487399999,159664168.45032,39845,2316.252,77290545.92243,0
1624487400000,33423.06,33570.00,33333.00,33472.68,5884.062,1624488299999,196763906.77350,46749,3207.548,107270466.07474,0
1624488300000,33464.89,33490.99,33365.52,33447.54,3534.407,1624489199999,118113474.47991,32447,1804.268,60292815.75183,0
1624489200000,33447.53,33447.53,33225.47,33280.00,4596.525,1624490099999,153236459.93129,38129,1989.294,66327217.75510,0
1624490100000,33280.00,33625.94,33279.99,33569.16,5969.386,1624490999999,199807575.10689,47170,3204.638,107263718.72929,0
1624491000000,33569.16,33699.58,33477.00,33638.53,6130.962,1624491899999,206097783.73974,48031,3102.665,104300164.23455,0
1624491900000,33638.54,33699.49,33546.83,33649.00,4288.789,1624492799999,144166539.73057,34182,2099.145,70561214.21395,0
1624492800000,33650.00,33851.40,33454.28,33724.25,11873.466,1624493699999,399153933.81991,88014,6303.398,211943342.67157,0
1624493700000,33723.73,33724.63,33500.00,33504.09,5448.029,1624494599999,182975249.61500,42792,2311.271,77626952.06838,0
1624494600000,33504.10,33561.82,33302.48,33357.15,6646.195,1624495499999,222147574.64749,54644,2922.978,97712623.96000,0
1624495500000,33357.15,33444.28,33150.00,33179.32,6261.311,1624496399999,208459924.57053,56207,2746.013,91457924.44121,0
1624496400000,33179.32,33300.00,33045.81,33262.17,7042.574,1624497299999,233550811.49970,58544,3888.750,128980084.74117,0
1624497300000,33262.17,33336.99,33056.21,33076.75,5983.084,1624498199999,198552402.43755,47422,2609.500,86614142.76839,0
1624498200000,33076.75,33166.64,32800.85,32878.39,10370.220,1624499099999,341444134.66568,83830,4677.124,153971688.21872,0
1624499100000,32878.40,32922.00,32540.00,32646.54,13343.957,1624499999999,436062908.81088,109182,5937.550,194045448.01867,0
1624500000000,32646.55,32755.56,32510.00,32709.63,10231.293,1624500899999,334010824.24342,77429,5495.376,179437223.98012,0
1624500900000,32709.64,32867.64,32405.00,32452.11,12732.342,1624501799999,415617715.71074,101082,5797.432,189398733.28065,0
1624501800000,32452.45,32548.00,32330.00,32461.30,8805.359,1624502699999,285597299.80331,73458,4433.018,143798790.42037,0
1624502700000,32461.29,32647.24,32461.29,32487.33,6601.673,1624503599999,214959380.28114,53653,3499.546,113965121.52262,0
1624503600000,32487.35,32650.00,32430.00,32624.44,5600.283,1624504499999,182417622.05452,47016,3057.615,99606841.51979,0
1624504500000,32624.40,32689.44,32555.00,32662.80,4383.914,1624505399999,142977490.17053,37754,2346.686,76541237.82516,0
1624505400000,32663.34,32832.99,32503.57,32533.70,9718.378,1624506299999,317813310.79426,74469,5133.557,167952841.78330,0
1624506300000,32535.23,32667.47,32355.00,32579.91,7842.464,1624507199999,254969460.17221,64490,4025.752,130911621.58753,0
1624507200000,32579.91,32776.54,32530.95,32594.76,7809.095,1624508099999,255039547.43072,59772,3944.855,128863354.42394,0
1624508100000,32594.75,32637.85,32450.81,32586.50,5431.054,1624508999999,176625055.96801,44864,2822.321,91795341.36551,0
1624509000000,32586.49,32586.49,32300.00,32478.73,8597.464,1624509899999,279013668.10242,67475,3969.035,128834782.17985,0
1624509900000,32477.45,32664.00,32476.78,32534.40,5771.697,1624510799999,188103379.45511,46171,2921.020,95204755.10238,0
1624510800000,32534.41,32719.80,32460.34,32588.73,6942.739,1624511699999,226411078.86436,52825,3410.574,111239401.47044,0
1624511700000,32588.80,32710.00,32588.80,32660.01,3873.727,1624512599999,126563611.65530,35429,2047.844,66909944.45778,0
1624512600000,32660.01,32800.00,32656.57,32716.61,5609.651,1624513499999,183718450.35029,47478,3138.161,102780594.59368,0
1624513500000,32720.01,33042.74,32713.52,32958.61,9493.173,1624514399999,312279787.23125,71217,5517.554,181513249.14813,0
1624514400000,32958.60,32998.06,32721.20,32777.38,6969.582,1624515299999,228933601.54354,55484,2878.421,94563673.99817,0
1624515300000,32777.37,32859.99,32708.39,32764.81,4429.316,1624516199999,145223698.49252,38832,2270.952,74464140.71717,0
1624516200000,32764.81,32950.00,32729.86,32895.44,5414.928,1624517099999,178004947.21168,42807,2877.473,94600960.44851,0
1624517100000,32895.43,33197.99,32895.43,32983.43,10719.686,1624517999999,354361790.43841,81004,5698.035,188372542.77330,0
1624518000000,32983.44,33092.59,32868.85,33071.03,6375.711,1624518899999,210245799.26619,53332,3073.349,101365473.80501,0
1624518900000,33071.03,33248.29,32915.25,33166.82,8102.243,1624519799999,268084135.23658,61769,4365.540,144476098.81240,0
1624519800000,33166.82,33230.00,33008.36,33130.59,6224.059,1624520699999,205995486.95444,51762,3158.091,104535898.07673,0
1624520700000,33130.60,33132.52,32765.00,32833.59,10427.520,1624521599999,342989168.86757,82421,4623.896,152090201.21675,0
1624521600000,32834.87,32950.00,32804.29,32925.07,6333.023,1624522499999,208257033.20779,52891,3276.055,107735713.67903,0
1624522500000,32925.06,33099.00,32919.31,32958.01,7911.911,1624523399999,261388380.28881,57256,3913.062,129274768.55950,0
1624523400000,32958.00,33065.64,32841.61,33012.03,7078.026,1624524299999,233199935.47923,55731,3503.741,115442524.55611,0
1624524300000,33012.03,33388.99,32966.40,33354.42,13638.967,1624525199999,453004433.10477,108349,7744.997,257283151.53178,0
1624525200000,33354.41,33408.86,33201.59,33265.59,8941.410,1624526099999,297625744.85474,67420,4479.070,149110420.53648,0
1624526100000,33265.58,33332.27,33168.98,33268.93,6218.165,1624526999999,206715215.74569,49561,3117.566,103647703.94117,0
1624527000000,33268.93,33606.09,33221.00,33361.81,10130.991,1624527899999,338363004.87636,80211,5876.256,196295221.03186,0
1624527900000,33361.18,33405.00,33230.00,33248.18,6762.183,1624528799999,225197426.23882,51268,2909.371,96891733.82653,0
1624528800000,33248.18,33347.81,33170.41,33337.19,5190.134,1624529699999,172608281.97791,47424,2581.610,85868084.57684,0
1624529700000,33337.20,33381.48,33243.00,33283.60,4209.954,1624530599999,140238849.40304,39056,1995.537,66477086.52433,0
1624530600000,33281.46,33348.31,33119.99,33190.05,5597.809,1624531499999,186014012.15593,48113,2459.680,81745584.67453,0
1624531500000,33190.06,33312.65,33137.09,33215.72,5351.465,1624532399999,177861642.19009,45188,2667.441,88664996.00331,0
1624532400000,33215.73,33508.47,33212.00,33408.99,7638.321,1624533299999,254936308.32099,62011,4380.786,146217032.97792,0
1624533300000,33408.99,33636.30,33323.22,33483.31,9995.975,1624534199999,334713870.69151,78389,5493.780,183982853.28966,0
1624534200000,33483.32,33750.00,33431.94,33677.01,10080.611,1624535099999,338734287.79915,85684,5638.820,189502597.41293,0
1624535100000,33677.01,33900.00,33606.54,33816.04,11092.069,1624535999999,374130171.46890,93808,6465.741,218154637.07169,0
1624536000000,33816.03,34300.68,33811.65,34083.01,21231.981,1624536899999,723059145.32129,174997,11497.763,391652313.51791,0
1624536900000,34083.81,34133.38,33890.00,33989.00,10062.281,1624537799999,342074870.01773,87655,4645.932,157956151.72404,0
1624537800000,33989.00,33997.99,33788.00,33885.53,8768.419,1624538699999,297004843.97914,75438,4295.056,145483834.87545,0
1624538700000,33885.53,34078.35,33885.53,34045.69,7674.113,1624539599999,260691178.80786,65731,4361.868,148193595.47490,0
1624539600000,34046.42,34109.23,33821.66,33867.00,6857.319,1624540499999,232596831.02272,59628,3211.884,108958484.03187,0
1624540500000,33867.01,33921.48,33721.99,33889.19,7591.431,1624541399999,256715520.27887,68279,3679.242,124444127.51798,0
1624541400000,33888.96,34040.00,33869.31,33976.90,6823.045,1624542299999,231656221.22393,58860,3540.650,120226282.70894,0
1624542300000,33976.91,34100.00,33861.15,34040.39,6384.206,1624543199999,216794168.29953,55939,3263.447,110838250.05396,0
1624543200000,34040.40,34150.00,33822.00,33912.76,10039.334,1624544099999,340764493.95289,76829,4772.854,162021147.92382,0
1624544100000,33912.76,34028.97,33891.71,33964.79,5236.640,1624544999999,177845300.81216,43313,2672.391,90764961.13223,0
1624545000000,33964.79,34049.59,33943.15,33968.73,4937.513,1624545899999,167857454.17465,40832,2419.021,82240267.60305,0
1624545900000,33968.73,34034.00,33900.37,34021.90,4499.695,1624546799999,152839988.62455,38075,2375.831,80704668.79118,0
1624546800000,34019.07,34379.73,33939.56,34337.49,22394.688,1624547699999,765620391.93396,173500,12321.495,421295060.38424,0
1624547700000,34337.48,34588.00,34150.00,34421.25,20449.753,1624548599999,702524701.66685,154491,10774.718,370302987.54454,0
1624548600000,34421.25,34473.31,34320.50,34346.33,8678.102,1624549499999,298349242.33678,73074,4016.405,138097139.32454,0
1624549500000,34346.33,34373.39,33810.00,33851.00,22715.791,1624550399999,773305548.31870,174887,9303.288,316651482.37560,0
1624550400000,33851.00,33950.00,33751.00,33897.11,14775.537,1624551299999,500226362.13479,120094,7330.383,248202976.99690,0
1624551300000,33896.97,34116.74,33875.55,33943.01,9633.272,1624552199999,327292002.40843,79210,5093.324,173071730.50726,0
1624552200000,33943.63,34333.00,33943.62,34206.04,12828.558,1624553099999,438474871.13264,104711,6692.431,228717152.36547,0
1624553100000,34206.04,34500.00,34206.04,34485.61,10578.434,1624553999999,363779861.51667,92057,6030.763,207402660.39619,0
1624554000000,34485.61,35088.00,34485.60,34793.72,29351.097,1624554899999,1021254759.55522,233653,16800.709,584592285.59014,0
1624554900000,34793.71,35000.00,34656.30,34850.07,12281.599,1624555799999,427805535.63897,112388,6322.699,220250984.25119,0
1624555800000,34850.06,34915.19,34717.70,34794.57,7517.516,1624556699999,261586574.47512,65742,3750.189,130509468.73723,0
1624556700000,34794.58,34980.00,34600.49,34966.36,9330.879,1624557599999,324391736.01496,83442,5020.176,174620175.98626,0
1624557600000,34966.43,35406.74,34866.00,34869.89,17476.230,1624558499999,613770250.42743,149848,9178.056,322557490.78804,0
1624558500000,34869.90,34949.97,34807.78,34907.08,5434.751,1624559399999,189539156.16665,53002,3032.979,105787921.19613,0
1624559400000,34907.07,35064.66,34818.01,34936.06,7176.058,1624560299999,250761989.79794,64755,3599.430,125803517.74117,0
1624560300000,34936.07,34950.00,34810.00,34862.26,4475.951,1624561199999,156095818.02347,39992,2207.874,77005020.62997,0
1624561200000,34862.26,34895.00,34726.28,34787.86,5880.722,1624562099999,204650828.95089,54500,2694.851,93790656.46423,0
1624562100000,34788.68,34850.80,34770.22,34817.72,2836.457,1624562999999,98746584.72496,29287,1492.056,51944643.13562,0
1624563000000,34817.71,34897.97,34738.00,34806.97,3390.335,1624563899999,118035357.15245,32631,1654.622,57612161.74376,0
1624563900000,34806.97,34853.00,34654.33,34839.00,4825.220,1624564799999,167721438.65798,44669,2437.692,84745977.77678,0
1624564800000,34839.00,34980.00,34801.00,34865.59,5074.647,1624565699999,177093007.93477,45190,2782.881,97123392.02678,0
1624565700000,34865.59,34877.49,34754.99,34757.68,3269.438,1624566599999,113800571.84377,32777,1614.033,56180105.04640,0
1624566600000,34757.69,34946.74,34682.67,34903.12,4267.942,1624567499999,148547600.72356,40778,2324.997,80933248.38835,0
1624567500000,34903.13,34936.21,34766.00,34838.01,3062.352,1624568399999,106781934.50619,32713,1505.456,52495538.37306,0
1624568400000,34838.01,34847.96,34701.04,34756.86,3713.747,1624569299999,129118591.42587,36627,1808.695,62891081.41909,0
1624569300000,34756.86,34889.45,34730.00,34810.88,3245.915,1624570199999,112986092.89659,35491,1644.185,57235871.72351,0
1624570200000,34810.87,34828.54,34618.25,34662.28,4534.057,1624571099999,157442023.03084,48330,1959.009,68032599.86272,0
1624571100000,34662.21,34814.89,34662.21,34754.82,4455.218,1624571999999,154792913.70739,35714,2288.302,79505570.09582,0
1624572000000,34754.83,34819.56,34584.31,34651.60,6075.406,1624572899999,210824334.18520,46782,2852.586,99013083.98899,0
1624572900000,34651.61,34712.44,34505.00,34621.11,7510.481,1624573799999,259798121.57729,58298,3684.807,127480829.33414,0
1624573800000,34621.12,34739.37,34562.00,34683.95,4623.404,1624574699999,160242371.31863,38886,2273.187,78786520.67370,0
1624574700000,34683.94,34789.73,34558.62,34742.06,5133.731,1624575599999,178020382.99496,40101,2722.384,94417042.03846,0
1624575600000,34742.07,34761.72,34622.17,34745.03,3671.277,1624576499999,127349523.74663,31156,1846.940,64071088.27024,0
1624576500000,34745.03,34828.88,34672.43,34702.68,4470.688,1624577399999,155308185.60921,35223,2143.746,74486012.74963,0
1624577400000,34702.68,34759.36,34522.93,34536.57,4807.990,1624578299999,166502863.64009,37878,2236.908,77477258.65670,0
1624578300000,34536.56,34677.07,34531.45,34644.64,3598.744,1624579199999,124551134.44535,31544,1853.399,64142692.39067,0
1624579200000,34644.65,34904.83,34630.75,34810.76,8898.952,1624580099999,309514571.73296,66788,4650.599,161756004.89339,0
1624580100000,34810.24,35135.80,34736.61,34922.93,10634.290,1624580999999,371933329.91931,83840,5844.012,204432458.43595,0
1624581000000,34922.71,34983.74,34780.54,34786.29,5511.704,1624581899999,192155164.83094,43816,2525.684,88061433.70537,0
1624581900000,34786.28,34822.99,34559.29,34559.44,6455.663,1624582799999,223882537.64437,53590,2876.154,99758606.16024,0
1624582800000,34559.43,34600.86,34231.06,34290.25,14630.502,1624583699999,502894370.06913,107206,6271.563,215596217.10253,0
1624583700000,34290.26,34433.92,34290.26,34414.71,5400.409,1624584599999,185691780.09135,43502,2992.036,102878881.45760,0
1624584600000,34414.71,34640.00,34405.91,34596.98,6651.810,1624585499999,229672449.55692,49672,3733.833,128915672.06952,0
1624585500000,34597.00,34820.34,34472.86,34816.64,7731.490,1624586399999,267826505.49004,56583,4328.370,150020060.75724,0
1624586400000,34817.40,35490.00,34797.83,35400.00,22167.908,1624587299999,779384509.04404,179308,12546.188,441228752.28528,0
1624587300000,35400.01,35500.00,35110.37,35205.11,13870.486,1624588199999,489353301.35069,103620,6224.688,219609886.59052,0
1624588200000,35205.11,35347.00,35150.00,35225.66,6491.091,1624589099999,228859025.83764,52056,3223.603,113662517.17581,0
1624589100000,35225.67,35246.10,34984.00,35137.83,7443.957,1624589999999,261350492.61690,61837,3444.522,120933986.68672,0
1624590000000,35137.83,35137.83,34902.06,35015.64,5498.060,1624590899999,192512864.32377,49988,2670.971,93523477.07759,0
1624590900000,35015.65,35015.65,34813.54,34866.72,6313.988,1624591799999,220437717.12983,54478,2948.141,102939948.99951,0
1624591800000,34865.51,34946.53,34782.00,34926.03,4329.113,1624592699999,150940821.69960,42426,2265.798,79011774.69198,0
1624592700000,34926.05,35187.50,34895.62,35033.16,7474.564,1624593599999,262148134.03457,66993,4087.934,143355740.91319,0
1624593600000,35033.15,35085.88,34837.23,34958.32,7338.882,1624594499999,256493419.29170,63673,3621.023,126560405.14304,0
1624594500000,34957.49,34957.49,34715.00,34779.07,5513.557,1624595399999,191973066.24409,52334,2332.938,81234965.86178,0
1624595400000,34779.07,34815.41,34642.29,34691.18,5385.605,1624596299999,186961749.69009,49689,2435.193,84551085.71049,0
1624596300000,34691.19,34777.47,34601.00,34764.18,4850.183,1624597199999,168291797.57420,42583,2418.360,83931888.32945,0
1624597200000,34764.18,34878.70,34551.00,34619.94,8007.404,1624598099999,277534239.27257,65233,3641.015,126256272.81824,0
1624598100000,34619.95,34680.71,34398.11,34487.99,7736.703,1624598999999,267186741.80267,63076,3331.677,115098355.24030,0
1624599000000,34488.00,34545.79,34308.00,34425.73,7571.357,1624599899999,260599271.03822,62400,3510.298,120831836.02318,0
1624599900000,34425.73,34586.86,34325.00,34456.53,6542.093,1624600799999,225519210.95625,56364,3434.257,118395483.81996,0
1624600800000,34456.54,34560.98,34426.16,34437.00,4477.719,1624601699999,154500791.40859,41922,2219.913,76610367.10437,0
1624601700000,34437.00,34523.54,34340.11,34358.04,6379.138,1624602599999,219572692.16513,53213,3304.475,113767129.23148,0
1624602600000,34358.05,34399.00,34058.86,34353.61,12370.010,1624603499999,423484112.55647,102040,5985.105,204967296.39204,0
1624603500000,34355.81,34534.76,34348.23,34407.84,7820.303,1624604399999,269502800.09781,65670,3827.839,131920367.39176,0
1624604400000,34407.27,34417.02,34155.00,34260.01,10494.177,1624605299999,359938467.77136,82434,5006.581,171723326.62680,0
1624605300000,34260.00,34272.00,33978.63,34056.51,12132.206,1624606199999,414105167.56914,95534,5674.591,193741613.31386,0
1624606200000,34059.44,34179.00,33933.00,34019.00,11311.831,1624607099999,385429081.83841,89467,5445.969,185601974.47304,0
1624607100000,34019.01,34298.00,34019.00,34262.69,7497.819,1624607999999,256386571.73617,61079,4346.516,148635043.02052,0
1624608000000,34262.69,34272.77,33976.73,34027.60,9620.026,1624608899999,328468266.98270,87251,4557.196,155626576.79256,0
1624608900000,34027.60,34140.00,33922.71,34104.88,8371.312,1624609799999,284921889.37863,71988,4218.365,143593295.46370,0
1624609800000,34104.87,34194.71,34030.00,34139.24,5276.947,1624610699999,180124675.50270,45586,2746.705,93761194.71977,0
1624610700000,34139.23,34402.00,34050.00,34280.99,9581.525,1624611599999,328006214.79355,77916,5637.470,193010583.99856,0
1624611600000,34281.00,34400.00,34190.00,34386.29,6769.995,1624612499999,232167540.55138,58088,3580.735,122809204.05618,0
1624612500000,34386.29,34479.10,34255.00,34286.69,6930.165,1624613399999,238067770.99764,59835,3486.882,119811587.32504,0
1624613400000,34286.68,34286.68,33952.86,33995.89,8919.723,1624614299999,304240498.01684,76291,3789.909,129279439.19462,0
1624614300000,33995.90,34048.10,33705.00,33749.99,16026.646,1624615199999,542510158.38901,124601,7381.120,249901664.89538,0
1624615200000,33749.98,33880.25,33601.00,33859.34,10413.826,1624616099999,351877801.70123,83372,5139.046,173708757.13531,0
1624616100000,33859.34,33948.00,33644.00,33687.37,9261.056,1624616999999,313098011.78649,74714,4285.116,144907989.63488,0
1624617000000,33687.37,33796.01,33508.00,33599.90,10986.493,1624617899999,369740904.36399,90840,5001.349,168392635.86481,0
1624617900000,33599.90,33783.38,33561.17,33757.76,8185.177,1624618799999,275563580.00846,64324,4697.969,158175173.55056,0
1624618800000,33757.75,33872.90,33565.39,33590.75,10341.660,1624619699999,349166677.16219,78962,4932.239,166595525.58392,0
1624619700000,33590.75,33685.00,33393.28,33441.64,13784.499,1624620599999,461961469.83124,109016,6465.548,216747055.30922,0
1624620600000,33441.64,33544.65,33339.01,33458.54,11513.718,1624621499999,385027879.30991,85733,5760.195,192659196.01181,0
1624621500000,33460.30,33500.00,33248.62,33300.00,13626.613,1624622399999,454415602.76257,103481,6344.991,211624942.84539,0
1624622400000,33300.00,33478.40,33151.32,33432.42,17576.568,1624623299999,585542399.47523,130124,9156.373,305123668.54739,0
1624623300000,33432.43,33578.46,33323.47,33380.01,11890.509,1624624199999,397772390.37567,90929,6231.954,208515629.60406,0
1624624200000,33380.00,33380.01,33000.00,33133.13,16901.329,1624625099999,560328980.27088,129841,7747.739,256906856.66601,0
1624625100000,33131.84,33145.00,32815.34,33096.46,20977.785,1624625999999,691483555.92930,155839,10747.111,354355226.21991,0
1624626000000,33093.53,33200.00,32791.79,32848.28,16961.655,1624626899999,560285977.71436,124106,7741.146,255804471.68671,0
1624626900000,32849.27,32997.97,32637.00,32883.42,18188.563,1624627799999,597064625.51112,136159,8826.840,289806357.63979,0
1624627800000,32883.41,33077.00,32767.00,32957.54,13046.422,1624628699999,429643843.56825,94962,6820.229,224636531.42462,0
1624628700000,32957.54,33144.14,32900.00,32992.28,11187.726,1624629599999,369341924.90024,80805,5877.645,194063878.78630,0
1624629600000,32990.65,33458.22,32913.04,33433.11,19428.386,1624630499999,646076182.60602,148488,11483.177,381882140.06227,0
1624630500000,33433.11,33434.89,33121.00,33266.39,12709.034,1624631399999,422840961.38761,93932,5844.686,194433354.62005,0
1624631400000,33266.44,33267.63,32666.65,32673.33,20494.193,1624632299999,675479881.58390,153640,9175.728,302543209.48635,0
1624632300000,32673.33,32921.79,32505.00,32800.00,19187.480,1624633199999,628705555.00806,145390,9649.641,316310196.95364,0
1624633200000,32800.01,32884.86,32330.56,32596.39,30125.377,1624634099999,980733782.55677,208562,13572.614,441965712.15488,0
1624634100000,32596.68,32782.00,32516.81,32737.95,15022.927,1624634999999,490860484.83139,101266,7334.883,239650611.00131,0
1624635000000,32737.96,32958.00,32602.00,32919.99,15448.595,1624635899999,507167341.63698,111589,8339.795,273858587.86212,0
1624635900000,32920.00,32960.14,32525.26,32618.31,11850.562,1624636799999,387912455.21670,92293,5529.874,181012411.35755,0
1624636800000,32618.33,32924.99,32550.59,32709.57,12948.128,1624637699999,424051862.46784,113195,6927.722,226906472.91804,0
1624637700000,32709.58,32753.54,31907.16,31994.68,34995.782,1624638599999,1128824594.22630,261778,14773.198,476744611.45947,0
1624638600000,31994.68,32222.00,31600.00,32015.34,35197.631,1624639499999,1123767408.70780,245344,17053.195,544854454.67608,0
1624639500000,32015.34,32119.19,31772.62,31936.14,18027.686,1624640399999,576303776.64919,132850,9680.863,309606495.46238,0
1624640400000,31936.14,32166.00,31855.80,32081.67,14188.462,1624641299999,454652596.42208,111920,7724.196,247512174.18513,0
1624641300000,32081.67,32226.01,31823.88,31950.92,13384.013,1624642199999,428489149.47542,103732,6836.281,218914982.53907,0
1624642200000,31950.92,32018.64,31493.48,31518.38,17235.657,1624643099999,547057412.70436,136172,7450.717,236639538.40550,0
1624643100000,31518.37,31870.00,31493.50,31675.00,13716.434,1624643999999,435033711.07490,113035,7348.503,233050703.73382,0
1624644000000,31674.99,32124.00,31471.00,31995.59,21254.466,1624644899999,677235582.46558,156057,11857.944,377987022.25694,0
1624644900000,31995.59,32183.00,31867.27,32121.89,11498.756,1624645799999,368611532.72562,88696,5900.359,189173617.29847,0
1624645800000,32121.89,32278.91,31965.00,32199.57,11362.150,1624646699999,365114184.33896,85870,5926.051,190469798.54979,0
1624646700000,32196.47,32224.44,31980.03,32061.15,11865.609,1624647599999,380829801.15150,79070,5457.893,175173339.84742,0
1624647600000,32061.71,32138.14,31700.85,32081.86,11682.323,1624648499999,372964416.76873,90282,5732.195,183021479.30199,0
1624648500000,32081.86,32491.80,32078.68,32449.53,14678.672,1624649399999,474462069.54256,118044,8260.716,267035607.12977,0
1624649400000,32449.53,32449.54,32179.95,32238.32,6711.690,1624650299999,216718371.46469,55220,3140.784,101416551.00147,0
1624650300000,32238.31,32300.00,32022.70,32192.38,8003.650,1624651199999,257306397.55051,65362,4078.496,131129930.43668,0
1624651200000,32195.99,32197.13,31893.79,32011.80,10444.012,1624652099999,334637465.28761,82986,5013.885,160640291.79992,0
1624652100000,32011.80,32277.00,32010.05,32262.65,6949.789,1624652999999,223566601.84694,53434,3979.787,128017466.64123,0
1624653000000,32262.65,32350.00,32155.00,32214.47,5443.113,1624653899999,175489768.06486,48261,2687.626,86648613.27123,0
1624653900000,32214.54,32272.00,32060.07,32176.39,4543.965,1624654799999,146227741.23407,41304,2193.810,70600469.64876,0
1624654800000,32170.47,32171.63,31562.00,31638.06,13849.056,1624655699999,440635240.21648,112810,5986.251,190428837.38959,0
1624655700000,31638.05,31834.41,31535.40,31790.11,8672.514,1624656599999,274715366.39369,80356,4585.868,145269781.15773,0
1624656600000,31790.11,32199.95,31700.85,32018.37,10330.073,1624657499999,330111458.20976,90376,5449.935,174114179.12692,0
1624657500000,32016.22,32071.99,31619.80,31781.52,9447.152,1624658399999,300284377.68582,76191,4750.649,150973653.00906,0
1624658400000,31781.52,31932.64,31626.11,31836.39,7873.493,1624659299999,250250572.94468,67481,3919.725,124597355.17770,0
1624659300000,31836.39,31948.18,31748.68,31818.77,5655.133,1624660199999,180178088.29554,46825,2782.858,88676359.56409,0
1624660200000,31815.80,31862.00,31554.25,31570.00,8732.210,1624661099999,276503077.82437,70934,4245.559,134441206.30881,0
1624661100000,31570.00,31697.44,31250.00,31401.35,17848.308,1624661999999,560606416.57749,141907,8346.074,262203829.32156,0
1624662000000,31401.34,31599.84,31351.77,31569.72,7505.980,1624662899999,236426098.89755,60322,3661.283,115334803.02606,0
1624662900000,31569.72,31614.05,31375.00,31487.68,6794.286,1624663799999,213941057.92779,55434,3465.636,109130716.00502,0
1624663800000,31487.68,31883.36,31466.82,31846.61,9439.565,1624664699999,299586167.17996,76844,5382.090,170818531.80738,0
1624664700000,31846.62,31952.45,31559.82,31568.07,7232.151,1624665599999,229597393.52556,60769,3274.938,103994118.40853,0
1624665600000,31569.18,31745.48,31273.64,31589.77,22258.821,1624666499999,700772340.59339,160302,11563.123,364133846.96268,0
1624666500000,31589.77,31900.00,31525.53,31836.36,10190.010,1624667399999,323516879.23686,79394,5418.490,172032160.64378,0
1624667400000,31836.51,32199.06,31754.73,31916.13,13206.375,1624668299999,422395328.37328,106277,6860.580,219444042.98647,0
1624668300000,31916.14,32102.46,31858.02,31980.71,6450.163,1624669199999,206286630.62071,53590,3217.957,102927070.82429,0
1624669200000,31980.71,32014.27,31754.79,31800.01,7158.090,1624670099999,228130074.56213,61358,3545.315,113020952.09112,0
1624670100000,31800.00,31867.02,31636.42,31742.29,6258.719,1624670999999,198615460.87227,52790,3299.441,104714534.71341,0
1624671000000,31742.29,31844.55,31558.68,31641.85,6157.554,1624671899999,195097111.71727,55226,2904.193,92035276.94152,0
1624671900000,31640.26,32031.00,31507.28,31949.49,8875.969,1624672799999,281997098.04123,73666,4905.366,155910579.04525,0
1624672800000,31950.00,32065.92,31857.03,31966.00,6624.621,1624673699999,211694594.30313,57061,3300.624,105495257.01462,0
1624673700000,31966.00,32009.47,31729.79,31761.12,5688.233,1624674599999,181063994.67848,46711,2616.802,83295898.44427,0
1624674600000,31761.11,31883.36,31666.66,31880.21,5185.783,1624675499999,164586049.83958,46203,2871.089,91132038.91292,0
1624675500000,31880.21,31999.00,31853.99,31924.68,6115.654,1624676399999,195312391.23642,49349,3056.894,97633535.75943,0
1624676400000,31923.91,32168.16,31920.00,32041.95,7499.658,1624677299999,240485739.10717,63787,4143.338,132856982.48275,0
1624677300000,32041.95,32099.65,31951.77,32009.51,4584.769,1624678199999,146768008.20385,39676,2150.952,68862708.01053,0
1624678200000,32009.50,32250.50,32007.00,32103.39,5771.240,1624679099999,185382271.06808,49690,3154.285,101347154.87803,0
1624679100000,32102.65,32103.40,31928.00,31955.09,5006.785,1624679999999,160292449.78252,40986,2274.812,72832409.66987,0
1624680000000,31955.38,32097.00,31900.00,31921.93,4880.662,1624680899999,156143502.76115,42649,2388.638,76423363.75372,0
1624680900000,31921.94,32028.21,31866.02,31965.01,4550.616,1624681799999,145350515.16541,40116,2270.576,72527426.40757,0
1624681800000,31965.01,32167.31,31959.05,32120.00,6178.700,1624682699999,198212451.37121,47705,3274.293,105029424.24591,0
1624682700000,32120.00,32397.51,32105.47,32328.97,8523.015,1624683599999,274781828.51307,69130,5069.474,163461938.12676,0
1624683600000,32327.56,32720.52,32323.58,32421.57,15779.282,1624684499999,513104854.44662,124935,8775.122,285377229.88309,0
1624684500000,32421.58,32421.58,32219.40,32300.00,7894.207,1624685399999,255032833.65582,64365,3919.447,126620614.82484,0
1624685400000,32299.99,32302.76,32102.75,32157.65,5937.634,1624686299999,191093861.29558,49736,2596.761,83569435.87462,0
1624686300000,32157.65,32331.12,32072.05,32209.15,5822.345,1624687199999,187512517.44408,50922,3214.530,103542534.25566,0
1624687200000,32209.14,32415.56,32150.00,32289.74,5842.865,1624688099999,188780758.56776,52000,3126.399,101017699.82392,0
1624688100000,32289.74,32350.00,32201.25,32292.17,5159.977,1624688999999,166555207.82600,41916,2498.836,80660570.16770,0
1624689000000,32292.17,32328.70,31723.00,31789.60,11963.178,1624689899999,383007193.28068,94974,4833.187,154773404.91310,0
1624689900000,31789.60,31866.29,31616.40,31710.49,12939.220,1624690799999,410229035.41980,103381,6448.891,204485996.83696,0
1624690800000,31710.49,31798.03,31263.07,31291.67,18437.205,1624691699999,580736557.14465,150090,8015.506,252583633.53902,0
1624691700000,31293.13,31412.49,31087.82,31219.91,21347.008,1624692599999,666794378.40083,169485,11020.991,344366713.97851,0
1624692600000,31219.90,31280.00,30718.80,30848.76,25449.968,1624693499999,787433997.38786,200571,11539.367,357041921.36418,0
1624693500000,30848.76,30971.30,30620.00,30700.00,20127.244,1624694399999,619209207.14484,158182,9831.887,302552351.01350,0
1624694400000,30700.00,30850.00,30137.13,30231.17,32768.739,1624695299999,997852699.15426,262848,14946.727,455389958.05085,0
1624695300000,30232.05,30385.71,30120.00,30325.93,19997.867,1624696199999,605259716.05615,167865,10998.396,332908930.37640,0
1624696200000,30325.93,30738.54,30150.50,30315.49,29386.775,1624697099999,895417174.86827,236761,15279.601,465618619.24454,0
1624697100000,30315.50,30485.00,30177.00,30380.52,13269.989,1624697999999,402580541.35741,110131,6892.955,209185782.95425,0
1624698000000,30381.27,30566.56,30250.13,30294.10,13814.796,1624698899999,419384393.09856,107648,7237.642,219769341.27261,0
1624698900000,30294.11,30544.00,30283.04,30537.73,10653.882,1624699799999,324093041.43193,81750,5731.564,174353468.28728,0
1624699800000,30537.73,31258.88,30500.00,30784.68,31807.879,1624700699999,982707548.17842,254188,17029.837,526096419.85730,0
1624700700000,30784.68,31188.00,30642.01,31013.30,18979.413,1624701599999,586792788.97807,154217,10383.560,321047997.92977,0
1624701600000,31011.73,31242.01,30800.00,30984.59,16746.303,1624702499999,519284128.48466,143292,8363.813,259425440.85209,0
1624702500000,30984.59,31158.18,30852.18,31059.59,8824.779,1624703399999,273751270.92660,74513,4395.145,136366670.83276,0
1624703400000,31059.59,31082.02,30801.00,30833.45,9979.882,1624704299999,308822611.62764,80093,4548.551,140769283.60873,0
1624704300000,30831.04,31110.99,30726.95,31064.09,11180.753,1624705199999,345768282.93831,88884,6012.122,185982738.47536,0
1624705200000,31064.09,31750.00,31063.10,31498.65,25623.218,1624706099999,805470360.22874,197580,14362.544,451511744.13799,0
1624706100000,31498.64,31651.16,31353.65,31425.38,12106.905,1624706999999,380948055.90638,99068,6340.979,199563906.43732,0
1624707000000,31425.38,31700.54,31380.00,31572.95,10149.116,1624707899999,320051412.73583,82005,5510.659,173782521.65027,0
1624707900000,31572.94,31877.56,31497.47,31758.44,15666.333,1624708799999,497275520.18204,119305,8056.722,255749547.96790,0
1624708800000,31758.44,31834.44,31543.60,31596.05,11477.168,1624709699999,363491989.84276,92069,5354.393,169609484.05079,0
1624709700000,31595.15,31984.87,31450.60,31828.98,16447.333,1624710599999,521314650.57134,136557,8979.221,284701446.46019,0
1624710600000,31829.82,31938.18,31705.00,31720.01,9414.629,1624711499999,299500981.27666,75719,4495.546,143031459.14188,0
1624711500000,31720.01,31750.00,31257.00,31263.19,16576.781,1624712399999,522291762.30806,136015,7265.118,228989385.91109,0
1624712400000,31267.27,31500.00,31262.79,31435.64,12610.561,1624713299999,395997954.87079,101554,6948.290,218191531.24244,0
1624713300000,31436.54,31753.43,31366.92,31428.64,15790.930,1624714199999,498606592.73564,119297,8142.187,257155653.23929,0
1624714200000,31427.54,31479.99,30898.21,31009.51,18125.643,1624715099999,565745692.47945,146471,8101.392,252977688.95902,0
1624715100000,31009.51,31066.76,30740.70,30799.99,20016.728,1624715999999,617577831.38130,165023,10145.529,313052723.17755,0
1624716000000,30798.93,30880.98,30481.06,30583.03,18832.720,1624716899999,577094279.39951,155429,8887.838,272423256.13237,0
1624716900000,30581.89,30999.00,30532.00,30844.82,16889.612,1624717799999,519793337.33042,132386,9618.931,296067798.76439,0
1624717800000,30844.83,31000.00,30781.11,30984.96,14164.612,1624718699999,437972819.62358,108429,7769.002,240269476.23722,0
1624718700000,30984.56,31466.00,30852.00,31240.00,18612.233,1624719599999,580776575.88164,139382,10310.591,321768497.48753,0
1624719600000,31240.01,31406.36,30903.51,31187.00,17326.538,1624720499999,538804016.01866,136570,8807.490,273970331.71754,0
1624720500000,31186.53,31336.00,30930.01,31100.00,13881.641,1624721399999,431751340.08845,110019,7183.994,223475447.21879,0
1624721400000,31100.01,31283.58,31060.00,31283.25,7925.097,1624722299999,246938713.58293,60887,4143.847,129147749.51243,0
1624722300000,31283.24,31600.00,31210.02,31511.57,16468.919,1624723199999,517353540.73408,130282,8706.384,273570588.94918,0
1624723200000,31512.07,31544.56,31041.42,31052.40,15417.146,1624724099999,482292282.32999,129742,7076.747,221413599.45535,0
1624724100000,31052.39,31128.92,30760.67,31036.81,17634.345,1624724999999,545398116.19065,137554,9068.082,280488909.98685,0
1624725000000,31036.82,31149.99,30822.52,30976.87,10657.384,1624725899999,330431914.06775,87886,5179.011,160597765.73235,0
1624725900000,30976.87,31331.31,30923.00,31227.05,8784.586,1624726799999,273819031.69271,74527,4788.815,149270581.30100,0
1624726800000,31227.04,31370.00,31158.94,31296.89,8139.222,1624727699999,254572319.88150,62730,3957.170,123780164.30644,0
1624727700000,31296.65,31431.24,31023.25,31160.56,12232.984,1624728599999,381934485.99968,100720,6168.612,192618008.12096,0
1624728600000,31160.56,31268.40,31081.06,31198.60,7996.270,1624729499999,249157093.67122,59875,4256.489,132640672.15442,0
1624729500000,31198.61,31750.00,31150.00,31665.47,14528.758,1624730399999,457568093.24160,113452,8324.764,262219013.19979,0
1624730400000,31666.25,31899.00,31521.81,31807.46,12760.654,1624731299999,404189402.12954,104466,6895.113,218458200.79813,0
1624731300000,31808.97,31855.00,31576.89,31631.63,7144.793,1624732199999,226398389.21252,59033,3255.946,103179963.60016,0
1624732200000,31631.70,31796.00,31535.19,31570.00,7824.095,1624733099999,247568100.95786,61336,3852.707,121919563.81529,0
1624733100000,31567.00,31642.63,31410.00,31572.63,6850.897,1624733999999,216016550.15572,56101,3361.044,105989691.23186,0
1624734000000,31572.17,31748.00,31506.66,31669.32,6469.532,1624734899999,204770271.39124,54114,3431.834,108635284.91028,0
1624734900000,31671.68,31672.10,31447.01,31507.37,4608.500,1624735799999,145425166.17702,40984,2125.110,67058361.00792,0
1624735800000,31506.87,31637.93,31429.08,31579.96,4536.293,1624736699999,143044042.88755,39607,2288.193,72156949.03233,0
1624736700000,31579.95,31639.00,31479.00,31561.63,4648.517,1624737599999,146616881.94581,37651,2431.241,76679363.92206,0
1624737600000,31561.63,31619.52,31202.02,31242.68,10331.332,1624738499999,323996140.89543,82649,4775.918,149760717.07452,0
1624738500000,31242.69,31296.32,31065.40,31226.20,9255.517,1624739399999,288418477.96391,74491,4671.981,145602023.19236,0
1624739400000,31226.99,31319.83,31159.30,31306.52,4483.789,1624740299999,140091986.92454,40046,2259.081,70587463.46271,0
1624740300000,31306.52,31344.90,31200.01,31281.92,3226.389,1624741199999,100890366.50696,31176,1595.631,49897725.39829,0
1624741200000,31281.92,31281.93,30888.04,31005.72,8984.310,1624742099999,279011951.56985,81806,3963.172,123081334.78077,0
1624742100000,31005.72,31150.00,30960.00,31000.86,5869.698,1624742999999,182319611.75465,52801,2975.079,92421340.87360,0
1624743000000,31000.86,31270.32,30997.87,31143.89,4155.159,1624743899999,129511176.75070,43302,2223.361,69291638.59654,0
1624743900000,31143.89,31420.00,31137.01,31377.92,6263.727,1624744799999,196136648.93544,51839,3608.651,113012220.21847,0
1624744800000,31382.01,31594.60,31338.53,31562.00,6033.608,1624745699999,189909613.75285,56921,3203.727,100857361.57518,0
1624745700000,31562.01,31578.99,31460.84,31484.00,4522.032,1624746599999,142451682.34617,36665,2006.281,63201415.09422,0
1624746600000,31484.01,31748.98,31480.00,31716.11,6968.729,1624747499999,220521689.58616,54100,4206.945,133136820.11858,0
1624747500000,31716.10,31781.44,31645.00,31736.84,4649.045,1624748399999,147373930.59530,37130,2309.054,73202396.85220,0
1624748400000,31736.84,31980.00,31601.00,31858.01,9246.770,1624749299999,293949505.31214,77752,4988.231,158625553.09926,0
1624749300000,31858.34,31875.00,31667.87,31705.57,5234.343,1624750199999,166236648.66419,44889,2453.055,77913091.30709,0
1624750200000,31705.56,31903.49,31681.55,31807.58,5427.665,1624751099999,172488696.93465,41100,3000.910,95378638.75825,0
1624751100000,31807.57,32289.92,31765.62,32255.56,13115.316,1624751999999,420011134.44939,101890,7974.605,255461113.93355,0
1624752000000,32250.15,32480.00,31960.00,32380.94,17165.451,1624752899999,552995467.70269,135489,8678.041,279706188.32531,0
1624752900000,32380.94,32594.13,32301.00,32473.52,15094.702,1624753799999,489846167.17624,107908,8128.099,263847752.50200,0
1624753800000,32473.52,32600.00,32222.01,32300.00,11229.805,1624754699999,364185972.83677,84112,5126.315,166316711.03959,0
1624754700000,32300.00,32390.41,32088.00,32337.54,10413.221,1624755599999,335483633.62951,80123,5476.708,176480666.15708,0
1624755600000,32337.45,32479.00,32228.68,32453.44,6158.310,1624756499999,199244107.63052,51738,3200.625,103576486.28923,0
1624756500000,32453.44,32866.00,32341.56,32860.42,12466.932,1624757399999,406135332.22651,89275,7352.373,239680787.89478,0
1624757400000,32850.16,32940.00,32710.13,32899.00,13914.683,1624758299999,456758548.25366,116292,7186.467,235946251.51161,0
1624758300000,32899.00,32940.00,32727.01,32839.10,6818.404,1624759199999,223832535.42040,54850,3391.024,111337105.91810,0
1624759200000,32839.11,32864.12,32640.00,32685.96,7630.635,1624760099999,249691438.20087,55618,3173.232,103854474.45386,0
1624760100000,32689.00,33187.49,32688.99,33042.44,14619.576,1624760999999,481920124.16721,109345,8297.577,273518224.46996,0
1624761000000,33042.43,33086.72,32820.52,32933.11,8836.883,1624761899999,290903991.06081,68408,4144.958,136440521.82524,0
1624761900000,32933.11,33124.00,32820.00,33059.20,7445.199,1624762799999,245432733.53801,57327,4032.931,132956117.39609,0
1624762800000,33059.19,33133.68,32900.00,32988.99,6007.214,1624763699999,198238872.10874,51783,2781.160,91780626.73971,0
1624763700000,32988.99,33066.15,32712.83,32750.20,8162.085,1624764599999,268368941.18339,65875,3420.404,112494665.88434,0
1624764600000,32750.17,33040.00,32744.99,32985.54,6471.983,1624765499999,212983518.91588,53703,3624.760,119303019.39279,0
1624765500000,32985.55,33151.57,32928.79,33119.04,7842.781,1624766399999,259326757.19453,65993,4154.248,137377145.59156,0
1624766400000,33119.04,33320.00,32907.83,32976.73,12980.424,1624767299999,429300452.74674,100209,6580.007,217722903.39530,0
1624767300000,32976.73,33049.63,32882.39,32900.52,5764.807,1624768199999,189983692.16338,47872,2721.491,89694221.12391,0
1624768200000,32900.53,33074.30,32862.74,32986.81,5803.779,1624769099999,191344520.24659,48891,3010.130,99246339.05277,0
1624769100000,32986.80,33235.62,32986.80,33114.22,6575.374,1624769999999,217752118.11513,53821,3540.991,117271163.46253,0
1624770000000,33115.53,33172.73,33016.95,33067.01,6020.958,1624770899999,199260279.19502,49515,2737.344,90581777.44206,0
1624770900000,33067.00,33248.00,33045.00,33237.96,6363.911,1624771799999,210934820.93982,46963,3519.310,116658973.42265,0
1624771800000,33237.96,33299.00,32854.01,32890.00,9603.703,1624772699999,317644275.74473,77851,4451.064,147283961.27333,0
1624772700000,32890.28,32950.00,32771.51,32899.99,8017.585,1624773599999,263434877.46492,67846,3946.690,129688541.10597,0
1624773600000,32900.00,33191.99,32850.55,33100.00,8669.629,1624774499999,286519554.90550,69149,4513.752,149174251.04919,0
1624774500000,33099.99,33099.99,32928.00,32986.81,5753.446,1624775399999,189899253.11821,45393,2747.906,90701548.31706,0
1624775400000,32986.80,33040.88,32811.92,32936.94,6846.530,1624776299999,225297376.02413,53270,3134.701,103151019.73001,0
1624776300000,32936.94,33111.05,32936.94,33044.67,5707.508,1624777199999,188562446.65006,48097,2835.408,93673154.66753,0
1624777200000,33044.66,33174.57,32981.00,33138.97,6867.042,1624778099999,227244039.40014,55454,3501.431,115884348.80635,0
1624778100000,33138.98,33231.00,33051.90,33088.72,8196.283,1624778999999,271706368.63646,63793,4059.728,134598315.26629,0
1624779000000,33088.72,33450.00,33088.72,33381.88,13445.879,1624779899999,448205173.02690,104492,7676.675,255874865.01430,0
1624779900000,33381.87,33450.00,33210.00,33252.00,9365.219,1624780799999,312163830.87310,71983,4091.154,136394604.35862,0
1624780800000,33252.00,33419.00,33110.97,33257.57,12093.185,1624781699999,402177990.00289,93621,6059.998,201546829.28174,0
1624781700000,33257.56,33336.32,33158.77,33298.54,8295.086,1624782599999,275736667.06943,59409,4291.234,142661165.43096,0
1624782600000,33298.55,33317.86,33170.00,33237.25,5031.291,1624783499999,167186754.42108,41461,2412.113,80153426.89142,0
1624783500000,33237.25,33237.26,32950.00,32988.47,9866.027,1624784399999,326452914.38275,79937,4084.938,135178442.96027,0
1624784400000,32988.47,33149.00,32955.00,33058.26,6701.456,1624785299999,221718227.69318,57087,3483.264,115241037.43559,0
1624785300000,33058.26,33099.00,32910.00,32930.01,7067.632,1624786199999,233172452.07661,56503,3228.045,106513176.60156,0
1624786200000,32930.00,32969.00,32525.00,32564.86,21276.514,1624787099999,695921960.26014,154146,9425.714,308296608.08379,0
1624787100000,32564.85,32745.52,32412.00,32540.29,17068.442,1624787999999,556016357.94235,128724,8531.021,277950392.29873,0
1624788000000,32540.29,32750.00,32536.00,32663.00,8642.996,1624788899999,282280516.12267,65821,4310.305,140773075.03926,0
1624788900000,32663.21,32774.93,32492.00,32611.00,8981.225,1624789799999,293228642.41063,68630,4124.455,134703927.16369,0
1624789800000,32611.01,32612.61,32333.00,32539.73,12090.075,1624790699999,392199282.77819,99395,5985.084,194161722.63569,0
1624790700000,32539.72,32796.93,32470.55,32674.53,11190.138,1624791599999,365275753.73977,89040,5901.728,192669475.52449,0
1624791600000,32673.15,32792.00,32614.02,32668.40,7053.635,1624792499999,230721280.03765,57939,3510.925,114850610.87967,0
1624792500000,32668.41,32978.99,32528.71,32949.99,11981.673,1624793399999,392558606.78610,97441,6869.924,225165163.98846,0
1624793400000,32950.00,33261.56,32932.37,33025.66,18217.455,1624794299999,603322881.79412,135079,9841.746,325967449.20802,0
1624794300000,33025.67,33410.00,32919.24,33214.00,15843.489,1624795199999,525327093.52336,125431,8603.008,285280125.56368,0
1624795200000,33213.99,33350.00,33026.55,33121.25,10704.497,1624796099999,354915484.73477,84980,5066.474,168013448.59786,0
1624796100000,33121.25,33300.00,33121.25,33270.00,7255.915,1624796999999,241109545.30022,58931,3837.289,127507646.14424,0
1624797000000,33270.56,33562.00,33223.27,33359.65,15262.149,1624797899999,509393780.45387,122307,8309.468,277415764.71981,0
1624797900000,33359.65,33475.00,33256.25,33292.81,7654.031,1624798799999,255118365.19270,63611,3827.345,127585594.82085,0
1624798800000,33292.80,33440.00,33054.72,33389.97,14423.954,1624799699999,479076344.04716,114553,7072.445,234979212.75725,0
1624799700000,33389.97,33444.00,33209.20,33217.74,8182.338,1624800599999,272620833.88790,70779,3891.537,129669663.15729,0
1624800600000,33217.73,33271.40,33043.00,33173.38,9525.519,1624801499999,315935470.03176,79895,4763.485,158025352.19807,0
1624801500000,33173.37,33210.98,32892.72,33085.40,12251.472,1624802399999,404714593.93693,97656,5955.933,196756151.77926,0
1624802400000,33085.40,33088.91,32694.55,32754.32,12365.404,1624803299999,406648953.75705,107065,5327.860,175234996.71841,0
1624803300000,32754.32,32969.99,32736.36,32837.99,8857.998,1624804199999,291147638.75471,83930,4813.157,158196242.76711,0
1624804200000,32837.99,33199.39,32836.38,33112.78,12330.066,1624805099999,407927595.92930,104667,6800.734,224975798.33930,0
1624805100000,33112.83,33250.00,33045.00,33225.34,7931.832,1624805999999,263037814.80838,72893,4140.817,137346208.78878,0
1624806000000,33225.34,33225.35,33062.00,33129.81,5866.269,1624806899999,194498733.70021,54050,2798.420,92784872.95871,0
1624806900000,33129.81,33200.00,32860.00,33174.99,11652.226,1624807799999,384822108.03744,98210,5442.227,179746544.73439,0
1624807800000,33174.99,33244.85,33000.00,33048.50,6844.841,1624808699999,226649061.59507,61495,3418.837,113211502.21578,0
1624808700000,33049.78,33200.00,32950.45,33171.20,6322.902,1624809599999,209272496.43933,57760,3108.755,102887238.08163,0
1624809600000,33171.26,33400.00,33010.50,33139.99,15676.231,1624810499999,520172340.88611,131605,7982.175,264897915.98220,0
1624810500000,33140.00,33210.81,32955.77,33056.01,7648.167,1624811399999,252960378.50698,67867,3637.021,120316909.20828,0
1624811400000,33056.01,33098.95,32830.50,32865.52,8990.834,1624812299999,296075876.74262,74899,4100.345,135042175.97186,0
1624812300000,32865.52,32990.00,32811.00,32981.08,5928.014,1624813199999,195070161.04126,53982,3199.606,105295504.49067,0
1624813200000,32981.08,33066.56,32850.06,32976.01,5619.963,1624814099999,185198104.93226,50679,2857.149,94167717.21799,0
1624814100000,32976.00,33029.35,32870.03,32976.83,4111.830,1624814999999,135503303.80665,36916,2054.799,67716319.67452,0
1624815000000,32976.83,33050.00,32907.83,33050.00,3703.837,1624815899999,122130009.02200,31633,2021.286,66651785.52952,0
1624815900000,33049.99,33098.91,33000.00,33000.01,4259.017,1624816799999,140751750.96401,35543,2021.164,66797343.43046,0
1624816800000,33000.00,33000.40,32550.00,32618.73,14104.152,1624817699999,461533432.65471,114648,6068.369,198571848.69279,0
1624817700000,32618.39,32800.00,32570.00,32733.00,8182.126,1624818599999,267470097.06946,65718,4198.264,137248968.34801,0
1624818600000,32733.01,32832.99,32644.46,32774.96,4765.457,1624819499999,156063906.80452,40523,2218.305,72651899.82391,0
1624819500000,32774.97,32799.00,32632.77,32700.51,4193.517,1624820399999,137135471.76611,37139,1938.214,63392129.32763,0
1624820400000,32700.51,32787.40,32650.00,32749.21,3052.103,1624821299999,99899874.74441,30846,1615.046,52861648.83277,0
1624821300000,32749.21,32772.20,32557.19,32705.75,4450.700,1624822199999,145343121.17470,41061,2253.374,73581767.33789,0
1624822200000,32705.75,32785.00,32687.33,32769.69,2970.120,1624823099999,97258505.64961,30255,1518.925,49737742.07885,0
1624823100000,32769.69,32951.48,32727.04,32793.43,5563.563,1624823999999,182793388.77278,49635,3010.799,98926353.92461,0
1624824000000,32793.43,32866.00,32666.77,32865.99,5696.231,1624824899999,186568215.96419,48029,2847.622,93278562.82341,0
1624824900000,32865.99,32922.00,32777.00,32841.12,3839.970,1624825799999,126116319.75475,33602,1850.385,60785438.48712,0
1624825800000,32841.13,32841.14,32700.00,32740.09,3567.126,1624826699999,116855029.18941,29909,1791.695,58691412.60723,0
1624826700000,32740.08,32778.26,32593.20,32606.24,4036.939,1624827599999,131845393.57047,37921,1831.776,59827681.71528,0
1624827600000,32607.51,32754.63,32572.20,32711.95,4869.352,1624828499999,159103684.90076,44389,2732.290,89268132.37928,0
1624828500000,32713.02,32748.64,32377.30,32548.99,9026.868,1624829399999,293633844.47428,76884,3765.149,122473485.23005,0
1624829400000,32548.99,32671.35,32492.07,32616.99,4123.754,1624830299999,134457895.67315,46282,1991.826,64949882.12975,0
1624830300000,32616.84,32849.00,32580.00,32839.99,5741.337,1624831199999,188008818.51864,51617,3048.992,99845300.66484,0
1624831200000,32839.99,33850.00,32781.22,33680.27,30385.862,1624832099999,1015202614.50974,235572,17388.973,580787961.37031,0
1624832100000,33680.26,34339.43,33671.66,34100.80,28736.425,1624832999999,979197569.13040,234001,15117.104,515067370.87461,0
1624833000000,34100.81,34300.00,34050.00,34254.41,14019.499,1624833899999,479123450.35395,108409,7242.103,247564827.64941,0
1624833900000,34254.41,34611.33,34070.00,34392.99,18361.720,1624834799999,630261801.09390,135446,10519.871,361220427.20843,0
1624834800000,34391.43,34550.00,34167.40,34250.00,9947.104,1624835699999,341417533.27657,82504,4628.224,158900480.88659,0
1624835700000,34250.26,34449.99,34220.06,34366.94,6360.325,1624836599999,218423493.18131,52374,3476.357,119390007.77664,0
1624836600000,34366.94,34700.00,34355.29,34501.16,10051.302,1624837499999,347048069.63259,82660,5652.510,195214087.84667,0
1624837500000,34501.16,34762.00,34430.00,34687.71,10072.335,1624838399999,348290768.53600,79079,5565.161,192506905.02783,0
1624838400000,34687.71,34850.00,34425.00,34495.66,17751.249,1624839299999,614898699.62065,133974,9059.366,313863832.62194,0
1624839300000,34495.65,34747.55,34422.00,34658.58,8894.486,1624840199999,307382297.17007,71340,4703.195,162557925.42033,0
1624840200000,34658.59,34998.00,34628.56,34662.14,13353.468,1624841099999,464369120.47865,100109,7038.021,244887903.61445,0
1624841100000,34662.14,34687.64,34531.41,34550.22,7080.972,1624841999999,245059772.13759,52671,3325.853,115120933.75170,0
1624842000000,34550.21,34683.90,34520.00,34605.26,4916.230,1624842899999,170150182.64194,38683,2659.747,92063930.59481,0
1624842900000,34605.25,34644.16,34320.00,34389.99,7612.874,1624843799999,262512706.43141,56897,3024.036,104324791.62164,0
1624843800000,34389.99,34477.35,34310.59,34383.25,6745.043,1624844699999,232047304.71913,54498,3400.452,116991851.12367,0
1624844700000,34383.26,34497.79,34250.00,34263.94,6084.796,1624845599999,209295081.74841,46737,2723.969,93735631.81740,0
1624845600000,34264.20,34440.62,34233.27,34372.00,4956.919,1624846499999,170417727.03432,40993,2595.125,89231383.58981,0
1624846500000,34371.99,34560.00,34370.00,34529.17,5002.498,1624847399999,172393597.57207,41869,2691.494,92765899.14424,0
1624847400000,34529.16,34639.44,34454.32,34502.11,5549.165,1624848299999,191703154.30293,44671,2772.194,95780428.74164,0
1624848300000,34502.12,34539.99,34347.40,34395.92,3888.825,1624849199999,133871711.48401,33232,1814.899,62480968.55860,0
1624849200000,34396.72,34484.80,34374.91,34411.55,2830.433,1624850099999,97453564.67907,28641,1515.624,52185277.96648,0
1624850100000,34411.56,34528.40,34305.73,34377.21,4605.891,1624850999999,158445454.75092,39752,2191.273,75380565.19391,0
1624851000000,34377.22,34465.20,34335.00,34444.00,3158.212,1624851899999,108635815.02778,28920,1680.810,57819935.46403,0
1624851900000,34444.02,34486.00,34360.02,34390.66,3014.149,1624852799999,103770910.79517,28680,1499.323,51619428.21157,0
1624852800000,34390.66,34540.00,34360.54,34405.01,4202.714,1624853699999,144743295.04990,39884,2155.111,74226665.46647,0
1624853700000,34405.00,34460.00,34309.13,34318.71,3371.081,1624854599999,115889866.11242,31994,1547.360,53198692.68470,0
1624854600000,34319.83,34422.24,34265.59,34338.47,4235.806,1624855499999,145423161.49317,39484,2109.133,72418173.68568,0
1624855500000,34338.48,34406.30,34288.00,34348.94,3072.746,1624856399999,105555488.14382,30402,1504.139,51674622.27976,0
1624856400000,34348.94,34460.00,34338.61,34438.72,3421.188,1624857299999,117714417.80802,31659,2015.959,69367406.30405,0
1624857300000,34438.72,34489.43,34380.00,34456.25,4038.509,1624858199999,139105844.43773,35276,1979.243,68176450.12968,0
1624858200000,34456.24,34547.64,34390.00,34402.31,4542.537,1624859099999,156544138.90451,40828,2343.867,80780325.69508,0
1624859100000,34402.31,34529.82,34385.55,34486.54,3238.399,1624859999999,111601400.67035,30965,1716.074,59140191.70832,0
1624860000000,34486.54,34624.91,34449.84,34612.47,5204.812,1624860899999,179761294.80568,46217,2932.082,101278151.39833,0
1624860900000,34612.47,34813.46,34450.00,34473.89,11090.977,1624861799999,383936430.90809,94640,5774.919,200015556.64352,0
1624861800000,34473.89,34537.47,34383.00,34432.58,5731.789,1624862699999,197446096.91842,50080,2781.284,95820611.33399,0
1624862700000,34431.45,34535.47,34400.00,34500.00,3585.070,1624863599999,123602657.75040,32347,1830.297,63102306.49438,0
1624863600000,34500.00,34600.00,34446.41,34571.06,4349.226,1624864499999,150180772.09430,39066,2316.849,80010861.70759,0
1624864500000,34571.07,34916.64,34566.44,34752.73,14638.457,1624865399999,508591224.34842,120414,8027.764,278949112.84822,0
1624865400000,34752.73,35215.00,34745.71,35121.54,17991.054,1624866299999,629432301.34365,146272,10767.678,376805420.26342,0
1624866300000,35121.53,35279.38,34954.00,35007.58,16371.124,1624867199999,574433239.01896,140418,7749.392,271976239.77301,0
1624867200000,35006.22,35048.49,34781.96,34995.00,10310.519,1624868099999,360123156.02186,91243,5114.452,178677917.16116,0
1624868100000,34995.00,35136.14,34767.63,34791.71,11855.511,1624868999999,414167784.61757,99255,5670.641,198192086.84298,0
1624869000000,34792.74,34899.00,34712.65,34840.49,7398.639,1624869899999,257442564.76402,62915,3783.406,131667143.26435,0
1624869900000,34840.50,34930.00,34765.00,34873.04,5041.603,1624870799999,175749988.96755,43369,2534.760,88372723.94193,0
1624870800000,34873.05,34904.88,34705.67,34756.76,6591.790,1624871699999,229274912.61314,54882,3272.434,113830182.64260,0
1624871700000,34756.77,34865.97,34736.63,34801.00,3785.013,1624872599999,131722734.85579,34578,2046.873,71235224.84054,0
1624872600000,34801.00,34935.46,34510.00,34586.72,13171.495,1624873499999,456484045.82799,106734,6108.318,211743687.52789,0
1624873500000,34586.72,34619.92,34321.07,34381.96,13349.079,1624874399999,459459168.00016,113888,6256.963,215351369.19300,0
1624874400000,34381.96,34480.00,34086.15,34190.01,14693.169,1624875299999,503230554.59636,120120,6795.531,232758896.28931,0
1624875300000,34190.00,34295.46,33920.00,34075.00,16858.131,1624876199999,574949093.00318,135167,7902.903,269595330.28551,0
1624876200000,34074.99,34160.00,33961.00,34072.90,10556.169,1624877099999,359687275.79768,87171,5291.005,180305667.47675,0
1624877100000,34072.89,34279.57,34072.89,34185.00,8517.393,1624877999999,291088733.56429,73719,4791.419,163760113.86088,0
1624878000000,34185.00,34279.73,34037.35,34094.00,8539.371,1624878899999,291723476.91855,68810,3739.676,127767935.19150,0
1624878900000,34093.99,34149.66,33967.00,34115.00,8343.527,1624879799999,284147468.91681,69132,4020.104,136916901.51703,0
1624879800000,34115.00,34250.00,34114.99,34190.01,5792.503,1624880699999,198008939.27618,50531,3264.008,111583531.76465,0
1624880700000,34190.01,34200.00,34030.43,34099.32,5040.449,1624881599999,171919810.59907,43974,2226.873,75954567.30357,0
1624881600000,34098.10,34230.00,33855.00,34225.11,15661.880,1624882499999,533453510.87722,123452,8060.737,274643794.05306,0
1624882500000,34225.01,34520.64,34170.00,34200.00,14561.757,1624883399999,500027204.89686,125371,7863.484,270056134.02780,0
1624883400000,34200.00,34200.01,34061.23,34182.04,7299.198,1624884299999,249101080.09009,60618,3676.200,125465136.81857,0
1624884300000,34182.03,34456.00,34085.54,34412.01,12253.029,1624885199999,420699711.88071,99852,6555.375,225092602.37889,0
1624885200000,34413.05,34498.81,34258.24,34377.03,8191.673,1624886099999,281515603.91581,69477,4070.162,139893858.85884,0
1624886100000,34377.03,34482.00,34359.17,34480.26,5048.729,1624886999999,173708915.23932,45072,2692.397,92644049.47983,0
1624887000000,34480.87,34600.00,34201.02,34307.11,11120.833,1624887899999,382180218.40028,94358,5521.207,189805894.25401,0
1624887900000,34307.12,34326.14,34150.00,34279.33,7194.770,1624888799999,246336683.68450,59906,3447.351,118042925.78405,0
1624888800000,34279.32,34427.00,34209.78,34375.72,6005.712,1624889699999,206318906.89453,54458,3153.906,108357850.46411,0
1624889700000,34375.72,34534.09,34350.35,34373.96,6401.813,1624890599999,220425402.57592,60629,3269.865,112601182.92219,0
1624890600000,34374.79,34450.00,34257.57,34305.18,5274.497,1624891499999,181274147.17048,49575,2467.385,84813963.73947,0
1624891500000,34305.18,34348.80,34222.00,34336.12,5276.121,1624892399999,180945061.24271,49047,2603.796,89304996.62295,0
1624892400000,34336.12,34684.97,34286.66,34507.12,12605.926,1624893299999,434998861.47983,113980,6674.518,230342454.64763,0
1624893300000,34507.12,34550.00,34375.00,34490.61,6414.591,1624894199999,221041715.51131,60255,3195.898,110133865.38673,0
1624894200000,34490.61,34750.00,34400.66,34607.90,9456.947,1624895099999,327118589.40841,84658,5276.630,182556020.81489,0
1624895100000,34607.90,34949.00,34605.02,34946.66,12760.104,1624895999999,444003778.58301,112069,7323.480,254824284.10325,0
1624896000000,34947.41,35000.00,34741.45,34793.83,15380.307,1624896899999,536339395.33247,128686,7459.425,260207229.25502,0
1624896900000,34793.84,34808.94,34651.00,34711.21,10073.739,1624897799999,349677124.95257,81038,4884.318,169548633.53238,0
1624897800000,34711.20,34834.71,34511.00,34542.13,9167.035,1624898699999,317489633.53724,74093,4541.042,157297457.01429,0
1624898700000,34542.13,34660.00,34541.16,34627.53,4144.416,1624899599999,143438365.64540,37014,2231.342,77229053.17339,0
1624899600000,34627.16,34662.50,34523.00,34529.30,4251.766,1624900499999,147043248.92678,38807,2016.776,69753144.91240,0
1624900500000,34529.29,34662.50,34402.14,34488.17,9777.585,1624901399999,337599823.79083,70801,4325.740,149390624.26804,0
1624901400000,34489.94,34489.94,34000.00,34149.06,16434.853,1624902299999,562553504.51005,123862,6969.160,238575943.77007,0
1624902300000,34149.06,34225.63,34100.92,34186.80,6288.236,1624903199999,214922827.05254,50035,3389.492,115851735.79931,0
1624903200000,34186.80,34280.00,34111.79,34191.60,6075.972,1624904099999,207870909.06723,51900,2878.752,98508569.17355,0
1624904100000,34191.03,34220.00,34070.00,34168.30,4147.765,1624904999999,141658779.10053,40643,1944.096,66404261.22870,0
1624905000000,34168.31,34234.06,34030.00,34065.34,5585.930,1624905899999,190636689.71169,48028,2853.814,97406583.39797,0
1624905900000,34065.34,34220.41,33932.68,34148.71,6890.479,1624906799999,234857696.69985,65206,3316.711,113091233.68466,0
1624906800000,34148.72,34372.36,34092.04,34249.98,7575.550,1624907699999,259559706.79299,67446,4232.494,145041021.49958,0
1624907700000,34249.98,34492.64,34188.63,34446.42,8250.968,1624908599999,283603998.62064,66479,4317.203,148396240.40721,0
1624908600000,34447.49,34580.00,34400.33,34442.43,6413.317,1624909499999,221169028.69133,51819,3225.203,111232540.68003,0
1624909500000,34442.44,34485.20,34355.00,34425.01,3784.047,1624910399999,130193165.90236,34562,1818.473,62569558.81965,0
1624910400000,34425.00,34426.92,34264.80,34313.50,3896.796,1624911299999,133811811.01469,36490,1775.905,60983967.13234,0
1624911300000,34315.96,34513.00,34270.00,34506.36,4116.613,1624912199999,141506808.04931,36551,2287.507,78640403.16527,0
1624912200000,34506.35,34720.00,34460.00,34559.02,6933.398,1624913099999,239852564.43661,62452,3449.539,119329638.46167,0
1624913100000,34560.38,34800.00,34503.95,34651.72,5491.888,1624913999999,190201420.23994,45997,3259.416,112894360.26378,0
1624914000000,34651.72,34726.00,34604.38,34645.54,3547.366,1624914899999,122946210.90073,38867,1665.874,57736384.77932,0
1624914900000,34645.55,34645.55,34525.75,34595.42,3039.086,1624915799999,105114828.64160,34753,1465.362,50684874.71648,0
1624915800000,34595.42,34656.41,34552.83,34627.65,1873.618,1624916699999,64831678.03997,28170,884.042,30590736.14693,0
1624916700000,34627.66,34820.00,34607.38,34627.90,4911.146,1624917599999,170398361.91712,47301,2478.290,85999807.13990,0
1624917600000,34627.90,34630.00,34320.00,34367.60,8100.780,1624918499999,278886444.60654,70010,3727.912,128316908.71233,0
1624918500000,34367.62,34468.83,34266.07,34273.72,4373.236,1624919399999,150384987.78877,40257,1927.753,66304497.12373,0
1624919400000,34274.10,34349.81,34170.84,34326.40,5343.007,1624920299999,183082905.86435,50276,2733.892,93687361.93213,0
1624920300000,34326.40,34430.00,34231.54,34411.98,4355.756,1624921199999,149613688.65673,37046,2351.720,80801852.08189,0
1624921200000,34408.41,34419.62,34102.00,34162.00,5233.705,1624922099999,179168463.52425,47380,2099.554,71865416.67042,0
1624922100000,34161.99,34330.00,34161.27,34306.03,4272.200,1624922999999,146366291.27337,36635,2255.395,77274977.59844,0
1624923000000,34306.03,34416.87,34251.00,34333.04,2926.185,1624923899999,100531067.34484,29938,1408.776,48400738.63576,0
1624923900000,34333.04,34490.07,34276.14,34487.22,3599.160,1624924799999,123793560.42025,34046,1976.007,67981303.64817,0
1624924800000,34486.58,34728.59,34362.55,34527.49,10967.818,1624925699999,379352404.66866,87130,5953.383,205965573.27512,0
1624925700000,34526.58,34720.00,34448.34,34642.39,5556.418,1624926599999,192326758.44686,49440,2935.768,101625635.97317,0
1624926600000,34642.39,35178.00,34636.27,34982.03,16875.098,1624927499999,589910706.44693,137543,9555.232,334005944.53791,0
1624927500000,34982.03,35059.05,34852.99,34901.00,7112.317,1624928399999,248452087.86145,64097,3698.487,129212432.15845,0
1624928400000,34901.00,35000.00,34687.00,34854.72,7146.282,1624929299999,249065313.95648,68362,3414.330,119023597.86744,0
1624929300000,34854.71,34857.60,34558.00,34634.56,8007.981,1624930199999,277727054.14600,73472,3618.528,125494484.90743,0
1624930200000,34634.56,34680.00,34517.21,34583.00,5039.793,1624931099999,174285279.80550,48531,2556.343,88417091.96421,0
1624931100000,34583.00,34748.76,34580.01,34622.91,4765.423,1624931999999,165177289.76591,45098,2510.915,87044574.13581,0
1624932000000,34622.92,34749.98,34580.00,34715.36,3449.116,1624932899999,119638497.67965,34692,1798.491,62389679.07891,0
1624932900000,34715.36,34836.14,34340.00,34363.67,8988.041,1624933799999,310708320.49316,74773,3533.851,122195659.79624,0
1624933800000,34363.66,34449.94,34275.76,34350.88,7432.919,1624934699999,255482938.43022,60543,3561.247,122420272.14364,0
1624934700000,34350.87,34417.43,34245.00,34306.78,5623.418,1624935599999,193011185.99029,49219,2501.270,85857717.19994,0
1624935600000,34306.77,34434.06,34206.00,34425.69,5519.018,1624936499999,189419712.71257,48863,2913.967,100027598.01277,0
1624936500000,34425.40,34549.43,34402.10,34485.15,5133.344,1624937399999,176999608.42540,43571,2785.331,96045151.05349,0
1624937400000,34485.14,34631.37,34411.00,34479.96,4678.197,1624938299999,161520524.73841,40620,2382.527,82288094.28812,0
1624938300000,34480.01,34626.57,34461.04,34564.83,3238.037,1624939199999,111847497.92564,30345,1661.092,57381997.59437,0
1624939200000,34564.84,34978.00,34523.50,34751.01,11481.523,1624940099999,399456939.01215,92436,6469.472,225124751.38475,0
1624940100000,34751.01,34838.00,34632.62,34714.22,5343.863,1624940999999,185603004.33796,46063,2453.410,85221159.42117,0
1624941000000,34716.99,34849.02,34711.00,34814.70,4107.703,1624941899999,142880658.32941,37481,2074.151,72149613.56063,0
1624941900000,34814.70,34949.00,34731.31,34853.23,6757.959,1624942799999,235562120.17933,55201,3323.512,115870169.29517,0
1624942800000,34853.23,34999.00,34652.20,34694.59,10460.239,1624943699999,364295705.10527,84783,4977.107,173412389.92546,0
1624943700000,34694.60,34760.75,34560.00,34639.67,5576.981,1624944599999,193306272.30963,46445,2606.294,90359813.53797,0
1624944600000,34639.67,34640.00,34533.64,34613.74,4265.900,1624945499999,147568981.01611,36781,2275.636,78723146.14406,0
1624945500000,34613.74,34726.30,34604.46,34700.29,4089.721,1624946399999,141806077.32197,37957,2233.380,77441433.45073,0
1624946400000,34699.91,34739.61,34566.00,34683.10,3404.745,1624947299999,117950170.84574,33687,1645.499,57010972.06926,0
1624947300000,34683.44,34949.00,34683.44,34920.52,7588.777,1624948199999,264281791.54841,62735,4528.985,157742720.56426,0
1624948200000,34920.52,35075.00,34802.46,34974.86,14981.212,1624949099999,523654660.71188,117937,7687.007,268739330.83613,0
1624949100000,34974.85,35405.58,34974.85,35330.00,18134.424,1624949999999,638380440.96810,148489,10794.025,380084348.00899,0
1624950000000,35330.00,35450.00,35146.46,35294.66,13893.001,1624950899999,490050681.50350,114466,6781.951,239279920.68342,0
1624950900000,35294.66,35295.87,35161.39,35211.93,7376.115,1624951799999,259770613.69083,59369,3534.964,124493244.49221,0
1624951800000,35208.68,35231.01,35000.00,35048.59,9631.799,1624952699999,338061446.92899,79449,4425.673,155344915.07143,0
1624952700000,35048.59,35056.10,34750.00,34841.15,13398.243,1624953599999,467410648.53116,107836,6597.446,230155394.90113,0
1624953600000,34841.15,34968.95,34711.72,34866.93,10571.089,1624954499999,367971181.06737,89321,5330.158,185562020.02671,0
1624954500000,34866.93,35049.00,34835.93,35021.01,8729.911,1624955399999,305236338.01854,72889,4850.140,169578528.64920,0
1624955400000,35021.01,35248.00,34933.31,35084.55,12539.153,1624956299999,440475854.19644,97569,5940.028,208708123.76377,0
1624956300000,35084.55,35156.43,34932.64,35042.01,9843.138,1624957199999,345018891.73231,74981,4958.029,173799297.28291,0
1624957200000,35042.01,35120.00,34860.00,34915.45,9243.678,1624958099999,323067664.98593,66211,4225.712,147694854.56378,0
1624958100000,34915.46,35154.04,34850.00,35146.58,8501.845,1624958999999,297718047.96877,66919,4710.609,164953136.40115,0
1624959000000,35146.58,35347.60,35106.00,35229.99,12556.527,1624959899999,442339510.97145,100788,6313.897,222417204.39653,0
1624959900000,35229.99,35340.00,35153.01,35213.34,7881.998,1624960799999,277767903.18888,61485,3993.712,140765972.12505,0
1624960800000,35213.35,35269.88,35076.00,35140.20,7480.175,1624961699999,262918094.64096,58194,3604.607,126705846.25839,0
1624961700000,35140.20,35295.00,35040.00,35258.80,7922.408,1624962599999,278688809.08968,62411,4339.422,152663560.43691,0
1624962600000,35258.81,35760.00,35226.30,35539.95,23429.903,1624963499999,833003940.47587,184364,13116.437,466284920.68301,0
1624963500000,35539.95,35650.00,35414.00,35619.59,12293.272,1624964399999,436862567.63156,93651,5989.861,212892327.39080,0
1624964400000,35618.93,35746.00,35475.28,35543.96,11748.516,1624965299999,418309836.22613,94979,5652.805,201322448.03784,0
1624965300000,35543.97,35630.00,35468.00,35586.47,7388.878,1624966199999,262550854.19636,59048,3901.247,138640083.01112,0
1624966200000,35586.48,35688.00,35555.64,35640.54,6635.187,1624967099999,236405454.64729,54659,3358.592,119668833.74088,0
1624967100000,35640.53,35640.54,35532.00,35544.42,5483.084,1624967999999,195061070.89279,42455,2792.157,99328797.09785,0
1624968000000,35544.42,35830.00,35320.00,35545.36,27396.600,1624968899999,974932954.34771,204555,13868.860,493690185.70057,0
1624968900000,35546.61,35780.00,35448.84,35750.15,12966.161,1624969799999,462166715.01499,99493,6836.102,243720349.55758,0
1624969800000,35750.14,35943.96,35719.68,35870.15,15128.880,1624970699999,542103294.15854,118314,8414.752,301566296.74270,0
1624970700000,35870.15,35978.00,35755.00,35788.34,9682.858,1624971599999,347064437.32335,78585,4626.195,165857217.04730,0
1624971600000,35788.33,36100.00,35680.81,36008.39,17628.921,1624972499999,632919866.08878,125341,9953.032,357512397.25215,0
1624972500000,36008.39,36341.37,35966.30,36328.12,23649.339,1624973399999,854872344.06508,180959,14002.456,506331302.53306,0
1624973400000,36328.12,36399.00,36198.69,36324.67,14960.208,1624974299999,543043397.26792,125803,7592.337,275627169.16063,0
1624974300000,36324.66,36380.00,36216.15,36284.31,10683.473,1624975199999,387661341.79861,84856,5328.864,193376735.22131,0
1624975200000,36284.30,36333.00,36200.00,36209.61,8274.225,1624976099999,299928352.70016,68130,3653.898,132458635.68050,0
1624976100000,36209.61,36250.00,36070.82,36177.40,10651.537,1624976999999,385076785.83452,88901,4870.862,176103766.69079,0
1624977000000,36177.40,36422.50,36177.40,36327.30,10044.010,1624977899999,364720010.71095,79937,5410.878,196489342.47706,0
1624977900000,36327.30,36340.00,36220.00,36226.72,5385.355,1624978799999,195325218.46127,46283,2488.208,90249270.13968,0
1624978800000,36227.10,36296.00,36134.42,36277.03,6910.541,1624979699999,250156006.63428,59217,3498.917,126669154.41323,0
1624979700000,36277.02,36350.00,36100.00,36133.72,7867.728,1624980599999,285087120.82177,64718,3621.886,131269022.64036,0
1624980600000,36134.98,36219.99,35918.70,35991.43,9689.012,1624981499999,349634754.93832,83859,4138.768,149397657.55747,0
1624981500000,35991.44,36250.00,35988.63,36244.89,7985.663,1624982399999,288697749.20157,69490,4555.416,164658534.20349,0
1624982400000,36244.88,36300.00,36073.36,36178.87,7735.580,1624983299999,279820237.30142,63276,3696.248,133718064.34733,0
1624983300000,36178.87,36382.16,36040.00,36304.79,11110.756,1624984199999,402625395.59229,82735,5775.482,209320826.49896,0
1624984200000,36304.78,36544.58,36276.54,36332.99,12334.832,1624985099999,448858741.61520,95638,6379.239,232226069.02063,0
1624985100000,36332.99,36360.00,36238.08,36330.00,6721.870,1624985999999,244011362.46096,47210,3165.434,114928869.80455,0
1624986000000,36330.01,36391.95,36250.00,36360.58,6120.903,1624986899999,222287211.34431,47043,2821.725,102482561.79443,0
1624986900000,36360.58,36456.61,36328.00,36400.01,8186.718,1624987799999,297947470.13163,56933,4655.278,169397942.15132,0
1624987800000,36400.01,36623.00,36302.02,36359.00,11213.660,1624988699999,408453924.90686,77673,5630.469,205193142.03924,0
1624988700000,36358.99,36431.84,36135.00,36365.54,11209.684,1624989599999,406697204.23942,82054,5591.251,202886057.02365,0
1624989600000,36366.38,36389.00,36161.26,36265.26,6039.440,1624990499999,219042865.45868,51350,3088.419,112000423.79944,0
1624990500000,36265.25,36265.27,36125.57,36190.00,4815.483,1624991399999,174246130.13022,44118,2203.024,79715263.41476,0
1624991400000,36190.01,36338.99,36145.02,36234.94,4498.378,1624992299999,162980518.50015,40858,2371.169,85914390.26134,0
1624992300000,36232.38,36345.37,36160.41,36284.46,4378.871,1624993199999,158824948.04735,38038,1976.131,71669752.09011,0
1624993200000,36284.46,36382.81,36250.15,36344.00,3359.820,1624994099999,122038802.36346,31366,1723.011,62588694.44714,0
1624994100000,36343.99,36360.00,36256.42,36327.98,2273.686,1624994999999,82568937.03933,25299,1047.611,38042623.50161,0
1624995000000,36328.14,36329.52,36222.37,36227.55,2520.297,1624995899999,91430181.91422,25810,1166.734,42326915.33161,0
1624995900000,36227.55,36396.00,36202.00,36375.62,4210.876,1624996799999,152944866.17265,37538,2224.688,80796957.01058,0
1624996800000,36375.89,36478.76,36254.81,36391.03,7431.853,1624997699999,270410498.84007,51611,3387.731,123290978.13938,0
1624997700000,36391.03,36434.67,36350.00,36358.00,2857.535,1624998599999,103962516.28613,27235,1327.636,48305868.31340,0
1624998600000,36358.00,36398.99,36300.00,36301.56,3486.717,1624999499999,126696216.88917,25771,1439.192,52302162.12909,0
1624999500000,36301.55,36340.37,36125.00,36155.50,7461.577,1625000399999,270237511.83509,57037,3121.986,113066521.04980,0
1625000400000,36155.50,36280.00,36108.60,36113.12,4625.717,1625001299999,167421643.51488,41113,2190.108,79273358.68677,0
1625001300000,36113.12,36237.86,36106.00,36135.76,3998.027,1625002199999,144650089.46794,36864,1778.160,64340418.16503,0
1625002200000,36134.37,36274.80,36130.20,36263.72,3003.128,1625003099999,108739355.07892,33466,1691.346,61240087.96295,0
1625003100000,36263.71,36319.00,36215.21,36226.33,3654.685,1625003999999,132533021.35209,31991,1752.814,63565943.08275,0
1625004000000,36226.32,36260.44,35956.72,36005.77,6816.004,1625004899999,246064393.51642,58819,2783.456,100514887.08188,0
1625004900000,36005.76,36085.05,35733.30,35758.60,11202.255,1625005799999,401831771.25892,97994,4803.171,172330374.27025,0
1625005800000,35758.60,35967.27,35754.51,35939.44,6228.306,1625006699999,223511026.07192,51123,3589.508,128811587.39249,0
1625006700000,35939.58,36192.77,35915.11,35922.05,9295.438,1625007599999,335304052.02179,71095,4695.091,169393763.23899,0
1625007600000,35923.42,36048.83,35860.00,35861.61,5834.889,1625008499999,209786588.22132,49450,2885.643,103756429.85048,0
1625008500000,35861.61,36000.00,35858.00,35999.70,3476.444,1625009399999,124914249.04392,31980,1840.395,66131469.68820,0
1625009400000,35998.76,36116.95,35971.33,35979.01,4051.821,1625010299999,146052775.81066,35402,1942.484,70018076.47360,0
1625010300000,35979.00,35986.82,35829.66,35911.26,4806.381,1625011199999,172505712.86344,41094,2540.685,91188113.74277,0
1625011200000,35910.64,35971.80,35611.08,35725.32,10221.388,1625012099999,365806444.57328,78339,4624.474,165567968.94250,0
1625012100000,35726.85,36040.00,35722.75,36019.92,7404.247,1625012999999,265951163.71749,57813,3899.290,140044332.25103,0
1625013000000,36019.92,36089.96,35933.32,35950.00,5055.661,1625013899999,182120984.93078,42498,2391.508,86159464.11803,0
1625013900000,35950.00,36034.99,35866.00,35878.59,4430.435,1625014799999,159295564.84246,34630,1992.315,71637044.63918,0
1625014800000,35878.60,35889.83,35780.76,35857.41,4786.315,1625015699999,171535575.69514,39615,2571.786,92178292.54678,0
1625015700000,35857.41,35860.00,35731.00,35798.55,3751.241,1625016599999,134226022.28272,35395,1883.323,67389479.27155,0
1625016600000,35798.55,35950.00,35750.00,35889.00,4871.892,1625017499999,174664085.79796,35454,2646.872,94899671.80063,0
1625017500000,35889.00,35889.00,35770.00,35848.34,3184.454,1625018399999,114052483.82882,27064,1567.154,56126554.55088,0
1625018400000,35846.95,35846.95,35700.00,35716.05,3587.576,1625019299999,128259125.04530,34385,1689.348,60396062.49393,0
1625019300000,35716.05,35834.39,35712.01,35808.20,2986.424,1625020199999,106861173.59133,26612,1640.906,58712366.08352,0
1625020200000,35809.09,35911.04,35761.45,35886.35,3913.180,1625021099999,140240564.53479,34047,2010.748,72068125.39490,0
1625021100000,35885.72,35890.00,35765.00,35799.58,3549.204,1625021999999,127128515.42845,28861,1711.133,61289643.58845,0
1625022000000,35799.58,35799.59,35400.00,35460.35,13742.689,1625022899999,489011737.05772,108518,5335.841,189919456.96715,0
1625022900000,35460.36,35533.16,35118.01,35242.02,18337.485,1625023799999,647267729.39873,135884,8035.355,283734637.81675,0
1625023800000,35242.02,35332.45,35153.56,35308.99,8818.455,1625024699999,310943264.00561,66597,4572.325,161249989.63000,0
1625024700000,35308.99,35335.00,34936.42,35113.99,11090.018,1625025599999,389624690.14121,79111,4107.502,144399528.13204,0
1625025600000,35114.00,35233.70,35033.82,35179.35,9711.093,1625026499999,341232339.72143,74393,5411.137,190164236.62771,0
1625026500000,35179.35,35285.00,35150.00,35161.03,5722.585,1625027399999,201585215.80605,47747,3004.417,105850525.47598,0
1625027400000,35161.02,35200.90,34752.78,34831.35,16133.309,1625028299999,563687684.24644,123990,6846.982,239291743.65365,0
1625028300000,34831.36,34877.90,34665.00,34761.78,13203.188,1625029199999,458951677.59265,103416,6774.306,235523302.85037,0
1625029200000,34761.78,34924.42,34661.23,34836.54,10198.180,1625030099999,355055499.40723,80813,5599.965,195000594.82955,0
1625030100000,34836.55,34926.74,34726.84,34879.65,6706.669,1625030999999,233556821.15164,54387,3402.932,118529779.25950,0
1625031000000,34879.66,34947.95,34788.67,34808.85,6602.388,1625031899999,230229100.98906,56628,3360.980,117205652.50787,0
1625031900000,34808.85,34909.18,34753.00,34770.75,5673.539,1625032799999,197662908.85842,42772,2559.259,89171458.06512,0
1625032800000,34770.99,35098.00,34721.93,35096.78,11842.724,1625033699999,414214633.29895,89420,6918.768,242010856.07656,0
1625033700000,35096.78,35142.00,34923.06,35043.92,7226.915,1625034599999,253018371.51159,54510,3762.740,131762363.48400,0
1625034600000,35043.92,35080.00,34819.67,34882.30,6503.211,1625035499999,227289805.79591,52163,2925.979,102266827.03905,0
1625035500000,34882.31,35031.66,34864.23,35001.43,4648.251,1625036399999,162545579.94711,39704,2540.362,88834461.36078,0
1625036400000,35001.43,35075.75,34939.81,34985.28,3917.570,1625037299999,137078413.77724,36194,1969.852,68931406.10510,0
1625037300000,34985.29,35150.00,34875.00,35002.53,8441.112,1625038199999,295554282.87282,59266,4159.352,145652394.31125,0
1625038200000,35002.53,35248.63,34975.96,35186.58,9641.226,1625039099999,338913780.51280,73041,5331.848,187445050.35449,0
1625039100000,35186.59,35272.05,35150.00,35227.67,6106.490,1625039999999,214933818.86071,48038,3160.855,111261762.10656,0
1625040000000,35227.68,35233.91,35103.02,35136.22,5368.279,1625040899999,188707344.40416,44598,2521.699,88644630.59008,0
1625040900000,35136.22,35235.00,35064.00,35172.56,5436.001,1625041799999,191055370.72279,42251,2895.218,101773241.26255,0
1625041800000,35172.68,35328.00,35077.25,35092.09,8020.204,1625042699999,282197774.78365,59038,3836.706,135048006.14618,0
1625042700000,35092.08,35092.09,34500.00,34590.63,22821.386,1625043599999,792788954.19123,183088,9975.630,346496011.59579,0
1625043600000,34590.63,34709.07,34401.00,34625.90,16095.211,1625044499999,556423383.60488,128052,8395.679,290380926.15290,0
1625044500000,34625.91,34743.13,34501.56,34600.98,9003.158,1625045399999,311672351.88503,76924,4574.604,158373424.95604,0
1625045400000,34600.99,34650.00,34500.00,34518.64,5960.012,1625046299999,206090159.27668,52340,2889.630,99930065.79350,0
1625046300000,34518.09,34638.00,34409.00,34633.62,8433.359,1625047199999,291336754.47137,67382,4391.132,151740517.58110,0
1625047200000,34632.94,34730.00,34558.00,34648.99,7585.450,1625048099999,262837704.93468,59282,3820.858,132417834.24332,0
1625048100000,34648.98,34848.45,34581.88,34822.59,9070.547,1625048999999,315124345.71944,69393,5044.550,175281780.98881,0
1625049000000,34822.59,34856.46,34720.00,34763.87,5743.675,1625049899999,199774350.74598,45877,2566.981,89288144.33414,0
1625049900000,34763.87,34792.39,34666.24,34729.01,4348.220,1625050799999,150985884.65950,36658,1986.196,68970589.91803,0
1625050800000,34729.01,34839.34,34729.01,34771.31,4532.288,1625051699999,157714817.77619,37887,2262.067,78718198.90267,0
1625051700000,34771.31,34850.00,34570.00,34596.45,7360.734,1625052599999,255537889.07853,59752,3305.801,114795014.25277,0
1625052600000,34597.66,34927.64,34550.26,34822.88,12061.305,1625053499999,419246880.73608,87411,6543.118,227429772.23397,0
1625053500000,34822.89,34986.51,34821.00,34844.89,8603.171,1625054399999,300381421.97045,64133,4527.430,158097401.23888,0
1625054400000,34844.90,35002.30,34761.42,34967.98,9329.969,1625055299999,325512800.28816,75350,4955.017,172906202.53415,0
1625055300000,34967.98,34967.98,34775.92,34864.99,5993.039,1625056199999,208867617.87585,47551,2600.738,90638958.48380,0
1625056200000,34864.99,34865.00,34565.00,34715.45,10580.409,1625057099999,366866664.46932,80213,4465.642,154853553.28753,0
1625057100000,34715.45,34730.00,34603.27,34638.91,4954.386,1625057999999,171805128.00624,40098,2336.447,81026544.13442,0
1625058000000,34638.90,34694.25,34450.19,34499.89,10033.307,1625058899999,346502180.13219,85444,4714.145,162816971.48742,0
1625058900000,34499.88,34695.37,34498.00,34611.79,6852.575,1625059799999,237166911.59939,58036,3713.909,128539532.75583,0
1625059800000,34611.78,34653.93,34516.63,34580.68,4598.715,1625060699999,159024988.03359,41899,2220.321,76783087.41898,0
1625060700000,34580.67,34747.00,34578.00,34721.29,5094.733,1625061599999,176638010.33410,42403,2961.065,102671489.57199,0
1625061600000,34721.30,34814.88,34668.42,34724.00,6207.187,1625062499999,215656990.68850,54897,3164.090,109940354.41656,0
1625062500000,34724.01,34795.00,34527.89,34600.69,7960.786,1625063399999,275860112.50832,62338,3652.789,126581897.55298,0
1625063400000,34600.69,34639.59,34500.00,34572.74,7009.359,1625064299999,242221811.94735,52708,3456.846,119469729.36667,0
1625064300000,34572.73,34700.00,34550.00,34590.05,4597.217,1625065199999,159222662.54154,40254,2347.627,81311766.44458,0
1625065200000,34590.05,34628.66,34150.00,34328.88,20225.757,1625066099999,694180446.55658,155056,9024.217,309707679.37134,0
1625066100000,34328.87,34360.00,34137.00,34280.00,10481.483,1625066999999,359312250.38541,81430,4651.655,159505672.65293,0
1625067000000,34280.01,34360.00,34150.00,34162.16,9685.873,1625067899999,331488707.83667,80894,4544.825,155559943.59664,0
1625067900000,34162.16,34299.00,34060.00,34191.68,11698.642,1625068799999,400121347.38106,88822,5685.689,194550087.24076,0
1625068800000,34191.69,34296.20,34042.74,34217.74,12792.809,1625069699999,437147748.89112,104895,6277.979,214560409.36360,0
1625069700000,34217.74,34369.00,34161.74,34290.01,8064.949,1625070599999,276583718.31615,62368,4388.947,150527781.26629,0
1625070600000,34290.01,34358.67,34224.73,34246.18,4044.542,1625071499999,138718256.00697,37626,1978.554,67868003.07883,0
1625071500000,34246.18,34325.00,34112.26,34121.80,5129.200,1625072399999,175492899.35734,44766,2368.741,81050164.09575,0
1625072400000,34120.83,34277.65,34110.29,34195.60,4717.302,1625073299999,161329138.89693,38652,2494.035,85293885.78576,0
1625073300000,34195.60,34338.87,34191.58,34270.60,4120.682,1625074199999,141281727.66564,35452,2225.661,76308021.13277,0
1625074200000,34270.40,34715.04,34244.45,34638.81,15030.045,1625075099999,519090516.24109,111544,9305.838,321362703.62444,0
1625075100000,34639.94,34794.70,34531.45,34695.03,8982.566,1625075999999,311408348.64521,66812,5309.320,184115622.66622,0
1625076000000,34695.03,34839.98,34582.55,34636.71,7114.005,1625076899999,246700213.27205,55900,3803.915,131956370.49759,0
1625076900000,34636.71,34637.26,34551.21,34613.78,3468.738,1625077799999,119977043.29357,30607,1737.485,60098866.12320,0
1625077800000,34613.78,34862.11,34558.41,34837.90,6342.810,1625078699999,220119302.46098,51133,3650.404,126694125.63602,0
1625078700000,34837.91,34892.87,34710.00,34799.33,8044.205,1625079599999,279842124.83697,59206,3565.123,124024998.94102,0
1625079600000,34799.33,34810.00,34655.00,34659.42,4124.071,1625080499999,143223720.19065,35768,1926.379,66897788.06645,0
1625080500000,34659.56,34781.62,34659.56,34781.62,3032.042,1625081399999,105292227.49478,27612,1637.906,56878828.87011,0
1625081400000,34781.62,34839.00,34737.02,34831.14,3749.700,1625082299999,130459524.99030,32306,1992.116,69312022.00010,0
1625082300000,34831.13,34839.35,34710.54,34747.31,3413.579,1625083199999,118668336.87283,31929,1601.148,55657159.37698,0
1625083200000,34744.91,35116.60,34744.90,34948.28,10582.848,1625084099999,369901320.78940,83694,5722.955,200040841.55303,0
1625084100000,34948.28,34948.28,34813.57,34920.00,5238.998,1625084999999,182715650.42582,44966,2802.478,97745787.78136,0
1625085000000,34920.00,35066.20,34850.00,34967.01,4458.319,1625085899999,155827955.36785,39716,2294.501,80200080.94929,0
1625085900000,34967.00,34967.01,34360.00,34569.25,13622.530,1625086799999,471721260.68302,103698,5437.448,188195979.61776,0
1625086800000,34569.26,34810.00,34569.24,34790.01,5374.347,1625087699999,186541778.13929,51416,2816.599,97759653.93032,0
1625087700000,34790.00,34980.00,34788.34,34834.96,5999.727,1625088599999,209290891.27108,56506,2942.626,102655161.58745,0
1625088600000,34834.97,35000.00,34834.97,34896.91,5362.176,1625089499999,187251380.27424,48208,3098.411,108202054.34635,0
1625089500000,34896.90,34931.81,34666.00,34798.98,7123.212,1625090399999,247767976.52992,55984,3242.106,112776840.88115,0
1625090400000,34798.99,34838.74,34612.54,34647.98,5305.744,1625091299999,184094157.57427,45085,2517.549,87354187.42060,0
1625091300000,34647.98,34828.49,34634.53,34790.00,4753.353,1625092199999,165183176.51653,35466,2566.892,89199081.30268,0
1625092200000,34789.99,34924.59,34789.99,34856.86,4499.028,1625093099999,156821988.90629,37462,2296.345,80040740.44717,0
1625093100000,34856.85,34897.00,34753.08,34884.76,3684.770,1625093999999,128328386.67819,30691,1851.576,64486329.79744,0
1625094000000,34884.76,35099.00,34884.76,35056.84,7995.529,1625094899999,279838372.69233,62099,4322.545,151280617.69508,0
1625094900000,35056.83,35070.00,34950.00,34975.45,4131.269,1625095799999,144587117.25719,32388,1848.124,64679968.24987,0
1625095800000,34975.45,35094.83,34950.00,35065.54,4921.025,1625096699999,172352225.86278,37642,2710.341,94931420.41005,0
1625096700000,35065.55,35191.00,34980.00,35031.39,6763.312,1625097599999,237335688.74493,53458,3626.697,127287029.94328,0
